experiment,instance_id,instance_type,n,seed,solver,status,route,cost,optimum_cost,relative_gap,valid_route,finite_edges,runtime_s,rss_before_mb,rss_after_mb,rss_delta_mb,tau,n_layers,time_limit_s,best_known_cost,gap_to_best_known,exact_optimum_available,metadata_json
classical_comparison,classical_comparison_euclidean_n5_seed0,euclidean,5,0,tn_exact,ok,"[4, 2, 3, 0, 1]",2702.116926543379,2702.116926543379,0.0,True,True,0.010432900000068912,221.7265625,224.85546875,3.12890625,9.0,,,2702.116926543379,0.0,True,"{""finite_edges"": true, ""instance_metadata"": {""complete"": true, ""instance_type"": ""euclidean"", ""n"": 5, ""points"": [[636.9616873214543, 269.7867137638703], [40.97352393619469, 16.527635528529096], [813.2702392002724, 912.7555772777217], [606.6357757671799, 729.4965609839984], [543.6249914654229, 935.0724237877682]], ""scale"": 1000.0, ""seed"": 0, ""symmetric"": true}, ""n_layers"": null, ""normalization_factor"": 1183.0751201760934, ""normalize"": true, ""seed"": 0, ""tau"": 9.0, ""valid_route"": true}"
classical_comparison,classical_comparison_euclidean_n5_seed0,euclidean,5,0,tn_n_layers_2,ok,"[4, 3, 1, 0, 2]",2709.961862096935,2702.116926543379,0.0029032553982004383,True,True,0.008053999999901862,224.85546875,225.14453125,0.2890625,9.0,2,,2702.116926543379,0.0029032553982004383,True,"{""finite_edges"": true, ""instance_metadata"": {""complete"": true, ""instance_type"": ""euclidean"", ""n"": 5, ""points"": [[636.9616873214543, 269.7867137638703], [40.97352393619469, 16.527635528529096], [813.2702392002724, 912.7555772777217], [606.6357757671799, 729.4965609839984], [543.6249914654229, 935.0724237877682]], ""scale"": 1000.0, ""seed"": 0, ""symmetric"": true}, ""n_layers"": 2, ""normalization_factor"": 1183.0751201760934, ""normalize"": true, ""seed"": 0, ""tau"": 9.0, ""valid_route"": true}"
classical_comparison,classical_comparison_euclidean_n5_seed0,euclidean,5,0,tn_n_layers_1,ok,"[4, 3, 0, 1, 2]",2776.9333810898083,2702.116926543379,0.027688089220526974,True,True,0.005842200000188313,225.14453125,225.15234375,0.0078125,9.0,1,,2702.116926543379,0.027688089220526974,True,"{""finite_edges"": true, ""instance_metadata"": {""complete"": true, ""instance_type"": ""euclidean"", ""n"": 5, ""points"": [[636.9616873214543, 269.7867137638703], [40.97352393619469, 16.527635528529096], [813.2702392002724, 912.7555772777217], [606.6357757671799, 729.4965609839984], [543.6249914654229, 935.0724237877682]], ""scale"": 1000.0, ""seed"": 0, ""symmetric"": true}, ""n_layers"": 1, ""normalization_factor"": 1183.0751201760934, ""normalize"": true, ""seed"": 0, ""tau"": 9.0, ""valid_route"": true}"
classical_comparison,classical_comparison_euclidean_n5_seed0,euclidean,5,0,tn_n_layers_0,ok,"[4, 3, 2, 0, 1]",2852.5600995630984,2702.116926543379,0.055676041085376084,True,True,0.00435879999986355,225.15234375,225.15234375,0.0,9.0,0,,2702.116926543379,0.055676041085376084,True,"{""finite_edges"": true, ""instance_metadata"": {""complete"": true, ""instance_type"": ""euclidean"", ""n"": 5, ""points"": [[636.9616873214543, 269.7867137638703], [40.97352393619469, 16.527635528529096], [813.2702392002724, 912.7555772777217], [606.6357757671799, 729.4965609839984], [543.6249914654229, 935.0724237877682]], ""scale"": 1000.0, ""seed"": 0, ""symmetric"": true}, ""n_layers"": 0, ""normalization_factor"": 1183.0751201760934, ""normalize"": true, ""seed"": 0, ""tau"": 9.0, ""valid_route"": true}"
classical_comparison,classical_comparison_euclidean_n5_seed0,euclidean,5,0,held_karp,ok,"[4, 2, 3, 0, 1]",2702.116926543379,2702.116926543379,0.0,True,True,4.369999987829942e-05,225.15234375,225.15234375,0.0,,,,2702.116926543379,0.0,True,"{""instance_metadata"": {""complete"": true, ""instance_type"": ""euclidean"", ""n"": 5, ""points"": [[636.9616873214543, 269.7867137638703], [40.97352393619469, 16.527635528529096], [813.2702392002724, 912.7555772777217], [606.6357757671799, 729.4965609839984], [543.6249914654229, 935.0724237877682]], ""scale"": 1000.0, ""seed"": 0, ""symmetric"": true}, ""max_n"": 18, ""start"": 4}"
classical_comparison,classical_comparison_euclidean_n5_seed0,euclidean,5,0,bruteforce,ok,"[4, 2, 3, 0, 1]",2702.116926543379,2702.116926543379,0.0,True,True,6.949999988137279e-05,225.15234375,225.15234375,0.0,,,,2702.116926543379,0.0,True,"{""instance_metadata"": {""complete"": true, ""instance_type"": ""euclidean"", ""n"": 5, ""points"": [[636.9616873214543, 269.7867137638703], [40.97352393619469, 16.527635528529096], [813.2702392002724, 912.7555772777217], [606.6357757671799, 729.4965609839984], [543.6249914654229, 935.0724237877682]], ""scale"": 1000.0, ""seed"": 0, ""symmetric"": true}, ""max_n"": 10, ""permutations_checked"": 24, ""start"": 4}"
classical_comparison,classical_comparison_euclidean_n5_seed0,euclidean,5,0,ortools,ok,"[4, 1, 0, 3, 2]",2702.1169265433796,2702.116926543379,1.682929951770034e-16,True,True,0.04739289999997709,225.15234375,239.44140625,14.2890625,,,5.0,2702.116926543379,1.682929951770034e-16,True,"{""finite_edges"": true, ""infinity_penalty"": 5915375600000, ""instance_metadata"": {""complete"": true, ""instance_type"": ""euclidean"", ""n"": 5, ""points"": [[636.9616873214543, 269.7867137638703], [40.97352393619469, 16.527635528529096], [813.2702392002724, 912.7555772777217], [606.6357757671799, 729.4965609839984], [543.6249914654229, 935.0724237877682]], ""scale"": 1000.0, ""seed"": 0, ""symmetric"": true}, ""integer_scale"": 1000000, ""start"": 4, ""time_limit_s"": 5.0, ""valid_route"": true}"
classical_comparison,classical_comparison_euclidean_n5_seed0,euclidean,5,0,networkx_christofides,ok,"[4, 2, 1, 0, 3]",2776.9333810898083,2702.116926543379,0.027688089220526974,True,True,0.147919400000319,239.44140625,248.578125,9.13671875,,,,2702.116926543379,0.027688089220526974,True,"{""finite_edges"": true, ""instance_metadata"": {""complete"": true, ""instance_type"": ""euclidean"", ""n"": 5, ""points"": [[636.9616873214543, 269.7867137638703], [40.97352393619469, 16.527635528529096], [813.2702392002724, 912.7555772777217], [606.6357757671799, 729.4965609839984], [543.6249914654229, 935.0724237877682]], ""scale"": 1000.0, ""seed"": 0, ""symmetric"": true}, ""requires_metric_symmetric_complete"": true, ""valid_route"": true}"
classical_comparison,classical_comparison_euclidean_n5_seed0,euclidean,5,0,networkx_greedy,ok,"[4, 1, 0, 2, 3]",2852.560099563098,2702.116926543379,0.05567604108537592,True,True,0.00023529999998572748,248.578125,248.5859375,0.0078125,,,,2702.116926543379,0.05567604108537592,True,"{""finite_edges"": true, ""instance_metadata"": {""complete"": true, ""instance_type"": ""euclidean"", ""n"": 5, ""points"": [[636.9616873214543, 269.7867137638703], [40.97352393619469, 16.527635528529096], [813.2702392002724, 912.7555772777217], [606.6357757671799, 729.4965609839984], [543.6249914654229, 935.0724237877682]], ""scale"": 1000.0, ""seed"": 0, ""symmetric"": true}, ""valid_route"": true}"
classical_comparison,classical_comparison_euclidean_n5_seed0,euclidean,5,0,python_tsp_dynamic_programming,skipped_missing_dependency,,,2702.116926543379,nan,,,0.0005019999998694402,248.5859375,248.5859375,0.0,,,,2702.116926543379,nan,True,"{""instance_metadata"": {""complete"": true, ""instance_type"": ""euclidean"", ""n"": 5, ""points"": [[636.9616873214543, 269.7867137638703], [40.97352393619469, 16.527635528529096], [813.2702392002724, 912.7555772777217], [606.6357757671799, 729.4965609839984], [543.6249914654229, 935.0724237877682]], ""scale"": 1000.0, ""seed"": 0, ""symmetric"": true}}"
classical_comparison,classical_comparison_random_symmetric_n5_seed0,random_symmetric,5,0,tn_exact,ok,"[4, 1, 2, 3, 0]",173.32033081190647,173.32033081190647,0.0,True,True,0.008036400000037247,248.58984375,248.69140625,0.1015625,9.0,,,173.32033081190647,0.0,True,"{""finite_edges"": true, ""instance_metadata"": {""complete"": true, ""high"": 100.0, ""instance_type"": ""random_symmetric"", ""low"": 1.0, ""n"": 5, ""seed"": 0, ""symmetric"": true}, ""n_layers"": null, ""normalization_factor"": 70.63679373385781, ""normalize"": true, ""seed"": 0, ""tau"": 9.0, ""valid_route"": true}"
classical_comparison,classical_comparison_random_symmetric_n5_seed0,random_symmetric,5,0,tn_n_layers_2,ok,"[4, 0, 3, 2, 1]",173.32033081190647,173.32033081190647,0.0,True,True,0.006856500000139931,248.69140625,248.76953125,0.078125,9.0,2,,173.32033081190647,0.0,True,"{""finite_edges"": true, ""instance_metadata"": {""complete"": true, ""high"": 100.0, ""instance_type"": ""random_symmetric"", ""low"": 1.0, ""n"": 5, ""seed"": 0, ""symmetric"": true}, ""n_layers"": 2, ""normalization_factor"": 70.63679373385781, ""normalize"": true, ""seed"": 0, ""tau"": 9.0, ""valid_route"": true}"
classical_comparison,classical_comparison_random_symmetric_n5_seed0,random_symmetric,5,0,tn_n_layers_1,ok,"[4, 2, 1, 3, 0]",231.36805412720776,173.32033081190647,0.334915834993973,True,True,0.006171699999867997,248.76953125,248.8828125,0.11328125,9.0,1,,173.32033081190647,0.334915834993973,True,"{""finite_edges"": true, ""instance_metadata"": {""complete"": true, ""high"": 100.0, ""instance_type"": ""random_symmetric"", ""low"": 1.0, ""n"": 5, ""seed"": 0, ""symmetric"": true}, ""n_layers"": 1, ""normalization_factor"": 70.63679373385781, ""normalize"": true, ""seed"": 0, ""tau"": 9.0, ""valid_route"": true}"
classical_comparison,classical_comparison_random_symmetric_n5_seed0,random_symmetric,5,0,tn_n_layers_0,ok,"[4, 0, 3, 2, 1]",173.32033081190647,173.32033081190647,0.0,True,True,0.004625299999588606,248.8828125,248.8828125,0.0,9.0,0,,173.32033081190647,0.0,True,"{""finite_edges"": true, ""instance_metadata"": {""complete"": true, ""high"": 100.0, ""instance_type"": ""random_symmetric"", ""low"": 1.0, ""n"": 5, ""seed"": 0, ""symmetric"": true}, ""n_layers"": 0, ""normalization_factor"": 70.63679373385781, ""normalize"": true, ""seed"": 0, ""tau"": 9.0, ""valid_route"": true}"
classical_comparison,classical_comparison_random_symmetric_n5_seed0,random_symmetric,5,0,held_karp,ok,"[4, 1, 2, 3, 0]",173.32033081190647,173.32033081190647,0.0,True,True,3.789999982473091e-05,248.8828125,248.8828125,0.0,,,,173.32033081190647,0.0,True,"{""instance_metadata"": {""complete"": true, ""high"": 100.0, ""instance_type"": ""random_symmetric"", ""low"": 1.0, ""n"": 5, ""seed"": 0, ""symmetric"": true}, ""max_n"": 18, ""start"": 4}"
classical_comparison,classical_comparison_random_symmetric_n5_seed0,random_symmetric,5,0,bruteforce,ok,"[4, 0, 3, 2, 1]",173.32033081190647,173.32033081190647,0.0,True,True,6.579999990208307e-05,248.8828125,248.8828125,0.0,,,,173.32033081190647,0.0,True,"{""instance_metadata"": {""complete"": true, ""high"": 100.0, ""instance_type"": ""random_symmetric"", ""low"": 1.0, ""n"": 5, ""seed"": 0, ""symmetric"": true}, ""max_n"": 10, ""permutations_checked"": 24, ""start"": 4}"
classical_comparison,classical_comparison_random_symmetric_n5_seed0,random_symmetric,5,0,ortools,ok,"[4, 0, 3, 2, 1]",173.32033081190647,173.32033081190647,0.0,True,True,0.0014240000000427244,248.8828125,250.4921875,1.609375,,,5.0,173.32033081190647,0.0,True,"{""finite_edges"": true, ""infinity_penalty"": 353183970000, ""instance_metadata"": {""complete"": true, ""high"": 100.0, ""instance_type"": ""random_symmetric"", ""low"": 1.0, ""n"": 5, ""seed"": 0, ""symmetric"": true}, ""integer_scale"": 1000000, ""start"": 4, ""time_limit_s"": 5.0, ""valid_route"": true}"
classical_comparison,classical_comparison_random_symmetric_n5_seed0,random_symmetric,5,0,networkx_christofides,skipped_not_applicable,,,173.32033081190647,nan,,,7.909999976618565e-05,250.4921875,250.4921875,0.0,,,,173.32033081190647,nan,True,"{""instance_metadata"": {""complete"": true, ""high"": 100.0, ""instance_type"": ""random_symmetric"", ""low"": 1.0, ""n"": 5, ""seed"": 0, ""symmetric"": true}, ""requires_metric_symmetric_complete"": true}"
classical_comparison,classical_comparison_random_symmetric_n5_seed0,random_symmetric,5,0,networkx_greedy,ok,"[4, 0, 3, 2, 1]",173.32033081190647,173.32033081190647,0.0,True,True,0.00010299999985363684,250.4921875,250.4921875,0.0,,,,173.32033081190647,0.0,True,"{""finite_edges"": true, ""instance_metadata"": {""complete"": true, ""high"": 100.0, ""instance_type"": ""random_symmetric"", ""low"": 1.0, ""n"": 5, ""seed"": 0, ""symmetric"": true}, ""valid_route"": true}"
classical_comparison,classical_comparison_random_symmetric_n5_seed0,random_symmetric,5,0,python_tsp_dynamic_programming,skipped_missing_dependency,,,173.32033081190647,nan,,,0.000519800000347459,250.4921875,250.4921875,0.0,,,,173.32033081190647,nan,True,"{""instance_metadata"": {""complete"": true, ""high"": 100.0, ""instance_type"": ""random_symmetric"", ""low"": 1.0, ""n"": 5, ""seed"": 0, ""symmetric"": true}}"
classical_comparison,classical_comparison_random_asymmetric_n5_seed0,random_asymmetric,5,0,tn_exact,ok,"[4, 0, 2, 1, 3]",107.79604688357381,107.79604688357381,0.0,True,True,0.0074748999995790655,250.58984375,250.58984375,0.0,9.0,,,107.79604688357381,0.0,True,"{""finite_edges"": true, ""instance_metadata"": {""complete"": true, ""high"": 100.0, ""instance_type"": ""random_asymmetric"", ""low"": 1.0, ""n"": 5, ""seed"": 0, ""symmetric"": false}, ""n_layers"": null, ""normalization_factor"": 93.57216995498905, ""normalize"": true, ""seed"": 0, ""tau"": 9.0, ""valid_route"": true}"
classical_comparison,classical_comparison_random_asymmetric_n5_seed0,random_asymmetric,5,0,tn_n_layers_2,ok,"[4, 0, 2, 1, 3]",107.79604688357381,107.79604688357381,0.0,True,True,0.0067775000002257,250.58984375,250.59765625,0.0078125,9.0,2,,107.79604688357381,0.0,True,"{""finite_edges"": true, ""instance_metadata"": {""complete"": true, ""high"": 100.0, ""instance_type"": ""random_asymmetric"", ""low"": 1.0, ""n"": 5, ""seed"": 0, ""symmetric"": false}, ""n_layers"": 2, ""normalization_factor"": 93.57216995498905, ""normalize"": true, ""seed"": 0, ""tau"": 9.0, ""valid_route"": true}"
classical_comparison,classical_comparison_random_asymmetric_n5_seed0,random_asymmetric,5,0,tn_n_layers_1,ok,"[4, 0, 2, 1, 3]",107.79604688357381,107.79604688357381,0.0,True,True,0.00589270000000397,250.59765625,250.61328125,0.015625,9.0,1,,107.79604688357381,0.0,True,"{""finite_edges"": true, ""instance_metadata"": {""complete"": true, ""high"": 100.0, ""instance_type"": ""random_asymmetric"", ""low"": 1.0, ""n"": 5, ""seed"": 0, ""symmetric"": false}, ""n_layers"": 1, ""normalization_factor"": 93.57216995498905, ""normalize"": true, ""seed"": 0, ""tau"": 9.0, ""valid_route"": true}"
classical_comparison,classical_comparison_random_asymmetric_n5_seed0,random_asymmetric,5,0,tn_n_layers_0,ok,"[4, 0, 2, 3, 1]",193.2118815359529,107.79604688357381,0.7923837387528071,True,True,0.004417500000272412,250.61328125,250.62890625,0.015625,9.0,0,,107.79604688357381,0.7923837387528071,True,"{""finite_edges"": true, ""instance_metadata"": {""complete"": true, ""high"": 100.0, ""instance_type"": ""random_asymmetric"", ""low"": 1.0, ""n"": 5, ""seed"": 0, ""symmetric"": false}, ""n_layers"": 0, ""normalization_factor"": 93.57216995498905, ""normalize"": true, ""seed"": 0, ""tau"": 9.0, ""valid_route"": true}"
classical_comparison,classical_comparison_random_asymmetric_n5_seed0,random_asymmetric,5,0,held_karp,ok,"[4, 0, 2, 1, 3]",107.79604688357381,107.79604688357381,0.0,True,True,3.710000009959913e-05,250.62890625,250.62890625,0.0,,,,107.79604688357381,0.0,True,"{""instance_metadata"": {""complete"": true, ""high"": 100.0, ""instance_type"": ""random_asymmetric"", ""low"": 1.0, ""n"": 5, ""seed"": 0, ""symmetric"": false}, ""max_n"": 18, ""start"": 4}"
classical_comparison,classical_comparison_random_asymmetric_n5_seed0,random_asymmetric,5,0,bruteforce,ok,"[4, 0, 2, 1, 3]",107.79604688357381,107.79604688357381,0.0,True,True,6.609999991269433e-05,250.62890625,250.62890625,0.0,,,,107.79604688357381,0.0,True,"{""instance_metadata"": {""complete"": true, ""high"": 100.0, ""instance_type"": ""random_asymmetric"", ""low"": 1.0, ""n"": 5, ""seed"": 0, ""symmetric"": false}, ""max_n"": 10, ""permutations_checked"": 24, ""start"": 4}"
classical_comparison,classical_comparison_random_asymmetric_n5_seed0,random_asymmetric,5,0,ortools,ok,"[4, 0, 2, 1, 3]",107.79604688357381,107.79604688357381,0.0,True,True,0.0011497000000417756,250.62890625,250.9609375,0.33203125,,,5.0,107.79604688357381,0.0,True,"{""finite_edges"": true, ""infinity_penalty"": 467860850000, ""instance_metadata"": {""complete"": true, ""high"": 100.0, ""instance_type"": ""random_asymmetric"", ""low"": 1.0, ""n"": 5, ""seed"": 0, ""symmetric"": false}, ""integer_scale"": 1000000, ""start"": 4, ""time_limit_s"": 5.0, ""valid_route"": true}"
classical_comparison,classical_comparison_random_asymmetric_n5_seed0,random_asymmetric,5,0,networkx_christofides,skipped_not_applicable,,,107.79604688357381,nan,,,7.499999992433004e-05,250.9609375,250.9609375,0.0,,,,107.79604688357381,nan,True,"{""instance_metadata"": {""complete"": true, ""high"": 100.0, ""instance_type"": ""random_asymmetric"", ""low"": 1.0, ""n"": 5, ""seed"": 0, ""symmetric"": false}, ""requires_metric_symmetric_complete"": true}"
classical_comparison,classical_comparison_random_asymmetric_n5_seed0,random_asymmetric,5,0,networkx_greedy,ok,"[4, 0, 3, 2, 1]",155.887825637219,107.79604688357381,0.4461367568106389,True,True,0.0002598999999463558,250.96484375,250.98828125,0.0234375,,,,107.79604688357381,0.4461367568106389,True,"{""finite_edges"": true, ""instance_metadata"": {""complete"": true, ""high"": 100.0, ""instance_type"": ""random_asymmetric"", ""low"": 1.0, ""n"": 5, ""seed"": 0, ""symmetric"": false}, ""valid_route"": true}"
classical_comparison,classical_comparison_random_asymmetric_n5_seed0,random_asymmetric,5,0,python_tsp_dynamic_programming,skipped_missing_dependency,,,107.79604688357381,nan,,,0.000539199999820994,250.98828125,250.98828125,0.0,,,,107.79604688357381,nan,True,"{""instance_metadata"": {""complete"": true, ""high"": 100.0, ""instance_type"": ""random_asymmetric"", ""low"": 1.0, ""n"": 5, ""seed"": 0, ""symmetric"": false}}"
classical_comparison,classical_comparison_euclidean_n5_seed1,euclidean,5,1,tn_exact,ok,"[4, 3, 0, 1, 2]",2479.7129244231546,2479.7129244231546,0.0,True,True,0.0076226999999562395,250.98828125,251.08203125,0.09375,9.0,,,2479.7129244231546,0.0,True,"{""finite_edges"": true, ""instance_metadata"": {""complete"": true, ""instance_type"": ""euclidean"", ""n"": 5, ""points"": [[511.82162470025673, 950.4636963259353], [144.15961271963374, 948.6494471372439], [311.83145201048546, 423.32644897257563], [827.7025938204417, 409.1991363691613], [549.5936876730595, 27.559113243068367]], ""scale"": 1000.0, ""seed"": 1, ""symmetric"": true}, ""n_layers"": null, ""normalization_factor"": 1006.3717962694622, ""normalize"": true, ""seed"": 0, ""tau"": 9.0, ""valid_route"": true}"
classical_comparison,classical_comparison_euclidean_n5_seed1,euclidean,5,1,tn_n_layers_2,ok,"[4, 2, 1, 0, 3]",2479.7129244231546,2479.7129244231546,0.0,True,True,0.007923599999685393,251.08203125,251.12890625,0.046875,9.0,2,,2479.7129244231546,0.0,True,"{""finite_edges"": true, ""instance_metadata"": {""complete"": true, ""instance_type"": ""euclidean"", ""n"": 5, ""points"": [[511.82162470025673, 950.4636963259353], [144.15961271963374, 948.6494471372439], [311.83145201048546, 423.32644897257563], [827.7025938204417, 409.1991363691613], [549.5936876730595, 27.559113243068367]], ""scale"": 1000.0, ""seed"": 1, ""symmetric"": true}, ""n_layers"": 2, ""normalization_factor"": 1006.3717962694622, ""normalize"": true, ""seed"": 0, ""tau"": 9.0, ""valid_route"": true}"
classical_comparison,classical_comparison_euclidean_n5_seed1,euclidean,5,1,tn_n_layers_1,ok,"[4, 2, 1, 0, 3]",2479.7129244231546,2479.7129244231546,0.0,True,True,0.006961200000205281,251.12890625,251.12890625,0.0,9.0,1,,2479.7129244231546,0.0,True,"{""finite_edges"": true, ""instance_metadata"": {""complete"": true, ""instance_type"": ""euclidean"", ""n"": 5, ""points"": [[511.82162470025673, 950.4636963259353], [144.15961271963374, 948.6494471372439], [311.83145201048546, 423.32644897257563], [827.7025938204417, 409.1991363691613], [549.5936876730595, 27.559113243068367]], ""scale"": 1000.0, ""seed"": 1, ""symmetric"": true}, ""n_layers"": 1, ""normalization_factor"": 1006.3717962694622, ""normalize"": true, ""seed"": 0, ""tau"": 9.0, ""valid_route"": true}"
classical_comparison,classical_comparison_euclidean_n5_seed1,euclidean,5,1,tn_n_layers_0,ok,"[4, 2, 3, 0, 1]",2978.4944417335737,2479.7129244231546,0.20114486334197276,True,True,0.004209599999740021,251.12890625,251.12890625,0.0,9.0,0,,2479.7129244231546,0.20114486334197276,True,"{""finite_edges"": true, ""instance_metadata"": {""complete"": true, ""instance_type"": ""euclidean"", ""n"": 5, ""points"": [[511.82162470025673, 950.4636963259353], [144.15961271963374, 948.6494471372439], [311.83145201048546, 423.32644897257563], [827.7025938204417, 409.1991363691613], [549.5936876730595, 27.559113243068367]], ""scale"": 1000.0, ""seed"": 1, ""symmetric"": true}, ""n_layers"": 0, ""normalization_factor"": 1006.3717962694622, ""normalize"": true, ""seed"": 0, ""tau"": 9.0, ""valid_route"": true}"
classical_comparison,classical_comparison_euclidean_n5_seed1,euclidean,5,1,held_karp,ok,"[4, 3, 0, 1, 2]",2479.7129244231546,2479.7129244231546,0.0,True,True,3.4899999718618346e-05,251.12890625,251.12890625,0.0,,,,2479.7129244231546,0.0,True,"{""instance_metadata"": {""complete"": true, ""instance_type"": ""euclidean"", ""n"": 5, ""points"": [[511.82162470025673, 950.4636963259353], [144.15961271963374, 948.6494471372439], [311.83145201048546, 423.32644897257563], [827.7025938204417, 409.1991363691613], [549.5936876730595, 27.559113243068367]], ""scale"": 1000.0, ""seed"": 1, ""symmetric"": true}, ""max_n"": 18, ""start"": 4}"
classical_comparison,classical_comparison_euclidean_n5_seed1,euclidean,5,1,bruteforce,ok,"[4, 2, 1, 0, 3]",2479.7129244231546,2479.7129244231546,0.0,True,True,6.230000008144998e-05,251.12890625,251.12890625,0.0,,,,2479.7129244231546,0.0,True,"{""instance_metadata"": {""complete"": true, ""instance_type"": ""euclidean"", ""n"": 5, ""points"": [[511.82162470025673, 950.4636963259353], [144.15961271963374, 948.6494471372439], [311.83145201048546, 423.32644897257563], [827.7025938204417, 409.1991363691613], [549.5936876730595, 27.559113243068367]], ""scale"": 1000.0, ""seed"": 1, ""symmetric"": true}, ""max_n"": 10, ""permutations_checked"": 24, ""start"": 4}"
classical_comparison,classical_comparison_euclidean_n5_seed1,euclidean,5,1,ortools,ok,"[4, 2, 1, 0, 3]",2479.7129244231546,2479.7129244231546,0.0,True,True,0.001110299999709241,251.12890625,251.484375,0.35546875,,,5.0,2479.7129244231546,0.0,True,"{""finite_edges"": true, ""infinity_penalty"": 5031858980000, ""instance_metadata"": {""complete"": true, ""instance_type"": ""euclidean"", ""n"": 5, ""points"": [[511.82162470025673, 950.4636963259353], [144.15961271963374, 948.6494471372439], [311.83145201048546, 423.32644897257563], [827.7025938204417, 409.1991363691613], [549.5936876730595, 27.559113243068367]], ""scale"": 1000.0, ""seed"": 1, ""symmetric"": true}, ""integer_scale"": 1000000, ""start"": 4, ""time_limit_s"": 5.0, ""valid_route"": true}"
classical_comparison,classical_comparison_euclidean_n5_seed1,euclidean,5,1,networkx_christofides,ok,"[4, 2, 1, 0, 3]",2479.7129244231546,2479.7129244231546,0.0,True,True,0.0004417000000103144,251.484375,251.484375,0.0,,,,2479.7129244231546,0.0,True,"{""finite_edges"": true, ""instance_metadata"": {""complete"": true, ""instance_type"": ""euclidean"", ""n"": 5, ""points"": [[511.82162470025673, 950.4636963259353], [144.15961271963374, 948.6494471372439], [311.83145201048546, 423.32644897257563], [827.7025938204417, 409.1991363691613], [549.5936876730595, 27.559113243068367]], ""scale"": 1000.0, ""seed"": 1, ""symmetric"": true}, ""requires_metric_symmetric_complete"": true, ""valid_route"": true}"
classical_comparison,classical_comparison_euclidean_n5_seed1,euclidean,5,1,networkx_greedy,ok,"[4, 1, 0, 3, 2]",2978.4944417335737,2479.7129244231546,0.20114486334197276,True,True,9.920000002239249e-05,251.484375,251.484375,0.0,,,,2479.7129244231546,0.20114486334197276,True,"{""finite_edges"": true, ""instance_metadata"": {""complete"": true, ""instance_type"": ""euclidean"", ""n"": 5, ""points"": [[511.82162470025673, 950.4636963259353], [144.15961271963374, 948.6494471372439], [311.83145201048546, 423.32644897257563], [827.7025938204417, 409.1991363691613], [549.5936876730595, 27.559113243068367]], ""scale"": 1000.0, ""seed"": 1, ""symmetric"": true}, ""valid_route"": true}"
classical_comparison,classical_comparison_euclidean_n5_seed1,euclidean,5,1,python_tsp_dynamic_programming,skipped_missing_dependency,,,2479.7129244231546,nan,,,0.0005198999997446663,251.484375,251.484375,0.0,,,,2479.7129244231546,nan,True,"{""instance_metadata"": {""complete"": true, ""instance_type"": ""euclidean"", ""n"": 5, ""points"": [[511.82162470025673, 950.4636963259353], [144.15961271963374, 948.6494471372439], [311.83145201048546, 423.32644897257563], [827.7025938204417, 409.1991363691613], [549.5936876730595, 27.559113243068367]], ""scale"": 1000.0, ""seed"": 1, ""symmetric"": true}}"
classical_comparison,classical_comparison_random_symmetric_n5_seed1,random_symmetric,5,1,tn_exact,ok,"[4, 1, 3, 0, 2]",206.9505513353049,206.9505513353049,0.0,True,True,0.007752700000310142,251.484375,251.484375,0.0,9.0,,,206.9505513353049,0.0,True,"{""finite_edges"": true, ""instance_metadata"": {""complete"": true, ""high"": 100.0, ""instance_type"": ""random_symmetric"", ""low"": 1.0, ""n"": 5, ""seed"": 1, ""symmetric"": true}, ""n_layers"": null, ""normalization_factor"": 70.40629316258583, ""normalize"": true, ""seed"": 0, ""tau"": 9.0, ""valid_route"": true}"
classical_comparison,classical_comparison_random_symmetric_n5_seed1,random_symmetric,5,1,tn_n_layers_2,ok,"[4, 1, 3, 0, 2]",206.9505513353049,206.9505513353049,0.0,True,True,0.007074200000261044,251.484375,251.484375,0.0,9.0,2,,206.9505513353049,0.0,True,"{""finite_edges"": true, ""instance_metadata"": {""complete"": true, ""high"": 100.0, ""instance_type"": ""random_symmetric"", ""low"": 1.0, ""n"": 5, ""seed"": 1, ""symmetric"": true}, ""n_layers"": 2, ""normalization_factor"": 70.40629316258583, ""normalize"": true, ""seed"": 0, ""tau"": 9.0, ""valid_route"": true}"
classical_comparison,classical_comparison_random_symmetric_n5_seed1,random_symmetric,5,1,tn_n_layers_1,ok,"[4, 1, 3, 0, 2]",206.9505513353049,206.9505513353049,0.0,True,True,0.0063173999997161445,251.484375,251.484375,0.0,9.0,1,,206.9505513353049,0.0,True,"{""finite_edges"": true, ""instance_metadata"": {""complete"": true, ""high"": 100.0, ""instance_type"": ""random_symmetric"", ""low"": 1.0, ""n"": 5, ""seed"": 1, ""symmetric"": true}, ""n_layers"": 1, ""normalization_factor"": 70.40629316258583, ""normalize"": true, ""seed"": 0, ""tau"": 9.0, ""valid_route"": true}"
classical_comparison,classical_comparison_random_symmetric_n5_seed1,random_symmetric,5,1,tn_n_layers_0,ok,"[4, 1, 2, 0, 3]",242.5099554941121,206.9505513353049,0.1718256072736584,True,True,0.004276099999970029,251.484375,251.484375,0.0,9.0,0,,206.9505513353049,0.1718256072736584,True,"{""finite_edges"": true, ""instance_metadata"": {""complete"": true, ""high"": 100.0, ""instance_type"": ""random_symmetric"", ""low"": 1.0, ""n"": 5, ""seed"": 1, ""symmetric"": true}, ""n_layers"": 0, ""normalization_factor"": 70.40629316258583, ""normalize"": true, ""seed"": 0, ""tau"": 9.0, ""valid_route"": true}"
classical_comparison,classical_comparison_random_symmetric_n5_seed1,random_symmetric,5,1,held_karp,ok,"[4, 1, 3, 0, 2]",206.9505513353049,206.9505513353049,0.0,True,True,3.730000025825575e-05,251.484375,251.484375,0.0,,,,206.9505513353049,0.0,True,"{""instance_metadata"": {""complete"": true, ""high"": 100.0, ""instance_type"": ""random_symmetric"", ""low"": 1.0, ""n"": 5, ""seed"": 1, ""symmetric"": true}, ""max_n"": 18, ""start"": 4}"
classical_comparison,classical_comparison_random_symmetric_n5_seed1,random_symmetric,5,1,bruteforce,ok,"[4, 1, 3, 0, 2]",206.9505513353049,206.9505513353049,0.0,True,True,6.500000017695129e-05,251.484375,251.484375,0.0,,,,206.9505513353049,0.0,True,"{""instance_metadata"": {""complete"": true, ""high"": 100.0, ""instance_type"": ""random_symmetric"", ""low"": 1.0, ""n"": 5, ""seed"": 1, ""symmetric"": true}, ""max_n"": 10, ""permutations_checked"": 24, ""start"": 4}"
classical_comparison,classical_comparison_random_symmetric_n5_seed1,random_symmetric,5,1,ortools,ok,"[4, 1, 3, 0, 2]",206.9505513353049,206.9505513353049,0.0,True,True,0.0010752999996839208,251.484375,251.4921875,0.0078125,,,5.0,206.9505513353049,0.0,True,"{""finite_edges"": true, ""infinity_penalty"": 352031465000, ""instance_metadata"": {""complete"": true, ""high"": 100.0, ""instance_type"": ""random_symmetric"", ""low"": 1.0, ""n"": 5, ""seed"": 1, ""symmetric"": true}, ""integer_scale"": 1000000, ""start"": 4, ""time_limit_s"": 5.0, ""valid_route"": true}"
classical_comparison,classical_comparison_random_symmetric_n5_seed1,random_symmetric,5,1,networkx_christofides,skipped_not_applicable,,,206.9505513353049,nan,,,0.00010160000010728254,251.4921875,251.4921875,0.0,,,,206.9505513353049,nan,True,"{""instance_metadata"": {""complete"": true, ""high"": 100.0, ""instance_type"": ""random_symmetric"", ""low"": 1.0, ""n"": 5, ""seed"": 1, ""symmetric"": true}, ""requires_metric_symmetric_complete"": true}"
classical_comparison,classical_comparison_random_symmetric_n5_seed1,random_symmetric,5,1,networkx_greedy,ok,"[4, 0, 2, 3, 1]",210.07918270696229,206.9505513353049,0.015117772586110747,True,True,9.430000000065775e-05,251.4921875,251.4921875,0.0,,,,206.9505513353049,0.015117772586110747,True,"{""finite_edges"": true, ""instance_metadata"": {""complete"": true, ""high"": 100.0, ""instance_type"": ""random_symmetric"", ""low"": 1.0, ""n"": 5, ""seed"": 1, ""symmetric"": true}, ""valid_route"": true}"
classical_comparison,classical_comparison_random_symmetric_n5_seed1,random_symmetric,5,1,python_tsp_dynamic_programming,skipped_missing_dependency,,,206.9505513353049,nan,,,0.0005307999999786261,251.4921875,251.49609375,0.00390625,,,,206.9505513353049,nan,True,"{""instance_metadata"": {""complete"": true, ""high"": 100.0, ""instance_type"": ""random_symmetric"", ""low"": 1.0, ""n"": 5, ""seed"": 1, ""symmetric"": true}}"
classical_comparison,classical_comparison_random_asymmetric_n5_seed1,random_asymmetric,5,1,tn_exact,ok,"[4, 1, 3, 0, 2]",176.35462293795194,176.35462293795194,0.0,True,True,0.008053600000039296,251.5,251.5,0.0,9.0,,,176.35462293795194,0.0,True,"{""finite_edges"": true, ""instance_metadata"": {""complete"": true, ""high"": 100.0, ""instance_type"": ""random_asymmetric"", ""low"": 1.0, ""n"": 5, ""seed"": 1, ""symmetric"": false}, ""n_layers"": null, ""normalization_factor"": 98.09298278032263, ""normalize"": true, ""seed"": 0, ""tau"": 9.0, ""valid_route"": true}"
classical_comparison,classical_comparison_random_asymmetric_n5_seed1,random_asymmetric,5,1,tn_n_layers_2,ok,"[4, 1, 3, 0, 2]",176.35462293795194,176.35462293795194,0.0,True,True,0.006887700000334007,251.5,251.5,0.0,9.0,2,,176.35462293795194,0.0,True,"{""finite_edges"": true, ""instance_metadata"": {""complete"": true, ""high"": 100.0, ""instance_type"": ""random_asymmetric"", ""low"": 1.0, ""n"": 5, ""seed"": 1, ""symmetric"": false}, ""n_layers"": 2, ""normalization_factor"": 98.09298278032263, ""normalize"": true, ""seed"": 0, ""tau"": 9.0, ""valid_route"": true}"
classical_comparison,classical_comparison_random_asymmetric_n5_seed1,random_asymmetric,5,1,tn_n_layers_1,ok,"[4, 1, 0, 2, 3]",192.9650494913018,176.35462293795194,0.09418764462553401,True,True,0.005684100000053149,251.5,251.5,0.0,9.0,1,,176.35462293795194,0.09418764462553401,True,"{""finite_edges"": true, ""instance_metadata"": {""complete"": true, ""high"": 100.0, ""instance_type"": ""random_asymmetric"", ""low"": 1.0, ""n"": 5, ""seed"": 1, ""symmetric"": false}, ""n_layers"": 1, ""normalization_factor"": 98.09298278032263, ""normalize"": true, ""seed"": 0, ""tau"": 9.0, ""valid_route"": true}"
classical_comparison,classical_comparison_random_asymmetric_n5_seed1,random_asymmetric,5,1,tn_n_layers_0,ok,"[4, 1, 0, 2, 3]",192.9650494913018,176.35462293795194,0.09418764462553401,True,True,0.004481899999973393,251.5,251.5,0.0,9.0,0,,176.35462293795194,0.09418764462553401,True,"{""finite_edges"": true, ""instance_metadata"": {""complete"": true, ""high"": 100.0, ""instance_type"": ""random_asymmetric"", ""low"": 1.0, ""n"": 5, ""seed"": 1, ""symmetric"": false}, ""n_layers"": 0, ""normalization_factor"": 98.09298278032263, ""normalize"": true, ""seed"": 0, ""tau"": 9.0, ""valid_route"": true}"
classical_comparison,classical_comparison_random_asymmetric_n5_seed1,random_asymmetric,5,1,held_karp,ok,"[4, 1, 3, 0, 2]",176.35462293795194,176.35462293795194,0.0,True,True,3.949999972974183e-05,251.5,251.5,0.0,,,,176.35462293795194,0.0,True,"{""instance_metadata"": {""complete"": true, ""high"": 100.0, ""instance_type"": ""random_asymmetric"", ""low"": 1.0, ""n"": 5, ""seed"": 1, ""symmetric"": false}, ""max_n"": 18, ""start"": 4}"
classical_comparison,classical_comparison_random_asymmetric_n5_seed1,random_asymmetric,5,1,bruteforce,ok,"[4, 1, 3, 0, 2]",176.35462293795194,176.35462293795194,0.0,True,True,6.280000025071786e-05,251.5,251.5,0.0,,,,176.35462293795194,0.0,True,"{""instance_metadata"": {""complete"": true, ""high"": 100.0, ""instance_type"": ""random_asymmetric"", ""low"": 1.0, ""n"": 5, ""seed"": 1, ""symmetric"": false}, ""max_n"": 10, ""permutations_checked"": 24, ""start"": 4}"
classical_comparison,classical_comparison_random_asymmetric_n5_seed1,random_asymmetric,5,1,ortools,ok,"[4, 0, 2, 3, 1]",187.61082612756402,176.35462293795194,0.06382709453311257,True,True,0.0010723000000325555,251.5,251.5078125,0.0078125,,,5.0,176.35462293795194,0.06382709453311257,True,"{""finite_edges"": true, ""infinity_penalty"": 490464915000, ""instance_metadata"": {""complete"": true, ""high"": 100.0, ""instance_type"": ""random_asymmetric"", ""low"": 1.0, ""n"": 5, ""seed"": 1, ""symmetric"": false}, ""integer_scale"": 1000000, ""start"": 4, ""time_limit_s"": 5.0, ""valid_route"": true}"
classical_comparison,classical_comparison_random_asymmetric_n5_seed1,random_asymmetric,5,1,networkx_christofides,skipped_not_applicable,,,176.35462293795194,nan,,,7.469999991371878e-05,251.5078125,251.5078125,0.0,,,,176.35462293795194,nan,True,"{""instance_metadata"": {""complete"": true, ""high"": 100.0, ""instance_type"": ""random_asymmetric"", ""low"": 1.0, ""n"": 5, ""seed"": 1, ""symmetric"": false}, ""requires_metric_symmetric_complete"": true}"
classical_comparison,classical_comparison_random_asymmetric_n5_seed1,random_asymmetric,5,1,networkx_greedy,ok,"[4, 1, 2, 0, 3]",267.75429527030104,176.35462293795194,0.5182720521282103,True,True,0.00010619999966365867,251.5078125,251.5078125,0.0,,,,176.35462293795194,0.5182720521282103,True,"{""finite_edges"": true, ""instance_metadata"": {""complete"": true, ""high"": 100.0, ""instance_type"": ""random_asymmetric"", ""low"": 1.0, ""n"": 5, ""seed"": 1, ""symmetric"": false}, ""valid_route"": true}"
classical_comparison,classical_comparison_random_asymmetric_n5_seed1,random_asymmetric,5,1,python_tsp_dynamic_programming,skipped_missing_dependency,,,176.35462293795194,nan,,,0.0006653999998889049,251.5078125,251.5078125,0.0,,,,176.35462293795194,nan,True,"{""instance_metadata"": {""complete"": true, ""high"": 100.0, ""instance_type"": ""random_asymmetric"", ""low"": 1.0, ""n"": 5, ""seed"": 1, ""symmetric"": false}}"
classical_comparison,classical_comparison_euclidean_n5_seed2,euclidean,5,2,tn_exact,ok,"[4, 2, 1, 3, 0]",2245.3659766460946,2245.3659766460946,0.0,True,True,0.007424999999784632,251.5078125,251.5078125,0.0,9.0,,,2245.3659766460946,0.0,True,"{""finite_edges"": true, ""instance_metadata"": {""complete"": true, ""instance_type"": ""euclidean"", ""n"": 5, ""points"": [[261.6121342493164, 298.4911434141233], [814.2257405942803, 91.91594213509691], [600.100525965654, 728.5605268117946], [187.90107336660344, 55.14662733306819], [274.9693679060381, 657.4330148755926]], ""scale"": 1000.0, ""seed"": 2, ""symmetric"": true}, ""n_layers"": null, ""normalization_factor"": 789.553461606053, ""normalize"": true, ""seed"": 0, ""tau"": 9.0, ""valid_route"": true}"
classical_comparison,classical_comparison_euclidean_n5_seed2,euclidean,5,2,tn_n_layers_2,ok,"[4, 2, 1, 3, 0]",2245.3659766460946,2245.3659766460946,0.0,True,True,0.0072517999997216975,251.5078125,251.5078125,0.0,9.0,2,,2245.3659766460946,0.0,True,"{""finite_edges"": true, ""instance_metadata"": {""complete"": true, ""instance_type"": ""euclidean"", ""n"": 5, ""points"": [[261.6121342493164, 298.4911434141233], [814.2257405942803, 91.91594213509691], [600.100525965654, 728.5605268117946], [187.90107336660344, 55.14662733306819], [274.9693679060381, 657.4330148755926]], ""scale"": 1000.0, ""seed"": 2, ""symmetric"": true}, ""n_layers"": 2, ""normalization_factor"": 789.553461606053, ""normalize"": true, ""seed"": 0, ""tau"": 9.0, ""valid_route"": true}"
classical_comparison,classical_comparison_euclidean_n5_seed2,euclidean,5,2,tn_n_layers_1,ok,"[4, 2, 1, 3, 0]",2245.3659766460946,2245.3659766460946,0.0,True,True,0.005774999999630381,251.5078125,251.5234375,0.015625,9.0,1,,2245.3659766460946,0.0,True,"{""finite_edges"": true, ""instance_metadata"": {""complete"": true, ""instance_type"": ""euclidean"", ""n"": 5, ""points"": [[261.6121342493164, 298.4911434141233], [814.2257405942803, 91.91594213509691], [600.100525965654, 728.5605268117946], [187.90107336660344, 55.14662733306819], [274.9693679060381, 657.4330148755926]], ""scale"": 1000.0, ""seed"": 2, ""symmetric"": true}, ""n_layers"": 1, ""normalization_factor"": 789.553461606053, ""normalize"": true, ""seed"": 0, ""tau"": 9.0, ""valid_route"": true}"
classical_comparison,classical_comparison_euclidean_n5_seed2,euclidean,5,2,tn_n_layers_0,ok,"[4, 2, 0, 3, 1]",2543.1973078208916,2245.3659766460946,0.132642666840293,True,True,0.004660699999931239,251.5234375,251.5390625,0.015625,9.0,0,,2245.3659766460946,0.132642666840293,True,"{""finite_edges"": true, ""instance_metadata"": {""complete"": true, ""instance_type"": ""euclidean"", ""n"": 5, ""points"": [[261.6121342493164, 298.4911434141233], [814.2257405942803, 91.91594213509691], [600.100525965654, 728.5605268117946], [187.90107336660344, 55.14662733306819], [274.9693679060381, 657.4330148755926]], ""scale"": 1000.0, ""seed"": 2, ""symmetric"": true}, ""n_layers"": 0, ""normalization_factor"": 789.553461606053, ""normalize"": true, ""seed"": 0, ""tau"": 9.0, ""valid_route"": true}"
classical_comparison,classical_comparison_euclidean_n5_seed2,euclidean,5,2,held_karp,ok,"[4, 2, 1, 3, 0]",2245.3659766460946,2245.3659766460946,0.0,True,True,3.730000025825575e-05,251.5390625,251.5390625,0.0,,,,2245.3659766460946,0.0,True,"{""instance_metadata"": {""complete"": true, ""instance_type"": ""euclidean"", ""n"": 5, ""points"": [[261.6121342493164, 298.4911434141233], [814.2257405942803, 91.91594213509691], [600.100525965654, 728.5605268117946], [187.90107336660344, 55.14662733306819], [274.9693679060381, 657.4330148755926]], ""scale"": 1000.0, ""seed"": 2, ""symmetric"": true}, ""max_n"": 18, ""start"": 4}"
classical_comparison,classical_comparison_euclidean_n5_seed2,euclidean,5,2,bruteforce,ok,"[4, 0, 3, 1, 2]",2245.3659766460946,2245.3659766460946,0.0,True,True,6.570000005012844e-05,251.5390625,251.5390625,0.0,,,,2245.3659766460946,0.0,True,"{""instance_metadata"": {""complete"": true, ""instance_type"": ""euclidean"", ""n"": 5, ""points"": [[261.6121342493164, 298.4911434141233], [814.2257405942803, 91.91594213509691], [600.100525965654, 728.5605268117946], [187.90107336660344, 55.14662733306819], [274.9693679060381, 657.4330148755926]], ""scale"": 1000.0, ""seed"": 2, ""symmetric"": true}, ""max_n"": 10, ""permutations_checked"": 24, ""start"": 4}"
classical_comparison,classical_comparison_euclidean_n5_seed2,euclidean,5,2,ortools,ok,"[4, 2, 1, 3, 0]",2245.3659766460946,2245.3659766460946,0.0,True,True,0.0010719000001699897,251.5390625,251.5390625,0.0,,,5.0,2245.3659766460946,0.0,True,"{""finite_edges"": true, ""infinity_penalty"": 3947767310000, ""instance_metadata"": {""complete"": true, ""instance_type"": ""euclidean"", ""n"": 5, ""points"": [[261.6121342493164, 298.4911434141233], [814.2257405942803, 91.91594213509691], [600.100525965654, 728.5605268117946], [187.90107336660344, 55.14662733306819], [274.9693679060381, 657.4330148755926]], ""scale"": 1000.0, ""seed"": 2, ""symmetric"": true}, ""integer_scale"": 1000000, ""start"": 4, ""time_limit_s"": 5.0, ""valid_route"": true}"
classical_comparison,classical_comparison_euclidean_n5_seed2,euclidean,5,2,networkx_christofides,ok,"[4, 2, 1, 0, 3]",2457.281852168191,2245.3659766460946,0.09437921377905416,True,True,0.0004543000000012398,251.5390625,251.5390625,0.0,,,,2245.3659766460946,0.09437921377905416,True,"{""finite_edges"": true, ""instance_metadata"": {""complete"": true, ""instance_type"": ""euclidean"", ""n"": 5, ""points"": [[261.6121342493164, 298.4911434141233], [814.2257405942803, 91.91594213509691], [600.100525965654, 728.5605268117946], [187.90107336660344, 55.14662733306819], [274.9693679060381, 657.4330148755926]], ""scale"": 1000.0, ""seed"": 2, ""symmetric"": true}, ""requires_metric_symmetric_complete"": true, ""valid_route"": true}"
classical_comparison,classical_comparison_euclidean_n5_seed2,euclidean,5,2,networkx_greedy,ok,"[4, 1, 3, 0, 2]",2543.197307820892,2245.3659766460946,0.1326426668402932,True,True,8.879999995770049e-05,251.5390625,251.5390625,0.0,,,,2245.3659766460946,0.1326426668402932,True,"{""finite_edges"": true, ""instance_metadata"": {""complete"": true, ""instance_type"": ""euclidean"", ""n"": 5, ""points"": [[261.6121342493164, 298.4911434141233], [814.2257405942803, 91.91594213509691], [600.100525965654, 728.5605268117946], [187.90107336660344, 55.14662733306819], [274.9693679060381, 657.4330148755926]], ""scale"": 1000.0, ""seed"": 2, ""symmetric"": true}, ""valid_route"": true}"
classical_comparison,classical_comparison_euclidean_n5_seed2,euclidean,5,2,python_tsp_dynamic_programming,skipped_missing_dependency,,,2245.3659766460946,nan,,,0.0005575000000135333,251.5390625,251.5390625,0.0,,,,2245.3659766460946,nan,True,"{""instance_metadata"": {""complete"": true, ""instance_type"": ""euclidean"", ""n"": 5, ""points"": [[261.6121342493164, 298.4911434141233], [814.2257405942803, 91.91594213509691], [600.100525965654, 728.5605268117946], [187.90107336660344, 55.14662733306819], [274.9693679060381, 657.4330148755926]], ""scale"": 1000.0, ""seed"": 2, ""symmetric"": true}}"
classical_comparison,classical_comparison_random_symmetric_n5_seed2,random_symmetric,5,2,tn_exact,ok,"[4, 3, 0, 1, 2]",214.59148911323302,214.591489113233,1.3244565079375907e-16,True,True,0.007182800000009593,251.5390625,251.54296875,0.00390625,9.0,,,214.591489113233,1.3244565079375907e-16,True,"{""finite_edges"": true, ""instance_metadata"": {""complete"": true, ""high"": 100.0, ""instance_type"": ""random_symmetric"", ""low"": 1.0, ""n"": 5, ""seed"": 2, ""symmetric"": true}, ""n_layers"": null, ""normalization_factor"": 69.13632446704806, ""normalize"": true, ""seed"": 0, ""tau"": 9.0, ""valid_route"": true}"
classical_comparison,classical_comparison_random_symmetric_n5_seed2,random_symmetric,5,2,tn_n_layers_2,ok,"[4, 0, 3, 2, 1]",222.66296087925883,214.591489113233,0.03761319612152364,True,True,0.0068877999997312145,251.54296875,251.54296875,0.0,9.0,2,,214.591489113233,0.03761319612152364,True,"{""finite_edges"": true, ""instance_metadata"": {""complete"": true, ""high"": 100.0, ""instance_type"": ""random_symmetric"", ""low"": 1.0, ""n"": 5, ""seed"": 2, ""symmetric"": true}, ""n_layers"": 2, ""normalization_factor"": 69.13632446704806, ""normalize"": true, ""seed"": 0, ""tau"": 9.0, ""valid_route"": true}"
classical_comparison,classical_comparison_random_symmetric_n5_seed2,random_symmetric,5,2,tn_n_layers_1,ok,"[4, 1, 2, 3, 0]",222.66296087925883,214.591489113233,0.03761319612152364,True,True,0.005742600000303355,251.54296875,251.54296875,0.0,9.0,1,,214.591489113233,0.03761319612152364,True,"{""finite_edges"": true, ""instance_metadata"": {""complete"": true, ""high"": 100.0, ""instance_type"": ""random_symmetric"", ""low"": 1.0, ""n"": 5, ""seed"": 2, ""symmetric"": true}, ""n_layers"": 1, ""normalization_factor"": 69.13632446704806, ""normalize"": true, ""seed"": 0, ""tau"": 9.0, ""valid_route"": true}"
classical_comparison,classical_comparison_random_symmetric_n5_seed2,random_symmetric,5,2,tn_n_layers_0,ok,"[4, 0, 3, 1, 2]",224.42210642439363,214.591489113233,0.045810844371247814,True,True,0.00424139999995532,251.54296875,251.54296875,0.0,9.0,0,,214.591489113233,0.045810844371247814,True,"{""finite_edges"": true, ""instance_metadata"": {""complete"": true, ""high"": 100.0, ""instance_type"": ""random_symmetric"", ""low"": 1.0, ""n"": 5, ""seed"": 2, ""symmetric"": true}, ""n_layers"": 0, ""normalization_factor"": 69.13632446704806, ""normalize"": true, ""seed"": 0, ""tau"": 9.0, ""valid_route"": true}"
classical_comparison,classical_comparison_random_symmetric_n5_seed2,random_symmetric,5,2,held_karp,ok,"[4, 2, 1, 0, 3]",214.591489113233,214.591489113233,0.0,True,True,3.5200000183976954e-05,251.54296875,251.54296875,0.0,,,,214.591489113233,0.0,True,"{""instance_metadata"": {""complete"": true, ""high"": 100.0, ""instance_type"": ""random_symmetric"", ""low"": 1.0, ""n"": 5, ""seed"": 2, ""symmetric"": true}, ""max_n"": 18, ""start"": 4}"
classical_comparison,classical_comparison_random_symmetric_n5_seed2,random_symmetric,5,2,bruteforce,ok,"[4, 2, 1, 0, 3]",214.591489113233,214.591489113233,0.0,True,True,6.530000018756255e-05,251.54296875,251.54296875,0.0,,,,214.591489113233,0.0,True,"{""instance_metadata"": {""complete"": true, ""high"": 100.0, ""instance_type"": ""random_symmetric"", ""low"": 1.0, ""n"": 5, ""seed"": 2, ""symmetric"": true}, ""max_n"": 10, ""permutations_checked"": 24, ""start"": 4}"
classical_comparison,classical_comparison_random_symmetric_n5_seed2,random_symmetric,5,2,ortools,ok,"[4, 3, 0, 1, 2]",214.59148911323302,214.591489113233,1.3244565079375907e-16,True,True,0.001057699999819306,251.54296875,251.55078125,0.0078125,,,5.0,214.591489113233,1.3244565079375907e-16,True,"{""finite_edges"": true, ""infinity_penalty"": 345681620000, ""instance_metadata"": {""complete"": true, ""high"": 100.0, ""instance_type"": ""random_symmetric"", ""low"": 1.0, ""n"": 5, ""seed"": 2, ""symmetric"": true}, ""integer_scale"": 1000000, ""start"": 4, ""time_limit_s"": 5.0, ""valid_route"": true}"
classical_comparison,classical_comparison_random_symmetric_n5_seed2,random_symmetric,5,2,networkx_christofides,skipped_not_applicable,,,214.591489113233,nan,,,8.170000000973232e-05,251.55078125,251.55078125,0.0,,,,214.591489113233,nan,True,"{""instance_metadata"": {""complete"": true, ""high"": 100.0, ""instance_type"": ""random_symmetric"", ""low"": 1.0, ""n"": 5, ""seed"": 2, ""symmetric"": true}, ""requires_metric_symmetric_complete"": true}"
classical_comparison,classical_comparison_random_symmetric_n5_seed2,random_symmetric,5,2,networkx_greedy,ok,"[4, 0, 3, 1, 2]",224.42210642439363,214.591489113233,0.045810844371247814,True,True,9.57000002017594e-05,251.55078125,251.55078125,0.0,,,,214.591489113233,0.045810844371247814,True,"{""finite_edges"": true, ""instance_metadata"": {""complete"": true, ""high"": 100.0, ""instance_type"": ""random_symmetric"", ""low"": 1.0, ""n"": 5, ""seed"": 2, ""symmetric"": true}, ""valid_route"": true}"
classical_comparison,classical_comparison_random_symmetric_n5_seed2,random_symmetric,5,2,python_tsp_dynamic_programming,skipped_missing_dependency,,,214.591489113233,nan,,,0.0005527999996957078,251.55078125,251.55078125,0.0,,,,214.591489113233,nan,True,"{""instance_metadata"": {""complete"": true, ""high"": 100.0, ""instance_type"": ""random_symmetric"", ""low"": 1.0, ""n"": 5, ""seed"": 2, ""symmetric"": true}}"
classical_comparison,classical_comparison_random_asymmetric_n5_seed2,random_asymmetric,5,2,tn_exact,ok,"[4, 1, 2, 0, 3]",144.35703077828856,144.35703077828856,0.0,True,True,0.007617899999786459,251.55078125,251.5546875,0.00390625,9.0,,,144.35703077828856,0.0,True,"{""finite_edges"": true, ""instance_metadata"": {""complete"": true, ""high"": 100.0, ""instance_type"": ""random_asymmetric"", ""low"": 1.0, ""n"": 5, ""seed"": 2, ""symmetric"": false}, ""n_layers"": null, ""normalization_factor"": 96.77615929687398, ""normalize"": true, ""seed"": 0, ""tau"": 9.0, ""valid_route"": true}"
classical_comparison,classical_comparison_random_asymmetric_n5_seed2,random_asymmetric,5,2,tn_n_layers_2,ok,"[4, 0, 1, 2, 3]",159.05868215674076,144.35703077828856,0.10184229544754075,True,True,0.007232300000396208,251.5546875,251.5546875,0.0,9.0,2,,144.35703077828856,0.10184229544754075,True,"{""finite_edges"": true, ""instance_metadata"": {""complete"": true, ""high"": 100.0, ""instance_type"": ""random_asymmetric"", ""low"": 1.0, ""n"": 5, ""seed"": 2, ""symmetric"": false}, ""n_layers"": 2, ""normalization_factor"": 96.77615929687398, ""normalize"": true, ""seed"": 0, ""tau"": 9.0, ""valid_route"": true}"
classical_comparison,classical_comparison_random_asymmetric_n5_seed2,random_asymmetric,5,2,tn_n_layers_1,ok,"[4, 1, 2, 0, 3]",144.35703077828856,144.35703077828856,0.0,True,True,0.006276300000081392,251.5546875,251.56640625,0.01171875,9.0,1,,144.35703077828856,0.0,True,"{""finite_edges"": true, ""instance_metadata"": {""complete"": true, ""high"": 100.0, ""instance_type"": ""random_asymmetric"", ""low"": 1.0, ""n"": 5, ""seed"": 2, ""symmetric"": false}, ""n_layers"": 1, ""normalization_factor"": 96.77615929687398, ""normalize"": true, ""seed"": 0, ""tau"": 9.0, ""valid_route"": true}"
classical_comparison,classical_comparison_random_asymmetric_n5_seed2,random_asymmetric,5,2,tn_n_layers_0,ok,"[4, 0, 3, 2, 1]",195.915234111541,144.35703077828856,0.35715754927405197,True,True,0.004399100000227918,251.56640625,251.56640625,0.0,9.0,0,,144.35703077828856,0.35715754927405197,True,"{""finite_edges"": true, ""instance_metadata"": {""complete"": true, ""high"": 100.0, ""instance_type"": ""random_asymmetric"", ""low"": 1.0, ""n"": 5, ""seed"": 2, ""symmetric"": false}, ""n_layers"": 0, ""normalization_factor"": 96.77615929687398, ""normalize"": true, ""seed"": 0, ""tau"": 9.0, ""valid_route"": true}"
classical_comparison,classical_comparison_random_asymmetric_n5_seed2,random_asymmetric,5,2,held_karp,ok,"[4, 1, 2, 0, 3]",144.35703077828856,144.35703077828856,0.0,True,True,3.619999961301801e-05,251.56640625,251.56640625,0.0,,,,144.35703077828856,0.0,True,"{""instance_metadata"": {""complete"": true, ""high"": 100.0, ""instance_type"": ""random_asymmetric"", ""low"": 1.0, ""n"": 5, ""seed"": 2, ""symmetric"": false}, ""max_n"": 18, ""start"": 4}"
classical_comparison,classical_comparison_random_asymmetric_n5_seed2,random_asymmetric,5,2,bruteforce,ok,"[4, 1, 2, 0, 3]",144.35703077828856,144.35703077828856,0.0,True,True,6.299999995462713e-05,251.56640625,251.56640625,0.0,,,,144.35703077828856,0.0,True,"{""instance_metadata"": {""complete"": true, ""high"": 100.0, ""instance_type"": ""random_asymmetric"", ""low"": 1.0, ""n"": 5, ""seed"": 2, ""symmetric"": false}, ""max_n"": 10, ""permutations_checked"": 24, ""start"": 4}"
classical_comparison,classical_comparison_random_asymmetric_n5_seed2,random_asymmetric,5,2,ortools,ok,"[4, 1, 2, 0, 3]",144.35703077828856,144.35703077828856,0.0,True,True,0.0010505999998713378,251.56640625,251.56640625,0.0,,,5.0,144.35703077828856,0.0,True,"{""finite_edges"": true, ""infinity_penalty"": 483880795000, ""instance_metadata"": {""complete"": true, ""high"": 100.0, ""instance_type"": ""random_asymmetric"", ""low"": 1.0, ""n"": 5, ""seed"": 2, ""symmetric"": false}, ""integer_scale"": 1000000, ""start"": 4, ""time_limit_s"": 5.0, ""valid_route"": true}"
classical_comparison,classical_comparison_random_asymmetric_n5_seed2,random_asymmetric,5,2,networkx_christofides,skipped_not_applicable,,,144.35703077828856,nan,,,7.200000027296483e-05,251.56640625,251.56640625,0.0,,,,144.35703077828856,nan,True,"{""instance_metadata"": {""complete"": true, ""high"": 100.0, ""instance_type"": ""random_asymmetric"", ""low"": 1.0, ""n"": 5, ""seed"": 2, ""symmetric"": false}, ""requires_metric_symmetric_complete"": true}"
classical_comparison,classical_comparison_random_asymmetric_n5_seed2,random_asymmetric,5,2,networkx_greedy,ok,"[4, 0, 3, 2, 1]",195.915234111541,144.35703077828856,0.35715754927405197,True,True,9.790000012799283e-05,251.56640625,251.5703125,0.00390625,,,,144.35703077828856,0.35715754927405197,True,"{""finite_edges"": true, ""instance_metadata"": {""complete"": true, ""high"": 100.0, ""instance_type"": ""random_asymmetric"", ""low"": 1.0, ""n"": 5, ""seed"": 2, ""symmetric"": false}, ""valid_route"": true}"
classical_comparison,classical_comparison_random_asymmetric_n5_seed2,random_asymmetric,5,2,python_tsp_dynamic_programming,skipped_missing_dependency,,,144.35703077828856,nan,,,0.0005362000001696288,251.5703125,251.5703125,0.0,,,,144.35703077828856,nan,True,"{""instance_metadata"": {""complete"": true, ""high"": 100.0, ""instance_type"": ""random_asymmetric"", ""low"": 1.0, ""n"": 5, ""seed"": 2, ""symmetric"": false}}"
classical_comparison,classical_comparison_euclidean_n5_seed3,euclidean,5,3,tn_exact,ok,"[4, 1, 2, 0, 3]",2052.9194068712777,2052.9194068712777,0.0,True,True,0.007118300000001909,251.5703125,251.5703125,0.0,9.0,,,2052.9194068712777,0.0,True,"{""finite_edges"": true, ""instance_metadata"": {""complete"": true, ""instance_type"": ""euclidean"", ""n"": 5, ""points"": [[85.64916714362437, 236.8105065960997], [801.2744652063969, 582.1620360643678], [94.12864224039919, 433.1269402364738], [479.05129814083404, 159.73891463707858], [734.5771514092145, 113.6720199214034]], ""scale"": 1000.0, ""seed"": 3, ""symmetric"": true}, ""n_layers"": null, ""normalization_factor"": 794.5987957035325, ""normalize"": true, ""seed"": 0, ""tau"": 9.0, ""valid_route"": true}"
classical_comparison,classical_comparison_euclidean_n5_seed3,euclidean,5,3,tn_n_layers_2,ok,"[4, 3, 0, 2, 1]",2052.9194068712777,2052.9194068712777,0.0,True,True,0.00689860000011322,251.5703125,251.5703125,0.0,9.0,2,,2052.9194068712777,0.0,True,"{""finite_edges"": true, ""instance_metadata"": {""complete"": true, ""instance_type"": ""euclidean"", ""n"": 5, ""points"": [[85.64916714362437, 236.8105065960997], [801.2744652063969, 582.1620360643678], [94.12864224039919, 433.1269402364738], [479.05129814083404, 159.73891463707858], [734.5771514092145, 113.6720199214034]], ""scale"": 1000.0, ""seed"": 3, ""symmetric"": true}, ""n_layers"": 2, ""normalization_factor"": 794.5987957035325, ""normalize"": true, ""seed"": 0, ""tau"": 9.0, ""valid_route"": true}"
classical_comparison,classical_comparison_euclidean_n5_seed3,euclidean,5,3,tn_n_layers_1,ok,"[4, 3, 0, 2, 1]",2052.9194068712777,2052.9194068712777,0.0,True,True,0.00580790000003617,251.5703125,251.5703125,0.0,9.0,1,,2052.9194068712777,0.0,True,"{""finite_edges"": true, ""instance_metadata"": {""complete"": true, ""instance_type"": ""euclidean"", ""n"": 5, ""points"": [[85.64916714362437, 236.8105065960997], [801.2744652063969, 582.1620360643678], [94.12864224039919, 433.1269402364738], [479.05129814083404, 159.73891463707858], [734.5771514092145, 113.6720199214034]], ""scale"": 1000.0, ""seed"": 3, ""symmetric"": true}, ""n_layers"": 1, ""normalization_factor"": 794.5987957035325, ""normalize"": true, ""seed"": 0, ""tau"": 9.0, ""valid_route"": true}"
classical_comparison,classical_comparison_euclidean_n5_seed3,euclidean,5,3,tn_n_layers_0,ok,"[4, 3, 1, 2, 0]",2370.6227046506256,2052.9194068712777,0.15475682908738195,True,True,0.004737799999929848,251.5703125,251.5703125,0.0,9.0,0,,2052.9194068712777,0.15475682908738195,True,"{""finite_edges"": true, ""instance_metadata"": {""complete"": true, ""instance_type"": ""euclidean"", ""n"": 5, ""points"": [[85.64916714362437, 236.8105065960997], [801.2744652063969, 582.1620360643678], [94.12864224039919, 433.1269402364738], [479.05129814083404, 159.73891463707858], [734.5771514092145, 113.6720199214034]], ""scale"": 1000.0, ""seed"": 3, ""symmetric"": true}, ""n_layers"": 0, ""normalization_factor"": 794.5987957035325, ""normalize"": true, ""seed"": 0, ""tau"": 9.0, ""valid_route"": true}"
classical_comparison,classical_comparison_euclidean_n5_seed3,euclidean,5,3,held_karp,ok,"[4, 3, 0, 2, 1]",2052.9194068712777,2052.9194068712777,0.0,True,True,3.659999993033125e-05,251.5703125,251.5703125,0.0,,,,2052.9194068712777,0.0,True,"{""instance_metadata"": {""complete"": true, ""instance_type"": ""euclidean"", ""n"": 5, ""points"": [[85.64916714362437, 236.8105065960997], [801.2744652063969, 582.1620360643678], [94.12864224039919, 433.1269402364738], [479.05129814083404, 159.73891463707858], [734.5771514092145, 113.6720199214034]], ""scale"": 1000.0, ""seed"": 3, ""symmetric"": true}, ""max_n"": 18, ""start"": 4}"
classical_comparison,classical_comparison_euclidean_n5_seed3,euclidean,5,3,bruteforce,ok,"[4, 1, 2, 0, 3]",2052.9194068712777,2052.9194068712777,0.0,True,True,6.470000016634003e-05,251.5703125,251.5703125,0.0,,,,2052.9194068712777,0.0,True,"{""instance_metadata"": {""complete"": true, ""instance_type"": ""euclidean"", ""n"": 5, ""points"": [[85.64916714362437, 236.8105065960997], [801.2744652063969, 582.1620360643678], [94.12864224039919, 433.1269402364738], [479.05129814083404, 159.73891463707858], [734.5771514092145, 113.6720199214034]], ""scale"": 1000.0, ""seed"": 3, ""symmetric"": true}, ""max_n"": 10, ""permutations_checked"": 24, ""start"": 4}"
classical_comparison,classical_comparison_euclidean_n5_seed3,euclidean,5,3,ortools,ok,"[4, 3, 0, 2, 1]",2052.9194068712777,2052.9194068712777,0.0,True,True,0.0010156000003007648,251.5703125,251.5703125,0.0,,,5.0,2052.9194068712777,0.0,True,"{""finite_edges"": true, ""infinity_penalty"": 3972993980000, ""instance_metadata"": {""complete"": true, ""instance_type"": ""euclidean"", ""n"": 5, ""points"": [[85.64916714362437, 236.8105065960997], [801.2744652063969, 582.1620360643678], [94.12864224039919, 433.1269402364738], [479.05129814083404, 159.73891463707858], [734.5771514092145, 113.6720199214034]], ""scale"": 1000.0, ""seed"": 3, ""symmetric"": true}, ""integer_scale"": 1000000, ""start"": 4, ""time_limit_s"": 5.0, ""valid_route"": true}"
classical_comparison,classical_comparison_euclidean_n5_seed3,euclidean,5,3,networkx_christofides,ok,"[4, 1, 2, 0, 3]",2052.9194068712777,2052.9194068712777,0.0,True,True,0.000418699999954697,251.5703125,251.58203125,0.01171875,,,,2052.9194068712777,0.0,True,"{""finite_edges"": true, ""instance_metadata"": {""complete"": true, ""instance_type"": ""euclidean"", ""n"": 5, ""points"": [[85.64916714362437, 236.8105065960997], [801.2744652063969, 582.1620360643678], [94.12864224039919, 433.1269402364738], [479.05129814083404, 159.73891463707858], [734.5771514092145, 113.6720199214034]], ""scale"": 1000.0, ""seed"": 3, ""symmetric"": true}, ""requires_metric_symmetric_complete"": true, ""valid_route"": true}"
classical_comparison,classical_comparison_euclidean_n5_seed3,euclidean,5,3,networkx_greedy,ok,"[4, 1, 2, 0, 3]",2052.9194068712777,2052.9194068712777,0.0,True,True,8.959999968283228e-05,251.58203125,251.58203125,0.0,,,,2052.9194068712777,0.0,True,"{""finite_edges"": true, ""instance_metadata"": {""complete"": true, ""instance_type"": ""euclidean"", ""n"": 5, ""points"": [[85.64916714362437, 236.8105065960997], [801.2744652063969, 582.1620360643678], [94.12864224039919, 433.1269402364738], [479.05129814083404, 159.73891463707858], [734.5771514092145, 113.6720199214034]], ""scale"": 1000.0, ""seed"": 3, ""symmetric"": true}, ""valid_route"": true}"
classical_comparison,classical_comparison_euclidean_n5_seed3,euclidean,5,3,python_tsp_dynamic_programming,skipped_missing_dependency,,,2052.9194068712777,nan,,,0.0005284999997456907,251.58203125,251.58203125,0.0,,,,2052.9194068712777,nan,True,"{""instance_metadata"": {""complete"": true, ""instance_type"": ""euclidean"", ""n"": 5, ""points"": [[85.64916714362437, 236.8105065960997], [801.2744652063969, 582.1620360643678], [94.12864224039919, 433.1269402364738], [479.05129814083404, 159.73891463707858], [734.5771514092145, 113.6720199214034]], ""scale"": 1000.0, ""seed"": 3, ""symmetric"": true}}"
classical_comparison,classical_comparison_random_symmetric_n5_seed3,random_symmetric,5,3,tn_exact,ok,"[4, 0, 1, 2, 3]",167.5623460705495,167.5623460705495,0.0,True,True,0.00754270000015822,251.5859375,251.60546875,0.01953125,9.0,,,167.5623460705495,0.0,True,"{""finite_edges"": true, ""instance_metadata"": {""complete"": true, ""high"": 100.0, ""instance_type"": ""random_symmetric"", ""low"": 1.0, ""n"": 5, ""seed"": 3, ""symmetric"": true}, ""n_layers"": null, ""normalization_factor"": 77.15224989957308, ""normalize"": true, ""seed"": 0, ""tau"": 9.0, ""valid_route"": true}"
classical_comparison,classical_comparison_random_symmetric_n5_seed3,random_symmetric,5,3,tn_n_layers_2,ok,"[4, 0, 1, 2, 3]",167.5623460705495,167.5623460705495,0.0,True,True,0.007038599999759754,251.60546875,251.609375,0.00390625,9.0,2,,167.5623460705495,0.0,True,"{""finite_edges"": true, ""instance_metadata"": {""complete"": true, ""high"": 100.0, ""instance_type"": ""random_symmetric"", ""low"": 1.0, ""n"": 5, ""seed"": 3, ""symmetric"": true}, ""n_layers"": 2, ""normalization_factor"": 77.15224989957308, ""normalize"": true, ""seed"": 0, ""tau"": 9.0, ""valid_route"": true}"
classical_comparison,classical_comparison_random_symmetric_n5_seed3,random_symmetric,5,3,tn_n_layers_1,ok,"[4, 0, 1, 2, 3]",167.5623460705495,167.5623460705495,0.0,True,True,0.006045000000085565,251.609375,251.609375,0.0,9.0,1,,167.5623460705495,0.0,True,"{""finite_edges"": true, ""instance_metadata"": {""complete"": true, ""high"": 100.0, ""instance_type"": ""random_symmetric"", ""low"": 1.0, ""n"": 5, ""seed"": 3, ""symmetric"": true}, ""n_layers"": 1, ""normalization_factor"": 77.15224989957308, ""normalize"": true, ""seed"": 0, ""tau"": 9.0, ""valid_route"": true}"
classical_comparison,classical_comparison_random_symmetric_n5_seed3,random_symmetric,5,3,tn_n_layers_0,ok,"[4, 0, 1, 3, 2]",205.7680041900574,167.5623460705495,0.22800861300558553,True,True,0.004323699999986275,251.609375,251.609375,0.0,9.0,0,,167.5623460705495,0.22800861300558553,True,"{""finite_edges"": true, ""instance_metadata"": {""complete"": true, ""high"": 100.0, ""instance_type"": ""random_symmetric"", ""low"": 1.0, ""n"": 5, ""seed"": 3, ""symmetric"": true}, ""n_layers"": 0, ""normalization_factor"": 77.15224989957308, ""normalize"": true, ""seed"": 0, ""tau"": 9.0, ""valid_route"": true}"
classical_comparison,classical_comparison_random_symmetric_n5_seed3,random_symmetric,5,3,held_karp,ok,"[4, 3, 2, 1, 0]",167.5623460705495,167.5623460705495,0.0,True,True,3.770000012082164e-05,251.609375,251.609375,0.0,,,,167.5623460705495,0.0,True,"{""instance_metadata"": {""complete"": true, ""high"": 100.0, ""instance_type"": ""random_symmetric"", ""low"": 1.0, ""n"": 5, ""seed"": 3, ""symmetric"": true}, ""max_n"": 18, ""start"": 4}"
classical_comparison,classical_comparison_random_symmetric_n5_seed3,random_symmetric,5,3,bruteforce,ok,"[4, 0, 1, 2, 3]",167.5623460705495,167.5623460705495,0.0,True,True,6.720000010318472e-05,251.609375,251.609375,0.0,,,,167.5623460705495,0.0,True,"{""instance_metadata"": {""complete"": true, ""high"": 100.0, ""instance_type"": ""random_symmetric"", ""low"": 1.0, ""n"": 5, ""seed"": 3, ""symmetric"": true}, ""max_n"": 10, ""permutations_checked"": 24, ""start"": 4}"
classical_comparison,classical_comparison_random_symmetric_n5_seed3,random_symmetric,5,3,ortools,ok,"[4, 0, 1, 2, 3]",167.5623460705495,167.5623460705495,0.0,True,True,0.0010078000000248721,251.609375,251.609375,0.0,,,5.0,167.5623460705495,0.0,True,"{""finite_edges"": true, ""infinity_penalty"": 385761250000, ""instance_metadata"": {""complete"": true, ""high"": 100.0, ""instance_type"": ""random_symmetric"", ""low"": 1.0, ""n"": 5, ""seed"": 3, ""symmetric"": true}, ""integer_scale"": 1000000, ""start"": 4, ""time_limit_s"": 5.0, ""valid_route"": true}"
classical_comparison,classical_comparison_random_symmetric_n5_seed3,random_symmetric,5,3,networkx_christofides,skipped_not_applicable,,,167.5623460705495,nan,,,8.290000005217735e-05,251.609375,251.609375,0.0,,,,167.5623460705495,nan,True,"{""instance_metadata"": {""complete"": true, ""high"": 100.0, ""instance_type"": ""random_symmetric"", ""low"": 1.0, ""n"": 5, ""seed"": 3, ""symmetric"": true}, ""requires_metric_symmetric_complete"": true}"
classical_comparison,classical_comparison_random_symmetric_n5_seed3,random_symmetric,5,3,networkx_greedy,ok,"[4, 0, 1, 2, 3]",167.5623460705495,167.5623460705495,0.0,True,True,9.749999981067958e-05,251.609375,251.609375,0.0,,,,167.5623460705495,0.0,True,"{""finite_edges"": true, ""instance_metadata"": {""complete"": true, ""high"": 100.0, ""instance_type"": ""random_symmetric"", ""low"": 1.0, ""n"": 5, ""seed"": 3, ""symmetric"": true}, ""valid_route"": true}"
classical_comparison,classical_comparison_random_symmetric_n5_seed3,random_symmetric,5,3,python_tsp_dynamic_programming,skipped_missing_dependency,,,167.5623460705495,nan,,,0.0005579999997280538,251.609375,251.609375,0.0,,,,167.5623460705495,nan,True,"{""instance_metadata"": {""complete"": true, ""high"": 100.0, ""instance_type"": ""random_symmetric"", ""low"": 1.0, ""n"": 5, ""seed"": 3, ""symmetric"": true}}"
classical_comparison,classical_comparison_random_asymmetric_n5_seed3,random_asymmetric,5,3,tn_exact,ok,"[4, 3, 1, 2, 0]",128.08500840247055,128.08500840247055,0.0,True,True,0.007216199999675155,251.609375,251.609375,0.0,9.0,,,128.08500840247055,0.0,True,"{""finite_edges"": true, ""instance_metadata"": {""complete"": true, ""high"": 100.0, ""instance_type"": ""random_asymmetric"", ""low"": 1.0, ""n"": 5, ""seed"": 3, ""symmetric"": false}, ""n_layers"": null, ""normalization_factor"": 97.37256720187486, ""normalize"": true, ""seed"": 0, ""tau"": 9.0, ""valid_route"": true}"
classical_comparison,classical_comparison_random_asymmetric_n5_seed3,random_asymmetric,5,3,tn_n_layers_2,ok,"[4, 0, 1, 2, 3]",131.47832369407158,128.08500840247055,0.026492681180443095,True,True,0.006920700000137003,251.609375,251.609375,0.0,9.0,2,,128.08500840247055,0.026492681180443095,True,"{""finite_edges"": true, ""instance_metadata"": {""complete"": true, ""high"": 100.0, ""instance_type"": ""random_asymmetric"", ""low"": 1.0, ""n"": 5, ""seed"": 3, ""symmetric"": false}, ""n_layers"": 2, ""normalization_factor"": 97.37256720187486, ""normalize"": true, ""seed"": 0, ""tau"": 9.0, ""valid_route"": true}"
classical_comparison,classical_comparison_random_asymmetric_n5_seed3,random_asymmetric,5,3,tn_n_layers_1,ok,"[4, 2, 0, 3, 1]",170.29679869146293,128.08500840247055,0.329560741069352,True,True,0.0061928999998599465,251.609375,251.609375,0.0,9.0,1,,128.08500840247055,0.329560741069352,True,"{""finite_edges"": true, ""instance_metadata"": {""complete"": true, ""high"": 100.0, ""instance_type"": ""random_asymmetric"", ""low"": 1.0, ""n"": 5, ""seed"": 3, ""symmetric"": false}, ""n_layers"": 1, ""normalization_factor"": 97.37256720187486, ""normalize"": true, ""seed"": 0, ""tau"": 9.0, ""valid_route"": true}"
classical_comparison,classical_comparison_random_asymmetric_n5_seed3,random_asymmetric,5,3,tn_n_layers_0,ok,"[4, 0, 1, 2, 3]",131.47832369407158,128.08500840247055,0.026492681180443095,True,True,0.004524800000126561,251.609375,251.609375,0.0,9.0,0,,128.08500840247055,0.026492681180443095,True,"{""finite_edges"": true, ""instance_metadata"": {""complete"": true, ""high"": 100.0, ""instance_type"": ""random_asymmetric"", ""low"": 1.0, ""n"": 5, ""seed"": 3, ""symmetric"": false}, ""n_layers"": 0, ""normalization_factor"": 97.37256720187486, ""normalize"": true, ""seed"": 0, ""tau"": 9.0, ""valid_route"": true}"
classical_comparison,classical_comparison_random_asymmetric_n5_seed3,random_asymmetric,5,3,held_karp,ok,"[4, 3, 1, 2, 0]",128.08500840247055,128.08500840247055,0.0,True,True,3.770000012082164e-05,251.609375,251.609375,0.0,,,,128.08500840247055,0.0,True,"{""instance_metadata"": {""complete"": true, ""high"": 100.0, ""instance_type"": ""random_asymmetric"", ""low"": 1.0, ""n"": 5, ""seed"": 3, ""symmetric"": false}, ""max_n"": 18, ""start"": 4}"
classical_comparison,classical_comparison_random_asymmetric_n5_seed3,random_asymmetric,5,3,bruteforce,ok,"[4, 3, 1, 2, 0]",128.08500840247055,128.08500840247055,0.0,True,True,6.549999989147182e-05,251.609375,251.609375,0.0,,,,128.08500840247055,0.0,True,"{""instance_metadata"": {""complete"": true, ""high"": 100.0, ""instance_type"": ""random_asymmetric"", ""low"": 1.0, ""n"": 5, ""seed"": 3, ""symmetric"": false}, ""max_n"": 10, ""permutations_checked"": 24, ""start"": 4}"
classical_comparison,classical_comparison_random_asymmetric_n5_seed3,random_asymmetric,5,3,ortools,ok,"[4, 0, 1, 2, 3]",131.47832369407158,128.08500840247055,0.026492681180443095,True,True,0.0010216999999101972,251.609375,251.609375,0.0,,,5.0,128.08500840247055,0.026492681180443095,True,"{""finite_edges"": true, ""infinity_penalty"": 486862835000, ""instance_metadata"": {""complete"": true, ""high"": 100.0, ""instance_type"": ""random_asymmetric"", ""low"": 1.0, ""n"": 5, ""seed"": 3, ""symmetric"": false}, ""integer_scale"": 1000000, ""start"": 4, ""time_limit_s"": 5.0, ""valid_route"": true}"
classical_comparison,classical_comparison_random_asymmetric_n5_seed3,random_asymmetric,5,3,networkx_christofides,skipped_not_applicable,,,128.08500840247055,nan,,,7.359999972322839e-05,251.609375,251.609375,0.0,,,,128.08500840247055,nan,True,"{""instance_metadata"": {""complete"": true, ""high"": 100.0, ""instance_type"": ""random_asymmetric"", ""low"": 1.0, ""n"": 5, ""seed"": 3, ""symmetric"": false}, ""requires_metric_symmetric_complete"": true}"
classical_comparison,classical_comparison_random_asymmetric_n5_seed3,random_asymmetric,5,3,networkx_greedy,ok,"[4, 0, 1, 2, 3]",131.47832369407158,128.08500840247055,0.026492681180443095,True,True,9.80999998319021e-05,251.609375,251.609375,0.0,,,,128.08500840247055,0.026492681180443095,True,"{""finite_edges"": true, ""instance_metadata"": {""complete"": true, ""high"": 100.0, ""instance_type"": ""random_asymmetric"", ""low"": 1.0, ""n"": 5, ""seed"": 3, ""symmetric"": false}, ""valid_route"": true}"
classical_comparison,classical_comparison_random_asymmetric_n5_seed3,random_asymmetric,5,3,python_tsp_dynamic_programming,skipped_missing_dependency,,,128.08500840247055,nan,,,0.0005949999999756983,251.609375,251.609375,0.0,,,,128.08500840247055,nan,True,"{""instance_metadata"": {""complete"": true, ""high"": 100.0, ""instance_type"": ""random_asymmetric"", ""low"": 1.0, ""n"": 5, ""seed"": 3, ""symmetric"": false}}"
classical_comparison,classical_comparison_euclidean_n5_seed4,euclidean,5,4,tn_exact,ok,"[4, 0, 1, 3, 2]",1301.4918431574733,1301.4918431574733,0.0,True,True,0.008336899999903835,251.61328125,251.6171875,0.00390625,9.0,,,1301.4918431574733,0.0,True,"{""finite_edges"": true, ""instance_metadata"": {""complete"": true, ""instance_type"": ""euclidean"", ""n"": 5, ""points"": [[943.0561055723676, 511.3275528143616], [976.2437057077042, 80.83602389560218], [607.3558319950296, 376.48658437727255], [801.9012069858072, 174.52781614402846], [871.6352741876564, 543.9414007634982]], ""scale"": 1000.0, ""seed"": 4, ""symmetric"": true}, ""n_layers"": null, ""normalization_factor"": 474.7731184777004, ""normalize"": true, ""seed"": 0, ""tau"": 9.0, ""valid_route"": true}"
classical_comparison,classical_comparison_euclidean_n5_seed4,euclidean,5,4,tn_n_layers_2,ok,"[4, 0, 1, 3, 2]",1301.4918431574733,1301.4918431574733,0.0,True,True,0.006790899999941757,251.6171875,251.6171875,0.0,9.0,2,,1301.4918431574733,0.0,True,"{""finite_edges"": true, ""instance_metadata"": {""complete"": true, ""instance_type"": ""euclidean"", ""n"": 5, ""points"": [[943.0561055723676, 511.3275528143616], [976.2437057077042, 80.83602389560218], [607.3558319950296, 376.48658437727255], [801.9012069858072, 174.52781614402846], [871.6352741876564, 543.9414007634982]], ""scale"": 1000.0, ""seed"": 4, ""symmetric"": true}, ""n_layers"": 2, ""normalization_factor"": 474.7731184777004, ""normalize"": true, ""seed"": 0, ""tau"": 9.0, ""valid_route"": true}"
classical_comparison,classical_comparison_euclidean_n5_seed4,euclidean,5,4,tn_n_layers_1,ok,"[4, 0, 3, 1, 2]",1427.2310469857398,1301.4918431574733,0.09661159575400635,True,True,0.006011500000113301,251.6171875,251.6171875,0.0,9.0,1,,1301.4918431574733,0.09661159575400635,True,"{""finite_edges"": true, ""instance_metadata"": {""complete"": true, ""instance_type"": ""euclidean"", ""n"": 5, ""points"": [[943.0561055723676, 511.3275528143616], [976.2437057077042, 80.83602389560218], [607.3558319950296, 376.48658437727255], [801.9012069858072, 174.52781614402846], [871.6352741876564, 543.9414007634982]], ""scale"": 1000.0, ""seed"": 4, ""symmetric"": true}, ""n_layers"": 1, ""normalization_factor"": 474.7731184777004, ""normalize"": true, ""seed"": 0, ""tau"": 9.0, ""valid_route"": true}"
classical_comparison,classical_comparison_euclidean_n5_seed4,euclidean,5,4,tn_n_layers_0,ok,"[4, 0, 2, 3, 1]",1393.3996363424094,1301.4918431574733,0.0706172640790156,True,True,0.004733400000077381,251.6171875,251.6171875,0.0,9.0,0,,1301.4918431574733,0.0706172640790156,True,"{""finite_edges"": true, ""instance_metadata"": {""complete"": true, ""instance_type"": ""euclidean"", ""n"": 5, ""points"": [[943.0561055723676, 511.3275528143616], [976.2437057077042, 80.83602389560218], [607.3558319950296, 376.48658437727255], [801.9012069858072, 174.52781614402846], [871.6352741876564, 543.9414007634982]], ""scale"": 1000.0, ""seed"": 4, ""symmetric"": true}, ""n_layers"": 0, ""normalization_factor"": 474.7731184777004, ""normalize"": true, ""seed"": 0, ""tau"": 9.0, ""valid_route"": true}"
classical_comparison,classical_comparison_euclidean_n5_seed4,euclidean,5,4,held_karp,ok,"[4, 2, 3, 1, 0]",1301.4918431574733,1301.4918431574733,0.0,True,True,4.160000025876798e-05,251.6171875,251.6171875,0.0,,,,1301.4918431574733,0.0,True,"{""instance_metadata"": {""complete"": true, ""instance_type"": ""euclidean"", ""n"": 5, ""points"": [[943.0561055723676, 511.3275528143616], [976.2437057077042, 80.83602389560218], [607.3558319950296, 376.48658437727255], [801.9012069858072, 174.52781614402846], [871.6352741876564, 543.9414007634982]], ""scale"": 1000.0, ""seed"": 4, ""symmetric"": true}, ""max_n"": 18, ""start"": 4}"
classical_comparison,classical_comparison_euclidean_n5_seed4,euclidean,5,4,bruteforce,ok,"[4, 0, 1, 3, 2]",1301.4918431574733,1301.4918431574733,0.0,True,True,6.60000000607397e-05,251.6171875,251.6171875,0.0,,,,1301.4918431574733,0.0,True,"{""instance_metadata"": {""complete"": true, ""instance_type"": ""euclidean"", ""n"": 5, ""points"": [[943.0561055723676, 511.3275528143616], [976.2437057077042, 80.83602389560218], [607.3558319950296, 376.48658437727255], [801.9012069858072, 174.52781614402846], [871.6352741876564, 543.9414007634982]], ""scale"": 1000.0, ""seed"": 4, ""symmetric"": true}, ""max_n"": 10, ""permutations_checked"": 24, ""start"": 4}"
classical_comparison,classical_comparison_euclidean_n5_seed4,euclidean,5,4,ortools,ok,"[4, 0, 1, 3, 2]",1301.4918431574733,1301.4918431574733,0.0,True,True,0.0010634999998728745,251.6171875,251.625,0.0078125,,,5.0,1301.4918431574733,0.0,True,"{""finite_edges"": true, ""infinity_penalty"": 2373865590000, ""instance_metadata"": {""complete"": true, ""instance_type"": ""euclidean"", ""n"": 5, ""points"": [[943.0561055723676, 511.3275528143616], [976.2437057077042, 80.83602389560218], [607.3558319950296, 376.48658437727255], [801.9012069858072, 174.52781614402846], [871.6352741876564, 543.9414007634982]], ""scale"": 1000.0, ""seed"": 4, ""symmetric"": true}, ""integer_scale"": 1000000, ""start"": 4, ""time_limit_s"": 5.0, ""valid_route"": true}"
classical_comparison,classical_comparison_euclidean_n5_seed4,euclidean,5,4,networkx_christofides,ok,"[4, 0, 1, 3, 2]",1301.4918431574733,1301.4918431574733,0.0,True,True,0.0004293000001780456,251.625,251.62890625,0.00390625,,,,1301.4918431574733,0.0,True,"{""finite_edges"": true, ""instance_metadata"": {""complete"": true, ""instance_type"": ""euclidean"", ""n"": 5, ""points"": [[943.0561055723676, 511.3275528143616], [976.2437057077042, 80.83602389560218], [607.3558319950296, 376.48658437727255], [801.9012069858072, 174.52781614402846], [871.6352741876564, 543.9414007634982]], ""scale"": 1000.0, ""seed"": 4, ""symmetric"": true}, ""requires_metric_symmetric_complete"": true, ""valid_route"": true}"
classical_comparison,classical_comparison_euclidean_n5_seed4,euclidean,5,4,networkx_greedy,ok,"[4, 0, 2, 3, 1]",1393.3996363424094,1301.4918431574733,0.0706172640790156,True,True,9.600000021237065e-05,251.62890625,251.62890625,0.0,,,,1301.4918431574733,0.0706172640790156,True,"{""finite_edges"": true, ""instance_metadata"": {""complete"": true, ""instance_type"": ""euclidean"", ""n"": 5, ""points"": [[943.0561055723676, 511.3275528143616], [976.2437057077042, 80.83602389560218], [607.3558319950296, 376.48658437727255], [801.9012069858072, 174.52781614402846], [871.6352741876564, 543.9414007634982]], ""scale"": 1000.0, ""seed"": 4, ""symmetric"": true}, ""valid_route"": true}"
classical_comparison,classical_comparison_euclidean_n5_seed4,euclidean,5,4,python_tsp_dynamic_programming,skipped_missing_dependency,,,1301.4918431574733,nan,,,0.0006447999999181775,251.62890625,251.62890625,0.0,,,,1301.4918431574733,nan,True,"{""instance_metadata"": {""complete"": true, ""instance_type"": ""euclidean"", ""n"": 5, ""points"": [[943.0561055723676, 511.3275528143616], [976.2437057077042, 80.83602389560218], [607.3558319950296, 376.48658437727255], [801.9012069858072, 174.52781614402846], [871.6352741876564, 543.9414007634982]], ""scale"": 1000.0, ""seed"": 4, ""symmetric"": true}}"
classical_comparison,classical_comparison_random_symmetric_n5_seed4,random_symmetric,5,4,tn_exact,ok,"[4, 3, 0, 1, 2]",221.91469660434277,221.91469660434277,0.0,True,True,0.007441900000230817,251.62890625,251.62890625,0.0,9.0,,,221.91469660434277,0.0,True,"{""finite_edges"": true, ""instance_metadata"": {""complete"": true, ""high"": 100.0, ""instance_type"": ""random_symmetric"", ""low"": 1.0, ""n"": 5, ""seed"": 4, ""symmetric"": true}, ""n_layers"": null, ""normalization_factor"": 93.98370987847278, ""normalize"": true, ""seed"": 0, ""tau"": 9.0, ""valid_route"": true}"
classical_comparison,classical_comparison_random_symmetric_n5_seed4,random_symmetric,5,4,tn_n_layers_2,ok,"[4, 2, 1, 0, 3]",221.91469660434277,221.91469660434277,0.0,True,True,0.007131599999866012,251.62890625,251.65625,0.02734375,9.0,2,,221.91469660434277,0.0,True,"{""finite_edges"": true, ""instance_metadata"": {""complete"": true, ""high"": 100.0, ""instance_type"": ""random_symmetric"", ""low"": 1.0, ""n"": 5, ""seed"": 4, ""symmetric"": true}, ""n_layers"": 2, ""normalization_factor"": 93.98370987847278, ""normalize"": true, ""seed"": 0, ""tau"": 9.0, ""valid_route"": true}"
classical_comparison,classical_comparison_random_symmetric_n5_seed4,random_symmetric,5,4,tn_n_layers_1,ok,"[4, 2, 1, 0, 3]",221.91469660434277,221.91469660434277,0.0,True,True,0.006522700000004988,251.65625,251.69140625,0.03515625,9.0,1,,221.91469660434277,0.0,True,"{""finite_edges"": true, ""instance_metadata"": {""complete"": true, ""high"": 100.0, ""instance_type"": ""random_symmetric"", ""low"": 1.0, ""n"": 5, ""seed"": 4, ""symmetric"": true}, ""n_layers"": 1, ""normalization_factor"": 93.98370987847278, ""normalize"": true, ""seed"": 0, ""tau"": 9.0, ""valid_route"": true}"
classical_comparison,classical_comparison_random_symmetric_n5_seed4,random_symmetric,5,4,tn_n_layers_0,ok,"[4, 3, 0, 1, 2]",221.91469660434277,221.91469660434277,0.0,True,True,0.004344200000105047,251.69140625,251.69140625,0.0,9.0,0,,221.91469660434277,0.0,True,"{""finite_edges"": true, ""instance_metadata"": {""complete"": true, ""high"": 100.0, ""instance_type"": ""random_symmetric"", ""low"": 1.0, ""n"": 5, ""seed"": 4, ""symmetric"": true}, ""n_layers"": 0, ""normalization_factor"": 93.98370987847278, ""normalize"": true, ""seed"": 0, ""tau"": 9.0, ""valid_route"": true}"
classical_comparison,classical_comparison_random_symmetric_n5_seed4,random_symmetric,5,4,held_karp,ok,"[4, 3, 0, 1, 2]",221.91469660434277,221.91469660434277,0.0,True,True,3.689999994094251e-05,251.69140625,251.69140625,0.0,,,,221.91469660434277,0.0,True,"{""instance_metadata"": {""complete"": true, ""high"": 100.0, ""instance_type"": ""random_symmetric"", ""low"": 1.0, ""n"": 5, ""seed"": 4, ""symmetric"": true}, ""max_n"": 18, ""start"": 4}"
classical_comparison,classical_comparison_random_symmetric_n5_seed4,random_symmetric,5,4,bruteforce,ok,"[4, 2, 1, 0, 3]",221.91469660434277,221.91469660434277,0.0,True,True,7.899999991423101e-05,251.69140625,251.69140625,0.0,,,,221.91469660434277,0.0,True,"{""instance_metadata"": {""complete"": true, ""high"": 100.0, ""instance_type"": ""random_symmetric"", ""low"": 1.0, ""n"": 5, ""seed"": 4, ""symmetric"": true}, ""max_n"": 10, ""permutations_checked"": 24, ""start"": 4}"
classical_comparison,classical_comparison_random_symmetric_n5_seed4,random_symmetric,5,4,ortools,ok,"[4, 3, 0, 1, 2]",221.91469660434277,221.91469660434277,0.0,True,True,0.0011248999999224907,251.69140625,251.6953125,0.00390625,,,5.0,221.91469660434277,0.0,True,"{""finite_edges"": true, ""infinity_penalty"": 469918550000, ""instance_metadata"": {""complete"": true, ""high"": 100.0, ""instance_type"": ""random_symmetric"", ""low"": 1.0, ""n"": 5, ""seed"": 4, ""symmetric"": true}, ""integer_scale"": 1000000, ""start"": 4, ""time_limit_s"": 5.0, ""valid_route"": true}"
classical_comparison,classical_comparison_random_symmetric_n5_seed4,random_symmetric,5,4,networkx_christofides,skipped_not_applicable,,,221.91469660434277,nan,,,8.209999987229821e-05,251.6953125,251.6953125,0.0,,,,221.91469660434277,nan,True,"{""instance_metadata"": {""complete"": true, ""high"": 100.0, ""instance_type"": ""random_symmetric"", ""low"": 1.0, ""n"": 5, ""seed"": 4, ""symmetric"": true}, ""requires_metric_symmetric_complete"": true}"
classical_comparison,classical_comparison_random_symmetric_n5_seed4,random_symmetric,5,4,networkx_greedy,ok,"[4, 2, 1, 0, 3]",221.91469660434277,221.91469660434277,0.0,True,True,9.899999986373587e-05,251.6953125,251.6953125,0.0,,,,221.91469660434277,0.0,True,"{""finite_edges"": true, ""instance_metadata"": {""complete"": true, ""high"": 100.0, ""instance_type"": ""random_symmetric"", ""low"": 1.0, ""n"": 5, ""seed"": 4, ""symmetric"": true}, ""valid_route"": true}"
classical_comparison,classical_comparison_random_symmetric_n5_seed4,random_symmetric,5,4,python_tsp_dynamic_programming,skipped_missing_dependency,,,221.91469660434277,nan,,,0.0005402000001595297,251.6953125,251.6953125,0.0,,,,221.91469660434277,nan,True,"{""instance_metadata"": {""complete"": true, ""high"": 100.0, ""instance_type"": ""random_symmetric"", ""low"": 1.0, ""n"": 5, ""seed"": 4, ""symmetric"": true}}"
classical_comparison,classical_comparison_random_asymmetric_n5_seed4,random_asymmetric,5,4,tn_exact,ok,"[4, 3, 0, 1, 2]",220.13986178236968,220.13986178236968,0.0,True,True,0.007324699999571749,251.6953125,251.6953125,0.0,9.0,,,220.13986178236968,0.0,True,"{""finite_edges"": true, ""instance_metadata"": {""complete"": true, ""high"": 100.0, ""instance_type"": ""random_asymmetric"", ""low"": 1.0, ""n"": 5, ""seed"": 4, ""symmetric"": false}, ""n_layers"": null, ""normalization_factor"": 98.43114699318102, ""normalize"": true, ""seed"": 0, ""tau"": 9.0, ""valid_route"": true}"
classical_comparison,classical_comparison_random_asymmetric_n5_seed4,random_asymmetric,5,4,tn_n_layers_2,ok,"[4, 2, 1, 0, 3]",223.68953142631582,220.13986178236968,0.01612461103230523,True,True,0.006900100000166276,251.6953125,251.6953125,0.0,9.0,2,,220.13986178236968,0.01612461103230523,True,"{""finite_edges"": true, ""instance_metadata"": {""complete"": true, ""high"": 100.0, ""instance_type"": ""random_asymmetric"", ""low"": 1.0, ""n"": 5, ""seed"": 4, ""symmetric"": false}, ""n_layers"": 2, ""normalization_factor"": 98.43114699318102, ""normalize"": true, ""seed"": 0, ""tau"": 9.0, ""valid_route"": true}"
classical_comparison,classical_comparison_random_asymmetric_n5_seed4,random_asymmetric,5,4,tn_n_layers_1,ok,"[4, 2, 1, 0, 3]",223.68953142631582,220.13986178236968,0.01612461103230523,True,True,0.0060856000000057975,251.6953125,251.6953125,0.0,9.0,1,,220.13986178236968,0.01612461103230523,True,"{""finite_edges"": true, ""instance_metadata"": {""complete"": true, ""high"": 100.0, ""instance_type"": ""random_asymmetric"", ""low"": 1.0, ""n"": 5, ""seed"": 4, ""symmetric"": false}, ""n_layers"": 1, ""normalization_factor"": 98.43114699318102, ""normalize"": true, ""seed"": 0, ""tau"": 9.0, ""valid_route"": true}"
classical_comparison,classical_comparison_random_asymmetric_n5_seed4,random_asymmetric,5,4,tn_n_layers_0,ok,"[4, 3, 0, 1, 2]",220.13986178236968,220.13986178236968,0.0,True,True,0.004410400000324444,251.6953125,251.6953125,0.0,9.0,0,,220.13986178236968,0.0,True,"{""finite_edges"": true, ""instance_metadata"": {""complete"": true, ""high"": 100.0, ""instance_type"": ""random_asymmetric"", ""low"": 1.0, ""n"": 5, ""seed"": 4, ""symmetric"": false}, ""n_layers"": 0, ""normalization_factor"": 98.43114699318102, ""normalize"": true, ""seed"": 0, ""tau"": 9.0, ""valid_route"": true}"
classical_comparison,classical_comparison_random_asymmetric_n5_seed4,random_asymmetric,5,4,held_karp,ok,"[4, 3, 0, 1, 2]",220.13986178236968,220.13986178236968,0.0,True,True,4.149999995206599e-05,251.6953125,251.6953125,0.0,,,,220.13986178236968,0.0,True,"{""instance_metadata"": {""complete"": true, ""high"": 100.0, ""instance_type"": ""random_asymmetric"", ""low"": 1.0, ""n"": 5, ""seed"": 4, ""symmetric"": false}, ""max_n"": 18, ""start"": 4}"
classical_comparison,classical_comparison_random_asymmetric_n5_seed4,random_asymmetric,5,4,bruteforce,ok,"[4, 3, 0, 1, 2]",220.13986178236968,220.13986178236968,0.0,True,True,6.639999992330559e-05,251.6953125,251.6953125,0.0,,,,220.13986178236968,0.0,True,"{""instance_metadata"": {""complete"": true, ""high"": 100.0, ""instance_type"": ""random_asymmetric"", ""low"": 1.0, ""n"": 5, ""seed"": 4, ""symmetric"": false}, ""max_n"": 10, ""permutations_checked"": 24, ""start"": 4}"
classical_comparison,classical_comparison_random_asymmetric_n5_seed4,random_asymmetric,5,4,ortools,ok,"[4, 3, 0, 1, 2]",220.13986178236968,220.13986178236968,0.0,True,True,0.0010237000001325214,251.6953125,251.6953125,0.0,,,5.0,220.13986178236968,0.0,True,"{""finite_edges"": true, ""infinity_penalty"": 492155735000, ""instance_metadata"": {""complete"": true, ""high"": 100.0, ""instance_type"": ""random_asymmetric"", ""low"": 1.0, ""n"": 5, ""seed"": 4, ""symmetric"": false}, ""integer_scale"": 1000000, ""start"": 4, ""time_limit_s"": 5.0, ""valid_route"": true}"
classical_comparison,classical_comparison_random_asymmetric_n5_seed4,random_asymmetric,5,4,networkx_christofides,skipped_not_applicable,,,220.13986178236968,nan,,,7.340000001931912e-05,251.6953125,251.6953125,0.0,,,,220.13986178236968,nan,True,"{""instance_metadata"": {""complete"": true, ""high"": 100.0, ""instance_type"": ""random_asymmetric"", ""low"": 1.0, ""n"": 5, ""seed"": 4, ""symmetric"": false}, ""requires_metric_symmetric_complete"": true}"
classical_comparison,classical_comparison_random_asymmetric_n5_seed4,random_asymmetric,5,4,networkx_greedy,ok,"[4, 3, 0, 1, 2]",220.13986178236968,220.13986178236968,0.0,True,True,0.0001052999996318249,251.6953125,251.6953125,0.0,,,,220.13986178236968,0.0,True,"{""finite_edges"": true, ""instance_metadata"": {""complete"": true, ""high"": 100.0, ""instance_type"": ""random_asymmetric"", ""low"": 1.0, ""n"": 5, ""seed"": 4, ""symmetric"": false}, ""valid_route"": true}"
classical_comparison,classical_comparison_random_asymmetric_n5_seed4,random_asymmetric,5,4,python_tsp_dynamic_programming,skipped_missing_dependency,,,220.13986178236968,nan,,,0.0005406999998740503,251.6953125,251.6953125,0.0,,,,220.13986178236968,nan,True,"{""instance_metadata"": {""complete"": true, ""high"": 100.0, ""instance_type"": ""random_asymmetric"", ""low"": 1.0, ""n"": 5, ""seed"": 4, ""symmetric"": false}}"
classical_comparison,classical_comparison_euclidean_n6_seed0,euclidean,6,0,tn_exact,ok,"[5, 0, 3, 2, 4, 1]",3150.9830787861392,3150.9830787861392,0.0,True,True,0.013202199999795994,251.69921875,251.921875,0.22265625,30.0,,,3150.9830787861392,0.0,True,"{""finite_edges"": true, ""instance_metadata"": {""complete"": true, ""instance_type"": ""euclidean"", ""n"": 6, ""points"": [[636.9616873214543, 269.7867137638703], [40.97352393619469, 16.527635528529096], [813.2702392002724, 912.7555772777217], [606.6357757671799, 729.4965609839984], [543.6249914654229, 935.0724237877682], [815.8535541215322, 2.738500170148095]], ""scale"": 1000.0, ""seed"": 0, ""symmetric"": true}, ""n_layers"": null, ""normalization_factor"": 1183.0751201760934, ""normalize"": true, ""seed"": 0, ""tau"": 30.0, ""valid_route"": true}"
classical_comparison,classical_comparison_euclidean_n6_seed0,euclidean,6,0,tn_n_layers_3,ok,"[5, 0, 3, 2, 4, 1]",3150.9830787861392,3150.9830787861392,0.0,True,True,0.012371299999813345,251.921875,251.9296875,0.0078125,30.0,3,,3150.9830787861392,0.0,True,"{""finite_edges"": true, ""instance_metadata"": {""complete"": true, ""instance_type"": ""euclidean"", ""n"": 6, ""points"": [[636.9616873214543, 269.7867137638703], [40.97352393619469, 16.527635528529096], [813.2702392002724, 912.7555772777217], [606.6357757671799, 729.4965609839984], [543.6249914654229, 935.0724237877682], [815.8535541215322, 2.738500170148095]], ""scale"": 1000.0, ""seed"": 0, ""symmetric"": true}, ""n_layers"": 3, ""normalization_factor"": 1183.0751201760934, ""normalize"": true, ""seed"": 0, ""tau"": 30.0, ""valid_route"": true}"
classical_comparison,classical_comparison_euclidean_n6_seed0,euclidean,6,0,tn_n_layers_2,ok,"[5, 0, 3, 2, 4, 1]",3150.9830787861392,3150.9830787861392,0.0,True,True,0.011099299999841605,251.9296875,251.9296875,0.0,30.0,2,,3150.9830787861392,0.0,True,"{""finite_edges"": true, ""instance_metadata"": {""complete"": true, ""instance_type"": ""euclidean"", ""n"": 6, ""points"": [[636.9616873214543, 269.7867137638703], [40.97352393619469, 16.527635528529096], [813.2702392002724, 912.7555772777217], [606.6357757671799, 729.4965609839984], [543.6249914654229, 935.0724237877682], [815.8535541215322, 2.738500170148095]], ""scale"": 1000.0, ""seed"": 0, ""symmetric"": true}, ""n_layers"": 2, ""normalization_factor"": 1183.0751201760934, ""normalize"": true, ""seed"": 0, ""tau"": 30.0, ""valid_route"": true}"
classical_comparison,classical_comparison_euclidean_n6_seed0,euclidean,6,0,tn_n_layers_1,ok,"[5, 0, 3, 4, 2, 1]",3225.799533332568,3150.9830787861392,0.023743845230438522,True,True,0.009145900000021356,251.9296875,251.9296875,0.0,30.0,1,,3150.9830787861392,0.023743845230438522,True,"{""finite_edges"": true, ""instance_metadata"": {""complete"": true, ""instance_type"": ""euclidean"", ""n"": 6, ""points"": [[636.9616873214543, 269.7867137638703], [40.97352393619469, 16.527635528529096], [813.2702392002724, 912.7555772777217], [606.6357757671799, 729.4965609839984], [543.6249914654229, 935.0724237877682], [815.8535541215322, 2.738500170148095]], ""scale"": 1000.0, ""seed"": 0, ""symmetric"": true}, ""n_layers"": 1, ""normalization_factor"": 1183.0751201760934, ""normalize"": true, ""seed"": 0, ""tau"": 30.0, ""valid_route"": true}"
classical_comparison,classical_comparison_euclidean_n6_seed0,euclidean,6,0,tn_n_layers_0,ok,"[5, 0, 3, 4, 2, 1]",3225.799533332568,3150.9830787861392,0.023743845230438522,True,True,0.006819100000029721,251.9296875,251.94140625,0.01171875,30.0,0,,3150.9830787861392,0.023743845230438522,True,"{""finite_edges"": true, ""instance_metadata"": {""complete"": true, ""instance_type"": ""euclidean"", ""n"": 6, ""points"": [[636.9616873214543, 269.7867137638703], [40.97352393619469, 16.527635528529096], [813.2702392002724, 912.7555772777217], [606.6357757671799, 729.4965609839984], [543.6249914654229, 935.0724237877682], [815.8535541215322, 2.738500170148095]], ""scale"": 1000.0, ""seed"": 0, ""symmetric"": true}, ""n_layers"": 0, ""normalization_factor"": 1183.0751201760934, ""normalize"": true, ""seed"": 0, ""tau"": 30.0, ""valid_route"": true}"
classical_comparison,classical_comparison_euclidean_n6_seed0,euclidean,6,0,held_karp,ok,"[5, 1, 4, 2, 3, 0]",3150.9830787861392,3150.9830787861392,0.0,True,True,0.000388699999803066,251.94140625,251.9453125,0.00390625,,,,3150.9830787861392,0.0,True,"{""instance_metadata"": {""complete"": true, ""instance_type"": ""euclidean"", ""n"": 6, ""points"": [[636.9616873214543, 269.7867137638703], [40.97352393619469, 16.527635528529096], [813.2702392002724, 912.7555772777217], [606.6357757671799, 729.4965609839984], [543.6249914654229, 935.0724237877682], [815.8535541215322, 2.738500170148095]], ""scale"": 1000.0, ""seed"": 0, ""symmetric"": true}, ""max_n"": 18, ""start"": 5}"
classical_comparison,classical_comparison_euclidean_n6_seed0,euclidean,6,0,bruteforce,ok,"[5, 0, 3, 2, 4, 1]",3150.9830787861392,3150.9830787861392,0.0,True,True,0.00033540000003995374,251.9453125,251.9453125,0.0,,,,3150.9830787861392,0.0,True,"{""instance_metadata"": {""complete"": true, ""instance_type"": ""euclidean"", ""n"": 6, ""points"": [[636.9616873214543, 269.7867137638703], [40.97352393619469, 16.527635528529096], [813.2702392002724, 912.7555772777217], [606.6357757671799, 729.4965609839984], [543.6249914654229, 935.0724237877682], [815.8535541215322, 2.738500170148095]], ""scale"": 1000.0, ""seed"": 0, ""symmetric"": true}, ""max_n"": 10, ""permutations_checked"": 120, ""start"": 5}"
classical_comparison,classical_comparison_euclidean_n6_seed0,euclidean,6,0,ortools,ok,"[5, 0, 3, 2, 4, 1]",3150.9830787861392,3150.9830787861392,0.0,True,True,0.0012228000000504835,251.9453125,251.99609375,0.05078125,,,5.0,3150.9830787861392,0.0,True,"{""finite_edges"": true, ""infinity_penalty"": 7098450720000, ""instance_metadata"": {""complete"": true, ""instance_type"": ""euclidean"", ""n"": 6, ""points"": [[636.9616873214543, 269.7867137638703], [40.97352393619469, 16.527635528529096], [813.2702392002724, 912.7555772777217], [606.6357757671799, 729.4965609839984], [543.6249914654229, 935.0724237877682], [815.8535541215322, 2.738500170148095]], ""scale"": 1000.0, ""seed"": 0, ""symmetric"": true}, ""integer_scale"": 1000000, ""start"": 5, ""time_limit_s"": 5.0, ""valid_route"": true}"
classical_comparison,classical_comparison_euclidean_n6_seed0,euclidean,6,0,networkx_christofides,ok,"[5, 0, 2, 4, 3, 1]",3158.828014339694,3150.9830787861392,0.002489678731177781,True,True,0.0005342999997992592,251.99609375,251.99609375,0.0,,,,3150.9830787861392,0.002489678731177781,True,"{""finite_edges"": true, ""instance_metadata"": {""complete"": true, ""instance_type"": ""euclidean"", ""n"": 6, ""points"": [[636.9616873214543, 269.7867137638703], [40.97352393619469, 16.527635528529096], [813.2702392002724, 912.7555772777217], [606.6357757671799, 729.4965609839984], [543.6249914654229, 935.0724237877682], [815.8535541215322, 2.738500170148095]], ""scale"": 1000.0, ""seed"": 0, ""symmetric"": true}, ""requires_metric_symmetric_complete"": true, ""valid_route"": true}"
classical_comparison,classical_comparison_euclidean_n6_seed0,euclidean,6,0,networkx_greedy,ok,"[5, 0, 3, 4, 2, 1]",3225.799533332568,3150.9830787861392,0.023743845230438522,True,True,9.490000002188026e-05,251.99609375,251.99609375,0.0,,,,3150.9830787861392,0.023743845230438522,True,"{""finite_edges"": true, ""instance_metadata"": {""complete"": true, ""instance_type"": ""euclidean"", ""n"": 6, ""points"": [[636.9616873214543, 269.7867137638703], [40.97352393619469, 16.527635528529096], [813.2702392002724, 912.7555772777217], [606.6357757671799, 729.4965609839984], [543.6249914654229, 935.0724237877682], [815.8535541215322, 2.738500170148095]], ""scale"": 1000.0, ""seed"": 0, ""symmetric"": true}, ""valid_route"": true}"
classical_comparison,classical_comparison_euclidean_n6_seed0,euclidean,6,0,python_tsp_dynamic_programming,skipped_missing_dependency,,,3150.9830787861392,nan,,,0.0006094000000302913,251.99609375,251.99609375,0.0,,,,3150.9830787861392,nan,True,"{""instance_metadata"": {""complete"": true, ""instance_type"": ""euclidean"", ""n"": 6, ""points"": [[636.9616873214543, 269.7867137638703], [40.97352393619469, 16.527635528529096], [813.2702392002724, 912.7555772777217], [606.6357757671799, 729.4965609839984], [543.6249914654229, 935.0724237877682], [815.8535541215322, 2.738500170148095]], ""scale"": 1000.0, ""seed"": 0, ""symmetric"": true}}"
classical_comparison,classical_comparison_random_symmetric_n6_seed0,random_symmetric,6,0,tn_exact,ok,"[5, 1, 2, 3, 0, 4]",208.6309357788776,208.63093577887756,2.724592048087004e-16,True,True,0.012997799999993731,251.99609375,252.0,0.00390625,30.0,,,208.63093577887756,2.724592048087004e-16,True,"{""finite_edges"": true, ""instance_metadata"": {""complete"": true, ""high"": 100.0, ""instance_type"": ""random_symmetric"", ""low"": 1.0, ""n"": 6, ""seed"": 0, ""symmetric"": true}, ""n_layers"": null, ""normalization_factor"": 93.08924847788533, ""normalize"": true, ""seed"": 0, ""tau"": 30.0, ""valid_route"": true}"
classical_comparison,classical_comparison_random_symmetric_n6_seed0,random_symmetric,6,0,tn_n_layers_3,ok,"[5, 1, 2, 3, 0, 4]",208.6309357788776,208.63093577887756,2.724592048087004e-16,True,True,0.012431000000105996,252.0,252.0078125,0.0078125,30.0,3,,208.63093577887756,2.724592048087004e-16,True,"{""finite_edges"": true, ""instance_metadata"": {""complete"": true, ""high"": 100.0, ""instance_type"": ""random_symmetric"", ""low"": 1.0, ""n"": 6, ""seed"": 0, ""symmetric"": true}, ""n_layers"": 3, ""normalization_factor"": 93.08924847788533, ""normalize"": true, ""seed"": 0, ""tau"": 30.0, ""valid_route"": true}"
classical_comparison,classical_comparison_random_symmetric_n6_seed0,random_symmetric,6,0,tn_n_layers_2,ok,"[5, 1, 0, 3, 2, 4]",244.81273457465545,208.63093577887756,0.17342489818540635,True,True,0.010856999999759864,252.0078125,252.0859375,0.078125,30.0,2,,208.63093577887756,0.17342489818540635,True,"{""finite_edges"": true, ""instance_metadata"": {""complete"": true, ""high"": 100.0, ""instance_type"": ""random_symmetric"", ""low"": 1.0, ""n"": 6, ""seed"": 0, ""symmetric"": true}, ""n_layers"": 2, ""normalization_factor"": 93.08924847788533, ""normalize"": true, ""seed"": 0, ""tau"": 30.0, ""valid_route"": true}"
classical_comparison,classical_comparison_random_symmetric_n6_seed0,random_symmetric,6,0,tn_n_layers_1,ok,"[5, 2, 3, 0, 4, 1]",214.7226368518318,208.63093577887756,0.02919845539786425,True,True,0.009590300000127172,252.0859375,252.10546875,0.01953125,30.0,1,,208.63093577887756,0.02919845539786425,True,"{""finite_edges"": true, ""instance_metadata"": {""complete"": true, ""high"": 100.0, ""instance_type"": ""random_symmetric"", ""low"": 1.0, ""n"": 6, ""seed"": 0, ""symmetric"": true}, ""n_layers"": 1, ""normalization_factor"": 93.08924847788533, ""normalize"": true, ""seed"": 0, ""tau"": 30.0, ""valid_route"": true}"
classical_comparison,classical_comparison_random_symmetric_n6_seed0,random_symmetric,6,0,tn_n_layers_0,ok,"[5, 1, 2, 3, 0, 4]",208.6309357788776,208.63093577887756,2.724592048087004e-16,True,True,0.0068290999997771,252.10546875,252.109375,0.00390625,30.0,0,,208.63093577887756,2.724592048087004e-16,True,"{""finite_edges"": true, ""instance_metadata"": {""complete"": true, ""high"": 100.0, ""instance_type"": ""random_symmetric"", ""low"": 1.0, ""n"": 6, ""seed"": 0, ""symmetric"": true}, ""n_layers"": 0, ""normalization_factor"": 93.08924847788533, ""normalize"": true, ""seed"": 0, ""tau"": 30.0, ""valid_route"": true}"
classical_comparison,classical_comparison_random_symmetric_n6_seed0,random_symmetric,6,0,held_karp,ok,"[5, 4, 0, 3, 2, 1]",208.63093577887756,208.63093577887756,0.0,True,True,8.130000014716643e-05,252.109375,252.109375,0.0,,,,208.63093577887756,0.0,True,"{""instance_metadata"": {""complete"": true, ""high"": 100.0, ""instance_type"": ""random_symmetric"", ""low"": 1.0, ""n"": 6, ""seed"": 0, ""symmetric"": true}, ""max_n"": 18, ""start"": 5}"
classical_comparison,classical_comparison_random_symmetric_n6_seed0,random_symmetric,6,0,bruteforce,ok,"[5, 4, 0, 3, 2, 1]",208.63093577887756,208.63093577887756,0.0,True,True,0.00031730000000607106,252.109375,252.109375,0.0,,,,208.63093577887756,0.0,True,"{""instance_metadata"": {""complete"": true, ""high"": 100.0, ""instance_type"": ""random_symmetric"", ""low"": 1.0, ""n"": 6, ""seed"": 0, ""symmetric"": true}, ""max_n"": 10, ""permutations_checked"": 120, ""start"": 5}"
classical_comparison,classical_comparison_random_symmetric_n6_seed0,random_symmetric,6,0,ortools,ok,"[5, 1, 2, 3, 0, 4]",208.6309357788776,208.63093577887756,2.724592048087004e-16,True,True,0.0012110000002394372,252.109375,252.125,0.015625,,,5.0,208.63093577887756,2.724592048087004e-16,True,"{""finite_edges"": true, ""infinity_penalty"": 558535488000, ""instance_metadata"": {""complete"": true, ""high"": 100.0, ""instance_type"": ""random_symmetric"", ""low"": 1.0, ""n"": 6, ""seed"": 0, ""symmetric"": true}, ""integer_scale"": 1000000, ""start"": 5, ""time_limit_s"": 5.0, ""valid_route"": true}"
classical_comparison,classical_comparison_random_symmetric_n6_seed0,random_symmetric,6,0,networkx_christofides,skipped_not_applicable,,,208.63093577887756,nan,,,8.97999998414889e-05,252.125,252.125,0.0,,,,208.63093577887756,nan,True,"{""instance_metadata"": {""complete"": true, ""high"": 100.0, ""instance_type"": ""random_symmetric"", ""low"": 1.0, ""n"": 6, ""seed"": 0, ""symmetric"": true}, ""requires_metric_symmetric_complete"": true}"
classical_comparison,classical_comparison_random_symmetric_n6_seed0,random_symmetric,6,0,networkx_greedy,ok,"[5, 1, 2, 3, 0, 4]",208.6309357788776,208.63093577887756,2.724592048087004e-16,True,True,0.00011989999984507449,252.125,252.125,0.0,,,,208.63093577887756,2.724592048087004e-16,True,"{""finite_edges"": true, ""instance_metadata"": {""complete"": true, ""high"": 100.0, ""instance_type"": ""random_symmetric"", ""low"": 1.0, ""n"": 6, ""seed"": 0, ""symmetric"": true}, ""valid_route"": true}"
classical_comparison,classical_comparison_random_symmetric_n6_seed0,random_symmetric,6,0,python_tsp_dynamic_programming,skipped_missing_dependency,,,208.63093577887756,nan,,,0.0007164999997257837,252.125,252.125,0.0,,,,208.63093577887756,nan,True,"{""instance_metadata"": {""complete"": true, ""high"": 100.0, ""instance_type"": ""random_symmetric"", ""low"": 1.0, ""n"": 6, ""seed"": 0, ""symmetric"": true}}"
classical_comparison,classical_comparison_random_asymmetric_n6_seed0,random_asymmetric,6,0,tn_exact,ok,"[5, 4, 0, 3, 2, 1]",126.96917079455184,126.96917079455184,0.0,True,True,0.01341969999975845,252.125,252.125,0.0,30.0,,,126.96917079455184,0.0,True,"{""finite_edges"": true, ""instance_metadata"": {""complete"": true, ""high"": 100.0, ""instance_type"": ""random_asymmetric"", ""low"": 1.0, ""n"": 6, ""seed"": 0, ""symmetric"": false}, ""n_layers"": null, ""normalization_factor"": 99.7237836431319, ""normalize"": true, ""seed"": 0, ""tau"": 30.0, ""valid_route"": true}"
classical_comparison,classical_comparison_random_asymmetric_n6_seed0,random_asymmetric,6,0,tn_n_layers_3,ok,"[5, 2, 3, 0, 4, 1]",185.20488066967124,126.96917079455184,0.4586602362659381,True,True,0.012788300000011077,252.125,252.125,0.0,30.0,3,,126.96917079455184,0.4586602362659381,True,"{""finite_edges"": true, ""instance_metadata"": {""complete"": true, ""high"": 100.0, ""instance_type"": ""random_asymmetric"", ""low"": 1.0, ""n"": 6, ""seed"": 0, ""symmetric"": false}, ""n_layers"": 3, ""normalization_factor"": 99.7237836431319, ""normalize"": true, ""seed"": 0, ""tau"": 30.0, ""valid_route"": true}"
classical_comparison,classical_comparison_random_asymmetric_n6_seed0,random_asymmetric,6,0,tn_n_layers_2,ok,"[5, 2, 3, 0, 4, 1]",185.20488066967124,126.96917079455184,0.4586602362659381,True,True,0.011459699999704753,252.125,252.125,0.0,30.0,2,,126.96917079455184,0.4586602362659381,True,"{""finite_edges"": true, ""instance_metadata"": {""complete"": true, ""high"": 100.0, ""instance_type"": ""random_asymmetric"", ""low"": 1.0, ""n"": 6, ""seed"": 0, ""symmetric"": false}, ""n_layers"": 2, ""normalization_factor"": 99.7237836431319, ""normalize"": true, ""seed"": 0, ""tau"": 30.0, ""valid_route"": true}"
classical_comparison,classical_comparison_random_asymmetric_n6_seed0,random_asymmetric,6,0,tn_n_layers_1,ok,"[5, 2, 3, 0, 4, 1]",185.20488066967124,126.96917079455184,0.4586602362659381,True,True,0.009528199999749631,252.125,252.125,0.0,30.0,1,,126.96917079455184,0.4586602362659381,True,"{""finite_edges"": true, ""instance_metadata"": {""complete"": true, ""high"": 100.0, ""instance_type"": ""random_asymmetric"", ""low"": 1.0, ""n"": 6, ""seed"": 0, ""symmetric"": false}, ""n_layers"": 1, ""normalization_factor"": 99.7237836431319, ""normalize"": true, ""seed"": 0, ""tau"": 30.0, ""valid_route"": true}"
classical_comparison,classical_comparison_random_asymmetric_n6_seed0,random_asymmetric,6,0,tn_n_layers_0,ok,"[5, 2, 1, 0, 3, 4]",215.17998907591806,126.96917079455184,0.6947420206760244,True,True,0.006897700000081386,252.125,252.125,0.0,30.0,0,,126.96917079455184,0.6947420206760244,True,"{""finite_edges"": true, ""instance_metadata"": {""complete"": true, ""high"": 100.0, ""instance_type"": ""random_asymmetric"", ""low"": 1.0, ""n"": 6, ""seed"": 0, ""symmetric"": false}, ""n_layers"": 0, ""normalization_factor"": 99.7237836431319, ""normalize"": true, ""seed"": 0, ""tau"": 30.0, ""valid_route"": true}"
classical_comparison,classical_comparison_random_asymmetric_n6_seed0,random_asymmetric,6,0,held_karp,ok,"[5, 4, 0, 3, 2, 1]",126.96917079455184,126.96917079455184,0.0,True,True,7.860000005166512e-05,252.125,252.125,0.0,,,,126.96917079455184,0.0,True,"{""instance_metadata"": {""complete"": true, ""high"": 100.0, ""instance_type"": ""random_asymmetric"", ""low"": 1.0, ""n"": 6, ""seed"": 0, ""symmetric"": false}, ""max_n"": 18, ""start"": 5}"
classical_comparison,classical_comparison_random_asymmetric_n6_seed0,random_asymmetric,6,0,bruteforce,ok,"[5, 4, 0, 3, 2, 1]",126.96917079455184,126.96917079455184,0.0,True,True,0.00030259999994086684,252.12890625,252.12890625,0.0,,,,126.96917079455184,0.0,True,"{""instance_metadata"": {""complete"": true, ""high"": 100.0, ""instance_type"": ""random_asymmetric"", ""low"": 1.0, ""n"": 6, ""seed"": 0, ""symmetric"": false}, ""max_n"": 10, ""permutations_checked"": 120, ""start"": 5}"
classical_comparison,classical_comparison_random_asymmetric_n6_seed0,random_asymmetric,6,0,ortools,ok,"[5, 4, 0, 3, 2, 1]",126.96917079455184,126.96917079455184,0.0,True,True,0.0012707999999292952,252.12890625,252.1328125,0.00390625,,,5.0,126.96917079455184,0.0,True,"{""finite_edges"": true, ""infinity_penalty"": 598342704000, ""instance_metadata"": {""complete"": true, ""high"": 100.0, ""instance_type"": ""random_asymmetric"", ""low"": 1.0, ""n"": 6, ""seed"": 0, ""symmetric"": false}, ""integer_scale"": 1000000, ""start"": 5, ""time_limit_s"": 5.0, ""valid_route"": true}"
classical_comparison,classical_comparison_random_asymmetric_n6_seed0,random_asymmetric,6,0,networkx_christofides,skipped_not_applicable,,,126.96917079455184,nan,,,0.00011470000026747584,252.1328125,252.1328125,0.0,,,,126.96917079455184,nan,True,"{""instance_metadata"": {""complete"": true, ""high"": 100.0, ""instance_type"": ""random_asymmetric"", ""low"": 1.0, ""n"": 6, ""seed"": 0, ""symmetric"": false}, ""requires_metric_symmetric_complete"": true}"
classical_comparison,classical_comparison_random_asymmetric_n6_seed0,random_asymmetric,6,0,networkx_greedy,ok,"[5, 2, 1, 0, 3, 4]",215.17998907591806,126.96917079455184,0.6947420206760244,True,True,0.0001812999998946907,252.1328125,252.13671875,0.00390625,,,,126.96917079455184,0.6947420206760244,True,"{""finite_edges"": true, ""instance_metadata"": {""complete"": true, ""high"": 100.0, ""instance_type"": ""random_asymmetric"", ""low"": 1.0, ""n"": 6, ""seed"": 0, ""symmetric"": false}, ""valid_route"": true}"
classical_comparison,classical_comparison_random_asymmetric_n6_seed0,random_asymmetric,6,0,python_tsp_dynamic_programming,skipped_missing_dependency,,,126.96917079455184,nan,,,0.0005513999999493535,252.13671875,252.13671875,0.0,,,,126.96917079455184,nan,True,"{""instance_metadata"": {""complete"": true, ""high"": 100.0, ""instance_type"": ""random_asymmetric"", ""low"": 1.0, ""n"": 6, ""seed"": 0, ""symmetric"": false}}"
classical_comparison,classical_comparison_euclidean_n6_seed1,euclidean,6,1,tn_exact,ok,"[5, 3, 4, 2, 1, 0]",2479.716632892373,2479.716632892373,0.0,True,True,0.013777499999832798,252.140625,252.14453125,0.00390625,30.0,,,2479.716632892373,0.0,True,"{""finite_edges"": true, ""instance_metadata"": {""complete"": true, ""instance_type"": ""euclidean"", ""n"": 6, ""points"": [[511.82162470025673, 950.4636963259353], [144.15961271963374, 948.6494471372439], [311.83145201048546, 423.32644897257563], [827.7025938204417, 409.1991363691613], [549.5936876730595, 27.559113243068367], [753.5131086748066, 538.1433132192782]], ""scale"": 1000.0, ""seed"": 1, ""symmetric"": true}, ""n_layers"": null, ""normalization_factor"": 1006.3717962694622, ""normalize"": true, ""seed"": 0, ""tau"": 30.0, ""valid_route"": true}"
classical_comparison,classical_comparison_euclidean_n6_seed1,euclidean,6,1,tn_n_layers_3,ok,"[5, 3, 4, 2, 1, 0]",2479.716632892373,2479.716632892373,0.0,True,True,0.012292599999909726,252.14453125,252.14453125,0.0,30.0,3,,2479.716632892373,0.0,True,"{""finite_edges"": true, ""instance_metadata"": {""complete"": true, ""instance_type"": ""euclidean"", ""n"": 6, ""points"": [[511.82162470025673, 950.4636963259353], [144.15961271963374, 948.6494471372439], [311.83145201048546, 423.32644897257563], [827.7025938204417, 409.1991363691613], [549.5936876730595, 27.559113243068367], [753.5131086748066, 538.1433132192782]], ""scale"": 1000.0, ""seed"": 1, ""symmetric"": true}, ""n_layers"": 3, ""normalization_factor"": 1006.3717962694622, ""normalize"": true, ""seed"": 0, ""tau"": 30.0, ""valid_route"": true}"
classical_comparison,classical_comparison_euclidean_n6_seed1,euclidean,6,1,tn_n_layers_2,ok,"[5, 0, 1, 2, 4, 3]",2479.716632892373,2479.716632892373,0.0,True,True,0.010842300000149407,252.14453125,252.14453125,0.0,30.0,2,,2479.716632892373,0.0,True,"{""finite_edges"": true, ""instance_metadata"": {""complete"": true, ""instance_type"": ""euclidean"", ""n"": 6, ""points"": [[511.82162470025673, 950.4636963259353], [144.15961271963374, 948.6494471372439], [311.83145201048546, 423.32644897257563], [827.7025938204417, 409.1991363691613], [549.5936876730595, 27.559113243068367], [753.5131086748066, 538.1433132192782]], ""scale"": 1000.0, ""seed"": 1, ""symmetric"": true}, ""n_layers"": 2, ""normalization_factor"": 1006.3717962694622, ""normalize"": true, ""seed"": 0, ""tau"": 30.0, ""valid_route"": true}"
classical_comparison,classical_comparison_euclidean_n6_seed1,euclidean,6,1,tn_n_layers_1,ok,"[5, 0, 1, 2, 4, 3]",2479.716632892373,2479.716632892373,0.0,True,True,0.009569199999987177,252.14453125,252.14453125,0.0,30.0,1,,2479.716632892373,0.0,True,"{""finite_edges"": true, ""instance_metadata"": {""complete"": true, ""instance_type"": ""euclidean"", ""n"": 6, ""points"": [[511.82162470025673, 950.4636963259353], [144.15961271963374, 948.6494471372439], [311.83145201048546, 423.32644897257563], [827.7025938204417, 409.1991363691613], [549.5936876730595, 27.559113243068367], [753.5131086748066, 538.1433132192782]], ""scale"": 1000.0, ""seed"": 1, ""symmetric"": true}, ""n_layers"": 1, ""normalization_factor"": 1006.3717962694622, ""normalize"": true, ""seed"": 0, ""tau"": 30.0, ""valid_route"": true}"
classical_comparison,classical_comparison_euclidean_n6_seed1,euclidean,6,1,tn_n_layers_0,ok,"[5, 3, 2, 4, 0, 1]",3152.5966960066316,2479.716632892373,0.2713536112105691,True,True,0.006676200000129029,252.14453125,252.171875,0.02734375,30.0,0,,2479.716632892373,0.2713536112105691,True,"{""finite_edges"": true, ""instance_metadata"": {""complete"": true, ""instance_type"": ""euclidean"", ""n"": 6, ""points"": [[511.82162470025673, 950.4636963259353], [144.15961271963374, 948.6494471372439], [311.83145201048546, 423.32644897257563], [827.7025938204417, 409.1991363691613], [549.5936876730595, 27.559113243068367], [753.5131086748066, 538.1433132192782]], ""scale"": 1000.0, ""seed"": 1, ""symmetric"": true}, ""n_layers"": 0, ""normalization_factor"": 1006.3717962694622, ""normalize"": true, ""seed"": 0, ""tau"": 30.0, ""valid_route"": true}"
classical_comparison,classical_comparison_euclidean_n6_seed1,euclidean,6,1,held_karp,ok,"[5, 3, 4, 2, 1, 0]",2479.716632892373,2479.716632892373,0.0,True,True,8.560000014767866e-05,252.171875,252.17578125,0.00390625,,,,2479.716632892373,0.0,True,"{""instance_metadata"": {""complete"": true, ""instance_type"": ""euclidean"", ""n"": 6, ""points"": [[511.82162470025673, 950.4636963259353], [144.15961271963374, 948.6494471372439], [311.83145201048546, 423.32644897257563], [827.7025938204417, 409.1991363691613], [549.5936876730595, 27.559113243068367], [753.5131086748066, 538.1433132192782]], ""scale"": 1000.0, ""seed"": 1, ""symmetric"": true}, ""max_n"": 18, ""start"": 5}"
classical_comparison,classical_comparison_euclidean_n6_seed1,euclidean,6,1,bruteforce,ok,"[5, 0, 1, 2, 4, 3]",2479.716632892373,2479.716632892373,0.0,True,True,0.00032549999968978227,252.17578125,252.17578125,0.0,,,,2479.716632892373,0.0,True,"{""instance_metadata"": {""complete"": true, ""instance_type"": ""euclidean"", ""n"": 6, ""points"": [[511.82162470025673, 950.4636963259353], [144.15961271963374, 948.6494471372439], [311.83145201048546, 423.32644897257563], [827.7025938204417, 409.1991363691613], [549.5936876730595, 27.559113243068367], [753.5131086748066, 538.1433132192782]], ""scale"": 1000.0, ""seed"": 1, ""symmetric"": true}, ""max_n"": 10, ""permutations_checked"": 120, ""start"": 5}"
classical_comparison,classical_comparison_euclidean_n6_seed1,euclidean,6,1,ortools,ok,"[5, 3, 4, 2, 1, 0]",2479.716632892373,2479.716632892373,0.0,True,True,0.0011097999999947206,252.17578125,252.17578125,0.0,,,5.0,2479.716632892373,0.0,True,"{""finite_edges"": true, ""infinity_penalty"": 6038230776000, ""instance_metadata"": {""complete"": true, ""instance_type"": ""euclidean"", ""n"": 6, ""points"": [[511.82162470025673, 950.4636963259353], [144.15961271963374, 948.6494471372439], [311.83145201048546, 423.32644897257563], [827.7025938204417, 409.1991363691613], [549.5936876730595, 27.559113243068367], [753.5131086748066, 538.1433132192782]], ""scale"": 1000.0, ""seed"": 1, ""symmetric"": true}, ""integer_scale"": 1000000, ""start"": 5, ""time_limit_s"": 5.0, ""valid_route"": true}"
classical_comparison,classical_comparison_euclidean_n6_seed1,euclidean,6,1,networkx_christofides,ok,"[5, 0, 1, 4, 2, 3]",2978.4981502027927,2479.716632892373,0.20114456252553115,True,True,0.0008986000002551009,252.17578125,252.19140625,0.015625,,,,2479.716632892373,0.20114456252553115,True,"{""finite_edges"": true, ""instance_metadata"": {""complete"": true, ""instance_type"": ""euclidean"", ""n"": 6, ""points"": [[511.82162470025673, 950.4636963259353], [144.15961271963374, 948.6494471372439], [311.83145201048546, 423.32644897257563], [827.7025938204417, 409.1991363691613], [549.5936876730595, 27.559113243068367], [753.5131086748066, 538.1433132192782]], ""scale"": 1000.0, ""seed"": 1, ""symmetric"": true}, ""requires_metric_symmetric_complete"": true, ""valid_route"": true}"
classical_comparison,classical_comparison_euclidean_n6_seed1,euclidean,6,1,networkx_greedy,ok,"[5, 0, 1, 2, 4, 3]",2479.716632892373,2479.716632892373,0.0,True,True,0.00011449999965407187,252.19140625,252.19140625,0.0,,,,2479.716632892373,0.0,True,"{""finite_edges"": true, ""instance_metadata"": {""complete"": true, ""instance_type"": ""euclidean"", ""n"": 6, ""points"": [[511.82162470025673, 950.4636963259353], [144.15961271963374, 948.6494471372439], [311.83145201048546, 423.32644897257563], [827.7025938204417, 409.1991363691613], [549.5936876730595, 27.559113243068367], [753.5131086748066, 538.1433132192782]], ""scale"": 1000.0, ""seed"": 1, ""symmetric"": true}, ""valid_route"": true}"
classical_comparison,classical_comparison_euclidean_n6_seed1,euclidean,6,1,python_tsp_dynamic_programming,skipped_missing_dependency,,,2479.716632892373,nan,,,0.0005836000000272179,252.19140625,252.19140625,0.0,,,,2479.716632892373,nan,True,"{""instance_metadata"": {""complete"": true, ""instance_type"": ""euclidean"", ""n"": 6, ""points"": [[511.82162470025673, 950.4636963259353], [144.15961271963374, 948.6494471372439], [311.83145201048546, 423.32644897257563], [827.7025938204417, 409.1991363691613], [549.5936876730595, 27.559113243068367], [753.5131086748066, 538.1433132192782]], ""scale"": 1000.0, ""seed"": 1, ""symmetric"": true}}"
classical_comparison,classical_comparison_random_symmetric_n6_seed1,random_symmetric,6,1,tn_exact,ok,"[5, 1, 3, 4, 2, 0]",193.8286644820947,193.8286644820947,0.0,True,True,0.012807200000224839,252.19140625,252.19140625,0.0,30.0,,,193.8286644820947,0.0,True,"{""finite_edges"": true, ""instance_metadata"": {""complete"": true, ""high"": 100.0, ""instance_type"": ""random_symmetric"", ""low"": 1.0, ""n"": 6, ""seed"": 1, ""symmetric"": true}, ""n_layers"": null, ""normalization_factor"": 89.01923136224568, ""normalize"": true, ""seed"": 0, ""tau"": 30.0, ""valid_route"": true}"
classical_comparison,classical_comparison_random_symmetric_n6_seed1,random_symmetric,6,1,tn_n_layers_3,ok,"[5, 1, 3, 4, 2, 0]",193.8286644820947,193.8286644820947,0.0,True,True,0.012733300000036252,252.19140625,252.19140625,0.0,30.0,3,,193.8286644820947,0.0,True,"{""finite_edges"": true, ""instance_metadata"": {""complete"": true, ""high"": 100.0, ""instance_type"": ""random_symmetric"", ""low"": 1.0, ""n"": 6, ""seed"": 1, ""symmetric"": true}, ""n_layers"": 3, ""normalization_factor"": 89.01923136224568, ""normalize"": true, ""seed"": 0, ""tau"": 30.0, ""valid_route"": true}"
classical_comparison,classical_comparison_random_symmetric_n6_seed1,random_symmetric,6,1,tn_n_layers_2,ok,"[5, 1, 3, 4, 2, 0]",193.8286644820947,193.8286644820947,0.0,True,True,0.01079329999993206,252.19140625,252.25,0.05859375,30.0,2,,193.8286644820947,0.0,True,"{""finite_edges"": true, ""instance_metadata"": {""complete"": true, ""high"": 100.0, ""instance_type"": ""random_symmetric"", ""low"": 1.0, ""n"": 6, ""seed"": 1, ""symmetric"": true}, ""n_layers"": 2, ""normalization_factor"": 89.01923136224568, ""normalize"": true, ""seed"": 0, ""tau"": 30.0, ""valid_route"": true}"
classical_comparison,classical_comparison_random_symmetric_n6_seed1,random_symmetric,6,1,tn_n_layers_1,ok,"[5, 2, 0, 3, 4, 1]",280.5761491752911,193.8286644820947,0.44754724449545946,True,True,0.009426599999642349,252.25,252.26171875,0.01171875,30.0,1,,193.8286644820947,0.44754724449545946,True,"{""finite_edges"": true, ""instance_metadata"": {""complete"": true, ""high"": 100.0, ""instance_type"": ""random_symmetric"", ""low"": 1.0, ""n"": 6, ""seed"": 1, ""symmetric"": true}, ""n_layers"": 1, ""normalization_factor"": 89.01923136224568, ""normalize"": true, ""seed"": 0, ""tau"": 30.0, ""valid_route"": true}"
classical_comparison,classical_comparison_random_symmetric_n6_seed1,random_symmetric,6,1,tn_n_layers_0,ok,"[5, 1, 3, 0, 2, 4]",244.98969584180747,193.8286644820947,0.26394976974336465,True,True,0.006714499999816326,252.26171875,252.26171875,0.0,30.0,0,,193.8286644820947,0.26394976974336465,True,"{""finite_edges"": true, ""instance_metadata"": {""complete"": true, ""high"": 100.0, ""instance_type"": ""random_symmetric"", ""low"": 1.0, ""n"": 6, ""seed"": 1, ""symmetric"": true}, ""n_layers"": 0, ""normalization_factor"": 89.01923136224568, ""normalize"": true, ""seed"": 0, ""tau"": 30.0, ""valid_route"": true}"
classical_comparison,classical_comparison_random_symmetric_n6_seed1,random_symmetric,6,1,held_karp,ok,"[5, 1, 3, 4, 2, 0]",193.8286644820947,193.8286644820947,0.0,True,True,8.130000014716643e-05,252.26171875,252.26171875,0.0,,,,193.8286644820947,0.0,True,"{""instance_metadata"": {""complete"": true, ""high"": 100.0, ""instance_type"": ""random_symmetric"", ""low"": 1.0, ""n"": 6, ""seed"": 1, ""symmetric"": true}, ""max_n"": 18, ""start"": 5}"
classical_comparison,classical_comparison_random_symmetric_n6_seed1,random_symmetric,6,1,bruteforce,ok,"[5, 0, 2, 4, 3, 1]",193.8286644820947,193.8286644820947,0.0,True,True,0.0003229000003557303,252.26171875,252.26171875,0.0,,,,193.8286644820947,0.0,True,"{""instance_metadata"": {""complete"": true, ""high"": 100.0, ""instance_type"": ""random_symmetric"", ""low"": 1.0, ""n"": 6, ""seed"": 1, ""symmetric"": true}, ""max_n"": 10, ""permutations_checked"": 120, ""start"": 5}"
classical_comparison,classical_comparison_random_symmetric_n6_seed1,random_symmetric,6,1,ortools,ok,"[5, 1, 3, 4, 2, 0]",193.8286644820947,193.8286644820947,0.0,True,True,0.0011933000000681204,252.26171875,252.26171875,0.0,,,5.0,193.8286644820947,0.0,True,"{""finite_edges"": true, ""infinity_penalty"": 534115386000, ""instance_metadata"": {""complete"": true, ""high"": 100.0, ""instance_type"": ""random_symmetric"", ""low"": 1.0, ""n"": 6, ""seed"": 1, ""symmetric"": true}, ""integer_scale"": 1000000, ""start"": 5, ""time_limit_s"": 5.0, ""valid_route"": true}"
classical_comparison,classical_comparison_random_symmetric_n6_seed1,random_symmetric,6,1,networkx_christofides,skipped_not_applicable,,,193.8286644820947,nan,,,0.00010479999991730438,252.26171875,252.26171875,0.0,,,,193.8286644820947,nan,True,"{""instance_metadata"": {""complete"": true, ""high"": 100.0, ""instance_type"": ""random_symmetric"", ""low"": 1.0, ""n"": 6, ""seed"": 1, ""symmetric"": true}, ""requires_metric_symmetric_complete"": true}"
classical_comparison,classical_comparison_random_symmetric_n6_seed1,random_symmetric,6,1,networkx_greedy,ok,"[5, 0, 2, 4, 3, 1]",193.8286644820947,193.8286644820947,0.0,True,True,0.00012190000006739865,252.26171875,252.26171875,0.0,,,,193.8286644820947,0.0,True,"{""finite_edges"": true, ""instance_metadata"": {""complete"": true, ""high"": 100.0, ""instance_type"": ""random_symmetric"", ""low"": 1.0, ""n"": 6, ""seed"": 1, ""symmetric"": true}, ""valid_route"": true}"
classical_comparison,classical_comparison_random_symmetric_n6_seed1,random_symmetric,6,1,python_tsp_dynamic_programming,skipped_missing_dependency,,,193.8286644820947,nan,,,0.0005285000002004381,252.26171875,252.26171875,0.0,,,,193.8286644820947,nan,True,"{""instance_metadata"": {""complete"": true, ""high"": 100.0, ""instance_type"": ""random_symmetric"", ""low"": 1.0, ""n"": 6, ""seed"": 1, ""symmetric"": true}}"
classical_comparison,classical_comparison_random_asymmetric_n6_seed1,random_asymmetric,6,1,tn_exact,ok,"[5, 1, 3, 0, 2, 4]",163.90566226771904,163.90566226771904,0.0,True,True,0.013576499999999214,252.26171875,252.26171875,0.0,30.0,,,163.90566226771904,0.0,True,"{""finite_edges"": true, ""instance_metadata"": {""complete"": true, ""high"": 100.0, ""instance_type"": ""random_asymmetric"", ""low"": 1.0, ""n"": 6, ""seed"": 1, ""symmetric"": false}, ""n_layers"": null, ""normalization_factor"": 98.09298278032263, ""normalize"": true, ""seed"": 0, ""tau"": 30.0, ""valid_route"": true}"
classical_comparison,classical_comparison_random_asymmetric_n6_seed1,random_asymmetric,6,1,tn_n_layers_3,ok,"[5, 1, 3, 0, 2, 4]",163.90566226771904,163.90566226771904,0.0,True,True,0.013034999999945285,252.26171875,252.26171875,0.0,30.0,3,,163.90566226771904,0.0,True,"{""finite_edges"": true, ""instance_metadata"": {""complete"": true, ""high"": 100.0, ""instance_type"": ""random_asymmetric"", ""low"": 1.0, ""n"": 6, ""seed"": 1, ""symmetric"": false}, ""n_layers"": 3, ""normalization_factor"": 98.09298278032263, ""normalize"": true, ""seed"": 0, ""tau"": 30.0, ""valid_route"": true}"
classical_comparison,classical_comparison_random_asymmetric_n6_seed1,random_asymmetric,6,1,tn_n_layers_2,ok,"[5, 1, 3, 0, 2, 4]",163.90566226771904,163.90566226771904,0.0,True,True,0.01072969999995621,252.26171875,252.26171875,0.0,30.0,2,,163.90566226771904,0.0,True,"{""finite_edges"": true, ""instance_metadata"": {""complete"": true, ""high"": 100.0, ""instance_type"": ""random_asymmetric"", ""low"": 1.0, ""n"": 6, ""seed"": 1, ""symmetric"": false}, ""n_layers"": 2, ""normalization_factor"": 98.09298278032263, ""normalize"": true, ""seed"": 0, ""tau"": 30.0, ""valid_route"": true}"
classical_comparison,classical_comparison_random_asymmetric_n6_seed1,random_asymmetric,6,1,tn_n_layers_1,ok,"[5, 1, 3, 0, 2, 4]",163.90566226771904,163.90566226771904,0.0,True,True,0.008844999999837455,252.26171875,252.26171875,0.0,30.0,1,,163.90566226771904,0.0,True,"{""finite_edges"": true, ""instance_metadata"": {""complete"": true, ""high"": 100.0, ""instance_type"": ""random_asymmetric"", ""low"": 1.0, ""n"": 6, ""seed"": 1, ""symmetric"": false}, ""n_layers"": 1, ""normalization_factor"": 98.09298278032263, ""normalize"": true, ""seed"": 0, ""tau"": 30.0, ""valid_route"": true}"
classical_comparison,classical_comparison_random_asymmetric_n6_seed1,random_asymmetric,6,1,tn_n_layers_0,ok,"[5, 1, 3, 0, 2, 4]",163.90566226771904,163.90566226771904,0.0,True,True,0.007085799999913434,252.26171875,252.26171875,0.0,30.0,0,,163.90566226771904,0.0,True,"{""finite_edges"": true, ""instance_metadata"": {""complete"": true, ""high"": 100.0, ""instance_type"": ""random_asymmetric"", ""low"": 1.0, ""n"": 6, ""seed"": 1, ""symmetric"": false}, ""n_layers"": 0, ""normalization_factor"": 98.09298278032263, ""normalize"": true, ""seed"": 0, ""tau"": 30.0, ""valid_route"": true}"
classical_comparison,classical_comparison_random_asymmetric_n6_seed1,random_asymmetric,6,1,held_karp,ok,"[5, 1, 3, 0, 2, 4]",163.90566226771904,163.90566226771904,0.0,True,True,9.960000033970573e-05,252.26171875,252.26171875,0.0,,,,163.90566226771904,0.0,True,"{""instance_metadata"": {""complete"": true, ""high"": 100.0, ""instance_type"": ""random_asymmetric"", ""low"": 1.0, ""n"": 6, ""seed"": 1, ""symmetric"": false}, ""max_n"": 18, ""start"": 5}"
classical_comparison,classical_comparison_random_asymmetric_n6_seed1,random_asymmetric,6,1,bruteforce,ok,"[5, 1, 3, 0, 2, 4]",163.90566226771904,163.90566226771904,0.0,True,True,0.00031260000014299294,252.26171875,252.26171875,0.0,,,,163.90566226771904,0.0,True,"{""instance_metadata"": {""complete"": true, ""high"": 100.0, ""instance_type"": ""random_asymmetric"", ""low"": 1.0, ""n"": 6, ""seed"": 1, ""symmetric"": false}, ""max_n"": 10, ""permutations_checked"": 120, ""start"": 5}"
classical_comparison,classical_comparison_random_asymmetric_n6_seed1,random_asymmetric,6,1,ortools,ok,"[5, 1, 3, 0, 2, 4]",163.90566226771904,163.90566226771904,0.0,True,True,0.001097599999866361,252.26171875,252.26171875,0.0,,,5.0,163.90566226771904,0.0,True,"{""finite_edges"": true, ""infinity_penalty"": 588557898000, ""instance_metadata"": {""complete"": true, ""high"": 100.0, ""instance_type"": ""random_asymmetric"", ""low"": 1.0, ""n"": 6, ""seed"": 1, ""symmetric"": false}, ""integer_scale"": 1000000, ""start"": 5, ""time_limit_s"": 5.0, ""valid_route"": true}"
classical_comparison,classical_comparison_random_asymmetric_n6_seed1,random_asymmetric,6,1,networkx_christofides,skipped_not_applicable,,,163.90566226771904,nan,,,7.479999976567342e-05,252.26171875,252.26171875,0.0,,,,163.90566226771904,nan,True,"{""instance_metadata"": {""complete"": true, ""high"": 100.0, ""instance_type"": ""random_asymmetric"", ""low"": 1.0, ""n"": 6, ""seed"": 1, ""symmetric"": false}, ""requires_metric_symmetric_complete"": true}"
classical_comparison,classical_comparison_random_asymmetric_n6_seed1,random_asymmetric,6,1,networkx_greedy,ok,"[5, 1, 3, 0, 2, 4]",163.90566226771904,163.90566226771904,0.0,True,True,0.00010470000006534974,252.265625,252.265625,0.0,,,,163.90566226771904,0.0,True,"{""finite_edges"": true, ""instance_metadata"": {""complete"": true, ""high"": 100.0, ""instance_type"": ""random_asymmetric"", ""low"": 1.0, ""n"": 6, ""seed"": 1, ""symmetric"": false}, ""valid_route"": true}"
classical_comparison,classical_comparison_random_asymmetric_n6_seed1,random_asymmetric,6,1,python_tsp_dynamic_programming,skipped_missing_dependency,,,163.90566226771904,nan,,,0.000602699999944889,252.265625,252.265625,0.0,,,,163.90566226771904,nan,True,"{""instance_metadata"": {""complete"": true, ""high"": 100.0, ""instance_type"": ""random_asymmetric"", ""low"": 1.0, ""n"": 6, ""seed"": 1, ""symmetric"": false}}"
classical_comparison,classical_comparison_euclidean_n6_seed2,euclidean,6,2,tn_exact,ok,"[5, 1, 2, 4, 0, 3]",2262.754933257355,2262.754933257355,0.0,True,True,0.013494100000116305,252.26953125,252.2734375,0.00390625,30.0,,,2262.754933257355,0.0,True,"{""finite_edges"": true, ""instance_metadata"": {""complete"": true, ""instance_type"": ""euclidean"", ""n"": 6, ""points"": [[261.6121342493164, 298.4911434141233], [814.2257405942803, 91.91594213509691], [600.100525965654, 728.5605268117946], [187.90107336660344, 55.14662733306819], [274.9693679060381, 657.4330148755926], [562.265662780428, 150.06226330533613]], ""scale"": 1000.0, ""seed"": 2, ""symmetric"": true}, ""n_layers"": null, ""normalization_factor"": 789.553461606053, ""normalize"": true, ""seed"": 0, ""tau"": 30.0, ""valid_route"": true}"
classical_comparison,classical_comparison_euclidean_n6_seed2,euclidean,6,2,tn_n_layers_3,ok,"[5, 1, 2, 4, 0, 3]",2262.754933257355,2262.754933257355,0.0,True,True,0.01225529999965147,252.2734375,252.2734375,0.0,30.0,3,,2262.754933257355,0.0,True,"{""finite_edges"": true, ""instance_metadata"": {""complete"": true, ""instance_type"": ""euclidean"", ""n"": 6, ""points"": [[261.6121342493164, 298.4911434141233], [814.2257405942803, 91.91594213509691], [600.100525965654, 728.5605268117946], [187.90107336660344, 55.14662733306819], [274.9693679060381, 657.4330148755926], [562.265662780428, 150.06226330533613]], ""scale"": 1000.0, ""seed"": 2, ""symmetric"": true}, ""n_layers"": 3, ""normalization_factor"": 789.553461606053, ""normalize"": true, ""seed"": 0, ""tau"": 30.0, ""valid_route"": true}"
classical_comparison,classical_comparison_euclidean_n6_seed2,euclidean,6,2,tn_n_layers_2,ok,"[5, 1, 4, 2, 0, 3]",2560.5862644321523,2262.754933257355,0.13162332641390095,True,True,0.011005199999999604,252.2734375,252.2734375,0.0,30.0,2,,2262.754933257355,0.13162332641390095,True,"{""finite_edges"": true, ""instance_metadata"": {""complete"": true, ""instance_type"": ""euclidean"", ""n"": 6, ""points"": [[261.6121342493164, 298.4911434141233], [814.2257405942803, 91.91594213509691], [600.100525965654, 728.5605268117946], [187.90107336660344, 55.14662733306819], [274.9693679060381, 657.4330148755926], [562.265662780428, 150.06226330533613]], ""scale"": 1000.0, ""seed"": 2, ""symmetric"": true}, ""n_layers"": 2, ""normalization_factor"": 789.553461606053, ""normalize"": true, ""seed"": 0, ""tau"": 30.0, ""valid_route"": true}"
classical_comparison,classical_comparison_euclidean_n6_seed2,euclidean,6,2,tn_n_layers_1,ok,"[5, 0, 3, 4, 2, 1]",2461.1987301304434,2262.754933257355,0.08770008362656324,True,True,0.009577799999988201,252.2734375,252.2734375,0.0,30.0,1,,2262.754933257355,0.08770008362656324,True,"{""finite_edges"": true, ""instance_metadata"": {""complete"": true, ""instance_type"": ""euclidean"", ""n"": 6, ""points"": [[261.6121342493164, 298.4911434141233], [814.2257405942803, 91.91594213509691], [600.100525965654, 728.5605268117946], [187.90107336660344, 55.14662733306819], [274.9693679060381, 657.4330148755926], [562.265662780428, 150.06226330533613]], ""scale"": 1000.0, ""seed"": 2, ""symmetric"": true}, ""n_layers"": 1, ""normalization_factor"": 789.553461606053, ""normalize"": true, ""seed"": 0, ""tau"": 30.0, ""valid_route"": true}"
classical_comparison,classical_comparison_euclidean_n6_seed2,euclidean,6,2,tn_n_layers_0,ok,"[5, 1, 0, 3, 4, 2]",2623.90959777255,2262.754933257355,0.15960838675326366,True,True,0.006726699999944685,252.2734375,252.28125,0.0078125,30.0,0,,2262.754933257355,0.15960838675326366,True,"{""finite_edges"": true, ""instance_metadata"": {""complete"": true, ""instance_type"": ""euclidean"", ""n"": 6, ""points"": [[261.6121342493164, 298.4911434141233], [814.2257405942803, 91.91594213509691], [600.100525965654, 728.5605268117946], [187.90107336660344, 55.14662733306819], [274.9693679060381, 657.4330148755926], [562.265662780428, 150.06226330533613]], ""scale"": 1000.0, ""seed"": 2, ""symmetric"": true}, ""n_layers"": 0, ""normalization_factor"": 789.553461606053, ""normalize"": true, ""seed"": 0, ""tau"": 30.0, ""valid_route"": true}"
classical_comparison,classical_comparison_euclidean_n6_seed2,euclidean,6,2,held_karp,ok,"[5, 3, 0, 4, 2, 1]",2262.754933257355,2262.754933257355,0.0,True,True,8.090000028460054e-05,252.28125,252.28125,0.0,,,,2262.754933257355,0.0,True,"{""instance_metadata"": {""complete"": true, ""instance_type"": ""euclidean"", ""n"": 6, ""points"": [[261.6121342493164, 298.4911434141233], [814.2257405942803, 91.91594213509691], [600.100525965654, 728.5605268117946], [187.90107336660344, 55.14662733306819], [274.9693679060381, 657.4330148755926], [562.265662780428, 150.06226330533613]], ""scale"": 1000.0, ""seed"": 2, ""symmetric"": true}, ""max_n"": 18, ""start"": 5}"
classical_comparison,classical_comparison_euclidean_n6_seed2,euclidean,6,2,bruteforce,ok,"[5, 1, 2, 4, 0, 3]",2262.754933257355,2262.754933257355,0.0,True,True,0.00031349999972007936,252.28125,252.28125,0.0,,,,2262.754933257355,0.0,True,"{""instance_metadata"": {""complete"": true, ""instance_type"": ""euclidean"", ""n"": 6, ""points"": [[261.6121342493164, 298.4911434141233], [814.2257405942803, 91.91594213509691], [600.100525965654, 728.5605268117946], [187.90107336660344, 55.14662733306819], [274.9693679060381, 657.4330148755926], [562.265662780428, 150.06226330533613]], ""scale"": 1000.0, ""seed"": 2, ""symmetric"": true}, ""max_n"": 10, ""permutations_checked"": 120, ""start"": 5}"
classical_comparison,classical_comparison_euclidean_n6_seed2,euclidean,6,2,ortools,ok,"[5, 1, 2, 4, 0, 3]",2262.754933257355,2262.754933257355,0.0,True,True,0.0011696999999912805,252.28515625,252.28515625,0.0,,,5.0,2262.754933257355,0.0,True,"{""finite_edges"": true, ""infinity_penalty"": 4737320772000, ""instance_metadata"": {""complete"": true, ""instance_type"": ""euclidean"", ""n"": 6, ""points"": [[261.6121342493164, 298.4911434141233], [814.2257405942803, 91.91594213509691], [600.100525965654, 728.5605268117946], [187.90107336660344, 55.14662733306819], [274.9693679060381, 657.4330148755926], [562.265662780428, 150.06226330533613]], ""scale"": 1000.0, ""seed"": 2, ""symmetric"": true}, ""integer_scale"": 1000000, ""start"": 5, ""time_limit_s"": 5.0, ""valid_route"": true}"
classical_comparison,classical_comparison_euclidean_n6_seed2,euclidean,6,2,networkx_christofides,ok,"[5, 1, 2, 4, 0, 3]",2262.754933257355,2262.754933257355,0.0,True,True,0.0008729000001039822,252.28515625,252.30859375,0.0234375,,,,2262.754933257355,0.0,True,"{""finite_edges"": true, ""instance_metadata"": {""complete"": true, ""instance_type"": ""euclidean"", ""n"": 6, ""points"": [[261.6121342493164, 298.4911434141233], [814.2257405942803, 91.91594213509691], [600.100525965654, 728.5605268117946], [187.90107336660344, 55.14662733306819], [274.9693679060381, 657.4330148755926], [562.265662780428, 150.06226330533613]], ""scale"": 1000.0, ""seed"": 2, ""symmetric"": true}, ""requires_metric_symmetric_complete"": true, ""valid_route"": true}"
classical_comparison,classical_comparison_euclidean_n6_seed2,euclidean,6,2,networkx_greedy,ok,"[5, 1, 0, 3, 4, 2]",2623.90959777255,2262.754933257355,0.15960838675326366,True,True,0.00011249999988649506,252.30859375,252.30859375,0.0,,,,2262.754933257355,0.15960838675326366,True,"{""finite_edges"": true, ""instance_metadata"": {""complete"": true, ""instance_type"": ""euclidean"", ""n"": 6, ""points"": [[261.6121342493164, 298.4911434141233], [814.2257405942803, 91.91594213509691], [600.100525965654, 728.5605268117946], [187.90107336660344, 55.14662733306819], [274.9693679060381, 657.4330148755926], [562.265662780428, 150.06226330533613]], ""scale"": 1000.0, ""seed"": 2, ""symmetric"": true}, ""valid_route"": true}"
classical_comparison,classical_comparison_euclidean_n6_seed2,euclidean,6,2,python_tsp_dynamic_programming,skipped_missing_dependency,,,2262.754933257355,nan,,,0.0005961000001661887,252.30859375,252.30859375,0.0,,,,2262.754933257355,nan,True,"{""instance_metadata"": {""complete"": true, ""instance_type"": ""euclidean"", ""n"": 6, ""points"": [[261.6121342493164, 298.4911434141233], [814.2257405942803, 91.91594213509691], [600.100525965654, 728.5605268117946], [187.90107336660344, 55.14662733306819], [274.9693679060381, 657.4330148755926], [562.265662780428, 150.06226330533613]], ""scale"": 1000.0, ""seed"": 2, ""symmetric"": true}}"
classical_comparison,classical_comparison_random_symmetric_n6_seed2,random_symmetric,6,2,tn_exact,ok,"[5, 4, 0, 3, 2, 1]",258.8802241888551,258.8802241888551,0.0,True,True,0.012813499999992928,252.30859375,252.30859375,0.0,30.0,,,258.8802241888551,0.0,True,"{""finite_edges"": true, ""instance_metadata"": {""complete"": true, ""high"": 100.0, ""instance_type"": ""random_symmetric"", ""low"": 1.0, ""n"": 6, ""seed"": 2, ""symmetric"": true}, ""n_layers"": null, ""normalization_factor"": 81.42761317131263, ""normalize"": true, ""seed"": 0, ""tau"": 30.0, ""valid_route"": true}"
classical_comparison,classical_comparison_random_symmetric_n6_seed2,random_symmetric,6,2,tn_n_layers_3,ok,"[5, 1, 2, 3, 0, 4]",258.8802241888551,258.8802241888551,0.0,True,True,0.012289099999634345,252.30859375,252.30859375,0.0,30.0,3,,258.8802241888551,0.0,True,"{""finite_edges"": true, ""instance_metadata"": {""complete"": true, ""high"": 100.0, ""instance_type"": ""random_symmetric"", ""low"": 1.0, ""n"": 6, ""seed"": 2, ""symmetric"": true}, ""n_layers"": 3, ""normalization_factor"": 81.42761317131263, ""normalize"": true, ""seed"": 0, ""tau"": 30.0, ""valid_route"": true}"
classical_comparison,classical_comparison_random_symmetric_n6_seed2,random_symmetric,6,2,tn_n_layers_2,ok,"[5, 1, 3, 2, 0, 4]",291.7350905666594,258.8802241888551,0.1269114567586144,True,True,0.011123299999781011,252.30859375,252.36328125,0.0546875,30.0,2,,258.8802241888551,0.1269114567586144,True,"{""finite_edges"": true, ""instance_metadata"": {""complete"": true, ""high"": 100.0, ""instance_type"": ""random_symmetric"", ""low"": 1.0, ""n"": 6, ""seed"": 2, ""symmetric"": true}, ""n_layers"": 2, ""normalization_factor"": 81.42761317131263, ""normalize"": true, ""seed"": 0, ""tau"": 30.0, ""valid_route"": true}"
classical_comparison,classical_comparison_random_symmetric_n6_seed2,random_symmetric,6,2,tn_n_layers_1,ok,"[5, 0, 3, 2, 1, 4]",281.85770195652015,258.8802241888551,0.0887571765655719,True,True,0.009450199999719189,252.36328125,252.375,0.01171875,30.0,1,,258.8802241888551,0.0887571765655719,True,"{""finite_edges"": true, ""instance_metadata"": {""complete"": true, ""high"": 100.0, ""instance_type"": ""random_symmetric"", ""low"": 1.0, ""n"": 6, ""seed"": 2, ""symmetric"": true}, ""n_layers"": 1, ""normalization_factor"": 81.42761317131263, ""normalize"": true, ""seed"": 0, ""tau"": 30.0, ""valid_route"": true}"
classical_comparison,classical_comparison_random_symmetric_n6_seed2,random_symmetric,6,2,tn_n_layers_0,ok,"[5, 4, 0, 1, 2, 3]",288.24064283648045,258.8802241888551,0.11341313821718071,True,True,0.006800999999995838,252.375,252.375,0.0,30.0,0,,258.8802241888551,0.11341313821718071,True,"{""finite_edges"": true, ""instance_metadata"": {""complete"": true, ""high"": 100.0, ""instance_type"": ""random_symmetric"", ""low"": 1.0, ""n"": 6, ""seed"": 2, ""symmetric"": true}, ""n_layers"": 0, ""normalization_factor"": 81.42761317131263, ""normalize"": true, ""seed"": 0, ""tau"": 30.0, ""valid_route"": true}"
classical_comparison,classical_comparison_random_symmetric_n6_seed2,random_symmetric,6,2,held_karp,ok,"[5, 4, 0, 3, 2, 1]",258.8802241888551,258.8802241888551,0.0,True,True,8.290000005217735e-05,252.375,252.375,0.0,,,,258.8802241888551,0.0,True,"{""instance_metadata"": {""complete"": true, ""high"": 100.0, ""instance_type"": ""random_symmetric"", ""low"": 1.0, ""n"": 6, ""seed"": 2, ""symmetric"": true}, ""max_n"": 18, ""start"": 5}"
classical_comparison,classical_comparison_random_symmetric_n6_seed2,random_symmetric,6,2,bruteforce,ok,"[5, 1, 2, 3, 0, 4]",258.8802241888551,258.8802241888551,0.0,True,True,0.0003115999998044572,252.375,252.375,0.0,,,,258.8802241888551,0.0,True,"{""instance_metadata"": {""complete"": true, ""high"": 100.0, ""instance_type"": ""random_symmetric"", ""low"": 1.0, ""n"": 6, ""seed"": 2, ""symmetric"": true}, ""max_n"": 10, ""permutations_checked"": 120, ""start"": 5}"
classical_comparison,classical_comparison_random_symmetric_n6_seed2,random_symmetric,6,2,ortools,ok,"[5, 4, 0, 3, 2, 1]",258.8802241888551,258.8802241888551,0.0,True,True,0.0011413000001994078,252.375,252.375,0.0,,,5.0,258.8802241888551,0.0,True,"{""finite_edges"": true, ""infinity_penalty"": 488565678000, ""instance_metadata"": {""complete"": true, ""high"": 100.0, ""instance_type"": ""random_symmetric"", ""low"": 1.0, ""n"": 6, ""seed"": 2, ""symmetric"": true}, ""integer_scale"": 1000000, ""start"": 5, ""time_limit_s"": 5.0, ""valid_route"": true}"
classical_comparison,classical_comparison_random_symmetric_n6_seed2,random_symmetric,6,2,networkx_christofides,skipped_not_applicable,,,258.8802241888551,nan,,,9.210000007442432e-05,252.375,252.375,0.0,,,,258.8802241888551,nan,True,"{""instance_metadata"": {""complete"": true, ""high"": 100.0, ""instance_type"": ""random_symmetric"", ""low"": 1.0, ""n"": 6, ""seed"": 2, ""symmetric"": true}, ""requires_metric_symmetric_complete"": true}"
classical_comparison,classical_comparison_random_symmetric_n6_seed2,random_symmetric,6,2,networkx_greedy,ok,"[5, 2, 1, 3, 0, 4]",268.4785150831009,258.8802241888551,0.03707618426366846,True,True,9.689999978945707e-05,252.375,252.375,0.0,,,,258.8802241888551,0.03707618426366846,True,"{""finite_edges"": true, ""instance_metadata"": {""complete"": true, ""high"": 100.0, ""instance_type"": ""random_symmetric"", ""low"": 1.0, ""n"": 6, ""seed"": 2, ""symmetric"": true}, ""valid_route"": true}"
classical_comparison,classical_comparison_random_symmetric_n6_seed2,random_symmetric,6,2,python_tsp_dynamic_programming,skipped_missing_dependency,,,258.8802241888551,nan,,,0.0006173000001581386,252.375,252.375,0.0,,,,258.8802241888551,nan,True,"{""instance_metadata"": {""complete"": true, ""high"": 100.0, ""instance_type"": ""random_symmetric"", ""low"": 1.0, ""n"": 6, ""seed"": 2, ""symmetric"": true}}"
classical_comparison,classical_comparison_random_asymmetric_n6_seed2,random_asymmetric,6,2,tn_exact,ok,"[5, 0, 3, 1, 2, 4]",186.97445898351285,186.97445898351285,0.0,True,True,0.013332300000001851,252.375,252.37890625,0.00390625,30.0,,,186.97445898351285,0.0,True,"{""finite_edges"": true, ""instance_metadata"": {""complete"": true, ""high"": 100.0, ""instance_type"": ""random_asymmetric"", ""low"": 1.0, ""n"": 6, ""seed"": 2, ""symmetric"": false}, ""n_layers"": null, ""normalization_factor"": 96.77615929687398, ""normalize"": true, ""seed"": 0, ""tau"": 30.0, ""valid_route"": true}"
classical_comparison,classical_comparison_random_asymmetric_n6_seed2,random_asymmetric,6,2,tn_n_layers_3,ok,"[5, 0, 3, 1, 2, 4]",186.97445898351285,186.97445898351285,0.0,True,True,0.013591700000233686,252.37890625,252.37890625,0.0,30.0,3,,186.97445898351285,0.0,True,"{""finite_edges"": true, ""instance_metadata"": {""complete"": true, ""high"": 100.0, ""instance_type"": ""random_asymmetric"", ""low"": 1.0, ""n"": 6, ""seed"": 2, ""symmetric"": false}, ""n_layers"": 3, ""normalization_factor"": 96.77615929687398, ""normalize"": true, ""seed"": 0, ""tau"": 30.0, ""valid_route"": true}"
classical_comparison,classical_comparison_random_asymmetric_n6_seed2,random_asymmetric,6,2,tn_n_layers_2,ok,"[5, 0, 3, 1, 2, 4]",186.97445898351285,186.97445898351285,0.0,True,True,0.010938899999928253,252.37890625,252.37890625,0.0,30.0,2,,186.97445898351285,0.0,True,"{""finite_edges"": true, ""instance_metadata"": {""complete"": true, ""high"": 100.0, ""instance_type"": ""random_asymmetric"", ""low"": 1.0, ""n"": 6, ""seed"": 2, ""symmetric"": false}, ""n_layers"": 2, ""normalization_factor"": 96.77615929687398, ""normalize"": true, ""seed"": 0, ""tau"": 30.0, ""valid_route"": true}"
classical_comparison,classical_comparison_random_asymmetric_n6_seed2,random_asymmetric,6,2,tn_n_layers_1,ok,"[5, 0, 3, 1, 2, 4]",186.97445898351285,186.97445898351285,0.0,True,True,0.008851600000070903,252.37890625,252.37890625,0.0,30.0,1,,186.97445898351285,0.0,True,"{""finite_edges"": true, ""instance_metadata"": {""complete"": true, ""high"": 100.0, ""instance_type"": ""random_asymmetric"", ""low"": 1.0, ""n"": 6, ""seed"": 2, ""symmetric"": false}, ""n_layers"": 1, ""normalization_factor"": 96.77615929687398, ""normalize"": true, ""seed"": 0, ""tau"": 30.0, ""valid_route"": true}"
classical_comparison,classical_comparison_random_asymmetric_n6_seed2,random_asymmetric,6,2,tn_n_layers_0,ok,"[5, 0, 3, 1, 4, 2]",223.53431665915514,186.97445898351285,0.19553396690863584,True,True,0.006678699999611126,252.37890625,252.37890625,0.0,30.0,0,,186.97445898351285,0.19553396690863584,True,"{""finite_edges"": true, ""instance_metadata"": {""complete"": true, ""high"": 100.0, ""instance_type"": ""random_asymmetric"", ""low"": 1.0, ""n"": 6, ""seed"": 2, ""symmetric"": false}, ""n_layers"": 0, ""normalization_factor"": 96.77615929687398, ""normalize"": true, ""seed"": 0, ""tau"": 30.0, ""valid_route"": true}"
classical_comparison,classical_comparison_random_asymmetric_n6_seed2,random_asymmetric,6,2,held_karp,ok,"[5, 0, 3, 1, 2, 4]",186.97445898351285,186.97445898351285,0.0,True,True,8.509999997841078e-05,252.37890625,252.37890625,0.0,,,,186.97445898351285,0.0,True,"{""instance_metadata"": {""complete"": true, ""high"": 100.0, ""instance_type"": ""random_asymmetric"", ""low"": 1.0, ""n"": 6, ""seed"": 2, ""symmetric"": false}, ""max_n"": 18, ""start"": 5}"
classical_comparison,classical_comparison_random_asymmetric_n6_seed2,random_asymmetric,6,2,bruteforce,ok,"[5, 0, 3, 1, 2, 4]",186.97445898351285,186.97445898351285,0.0,True,True,0.0003277999999227177,252.37890625,252.37890625,0.0,,,,186.97445898351285,0.0,True,"{""instance_metadata"": {""complete"": true, ""high"": 100.0, ""instance_type"": ""random_asymmetric"", ""low"": 1.0, ""n"": 6, ""seed"": 2, ""symmetric"": false}, ""max_n"": 10, ""permutations_checked"": 120, ""start"": 5}"
classical_comparison,classical_comparison_random_asymmetric_n6_seed2,random_asymmetric,6,2,ortools,ok,"[5, 0, 3, 1, 2, 4]",186.97445898351285,186.97445898351285,0.0,True,True,0.0011604000001170789,252.37890625,252.37890625,0.0,,,5.0,186.97445898351285,0.0,True,"{""finite_edges"": true, ""infinity_penalty"": 580656954000, ""instance_metadata"": {""complete"": true, ""high"": 100.0, ""instance_type"": ""random_asymmetric"", ""low"": 1.0, ""n"": 6, ""seed"": 2, ""symmetric"": false}, ""integer_scale"": 1000000, ""start"": 5, ""time_limit_s"": 5.0, ""valid_route"": true}"
classical_comparison,classical_comparison_random_asymmetric_n6_seed2,random_asymmetric,6,2,networkx_christofides,skipped_not_applicable,,,186.97445898351285,nan,,,7.980000009411015e-05,252.37890625,252.37890625,0.0,,,,186.97445898351285,nan,True,"{""instance_metadata"": {""complete"": true, ""high"": 100.0, ""instance_type"": ""random_asymmetric"", ""low"": 1.0, ""n"": 6, ""seed"": 2, ""symmetric"": false}, ""requires_metric_symmetric_complete"": true}"
classical_comparison,classical_comparison_random_asymmetric_n6_seed2,random_asymmetric,6,2,networkx_greedy,ok,"[5, 0, 3, 1, 2, 4]",186.97445898351285,186.97445898351285,0.0,True,True,0.00011189999986527255,252.37890625,252.37890625,0.0,,,,186.97445898351285,0.0,True,"{""finite_edges"": true, ""instance_metadata"": {""complete"": true, ""high"": 100.0, ""instance_type"": ""random_asymmetric"", ""low"": 1.0, ""n"": 6, ""seed"": 2, ""symmetric"": false}, ""valid_route"": true}"
classical_comparison,classical_comparison_random_asymmetric_n6_seed2,random_asymmetric,6,2,python_tsp_dynamic_programming,skipped_missing_dependency,,,186.97445898351285,nan,,,0.0004865000000791042,252.37890625,252.37890625,0.0,,,,186.97445898351285,nan,True,"{""instance_metadata"": {""complete"": true, ""high"": 100.0, ""instance_type"": ""random_asymmetric"", ""low"": 1.0, ""n"": 6, ""seed"": 2, ""symmetric"": false}}"
classical_comparison,classical_comparison_euclidean_n6_seed3,euclidean,6,3,tn_exact,ok,"[5, 1, 4, 3, 0, 2]",2054.1127084378963,2054.1127084378963,0.0,True,True,0.014659599999959028,252.3828125,252.38671875,0.00390625,30.0,,,2054.1127084378963,0.0,True,"{""finite_edges"": true, ""instance_metadata"": {""complete"": true, ""instance_type"": ""euclidean"", ""n"": 6, ""points"": [[85.64916714362437, 236.8105065960997], [801.2744652063969, 582.1620360643678], [94.12864224039919, 433.1269402364738], [479.05129814083404, 159.73891463707858], [734.5771514092145, 113.6720199214034], [391.22819049566203, 516.7401826213637]], ""scale"": 1000.0, ""seed"": 3, ""symmetric"": true}, ""n_layers"": null, ""normalization_factor"": 794.5987957035325, ""normalize"": true, ""seed"": 0, ""tau"": 30.0, ""valid_route"": true}"
classical_comparison,classical_comparison_euclidean_n6_seed3,euclidean,6,3,tn_n_layers_3,ok,"[5, 1, 4, 3, 0, 2]",2054.1127084378963,2054.1127084378963,0.0,True,True,0.014738999999735825,252.38671875,252.38671875,0.0,30.0,3,,2054.1127084378963,0.0,True,"{""finite_edges"": true, ""instance_metadata"": {""complete"": true, ""instance_type"": ""euclidean"", ""n"": 6, ""points"": [[85.64916714362437, 236.8105065960997], [801.2744652063969, 582.1620360643678], [94.12864224039919, 433.1269402364738], [479.05129814083404, 159.73891463707858], [734.5771514092145, 113.6720199214034], [391.22819049566203, 516.7401826213637]], ""scale"": 1000.0, ""seed"": 3, ""symmetric"": true}, ""n_layers"": 3, ""normalization_factor"": 794.5987957035325, ""normalize"": true, ""seed"": 0, ""tau"": 30.0, ""valid_route"": true}"
classical_comparison,classical_comparison_euclidean_n6_seed3,euclidean,6,3,tn_n_layers_2,ok,"[5, 1, 3, 4, 0, 2]",2371.816006217244,2054.1127084378963,0.15466692576034624,True,True,0.013509200000044075,252.38671875,252.38671875,0.0,30.0,2,,2054.1127084378963,0.15466692576034624,True,"{""finite_edges"": true, ""instance_metadata"": {""complete"": true, ""instance_type"": ""euclidean"", ""n"": 6, ""points"": [[85.64916714362437, 236.8105065960997], [801.2744652063969, 582.1620360643678], [94.12864224039919, 433.1269402364738], [479.05129814083404, 159.73891463707858], [734.5771514092145, 113.6720199214034], [391.22819049566203, 516.7401826213637]], ""scale"": 1000.0, ""seed"": 3, ""symmetric"": true}, ""n_layers"": 2, ""normalization_factor"": 794.5987957035325, ""normalize"": true, ""seed"": 0, ""tau"": 30.0, ""valid_route"": true}"
classical_comparison,classical_comparison_euclidean_n6_seed3,euclidean,6,3,tn_n_layers_1,ok,"[5, 2, 0, 3, 4, 1]",2054.1127084378963,2054.1127084378963,0.0,True,True,0.01055869999981951,252.38671875,252.38671875,0.0,30.0,1,,2054.1127084378963,0.0,True,"{""finite_edges"": true, ""instance_metadata"": {""complete"": true, ""instance_type"": ""euclidean"", ""n"": 6, ""points"": [[85.64916714362437, 236.8105065960997], [801.2744652063969, 582.1620360643678], [94.12864224039919, 433.1269402364738], [479.05129814083404, 159.73891463707858], [734.5771514092145, 113.6720199214034], [391.22819049566203, 516.7401826213637]], ""scale"": 1000.0, ""seed"": 3, ""symmetric"": true}, ""n_layers"": 1, ""normalization_factor"": 794.5987957035325, ""normalize"": true, ""seed"": 0, ""tau"": 30.0, ""valid_route"": true}"
classical_comparison,classical_comparison_euclidean_n6_seed3,euclidean,6,3,tn_n_layers_0,ok,"[5, 2, 0, 3, 4, 1]",2054.1127084378963,2054.1127084378963,0.0,True,True,0.0077289999999266,252.38671875,252.39453125,0.0078125,30.0,0,,2054.1127084378963,0.0,True,"{""finite_edges"": true, ""instance_metadata"": {""complete"": true, ""instance_type"": ""euclidean"", ""n"": 6, ""points"": [[85.64916714362437, 236.8105065960997], [801.2744652063969, 582.1620360643678], [94.12864224039919, 433.1269402364738], [479.05129814083404, 159.73891463707858], [734.5771514092145, 113.6720199214034], [391.22819049566203, 516.7401826213637]], ""scale"": 1000.0, ""seed"": 3, ""symmetric"": true}, ""n_layers"": 0, ""normalization_factor"": 794.5987957035325, ""normalize"": true, ""seed"": 0, ""tau"": 30.0, ""valid_route"": true}"
classical_comparison,classical_comparison_euclidean_n6_seed3,euclidean,6,3,held_karp,ok,"[5, 2, 0, 3, 4, 1]",2054.1127084378963,2054.1127084378963,0.0,True,True,9.229999977833359e-05,252.3984375,252.40234375,0.00390625,,,,2054.1127084378963,0.0,True,"{""instance_metadata"": {""complete"": true, ""instance_type"": ""euclidean"", ""n"": 6, ""points"": [[85.64916714362437, 236.8105065960997], [801.2744652063969, 582.1620360643678], [94.12864224039919, 433.1269402364738], [479.05129814083404, 159.73891463707858], [734.5771514092145, 113.6720199214034], [391.22819049566203, 516.7401826213637]], ""scale"": 1000.0, ""seed"": 3, ""symmetric"": true}, ""max_n"": 18, ""start"": 5}"
classical_comparison,classical_comparison_euclidean_n6_seed3,euclidean,6,3,bruteforce,ok,"[5, 1, 4, 3, 0, 2]",2054.1127084378963,2054.1127084378963,0.0,True,True,0.0003430000001571898,252.40234375,252.40234375,0.0,,,,2054.1127084378963,0.0,True,"{""instance_metadata"": {""complete"": true, ""instance_type"": ""euclidean"", ""n"": 6, ""points"": [[85.64916714362437, 236.8105065960997], [801.2744652063969, 582.1620360643678], [94.12864224039919, 433.1269402364738], [479.05129814083404, 159.73891463707858], [734.5771514092145, 113.6720199214034], [391.22819049566203, 516.7401826213637]], ""scale"": 1000.0, ""seed"": 3, ""symmetric"": true}, ""max_n"": 10, ""permutations_checked"": 120, ""start"": 5}"
classical_comparison,classical_comparison_euclidean_n6_seed3,euclidean,6,3,ortools,ok,"[5, 2, 0, 3, 4, 1]",2054.1127084378963,2054.1127084378963,0.0,True,True,0.0011242000000493135,252.40234375,252.40625,0.00390625,,,5.0,2054.1127084378963,0.0,True,"{""finite_edges"": true, ""infinity_penalty"": 4767592776000, ""instance_metadata"": {""complete"": true, ""instance_type"": ""euclidean"", ""n"": 6, ""points"": [[85.64916714362437, 236.8105065960997], [801.2744652063969, 582.1620360643678], [94.12864224039919, 433.1269402364738], [479.05129814083404, 159.73891463707858], [734.5771514092145, 113.6720199214034], [391.22819049566203, 516.7401826213637]], ""scale"": 1000.0, ""seed"": 3, ""symmetric"": true}, ""integer_scale"": 1000000, ""start"": 5, ""time_limit_s"": 5.0, ""valid_route"": true}"
classical_comparison,classical_comparison_euclidean_n6_seed3,euclidean,6,3,networkx_christofides,ok,"[5, 0, 2, 1, 4, 3]",2434.0979756617303,2054.1127084378963,0.184987545066504,True,True,0.0009078000002773479,252.40625,252.43359375,0.02734375,,,,2054.1127084378963,0.184987545066504,True,"{""finite_edges"": true, ""instance_metadata"": {""complete"": true, ""instance_type"": ""euclidean"", ""n"": 6, ""points"": [[85.64916714362437, 236.8105065960997], [801.2744652063969, 582.1620360643678], [94.12864224039919, 433.1269402364738], [479.05129814083404, 159.73891463707858], [734.5771514092145, 113.6720199214034], [391.22819049566203, 516.7401826213637]], ""scale"": 1000.0, ""seed"": 3, ""symmetric"": true}, ""requires_metric_symmetric_complete"": true, ""valid_route"": true}"
classical_comparison,classical_comparison_euclidean_n6_seed3,euclidean,6,3,networkx_greedy,ok,"[5, 1, 4, 3, 0, 2]",2054.1127084378963,2054.1127084378963,0.0,True,True,0.0001164000000244414,252.43359375,252.43359375,0.0,,,,2054.1127084378963,0.0,True,"{""finite_edges"": true, ""instance_metadata"": {""complete"": true, ""instance_type"": ""euclidean"", ""n"": 6, ""points"": [[85.64916714362437, 236.8105065960997], [801.2744652063969, 582.1620360643678], [94.12864224039919, 433.1269402364738], [479.05129814083404, 159.73891463707858], [734.5771514092145, 113.6720199214034], [391.22819049566203, 516.7401826213637]], ""scale"": 1000.0, ""seed"": 3, ""symmetric"": true}, ""valid_route"": true}"
classical_comparison,classical_comparison_euclidean_n6_seed3,euclidean,6,3,python_tsp_dynamic_programming,skipped_missing_dependency,,,2054.1127084378963,nan,,,0.000522399999681511,252.43359375,252.43359375,0.0,,,,2054.1127084378963,nan,True,"{""instance_metadata"": {""complete"": true, ""instance_type"": ""euclidean"", ""n"": 6, ""points"": [[85.64916714362437, 236.8105065960997], [801.2744652063969, 582.1620360643678], [94.12864224039919, 433.1269402364738], [479.05129814083404, 159.73891463707858], [734.5771514092145, 113.6720199214034], [391.22819049566203, 516.7401826213637]], ""scale"": 1000.0, ""seed"": 3, ""symmetric"": true}}"
classical_comparison,classical_comparison_random_symmetric_n6_seed3,random_symmetric,6,3,tn_exact,ok,"[5, 0, 4, 2, 3, 1]",229.76298377741074,229.76298377741074,0.0,True,True,0.01503709999997227,252.43359375,252.4375,0.00390625,30.0,,,229.76298377741074,0.0,True,"{""finite_edges"": true, ""instance_metadata"": {""complete"": true, ""high"": 100.0, ""instance_type"": ""random_symmetric"", ""low"": 1.0, ""n"": 6, ""seed"": 3, ""symmetric"": true}, ""n_layers"": null, ""normalization_factor"": 66.40809828094409, ""normalize"": true, ""seed"": 0, ""tau"": 30.0, ""valid_route"": true}"
classical_comparison,classical_comparison_random_symmetric_n6_seed3,random_symmetric,6,3,tn_n_layers_3,ok,"[5, 0, 4, 2, 3, 1]",229.76298377741074,229.76298377741074,0.0,True,True,0.01390240000000631,252.4375,252.4375,0.0,30.0,3,,229.76298377741074,0.0,True,"{""finite_edges"": true, ""instance_metadata"": {""complete"": true, ""high"": 100.0, ""instance_type"": ""random_symmetric"", ""low"": 1.0, ""n"": 6, ""seed"": 3, ""symmetric"": true}, ""n_layers"": 3, ""normalization_factor"": 66.40809828094409, ""normalize"": true, ""seed"": 0, ""tau"": 30.0, ""valid_route"": true}"
classical_comparison,classical_comparison_random_symmetric_n6_seed3,random_symmetric,6,3,tn_n_layers_2,ok,"[5, 0, 4, 2, 3, 1]",229.76298377741074,229.76298377741074,0.0,True,True,0.01145330000008471,252.4375,252.48046875,0.04296875,30.0,2,,229.76298377741074,0.0,True,"{""finite_edges"": true, ""instance_metadata"": {""complete"": true, ""high"": 100.0, ""instance_type"": ""random_symmetric"", ""low"": 1.0, ""n"": 6, ""seed"": 3, ""symmetric"": true}, ""n_layers"": 2, ""normalization_factor"": 66.40809828094409, ""normalize"": true, ""seed"": 0, ""tau"": 30.0, ""valid_route"": true}"
classical_comparison,classical_comparison_random_symmetric_n6_seed3,random_symmetric,6,3,tn_n_layers_1,ok,"[5, 1, 3, 2, 4, 0]",229.76298377741074,229.76298377741074,0.0,True,True,0.009335300000202551,252.48046875,252.50390625,0.0234375,30.0,1,,229.76298377741074,0.0,True,"{""finite_edges"": true, ""instance_metadata"": {""complete"": true, ""high"": 100.0, ""instance_type"": ""random_symmetric"", ""low"": 1.0, ""n"": 6, ""seed"": 3, ""symmetric"": true}, ""n_layers"": 1, ""normalization_factor"": 66.40809828094409, ""normalize"": true, ""seed"": 0, ""tau"": 30.0, ""valid_route"": true}"
classical_comparison,classical_comparison_random_symmetric_n6_seed3,random_symmetric,6,3,tn_n_layers_0,ok,"[5, 1, 0, 4, 2, 3]",266.7666156611683,229.76298377741074,0.16105132025794838,True,True,0.006406500000139204,252.50390625,252.50390625,0.0,30.0,0,,229.76298377741074,0.16105132025794838,True,"{""finite_edges"": true, ""instance_metadata"": {""complete"": true, ""high"": 100.0, ""instance_type"": ""random_symmetric"", ""low"": 1.0, ""n"": 6, ""seed"": 3, ""symmetric"": true}, ""n_layers"": 0, ""normalization_factor"": 66.40809828094409, ""normalize"": true, ""seed"": 0, ""tau"": 30.0, ""valid_route"": true}"
classical_comparison,classical_comparison_random_symmetric_n6_seed3,random_symmetric,6,3,held_karp,ok,"[5, 1, 3, 2, 4, 0]",229.76298377741074,229.76298377741074,0.0,True,True,8.35999999253545e-05,252.50390625,252.50390625,0.0,,,,229.76298377741074,0.0,True,"{""instance_metadata"": {""complete"": true, ""high"": 100.0, ""instance_type"": ""random_symmetric"", ""low"": 1.0, ""n"": 6, ""seed"": 3, ""symmetric"": true}, ""max_n"": 18, ""start"": 5}"
classical_comparison,classical_comparison_random_symmetric_n6_seed3,random_symmetric,6,3,bruteforce,ok,"[5, 0, 4, 2, 3, 1]",229.76298377741074,229.76298377741074,0.0,True,True,0.000320099999953527,252.50390625,252.50390625,0.0,,,,229.76298377741074,0.0,True,"{""instance_metadata"": {""complete"": true, ""high"": 100.0, ""instance_type"": ""random_symmetric"", ""low"": 1.0, ""n"": 6, ""seed"": 3, ""symmetric"": true}, ""max_n"": 10, ""permutations_checked"": 120, ""start"": 5}"
classical_comparison,classical_comparison_random_symmetric_n6_seed3,random_symmetric,6,3,ortools,ok,"[5, 1, 3, 2, 4, 0]",229.76298377741074,229.76298377741074,0.0,True,True,0.001060499999766762,252.50390625,252.50390625,0.0,,,5.0,229.76298377741074,0.0,True,"{""finite_edges"": true, ""infinity_penalty"": 398448588000, ""instance_metadata"": {""complete"": true, ""high"": 100.0, ""instance_type"": ""random_symmetric"", ""low"": 1.0, ""n"": 6, ""seed"": 3, ""symmetric"": true}, ""integer_scale"": 1000000, ""start"": 5, ""time_limit_s"": 5.0, ""valid_route"": true}"
classical_comparison,classical_comparison_random_symmetric_n6_seed3,random_symmetric,6,3,networkx_christofides,skipped_not_applicable,,,229.76298377741074,nan,,,7.570000025225454e-05,252.50390625,252.50390625,0.0,,,,229.76298377741074,nan,True,"{""instance_metadata"": {""complete"": true, ""high"": 100.0, ""instance_type"": ""random_symmetric"", ""low"": 1.0, ""n"": 6, ""seed"": 3, ""symmetric"": true}, ""requires_metric_symmetric_complete"": true}"
classical_comparison,classical_comparison_random_symmetric_n6_seed3,random_symmetric,6,3,networkx_greedy,ok,"[5, 0, 4, 2, 3, 1]",229.76298377741074,229.76298377741074,0.0,True,True,9.439999985261238e-05,252.50390625,252.50390625,0.0,,,,229.76298377741074,0.0,True,"{""finite_edges"": true, ""instance_metadata"": {""complete"": true, ""high"": 100.0, ""instance_type"": ""random_symmetric"", ""low"": 1.0, ""n"": 6, ""seed"": 3, ""symmetric"": true}, ""valid_route"": true}"
classical_comparison,classical_comparison_random_symmetric_n6_seed3,random_symmetric,6,3,python_tsp_dynamic_programming,skipped_missing_dependency,,,229.76298377741074,nan,,,0.0005176000004212256,252.50390625,252.50390625,0.0,,,,229.76298377741074,nan,True,"{""instance_metadata"": {""complete"": true, ""high"": 100.0, ""instance_type"": ""random_symmetric"", ""low"": 1.0, ""n"": 6, ""seed"": 3, ""symmetric"": true}}"
classical_comparison,classical_comparison_random_asymmetric_n6_seed3,random_asymmetric,6,3,tn_exact,ok,"[5, 1, 3, 2, 0, 4]",148.33592094922508,148.33592094922508,0.0,True,True,0.013203300000441232,252.50390625,252.50390625,0.0,30.0,,,148.33592094922508,0.0,True,"{""finite_edges"": true, ""instance_metadata"": {""complete"": true, ""high"": 100.0, ""instance_type"": ""random_asymmetric"", ""low"": 1.0, ""n"": 6, ""seed"": 3, ""symmetric"": false}, ""n_layers"": null, ""normalization_factor"": 95.67045822877375, ""normalize"": true, ""seed"": 0, ""tau"": 30.0, ""valid_route"": true}"
classical_comparison,classical_comparison_random_asymmetric_n6_seed3,random_asymmetric,6,3,tn_n_layers_3,ok,"[5, 1, 3, 2, 0, 4]",148.33592094922508,148.33592094922508,0.0,True,True,0.013225099999999657,252.50390625,252.50390625,0.0,30.0,3,,148.33592094922508,0.0,True,"{""finite_edges"": true, ""instance_metadata"": {""complete"": true, ""high"": 100.0, ""instance_type"": ""random_asymmetric"", ""low"": 1.0, ""n"": 6, ""seed"": 3, ""symmetric"": false}, ""n_layers"": 3, ""normalization_factor"": 95.67045822877375, ""normalize"": true, ""seed"": 0, ""tau"": 30.0, ""valid_route"": true}"
classical_comparison,classical_comparison_random_asymmetric_n6_seed3,random_asymmetric,6,3,tn_n_layers_2,ok,"[5, 0, 1, 3, 2, 4]",176.02088758801327,148.33592094922508,0.1866369687236085,True,True,0.01072569999996631,252.50390625,252.50390625,0.0,30.0,2,,148.33592094922508,0.1866369687236085,True,"{""finite_edges"": true, ""instance_metadata"": {""complete"": true, ""high"": 100.0, ""instance_type"": ""random_asymmetric"", ""low"": 1.0, ""n"": 6, ""seed"": 3, ""symmetric"": false}, ""n_layers"": 2, ""normalization_factor"": 95.67045822877375, ""normalize"": true, ""seed"": 0, ""tau"": 30.0, ""valid_route"": true}"
classical_comparison,classical_comparison_random_asymmetric_n6_seed3,random_asymmetric,6,3,tn_n_layers_1,ok,"[5, 1, 3, 2, 0, 4]",148.33592094922508,148.33592094922508,0.0,True,True,0.009482299999945099,252.50390625,252.50390625,0.0,30.0,1,,148.33592094922508,0.0,True,"{""finite_edges"": true, ""instance_metadata"": {""complete"": true, ""high"": 100.0, ""instance_type"": ""random_asymmetric"", ""low"": 1.0, ""n"": 6, ""seed"": 3, ""symmetric"": false}, ""n_layers"": 1, ""normalization_factor"": 95.67045822877375, ""normalize"": true, ""seed"": 0, ""tau"": 30.0, ""valid_route"": true}"
classical_comparison,classical_comparison_random_asymmetric_n6_seed3,random_asymmetric,6,3,tn_n_layers_0,ok,"[5, 1, 3, 2, 0, 4]",148.33592094922508,148.33592094922508,0.0,True,True,0.006691899999623274,252.50390625,252.50390625,0.0,30.0,0,,148.33592094922508,0.0,True,"{""finite_edges"": true, ""instance_metadata"": {""complete"": true, ""high"": 100.0, ""instance_type"": ""random_asymmetric"", ""low"": 1.0, ""n"": 6, ""seed"": 3, ""symmetric"": false}, ""n_layers"": 0, ""normalization_factor"": 95.67045822877375, ""normalize"": true, ""seed"": 0, ""tau"": 30.0, ""valid_route"": true}"
classical_comparison,classical_comparison_random_asymmetric_n6_seed3,random_asymmetric,6,3,held_karp,ok,"[5, 1, 3, 2, 0, 4]",148.33592094922508,148.33592094922508,0.0,True,True,7.890000006227638e-05,252.50390625,252.50390625,0.0,,,,148.33592094922508,0.0,True,"{""instance_metadata"": {""complete"": true, ""high"": 100.0, ""instance_type"": ""random_asymmetric"", ""low"": 1.0, ""n"": 6, ""seed"": 3, ""symmetric"": false}, ""max_n"": 18, ""start"": 5}"
classical_comparison,classical_comparison_random_asymmetric_n6_seed3,random_asymmetric,6,3,bruteforce,ok,"[5, 1, 3, 2, 0, 4]",148.33592094922508,148.33592094922508,0.0,True,True,0.00030340000012074597,252.50390625,252.50390625,0.0,,,,148.33592094922508,0.0,True,"{""instance_metadata"": {""complete"": true, ""high"": 100.0, ""instance_type"": ""random_asymmetric"", ""low"": 1.0, ""n"": 6, ""seed"": 3, ""symmetric"": false}, ""max_n"": 10, ""permutations_checked"": 120, ""start"": 5}"
classical_comparison,classical_comparison_random_asymmetric_n6_seed3,random_asymmetric,6,3,ortools,ok,"[5, 1, 3, 2, 0, 4]",148.33592094922508,148.33592094922508,0.0,True,True,0.0012115999998059124,252.50390625,252.50390625,0.0,,,5.0,148.33592094922508,0.0,True,"{""finite_edges"": true, ""infinity_penalty"": 574022748000, ""instance_metadata"": {""complete"": true, ""high"": 100.0, ""instance_type"": ""random_asymmetric"", ""low"": 1.0, ""n"": 6, ""seed"": 3, ""symmetric"": false}, ""integer_scale"": 1000000, ""start"": 5, ""time_limit_s"": 5.0, ""valid_route"": true}"
classical_comparison,classical_comparison_random_asymmetric_n6_seed3,random_asymmetric,6,3,networkx_christofides,skipped_not_applicable,,,148.33592094922508,nan,,,7.240000013553072e-05,252.50390625,252.50390625,0.0,,,,148.33592094922508,nan,True,"{""instance_metadata"": {""complete"": true, ""high"": 100.0, ""instance_type"": ""random_asymmetric"", ""low"": 1.0, ""n"": 6, ""seed"": 3, ""symmetric"": false}, ""requires_metric_symmetric_complete"": true}"
classical_comparison,classical_comparison_random_asymmetric_n6_seed3,random_asymmetric,6,3,networkx_greedy,ok,"[5, 1, 3, 2, 4, 0]",185.69034514512708,148.33592094922508,0.2518231858936468,True,True,0.00010410000004412723,252.50390625,252.50390625,0.0,,,,148.33592094922508,0.2518231858936468,True,"{""finite_edges"": true, ""instance_metadata"": {""complete"": true, ""high"": 100.0, ""instance_type"": ""random_asymmetric"", ""low"": 1.0, ""n"": 6, ""seed"": 3, ""symmetric"": false}, ""valid_route"": true}"
classical_comparison,classical_comparison_random_asymmetric_n6_seed3,random_asymmetric,6,3,python_tsp_dynamic_programming,skipped_missing_dependency,,,148.33592094922508,nan,,,0.0005095000001347216,252.50390625,252.50390625,0.0,,,,148.33592094922508,nan,True,"{""instance_metadata"": {""complete"": true, ""high"": 100.0, ""instance_type"": ""random_asymmetric"", ""low"": 1.0, ""n"": 6, ""seed"": 3, ""symmetric"": false}}"
classical_comparison,classical_comparison_euclidean_n6_seed4,euclidean,6,4,tn_exact,ok,"[5, 0, 4, 2, 3, 1]",1326.1478576171367,1326.1478576171367,0.0,True,True,0.013737099999616476,252.50390625,252.5078125,0.00390625,30.0,,,1326.1478576171367,0.0,True,"{""finite_edges"": true, ""instance_metadata"": {""complete"": true, ""instance_type"": ""euclidean"", ""n"": 6, ""points"": [[943.0561055723676, 511.3275528143616], [976.2437057077042, 80.83602389560218], [607.3558319950296, 376.48658437727255], [801.9012069858072, 174.52781614402846], [871.6352741876564, 543.9414007634982], [902.2150797159884, 477.1535238392063]], ""scale"": 1000.0, ""seed"": 4, ""symmetric"": true}, ""n_layers"": null, ""normalization_factor"": 474.7731184777004, ""normalize"": true, ""seed"": 0, ""tau"": 30.0, ""valid_route"": true}"
classical_comparison,classical_comparison_euclidean_n6_seed4,euclidean,6,4,tn_n_layers_3,ok,"[5, 4, 2, 3, 1, 0]",1349.6853564458988,1326.1478576171367,0.017748774160865503,True,True,0.012373099999877013,252.5078125,252.5078125,0.0,30.0,3,,1326.1478576171367,0.017748774160865503,True,"{""finite_edges"": true, ""instance_metadata"": {""complete"": true, ""instance_type"": ""euclidean"", ""n"": 6, ""points"": [[943.0561055723676, 511.3275528143616], [976.2437057077042, 80.83602389560218], [607.3558319950296, 376.48658437727255], [801.9012069858072, 174.52781614402846], [871.6352741876564, 543.9414007634982], [902.2150797159884, 477.1535238392063]], ""scale"": 1000.0, ""seed"": 4, ""symmetric"": true}, ""n_layers"": 3, ""normalization_factor"": 474.7731184777004, ""normalize"": true, ""seed"": 0, ""tau"": 30.0, ""valid_route"": true}"
classical_comparison,classical_comparison_euclidean_n6_seed4,euclidean,6,4,tn_n_layers_2,ok,"[5, 1, 3, 2, 4, 0]",1326.1478576171367,1326.1478576171367,0.0,True,True,0.011198799999874609,252.5078125,252.5078125,0.0,30.0,2,,1326.1478576171367,0.0,True,"{""finite_edges"": true, ""instance_metadata"": {""complete"": true, ""instance_type"": ""euclidean"", ""n"": 6, ""points"": [[943.0561055723676, 511.3275528143616], [976.2437057077042, 80.83602389560218], [607.3558319950296, 376.48658437727255], [801.9012069858072, 174.52781614402846], [871.6352741876564, 543.9414007634982], [902.2150797159884, 477.1535238392063]], ""scale"": 1000.0, ""seed"": 4, ""symmetric"": true}, ""n_layers"": 2, ""normalization_factor"": 474.7731184777004, ""normalize"": true, ""seed"": 0, ""tau"": 30.0, ""valid_route"": true}"
classical_comparison,classical_comparison_euclidean_n6_seed4,euclidean,6,4,tn_n_layers_1,ok,"[5, 4, 2, 3, 1, 0]",1349.6853564458988,1326.1478576171367,0.017748774160865503,True,True,0.009100299999772687,252.5078125,252.5078125,0.0,30.0,1,,1326.1478576171367,0.017748774160865503,True,"{""finite_edges"": true, ""instance_metadata"": {""complete"": true, ""instance_type"": ""euclidean"", ""n"": 6, ""points"": [[943.0561055723676, 511.3275528143616], [976.2437057077042, 80.83602389560218], [607.3558319950296, 376.48658437727255], [801.9012069858072, 174.52781614402846], [871.6352741876564, 543.9414007634982], [902.2150797159884, 477.1535238392063]], ""scale"": 1000.0, ""seed"": 4, ""symmetric"": true}, ""n_layers"": 1, ""normalization_factor"": 474.7731184777004, ""normalize"": true, ""seed"": 0, ""tau"": 30.0, ""valid_route"": true}"
classical_comparison,classical_comparison_euclidean_n6_seed4,euclidean,6,4,tn_n_layers_0,ok,"[5, 0, 4, 2, 3, 1]",1326.1478576171367,1326.1478576171367,0.0,True,True,0.006903599999986909,252.5078125,252.51171875,0.00390625,30.0,0,,1326.1478576171367,0.0,True,"{""finite_edges"": true, ""instance_metadata"": {""complete"": true, ""instance_type"": ""euclidean"", ""n"": 6, ""points"": [[943.0561055723676, 511.3275528143616], [976.2437057077042, 80.83602389560218], [607.3558319950296, 376.48658437727255], [801.9012069858072, 174.52781614402846], [871.6352741876564, 543.9414007634982], [902.2150797159884, 477.1535238392063]], ""scale"": 1000.0, ""seed"": 4, ""symmetric"": true}, ""n_layers"": 0, ""normalization_factor"": 474.7731184777004, ""normalize"": true, ""seed"": 0, ""tau"": 30.0, ""valid_route"": true}"
classical_comparison,classical_comparison_euclidean_n6_seed4,euclidean,6,4,held_karp,ok,"[5, 1, 3, 2, 4, 0]",1326.1478576171367,1326.1478576171367,0.0,True,True,8.139999999912106e-05,252.51171875,252.51171875,0.0,,,,1326.1478576171367,0.0,True,"{""instance_metadata"": {""complete"": true, ""instance_type"": ""euclidean"", ""n"": 6, ""points"": [[943.0561055723676, 511.3275528143616], [976.2437057077042, 80.83602389560218], [607.3558319950296, 376.48658437727255], [801.9012069858072, 174.52781614402846], [871.6352741876564, 543.9414007634982], [902.2150797159884, 477.1535238392063]], ""scale"": 1000.0, ""seed"": 4, ""symmetric"": true}, ""max_n"": 18, ""start"": 5}"
classical_comparison,classical_comparison_euclidean_n6_seed4,euclidean,6,4,bruteforce,ok,"[5, 0, 4, 2, 3, 1]",1326.1478576171367,1326.1478576171367,0.0,True,True,0.00031790000002729357,252.51171875,252.51171875,0.0,,,,1326.1478576171367,0.0,True,"{""instance_metadata"": {""complete"": true, ""instance_type"": ""euclidean"", ""n"": 6, ""points"": [[943.0561055723676, 511.3275528143616], [976.2437057077042, 80.83602389560218], [607.3558319950296, 376.48658437727255], [801.9012069858072, 174.52781614402846], [871.6352741876564, 543.9414007634982], [902.2150797159884, 477.1535238392063]], ""scale"": 1000.0, ""seed"": 4, ""symmetric"": true}, ""max_n"": 10, ""permutations_checked"": 120, ""start"": 5}"
classical_comparison,classical_comparison_euclidean_n6_seed4,euclidean,6,4,ortools,ok,"[5, 0, 4, 2, 3, 1]",1326.1478576171367,1326.1478576171367,0.0,True,True,0.0011733999999705702,252.51171875,252.51953125,0.0078125,,,5.0,1326.1478576171367,0.0,True,"{""finite_edges"": true, ""infinity_penalty"": 2848638708000, ""instance_metadata"": {""complete"": true, ""instance_type"": ""euclidean"", ""n"": 6, ""points"": [[943.0561055723676, 511.3275528143616], [976.2437057077042, 80.83602389560218], [607.3558319950296, 376.48658437727255], [801.9012069858072, 174.52781614402846], [871.6352741876564, 543.9414007634982], [902.2150797159884, 477.1535238392063]], ""scale"": 1000.0, ""seed"": 4, ""symmetric"": true}, ""integer_scale"": 1000000, ""start"": 5, ""time_limit_s"": 5.0, ""valid_route"": true}"
classical_comparison,classical_comparison_euclidean_n6_seed4,euclidean,6,4,networkx_christofides,ok,"[5, 1, 3, 2, 0, 4]",1395.254422365141,1326.1478576171367,0.05211075397895459,True,True,0.0010127000000466069,252.51953125,252.546875,0.02734375,,,,1326.1478576171367,0.05211075397895459,True,"{""finite_edges"": true, ""instance_metadata"": {""complete"": true, ""instance_type"": ""euclidean"", ""n"": 6, ""points"": [[943.0561055723676, 511.3275528143616], [976.2437057077042, 80.83602389560218], [607.3558319950296, 376.48658437727255], [801.9012069858072, 174.52781614402846], [871.6352741876564, 543.9414007634982], [902.2150797159884, 477.1535238392063]], ""scale"": 1000.0, ""seed"": 4, ""symmetric"": true}, ""requires_metric_symmetric_complete"": true, ""valid_route"": true}"
classical_comparison,classical_comparison_euclidean_n6_seed4,euclidean,6,4,networkx_greedy,ok,"[5, 0, 4, 2, 3, 1]",1326.1478576171367,1326.1478576171367,0.0,True,True,0.00011079999967478216,252.546875,252.546875,0.0,,,,1326.1478576171367,0.0,True,"{""finite_edges"": true, ""instance_metadata"": {""complete"": true, ""instance_type"": ""euclidean"", ""n"": 6, ""points"": [[943.0561055723676, 511.3275528143616], [976.2437057077042, 80.83602389560218], [607.3558319950296, 376.48658437727255], [801.9012069858072, 174.52781614402846], [871.6352741876564, 543.9414007634982], [902.2150797159884, 477.1535238392063]], ""scale"": 1000.0, ""seed"": 4, ""symmetric"": true}, ""valid_route"": true}"
classical_comparison,classical_comparison_euclidean_n6_seed4,euclidean,6,4,python_tsp_dynamic_programming,skipped_missing_dependency,,,1326.1478576171367,nan,,,0.0006065000002308807,252.546875,252.546875,0.0,,,,1326.1478576171367,nan,True,"{""instance_metadata"": {""complete"": true, ""instance_type"": ""euclidean"", ""n"": 6, ""points"": [[943.0561055723676, 511.3275528143616], [976.2437057077042, 80.83602389560218], [607.3558319950296, 376.48658437727255], [801.9012069858072, 174.52781614402846], [871.6352741876564, 543.9414007634982], [902.2150797159884, 477.1535238392063]], ""scale"": 1000.0, ""seed"": 4, ""symmetric"": true}}"
classical_comparison,classical_comparison_random_symmetric_n6_seed4,random_symmetric,6,4,tn_exact,ok,"[5, 4, 0, 3, 2, 1]",288.5882509854286,288.5882509854286,0.0,True,True,0.013024400000176684,252.546875,252.546875,0.0,30.0,,,288.5882509854286,0.0,True,"{""finite_edges"": true, ""instance_metadata"": {""complete"": true, ""high"": 100.0, ""instance_type"": ""random_symmetric"", ""low"": 1.0, ""n"": 6, ""seed"": 4, ""symmetric"": true}, ""n_layers"": null, ""normalization_factor"": 93.47260533887669, ""normalize"": true, ""seed"": 0, ""tau"": 30.0, ""valid_route"": true}"
classical_comparison,classical_comparison_random_symmetric_n6_seed4,random_symmetric,6,4,tn_n_layers_3,ok,"[5, 4, 0, 3, 2, 1]",288.5882509854286,288.5882509854286,0.0,True,True,0.012326399999892601,252.546875,252.546875,0.0,30.0,3,,288.5882509854286,0.0,True,"{""finite_edges"": true, ""instance_metadata"": {""complete"": true, ""high"": 100.0, ""instance_type"": ""random_symmetric"", ""low"": 1.0, ""n"": 6, ""seed"": 4, ""symmetric"": true}, ""n_layers"": 3, ""normalization_factor"": 93.47260533887669, ""normalize"": true, ""seed"": 0, ""tau"": 30.0, ""valid_route"": true}"
classical_comparison,classical_comparison_random_symmetric_n6_seed4,random_symmetric,6,4,tn_n_layers_2,ok,"[5, 1, 3, 0, 2, 4]",297.9089078849674,288.5882509854286,0.03229742329326293,True,True,0.011011499999767693,252.546875,252.59765625,0.05078125,30.0,2,,288.5882509854286,0.03229742329326293,True,"{""finite_edges"": true, ""instance_metadata"": {""complete"": true, ""high"": 100.0, ""instance_type"": ""random_symmetric"", ""low"": 1.0, ""n"": 6, ""seed"": 4, ""symmetric"": true}, ""n_layers"": 2, ""normalization_factor"": 93.47260533887669, ""normalize"": true, ""seed"": 0, ""tau"": 30.0, ""valid_route"": true}"
classical_comparison,classical_comparison_random_symmetric_n6_seed4,random_symmetric,6,4,tn_n_layers_1,ok,"[5, 3, 0, 2, 1, 4]",299.470728787533,288.5882509854286,0.037709358454284,True,True,0.01735950000011144,252.59765625,252.609375,0.01171875,30.0,1,,288.5882509854286,0.037709358454284,True,"{""finite_edges"": true, ""instance_metadata"": {""complete"": true, ""high"": 100.0, ""instance_type"": ""random_symmetric"", ""low"": 1.0, ""n"": 6, ""seed"": 4, ""symmetric"": true}, ""n_layers"": 1, ""normalization_factor"": 93.47260533887669, ""normalize"": true, ""seed"": 0, ""tau"": 30.0, ""valid_route"": true}"
classical_comparison,classical_comparison_random_symmetric_n6_seed4,random_symmetric,6,4,tn_n_layers_0,ok,"[5, 4, 0, 3, 1, 2]",329.57481888784395,288.5882509854286,0.1420243816664762,True,True,0.018917400000191265,252.609375,252.609375,0.0,30.0,0,,288.5882509854286,0.1420243816664762,True,"{""finite_edges"": true, ""instance_metadata"": {""complete"": true, ""high"": 100.0, ""instance_type"": ""random_symmetric"", ""low"": 1.0, ""n"": 6, ""seed"": 4, ""symmetric"": true}, ""n_layers"": 0, ""normalization_factor"": 93.47260533887669, ""normalize"": true, ""seed"": 0, ""tau"": 30.0, ""valid_route"": true}"
classical_comparison,classical_comparison_random_symmetric_n6_seed4,random_symmetric,6,4,held_karp,ok,"[5, 4, 0, 3, 2, 1]",288.5882509854286,288.5882509854286,0.0,True,True,8.799999977782136e-05,252.609375,252.609375,0.0,,,,288.5882509854286,0.0,True,"{""instance_metadata"": {""complete"": true, ""high"": 100.0, ""instance_type"": ""random_symmetric"", ""low"": 1.0, ""n"": 6, ""seed"": 4, ""symmetric"": true}, ""max_n"": 18, ""start"": 5}"
classical_comparison,classical_comparison_random_symmetric_n6_seed4,random_symmetric,6,4,bruteforce,ok,"[5, 1, 2, 3, 0, 4]",288.5882509854286,288.5882509854286,0.0,True,True,0.0003103000003648049,252.609375,252.609375,0.0,,,,288.5882509854286,0.0,True,"{""instance_metadata"": {""complete"": true, ""high"": 100.0, ""instance_type"": ""random_symmetric"", ""low"": 1.0, ""n"": 6, ""seed"": 4, ""symmetric"": true}, ""max_n"": 10, ""permutations_checked"": 120, ""start"": 5}"
classical_comparison,classical_comparison_random_symmetric_n6_seed4,random_symmetric,6,4,ortools,ok,"[5, 4, 0, 3, 2, 1]",288.5882509854286,288.5882509854286,0.0,True,True,0.001170699999875069,252.609375,252.609375,0.0,,,5.0,288.5882509854286,0.0,True,"{""finite_edges"": true, ""infinity_penalty"": 560835630000, ""instance_metadata"": {""complete"": true, ""high"": 100.0, ""instance_type"": ""random_symmetric"", ""low"": 1.0, ""n"": 6, ""seed"": 4, ""symmetric"": true}, ""integer_scale"": 1000000, ""start"": 5, ""time_limit_s"": 5.0, ""valid_route"": true}"
classical_comparison,classical_comparison_random_symmetric_n6_seed4,random_symmetric,6,4,networkx_christofides,skipped_not_applicable,,,288.5882509854286,nan,,,9.760000011738157e-05,252.609375,252.609375,0.0,,,,288.5882509854286,nan,True,"{""instance_metadata"": {""complete"": true, ""high"": 100.0, ""instance_type"": ""random_symmetric"", ""low"": 1.0, ""n"": 6, ""seed"": 4, ""symmetric"": true}, ""requires_metric_symmetric_complete"": true}"
classical_comparison,classical_comparison_random_symmetric_n6_seed4,random_symmetric,6,4,networkx_greedy,ok,"[5, 1, 2, 3, 0, 4]",288.5882509854286,288.5882509854286,0.0,True,True,0.00010220000012850505,252.609375,252.609375,0.0,,,,288.5882509854286,0.0,True,"{""finite_edges"": true, ""instance_metadata"": {""complete"": true, ""high"": 100.0, ""instance_type"": ""random_symmetric"", ""low"": 1.0, ""n"": 6, ""seed"": 4, ""symmetric"": true}, ""valid_route"": true}"
classical_comparison,classical_comparison_random_symmetric_n6_seed4,random_symmetric,6,4,python_tsp_dynamic_programming,skipped_missing_dependency,,,288.5882509854286,nan,,,0.000530100000105449,252.609375,252.609375,0.0,,,,288.5882509854286,nan,True,"{""instance_metadata"": {""complete"": true, ""high"": 100.0, ""instance_type"": ""random_symmetric"", ""low"": 1.0, ""n"": 6, ""seed"": 4, ""symmetric"": true}}"
classical_comparison,classical_comparison_random_asymmetric_n6_seed4,random_asymmetric,6,4,tn_exact,ok,"[5, 4, 1, 2, 0, 3]",231.50383899569476,231.50383899569476,0.0,True,True,0.013003200000184734,252.609375,252.609375,0.0,30.0,,,231.50383899569476,0.0,True,"{""finite_edges"": true, ""instance_metadata"": {""complete"": true, ""high"": 100.0, ""instance_type"": ""random_asymmetric"", ""low"": 1.0, ""n"": 6, ""seed"": 4, ""symmetric"": false}, ""n_layers"": null, ""normalization_factor"": 97.64812686506271, ""normalize"": true, ""seed"": 0, ""tau"": 30.0, ""valid_route"": true}"
classical_comparison,classical_comparison_random_asymmetric_n6_seed4,random_asymmetric,6,4,tn_n_layers_3,ok,"[5, 4, 1, 2, 0, 3]",231.50383899569476,231.50383899569476,0.0,True,True,0.012867399999777263,252.609375,252.609375,0.0,30.0,3,,231.50383899569476,0.0,True,"{""finite_edges"": true, ""instance_metadata"": {""complete"": true, ""high"": 100.0, ""instance_type"": ""random_asymmetric"", ""low"": 1.0, ""n"": 6, ""seed"": 4, ""symmetric"": false}, ""n_layers"": 3, ""normalization_factor"": 97.64812686506271, ""normalize"": true, ""seed"": 0, ""tau"": 30.0, ""valid_route"": true}"
classical_comparison,classical_comparison_random_asymmetric_n6_seed4,random_asymmetric,6,4,tn_n_layers_2,ok,"[5, 1, 2, 3, 0, 4]",292.2438039786937,231.50383899569476,0.2623713077351105,True,True,0.011042600000109815,252.609375,252.609375,0.0,30.0,2,,231.50383899569476,0.2623713077351105,True,"{""finite_edges"": true, ""instance_metadata"": {""complete"": true, ""high"": 100.0, ""instance_type"": ""random_asymmetric"", ""low"": 1.0, ""n"": 6, ""seed"": 4, ""symmetric"": false}, ""n_layers"": 2, ""normalization_factor"": 97.64812686506271, ""normalize"": true, ""seed"": 0, ""tau"": 30.0, ""valid_route"": true}"
classical_comparison,classical_comparison_random_asymmetric_n6_seed4,random_asymmetric,6,4,tn_n_layers_1,ok,"[5, 0, 3, 2, 1, 4]",325.0493508553223,231.50383899569476,0.4040775836178129,True,True,0.009260599999834085,252.609375,252.609375,0.0,30.0,1,,231.50383899569476,0.4040775836178129,True,"{""finite_edges"": true, ""instance_metadata"": {""complete"": true, ""high"": 100.0, ""instance_type"": ""random_asymmetric"", ""low"": 1.0, ""n"": 6, ""seed"": 4, ""symmetric"": false}, ""n_layers"": 1, ""normalization_factor"": 97.64812686506271, ""normalize"": true, ""seed"": 0, ""tau"": 30.0, ""valid_route"": true}"
classical_comparison,classical_comparison_random_asymmetric_n6_seed4,random_asymmetric,6,4,tn_n_layers_0,ok,"[5, 4, 0, 3, 1, 2]",328.3489788852487,231.50383899569476,0.4183306000871759,True,True,0.006517400000120688,252.609375,252.609375,0.0,30.0,0,,231.50383899569476,0.4183306000871759,True,"{""finite_edges"": true, ""instance_metadata"": {""complete"": true, ""high"": 100.0, ""instance_type"": ""random_asymmetric"", ""low"": 1.0, ""n"": 6, ""seed"": 4, ""symmetric"": false}, ""n_layers"": 0, ""normalization_factor"": 97.64812686506271, ""normalize"": true, ""seed"": 0, ""tau"": 30.0, ""valid_route"": true}"
classical_comparison,classical_comparison_random_asymmetric_n6_seed4,random_asymmetric,6,4,held_karp,ok,"[5, 4, 1, 2, 0, 3]",231.50383899569476,231.50383899569476,0.0,True,True,9.430000000065775e-05,252.609375,252.609375,0.0,,,,231.50383899569476,0.0,True,"{""instance_metadata"": {""complete"": true, ""high"": 100.0, ""instance_type"": ""random_asymmetric"", ""low"": 1.0, ""n"": 6, ""seed"": 4, ""symmetric"": false}, ""max_n"": 18, ""start"": 5}"
classical_comparison,classical_comparison_random_asymmetric_n6_seed4,random_asymmetric,6,4,bruteforce,ok,"[5, 4, 1, 2, 0, 3]",231.50383899569476,231.50383899569476,0.0,True,True,0.00032820000024003093,252.609375,252.609375,0.0,,,,231.50383899569476,0.0,True,"{""instance_metadata"": {""complete"": true, ""high"": 100.0, ""instance_type"": ""random_asymmetric"", ""low"": 1.0, ""n"": 6, ""seed"": 4, ""symmetric"": false}, ""max_n"": 10, ""permutations_checked"": 120, ""start"": 5}"
classical_comparison,classical_comparison_random_asymmetric_n6_seed4,random_asymmetric,6,4,ortools,ok,"[5, 4, 2, 3, 0, 1]",234.0919444361229,231.50383899569476,0.011179535733212042,True,True,0.0012219000000186497,252.609375,252.609375,0.0,,,5.0,231.50383899569476,0.011179535733212042,True,"{""finite_edges"": true, ""infinity_penalty"": 585888762000, ""instance_metadata"": {""complete"": true, ""high"": 100.0, ""instance_type"": ""random_asymmetric"", ""low"": 1.0, ""n"": 6, ""seed"": 4, ""symmetric"": false}, ""integer_scale"": 1000000, ""start"": 5, ""time_limit_s"": 5.0, ""valid_route"": true}"
classical_comparison,classical_comparison_random_asymmetric_n6_seed4,random_asymmetric,6,4,networkx_christofides,skipped_not_applicable,,,231.50383899569476,nan,,,7.649999997738632e-05,252.609375,252.609375,0.0,,,,231.50383899569476,nan,True,"{""instance_metadata"": {""complete"": true, ""high"": 100.0, ""instance_type"": ""random_asymmetric"", ""low"": 1.0, ""n"": 6, ""seed"": 4, ""symmetric"": false}, ""requires_metric_symmetric_complete"": true}"
classical_comparison,classical_comparison_random_asymmetric_n6_seed4,random_asymmetric,6,4,networkx_greedy,ok,"[5, 4, 1, 3, 0, 2]",341.4473731203843,231.50383899569476,0.47491019847292537,True,True,0.0001077000001714623,252.609375,252.609375,0.0,,,,231.50383899569476,0.47491019847292537,True,"{""finite_edges"": true, ""instance_metadata"": {""complete"": true, ""high"": 100.0, ""instance_type"": ""random_asymmetric"", ""low"": 1.0, ""n"": 6, ""seed"": 4, ""symmetric"": false}, ""valid_route"": true}"
classical_comparison,classical_comparison_random_asymmetric_n6_seed4,random_asymmetric,6,4,python_tsp_dynamic_programming,skipped_missing_dependency,,,231.50383899569476,nan,,,0.0007236000001284992,252.609375,252.609375,0.0,,,,231.50383899569476,nan,True,"{""instance_metadata"": {""complete"": true, ""high"": 100.0, ""instance_type"": ""random_asymmetric"", ""low"": 1.0, ""n"": 6, ""seed"": 4, ""symmetric"": false}}"
classical_comparison,classical_comparison_euclidean_n7_seed0,euclidean,7,0,tn_exact,ok,"[6, 5, 1, 4, 2, 3, 0]",3204.390913430396,3204.390913430396,0.0,True,True,0.02264629999990575,252.61328125,252.703125,0.08984375,28.0,,,3204.390913430396,0.0,True,"{""finite_edges"": true, ""instance_metadata"": {""complete"": true, ""instance_type"": ""euclidean"", ""n"": 7, ""points"": [[636.9616873214543, 269.7867137638703], [40.97352393619469, 16.527635528529096], [813.2702392002724, 912.7555772777217], [606.6357757671799, 729.4965609839984], [543.6249914654229, 935.0724237877682], [815.8535541215322, 2.738500170148095], [857.4042765875694, 33.58557530546435]], ""scale"": 1000.0, ""seed"": 0, ""symmetric"": true}, ""n_layers"": null, ""normalization_factor"": 1183.0751201760934, ""normalize"": true, ""seed"": 0, ""tau"": 28.0, ""valid_route"": true}"
classical_comparison,classical_comparison_euclidean_n7_seed0,euclidean,7,0,tn_n_layers_4,ok,"[6, 5, 1, 4, 2, 3, 0]",3204.390913430396,3204.390913430396,0.0,True,True,0.02079569999978048,252.703125,252.72265625,0.01953125,28.0,4,,3204.390913430396,0.0,True,"{""finite_edges"": true, ""instance_metadata"": {""complete"": true, ""instance_type"": ""euclidean"", ""n"": 7, ""points"": [[636.9616873214543, 269.7867137638703], [40.97352393619469, 16.527635528529096], [813.2702392002724, 912.7555772777217], [606.6357757671799, 729.4965609839984], [543.6249914654229, 935.0724237877682], [815.8535541215322, 2.738500170148095], [857.4042765875694, 33.58557530546435]], ""scale"": 1000.0, ""seed"": 0, ""symmetric"": true}, ""n_layers"": 4, ""normalization_factor"": 1183.0751201760934, ""normalize"": true, ""seed"": 0, ""tau"": 28.0, ""valid_route"": true}"
classical_comparison,classical_comparison_euclidean_n7_seed0,euclidean,7,0,tn_n_layers_2,ok,"[6, 0, 3, 4, 2, 1, 5]",3279.2073679768246,3204.390913430396,0.023348104699977293,True,True,0.016079900000022462,252.72265625,252.7890625,0.06640625,28.0,2,,3204.390913430396,0.023348104699977293,True,"{""finite_edges"": true, ""instance_metadata"": {""complete"": true, ""instance_type"": ""euclidean"", ""n"": 7, ""points"": [[636.9616873214543, 269.7867137638703], [40.97352393619469, 16.527635528529096], [813.2702392002724, 912.7555772777217], [606.6357757671799, 729.4965609839984], [543.6249914654229, 935.0724237877682], [815.8535541215322, 2.738500170148095], [857.4042765875694, 33.58557530546435]], ""scale"": 1000.0, ""seed"": 0, ""symmetric"": true}, ""n_layers"": 2, ""normalization_factor"": 1183.0751201760934, ""normalize"": true, ""seed"": 0, ""tau"": 28.0, ""valid_route"": true}"
classical_comparison,classical_comparison_euclidean_n7_seed0,euclidean,7,0,tn_n_layers_1,ok,"[6, 3, 4, 1, 2, 0, 5]",4224.770833714083,3204.390913430396,0.31843178558740204,True,True,0.013030199999775505,252.7890625,252.79296875,0.00390625,28.0,1,,3204.390913430396,0.31843178558740204,True,"{""finite_edges"": true, ""instance_metadata"": {""complete"": true, ""instance_type"": ""euclidean"", ""n"": 7, ""points"": [[636.9616873214543, 269.7867137638703], [40.97352393619469, 16.527635528529096], [813.2702392002724, 912.7555772777217], [606.6357757671799, 729.4965609839984], [543.6249914654229, 935.0724237877682], [815.8535541215322, 2.738500170148095], [857.4042765875694, 33.58557530546435]], ""scale"": 1000.0, ""seed"": 0, ""symmetric"": true}, ""n_layers"": 1, ""normalization_factor"": 1183.0751201760934, ""normalize"": true, ""seed"": 0, ""tau"": 28.0, ""valid_route"": true}"
classical_comparison,classical_comparison_euclidean_n7_seed0,euclidean,7,0,tn_n_layers_0,ok,"[6, 5, 0, 3, 2, 4, 1]",3244.3387401991276,3204.390913430396,0.012466589703928006,True,True,0.009593600000243896,252.79296875,252.79296875,0.0,28.0,0,,3204.390913430396,0.012466589703928006,True,"{""finite_edges"": true, ""instance_metadata"": {""complete"": true, ""instance_type"": ""euclidean"", ""n"": 7, ""points"": [[636.9616873214543, 269.7867137638703], [40.97352393619469, 16.527635528529096], [813.2702392002724, 912.7555772777217], [606.6357757671799, 729.4965609839984], [543.6249914654229, 935.0724237877682], [815.8535541215322, 2.738500170148095], [857.4042765875694, 33.58557530546435]], ""scale"": 1000.0, ""seed"": 0, ""symmetric"": true}, ""n_layers"": 0, ""normalization_factor"": 1183.0751201760934, ""normalize"": true, ""seed"": 0, ""tau"": 28.0, ""valid_route"": true}"
classical_comparison,classical_comparison_euclidean_n7_seed0,euclidean,7,0,held_karp,ok,"[6, 5, 1, 4, 2, 3, 0]",3204.390913430396,3204.390913430396,0.0,True,True,0.00021250000008876668,252.79296875,252.80078125,0.0078125,,,,3204.390913430396,0.0,True,"{""instance_metadata"": {""complete"": true, ""instance_type"": ""euclidean"", ""n"": 7, ""points"": [[636.9616873214543, 269.7867137638703], [40.97352393619469, 16.527635528529096], [813.2702392002724, 912.7555772777217], [606.6357757671799, 729.4965609839984], [543.6249914654229, 935.0724237877682], [815.8535541215322, 2.738500170148095], [857.4042765875694, 33.58557530546435]], ""scale"": 1000.0, ""seed"": 0, ""symmetric"": true}, ""max_n"": 18, ""start"": 6}"
classical_comparison,classical_comparison_euclidean_n7_seed0,euclidean,7,0,bruteforce,ok,"[6, 0, 3, 2, 4, 1, 5]",3204.390913430396,3204.390913430396,0.0,True,True,0.0021117000001140696,252.80078125,252.80078125,0.0,,,,3204.390913430396,0.0,True,"{""instance_metadata"": {""complete"": true, ""instance_type"": ""euclidean"", ""n"": 7, ""points"": [[636.9616873214543, 269.7867137638703], [40.97352393619469, 16.527635528529096], [813.2702392002724, 912.7555772777217], [606.6357757671799, 729.4965609839984], [543.6249914654229, 935.0724237877682], [815.8535541215322, 2.738500170148095], [857.4042765875694, 33.58557530546435]], ""scale"": 1000.0, ""seed"": 0, ""symmetric"": true}, ""max_n"": 10, ""permutations_checked"": 720, ""start"": 6}"
classical_comparison,classical_comparison_euclidean_n7_seed0,euclidean,7,0,ortools,ok,"[6, 5, 1, 4, 2, 3, 0]",3204.390913430396,3204.390913430396,0.0,True,True,0.0014694999999846914,252.80078125,252.80859375,0.0078125,,,5.0,3204.390913430396,0.0,True,"{""finite_edges"": true, ""infinity_penalty"": 8281525840000, ""instance_metadata"": {""complete"": true, ""instance_type"": ""euclidean"", ""n"": 7, ""points"": [[636.9616873214543, 269.7867137638703], [40.97352393619469, 16.527635528529096], [813.2702392002724, 912.7555772777217], [606.6357757671799, 729.4965609839984], [543.6249914654229, 935.0724237877682], [815.8535541215322, 2.738500170148095], [857.4042765875694, 33.58557530546435]], ""scale"": 1000.0, ""seed"": 0, ""symmetric"": true}, ""integer_scale"": 1000000, ""start"": 6, ""time_limit_s"": 5.0, ""valid_route"": true}"
classical_comparison,classical_comparison_euclidean_n7_seed0,euclidean,7,0,networkx_christofides,ok,"[6, 1, 3, 4, 2, 0, 5]",3252.1836757526826,3204.390913430396,0.01491477276445126,True,True,0.0006653000000369502,252.80859375,252.82421875,0.015625,,,,3204.390913430396,0.01491477276445126,True,"{""finite_edges"": true, ""instance_metadata"": {""complete"": true, ""instance_type"": ""euclidean"", ""n"": 7, ""points"": [[636.9616873214543, 269.7867137638703], [40.97352393619469, 16.527635528529096], [813.2702392002724, 912.7555772777217], [606.6357757671799, 729.4965609839984], [543.6249914654229, 935.0724237877682], [815.8535541215322, 2.738500170148095], [857.4042765875694, 33.58557530546435]], ""scale"": 1000.0, ""seed"": 0, ""symmetric"": true}, ""requires_metric_symmetric_complete"": true, ""valid_route"": true}"
classical_comparison,classical_comparison_euclidean_n7_seed0,euclidean,7,0,networkx_greedy,ok,"[6, 1, 2, 4, 3, 0, 5]",3319.1551947455564,3204.390913430396,0.0358146944039053,True,True,0.0001274000001103559,252.82421875,252.828125,0.00390625,,,,3204.390913430396,0.0358146944039053,True,"{""finite_edges"": true, ""instance_metadata"": {""complete"": true, ""instance_type"": ""euclidean"", ""n"": 7, ""points"": [[636.9616873214543, 269.7867137638703], [40.97352393619469, 16.527635528529096], [813.2702392002724, 912.7555772777217], [606.6357757671799, 729.4965609839984], [543.6249914654229, 935.0724237877682], [815.8535541215322, 2.738500170148095], [857.4042765875694, 33.58557530546435]], ""scale"": 1000.0, ""seed"": 0, ""symmetric"": true}, ""valid_route"": true}"
classical_comparison,classical_comparison_euclidean_n7_seed0,euclidean,7,0,python_tsp_dynamic_programming,skipped_missing_dependency,,,3204.390913430396,nan,,,0.0007893000001786277,252.828125,252.828125,0.0,,,,3204.390913430396,nan,True,"{""instance_metadata"": {""complete"": true, ""instance_type"": ""euclidean"", ""n"": 7, ""points"": [[636.9616873214543, 269.7867137638703], [40.97352393619469, 16.527635528529096], [813.2702392002724, 912.7555772777217], [606.6357757671799, 729.4965609839984], [543.6249914654229, 935.0724237877682], [815.8535541215322, 2.738500170148095], [857.4042765875694, 33.58557530546435]], ""scale"": 1000.0, ""seed"": 0, ""symmetric"": true}}"
classical_comparison,classical_comparison_random_symmetric_n7_seed0,random_symmetric,7,0,tn_exact,ok,"[6, 1, 4, 3, 0, 5, 2]",249.2141745550418,249.21417455504178,1.1404531656816634e-16,True,True,0.021653799999967305,252.828125,252.87109375,0.04296875,28.0,,,249.21417455504178,1.1404531656816634e-16,True,"{""finite_edges"": true, ""instance_metadata"": {""complete"": true, ""high"": 100.0, ""instance_type"": ""random_symmetric"", ""low"": 1.0, ""n"": 7, ""seed"": 0, ""symmetric"": true}, ""n_layers"": null, ""normalization_factor"": 96.5970458614003, ""normalize"": true, ""seed"": 0, ""tau"": 28.0, ""valid_route"": true}"
classical_comparison,classical_comparison_random_symmetric_n7_seed0,random_symmetric,7,0,tn_n_layers_4,ok,"[6, 1, 4, 3, 0, 5, 2]",249.2141745550418,249.21417455504178,1.1404531656816634e-16,True,True,0.020908200000121724,252.87109375,253.02734375,0.15625,28.0,4,,249.21417455504178,1.1404531656816634e-16,True,"{""finite_edges"": true, ""instance_metadata"": {""complete"": true, ""high"": 100.0, ""instance_type"": ""random_symmetric"", ""low"": 1.0, ""n"": 7, ""seed"": 0, ""symmetric"": true}, ""n_layers"": 4, ""normalization_factor"": 96.5970458614003, ""normalize"": true, ""seed"": 0, ""tau"": 28.0, ""valid_route"": true}"
classical_comparison,classical_comparison_random_symmetric_n7_seed0,random_symmetric,7,0,tn_n_layers_2,ok,"[6, 4, 3, 0, 2, 5, 1]",277.4413822869355,249.21417455504178,0.11326485655276969,True,True,0.016141199999765377,253.02734375,253.04296875,0.015625,28.0,2,,249.21417455504178,0.11326485655276969,True,"{""finite_edges"": true, ""instance_metadata"": {""complete"": true, ""high"": 100.0, ""instance_type"": ""random_symmetric"", ""low"": 1.0, ""n"": 7, ""seed"": 0, ""symmetric"": true}, ""n_layers"": 2, ""normalization_factor"": 96.5970458614003, ""normalize"": true, ""seed"": 0, ""tau"": 28.0, ""valid_route"": true}"
classical_comparison,classical_comparison_random_symmetric_n7_seed0,random_symmetric,7,0,tn_n_layers_1,ok,"[6, 1, 4, 3, 0, 5, 2]",249.2141745550418,249.21417455504178,1.1404531656816634e-16,True,True,0.013241200000265962,253.04296875,253.04296875,0.0,28.0,1,,249.21417455504178,1.1404531656816634e-16,True,"{""finite_edges"": true, ""instance_metadata"": {""complete"": true, ""high"": 100.0, ""instance_type"": ""random_symmetric"", ""low"": 1.0, ""n"": 7, ""seed"": 0, ""symmetric"": true}, ""n_layers"": 1, ""normalization_factor"": 96.5970458614003, ""normalize"": true, ""seed"": 0, ""tau"": 28.0, ""valid_route"": true}"
classical_comparison,classical_comparison_random_symmetric_n7_seed0,random_symmetric,7,0,tn_n_layers_0,ok,"[6, 1, 4, 2, 0, 3, 5]",294.1298518788979,249.21417455504178,0.18022922413643047,True,True,0.009860099999968952,253.04296875,253.04296875,0.0,28.0,0,,249.21417455504178,0.18022922413643047,True,"{""finite_edges"": true, ""instance_metadata"": {""complete"": true, ""high"": 100.0, ""instance_type"": ""random_symmetric"", ""low"": 1.0, ""n"": 7, ""seed"": 0, ""symmetric"": true}, ""n_layers"": 0, ""normalization_factor"": 96.5970458614003, ""normalize"": true, ""seed"": 0, ""tau"": 28.0, ""valid_route"": true}"
classical_comparison,classical_comparison_random_symmetric_n7_seed0,random_symmetric,7,0,held_karp,ok,"[6, 2, 5, 0, 3, 4, 1]",249.21417455504178,249.21417455504178,0.0,True,True,0.0002223999999841908,253.04296875,253.05078125,0.0078125,,,,249.21417455504178,0.0,True,"{""instance_metadata"": {""complete"": true, ""high"": 100.0, ""instance_type"": ""random_symmetric"", ""low"": 1.0, ""n"": 7, ""seed"": 0, ""symmetric"": true}, ""max_n"": 18, ""start"": 6}"
classical_comparison,classical_comparison_random_symmetric_n7_seed0,random_symmetric,7,0,bruteforce,ok,"[6, 2, 5, 0, 3, 4, 1]",249.21417455504178,249.21417455504178,0.0,True,True,0.002242000000023836,253.05078125,253.05078125,0.0,,,,249.21417455504178,0.0,True,"{""instance_metadata"": {""complete"": true, ""high"": 100.0, ""instance_type"": ""random_symmetric"", ""low"": 1.0, ""n"": 7, ""seed"": 0, ""symmetric"": true}, ""max_n"": 10, ""permutations_checked"": 720, ""start"": 6}"
classical_comparison,classical_comparison_random_symmetric_n7_seed0,random_symmetric,7,0,ortools,ok,"[6, 1, 4, 3, 0, 5, 2]",249.2141745550418,249.21417455504178,1.1404531656816634e-16,True,True,0.0013515999999071937,253.05078125,253.31640625,0.265625,,,5.0,249.21417455504178,1.1404531656816634e-16,True,"{""finite_edges"": true, ""infinity_penalty"": 676179322000, ""instance_metadata"": {""complete"": true, ""high"": 100.0, ""instance_type"": ""random_symmetric"", ""low"": 1.0, ""n"": 7, ""seed"": 0, ""symmetric"": true}, ""integer_scale"": 1000000, ""start"": 6, ""time_limit_s"": 5.0, ""valid_route"": true}"
classical_comparison,classical_comparison_random_symmetric_n7_seed0,random_symmetric,7,0,networkx_christofides,skipped_not_applicable,,,249.21417455504178,nan,,,8.990000014819088e-05,253.31640625,253.31640625,0.0,,,,249.21417455504178,nan,True,"{""instance_metadata"": {""complete"": true, ""high"": 100.0, ""instance_type"": ""random_symmetric"", ""low"": 1.0, ""n"": 7, ""seed"": 0, ""symmetric"": true}, ""requires_metric_symmetric_complete"": true}"
classical_comparison,classical_comparison_random_symmetric_n7_seed0,random_symmetric,7,0,networkx_greedy,ok,"[6, 1, 4, 3, 0, 2, 5]",252.815268945124,249.21417455504178,0.014449797634953012,True,True,0.00011420000009820797,253.31640625,253.31640625,0.0,,,,249.21417455504178,0.014449797634953012,True,"{""finite_edges"": true, ""instance_metadata"": {""complete"": true, ""high"": 100.0, ""instance_type"": ""random_symmetric"", ""low"": 1.0, ""n"": 7, ""seed"": 0, ""symmetric"": true}, ""valid_route"": true}"
classical_comparison,classical_comparison_random_symmetric_n7_seed0,random_symmetric,7,0,python_tsp_dynamic_programming,skipped_missing_dependency,,,249.21417455504178,nan,,,0.0006404999999176653,253.31640625,253.31640625,0.0,,,,249.21417455504178,nan,True,"{""instance_metadata"": {""complete"": true, ""high"": 100.0, ""instance_type"": ""random_symmetric"", ""low"": 1.0, ""n"": 7, ""seed"": 0, ""symmetric"": true}}"
classical_comparison,classical_comparison_random_asymmetric_n7_seed0,random_asymmetric,7,0,tn_exact,ok,"[6, 1, 4, 3, 0, 2, 5]",169.29907167420868,169.29907167420868,0.0,True,True,0.021997800000008283,253.32421875,253.33203125,0.0078125,28.0,,,169.29907167420868,0.0,True,"{""finite_edges"": true, ""instance_metadata"": {""complete"": true, ""high"": 100.0, ""instance_type"": ""random_asymmetric"", ""low"": 1.0, ""n"": 7, ""seed"": 0, ""symmetric"": false}, ""n_layers"": null, ""normalization_factor"": 99.7237836431319, ""normalize"": true, ""seed"": 0, ""tau"": 28.0, ""valid_route"": true}"
classical_comparison,classical_comparison_random_asymmetric_n7_seed0,random_asymmetric,7,0,tn_n_layers_4,ok,"[6, 1, 4, 3, 0, 2, 5]",169.29907167420868,169.29907167420868,0.0,True,True,0.021003400000154215,253.33203125,253.4375,0.10546875,28.0,4,,169.29907167420868,0.0,True,"{""finite_edges"": true, ""instance_metadata"": {""complete"": true, ""high"": 100.0, ""instance_type"": ""random_asymmetric"", ""low"": 1.0, ""n"": 7, ""seed"": 0, ""symmetric"": false}, ""n_layers"": 4, ""normalization_factor"": 99.7237836431319, ""normalize"": true, ""seed"": 0, ""tau"": 28.0, ""valid_route"": true}"
classical_comparison,classical_comparison_random_asymmetric_n7_seed0,random_asymmetric,7,0,tn_n_layers_2,ok,"[6, 4, 3, 0, 2, 5, 1]",177.62095335503227,169.29907167420868,0.04915491619964603,True,True,0.015719399999852612,253.4375,253.4375,0.0,28.0,2,,169.29907167420868,0.04915491619964603,True,"{""finite_edges"": true, ""instance_metadata"": {""complete"": true, ""high"": 100.0, ""instance_type"": ""random_asymmetric"", ""low"": 1.0, ""n"": 7, ""seed"": 0, ""symmetric"": false}, ""n_layers"": 2, ""normalization_factor"": 99.7237836431319, ""normalize"": true, ""seed"": 0, ""tau"": 28.0, ""valid_route"": true}"
classical_comparison,classical_comparison_random_asymmetric_n7_seed0,random_asymmetric,7,0,tn_n_layers_1,ok,"[6, 4, 3, 0, 2, 5, 1]",177.62095335503227,169.29907167420868,0.04915491619964603,True,True,0.013515900000129477,253.4375,253.453125,0.015625,28.0,1,,169.29907167420868,0.04915491619964603,True,"{""finite_edges"": true, ""instance_metadata"": {""complete"": true, ""high"": 100.0, ""instance_type"": ""random_asymmetric"", ""low"": 1.0, ""n"": 7, ""seed"": 0, ""symmetric"": false}, ""n_layers"": 1, ""normalization_factor"": 99.7237836431319, ""normalize"": true, ""seed"": 0, ""tau"": 28.0, ""valid_route"": true}"
classical_comparison,classical_comparison_random_asymmetric_n7_seed0,random_asymmetric,7,0,tn_n_layers_0,ok,"[6, 1, 4, 3, 0, 2, 5]",169.29907167420868,169.29907167420868,0.0,True,True,0.009346800000002986,253.453125,253.45703125,0.00390625,28.0,0,,169.29907167420868,0.0,True,"{""finite_edges"": true, ""instance_metadata"": {""complete"": true, ""high"": 100.0, ""instance_type"": ""random_asymmetric"", ""low"": 1.0, ""n"": 7, ""seed"": 0, ""symmetric"": false}, ""n_layers"": 0, ""normalization_factor"": 99.7237836431319, ""normalize"": true, ""seed"": 0, ""tau"": 28.0, ""valid_route"": true}"
classical_comparison,classical_comparison_random_asymmetric_n7_seed0,random_asymmetric,7,0,held_karp,ok,"[6, 1, 4, 3, 0, 2, 5]",169.29907167420868,169.29907167420868,0.0,True,True,0.00021289999995133257,253.45703125,253.46484375,0.0078125,,,,169.29907167420868,0.0,True,"{""instance_metadata"": {""complete"": true, ""high"": 100.0, ""instance_type"": ""random_asymmetric"", ""low"": 1.0, ""n"": 7, ""seed"": 0, ""symmetric"": false}, ""max_n"": 18, ""start"": 6}"
classical_comparison,classical_comparison_random_asymmetric_n7_seed0,random_asymmetric,7,0,bruteforce,ok,"[6, 1, 4, 3, 0, 2, 5]",169.29907167420868,169.29907167420868,0.0,True,True,0.002028399999744579,253.46484375,253.46484375,0.0,,,,169.29907167420868,0.0,True,"{""instance_metadata"": {""complete"": true, ""high"": 100.0, ""instance_type"": ""random_asymmetric"", ""low"": 1.0, ""n"": 7, ""seed"": 0, ""symmetric"": false}, ""max_n"": 10, ""permutations_checked"": 720, ""start"": 6}"
classical_comparison,classical_comparison_random_asymmetric_n7_seed0,random_asymmetric,7,0,ortools,ok,"[6, 1, 4, 3, 0, 2, 5]",169.29907167420868,169.29907167420868,0.0,True,True,0.0013567999999395397,253.46484375,253.5625,0.09765625,,,5.0,169.29907167420868,0.0,True,"{""finite_edges"": true, ""infinity_penalty"": 698066488000, ""instance_metadata"": {""complete"": true, ""high"": 100.0, ""instance_type"": ""random_asymmetric"", ""low"": 1.0, ""n"": 7, ""seed"": 0, ""symmetric"": false}, ""integer_scale"": 1000000, ""start"": 6, ""time_limit_s"": 5.0, ""valid_route"": true}"
classical_comparison,classical_comparison_random_asymmetric_n7_seed0,random_asymmetric,7,0,networkx_christofides,skipped_not_applicable,,,169.29907167420868,nan,,,8.410000009462237e-05,253.5625,253.5625,0.0,,,,169.29907167420868,nan,True,"{""instance_metadata"": {""complete"": true, ""high"": 100.0, ""instance_type"": ""random_asymmetric"", ""low"": 1.0, ""n"": 7, ""seed"": 0, ""symmetric"": false}, ""requires_metric_symmetric_complete"": true}"
classical_comparison,classical_comparison_random_asymmetric_n7_seed0,random_asymmetric,7,0,networkx_greedy,ok,"[6, 4, 3, 0, 2, 1, 5]",218.490245515217,169.29907167420868,0.29055784745039565,True,True,0.00012550000019473373,253.5625,253.5703125,0.0078125,,,,169.29907167420868,0.29055784745039565,True,"{""finite_edges"": true, ""instance_metadata"": {""complete"": true, ""high"": 100.0, ""instance_type"": ""random_asymmetric"", ""low"": 1.0, ""n"": 7, ""seed"": 0, ""symmetric"": false}, ""valid_route"": true}"
classical_comparison,classical_comparison_random_asymmetric_n7_seed0,random_asymmetric,7,0,python_tsp_dynamic_programming,skipped_missing_dependency,,,169.29907167420868,nan,,,0.0008336999999301042,253.5703125,253.5703125,0.0,,,,169.29907167420868,nan,True,"{""instance_metadata"": {""complete"": true, ""high"": 100.0, ""instance_type"": ""random_asymmetric"", ""low"": 1.0, ""n"": 7, ""seed"": 0, ""symmetric"": false}}"
classical_comparison,classical_comparison_euclidean_n7_seed1,euclidean,7,1,tn_exact,ok,"[6, 1, 0, 5, 3, 4, 2]",2538.9933653413536,2538.9933653413536,0.0,True,True,0.021865400000024238,253.57421875,253.57421875,0.0,28.0,,,2538.9933653413536,0.0,True,"{""finite_edges"": true, ""instance_metadata"": {""complete"": true, ""instance_type"": ""euclidean"", ""n"": 7, ""points"": [[511.82162470025673, 950.4636963259353], [144.15961271963374, 948.6494471372439], [311.83145201048546, 423.32644897257563], [827.7025938204417, 409.1991363691613], [549.5936876730595, 27.559113243068367], [753.5131086748066, 538.1433132192782], [329.73171649909216, 788.4287034284043]], ""scale"": 1000.0, ""seed"": 1, ""symmetric"": true}, ""n_layers"": null, ""normalization_factor"": 1006.3717962694622, ""normalize"": true, ""seed"": 0, ""tau"": 28.0, ""valid_route"": true}"
classical_comparison,classical_comparison_euclidean_n7_seed1,euclidean,7,1,tn_n_layers_4,ok,"[6, 1, 0, 5, 3, 4, 2]",2538.9933653413536,2538.9933653413536,0.0,True,True,0.02094580000039059,253.57421875,253.66796875,0.09375,28.0,4,,2538.9933653413536,0.0,True,"{""finite_edges"": true, ""instance_metadata"": {""complete"": true, ""instance_type"": ""euclidean"", ""n"": 7, ""points"": [[511.82162470025673, 950.4636963259353], [144.15961271963374, 948.6494471372439], [311.83145201048546, 423.32644897257563], [827.7025938204417, 409.1991363691613], [549.5936876730595, 27.559113243068367], [753.5131086748066, 538.1433132192782], [329.73171649909216, 788.4287034284043]], ""scale"": 1000.0, ""seed"": 1, ""symmetric"": true}, ""n_layers"": 4, ""normalization_factor"": 1006.3717962694622, ""normalize"": true, ""seed"": 0, ""tau"": 28.0, ""valid_route"": true}"
classical_comparison,classical_comparison_euclidean_n7_seed1,euclidean,7,1,tn_n_layers_2,ok,"[6, 0, 5, 3, 4, 2, 1]",2600.964766785292,2538.9933653413536,0.024407862694673304,True,True,0.016518399999768008,253.66796875,253.66796875,0.0,28.0,2,,2538.9933653413536,0.024407862694673304,True,"{""finite_edges"": true, ""instance_metadata"": {""complete"": true, ""instance_type"": ""euclidean"", ""n"": 7, ""points"": [[511.82162470025673, 950.4636963259353], [144.15961271963374, 948.6494471372439], [311.83145201048546, 423.32644897257563], [827.7025938204417, 409.1991363691613], [549.5936876730595, 27.559113243068367], [753.5131086748066, 538.1433132192782], [329.73171649909216, 788.4287034284043]], ""scale"": 1000.0, ""seed"": 1, ""symmetric"": true}, ""n_layers"": 2, ""normalization_factor"": 1006.3717962694622, ""normalize"": true, ""seed"": 0, ""tau"": 28.0, ""valid_route"": true}"
classical_comparison,classical_comparison_euclidean_n7_seed1,euclidean,7,1,tn_n_layers_1,ok,"[6, 2, 4, 5, 0, 3, 1]",3597.6049654509716,2538.9933653413536,0.41694145977702995,True,True,0.014309800000319228,253.66796875,253.671875,0.00390625,28.0,1,,2538.9933653413536,0.41694145977702995,True,"{""finite_edges"": true, ""instance_metadata"": {""complete"": true, ""instance_type"": ""euclidean"", ""n"": 7, ""points"": [[511.82162470025673, 950.4636963259353], [144.15961271963374, 948.6494471372439], [311.83145201048546, 423.32644897257563], [827.7025938204417, 409.1991363691613], [549.5936876730595, 27.559113243068367], [753.5131086748066, 538.1433132192782], [329.73171649909216, 788.4287034284043]], ""scale"": 1000.0, ""seed"": 1, ""symmetric"": true}, ""n_layers"": 1, ""normalization_factor"": 1006.3717962694622, ""normalize"": true, ""seed"": 0, ""tau"": 28.0, ""valid_route"": true}"
classical_comparison,classical_comparison_euclidean_n7_seed1,euclidean,7,1,tn_n_layers_0,ok,"[6, 0, 1, 2, 5, 3, 4]",3032.1909566820354,2538.9933653413536,0.19424926353613142,True,True,0.010068799999771727,253.671875,253.6875,0.015625,28.0,0,,2538.9933653413536,0.19424926353613142,True,"{""finite_edges"": true, ""instance_metadata"": {""complete"": true, ""instance_type"": ""euclidean"", ""n"": 7, ""points"": [[511.82162470025673, 950.4636963259353], [144.15961271963374, 948.6494471372439], [311.83145201048546, 423.32644897257563], [827.7025938204417, 409.1991363691613], [549.5936876730595, 27.559113243068367], [753.5131086748066, 538.1433132192782], [329.73171649909216, 788.4287034284043]], ""scale"": 1000.0, ""seed"": 1, ""symmetric"": true}, ""n_layers"": 0, ""normalization_factor"": 1006.3717962694622, ""normalize"": true, ""seed"": 0, ""tau"": 28.0, ""valid_route"": true}"
classical_comparison,classical_comparison_euclidean_n7_seed1,euclidean,7,1,held_karp,ok,"[6, 2, 4, 3, 5, 0, 1]",2538.9933653413536,2538.9933653413536,0.0,True,True,0.00022940000008020434,253.6875,253.6875,0.0,,,,2538.9933653413536,0.0,True,"{""instance_metadata"": {""complete"": true, ""instance_type"": ""euclidean"", ""n"": 7, ""points"": [[511.82162470025673, 950.4636963259353], [144.15961271963374, 948.6494471372439], [311.83145201048546, 423.32644897257563], [827.7025938204417, 409.1991363691613], [549.5936876730595, 27.559113243068367], [753.5131086748066, 538.1433132192782], [329.73171649909216, 788.4287034284043]], ""scale"": 1000.0, ""seed"": 1, ""symmetric"": true}, ""max_n"": 18, ""start"": 6}"
classical_comparison,classical_comparison_euclidean_n7_seed1,euclidean,7,1,bruteforce,ok,"[6, 1, 0, 5, 3, 4, 2]",2538.9933653413536,2538.9933653413536,0.0,True,True,0.0021929999998064886,253.6875,253.6875,0.0,,,,2538.9933653413536,0.0,True,"{""instance_metadata"": {""complete"": true, ""instance_type"": ""euclidean"", ""n"": 7, ""points"": [[511.82162470025673, 950.4636963259353], [144.15961271963374, 948.6494471372439], [311.83145201048546, 423.32644897257563], [827.7025938204417, 409.1991363691613], [549.5936876730595, 27.559113243068367], [753.5131086748066, 538.1433132192782], [329.73171649909216, 788.4287034284043]], ""scale"": 1000.0, ""seed"": 1, ""symmetric"": true}, ""max_n"": 10, ""permutations_checked"": 720, ""start"": 6}"
classical_comparison,classical_comparison_euclidean_n7_seed1,euclidean,7,1,ortools,ok,"[6, 2, 4, 3, 5, 0, 1]",2538.9933653413536,2538.9933653413536,0.0,True,True,0.0014376000003721856,253.6875,253.703125,0.015625,,,5.0,2538.9933653413536,0.0,True,"{""finite_edges"": true, ""infinity_penalty"": 7044602572000, ""instance_metadata"": {""complete"": true, ""instance_type"": ""euclidean"", ""n"": 7, ""points"": [[511.82162470025673, 950.4636963259353], [144.15961271963374, 948.6494471372439], [311.83145201048546, 423.32644897257563], [827.7025938204417, 409.1991363691613], [549.5936876730595, 27.559113243068367], [753.5131086748066, 538.1433132192782], [329.73171649909216, 788.4287034284043]], ""scale"": 1000.0, ""seed"": 1, ""symmetric"": true}, ""integer_scale"": 1000000, ""start"": 6, ""time_limit_s"": 5.0, ""valid_route"": true}"
classical_comparison,classical_comparison_euclidean_n7_seed1,euclidean,7,1,networkx_christofides,ok,"[6, 1, 0, 5, 3, 4, 2]",2538.9933653413536,2538.9933653413536,0.0,True,True,0.0006871000000501226,253.703125,253.703125,0.0,,,,2538.9933653413536,0.0,True,"{""finite_edges"": true, ""instance_metadata"": {""complete"": true, ""instance_type"": ""euclidean"", ""n"": 7, ""points"": [[511.82162470025673, 950.4636963259353], [144.15961271963374, 948.6494471372439], [311.83145201048546, 423.32644897257563], [827.7025938204417, 409.1991363691613], [549.5936876730595, 27.559113243068367], [753.5131086748066, 538.1433132192782], [329.73171649909216, 788.4287034284043]], ""scale"": 1000.0, ""seed"": 1, ""symmetric"": true}, ""requires_metric_symmetric_complete"": true, ""valid_route"": true}"
classical_comparison,classical_comparison_euclidean_n7_seed1,euclidean,7,1,networkx_greedy,ok,"[6, 0, 1, 2, 5, 3, 4]",3032.1909566820354,2538.9933653413536,0.19424926353613142,True,True,0.0001119000003200199,253.703125,253.703125,0.0,,,,2538.9933653413536,0.19424926353613142,True,"{""finite_edges"": true, ""instance_metadata"": {""complete"": true, ""instance_type"": ""euclidean"", ""n"": 7, ""points"": [[511.82162470025673, 950.4636963259353], [144.15961271963374, 948.6494471372439], [311.83145201048546, 423.32644897257563], [827.7025938204417, 409.1991363691613], [549.5936876730595, 27.559113243068367], [753.5131086748066, 538.1433132192782], [329.73171649909216, 788.4287034284043]], ""scale"": 1000.0, ""seed"": 1, ""symmetric"": true}, ""valid_route"": true}"
classical_comparison,classical_comparison_euclidean_n7_seed1,euclidean,7,1,python_tsp_dynamic_programming,skipped_missing_dependency,,,2538.9933653413536,nan,,,0.0008014000000002852,253.703125,253.703125,0.0,,,,2538.9933653413536,nan,True,"{""instance_metadata"": {""complete"": true, ""instance_type"": ""euclidean"", ""n"": 7, ""points"": [[511.82162470025673, 950.4636963259353], [144.15961271963374, 948.6494471372439], [311.83145201048546, 423.32644897257563], [827.7025938204417, 409.1991363691613], [549.5936876730595, 27.559113243068367], [753.5131086748066, 538.1433132192782], [329.73171649909216, 788.4287034284043]], ""scale"": 1000.0, ""seed"": 1, ""symmetric"": true}}"
classical_comparison,classical_comparison_random_symmetric_n7_seed1,random_symmetric,7,1,tn_exact,ok,"[6, 3, 5, 1, 2, 0, 4]",238.71254465605827,238.71254465605827,0.0,True,True,0.05574190000015733,253.703125,253.703125,0.0,28.0,,,238.71254465605827,0.0,True,"{""finite_edges"": true, ""instance_metadata"": {""complete"": true, ""high"": 100.0, ""instance_type"": ""random_symmetric"", ""low"": 1.0, ""n"": 7, ""seed"": 1, ""symmetric"": true}, ""n_layers"": null, ""normalization_factor"": 80.48032078605031, ""normalize"": true, ""seed"": 0, ""tau"": 28.0, ""valid_route"": true}"
classical_comparison,classical_comparison_random_symmetric_n7_seed1,random_symmetric,7,1,tn_n_layers_4,ok,"[6, 3, 5, 1, 2, 0, 4]",238.71254465605827,238.71254465605827,0.0,True,True,0.020814399999835587,253.703125,253.703125,0.0,28.0,4,,238.71254465605827,0.0,True,"{""finite_edges"": true, ""instance_metadata"": {""complete"": true, ""high"": 100.0, ""instance_type"": ""random_symmetric"", ""low"": 1.0, ""n"": 7, ""seed"": 1, ""symmetric"": true}, ""n_layers"": 4, ""normalization_factor"": 80.48032078605031, ""normalize"": true, ""seed"": 0, ""tau"": 28.0, ""valid_route"": true}"
classical_comparison,classical_comparison_random_symmetric_n7_seed1,random_symmetric,7,1,tn_n_layers_2,ok,"[6, 4, 2, 1, 5, 0, 3]",306.4684190781708,238.71254465605827,0.2838387673330555,True,True,0.01636010000038368,253.703125,253.703125,0.0,28.0,2,,238.71254465605827,0.2838387673330555,True,"{""finite_edges"": true, ""instance_metadata"": {""complete"": true, ""high"": 100.0, ""instance_type"": ""random_symmetric"", ""low"": 1.0, ""n"": 7, ""seed"": 1, ""symmetric"": true}, ""n_layers"": 2, ""normalization_factor"": 80.48032078605031, ""normalize"": true, ""seed"": 0, ""tau"": 28.0, ""valid_route"": true}"
classical_comparison,classical_comparison_random_symmetric_n7_seed1,random_symmetric,7,1,tn_n_layers_1,ok,"[6, 4, 0, 2, 1, 5, 3]",238.7125446560583,238.71254465605827,1.1906248777731629e-16,True,True,0.013062600000012026,253.703125,253.703125,0.0,28.0,1,,238.71254465605827,1.1906248777731629e-16,True,"{""finite_edges"": true, ""instance_metadata"": {""complete"": true, ""high"": 100.0, ""instance_type"": ""random_symmetric"", ""low"": 1.0, ""n"": 7, ""seed"": 1, ""symmetric"": true}, ""n_layers"": 1, ""normalization_factor"": 80.48032078605031, ""normalize"": true, ""seed"": 0, ""tau"": 28.0, ""valid_route"": true}"
classical_comparison,classical_comparison_random_symmetric_n7_seed1,random_symmetric,7,1,tn_n_layers_0,ok,"[6, 3, 4, 0, 2, 1, 5]",254.64479659205728,238.71254465605827,0.06674241590007139,True,True,0.009528300000056333,253.703125,253.70703125,0.00390625,28.0,0,,238.71254465605827,0.06674241590007139,True,"{""finite_edges"": true, ""instance_metadata"": {""complete"": true, ""high"": 100.0, ""instance_type"": ""random_symmetric"", ""low"": 1.0, ""n"": 7, ""seed"": 1, ""symmetric"": true}, ""n_layers"": 0, ""normalization_factor"": 80.48032078605031, ""normalize"": true, ""seed"": 0, ""tau"": 28.0, ""valid_route"": true}"
classical_comparison,classical_comparison_random_symmetric_n7_seed1,random_symmetric,7,1,held_karp,ok,"[6, 3, 5, 1, 2, 0, 4]",238.71254465605827,238.71254465605827,0.0,True,True,0.00019990000009784126,253.70703125,253.70703125,0.0,,,,238.71254465605827,0.0,True,"{""instance_metadata"": {""complete"": true, ""high"": 100.0, ""instance_type"": ""random_symmetric"", ""low"": 1.0, ""n"": 7, ""seed"": 1, ""symmetric"": true}, ""max_n"": 18, ""start"": 6}"
classical_comparison,classical_comparison_random_symmetric_n7_seed1,random_symmetric,7,1,bruteforce,ok,"[6, 3, 5, 1, 2, 0, 4]",238.71254465605827,238.71254465605827,0.0,True,True,0.0021397000000433763,253.70703125,253.70703125,0.0,,,,238.71254465605827,0.0,True,"{""instance_metadata"": {""complete"": true, ""high"": 100.0, ""instance_type"": ""random_symmetric"", ""low"": 1.0, ""n"": 7, ""seed"": 1, ""symmetric"": true}, ""max_n"": 10, ""permutations_checked"": 720, ""start"": 6}"
classical_comparison,classical_comparison_random_symmetric_n7_seed1,random_symmetric,7,1,ortools,ok,"[6, 3, 5, 1, 2, 0, 4]",238.71254465605827,238.71254465605827,0.0,True,True,0.001256099999864091,253.70703125,253.70703125,0.0,,,5.0,238.71254465605827,0.0,True,"{""finite_edges"": true, ""infinity_penalty"": 563362247000, ""instance_metadata"": {""complete"": true, ""high"": 100.0, ""instance_type"": ""random_symmetric"", ""low"": 1.0, ""n"": 7, ""seed"": 1, ""symmetric"": true}, ""integer_scale"": 1000000, ""start"": 6, ""time_limit_s"": 5.0, ""valid_route"": true}"
classical_comparison,classical_comparison_random_symmetric_n7_seed1,random_symmetric,7,1,networkx_christofides,skipped_not_applicable,,,238.71254465605827,nan,,,8.539999998902204e-05,253.70703125,253.70703125,0.0,,,,238.71254465605827,nan,True,"{""instance_metadata"": {""complete"": true, ""high"": 100.0, ""instance_type"": ""random_symmetric"", ""low"": 1.0, ""n"": 7, ""seed"": 1, ""symmetric"": true}, ""requires_metric_symmetric_complete"": true}"
classical_comparison,classical_comparison_random_symmetric_n7_seed1,random_symmetric,7,1,networkx_greedy,ok,"[6, 3, 4, 0, 2, 1, 5]",254.64479659205728,238.71254465605827,0.06674241590007139,True,True,0.00010780000002341694,253.70703125,253.70703125,0.0,,,,238.71254465605827,0.06674241590007139,True,"{""finite_edges"": true, ""instance_metadata"": {""complete"": true, ""high"": 100.0, ""instance_type"": ""random_symmetric"", ""low"": 1.0, ""n"": 7, ""seed"": 1, ""symmetric"": true}, ""valid_route"": true}"
classical_comparison,classical_comparison_random_symmetric_n7_seed1,random_symmetric,7,1,python_tsp_dynamic_programming,skipped_missing_dependency,,,238.71254465605827,nan,,,0.0005461000000650529,253.70703125,253.70703125,0.0,,,,238.71254465605827,nan,True,"{""instance_metadata"": {""complete"": true, ""high"": 100.0, ""instance_type"": ""random_symmetric"", ""low"": 1.0, ""n"": 7, ""seed"": 1, ""symmetric"": true}}"
classical_comparison,classical_comparison_random_asymmetric_n7_seed1,random_asymmetric,7,1,tn_exact,ok,"[6, 1, 2, 0, 5, 4, 3]",152.45913925614238,152.45913925614238,0.0,True,True,0.021699400000215974,253.70703125,253.70703125,0.0,28.0,,,152.45913925614238,0.0,True,"{""finite_edges"": true, ""instance_metadata"": {""complete"": true, ""high"": 100.0, ""instance_type"": ""random_asymmetric"", ""low"": 1.0, ""n"": 7, ""seed"": 1, ""symmetric"": false}, ""n_layers"": null, ""normalization_factor"": 98.09298278032263, ""normalize"": true, ""seed"": 0, ""tau"": 28.0, ""valid_route"": true}"
classical_comparison,classical_comparison_random_asymmetric_n7_seed1,random_asymmetric,7,1,tn_n_layers_4,ok,"[6, 1, 2, 0, 5, 4, 3]",152.45913925614238,152.45913925614238,0.0,True,True,0.021843199999693752,253.70703125,253.70703125,0.0,28.0,4,,152.45913925614238,0.0,True,"{""finite_edges"": true, ""instance_metadata"": {""complete"": true, ""high"": 100.0, ""instance_type"": ""random_asymmetric"", ""low"": 1.0, ""n"": 7, ""seed"": 1, ""symmetric"": false}, ""n_layers"": 4, ""normalization_factor"": 98.09298278032263, ""normalize"": true, ""seed"": 0, ""tau"": 28.0, ""valid_route"": true}"
classical_comparison,classical_comparison_random_asymmetric_n7_seed1,random_asymmetric,7,1,tn_n_layers_2,ok,"[6, 1, 2, 5, 4, 3, 0]",188.7933480400776,152.45913925614238,0.2383209623326754,True,True,0.016307100000176433,253.70703125,253.70703125,0.0,28.0,2,,152.45913925614238,0.2383209623326754,True,"{""finite_edges"": true, ""instance_metadata"": {""complete"": true, ""high"": 100.0, ""instance_type"": ""random_asymmetric"", ""low"": 1.0, ""n"": 7, ""seed"": 1, ""symmetric"": false}, ""n_layers"": 2, ""normalization_factor"": 98.09298278032263, ""normalize"": true, ""seed"": 0, ""tau"": 28.0, ""valid_route"": true}"
classical_comparison,classical_comparison_random_asymmetric_n7_seed1,random_asymmetric,7,1,tn_n_layers_1,ok,"[6, 1, 2, 4, 3, 0, 5]",221.1712004970819,152.45913925614238,0.45069165139059525,True,True,0.012690199999724427,253.70703125,253.7109375,0.00390625,28.0,1,,152.45913925614238,0.45069165139059525,True,"{""finite_edges"": true, ""instance_metadata"": {""complete"": true, ""high"": 100.0, ""instance_type"": ""random_asymmetric"", ""low"": 1.0, ""n"": 7, ""seed"": 1, ""symmetric"": false}, ""n_layers"": 1, ""normalization_factor"": 98.09298278032263, ""normalize"": true, ""seed"": 0, ""tau"": 28.0, ""valid_route"": true}"
classical_comparison,classical_comparison_random_asymmetric_n7_seed1,random_asymmetric,7,1,tn_n_layers_0,ok,"[6, 3, 0, 2, 4, 5, 1]",278.48019454648556,152.45913925614238,0.8265890513694866,True,True,0.009142100000190112,253.7109375,253.7109375,0.0,28.0,0,,152.45913925614238,0.8265890513694866,True,"{""finite_edges"": true, ""instance_metadata"": {""complete"": true, ""high"": 100.0, ""instance_type"": ""random_asymmetric"", ""low"": 1.0, ""n"": 7, ""seed"": 1, ""symmetric"": false}, ""n_layers"": 0, ""normalization_factor"": 98.09298278032263, ""normalize"": true, ""seed"": 0, ""tau"": 28.0, ""valid_route"": true}"
classical_comparison,classical_comparison_random_asymmetric_n7_seed1,random_asymmetric,7,1,held_karp,ok,"[6, 1, 2, 0, 5, 4, 3]",152.45913925614238,152.45913925614238,0.0,True,True,0.00020330000006651971,253.7109375,253.7109375,0.0,,,,152.45913925614238,0.0,True,"{""instance_metadata"": {""complete"": true, ""high"": 100.0, ""instance_type"": ""random_asymmetric"", ""low"": 1.0, ""n"": 7, ""seed"": 1, ""symmetric"": false}, ""max_n"": 18, ""start"": 6}"
classical_comparison,classical_comparison_random_asymmetric_n7_seed1,random_asymmetric,7,1,bruteforce,ok,"[6, 1, 2, 0, 5, 4, 3]",152.45913925614238,152.45913925614238,0.0,True,True,0.002139500000339467,253.7109375,253.7109375,0.0,,,,152.45913925614238,0.0,True,"{""instance_metadata"": {""complete"": true, ""high"": 100.0, ""instance_type"": ""random_asymmetric"", ""low"": 1.0, ""n"": 7, ""seed"": 1, ""symmetric"": false}, ""max_n"": 10, ""permutations_checked"": 720, ""start"": 6}"
classical_comparison,classical_comparison_random_asymmetric_n7_seed1,random_asymmetric,7,1,ortools,ok,"[6, 1, 2, 0, 5, 4, 3]",152.45913925614238,152.45913925614238,0.0,True,True,0.0013318999999683,253.7109375,253.7109375,0.0,,,5.0,152.45913925614238,0.0,True,"{""finite_edges"": true, ""infinity_penalty"": 686650881000, ""instance_metadata"": {""complete"": true, ""high"": 100.0, ""instance_type"": ""random_asymmetric"", ""low"": 1.0, ""n"": 7, ""seed"": 1, ""symmetric"": false}, ""integer_scale"": 1000000, ""start"": 6, ""time_limit_s"": 5.0, ""valid_route"": true}"
classical_comparison,classical_comparison_random_asymmetric_n7_seed1,random_asymmetric,7,1,networkx_christofides,skipped_not_applicable,,,152.45913925614238,nan,,,8.300000035887933e-05,253.7109375,253.7109375,0.0,,,,152.45913925614238,nan,True,"{""instance_metadata"": {""complete"": true, ""high"": 100.0, ""instance_type"": ""random_asymmetric"", ""low"": 1.0, ""n"": 7, ""seed"": 1, ""symmetric"": false}, ""requires_metric_symmetric_complete"": true}"
classical_comparison,classical_comparison_random_asymmetric_n7_seed1,random_asymmetric,7,1,networkx_greedy,ok,"[6, 1, 2, 4, 3, 0, 5]",221.1712004970819,152.45913925614238,0.45069165139059525,True,True,0.00012599999990925426,253.7109375,253.7109375,0.0,,,,152.45913925614238,0.45069165139059525,True,"{""finite_edges"": true, ""instance_metadata"": {""complete"": true, ""high"": 100.0, ""instance_type"": ""random_asymmetric"", ""low"": 1.0, ""n"": 7, ""seed"": 1, ""symmetric"": false}, ""valid_route"": true}"
classical_comparison,classical_comparison_random_asymmetric_n7_seed1,random_asymmetric,7,1,python_tsp_dynamic_programming,skipped_missing_dependency,,,152.45913925614238,nan,,,0.0006728999996994389,253.7109375,253.7109375,0.0,,,,152.45913925614238,nan,True,"{""instance_metadata"": {""complete"": true, ""high"": 100.0, ""instance_type"": ""random_asymmetric"", ""low"": 1.0, ""n"": 7, ""seed"": 1, ""symmetric"": false}}"
classical_comparison,classical_comparison_euclidean_n7_seed2,euclidean,7,2,tn_exact,ok,"[6, 2, 1, 5, 3, 0, 4]",2265.6881653206246,2265.688165320624,2.0071047633428915e-16,True,True,0.02146370000036768,253.71484375,253.71484375,0.0,28.0,,,2265.688165320624,2.0071047633428915e-16,True,"{""finite_edges"": true, ""instance_metadata"": {""complete"": true, ""instance_type"": ""euclidean"", ""n"": 7, ""points"": [[261.6121342493164, 298.4911434141233], [814.2257405942803, 91.91594213509691], [600.100525965654, 728.5605268117946], [187.90107336660344, 55.14662733306819], [274.9693679060381, 657.4330148755926], [562.265662780428, 150.06226330533613], [432.6307908047872, 669.2972985745203]], ""scale"": 1000.0, ""seed"": 2, ""symmetric"": true}, ""n_layers"": null, ""normalization_factor"": 789.553461606053, ""normalize"": true, ""seed"": 0, ""tau"": 28.0, ""valid_route"": true}"
classical_comparison,classical_comparison_euclidean_n7_seed2,euclidean,7,2,tn_n_layers_4,ok,"[6, 4, 0, 3, 5, 1, 2]",2265.688165320624,2265.688165320624,0.0,True,True,0.022513899999921705,253.71484375,253.71484375,0.0,28.0,4,,2265.688165320624,0.0,True,"{""finite_edges"": true, ""instance_metadata"": {""complete"": true, ""instance_type"": ""euclidean"", ""n"": 7, ""points"": [[261.6121342493164, 298.4911434141233], [814.2257405942803, 91.91594213509691], [600.100525965654, 728.5605268117946], [187.90107336660344, 55.14662733306819], [274.9693679060381, 657.4330148755926], [562.265662780428, 150.06226330533613], [432.6307908047872, 669.2972985745203]], ""scale"": 1000.0, ""seed"": 2, ""symmetric"": true}, ""n_layers"": 4, ""normalization_factor"": 789.553461606053, ""normalize"": true, ""seed"": 0, ""tau"": 28.0, ""valid_route"": true}"
classical_comparison,classical_comparison_euclidean_n7_seed2,euclidean,7,2,tn_n_layers_2,ok,"[6, 2, 1, 5, 3, 0, 4]",2265.6881653206246,2265.688165320624,2.0071047633428915e-16,True,True,0.016024000000015803,253.71484375,253.71484375,0.0,28.0,2,,2265.688165320624,2.0071047633428915e-16,True,"{""finite_edges"": true, ""instance_metadata"": {""complete"": true, ""instance_type"": ""euclidean"", ""n"": 7, ""points"": [[261.6121342493164, 298.4911434141233], [814.2257405942803, 91.91594213509691], [600.100525965654, 728.5605268117946], [187.90107336660344, 55.14662733306819], [274.9693679060381, 657.4330148755926], [562.265662780428, 150.06226330533613], [432.6307908047872, 669.2972985745203]], ""scale"": 1000.0, ""seed"": 2, ""symmetric"": true}, ""n_layers"": 2, ""normalization_factor"": 789.553461606053, ""normalize"": true, ""seed"": 0, ""tau"": 28.0, ""valid_route"": true}"
classical_comparison,classical_comparison_euclidean_n7_seed2,euclidean,7,2,tn_n_layers_1,ok,"[6, 4, 0, 5, 1, 3, 2]",2705.7792436754958,2265.688165320624,0.1942416812212077,True,True,0.013654399999722955,253.71484375,253.71484375,0.0,28.0,1,,2265.688165320624,0.1942416812212077,True,"{""finite_edges"": true, ""instance_metadata"": {""complete"": true, ""instance_type"": ""euclidean"", ""n"": 7, ""points"": [[261.6121342493164, 298.4911434141233], [814.2257405942803, 91.91594213509691], [600.100525965654, 728.5605268117946], [187.90107336660344, 55.14662733306819], [274.9693679060381, 657.4330148755926], [562.265662780428, 150.06226330533613], [432.6307908047872, 669.2972985745203]], ""scale"": 1000.0, ""seed"": 2, ""symmetric"": true}, ""n_layers"": 1, ""normalization_factor"": 789.553461606053, ""normalize"": true, ""seed"": 0, ""tau"": 28.0, ""valid_route"": true}"
classical_comparison,classical_comparison_euclidean_n7_seed2,euclidean,7,2,tn_n_layers_0,ok,"[6, 4, 2, 0, 5, 1, 3]",2920.621967976947,2265.688165320624,0.28906617101195,True,True,0.009779800000160321,253.71484375,253.71484375,0.0,28.0,0,,2265.688165320624,0.28906617101195,True,"{""finite_edges"": true, ""instance_metadata"": {""complete"": true, ""instance_type"": ""euclidean"", ""n"": 7, ""points"": [[261.6121342493164, 298.4911434141233], [814.2257405942803, 91.91594213509691], [600.100525965654, 728.5605268117946], [187.90107336660344, 55.14662733306819], [274.9693679060381, 657.4330148755926], [562.265662780428, 150.06226330533613], [432.6307908047872, 669.2972985745203]], ""scale"": 1000.0, ""seed"": 2, ""symmetric"": true}, ""n_layers"": 0, ""normalization_factor"": 789.553461606053, ""normalize"": true, ""seed"": 0, ""tau"": 28.0, ""valid_route"": true}"
classical_comparison,classical_comparison_euclidean_n7_seed2,euclidean,7,2,held_karp,ok,"[6, 4, 0, 3, 5, 1, 2]",2265.688165320624,2265.688165320624,0.0,True,True,0.00020949999998265412,253.71484375,253.71484375,0.0,,,,2265.688165320624,0.0,True,"{""instance_metadata"": {""complete"": true, ""instance_type"": ""euclidean"", ""n"": 7, ""points"": [[261.6121342493164, 298.4911434141233], [814.2257405942803, 91.91594213509691], [600.100525965654, 728.5605268117946], [187.90107336660344, 55.14662733306819], [274.9693679060381, 657.4330148755926], [562.265662780428, 150.06226330533613], [432.6307908047872, 669.2972985745203]], ""scale"": 1000.0, ""seed"": 2, ""symmetric"": true}, ""max_n"": 18, ""start"": 6}"
classical_comparison,classical_comparison_euclidean_n7_seed2,euclidean,7,2,bruteforce,ok,"[6, 4, 0, 3, 5, 1, 2]",2265.688165320624,2265.688165320624,0.0,True,True,0.002213999999639782,253.71484375,253.71484375,0.0,,,,2265.688165320624,0.0,True,"{""instance_metadata"": {""complete"": true, ""instance_type"": ""euclidean"", ""n"": 7, ""points"": [[261.6121342493164, 298.4911434141233], [814.2257405942803, 91.91594213509691], [600.100525965654, 728.5605268117946], [187.90107336660344, 55.14662733306819], [274.9693679060381, 657.4330148755926], [562.265662780428, 150.06226330533613], [432.6307908047872, 669.2972985745203]], ""scale"": 1000.0, ""seed"": 2, ""symmetric"": true}, ""max_n"": 10, ""permutations_checked"": 720, ""start"": 6}"
classical_comparison,classical_comparison_euclidean_n7_seed2,euclidean,7,2,ortools,ok,"[6, 4, 0, 3, 5, 1, 2]",2265.688165320624,2265.688165320624,0.0,True,True,0.0013575999996646715,253.71484375,253.71484375,0.0,,,5.0,2265.688165320624,0.0,True,"{""finite_edges"": true, ""infinity_penalty"": 5526874234000, ""instance_metadata"": {""complete"": true, ""instance_type"": ""euclidean"", ""n"": 7, ""points"": [[261.6121342493164, 298.4911434141233], [814.2257405942803, 91.91594213509691], [600.100525965654, 728.5605268117946], [187.90107336660344, 55.14662733306819], [274.9693679060381, 657.4330148755926], [562.265662780428, 150.06226330533613], [432.6307908047872, 669.2972985745203]], ""scale"": 1000.0, ""seed"": 2, ""symmetric"": true}, ""integer_scale"": 1000000, ""start"": 6, ""time_limit_s"": 5.0, ""valid_route"": true}"
classical_comparison,classical_comparison_euclidean_n7_seed2,euclidean,7,2,networkx_christofides,ok,"[6, 2, 1, 5, 3, 0, 4]",2265.6881653206246,2265.688165320624,2.0071047633428915e-16,True,True,0.0005663000001732144,253.71484375,253.71484375,0.0,,,,2265.688165320624,2.0071047633428915e-16,True,"{""finite_edges"": true, ""instance_metadata"": {""complete"": true, ""instance_type"": ""euclidean"", ""n"": 7, ""points"": [[261.6121342493164, 298.4911434141233], [814.2257405942803, 91.91594213509691], [600.100525965654, 728.5605268117946], [187.90107336660344, 55.14662733306819], [274.9693679060381, 657.4330148755926], [562.265662780428, 150.06226330533613], [432.6307908047872, 669.2972985745203]], ""scale"": 1000.0, ""seed"": 2, ""symmetric"": true}, ""requires_metric_symmetric_complete"": true, ""valid_route"": true}"
classical_comparison,classical_comparison_euclidean_n7_seed2,euclidean,7,2,networkx_greedy,ok,"[6, 1, 5, 3, 0, 2, 4]",2629.3666548007404,2265.688165320624,0.16051568571822902,True,True,0.00011210000002392917,253.71484375,253.71484375,0.0,,,,2265.688165320624,0.16051568571822902,True,"{""finite_edges"": true, ""instance_metadata"": {""complete"": true, ""instance_type"": ""euclidean"", ""n"": 7, ""points"": [[261.6121342493164, 298.4911434141233], [814.2257405942803, 91.91594213509691], [600.100525965654, 728.5605268117946], [187.90107336660344, 55.14662733306819], [274.9693679060381, 657.4330148755926], [562.265662780428, 150.06226330533613], [432.6307908047872, 669.2972985745203]], ""scale"": 1000.0, ""seed"": 2, ""symmetric"": true}, ""valid_route"": true}"
classical_comparison,classical_comparison_euclidean_n7_seed2,euclidean,7,2,python_tsp_dynamic_programming,skipped_missing_dependency,,,2265.688165320624,nan,,,0.000551999999970576,253.71484375,253.71484375,0.0,,,,2265.688165320624,nan,True,"{""instance_metadata"": {""complete"": true, ""instance_type"": ""euclidean"", ""n"": 7, ""points"": [[261.6121342493164, 298.4911434141233], [814.2257405942803, 91.91594213509691], [600.100525965654, 728.5605268117946], [187.90107336660344, 55.14662733306819], [274.9693679060381, 657.4330148755926], [562.265662780428, 150.06226330533613], [432.6307908047872, 669.2972985745203]], ""scale"": 1000.0, ""seed"": 2, ""symmetric"": true}}"
classical_comparison,classical_comparison_random_symmetric_n7_seed2,random_symmetric,7,2,tn_exact,ok,"[6, 5, 2, 4, 1, 0, 3]",227.1848319161639,227.1848319161639,0.0,True,True,0.021811000000070635,253.71484375,253.71484375,0.0,28.0,,,227.1848319161639,0.0,True,"{""finite_edges"": true, ""instance_metadata"": {""complete"": true, ""high"": 100.0, ""instance_type"": ""random_symmetric"", ""low"": 1.0, ""n"": 7, ""seed"": 2, ""symmetric"": true}, ""n_layers"": null, ""normalization_factor"": 90.52899522465833, ""normalize"": true, ""seed"": 0, ""tau"": 28.0, ""valid_route"": true}"
classical_comparison,classical_comparison_random_symmetric_n7_seed2,random_symmetric,7,2,tn_n_layers_4,ok,"[6, 3, 0, 1, 4, 2, 5]",227.1848319161639,227.1848319161639,0.0,True,True,0.02050969999982044,253.71484375,253.71484375,0.0,28.0,4,,227.1848319161639,0.0,True,"{""finite_edges"": true, ""instance_metadata"": {""complete"": true, ""high"": 100.0, ""instance_type"": ""random_symmetric"", ""low"": 1.0, ""n"": 7, ""seed"": 2, ""symmetric"": true}, ""n_layers"": 4, ""normalization_factor"": 90.52899522465833, ""normalize"": true, ""seed"": 0, ""tau"": 28.0, ""valid_route"": true}"
classical_comparison,classical_comparison_random_symmetric_n7_seed2,random_symmetric,7,2,tn_n_layers_2,ok,"[6, 0, 1, 4, 2, 5, 3]",272.5942917224935,227.1848319161639,0.19987892423683762,True,True,0.016046900000219466,253.71484375,253.71484375,0.0,28.0,2,,227.1848319161639,0.19987892423683762,True,"{""finite_edges"": true, ""instance_metadata"": {""complete"": true, ""high"": 100.0, ""instance_type"": ""random_symmetric"", ""low"": 1.0, ""n"": 7, ""seed"": 2, ""symmetric"": true}, ""n_layers"": 2, ""normalization_factor"": 90.52899522465833, ""normalize"": true, ""seed"": 0, ""tau"": 28.0, ""valid_route"": true}"
classical_comparison,classical_comparison_random_symmetric_n7_seed2,random_symmetric,7,2,tn_n_layers_1,ok,"[6, 4, 1, 0, 3, 2, 5]",276.6638954184676,227.1848319161639,0.21779210823618073,True,True,0.013215299999956187,253.71484375,253.71484375,0.0,28.0,1,,227.1848319161639,0.21779210823618073,True,"{""finite_edges"": true, ""instance_metadata"": {""complete"": true, ""high"": 100.0, ""instance_type"": ""random_symmetric"", ""low"": 1.0, ""n"": 7, ""seed"": 2, ""symmetric"": true}, ""n_layers"": 1, ""normalization_factor"": 90.52899522465833, ""normalize"": true, ""seed"": 0, ""tau"": 28.0, ""valid_route"": true}"
classical_comparison,classical_comparison_random_symmetric_n7_seed2,random_symmetric,7,2,tn_n_layers_0,ok,"[6, 5, 2, 4, 1, 0, 3]",227.1848319161639,227.1848319161639,0.0,True,True,0.009289300000091316,253.71484375,253.71484375,0.0,28.0,0,,227.1848319161639,0.0,True,"{""finite_edges"": true, ""instance_metadata"": {""complete"": true, ""high"": 100.0, ""instance_type"": ""random_symmetric"", ""low"": 1.0, ""n"": 7, ""seed"": 2, ""symmetric"": true}, ""n_layers"": 0, ""normalization_factor"": 90.52899522465833, ""normalize"": true, ""seed"": 0, ""tau"": 28.0, ""valid_route"": true}"
classical_comparison,classical_comparison_random_symmetric_n7_seed2,random_symmetric,7,2,held_karp,ok,"[6, 5, 2, 4, 1, 0, 3]",227.1848319161639,227.1848319161639,0.0,True,True,0.00020419999964360613,253.71484375,253.71484375,0.0,,,,227.1848319161639,0.0,True,"{""instance_metadata"": {""complete"": true, ""high"": 100.0, ""instance_type"": ""random_symmetric"", ""low"": 1.0, ""n"": 7, ""seed"": 2, ""symmetric"": true}, ""max_n"": 18, ""start"": 6}"
classical_comparison,classical_comparison_random_symmetric_n7_seed2,random_symmetric,7,2,bruteforce,ok,"[6, 3, 0, 1, 4, 2, 5]",227.1848319161639,227.1848319161639,0.0,True,True,0.0021115999998073676,253.71484375,253.71484375,0.0,,,,227.1848319161639,0.0,True,"{""instance_metadata"": {""complete"": true, ""high"": 100.0, ""instance_type"": ""random_symmetric"", ""low"": 1.0, ""n"": 7, ""seed"": 2, ""symmetric"": true}, ""max_n"": 10, ""permutations_checked"": 720, ""start"": 6}"
classical_comparison,classical_comparison_random_symmetric_n7_seed2,random_symmetric,7,2,ortools,ok,"[6, 5, 2, 4, 1, 0, 3]",227.1848319161639,227.1848319161639,0.0,True,True,0.0012071999999534455,253.71484375,253.71484375,0.0,,,5.0,227.1848319161639,0.0,True,"{""finite_edges"": true, ""infinity_penalty"": 633702965000, ""instance_metadata"": {""complete"": true, ""high"": 100.0, ""instance_type"": ""random_symmetric"", ""low"": 1.0, ""n"": 7, ""seed"": 2, ""symmetric"": true}, ""integer_scale"": 1000000, ""start"": 6, ""time_limit_s"": 5.0, ""valid_route"": true}"
classical_comparison,classical_comparison_random_symmetric_n7_seed2,random_symmetric,7,2,networkx_christofides,skipped_not_applicable,,,227.1848319161639,nan,,,7.890000006227638e-05,253.71484375,253.71484375,0.0,,,,227.1848319161639,nan,True,"{""instance_metadata"": {""complete"": true, ""high"": 100.0, ""instance_type"": ""random_symmetric"", ""low"": 1.0, ""n"": 7, ""seed"": 2, ""symmetric"": true}, ""requires_metric_symmetric_complete"": true}"
classical_comparison,classical_comparison_random_symmetric_n7_seed2,random_symmetric,7,2,networkx_greedy,ok,"[6, 3, 0, 1, 4, 2, 5]",227.1848319161639,227.1848319161639,0.0,True,True,0.00010400000019217259,253.71484375,253.71484375,0.0,,,,227.1848319161639,0.0,True,"{""finite_edges"": true, ""instance_metadata"": {""complete"": true, ""high"": 100.0, ""instance_type"": ""random_symmetric"", ""low"": 1.0, ""n"": 7, ""seed"": 2, ""symmetric"": true}, ""valid_route"": true}"
classical_comparison,classical_comparison_random_symmetric_n7_seed2,random_symmetric,7,2,python_tsp_dynamic_programming,skipped_missing_dependency,,,227.1848319161639,nan,,,0.0005256999997982348,253.71484375,253.71484375,0.0,,,,227.1848319161639,nan,True,"{""instance_metadata"": {""complete"": true, ""high"": 100.0, ""instance_type"": ""random_symmetric"", ""low"": 1.0, ""n"": 7, ""seed"": 2, ""symmetric"": true}}"
classical_comparison,classical_comparison_random_asymmetric_n7_seed2,random_asymmetric,7,2,tn_exact,ok,"[6, 5, 4, 1, 0, 3, 2]",207.7264890192432,207.7264890192432,0.0,True,True,0.022382800000286807,253.71484375,253.71484375,0.0,28.0,,,207.7264890192432,0.0,True,"{""finite_edges"": true, ""instance_metadata"": {""complete"": true, ""high"": 100.0, ""instance_type"": ""random_asymmetric"", ""low"": 1.0, ""n"": 7, ""seed"": 2, ""symmetric"": false}, ""n_layers"": null, ""normalization_factor"": 92.49747275417559, ""normalize"": true, ""seed"": 0, ""tau"": 28.0, ""valid_route"": true}"
classical_comparison,classical_comparison_random_asymmetric_n7_seed2,random_asymmetric,7,2,tn_n_layers_4,ok,"[6, 3, 2, 5, 4, 1, 0]",213.67431190124975,207.7264890192432,0.028632953409497876,True,True,0.02078879999999117,253.71484375,253.71484375,0.0,28.0,4,,207.7264890192432,0.028632953409497876,True,"{""finite_edges"": true, ""instance_metadata"": {""complete"": true, ""high"": 100.0, ""instance_type"": ""random_asymmetric"", ""low"": 1.0, ""n"": 7, ""seed"": 2, ""symmetric"": false}, ""n_layers"": 4, ""normalization_factor"": 92.49747275417559, ""normalize"": true, ""seed"": 0, ""tau"": 28.0, ""valid_route"": true}"
classical_comparison,classical_comparison_random_asymmetric_n7_seed2,random_asymmetric,7,2,tn_n_layers_2,ok,"[6, 4, 1, 0, 3, 5, 2]",223.29012135625845,207.7264890192432,0.07492367685265933,True,True,0.016478900000038266,253.71484375,253.71875,0.00390625,28.0,2,,207.7264890192432,0.07492367685265933,True,"{""finite_edges"": true, ""instance_metadata"": {""complete"": true, ""high"": 100.0, ""instance_type"": ""random_asymmetric"", ""low"": 1.0, ""n"": 7, ""seed"": 2, ""symmetric"": false}, ""n_layers"": 2, ""normalization_factor"": 92.49747275417559, ""normalize"": true, ""seed"": 0, ""tau"": 28.0, ""valid_route"": true}"
classical_comparison,classical_comparison_random_asymmetric_n7_seed2,random_asymmetric,7,2,tn_n_layers_1,ok,"[6, 4, 0, 3, 5, 1, 2]",275.5705179355524,207.7264890192432,0.3266026843116014,True,True,0.013438899999982823,253.71875,253.71875,0.0,28.0,1,,207.7264890192432,0.3266026843116014,True,"{""finite_edges"": true, ""instance_metadata"": {""complete"": true, ""high"": 100.0, ""instance_type"": ""random_asymmetric"", ""low"": 1.0, ""n"": 7, ""seed"": 2, ""symmetric"": false}, ""n_layers"": 1, ""normalization_factor"": 92.49747275417559, ""normalize"": true, ""seed"": 0, ""tau"": 28.0, ""valid_route"": true}"
classical_comparison,classical_comparison_random_asymmetric_n7_seed2,random_asymmetric,7,2,tn_n_layers_0,ok,"[6, 1, 0, 3, 5, 2, 4]",278.80777985441944,207.7264890192432,0.34218693615233386,True,True,0.009377200000017183,253.71875,253.71875,0.0,28.0,0,,207.7264890192432,0.34218693615233386,True,"{""finite_edges"": true, ""instance_metadata"": {""complete"": true, ""high"": 100.0, ""instance_type"": ""random_asymmetric"", ""low"": 1.0, ""n"": 7, ""seed"": 2, ""symmetric"": false}, ""n_layers"": 0, ""normalization_factor"": 92.49747275417559, ""normalize"": true, ""seed"": 0, ""tau"": 28.0, ""valid_route"": true}"
classical_comparison,classical_comparison_random_asymmetric_n7_seed2,random_asymmetric,7,2,held_karp,ok,"[6, 5, 4, 1, 0, 3, 2]",207.7264890192432,207.7264890192432,0.0,True,True,0.00020870000025752233,253.71875,253.71875,0.0,,,,207.7264890192432,0.0,True,"{""instance_metadata"": {""complete"": true, ""high"": 100.0, ""instance_type"": ""random_asymmetric"", ""low"": 1.0, ""n"": 7, ""seed"": 2, ""symmetric"": false}, ""max_n"": 18, ""start"": 6}"
classical_comparison,classical_comparison_random_asymmetric_n7_seed2,random_asymmetric,7,2,bruteforce,ok,"[6, 5, 4, 1, 0, 3, 2]",207.7264890192432,207.7264890192432,0.0,True,True,0.0022186000001056527,253.71875,253.71875,0.0,,,,207.7264890192432,0.0,True,"{""instance_metadata"": {""complete"": true, ""high"": 100.0, ""instance_type"": ""random_asymmetric"", ""low"": 1.0, ""n"": 7, ""seed"": 2, ""symmetric"": false}, ""max_n"": 10, ""permutations_checked"": 720, ""start"": 6}"
classical_comparison,classical_comparison_random_asymmetric_n7_seed2,random_asymmetric,7,2,ortools,ok,"[6, 5, 4, 1, 0, 3, 2]",207.7264890192432,207.7264890192432,0.0,True,True,0.00135550000004514,253.71875,253.71875,0.0,,,5.0,207.7264890192432,0.0,True,"{""finite_edges"": true, ""infinity_penalty"": 647482311000, ""instance_metadata"": {""complete"": true, ""high"": 100.0, ""instance_type"": ""random_asymmetric"", ""low"": 1.0, ""n"": 7, ""seed"": 2, ""symmetric"": false}, ""integer_scale"": 1000000, ""start"": 6, ""time_limit_s"": 5.0, ""valid_route"": true}"
classical_comparison,classical_comparison_random_asymmetric_n7_seed2,random_asymmetric,7,2,networkx_christofides,skipped_not_applicable,,,207.7264890192432,nan,,,7.929999992484227e-05,253.71875,253.71875,0.0,,,,207.7264890192432,nan,True,"{""instance_metadata"": {""complete"": true, ""high"": 100.0, ""instance_type"": ""random_asymmetric"", ""low"": 1.0, ""n"": 7, ""seed"": 2, ""symmetric"": false}, ""requires_metric_symmetric_complete"": true}"
classical_comparison,classical_comparison_random_asymmetric_n7_seed2,random_asymmetric,7,2,networkx_greedy,ok,"[6, 5, 0, 3, 2, 4, 1]",269.9154249755927,207.7264890192432,0.29937893934455573,True,True,0.00011870000025737681,253.71875,253.71875,0.0,,,,207.7264890192432,0.29937893934455573,True,"{""finite_edges"": true, ""instance_metadata"": {""complete"": true, ""high"": 100.0, ""instance_type"": ""random_asymmetric"", ""low"": 1.0, ""n"": 7, ""seed"": 2, ""symmetric"": false}, ""valid_route"": true}"
classical_comparison,classical_comparison_random_asymmetric_n7_seed2,random_asymmetric,7,2,python_tsp_dynamic_programming,skipped_missing_dependency,,,207.7264890192432,nan,,,0.0005456999997477396,253.71875,253.71875,0.0,,,,207.7264890192432,nan,True,"{""instance_metadata"": {""complete"": true, ""high"": 100.0, ""instance_type"": ""random_asymmetric"", ""low"": 1.0, ""n"": 7, ""seed"": 2, ""symmetric"": false}}"
classical_comparison,classical_comparison_euclidean_n7_seed3,euclidean,7,3,tn_exact,ok,"[6, 5, 2, 0, 3, 4, 1]",2089.9331152272557,2089.9331152272557,0.0,True,True,0.02328590000024633,253.71875,253.72265625,0.00390625,28.0,,,2089.9331152272557,0.0,True,"{""finite_edges"": true, ""instance_metadata"": {""complete"": true, ""instance_type"": ""euclidean"", ""n"": 7, ""points"": [[85.64916714362437, 236.8105065960997], [801.2744652063969, 582.1620360643678], [94.12864224039919, 433.1269402364738], [479.05129814083404, 159.73891463707858], [734.5771514092145, 113.6720199214034], [391.22819049566203, 516.7401826213637], [430.6280204141778, 586.7985714381407]], ""scale"": 1000.0, ""seed"": 3, ""symmetric"": true}, ""n_layers"": null, ""normalization_factor"": 794.5987957035325, ""normalize"": true, ""seed"": 0, ""tau"": 28.0, ""valid_route"": true}"
classical_comparison,classical_comparison_euclidean_n7_seed3,euclidean,7,3,tn_n_layers_4,ok,"[6, 1, 4, 3, 0, 2, 5]",2089.9331152272557,2089.9331152272557,0.0,True,True,0.0205670000000282,253.72265625,253.72265625,0.0,28.0,4,,2089.9331152272557,0.0,True,"{""finite_edges"": true, ""instance_metadata"": {""complete"": true, ""instance_type"": ""euclidean"", ""n"": 7, ""points"": [[85.64916714362437, 236.8105065960997], [801.2744652063969, 582.1620360643678], [94.12864224039919, 433.1269402364738], [479.05129814083404, 159.73891463707858], [734.5771514092145, 113.6720199214034], [391.22819049566203, 516.7401826213637], [430.6280204141778, 586.7985714381407]], ""scale"": 1000.0, ""seed"": 3, ""symmetric"": true}, ""n_layers"": 4, ""normalization_factor"": 794.5987957035325, ""normalize"": true, ""seed"": 0, ""tau"": 28.0, ""valid_route"": true}"
classical_comparison,classical_comparison_euclidean_n7_seed3,euclidean,7,3,tn_n_layers_2,ok,"[6, 5, 3, 0, 2, 4, 1]",2604.991271587057,2089.9331152272557,0.2464471961361283,True,True,0.01594040000009045,253.72265625,253.72265625,0.0,28.0,2,,2089.9331152272557,0.2464471961361283,True,"{""finite_edges"": true, ""instance_metadata"": {""complete"": true, ""instance_type"": ""euclidean"", ""n"": 7, ""points"": [[85.64916714362437, 236.8105065960997], [801.2744652063969, 582.1620360643678], [94.12864224039919, 433.1269402364738], [479.05129814083404, 159.73891463707858], [734.5771514092145, 113.6720199214034], [391.22819049566203, 516.7401826213637], [430.6280204141778, 586.7985714381407]], ""scale"": 1000.0, ""seed"": 3, ""symmetric"": true}, ""n_layers"": 2, ""normalization_factor"": 794.5987957035325, ""normalize"": true, ""seed"": 0, ""tau"": 28.0, ""valid_route"": true}"
classical_comparison,classical_comparison_euclidean_n7_seed3,euclidean,7,3,tn_n_layers_1,ok,"[6, 5, 3, 4, 1, 0, 2]",2541.907819355694,2089.9331152272557,0.2162627601980895,True,True,0.01322440000012648,253.72265625,253.72265625,0.0,28.0,1,,2089.9331152272557,0.2162627601980895,True,"{""finite_edges"": true, ""instance_metadata"": {""complete"": true, ""instance_type"": ""euclidean"", ""n"": 7, ""points"": [[85.64916714362437, 236.8105065960997], [801.2744652063969, 582.1620360643678], [94.12864224039919, 433.1269402364738], [479.05129814083404, 159.73891463707858], [734.5771514092145, 113.6720199214034], [391.22819049566203, 516.7401826213637], [430.6280204141778, 586.7985714381407]], ""scale"": 1000.0, ""seed"": 3, ""symmetric"": true}, ""n_layers"": 1, ""normalization_factor"": 794.5987957035325, ""normalize"": true, ""seed"": 0, ""tau"": 28.0, ""valid_route"": true}"
classical_comparison,classical_comparison_euclidean_n7_seed3,euclidean,7,3,tn_n_layers_0,ok,"[6, 5, 2, 0, 3, 4, 1]",2089.9331152272557,2089.9331152272557,0.0,True,True,0.009629199999835691,253.72265625,253.72265625,0.0,28.0,0,,2089.9331152272557,0.0,True,"{""finite_edges"": true, ""instance_metadata"": {""complete"": true, ""instance_type"": ""euclidean"", ""n"": 7, ""points"": [[85.64916714362437, 236.8105065960997], [801.2744652063969, 582.1620360643678], [94.12864224039919, 433.1269402364738], [479.05129814083404, 159.73891463707858], [734.5771514092145, 113.6720199214034], [391.22819049566203, 516.7401826213637], [430.6280204141778, 586.7985714381407]], ""scale"": 1000.0, ""seed"": 3, ""symmetric"": true}, ""n_layers"": 0, ""normalization_factor"": 794.5987957035325, ""normalize"": true, ""seed"": 0, ""tau"": 28.0, ""valid_route"": true}"
classical_comparison,classical_comparison_euclidean_n7_seed3,euclidean,7,3,held_karp,ok,"[6, 5, 2, 0, 3, 4, 1]",2089.9331152272557,2089.9331152272557,0.0,True,True,0.00021360000027925707,253.72265625,253.72265625,0.0,,,,2089.9331152272557,0.0,True,"{""instance_metadata"": {""complete"": true, ""instance_type"": ""euclidean"", ""n"": 7, ""points"": [[85.64916714362437, 236.8105065960997], [801.2744652063969, 582.1620360643678], [94.12864224039919, 433.1269402364738], [479.05129814083404, 159.73891463707858], [734.5771514092145, 113.6720199214034], [391.22819049566203, 516.7401826213637], [430.6280204141778, 586.7985714381407]], ""scale"": 1000.0, ""seed"": 3, ""symmetric"": true}, ""max_n"": 18, ""start"": 6}"
classical_comparison,classical_comparison_euclidean_n7_seed3,euclidean,7,3,bruteforce,ok,"[6, 1, 4, 3, 0, 2, 5]",2089.9331152272557,2089.9331152272557,0.0,True,True,0.0022129999997559935,253.72265625,253.72265625,0.0,,,,2089.9331152272557,0.0,True,"{""instance_metadata"": {""complete"": true, ""instance_type"": ""euclidean"", ""n"": 7, ""points"": [[85.64916714362437, 236.8105065960997], [801.2744652063969, 582.1620360643678], [94.12864224039919, 433.1269402364738], [479.05129814083404, 159.73891463707858], [734.5771514092145, 113.6720199214034], [391.22819049566203, 516.7401826213637], [430.6280204141778, 586.7985714381407]], ""scale"": 1000.0, ""seed"": 3, ""symmetric"": true}, ""max_n"": 10, ""permutations_checked"": 720, ""start"": 6}"
classical_comparison,classical_comparison_euclidean_n7_seed3,euclidean,7,3,ortools,ok,"[6, 5, 2, 0, 3, 4, 1]",2089.9331152272557,2089.9331152272557,0.0,True,True,0.001268900000013673,253.72265625,253.76953125,0.046875,,,5.0,2089.9331152272557,0.0,True,"{""finite_edges"": true, ""infinity_penalty"": 5562191572000, ""instance_metadata"": {""complete"": true, ""instance_type"": ""euclidean"", ""n"": 7, ""points"": [[85.64916714362437, 236.8105065960997], [801.2744652063969, 582.1620360643678], [94.12864224039919, 433.1269402364738], [479.05129814083404, 159.73891463707858], [734.5771514092145, 113.6720199214034], [391.22819049566203, 516.7401826213637], [430.6280204141778, 586.7985714381407]], ""scale"": 1000.0, ""seed"": 3, ""symmetric"": true}, ""integer_scale"": 1000000, ""start"": 6, ""time_limit_s"": 5.0, ""valid_route"": true}"
classical_comparison,classical_comparison_euclidean_n7_seed3,euclidean,7,3,networkx_christofides,ok,"[6, 1, 4, 3, 5, 0, 2]",2452.0213205068626,2089.9331152272557,0.17325348961717085,True,True,0.0005666999995810329,253.76953125,253.76953125,0.0,,,,2089.9331152272557,0.17325348961717085,True,"{""finite_edges"": true, ""instance_metadata"": {""complete"": true, ""instance_type"": ""euclidean"", ""n"": 7, ""points"": [[85.64916714362437, 236.8105065960997], [801.2744652063969, 582.1620360643678], [94.12864224039919, 433.1269402364738], [479.05129814083404, 159.73891463707858], [734.5771514092145, 113.6720199214034], [391.22819049566203, 516.7401826213637], [430.6280204141778, 586.7985714381407]], ""scale"": 1000.0, ""seed"": 3, ""symmetric"": true}, ""requires_metric_symmetric_complete"": true, ""valid_route"": true}"
classical_comparison,classical_comparison_euclidean_n7_seed3,euclidean,7,3,networkx_greedy,ok,"[6, 1, 4, 3, 0, 2, 5]",2089.9331152272557,2089.9331152272557,0.0,True,True,0.00010930000007647322,253.76953125,253.76953125,0.0,,,,2089.9331152272557,0.0,True,"{""finite_edges"": true, ""instance_metadata"": {""complete"": true, ""instance_type"": ""euclidean"", ""n"": 7, ""points"": [[85.64916714362437, 236.8105065960997], [801.2744652063969, 582.1620360643678], [94.12864224039919, 433.1269402364738], [479.05129814083404, 159.73891463707858], [734.5771514092145, 113.6720199214034], [391.22819049566203, 516.7401826213637], [430.6280204141778, 586.7985714381407]], ""scale"": 1000.0, ""seed"": 3, ""symmetric"": true}, ""valid_route"": true}"
classical_comparison,classical_comparison_euclidean_n7_seed3,euclidean,7,3,python_tsp_dynamic_programming,skipped_missing_dependency,,,2089.9331152272557,nan,,,0.0005194999998821004,253.76953125,253.76953125,0.0,,,,2089.9331152272557,nan,True,"{""instance_metadata"": {""complete"": true, ""instance_type"": ""euclidean"", ""n"": 7, ""points"": [[85.64916714362437, 236.8105065960997], [801.2744652063969, 582.1620360643678], [94.12864224039919, 433.1269402364738], [479.05129814083404, 159.73891463707858], [734.5771514092145, 113.6720199214034], [391.22819049566203, 516.7401826213637], [430.6280204141778, 586.7985714381407]], ""scale"": 1000.0, ""seed"": 3, ""symmetric"": true}}"
classical_comparison,classical_comparison_random_symmetric_n7_seed3,random_symmetric,7,3,tn_exact,ok,"[6, 2, 3, 4, 0, 1, 5]",208.88075868331993,208.88075868331993,0.0,True,True,0.021675800000139134,253.76953125,253.76953125,0.0,28.0,,,208.88075868331993,0.0,True,"{""finite_edges"": true, ""instance_metadata"": {""complete"": true, ""high"": 100.0, ""instance_type"": ""random_symmetric"", ""low"": 1.0, ""n"": 7, ""seed"": 3, ""symmetric"": true}, ""n_layers"": null, ""normalization_factor"": 78.00330438612363, ""normalize"": true, ""seed"": 0, ""tau"": 28.0, ""valid_route"": true}"
classical_comparison,classical_comparison_random_symmetric_n7_seed3,random_symmetric,7,3,tn_n_layers_4,ok,"[6, 2, 3, 4, 0, 1, 5]",208.88075868331993,208.88075868331993,0.0,True,True,0.020718800000395277,253.76953125,253.76953125,0.0,28.0,4,,208.88075868331993,0.0,True,"{""finite_edges"": true, ""instance_metadata"": {""complete"": true, ""high"": 100.0, ""instance_type"": ""random_symmetric"", ""low"": 1.0, ""n"": 7, ""seed"": 3, ""symmetric"": true}, ""n_layers"": 4, ""normalization_factor"": 78.00330438612363, ""normalize"": true, ""seed"": 0, ""tau"": 28.0, ""valid_route"": true}"
classical_comparison,classical_comparison_random_symmetric_n7_seed3,random_symmetric,7,3,tn_n_layers_2,ok,"[6, 2, 1, 3, 4, 0, 5]",245.2589069835292,208.88075868331993,0.17415748836570183,True,True,0.016776800000116054,253.76953125,253.76953125,0.0,28.0,2,,208.88075868331993,0.17415748836570183,True,"{""finite_edges"": true, ""instance_metadata"": {""complete"": true, ""high"": 100.0, ""instance_type"": ""random_symmetric"", ""low"": 1.0, ""n"": 7, ""seed"": 3, ""symmetric"": true}, ""n_layers"": 2, ""normalization_factor"": 78.00330438612363, ""normalize"": true, ""seed"": 0, ""tau"": 28.0, ""valid_route"": true}"
classical_comparison,classical_comparison_random_symmetric_n7_seed3,random_symmetric,7,3,tn_n_layers_1,ok,"[6, 0, 4, 3, 1, 5, 2]",246.84242181323756,208.88075868331993,0.18173843952506216,True,True,0.013335899999674439,253.76953125,253.76953125,0.0,28.0,1,,208.88075868331993,0.18173843952506216,True,"{""finite_edges"": true, ""instance_metadata"": {""complete"": true, ""high"": 100.0, ""instance_type"": ""random_symmetric"", ""low"": 1.0, ""n"": 7, ""seed"": 3, ""symmetric"": true}, ""n_layers"": 1, ""normalization_factor"": 78.00330438612363, ""normalize"": true, ""seed"": 0, ""tau"": 28.0, ""valid_route"": true}"
classical_comparison,classical_comparison_random_symmetric_n7_seed3,random_symmetric,7,3,tn_n_layers_0,ok,"[6, 2, 5, 1, 0, 4, 3]",250.65650930313558,208.88075868331993,0.19999807968502767,True,True,0.010028600000168808,253.76953125,253.76953125,0.0,28.0,0,,208.88075868331993,0.19999807968502767,True,"{""finite_edges"": true, ""instance_metadata"": {""complete"": true, ""high"": 100.0, ""instance_type"": ""random_symmetric"", ""low"": 1.0, ""n"": 7, ""seed"": 3, ""symmetric"": true}, ""n_layers"": 0, ""normalization_factor"": 78.00330438612363, ""normalize"": true, ""seed"": 0, ""tau"": 28.0, ""valid_route"": true}"
classical_comparison,classical_comparison_random_symmetric_n7_seed3,random_symmetric,7,3,held_karp,ok,"[6, 5, 1, 0, 4, 3, 2]",208.88075868331993,208.88075868331993,0.0,True,True,0.0002040999997916515,253.76953125,253.77734375,0.0078125,,,,208.88075868331993,0.0,True,"{""instance_metadata"": {""complete"": true, ""high"": 100.0, ""instance_type"": ""random_symmetric"", ""low"": 1.0, ""n"": 7, ""seed"": 3, ""symmetric"": true}, ""max_n"": 18, ""start"": 6}"
classical_comparison,classical_comparison_random_symmetric_n7_seed3,random_symmetric,7,3,bruteforce,ok,"[6, 2, 3, 4, 0, 1, 5]",208.88075868331993,208.88075868331993,0.0,True,True,0.0020829000000048836,253.77734375,253.77734375,0.0,,,,208.88075868331993,0.0,True,"{""instance_metadata"": {""complete"": true, ""high"": 100.0, ""instance_type"": ""random_symmetric"", ""low"": 1.0, ""n"": 7, ""seed"": 3, ""symmetric"": true}, ""max_n"": 10, ""permutations_checked"": 720, ""start"": 6}"
classical_comparison,classical_comparison_random_symmetric_n7_seed3,random_symmetric,7,3,ortools,ok,"[6, 2, 3, 4, 0, 1, 5]",208.88075868331993,208.88075868331993,0.0,True,True,0.001229800000146497,253.77734375,253.77734375,0.0,,,5.0,208.88075868331993,0.0,True,"{""finite_edges"": true, ""infinity_penalty"": 546023128000, ""instance_metadata"": {""complete"": true, ""high"": 100.0, ""instance_type"": ""random_symmetric"", ""low"": 1.0, ""n"": 7, ""seed"": 3, ""symmetric"": true}, ""integer_scale"": 1000000, ""start"": 6, ""time_limit_s"": 5.0, ""valid_route"": true}"
classical_comparison,classical_comparison_random_symmetric_n7_seed3,random_symmetric,7,3,networkx_christofides,skipped_not_applicable,,,208.88075868331993,nan,,,9.490000002188026e-05,253.77734375,253.77734375,0.0,,,,208.88075868331993,nan,True,"{""instance_metadata"": {""complete"": true, ""high"": 100.0, ""instance_type"": ""random_symmetric"", ""low"": 1.0, ""n"": 7, ""seed"": 3, ""symmetric"": true}, ""requires_metric_symmetric_complete"": true}"
classical_comparison,classical_comparison_random_symmetric_n7_seed3,random_symmetric,7,3,networkx_greedy,ok,"[6, 2, 3, 4, 0, 1, 5]",208.88075868331993,208.88075868331993,0.0,True,True,0.00010789999987537158,253.77734375,253.77734375,0.0,,,,208.88075868331993,0.0,True,"{""finite_edges"": true, ""instance_metadata"": {""complete"": true, ""high"": 100.0, ""instance_type"": ""random_symmetric"", ""low"": 1.0, ""n"": 7, ""seed"": 3, ""symmetric"": true}, ""valid_route"": true}"
classical_comparison,classical_comparison_random_symmetric_n7_seed3,random_symmetric,7,3,python_tsp_dynamic_programming,skipped_missing_dependency,,,208.88075868331993,nan,,,0.0006466999998337997,253.77734375,253.77734375,0.0,,,,208.88075868331993,nan,True,"{""instance_metadata"": {""complete"": true, ""high"": 100.0, ""instance_type"": ""random_symmetric"", ""low"": 1.0, ""n"": 7, ""seed"": 3, ""symmetric"": true}}"
classical_comparison,classical_comparison_random_asymmetric_n7_seed3,random_asymmetric,7,3,tn_exact,ok,"[6, 5, 1, 0, 4, 3, 2]",112.00725748193636,112.00725748193636,0.0,True,True,0.021285099999658996,253.77734375,253.77734375,0.0,28.0,,,112.00725748193636,0.0,True,"{""finite_edges"": true, ""instance_metadata"": {""complete"": true, ""high"": 100.0, ""instance_type"": ""random_asymmetric"", ""low"": 1.0, ""n"": 7, ""seed"": 3, ""symmetric"": false}, ""n_layers"": null, ""normalization_factor"": 97.37256720187486, ""normalize"": true, ""seed"": 0, ""tau"": 28.0, ""valid_route"": true}"
classical_comparison,classical_comparison_random_asymmetric_n7_seed3,random_asymmetric,7,3,tn_n_layers_4,ok,"[6, 5, 1, 0, 4, 3, 2]",112.00725748193636,112.00725748193636,0.0,True,True,0.021208499999829655,253.77734375,253.78125,0.00390625,28.0,4,,112.00725748193636,0.0,True,"{""finite_edges"": true, ""instance_metadata"": {""complete"": true, ""high"": 100.0, ""instance_type"": ""random_asymmetric"", ""low"": 1.0, ""n"": 7, ""seed"": 3, ""symmetric"": false}, ""n_layers"": 4, ""normalization_factor"": 97.37256720187486, ""normalize"": true, ""seed"": 0, ""tau"": 28.0, ""valid_route"": true}"
classical_comparison,classical_comparison_random_asymmetric_n7_seed3,random_asymmetric,7,3,tn_n_layers_2,ok,"[6, 5, 4, 0, 1, 3, 2]",135.1947175420402,112.00725748193636,0.20701747887937816,True,True,0.016163400000095862,253.78125,253.7890625,0.0078125,28.0,2,,112.00725748193636,0.20701747887937816,True,"{""finite_edges"": true, ""instance_metadata"": {""complete"": true, ""high"": 100.0, ""instance_type"": ""random_asymmetric"", ""low"": 1.0, ""n"": 7, ""seed"": 3, ""symmetric"": false}, ""n_layers"": 2, ""normalization_factor"": 97.37256720187486, ""normalize"": true, ""seed"": 0, ""tau"": 28.0, ""valid_route"": true}"
classical_comparison,classical_comparison_random_asymmetric_n7_seed3,random_asymmetric,7,3,tn_n_layers_1,ok,"[6, 5, 4, 0, 1, 3, 2]",135.1947175420402,112.00725748193636,0.20701747887937816,True,True,0.013468300000113231,253.7890625,253.7890625,0.0,28.0,1,,112.00725748193636,0.20701747887937816,True,"{""finite_edges"": true, ""instance_metadata"": {""complete"": true, ""high"": 100.0, ""instance_type"": ""random_asymmetric"", ""low"": 1.0, ""n"": 7, ""seed"": 3, ""symmetric"": false}, ""n_layers"": 1, ""normalization_factor"": 97.37256720187486, ""normalize"": true, ""seed"": 0, ""tau"": 28.0, ""valid_route"": true}"
classical_comparison,classical_comparison_random_asymmetric_n7_seed3,random_asymmetric,7,3,tn_n_layers_0,ok,"[6, 2, 5, 4, 0, 1, 3]",241.7954084359975,112.00725748193636,1.1587476907466674,True,True,0.00995630000033998,253.7890625,253.7890625,0.0,28.0,0,,112.00725748193636,1.1587476907466674,True,"{""finite_edges"": true, ""instance_metadata"": {""complete"": true, ""high"": 100.0, ""instance_type"": ""random_asymmetric"", ""low"": 1.0, ""n"": 7, ""seed"": 3, ""symmetric"": false}, ""n_layers"": 0, ""normalization_factor"": 97.37256720187486, ""normalize"": true, ""seed"": 0, ""tau"": 28.0, ""valid_route"": true}"
classical_comparison,classical_comparison_random_asymmetric_n7_seed3,random_asymmetric,7,3,held_karp,ok,"[6, 5, 1, 0, 4, 3, 2]",112.00725748193636,112.00725748193636,0.0,True,True,0.00023219999957291293,253.7890625,253.7890625,0.0,,,,112.00725748193636,0.0,True,"{""instance_metadata"": {""complete"": true, ""high"": 100.0, ""instance_type"": ""random_asymmetric"", ""low"": 1.0, ""n"": 7, ""seed"": 3, ""symmetric"": false}, ""max_n"": 18, ""start"": 6}"
classical_comparison,classical_comparison_random_asymmetric_n7_seed3,random_asymmetric,7,3,bruteforce,ok,"[6, 5, 1, 0, 4, 3, 2]",112.00725748193636,112.00725748193636,0.0,True,True,0.0020543000000543543,253.7890625,253.7890625,0.0,,,,112.00725748193636,0.0,True,"{""instance_metadata"": {""complete"": true, ""high"": 100.0, ""instance_type"": ""random_asymmetric"", ""low"": 1.0, ""n"": 7, ""seed"": 3, ""symmetric"": false}, ""max_n"": 10, ""permutations_checked"": 720, ""start"": 6}"
classical_comparison,classical_comparison_random_asymmetric_n7_seed3,random_asymmetric,7,3,ortools,ok,"[6, 5, 1, 0, 4, 3, 2]",112.00725748193636,112.00725748193636,0.0,True,True,0.001270100000056118,253.7890625,253.79296875,0.00390625,,,5.0,112.00725748193636,0.0,True,"{""finite_edges"": true, ""infinity_penalty"": 681607969000, ""instance_metadata"": {""complete"": true, ""high"": 100.0, ""instance_type"": ""random_asymmetric"", ""low"": 1.0, ""n"": 7, ""seed"": 3, ""symmetric"": false}, ""integer_scale"": 1000000, ""start"": 6, ""time_limit_s"": 5.0, ""valid_route"": true}"
classical_comparison,classical_comparison_random_asymmetric_n7_seed3,random_asymmetric,7,3,networkx_christofides,skipped_not_applicable,,,112.00725748193636,nan,,,7.70000001466542e-05,253.79296875,253.79296875,0.0,,,,112.00725748193636,nan,True,"{""instance_metadata"": {""complete"": true, ""high"": 100.0, ""instance_type"": ""random_asymmetric"", ""low"": 1.0, ""n"": 7, ""seed"": 3, ""symmetric"": false}, ""requires_metric_symmetric_complete"": true}"
classical_comparison,classical_comparison_random_asymmetric_n7_seed3,random_asymmetric,7,3,networkx_greedy,ok,"[6, 5, 4, 0, 1, 2, 3]",217.24512164254998,112.00725748193636,0.9395629044625571,True,True,0.00011499999982333975,253.79296875,253.79296875,0.0,,,,112.00725748193636,0.9395629044625571,True,"{""finite_edges"": true, ""instance_metadata"": {""complete"": true, ""high"": 100.0, ""instance_type"": ""random_asymmetric"", ""low"": 1.0, ""n"": 7, ""seed"": 3, ""symmetric"": false}, ""valid_route"": true}"
classical_comparison,classical_comparison_random_asymmetric_n7_seed3,random_asymmetric,7,3,python_tsp_dynamic_programming,skipped_missing_dependency,,,112.00725748193636,nan,,,0.0005430999999589403,253.79296875,253.79296875,0.0,,,,112.00725748193636,nan,True,"{""instance_metadata"": {""complete"": true, ""high"": 100.0, ""instance_type"": ""random_asymmetric"", ""low"": 1.0, ""n"": 7, ""seed"": 3, ""symmetric"": false}}"
classical_comparison,classical_comparison_euclidean_n7_seed4,euclidean,7,4,tn_exact,ok,"[6, 2, 3, 1, 5, 0, 4]",1966.67153712534,1966.67153712534,0.0,True,True,0.023002599999927043,253.79296875,253.796875,0.00390625,28.0,,,1966.67153712534,0.0,True,"{""finite_edges"": true, ""instance_metadata"": {""complete"": true, ""instance_type"": ""euclidean"", ""n"": 7, ""points"": [[943.0561055723676, 511.3275528143616], [976.2437057077042, 80.83602389560218], [607.3558319950296, 376.48658437727255], [801.9012069858072, 174.52781614402846], [871.6352741876564, 543.9414007634982], [902.2150797159884, 477.1535238392063], [430.4962777294131, 788.9467175443294]], ""scale"": 1000.0, ""seed"": 4, ""symmetric"": true}, ""n_layers"": null, ""normalization_factor"": 894.0139873651874, ""normalize"": true, ""seed"": 0, ""tau"": 28.0, ""valid_route"": true}"
classical_comparison,classical_comparison_euclidean_n7_seed4,euclidean,7,4,tn_n_layers_4,ok,"[6, 4, 0, 5, 1, 3, 2]",1966.67153712534,1966.67153712534,0.0,True,True,0.021361800000249787,253.796875,253.8125,0.015625,28.0,4,,1966.67153712534,0.0,True,"{""finite_edges"": true, ""instance_metadata"": {""complete"": true, ""instance_type"": ""euclidean"", ""n"": 7, ""points"": [[943.0561055723676, 511.3275528143616], [976.2437057077042, 80.83602389560218], [607.3558319950296, 376.48658437727255], [801.9012069858072, 174.52781614402846], [871.6352741876564, 543.9414007634982], [902.2150797159884, 477.1535238392063], [430.4962777294131, 788.9467175443294]], ""scale"": 1000.0, ""seed"": 4, ""symmetric"": true}, ""n_layers"": 4, ""normalization_factor"": 894.0139873651874, ""normalize"": true, ""seed"": 0, ""tau"": 28.0, ""valid_route"": true}"
classical_comparison,classical_comparison_euclidean_n7_seed4,euclidean,7,4,tn_n_layers_2,ok,"[6, 4, 5, 1, 3, 0, 2]",2354.8919439732877,1966.67153712534,0.19739971801056563,True,True,0.016349999999874854,253.8125,253.82421875,0.01171875,28.0,2,,1966.67153712534,0.19739971801056563,True,"{""finite_edges"": true, ""instance_metadata"": {""complete"": true, ""instance_type"": ""euclidean"", ""n"": 7, ""points"": [[943.0561055723676, 511.3275528143616], [976.2437057077042, 80.83602389560218], [607.3558319950296, 376.48658437727255], [801.9012069858072, 174.52781614402846], [871.6352741876564, 543.9414007634982], [902.2150797159884, 477.1535238392063], [430.4962777294131, 788.9467175443294]], ""scale"": 1000.0, ""seed"": 4, ""symmetric"": true}, ""n_layers"": 2, ""normalization_factor"": 894.0139873651874, ""normalize"": true, ""seed"": 0, ""tau"": 28.0, ""valid_route"": true}"
classical_comparison,classical_comparison_euclidean_n7_seed4,euclidean,7,4,tn_n_layers_1,ok,"[6, 4, 5, 1, 3, 0, 2]",2354.8919439732877,1966.67153712534,0.19739971801056563,True,True,0.013166899999760062,253.82421875,253.828125,0.00390625,28.0,1,,1966.67153712534,0.19739971801056563,True,"{""finite_edges"": true, ""instance_metadata"": {""complete"": true, ""instance_type"": ""euclidean"", ""n"": 7, ""points"": [[943.0561055723676, 511.3275528143616], [976.2437057077042, 80.83602389560218], [607.3558319950296, 376.48658437727255], [801.9012069858072, 174.52781614402846], [871.6352741876564, 543.9414007634982], [902.2150797159884, 477.1535238392063], [430.4962777294131, 788.9467175443294]], ""scale"": 1000.0, ""seed"": 4, ""symmetric"": true}, ""n_layers"": 1, ""normalization_factor"": 894.0139873651874, ""normalize"": true, ""seed"": 0, ""tau"": 28.0, ""valid_route"": true}"
classical_comparison,classical_comparison_euclidean_n7_seed4,euclidean,7,4,tn_n_layers_0,ok,"[6, 2, 4, 5, 0, 3, 1]",2345.4729645238285,1966.67153712534,0.19261041828681677,True,True,0.009815700000217475,253.828125,253.828125,0.0,28.0,0,,1966.67153712534,0.19261041828681677,True,"{""finite_edges"": true, ""instance_metadata"": {""complete"": true, ""instance_type"": ""euclidean"", ""n"": 7, ""points"": [[943.0561055723676, 511.3275528143616], [976.2437057077042, 80.83602389560218], [607.3558319950296, 376.48658437727255], [801.9012069858072, 174.52781614402846], [871.6352741876564, 543.9414007634982], [902.2150797159884, 477.1535238392063], [430.4962777294131, 788.9467175443294]], ""scale"": 1000.0, ""seed"": 4, ""symmetric"": true}, ""n_layers"": 0, ""normalization_factor"": 894.0139873651874, ""normalize"": true, ""seed"": 0, ""tau"": 28.0, ""valid_route"": true}"
classical_comparison,classical_comparison_euclidean_n7_seed4,euclidean,7,4,held_karp,ok,"[6, 4, 0, 5, 1, 3, 2]",1966.67153712534,1966.67153712534,0.0,True,True,0.0001934000001710956,253.828125,253.828125,0.0,,,,1966.67153712534,0.0,True,"{""instance_metadata"": {""complete"": true, ""instance_type"": ""euclidean"", ""n"": 7, ""points"": [[943.0561055723676, 511.3275528143616], [976.2437057077042, 80.83602389560218], [607.3558319950296, 376.48658437727255], [801.9012069858072, 174.52781614402846], [871.6352741876564, 543.9414007634982], [902.2150797159884, 477.1535238392063], [430.4962777294131, 788.9467175443294]], ""scale"": 1000.0, ""seed"": 4, ""symmetric"": true}, ""max_n"": 18, ""start"": 6}"
classical_comparison,classical_comparison_euclidean_n7_seed4,euclidean,7,4,bruteforce,ok,"[6, 2, 3, 1, 5, 0, 4]",1966.67153712534,1966.67153712534,0.0,True,True,0.002063599999928556,253.828125,253.828125,0.0,,,,1966.67153712534,0.0,True,"{""instance_metadata"": {""complete"": true, ""instance_type"": ""euclidean"", ""n"": 7, ""points"": [[943.0561055723676, 511.3275528143616], [976.2437057077042, 80.83602389560218], [607.3558319950296, 376.48658437727255], [801.9012069858072, 174.52781614402846], [871.6352741876564, 543.9414007634982], [902.2150797159884, 477.1535238392063], [430.4962777294131, 788.9467175443294]], ""scale"": 1000.0, ""seed"": 4, ""symmetric"": true}, ""max_n"": 10, ""permutations_checked"": 720, ""start"": 6}"
classical_comparison,classical_comparison_euclidean_n7_seed4,euclidean,7,4,ortools,ok,"[6, 2, 3, 1, 5, 0, 4]",1966.67153712534,1966.67153712534,0.0,True,True,0.0013328000000001339,253.828125,253.828125,0.0,,,5.0,1966.67153712534,0.0,True,"{""finite_edges"": true, ""infinity_penalty"": 6258097909000, ""instance_metadata"": {""complete"": true, ""instance_type"": ""euclidean"", ""n"": 7, ""points"": [[943.0561055723676, 511.3275528143616], [976.2437057077042, 80.83602389560218], [607.3558319950296, 376.48658437727255], [801.9012069858072, 174.52781614402846], [871.6352741876564, 543.9414007634982], [902.2150797159884, 477.1535238392063], [430.4962777294131, 788.9467175443294]], ""scale"": 1000.0, ""seed"": 4, ""symmetric"": true}, ""integer_scale"": 1000000, ""start"": 6, ""time_limit_s"": 5.0, ""valid_route"": true}"
classical_comparison,classical_comparison_euclidean_n7_seed4,euclidean,7,4,networkx_christofides,ok,"[6, 0, 4, 5, 1, 3, 2]",2065.1796398581832,1966.67153712534,0.050088741751371166,True,True,0.000702399999681802,253.828125,253.83203125,0.00390625,,,,1966.67153712534,0.050088741751371166,True,"{""finite_edges"": true, ""instance_metadata"": {""complete"": true, ""instance_type"": ""euclidean"", ""n"": 7, ""points"": [[943.0561055723676, 511.3275528143616], [976.2437057077042, 80.83602389560218], [607.3558319950296, 376.48658437727255], [801.9012069858072, 174.52781614402846], [871.6352741876564, 543.9414007634982], [902.2150797159884, 477.1535238392063], [430.4962777294131, 788.9467175443294]], ""scale"": 1000.0, ""seed"": 4, ""symmetric"": true}, ""requires_metric_symmetric_complete"": true, ""valid_route"": true}"
classical_comparison,classical_comparison_euclidean_n7_seed4,euclidean,7,4,networkx_greedy,ok,"[6, 2, 3, 1, 5, 0, 4]",1966.67153712534,1966.67153712534,0.0,True,True,0.00011540000014065299,253.83203125,253.83203125,0.0,,,,1966.67153712534,0.0,True,"{""finite_edges"": true, ""instance_metadata"": {""complete"": true, ""instance_type"": ""euclidean"", ""n"": 7, ""points"": [[943.0561055723676, 511.3275528143616], [976.2437057077042, 80.83602389560218], [607.3558319950296, 376.48658437727255], [801.9012069858072, 174.52781614402846], [871.6352741876564, 543.9414007634982], [902.2150797159884, 477.1535238392063], [430.4962777294131, 788.9467175443294]], ""scale"": 1000.0, ""seed"": 4, ""symmetric"": true}, ""valid_route"": true}"
classical_comparison,classical_comparison_euclidean_n7_seed4,euclidean,7,4,python_tsp_dynamic_programming,skipped_missing_dependency,,,1966.67153712534,nan,,,0.0006087000001571141,253.83203125,253.83203125,0.0,,,,1966.67153712534,nan,True,"{""instance_metadata"": {""complete"": true, ""instance_type"": ""euclidean"", ""n"": 7, ""points"": [[943.0561055723676, 511.3275528143616], [976.2437057077042, 80.83602389560218], [607.3558319950296, 376.48658437727255], [801.9012069858072, 174.52781614402846], [871.6352741876564, 543.9414007634982], [902.2150797159884, 477.1535238392063], [430.4962777294131, 788.9467175443294]], ""scale"": 1000.0, ""seed"": 4, ""symmetric"": true}}"
classical_comparison,classical_comparison_random_symmetric_n7_seed4,random_symmetric,7,4,tn_exact,ok,"[6, 4, 2, 3, 5, 1, 0]",295.50671697298117,295.5067169729811,1.923591431121525e-16,True,True,0.02232849999973041,253.83203125,253.83203125,0.0,28.0,,,295.5067169729811,1.923591431121525e-16,True,"{""finite_edges"": true, ""instance_metadata"": {""complete"": true, ""high"": 100.0, ""instance_type"": ""random_symmetric"", ""low"": 1.0, ""n"": 7, ""seed"": 4, ""symmetric"": true}, ""n_layers"": null, ""normalization_factor"": 98.03963692912185, ""normalize"": true, ""seed"": 0, ""tau"": 28.0, ""valid_route"": true}"
classical_comparison,classical_comparison_random_symmetric_n7_seed4,random_symmetric,7,4,tn_n_layers_4,ok,"[6, 4, 2, 3, 5, 1, 0]",295.50671697298117,295.5067169729811,1.923591431121525e-16,True,True,0.021326500000213855,253.83203125,253.8359375,0.00390625,28.0,4,,295.5067169729811,1.923591431121525e-16,True,"{""finite_edges"": true, ""instance_metadata"": {""complete"": true, ""high"": 100.0, ""instance_type"": ""random_symmetric"", ""low"": 1.0, ""n"": 7, ""seed"": 4, ""symmetric"": true}, ""n_layers"": 4, ""normalization_factor"": 98.03963692912185, ""normalize"": true, ""seed"": 0, ""tau"": 28.0, ""valid_route"": true}"
classical_comparison,classical_comparison_random_symmetric_n7_seed4,random_symmetric,7,4,tn_n_layers_2,ok,"[6, 4, 1, 0, 3, 5, 2]",315.2465079009331,295.5067169729811,0.06679980451935673,True,True,0.01794079999990572,253.8359375,253.8359375,0.0,28.0,2,,295.5067169729811,0.06679980451935673,True,"{""finite_edges"": true, ""instance_metadata"": {""complete"": true, ""high"": 100.0, ""instance_type"": ""random_symmetric"", ""low"": 1.0, ""n"": 7, ""seed"": 4, ""symmetric"": true}, ""n_layers"": 2, ""normalization_factor"": 98.03963692912185, ""normalize"": true, ""seed"": 0, ""tau"": 28.0, ""valid_route"": true}"
classical_comparison,classical_comparison_random_symmetric_n7_seed4,random_symmetric,7,4,tn_n_layers_1,ok,"[6, 4, 2, 1, 0, 5, 3]",313.91612143522644,295.5067169729811,0.06229775299465883,True,True,0.014757599999938975,253.8359375,253.8515625,0.015625,28.0,1,,295.5067169729811,0.06229775299465883,True,"{""finite_edges"": true, ""instance_metadata"": {""complete"": true, ""high"": 100.0, ""instance_type"": ""random_symmetric"", ""low"": 1.0, ""n"": 7, ""seed"": 4, ""symmetric"": true}, ""n_layers"": 1, ""normalization_factor"": 98.03963692912185, ""normalize"": true, ""seed"": 0, ""tau"": 28.0, ""valid_route"": true}"
classical_comparison,classical_comparison_random_symmetric_n7_seed4,random_symmetric,7,4,tn_n_layers_0,ok,"[6, 4, 2, 1, 0, 3, 5]",329.81572993922697,295.5067169729811,0.1161023117094926,True,True,0.0127929000000222,253.8515625,253.85546875,0.00390625,28.0,0,,295.5067169729811,0.1161023117094926,True,"{""finite_edges"": true, ""instance_metadata"": {""complete"": true, ""high"": 100.0, ""instance_type"": ""random_symmetric"", ""low"": 1.0, ""n"": 7, ""seed"": 4, ""symmetric"": true}, ""n_layers"": 0, ""normalization_factor"": 98.03963692912185, ""normalize"": true, ""seed"": 0, ""tau"": 28.0, ""valid_route"": true}"
classical_comparison,classical_comparison_random_symmetric_n7_seed4,random_symmetric,7,4,held_karp,ok,"[6, 0, 1, 5, 3, 2, 4]",295.5067169729811,295.5067169729811,0.0,True,True,0.00021639999977196567,253.85546875,253.85546875,0.0,,,,295.5067169729811,0.0,True,"{""instance_metadata"": {""complete"": true, ""high"": 100.0, ""instance_type"": ""random_symmetric"", ""low"": 1.0, ""n"": 7, ""seed"": 4, ""symmetric"": true}, ""max_n"": 18, ""start"": 6}"
classical_comparison,classical_comparison_random_symmetric_n7_seed4,random_symmetric,7,4,bruteforce,ok,"[6, 0, 1, 5, 3, 2, 4]",295.5067169729811,295.5067169729811,0.0,True,True,0.0021685999995497696,253.85546875,253.85546875,0.0,,,,295.5067169729811,0.0,True,"{""instance_metadata"": {""complete"": true, ""high"": 100.0, ""instance_type"": ""random_symmetric"", ""low"": 1.0, ""n"": 7, ""seed"": 4, ""symmetric"": true}, ""max_n"": 10, ""permutations_checked"": 720, ""start"": 6}"
classical_comparison,classical_comparison_random_symmetric_n7_seed4,random_symmetric,7,4,ortools,ok,"[6, 4, 2, 3, 5, 1, 0]",295.50671697298117,295.5067169729811,1.923591431121525e-16,True,True,0.0015649000001758395,253.85546875,253.85546875,0.0,,,5.0,295.5067169729811,1.923591431121525e-16,True,"{""finite_edges"": true, ""infinity_penalty"": 686277459000, ""instance_metadata"": {""complete"": true, ""high"": 100.0, ""instance_type"": ""random_symmetric"", ""low"": 1.0, ""n"": 7, ""seed"": 4, ""symmetric"": true}, ""integer_scale"": 1000000, ""start"": 6, ""time_limit_s"": 5.0, ""valid_route"": true}"
classical_comparison,classical_comparison_random_symmetric_n7_seed4,random_symmetric,7,4,networkx_christofides,skipped_not_applicable,,,295.5067169729811,nan,,,0.0001250999998774205,253.85546875,253.85546875,0.0,,,,295.5067169729811,nan,True,"{""instance_metadata"": {""complete"": true, ""high"": 100.0, ""instance_type"": ""random_symmetric"", ""low"": 1.0, ""n"": 7, ""seed"": 4, ""symmetric"": true}, ""requires_metric_symmetric_complete"": true}"
classical_comparison,classical_comparison_random_symmetric_n7_seed4,random_symmetric,7,4,networkx_greedy,ok,"[6, 4, 2, 1, 0, 3, 5]",329.81572993922697,295.5067169729811,0.1161023117094926,True,True,0.0001938000000336615,253.85546875,253.85546875,0.0,,,,295.5067169729811,0.1161023117094926,True,"{""finite_edges"": true, ""instance_metadata"": {""complete"": true, ""high"": 100.0, ""instance_type"": ""random_symmetric"", ""low"": 1.0, ""n"": 7, ""seed"": 4, ""symmetric"": true}, ""valid_route"": true}"
classical_comparison,classical_comparison_random_symmetric_n7_seed4,random_symmetric,7,4,python_tsp_dynamic_programming,skipped_missing_dependency,,,295.5067169729811,nan,,,0.0007129999999051506,253.85546875,253.85546875,0.0,,,,295.5067169729811,nan,True,"{""instance_metadata"": {""complete"": true, ""high"": 100.0, ""instance_type"": ""random_symmetric"", ""low"": 1.0, ""n"": 7, ""seed"": 4, ""symmetric"": true}}"
classical_comparison,classical_comparison_random_asymmetric_n7_seed4,random_asymmetric,7,4,tn_exact,ok,"[6, 0, 3, 2, 1, 5, 4]",174.31552139842458,174.31552139842458,0.0,True,True,0.03785519999973985,253.85546875,253.85546875,0.0,28.0,,,174.31552139842458,0.0,True,"{""finite_edges"": true, ""instance_metadata"": {""complete"": true, ""high"": 100.0, ""instance_type"": ""random_asymmetric"", ""low"": 1.0, ""n"": 7, ""seed"": 4, ""symmetric"": false}, ""n_layers"": null, ""normalization_factor"": 98.43114699318102, ""normalize"": true, ""seed"": 0, ""tau"": 28.0, ""valid_route"": true}"
classical_comparison,classical_comparison_random_asymmetric_n7_seed4,random_asymmetric,7,4,tn_n_layers_4,ok,"[6, 1, 0, 3, 2, 5, 4]",199.29172353799572,174.31552139842458,0.1432815732024473,True,True,0.03695240000024569,253.85546875,253.90625,0.05078125,28.0,4,,174.31552139842458,0.1432815732024473,True,"{""finite_edges"": true, ""instance_metadata"": {""complete"": true, ""high"": 100.0, ""instance_type"": ""random_asymmetric"", ""low"": 1.0, ""n"": 7, ""seed"": 4, ""symmetric"": false}, ""n_layers"": 4, ""normalization_factor"": 98.43114699318102, ""normalize"": true, ""seed"": 0, ""tau"": 28.0, ""valid_route"": true}"
classical_comparison,classical_comparison_random_asymmetric_n7_seed4,random_asymmetric,7,4,tn_n_layers_2,ok,"[6, 0, 3, 2, 1, 5, 4]",174.31552139842458,174.31552139842458,0.0,True,True,0.018260999999711203,253.90625,253.91015625,0.00390625,28.0,2,,174.31552139842458,0.0,True,"{""finite_edges"": true, ""instance_metadata"": {""complete"": true, ""high"": 100.0, ""instance_type"": ""random_asymmetric"", ""low"": 1.0, ""n"": 7, ""seed"": 4, ""symmetric"": false}, ""n_layers"": 2, ""normalization_factor"": 98.43114699318102, ""normalize"": true, ""seed"": 0, ""tau"": 28.0, ""valid_route"": true}"
classical_comparison,classical_comparison_random_asymmetric_n7_seed4,random_asymmetric,7,4,tn_n_layers_1,ok,"[6, 3, 2, 1, 5, 4, 0]",251.84346157247683,174.31552139842458,0.44475637942102914,True,True,0.014325199999802862,253.91015625,253.91015625,0.0,28.0,1,,174.31552139842458,0.44475637942102914,True,"{""finite_edges"": true, ""instance_metadata"": {""complete"": true, ""high"": 100.0, ""instance_type"": ""random_asymmetric"", ""low"": 1.0, ""n"": 7, ""seed"": 4, ""symmetric"": false}, ""n_layers"": 1, ""normalization_factor"": 98.43114699318102, ""normalize"": true, ""seed"": 0, ""tau"": 28.0, ""valid_route"": true}"
classical_comparison,classical_comparison_random_asymmetric_n7_seed4,random_asymmetric,7,4,tn_n_layers_0,ok,"[6, 4, 1, 0, 3, 2, 5]",226.12308570410022,174.31552139842458,0.29720568707855677,True,True,0.011639900000318448,253.91015625,253.921875,0.01171875,28.0,0,,174.31552139842458,0.29720568707855677,True,"{""finite_edges"": true, ""instance_metadata"": {""complete"": true, ""high"": 100.0, ""instance_type"": ""random_asymmetric"", ""low"": 1.0, ""n"": 7, ""seed"": 4, ""symmetric"": false}, ""n_layers"": 0, ""normalization_factor"": 98.43114699318102, ""normalize"": true, ""seed"": 0, ""tau"": 28.0, ""valid_route"": true}"
classical_comparison,classical_comparison_random_asymmetric_n7_seed4,random_asymmetric,7,4,held_karp,ok,"[6, 0, 3, 2, 1, 5, 4]",174.31552139842458,174.31552139842458,0.0,True,True,0.00020079999967492768,253.921875,253.921875,0.0,,,,174.31552139842458,0.0,True,"{""instance_metadata"": {""complete"": true, ""high"": 100.0, ""instance_type"": ""random_asymmetric"", ""low"": 1.0, ""n"": 7, ""seed"": 4, ""symmetric"": false}, ""max_n"": 18, ""start"": 6}"
classical_comparison,classical_comparison_random_asymmetric_n7_seed4,random_asymmetric,7,4,bruteforce,ok,"[6, 0, 3, 2, 1, 5, 4]",174.31552139842458,174.31552139842458,0.0,True,True,0.002079200000025594,253.921875,253.921875,0.0,,,,174.31552139842458,0.0,True,"{""instance_metadata"": {""complete"": true, ""high"": 100.0, ""instance_type"": ""random_asymmetric"", ""low"": 1.0, ""n"": 7, ""seed"": 4, ""symmetric"": false}, ""max_n"": 10, ""permutations_checked"": 720, ""start"": 6}"
classical_comparison,classical_comparison_random_asymmetric_n7_seed4,random_asymmetric,7,4,ortools,ok,"[6, 0, 3, 2, 1, 5, 4]",174.31552139842458,174.31552139842458,0.0,True,True,0.001393000000007305,253.921875,253.92578125,0.00390625,,,5.0,174.31552139842458,0.0,True,"{""finite_edges"": true, ""infinity_penalty"": 689018029000, ""instance_metadata"": {""complete"": true, ""high"": 100.0, ""instance_type"": ""random_asymmetric"", ""low"": 1.0, ""n"": 7, ""seed"": 4, ""symmetric"": false}, ""integer_scale"": 1000000, ""start"": 6, ""time_limit_s"": 5.0, ""valid_route"": true}"
classical_comparison,classical_comparison_random_asymmetric_n7_seed4,random_asymmetric,7,4,networkx_christofides,skipped_not_applicable,,,174.31552139842458,nan,,,9.869999985312461e-05,253.92578125,253.92578125,0.0,,,,174.31552139842458,nan,True,"{""instance_metadata"": {""complete"": true, ""high"": 100.0, ""instance_type"": ""random_asymmetric"", ""low"": 1.0, ""n"": 7, ""seed"": 4, ""symmetric"": false}, ""requires_metric_symmetric_complete"": true}"
classical_comparison,classical_comparison_random_asymmetric_n7_seed4,random_asymmetric,7,4,networkx_greedy,ok,"[6, 3, 2, 4, 1, 0, 5]",207.69618491406976,174.31552139842458,0.19149564678952832,True,True,0.0001560000000608852,253.92578125,253.92578125,0.0,,,,174.31552139842458,0.19149564678952832,True,"{""finite_edges"": true, ""instance_metadata"": {""complete"": true, ""high"": 100.0, ""instance_type"": ""random_asymmetric"", ""low"": 1.0, ""n"": 7, ""seed"": 4, ""symmetric"": false}, ""valid_route"": true}"
classical_comparison,classical_comparison_random_asymmetric_n7_seed4,random_asymmetric,7,4,python_tsp_dynamic_programming,skipped_missing_dependency,,,174.31552139842458,nan,,,0.0005782999996881699,253.92578125,253.92578125,0.0,,,,174.31552139842458,nan,True,"{""instance_metadata"": {""complete"": true, ""high"": 100.0, ""instance_type"": ""random_asymmetric"", ""low"": 1.0, ""n"": 7, ""seed"": 4, ""symmetric"": false}}"
classical_comparison,classical_comparison_euclidean_n8_seed0,euclidean,8,0,tn_exact,ok,"[7, 0, 3, 2, 4, 1, 5, 6]",3204.471168142345,3204.471168142345,0.0,True,True,0.034984500000064145,253.92578125,254.078125,0.15234375,16.0,,,3204.471168142345,0.0,True,"{""finite_edges"": true, ""instance_metadata"": {""complete"": true, ""instance_type"": ""euclidean"", ""n"": 8, ""points"": [[636.9616873214543, 269.7867137638703], [40.97352393619469, 16.527635528529096], [813.2702392002724, 912.7555772777217], [606.6357757671799, 729.4965609839984], [543.6249914654229, 935.0724237877682], [815.8535541215322, 2.738500170148095], [857.4042765875694, 33.58557530546435], [729.655446429944, 175.65562060255903]], ""scale"": 1000.0, ""seed"": 0, ""symmetric"": true}, ""n_layers"": null, ""normalization_factor"": 1183.0751201760934, ""normalize"": true, ""seed"": 0, ""tau"": 16.0, ""valid_route"": true}"
classical_comparison,classical_comparison_euclidean_n8_seed0,euclidean,8,0,tn_n_layers_4,ok,"[7, 6, 5, 1, 3, 4, 2, 0]",3212.3161036959013,3204.471168142345,0.0024481217467480173,True,True,0.032142799999746785,254.078125,254.109375,0.03125,16.0,4,,3204.471168142345,0.0024481217467480173,True,"{""finite_edges"": true, ""instance_metadata"": {""complete"": true, ""instance_type"": ""euclidean"", ""n"": 8, ""points"": [[636.9616873214543, 269.7867137638703], [40.97352393619469, 16.527635528529096], [813.2702392002724, 912.7555772777217], [606.6357757671799, 729.4965609839984], [543.6249914654229, 935.0724237877682], [815.8535541215322, 2.738500170148095], [857.4042765875694, 33.58557530546435], [729.655446429944, 175.65562060255903]], ""scale"": 1000.0, ""seed"": 0, ""symmetric"": true}, ""n_layers"": 4, ""normalization_factor"": 1183.0751201760934, ""normalize"": true, ""seed"": 0, ""tau"": 16.0, ""valid_route"": true}"
classical_comparison,classical_comparison_euclidean_n8_seed0,euclidean,8,0,tn_n_layers_3,ok,"[7, 0, 3, 4, 2, 1, 5, 6]",3279.287622688774,3204.471168142345,0.02334751995593719,True,True,0.030522900000050868,254.109375,254.171875,0.0625,16.0,3,,3204.471168142345,0.02334751995593719,True,"{""finite_edges"": true, ""instance_metadata"": {""complete"": true, ""instance_type"": ""euclidean"", ""n"": 8, ""points"": [[636.9616873214543, 269.7867137638703], [40.97352393619469, 16.527635528529096], [813.2702392002724, 912.7555772777217], [606.6357757671799, 729.4965609839984], [543.6249914654229, 935.0724237877682], [815.8535541215322, 2.738500170148095], [857.4042765875694, 33.58557530546435], [729.655446429944, 175.65562060255903]], ""scale"": 1000.0, ""seed"": 0, ""symmetric"": true}, ""n_layers"": 3, ""normalization_factor"": 1183.0751201760934, ""normalize"": true, ""seed"": 0, ""tau"": 16.0, ""valid_route"": true}"
classical_comparison,classical_comparison_euclidean_n8_seed0,euclidean,8,0,tn_n_layers_2,ok,"[7, 5, 6, 0, 3, 2, 4, 1]",3329.426152617657,3204.471168142345,0.03899394874186033,True,True,0.025284100000135368,254.171875,254.1796875,0.0078125,16.0,2,,3204.471168142345,0.03899394874186033,True,"{""finite_edges"": true, ""instance_metadata"": {""complete"": true, ""instance_type"": ""euclidean"", ""n"": 8, ""points"": [[636.9616873214543, 269.7867137638703], [40.97352393619469, 16.527635528529096], [813.2702392002724, 912.7555772777217], [606.6357757671799, 729.4965609839984], [543.6249914654229, 935.0724237877682], [815.8535541215322, 2.738500170148095], [857.4042765875694, 33.58557530546435], [729.655446429944, 175.65562060255903]], ""scale"": 1000.0, ""seed"": 0, ""symmetric"": true}, ""n_layers"": 2, ""normalization_factor"": 1183.0751201760934, ""normalize"": true, ""seed"": 0, ""tau"": 16.0, ""valid_route"": true}"
classical_comparison,classical_comparison_euclidean_n8_seed0,euclidean,8,0,tn_n_layers_0,ok,"[7, 6, 5, 0, 3, 4, 2, 1]",3400.432646280271,3204.471168142345,0.06115251717228781,True,True,0.015591800000038347,254.1796875,254.1796875,0.0,16.0,0,,3204.471168142345,0.06115251717228781,True,"{""finite_edges"": true, ""instance_metadata"": {""complete"": true, ""instance_type"": ""euclidean"", ""n"": 8, ""points"": [[636.9616873214543, 269.7867137638703], [40.97352393619469, 16.527635528529096], [813.2702392002724, 912.7555772777217], [606.6357757671799, 729.4965609839984], [543.6249914654229, 935.0724237877682], [815.8535541215322, 2.738500170148095], [857.4042765875694, 33.58557530546435], [729.655446429944, 175.65562060255903]], ""scale"": 1000.0, ""seed"": 0, ""symmetric"": true}, ""n_layers"": 0, ""normalization_factor"": 1183.0751201760934, ""normalize"": true, ""seed"": 0, ""tau"": 16.0, ""valid_route"": true}"
classical_comparison,classical_comparison_euclidean_n8_seed0,euclidean,8,0,held_karp,ok,"[7, 0, 3, 2, 4, 1, 5, 6]",3204.471168142345,3204.471168142345,0.0,True,True,0.0006032000001141569,254.1796875,254.19140625,0.01171875,,,,3204.471168142345,0.0,True,"{""instance_metadata"": {""complete"": true, ""instance_type"": ""euclidean"", ""n"": 8, ""points"": [[636.9616873214543, 269.7867137638703], [40.97352393619469, 16.527635528529096], [813.2702392002724, 912.7555772777217], [606.6357757671799, 729.4965609839984], [543.6249914654229, 935.0724237877682], [815.8535541215322, 2.738500170148095], [857.4042765875694, 33.58557530546435], [729.655446429944, 175.65562060255903]], ""scale"": 1000.0, ""seed"": 0, ""symmetric"": true}, ""max_n"": 18, ""start"": 7}"
classical_comparison,classical_comparison_euclidean_n8_seed0,euclidean,8,0,bruteforce,ok,"[7, 0, 3, 2, 4, 1, 5, 6]",3204.471168142345,3204.471168142345,0.0,True,True,0.01628389999996216,254.19140625,254.19140625,0.0,,,,3204.471168142345,0.0,True,"{""instance_metadata"": {""complete"": true, ""instance_type"": ""euclidean"", ""n"": 8, ""points"": [[636.9616873214543, 269.7867137638703], [40.97352393619469, 16.527635528529096], [813.2702392002724, 912.7555772777217], [606.6357757671799, 729.4965609839984], [543.6249914654229, 935.0724237877682], [815.8535541215322, 2.738500170148095], [857.4042765875694, 33.58557530546435], [729.655446429944, 175.65562060255903]], ""scale"": 1000.0, ""seed"": 0, ""symmetric"": true}, ""max_n"": 10, ""permutations_checked"": 5040, ""start"": 7}"
classical_comparison,classical_comparison_euclidean_n8_seed0,euclidean,8,0,ortools,ok,"[7, 0, 3, 2, 4, 1, 5, 6]",3204.471168142345,3204.471168142345,0.0,True,True,0.001612200000181474,254.19140625,254.203125,0.01171875,,,5.0,3204.471168142345,0.0,True,"{""finite_edges"": true, ""infinity_penalty"": 9464600960000, ""instance_metadata"": {""complete"": true, ""instance_type"": ""euclidean"", ""n"": 8, ""points"": [[636.9616873214543, 269.7867137638703], [40.97352393619469, 16.527635528529096], [813.2702392002724, 912.7555772777217], [606.6357757671799, 729.4965609839984], [543.6249914654229, 935.0724237877682], [815.8535541215322, 2.738500170148095], [857.4042765875694, 33.58557530546435], [729.655446429944, 175.65562060255903]], ""scale"": 1000.0, ""seed"": 0, ""symmetric"": true}, ""integer_scale"": 1000000, ""start"": 7, ""time_limit_s"": 5.0, ""valid_route"": true}"
classical_comparison,classical_comparison_euclidean_n8_seed0,euclidean,8,0,networkx_christofides,ok,"[7, 0, 2, 4, 3, 1, 5, 6]",3212.316103695901,3204.471168142345,0.0024481217467478755,True,True,0.0007298000000446336,254.203125,254.203125,0.0,,,,3204.471168142345,0.0024481217467478755,True,"{""finite_edges"": true, ""instance_metadata"": {""complete"": true, ""instance_type"": ""euclidean"", ""n"": 8, ""points"": [[636.9616873214543, 269.7867137638703], [40.97352393619469, 16.527635528529096], [813.2702392002724, 912.7555772777217], [606.6357757671799, 729.4965609839984], [543.6249914654229, 935.0724237877682], [815.8535541215322, 2.738500170148095], [857.4042765875694, 33.58557530546435], [729.655446429944, 175.65562060255903]], ""scale"": 1000.0, ""seed"": 0, ""symmetric"": true}, ""requires_metric_symmetric_complete"": true, ""valid_route"": true}"
classical_comparison,classical_comparison_euclidean_n8_seed0,euclidean,8,0,networkx_greedy,ok,"[7, 0, 5, 6, 3, 4, 2, 1]",3620.4874323814593,3204.471168142345,0.12982368771951905,True,True,0.0001249999995707185,254.203125,254.203125,0.0,,,,3204.471168142345,0.12982368771951905,True,"{""finite_edges"": true, ""instance_metadata"": {""complete"": true, ""instance_type"": ""euclidean"", ""n"": 8, ""points"": [[636.9616873214543, 269.7867137638703], [40.97352393619469, 16.527635528529096], [813.2702392002724, 912.7555772777217], [606.6357757671799, 729.4965609839984], [543.6249914654229, 935.0724237877682], [815.8535541215322, 2.738500170148095], [857.4042765875694, 33.58557530546435], [729.655446429944, 175.65562060255903]], ""scale"": 1000.0, ""seed"": 0, ""symmetric"": true}, ""valid_route"": true}"
classical_comparison,classical_comparison_euclidean_n8_seed0,euclidean,8,0,python_tsp_dynamic_programming,skipped_missing_dependency,,,3204.471168142345,nan,,,0.0006358999999065418,254.203125,254.203125,0.0,,,,3204.471168142345,nan,True,"{""instance_metadata"": {""complete"": true, ""instance_type"": ""euclidean"", ""n"": 8, ""points"": [[636.9616873214543, 269.7867137638703], [40.97352393619469, 16.527635528529096], [813.2702392002724, 912.7555772777217], [606.6357757671799, 729.4965609839984], [543.6249914654229, 935.0724237877682], [815.8535541215322, 2.738500170148095], [857.4042765875694, 33.58557530546435], [729.655446429944, 175.65562060255903]], ""scale"": 1000.0, ""seed"": 0, ""symmetric"": true}}"
classical_comparison,classical_comparison_random_symmetric_n8_seed0,random_symmetric,8,0,tn_exact,ok,"[7, 6, 5, 1, 3, 0, 2, 4]",211.97541156312445,211.9754115631244,2.6816043635268777e-16,True,True,0.036630999999943015,254.203125,254.22265625,0.01953125,16.0,,,211.9754115631244,2.6816043635268777e-16,True,"{""finite_edges"": true, ""instance_metadata"": {""complete"": true, ""high"": 100.0, ""instance_type"": ""random_symmetric"", ""low"": 1.0, ""n"": 8, ""seed"": 0, ""symmetric"": true}, ""n_layers"": null, ""normalization_factor"": 90.6211234649642, ""normalize"": true, ""seed"": 0, ""tau"": 16.0, ""valid_route"": true}"
classical_comparison,classical_comparison_random_symmetric_n8_seed0,random_symmetric,8,0,tn_n_layers_4,ok,"[7, 6, 5, 1, 3, 0, 2, 4]",211.97541156312445,211.9754115631244,2.6816043635268777e-16,True,True,0.03178459999980987,254.22265625,254.4140625,0.19140625,16.0,4,,211.9754115631244,2.6816043635268777e-16,True,"{""finite_edges"": true, ""instance_metadata"": {""complete"": true, ""high"": 100.0, ""instance_type"": ""random_symmetric"", ""low"": 1.0, ""n"": 8, ""seed"": 0, ""symmetric"": true}, ""n_layers"": 4, ""normalization_factor"": 90.6211234649642, ""normalize"": true, ""seed"": 0, ""tau"": 16.0, ""valid_route"": true}"
classical_comparison,classical_comparison_random_symmetric_n8_seed0,random_symmetric,8,0,tn_n_layers_3,ok,"[7, 3, 0, 1, 4, 2, 5, 6]",268.5766741442427,211.9754115631244,0.2670180572536025,True,True,0.026655399999981455,254.4140625,254.421875,0.0078125,16.0,3,,211.9754115631244,0.2670180572536025,True,"{""finite_edges"": true, ""instance_metadata"": {""complete"": true, ""high"": 100.0, ""instance_type"": ""random_symmetric"", ""low"": 1.0, ""n"": 8, ""seed"": 0, ""symmetric"": true}, ""n_layers"": 3, ""normalization_factor"": 90.6211234649642, ""normalize"": true, ""seed"": 0, ""tau"": 16.0, ""valid_route"": true}"
classical_comparison,classical_comparison_random_symmetric_n8_seed0,random_symmetric,8,0,tn_n_layers_2,ok,"[7, 6, 0, 1, 5, 2, 4, 3]",246.07194234945302,211.9754115631244,0.16085134844130253,True,True,0.02512299999989409,254.421875,254.46484375,0.04296875,16.0,2,,211.9754115631244,0.16085134844130253,True,"{""finite_edges"": true, ""instance_metadata"": {""complete"": true, ""high"": 100.0, ""instance_type"": ""random_symmetric"", ""low"": 1.0, ""n"": 8, ""seed"": 0, ""symmetric"": true}, ""n_layers"": 2, ""normalization_factor"": 90.6211234649642, ""normalize"": true, ""seed"": 0, ""tau"": 16.0, ""valid_route"": true}"
classical_comparison,classical_comparison_random_symmetric_n8_seed0,random_symmetric,8,0,tn_n_layers_0,ok,"[7, 6, 5, 1, 3, 4, 2, 0]",250.65273176768585,211.9754115631244,0.18246135209433803,True,True,0.013946900000064488,254.46484375,254.48046875,0.015625,16.0,0,,211.9754115631244,0.18246135209433803,True,"{""finite_edges"": true, ""instance_metadata"": {""complete"": true, ""high"": 100.0, ""instance_type"": ""random_symmetric"", ""low"": 1.0, ""n"": 8, ""seed"": 0, ""symmetric"": true}, ""n_layers"": 0, ""normalization_factor"": 90.6211234649642, ""normalize"": true, ""seed"": 0, ""tau"": 16.0, ""valid_route"": true}"
classical_comparison,classical_comparison_random_symmetric_n8_seed0,random_symmetric,8,0,held_karp,ok,"[7, 4, 2, 0, 3, 1, 5, 6]",211.9754115631244,211.9754115631244,0.0,True,True,0.000540500000170141,254.48046875,254.48828125,0.0078125,,,,211.9754115631244,0.0,True,"{""instance_metadata"": {""complete"": true, ""high"": 100.0, ""instance_type"": ""random_symmetric"", ""low"": 1.0, ""n"": 8, ""seed"": 0, ""symmetric"": true}, ""max_n"": 18, ""start"": 7}"
classical_comparison,classical_comparison_random_symmetric_n8_seed0,random_symmetric,8,0,bruteforce,ok,"[7, 4, 2, 0, 3, 1, 5, 6]",211.9754115631244,211.9754115631244,0.0,True,True,0.017063799999959883,254.48828125,254.48828125,0.0,,,,211.9754115631244,0.0,True,"{""instance_metadata"": {""complete"": true, ""high"": 100.0, ""instance_type"": ""random_symmetric"", ""low"": 1.0, ""n"": 8, ""seed"": 0, ""symmetric"": true}, ""max_n"": 10, ""permutations_checked"": 5040, ""start"": 7}"
classical_comparison,classical_comparison_random_symmetric_n8_seed0,random_symmetric,8,0,ortools,ok,"[7, 6, 5, 1, 3, 0, 2, 4]",211.97541156312445,211.9754115631244,2.6816043635268777e-16,True,True,0.001478399999996327,254.48828125,254.625,0.13671875,,,5.0,211.9754115631244,2.6816043635268777e-16,True,"{""finite_edges"": true, ""infinity_penalty"": 724968984000, ""instance_metadata"": {""complete"": true, ""high"": 100.0, ""instance_type"": ""random_symmetric"", ""low"": 1.0, ""n"": 8, ""seed"": 0, ""symmetric"": true}, ""integer_scale"": 1000000, ""start"": 7, ""time_limit_s"": 5.0, ""valid_route"": true}"
classical_comparison,classical_comparison_random_symmetric_n8_seed0,random_symmetric,8,0,networkx_christofides,skipped_not_applicable,,,211.9754115631244,nan,,,9.22000003811263e-05,254.625,254.625,0.0,,,,211.9754115631244,nan,True,"{""instance_metadata"": {""complete"": true, ""high"": 100.0, ""instance_type"": ""random_symmetric"", ""low"": 1.0, ""n"": 8, ""seed"": 0, ""symmetric"": true}, ""requires_metric_symmetric_complete"": true}"
classical_comparison,classical_comparison_random_symmetric_n8_seed0,random_symmetric,8,0,networkx_greedy,ok,"[7, 4, 2, 0, 3, 1, 5, 6]",211.9754115631244,211.9754115631244,0.0,True,True,0.00012309999965509633,254.625,254.625,0.0,,,,211.9754115631244,0.0,True,"{""finite_edges"": true, ""instance_metadata"": {""complete"": true, ""high"": 100.0, ""instance_type"": ""random_symmetric"", ""low"": 1.0, ""n"": 8, ""seed"": 0, ""symmetric"": true}, ""valid_route"": true}"
classical_comparison,classical_comparison_random_symmetric_n8_seed0,random_symmetric,8,0,python_tsp_dynamic_programming,skipped_missing_dependency,,,211.9754115631244,nan,,,0.0005765999999312044,254.625,254.625,0.0,,,,211.9754115631244,nan,True,"{""instance_metadata"": {""complete"": true, ""high"": 100.0, ""instance_type"": ""random_symmetric"", ""low"": 1.0, ""n"": 8, ""seed"": 0, ""symmetric"": true}}"
classical_comparison,classical_comparison_random_asymmetric_n8_seed0,random_asymmetric,8,0,tn_exact,ok,"[7, 2, 4, 0, 3, 1, 5, 6]",127.32333485788601,127.32333485788601,0.0,True,True,0.0350177000000258,254.625,254.64453125,0.01953125,16.0,,,127.32333485788601,0.0,True,"{""finite_edges"": true, ""instance_metadata"": {""complete"": true, ""high"": 100.0, ""instance_type"": ""random_asymmetric"", ""low"": 1.0, ""n"": 8, ""seed"": 0, ""symmetric"": false}, ""n_layers"": null, ""normalization_factor"": 99.7237836431319, ""normalize"": true, ""seed"": 0, ""tau"": 16.0, ""valid_route"": true}"
classical_comparison,classical_comparison_random_asymmetric_n8_seed0,random_asymmetric,8,0,tn_n_layers_4,ok,"[7, 6, 0, 2, 4, 3, 1, 5]",165.8806196754555,127.32333485788601,0.3028296805185462,True,True,0.029879499999879044,254.64453125,254.80078125,0.15625,16.0,4,,127.32333485788601,0.3028296805185462,True,"{""finite_edges"": true, ""instance_metadata"": {""complete"": true, ""high"": 100.0, ""instance_type"": ""random_asymmetric"", ""low"": 1.0, ""n"": 8, ""seed"": 0, ""symmetric"": false}, ""n_layers"": 4, ""normalization_factor"": 99.7237836431319, ""normalize"": true, ""seed"": 0, ""tau"": 16.0, ""valid_route"": true}"
classical_comparison,classical_comparison_random_asymmetric_n8_seed0,random_asymmetric,8,0,tn_n_layers_3,ok,"[7, 6, 0, 2, 4, 3, 1, 5]",165.8806196754555,127.32333485788601,0.3028296805185462,True,True,0.026616699999976845,254.80078125,254.86328125,0.0625,16.0,3,,127.32333485788601,0.3028296805185462,True,"{""finite_edges"": true, ""instance_metadata"": {""complete"": true, ""high"": 100.0, ""instance_type"": ""random_asymmetric"", ""low"": 1.0, ""n"": 8, ""seed"": 0, ""symmetric"": false}, ""n_layers"": 3, ""normalization_factor"": 99.7237836431319, ""normalize"": true, ""seed"": 0, ""tau"": 16.0, ""valid_route"": true}"
classical_comparison,classical_comparison_random_asymmetric_n8_seed0,random_asymmetric,8,0,tn_n_layers_2,ok,"[7, 6, 0, 2, 4, 3, 1, 5]",165.8806196754555,127.32333485788601,0.3028296805185462,True,True,0.0227045999999973,254.86328125,254.8671875,0.00390625,16.0,2,,127.32333485788601,0.3028296805185462,True,"{""finite_edges"": true, ""instance_metadata"": {""complete"": true, ""high"": 100.0, ""instance_type"": ""random_asymmetric"", ""low"": 1.0, ""n"": 8, ""seed"": 0, ""symmetric"": false}, ""n_layers"": 2, ""normalization_factor"": 99.7237836431319, ""normalize"": true, ""seed"": 0, ""tau"": 16.0, ""valid_route"": true}"
classical_comparison,classical_comparison_random_asymmetric_n8_seed0,random_asymmetric,8,0,tn_n_layers_0,ok,"[7, 6, 0, 2, 4, 3, 1, 5]",165.8806196754555,127.32333485788601,0.3028296805185462,True,True,0.01515430000017659,254.8671875,254.890625,0.0234375,16.0,0,,127.32333485788601,0.3028296805185462,True,"{""finite_edges"": true, ""instance_metadata"": {""complete"": true, ""high"": 100.0, ""instance_type"": ""random_asymmetric"", ""low"": 1.0, ""n"": 8, ""seed"": 0, ""symmetric"": false}, ""n_layers"": 0, ""normalization_factor"": 99.7237836431319, ""normalize"": true, ""seed"": 0, ""tau"": 16.0, ""valid_route"": true}"
classical_comparison,classical_comparison_random_asymmetric_n8_seed0,random_asymmetric,8,0,held_karp,ok,"[7, 2, 4, 0, 3, 1, 5, 6]",127.32333485788601,127.32333485788601,0.0,True,True,0.0005529000000024098,254.890625,254.890625,0.0,,,,127.32333485788601,0.0,True,"{""instance_metadata"": {""complete"": true, ""high"": 100.0, ""instance_type"": ""random_asymmetric"", ""low"": 1.0, ""n"": 8, ""seed"": 0, ""symmetric"": false}, ""max_n"": 18, ""start"": 7}"
classical_comparison,classical_comparison_random_asymmetric_n8_seed0,random_asymmetric,8,0,bruteforce,ok,"[7, 2, 4, 0, 3, 1, 5, 6]",127.32333485788601,127.32333485788601,0.0,True,True,0.015935000000354194,254.890625,254.890625,0.0,,,,127.32333485788601,0.0,True,"{""instance_metadata"": {""complete"": true, ""high"": 100.0, ""instance_type"": ""random_asymmetric"", ""low"": 1.0, ""n"": 8, ""seed"": 0, ""symmetric"": false}, ""max_n"": 10, ""permutations_checked"": 5040, ""start"": 7}"
classical_comparison,classical_comparison_random_asymmetric_n8_seed0,random_asymmetric,8,0,ortools,ok,"[7, 3, 1, 5, 6, 0, 2, 4]",127.54703019428672,127.32333485788601,0.0017569076135995842,True,True,0.001398099999732949,254.890625,255.046875,0.15625,,,5.0,127.32333485788601,0.0017569076135995842,True,"{""finite_edges"": true, ""infinity_penalty"": 797790272000, ""instance_metadata"": {""complete"": true, ""high"": 100.0, ""instance_type"": ""random_asymmetric"", ""low"": 1.0, ""n"": 8, ""seed"": 0, ""symmetric"": false}, ""integer_scale"": 1000000, ""start"": 7, ""time_limit_s"": 5.0, ""valid_route"": true}"
classical_comparison,classical_comparison_random_asymmetric_n8_seed0,random_asymmetric,8,0,networkx_christofides,skipped_not_applicable,,,127.32333485788601,nan,,,8.170000000973232e-05,255.046875,255.046875,0.0,,,,127.32333485788601,nan,True,"{""instance_metadata"": {""complete"": true, ""high"": 100.0, ""instance_type"": ""random_asymmetric"", ""low"": 1.0, ""n"": 8, ""seed"": 0, ""symmetric"": false}, ""requires_metric_symmetric_complete"": true}"
classical_comparison,classical_comparison_random_asymmetric_n8_seed0,random_asymmetric,8,0,networkx_greedy,ok,"[7, 3, 1, 5, 6, 0, 2, 4]",127.54703019428672,127.32333485788601,0.0017569076135995842,True,True,0.00014899999996487168,255.046875,255.0546875,0.0078125,,,,127.32333485788601,0.0017569076135995842,True,"{""finite_edges"": true, ""instance_metadata"": {""complete"": true, ""high"": 100.0, ""instance_type"": ""random_asymmetric"", ""low"": 1.0, ""n"": 8, ""seed"": 0, ""symmetric"": false}, ""valid_route"": true}"
classical_comparison,classical_comparison_random_asymmetric_n8_seed0,random_asymmetric,8,0,python_tsp_dynamic_programming,skipped_missing_dependency,,,127.32333485788601,nan,,,0.0005409000000327069,255.05859375,255.0625,0.00390625,,,,127.32333485788601,nan,True,"{""instance_metadata"": {""complete"": true, ""high"": 100.0, ""instance_type"": ""random_asymmetric"", ""low"": 1.0, ""n"": 8, ""seed"": 0, ""symmetric"": false}}"
classical_comparison,classical_comparison_euclidean_n8_seed1,euclidean,8,1,tn_exact,ok,"[7, 2, 4, 3, 5, 0, 1, 6]",2540.816236279214,2540.816236279214,0.0,True,True,0.035191400000258,255.06640625,255.14453125,0.078125,16.0,,,2540.816236279214,0.0,True,"{""finite_edges"": true, ""instance_metadata"": {""complete"": true, ""instance_type"": ""euclidean"", ""n"": 8, ""points"": [[511.82162470025673, 950.4636963259353], [144.15961271963374, 948.6494471372439], [311.83145201048546, 423.32644897257563], [827.7025938204417, 409.1991363691613], [549.5936876730595, 27.559113243068367], [753.5131086748066, 538.1433132192782], [329.73171649909216, 788.4287034284043], [303.19482929164496, 453.4978894806515]], ""scale"": 1000.0, ""seed"": 1, ""symmetric"": true}, ""n_layers"": null, ""normalization_factor"": 1006.3717962694622, ""normalize"": true, ""seed"": 0, ""tau"": 16.0, ""valid_route"": true}"
classical_comparison,classical_comparison_euclidean_n8_seed1,euclidean,8,1,tn_n_layers_4,ok,"[7, 2, 4, 3, 5, 0, 1, 6]",2540.816236279214,2540.816236279214,0.0,True,True,0.03149020000000746,255.14453125,255.19921875,0.0546875,16.0,4,,2540.816236279214,0.0,True,"{""finite_edges"": true, ""instance_metadata"": {""complete"": true, ""instance_type"": ""euclidean"", ""n"": 8, ""points"": [[511.82162470025673, 950.4636963259353], [144.15961271963374, 948.6494471372439], [311.83145201048546, 423.32644897257563], [827.7025938204417, 409.1991363691613], [549.5936876730595, 27.559113243068367], [753.5131086748066, 538.1433132192782], [329.73171649909216, 788.4287034284043], [303.19482929164496, 453.4978894806515]], ""scale"": 1000.0, ""seed"": 1, ""symmetric"": true}, ""n_layers"": 4, ""normalization_factor"": 1006.3717962694622, ""normalize"": true, ""seed"": 0, ""tau"": 16.0, ""valid_route"": true}"
classical_comparison,classical_comparison_euclidean_n8_seed1,euclidean,8,1,tn_n_layers_3,ok,"[7, 2, 4, 3, 5, 0, 1, 6]",2540.816236279214,2540.816236279214,0.0,True,True,0.027211500000248634,255.19921875,255.30859375,0.109375,16.0,3,,2540.816236279214,0.0,True,"{""finite_edges"": true, ""instance_metadata"": {""complete"": true, ""instance_type"": ""euclidean"", ""n"": 8, ""points"": [[511.82162470025673, 950.4636963259353], [144.15961271963374, 948.6494471372439], [311.83145201048546, 423.32644897257563], [827.7025938204417, 409.1991363691613], [549.5936876730595, 27.559113243068367], [753.5131086748066, 538.1433132192782], [329.73171649909216, 788.4287034284043], [303.19482929164496, 453.4978894806515]], ""scale"": 1000.0, ""seed"": 1, ""symmetric"": true}, ""n_layers"": 3, ""normalization_factor"": 1006.3717962694622, ""normalize"": true, ""seed"": 0, ""tau"": 16.0, ""valid_route"": true}"
classical_comparison,classical_comparison_euclidean_n8_seed1,euclidean,8,1,tn_n_layers_2,ok,"[7, 2, 5, 0, 1, 6, 3, 4]",3168.7425496370724,2540.816236279214,0.24713566624455977,True,True,0.022232100000110222,255.30859375,255.3125,0.00390625,16.0,2,,2540.816236279214,0.24713566624455977,True,"{""finite_edges"": true, ""instance_metadata"": {""complete"": true, ""instance_type"": ""euclidean"", ""n"": 8, ""points"": [[511.82162470025673, 950.4636963259353], [144.15961271963374, 948.6494471372439], [311.83145201048546, 423.32644897257563], [827.7025938204417, 409.1991363691613], [549.5936876730595, 27.559113243068367], [753.5131086748066, 538.1433132192782], [329.73171649909216, 788.4287034284043], [303.19482929164496, 453.4978894806515]], ""scale"": 1000.0, ""seed"": 1, ""symmetric"": true}, ""n_layers"": 2, ""normalization_factor"": 1006.3717962694622, ""normalize"": true, ""seed"": 0, ""tau"": 16.0, ""valid_route"": true}"
classical_comparison,classical_comparison_euclidean_n8_seed1,euclidean,8,1,tn_n_layers_0,ok,"[7, 2, 6, 1, 0, 5, 3, 4]",2600.7545779669763,2540.816236279214,0.023590191542358946,True,True,0.013804100000015751,255.3125,255.34375,0.03125,16.0,0,,2540.816236279214,0.023590191542358946,True,"{""finite_edges"": true, ""instance_metadata"": {""complete"": true, ""instance_type"": ""euclidean"", ""n"": 8, ""points"": [[511.82162470025673, 950.4636963259353], [144.15961271963374, 948.6494471372439], [311.83145201048546, 423.32644897257563], [827.7025938204417, 409.1991363691613], [549.5936876730595, 27.559113243068367], [753.5131086748066, 538.1433132192782], [329.73171649909216, 788.4287034284043], [303.19482929164496, 453.4978894806515]], ""scale"": 1000.0, ""seed"": 1, ""symmetric"": true}, ""n_layers"": 0, ""normalization_factor"": 1006.3717962694622, ""normalize"": true, ""seed"": 0, ""tau"": 16.0, ""valid_route"": true}"
classical_comparison,classical_comparison_euclidean_n8_seed1,euclidean,8,1,held_karp,ok,"[7, 6, 1, 0, 5, 3, 4, 2]",2540.816236279214,2540.816236279214,0.0,True,True,0.0005567000002884015,255.34375,255.35546875,0.01171875,,,,2540.816236279214,0.0,True,"{""instance_metadata"": {""complete"": true, ""instance_type"": ""euclidean"", ""n"": 8, ""points"": [[511.82162470025673, 950.4636963259353], [144.15961271963374, 948.6494471372439], [311.83145201048546, 423.32644897257563], [827.7025938204417, 409.1991363691613], [549.5936876730595, 27.559113243068367], [753.5131086748066, 538.1433132192782], [329.73171649909216, 788.4287034284043], [303.19482929164496, 453.4978894806515]], ""scale"": 1000.0, ""seed"": 1, ""symmetric"": true}, ""max_n"": 18, ""start"": 7}"
classical_comparison,classical_comparison_euclidean_n8_seed1,euclidean,8,1,bruteforce,ok,"[7, 2, 4, 3, 5, 0, 1, 6]",2540.816236279214,2540.816236279214,0.0,True,True,0.017008899999837013,255.35546875,255.35546875,0.0,,,,2540.816236279214,0.0,True,"{""instance_metadata"": {""complete"": true, ""instance_type"": ""euclidean"", ""n"": 8, ""points"": [[511.82162470025673, 950.4636963259353], [144.15961271963374, 948.6494471372439], [311.83145201048546, 423.32644897257563], [827.7025938204417, 409.1991363691613], [549.5936876730595, 27.559113243068367], [753.5131086748066, 538.1433132192782], [329.73171649909216, 788.4287034284043], [303.19482929164496, 453.4978894806515]], ""scale"": 1000.0, ""seed"": 1, ""symmetric"": true}, ""max_n"": 10, ""permutations_checked"": 5040, ""start"": 7}"
classical_comparison,classical_comparison_euclidean_n8_seed1,euclidean,8,1,ortools,ok,"[7, 2, 4, 3, 5, 0, 1, 6]",2540.816236279214,2540.816236279214,0.0,True,True,0.00162529999988692,255.35546875,255.453125,0.09765625,,,5.0,2540.816236279214,0.0,True,"{""finite_edges"": true, ""infinity_penalty"": 8050974368000, ""instance_metadata"": {""complete"": true, ""instance_type"": ""euclidean"", ""n"": 8, ""points"": [[511.82162470025673, 950.4636963259353], [144.15961271963374, 948.6494471372439], [311.83145201048546, 423.32644897257563], [827.7025938204417, 409.1991363691613], [549.5936876730595, 27.559113243068367], [753.5131086748066, 538.1433132192782], [329.73171649909216, 788.4287034284043], [303.19482929164496, 453.4978894806515]], ""scale"": 1000.0, ""seed"": 1, ""symmetric"": true}, ""integer_scale"": 1000000, ""start"": 7, ""time_limit_s"": 5.0, ""valid_route"": true}"
classical_comparison,classical_comparison_euclidean_n8_seed1,euclidean,8,1,networkx_christofides,ok,"[7, 0, 1, 6, 2, 4, 3, 5]",3058.242512337845,2540.816236279214,0.20364569018039366,True,True,0.0008316000003105728,255.453125,255.4609375,0.0078125,,,,2540.816236279214,0.20364569018039366,True,"{""finite_edges"": true, ""instance_metadata"": {""complete"": true, ""instance_type"": ""euclidean"", ""n"": 8, ""points"": [[511.82162470025673, 950.4636963259353], [144.15961271963374, 948.6494471372439], [311.83145201048546, 423.32644897257563], [827.7025938204417, 409.1991363691613], [549.5936876730595, 27.559113243068367], [753.5131086748066, 538.1433132192782], [329.73171649909216, 788.4287034284043], [303.19482929164496, 453.4978894806515]], ""scale"": 1000.0, ""seed"": 1, ""symmetric"": true}, ""requires_metric_symmetric_complete"": true, ""valid_route"": true}"
classical_comparison,classical_comparison_euclidean_n8_seed1,euclidean,8,1,networkx_greedy,ok,"[7, 2, 6, 0, 1, 5, 3, 4]",2856.124922862681,2540.816236279214,0.12409739912761536,True,True,0.00013239999998404528,255.4609375,255.4609375,0.0,,,,2540.816236279214,0.12409739912761536,True,"{""finite_edges"": true, ""instance_metadata"": {""complete"": true, ""instance_type"": ""euclidean"", ""n"": 8, ""points"": [[511.82162470025673, 950.4636963259353], [144.15961271963374, 948.6494471372439], [311.83145201048546, 423.32644897257563], [827.7025938204417, 409.1991363691613], [549.5936876730595, 27.559113243068367], [753.5131086748066, 538.1433132192782], [329.73171649909216, 788.4287034284043], [303.19482929164496, 453.4978894806515]], ""scale"": 1000.0, ""seed"": 1, ""symmetric"": true}, ""valid_route"": true}"
classical_comparison,classical_comparison_euclidean_n8_seed1,euclidean,8,1,python_tsp_dynamic_programming,skipped_missing_dependency,,,2540.816236279214,nan,,,0.0006524000000354135,255.4609375,255.4609375,0.0,,,,2540.816236279214,nan,True,"{""instance_metadata"": {""complete"": true, ""instance_type"": ""euclidean"", ""n"": 8, ""points"": [[511.82162470025673, 950.4636963259353], [144.15961271963374, 948.6494471372439], [311.83145201048546, 423.32644897257563], [827.7025938204417, 409.1991363691613], [549.5936876730595, 27.559113243068367], [753.5131086748066, 538.1433132192782], [329.73171649909216, 788.4287034284043], [303.19482929164496, 453.4978894806515]], ""scale"": 1000.0, ""seed"": 1, ""symmetric"": true}}"
classical_comparison,classical_comparison_random_symmetric_n8_seed1,random_symmetric,8,1,tn_exact,ok,"[7, 4, 6, 1, 3, 2, 0, 5]",318.841342086089,318.841342086089,0.0,True,True,0.03486509999993359,255.4609375,255.546875,0.0859375,16.0,,,318.841342086089,0.0,True,"{""finite_edges"": true, ""instance_metadata"": {""complete"": true, ""high"": 100.0, ""instance_type"": ""random_symmetric"", ""low"": 1.0, ""n"": 8, ""seed"": 1, ""symmetric"": true}, ""n_layers"": null, ""normalization_factor"": 95.56017871965102, ""normalize"": true, ""seed"": 0, ""tau"": 16.0, ""valid_route"": true}"
classical_comparison,classical_comparison_random_symmetric_n8_seed1,random_symmetric,8,1,tn_n_layers_4,ok,"[7, 4, 1, 6, 0, 2, 5, 3]",330.27510864533645,318.841342086089,0.035860363917801626,True,True,0.03090569999994841,255.546875,255.66015625,0.11328125,16.0,4,,318.841342086089,0.035860363917801626,True,"{""finite_edges"": true, ""instance_metadata"": {""complete"": true, ""high"": 100.0, ""instance_type"": ""random_symmetric"", ""low"": 1.0, ""n"": 8, ""seed"": 1, ""symmetric"": true}, ""n_layers"": 4, ""normalization_factor"": 95.56017871965102, ""normalize"": true, ""seed"": 0, ""tau"": 16.0, ""valid_route"": true}"
classical_comparison,classical_comparison_random_symmetric_n8_seed1,random_symmetric,8,1,tn_n_layers_3,ok,"[7, 5, 2, 0, 6, 4, 1, 3]",329.5209788715897,318.841342086089,0.033495144373771726,True,True,0.02756359999966662,255.66015625,255.66015625,0.0,16.0,3,,318.841342086089,0.033495144373771726,True,"{""finite_edges"": true, ""instance_metadata"": {""complete"": true, ""high"": 100.0, ""instance_type"": ""random_symmetric"", ""low"": 1.0, ""n"": 8, ""seed"": 1, ""symmetric"": true}, ""n_layers"": 3, ""normalization_factor"": 95.56017871965102, ""normalize"": true, ""seed"": 0, ""tau"": 16.0, ""valid_route"": true}"
classical_comparison,classical_comparison_random_symmetric_n8_seed1,random_symmetric,8,1,tn_n_layers_2,ok,"[7, 5, 2, 0, 6, 4, 1, 3]",329.5209788715897,318.841342086089,0.033495144373771726,True,True,0.025480700000116485,255.66015625,255.671875,0.01171875,16.0,2,,318.841342086089,0.033495144373771726,True,"{""finite_edges"": true, ""instance_metadata"": {""complete"": true, ""high"": 100.0, ""instance_type"": ""random_symmetric"", ""low"": 1.0, ""n"": 8, ""seed"": 1, ""symmetric"": true}, ""n_layers"": 2, ""normalization_factor"": 95.56017871965102, ""normalize"": true, ""seed"": 0, ""tau"": 16.0, ""valid_route"": true}"
classical_comparison,classical_comparison_random_symmetric_n8_seed1,random_symmetric,8,1,tn_n_layers_0,ok,"[7, 4, 6, 3, 5, 0, 2, 1]",371.07269437591657,318.841342086089,0.1638161223011186,True,True,0.013804100000015751,255.671875,255.671875,0.0,16.0,0,,318.841342086089,0.1638161223011186,True,"{""finite_edges"": true, ""instance_metadata"": {""complete"": true, ""high"": 100.0, ""instance_type"": ""random_symmetric"", ""low"": 1.0, ""n"": 8, ""seed"": 1, ""symmetric"": true}, ""n_layers"": 0, ""normalization_factor"": 95.56017871965102, ""normalize"": true, ""seed"": 0, ""tau"": 16.0, ""valid_route"": true}"
classical_comparison,classical_comparison_random_symmetric_n8_seed1,random_symmetric,8,1,held_karp,ok,"[7, 4, 6, 1, 3, 2, 0, 5]",318.841342086089,318.841342086089,0.0,True,True,0.0005501999999069085,255.671875,255.671875,0.0,,,,318.841342086089,0.0,True,"{""instance_metadata"": {""complete"": true, ""high"": 100.0, ""instance_type"": ""random_symmetric"", ""low"": 1.0, ""n"": 8, ""seed"": 1, ""symmetric"": true}, ""max_n"": 18, ""start"": 7}"
classical_comparison,classical_comparison_random_symmetric_n8_seed1,random_symmetric,8,1,bruteforce,ok,"[7, 4, 6, 1, 3, 2, 0, 5]",318.841342086089,318.841342086089,0.0,True,True,0.017732100000102946,255.671875,255.671875,0.0,,,,318.841342086089,0.0,True,"{""instance_metadata"": {""complete"": true, ""high"": 100.0, ""instance_type"": ""random_symmetric"", ""low"": 1.0, ""n"": 8, ""seed"": 1, ""symmetric"": true}, ""max_n"": 10, ""permutations_checked"": 5040, ""start"": 7}"
classical_comparison,classical_comparison_random_symmetric_n8_seed1,random_symmetric,8,1,ortools,ok,"[7, 4, 1, 6, 0, 2, 5, 3]",330.27510864533645,318.841342086089,0.035860363917801626,True,True,0.0016441000002487272,255.67578125,255.67578125,0.0,,,5.0,318.841342086089,0.035860363917801626,True,"{""finite_edges"": true, ""infinity_penalty"": 764481432000, ""instance_metadata"": {""complete"": true, ""high"": 100.0, ""instance_type"": ""random_symmetric"", ""low"": 1.0, ""n"": 8, ""seed"": 1, ""symmetric"": true}, ""integer_scale"": 1000000, ""start"": 7, ""time_limit_s"": 5.0, ""valid_route"": true}"
classical_comparison,classical_comparison_random_symmetric_n8_seed1,random_symmetric,8,1,networkx_christofides,skipped_not_applicable,,,318.841342086089,nan,,,0.0001129000002038083,255.67578125,255.67578125,0.0,,,,318.841342086089,nan,True,"{""instance_metadata"": {""complete"": true, ""high"": 100.0, ""instance_type"": ""random_symmetric"", ""low"": 1.0, ""n"": 8, ""seed"": 1, ""symmetric"": true}, ""requires_metric_symmetric_complete"": true}"
classical_comparison,classical_comparison_random_symmetric_n8_seed1,random_symmetric,8,1,networkx_greedy,ok,"[7, 1, 5, 3, 2, 0, 6, 4]",365.91381067069193,318.841342086089,0.14763602573186094,True,True,0.00014550000014423858,255.6796875,255.6796875,0.0,,,,318.841342086089,0.14763602573186094,True,"{""finite_edges"": true, ""instance_metadata"": {""complete"": true, ""high"": 100.0, ""instance_type"": ""random_symmetric"", ""low"": 1.0, ""n"": 8, ""seed"": 1, ""symmetric"": true}, ""valid_route"": true}"
classical_comparison,classical_comparison_random_symmetric_n8_seed1,random_symmetric,8,1,python_tsp_dynamic_programming,skipped_missing_dependency,,,318.841342086089,nan,,,0.0006041000001459906,255.6796875,255.68359375,0.00390625,,,,318.841342086089,nan,True,"{""instance_metadata"": {""complete"": true, ""high"": 100.0, ""instance_type"": ""random_symmetric"", ""low"": 1.0, ""n"": 8, ""seed"": 1, ""symmetric"": true}}"
classical_comparison,classical_comparison_random_asymmetric_n8_seed1,random_asymmetric,8,1,tn_exact,ok,"[7, 5, 3, 6, 0, 2, 1, 4]",193.1828454564066,193.1828454564066,0.0,True,True,0.03448670000034326,255.68359375,255.69140625,0.0078125,16.0,,,193.1828454564066,0.0,True,"{""finite_edges"": true, ""instance_metadata"": {""complete"": true, ""high"": 100.0, ""instance_type"": ""random_asymmetric"", ""low"": 1.0, ""n"": 8, ""seed"": 1, ""symmetric"": false}, ""n_layers"": null, ""normalization_factor"": 98.09298278032263, ""normalize"": true, ""seed"": 0, ""tau"": 16.0, ""valid_route"": true}"
classical_comparison,classical_comparison_random_asymmetric_n8_seed1,random_asymmetric,8,1,tn_n_layers_4,ok,"[7, 5, 3, 6, 0, 2, 1, 4]",193.1828454564066,193.1828454564066,0.0,True,True,0.0328761000000668,255.69140625,255.8203125,0.12890625,16.0,4,,193.1828454564066,0.0,True,"{""finite_edges"": true, ""instance_metadata"": {""complete"": true, ""high"": 100.0, ""instance_type"": ""random_asymmetric"", ""low"": 1.0, ""n"": 8, ""seed"": 1, ""symmetric"": false}, ""n_layers"": 4, ""normalization_factor"": 98.09298278032263, ""normalize"": true, ""seed"": 0, ""tau"": 16.0, ""valid_route"": true}"
classical_comparison,classical_comparison_random_asymmetric_n8_seed1,random_asymmetric,8,1,tn_n_layers_3,ok,"[7, 5, 6, 0, 2, 1, 3, 4]",203.45770466740422,193.1828454564066,0.05318722367259173,True,True,0.028508100000181003,255.8203125,255.87109375,0.05078125,16.0,3,,193.1828454564066,0.05318722367259173,True,"{""finite_edges"": true, ""instance_metadata"": {""complete"": true, ""high"": 100.0, ""instance_type"": ""random_asymmetric"", ""low"": 1.0, ""n"": 8, ""seed"": 1, ""symmetric"": false}, ""n_layers"": 3, ""normalization_factor"": 98.09298278032263, ""normalize"": true, ""seed"": 0, ""tau"": 16.0, ""valid_route"": true}"
classical_comparison,classical_comparison_random_asymmetric_n8_seed1,random_asymmetric,8,1,tn_n_layers_2,ok,"[7, 5, 6, 0, 2, 1, 3, 4]",203.45770466740422,193.1828454564066,0.05318722367259173,True,True,0.03228020000005927,255.87109375,255.890625,0.01953125,16.0,2,,193.1828454564066,0.05318722367259173,True,"{""finite_edges"": true, ""instance_metadata"": {""complete"": true, ""high"": 100.0, ""instance_type"": ""random_asymmetric"", ""low"": 1.0, ""n"": 8, ""seed"": 1, ""symmetric"": false}, ""n_layers"": 2, ""normalization_factor"": 98.09298278032263, ""normalize"": true, ""seed"": 0, ""tau"": 16.0, ""valid_route"": true}"
classical_comparison,classical_comparison_random_asymmetric_n8_seed1,random_asymmetric,8,1,tn_n_layers_0,ok,"[7, 5, 3, 4, 6, 0, 2, 1]",209.5510995508958,193.1828454564066,0.08472933533936812,True,True,0.01578319999998712,255.890625,255.8984375,0.0078125,16.0,0,,193.1828454564066,0.08472933533936812,True,"{""finite_edges"": true, ""instance_metadata"": {""complete"": true, ""high"": 100.0, ""instance_type"": ""random_asymmetric"", ""low"": 1.0, ""n"": 8, ""seed"": 1, ""symmetric"": false}, ""n_layers"": 0, ""normalization_factor"": 98.09298278032263, ""normalize"": true, ""seed"": 0, ""tau"": 16.0, ""valid_route"": true}"
classical_comparison,classical_comparison_random_asymmetric_n8_seed1,random_asymmetric,8,1,held_karp,ok,"[7, 5, 3, 6, 0, 2, 1, 4]",193.1828454564066,193.1828454564066,0.0,True,True,0.0005306000002747169,255.8984375,255.91015625,0.01171875,,,,193.1828454564066,0.0,True,"{""instance_metadata"": {""complete"": true, ""high"": 100.0, ""instance_type"": ""random_asymmetric"", ""low"": 1.0, ""n"": 8, ""seed"": 1, ""symmetric"": false}, ""max_n"": 18, ""start"": 7}"
classical_comparison,classical_comparison_random_asymmetric_n8_seed1,random_asymmetric,8,1,bruteforce,ok,"[7, 5, 3, 6, 0, 2, 1, 4]",193.1828454564066,193.1828454564066,0.0,True,True,0.01733299999978044,255.91015625,255.91015625,0.0,,,,193.1828454564066,0.0,True,"{""instance_metadata"": {""complete"": true, ""high"": 100.0, ""instance_type"": ""random_asymmetric"", ""low"": 1.0, ""n"": 8, ""seed"": 1, ""symmetric"": false}, ""max_n"": 10, ""permutations_checked"": 5040, ""start"": 7}"
classical_comparison,classical_comparison_random_asymmetric_n8_seed1,random_asymmetric,8,1,ortools,ok,"[7, 5, 3, 6, 0, 2, 1, 4]",193.1828454564066,193.1828454564066,0.0,True,True,0.0014636000000791682,255.91015625,255.91015625,0.0,,,5.0,193.1828454564066,0.0,True,"{""finite_edges"": true, ""infinity_penalty"": 784743864000, ""instance_metadata"": {""complete"": true, ""high"": 100.0, ""instance_type"": ""random_asymmetric"", ""low"": 1.0, ""n"": 8, ""seed"": 1, ""symmetric"": false}, ""integer_scale"": 1000000, ""start"": 7, ""time_limit_s"": 5.0, ""valid_route"": true}"
classical_comparison,classical_comparison_random_asymmetric_n8_seed1,random_asymmetric,8,1,networkx_christofides,skipped_not_applicable,,,193.1828454564066,nan,,,8.219999972425285e-05,255.91015625,255.91015625,0.0,,,,193.1828454564066,nan,True,"{""instance_metadata"": {""complete"": true, ""high"": 100.0, ""instance_type"": ""random_asymmetric"", ""low"": 1.0, ""n"": 8, ""seed"": 1, ""symmetric"": false}, ""requires_metric_symmetric_complete"": true}"
classical_comparison,classical_comparison_random_asymmetric_n8_seed1,random_asymmetric,8,1,networkx_greedy,ok,"[7, 5, 3, 4, 6, 0, 2, 1]",209.5510995508958,193.1828454564066,0.08472933533936812,True,True,0.00015289999964807066,255.91015625,255.91796875,0.0078125,,,,193.1828454564066,0.08472933533936812,True,"{""finite_edges"": true, ""instance_metadata"": {""complete"": true, ""high"": 100.0, ""instance_type"": ""random_asymmetric"", ""low"": 1.0, ""n"": 8, ""seed"": 1, ""symmetric"": false}, ""valid_route"": true}"
classical_comparison,classical_comparison_random_asymmetric_n8_seed1,random_asymmetric,8,1,python_tsp_dynamic_programming,skipped_missing_dependency,,,193.1828454564066,nan,,,0.0005501999999069085,255.91796875,255.91796875,0.0,,,,193.1828454564066,nan,True,"{""instance_metadata"": {""complete"": true, ""high"": 100.0, ""instance_type"": ""random_asymmetric"", ""low"": 1.0, ""n"": 8, ""seed"": 1, ""symmetric"": false}}"
classical_comparison,classical_comparison_euclidean_n8_seed2,euclidean,8,2,tn_exact,ok,"[7, 6, 2, 1, 5, 3, 0, 4]",2294.803126824912,2294.803126824912,0.0,True,True,0.03729770000018107,255.92578125,255.9453125,0.01953125,16.0,,,2294.803126824912,0.0,True,"{""finite_edges"": true, ""instance_metadata"": {""complete"": true, ""instance_type"": ""euclidean"", ""n"": 8, ""points"": [[261.6121342493164, 298.4911434141233], [814.2257405942803, 91.91594213509691], [600.100525965654, 728.5605268117946], [187.90107336660344, 55.14662733306819], [274.9693679060381, 657.4330148755926], [562.265662780428, 150.06226330533613], [432.6307908047872, 669.2972985745203], [422.7846732701278, 633.1843992741165]], ""scale"": 1000.0, ""seed"": 2, ""symmetric"": true}, ""n_layers"": null, ""normalization_factor"": 789.553461606053, ""normalize"": true, ""seed"": 0, ""tau"": 16.0, ""valid_route"": true}"
classical_comparison,classical_comparison_euclidean_n8_seed2,euclidean,8,2,tn_n_layers_4,ok,"[7, 6, 4, 0, 3, 5, 1, 2]",2326.81218084431,2294.803126824912,0.013948496777449476,True,True,0.03215989999989688,255.9453125,256.109375,0.1640625,16.0,4,,2294.803126824912,0.013948496777449476,True,"{""finite_edges"": true, ""instance_metadata"": {""complete"": true, ""instance_type"": ""euclidean"", ""n"": 8, ""points"": [[261.6121342493164, 298.4911434141233], [814.2257405942803, 91.91594213509691], [600.100525965654, 728.5605268117946], [187.90107336660344, 55.14662733306819], [274.9693679060381, 657.4330148755926], [562.265662780428, 150.06226330533613], [432.6307908047872, 669.2972985745203], [422.7846732701278, 633.1843992741165]], ""scale"": 1000.0, ""seed"": 2, ""symmetric"": true}, ""n_layers"": 4, ""normalization_factor"": 789.553461606053, ""normalize"": true, ""seed"": 0, ""tau"": 16.0, ""valid_route"": true}"
classical_comparison,classical_comparison_euclidean_n8_seed2,euclidean,8,2,tn_n_layers_3,ok,"[7, 6, 4, 0, 3, 5, 1, 2]",2326.81218084431,2294.803126824912,0.013948496777449476,True,True,0.030369200000222918,256.109375,256.13671875,0.02734375,16.0,3,,2294.803126824912,0.013948496777449476,True,"{""finite_edges"": true, ""instance_metadata"": {""complete"": true, ""instance_type"": ""euclidean"", ""n"": 8, ""points"": [[261.6121342493164, 298.4911434141233], [814.2257405942803, 91.91594213509691], [600.100525965654, 728.5605268117946], [187.90107336660344, 55.14662733306819], [274.9693679060381, 657.4330148755926], [562.265662780428, 150.06226330533613], [432.6307908047872, 669.2972985745203], [422.7846732701278, 633.1843992741165]], ""scale"": 1000.0, ""seed"": 2, ""symmetric"": true}, ""n_layers"": 3, ""normalization_factor"": 789.553461606053, ""normalize"": true, ""seed"": 0, ""tau"": 16.0, ""valid_route"": true}"
classical_comparison,classical_comparison_euclidean_n8_seed2,euclidean,8,2,tn_n_layers_2,ok,"[7, 6, 2, 5, 3, 1, 0, 4]",2907.3676035216017,2294.803126824912,0.2669355246801644,True,True,0.02511559999993551,256.13671875,256.140625,0.00390625,16.0,2,,2294.803126824912,0.2669355246801644,True,"{""finite_edges"": true, ""instance_metadata"": {""complete"": true, ""instance_type"": ""euclidean"", ""n"": 8, ""points"": [[261.6121342493164, 298.4911434141233], [814.2257405942803, 91.91594213509691], [600.100525965654, 728.5605268117946], [187.90107336660344, 55.14662733306819], [274.9693679060381, 657.4330148755926], [562.265662780428, 150.06226330533613], [432.6307908047872, 669.2972985745203], [422.7846732701278, 633.1843992741165]], ""scale"": 1000.0, ""seed"": 2, ""symmetric"": true}, ""n_layers"": 2, ""normalization_factor"": 789.553461606053, ""normalize"": true, ""seed"": 0, ""tau"": 16.0, ""valid_route"": true}"
classical_comparison,classical_comparison_euclidean_n8_seed2,euclidean,8,2,tn_n_layers_0,ok,"[7, 6, 4, 2, 0, 5, 1, 3]",2920.8750627828267,2294.803126824912,0.27282163277515986,True,True,0.0158369999999195,256.140625,256.16796875,0.02734375,16.0,0,,2294.803126824912,0.27282163277515986,True,"{""finite_edges"": true, ""instance_metadata"": {""complete"": true, ""instance_type"": ""euclidean"", ""n"": 8, ""points"": [[261.6121342493164, 298.4911434141233], [814.2257405942803, 91.91594213509691], [600.100525965654, 728.5605268117946], [187.90107336660344, 55.14662733306819], [274.9693679060381, 657.4330148755926], [562.265662780428, 150.06226330533613], [432.6307908047872, 669.2972985745203], [422.7846732701278, 633.1843992741165]], ""scale"": 1000.0, ""seed"": 2, ""symmetric"": true}, ""n_layers"": 0, ""normalization_factor"": 789.553461606053, ""normalize"": true, ""seed"": 0, ""tau"": 16.0, ""valid_route"": true}"
classical_comparison,classical_comparison_euclidean_n8_seed2,euclidean,8,2,held_karp,ok,"[7, 6, 2, 1, 5, 3, 0, 4]",2294.803126824912,2294.803126824912,0.0,True,True,0.0005086999999548425,256.16796875,256.16796875,0.0,,,,2294.803126824912,0.0,True,"{""instance_metadata"": {""complete"": true, ""instance_type"": ""euclidean"", ""n"": 8, ""points"": [[261.6121342493164, 298.4911434141233], [814.2257405942803, 91.91594213509691], [600.100525965654, 728.5605268117946], [187.90107336660344, 55.14662733306819], [274.9693679060381, 657.4330148755926], [562.265662780428, 150.06226330533613], [432.6307908047872, 669.2972985745203], [422.7846732701278, 633.1843992741165]], ""scale"": 1000.0, ""seed"": 2, ""symmetric"": true}, ""max_n"": 18, ""start"": 7}"
classical_comparison,classical_comparison_euclidean_n8_seed2,euclidean,8,2,bruteforce,ok,"[7, 4, 0, 3, 5, 1, 2, 6]",2294.803126824912,2294.803126824912,0.0,True,True,0.016176199999790697,256.16796875,256.16796875,0.0,,,,2294.803126824912,0.0,True,"{""instance_metadata"": {""complete"": true, ""instance_type"": ""euclidean"", ""n"": 8, ""points"": [[261.6121342493164, 298.4911434141233], [814.2257405942803, 91.91594213509691], [600.100525965654, 728.5605268117946], [187.90107336660344, 55.14662733306819], [274.9693679060381, 657.4330148755926], [562.265662780428, 150.06226330533613], [432.6307908047872, 669.2972985745203], [422.7846732701278, 633.1843992741165]], ""scale"": 1000.0, ""seed"": 2, ""symmetric"": true}, ""max_n"": 10, ""permutations_checked"": 5040, ""start"": 7}"
classical_comparison,classical_comparison_euclidean_n8_seed2,euclidean,8,2,ortools,ok,"[7, 4, 0, 3, 5, 1, 2, 6]",2294.803126824912,2294.803126824912,0.0,True,True,0.0016055000000960717,256.16796875,256.16796875,0.0,,,5.0,2294.803126824912,0.0,True,"{""finite_edges"": true, ""infinity_penalty"": 6316427696000, ""instance_metadata"": {""complete"": true, ""instance_type"": ""euclidean"", ""n"": 8, ""points"": [[261.6121342493164, 298.4911434141233], [814.2257405942803, 91.91594213509691], [600.100525965654, 728.5605268117946], [187.90107336660344, 55.14662733306819], [274.9693679060381, 657.4330148755926], [562.265662780428, 150.06226330533613], [432.6307908047872, 669.2972985745203], [422.7846732701278, 633.1843992741165]], ""scale"": 1000.0, ""seed"": 2, ""symmetric"": true}, ""integer_scale"": 1000000, ""start"": 7, ""time_limit_s"": 5.0, ""valid_route"": true}"
classical_comparison,classical_comparison_euclidean_n8_seed2,euclidean,8,2,networkx_christofides,ok,"[7, 4, 0, 3, 5, 1, 2, 6]",2294.803126824912,2294.803126824912,0.0,True,True,0.000667400000111229,256.16796875,256.171875,0.00390625,,,,2294.803126824912,0.0,True,"{""finite_edges"": true, ""instance_metadata"": {""complete"": true, ""instance_type"": ""euclidean"", ""n"": 8, ""points"": [[261.6121342493164, 298.4911434141233], [814.2257405942803, 91.91594213509691], [600.100525965654, 728.5605268117946], [187.90107336660344, 55.14662733306819], [274.9693679060381, 657.4330148755926], [562.265662780428, 150.06226330533613], [432.6307908047872, 669.2972985745203], [422.7846732701278, 633.1843992741165]], ""scale"": 1000.0, ""seed"": 2, ""symmetric"": true}, ""requires_metric_symmetric_complete"": true, ""valid_route"": true}"
classical_comparison,classical_comparison_euclidean_n8_seed2,euclidean,8,2,networkx_greedy,ok,"[7, 1, 5, 3, 0, 2, 4, 6]",2642.691382720586,2294.803126824912,0.1515983013222628,True,True,0.0001247000000148546,256.171875,256.171875,0.0,,,,2294.803126824912,0.1515983013222628,True,"{""finite_edges"": true, ""instance_metadata"": {""complete"": true, ""instance_type"": ""euclidean"", ""n"": 8, ""points"": [[261.6121342493164, 298.4911434141233], [814.2257405942803, 91.91594213509691], [600.100525965654, 728.5605268117946], [187.90107336660344, 55.14662733306819], [274.9693679060381, 657.4330148755926], [562.265662780428, 150.06226330533613], [432.6307908047872, 669.2972985745203], [422.7846732701278, 633.1843992741165]], ""scale"": 1000.0, ""seed"": 2, ""symmetric"": true}, ""valid_route"": true}"
classical_comparison,classical_comparison_euclidean_n8_seed2,euclidean,8,2,python_tsp_dynamic_programming,skipped_missing_dependency,,,2294.803126824912,nan,,,0.0006572999996024009,256.171875,256.171875,0.0,,,,2294.803126824912,nan,True,"{""instance_metadata"": {""complete"": true, ""instance_type"": ""euclidean"", ""n"": 8, ""points"": [[261.6121342493164, 298.4911434141233], [814.2257405942803, 91.91594213509691], [600.100525965654, 728.5605268117946], [187.90107336660344, 55.14662733306819], [274.9693679060381, 657.4330148755926], [562.265662780428, 150.06226330533613], [432.6307908047872, 669.2972985745203], [422.7846732701278, 633.1843992741165]], ""scale"": 1000.0, ""seed"": 2, ""symmetric"": true}}"
classical_comparison,classical_comparison_random_symmetric_n8_seed2,random_symmetric,8,2,tn_exact,ok,"[7, 5, 3, 0, 6, 1, 2, 4]",255.78590472523754,255.78590472523751,1.1111522920285348e-16,True,True,0.034750099999655504,256.171875,256.234375,0.0625,16.0,,,255.78590472523751,1.1111522920285348e-16,True,"{""finite_edges"": true, ""instance_metadata"": {""complete"": true, ""high"": 100.0, ""instance_type"": ""random_symmetric"", ""low"": 1.0, ""n"": 8, ""seed"": 2, ""symmetric"": true}, ""n_layers"": null, ""normalization_factor"": 89.19225380785386, ""normalize"": true, ""seed"": 0, ""tau"": 16.0, ""valid_route"": true}"
classical_comparison,classical_comparison_random_symmetric_n8_seed2,random_symmetric,8,2,tn_n_layers_4,ok,"[7, 5, 1, 6, 0, 3, 2, 4]",260.4016111120372,255.78590472523751,0.018045194443993367,True,True,0.03144169999995938,256.234375,256.23828125,0.00390625,16.0,4,,255.78590472523751,0.018045194443993367,True,"{""finite_edges"": true, ""instance_metadata"": {""complete"": true, ""high"": 100.0, ""instance_type"": ""random_symmetric"", ""low"": 1.0, ""n"": 8, ""seed"": 2, ""symmetric"": true}, ""n_layers"": 4, ""normalization_factor"": 89.19225380785386, ""normalize"": true, ""seed"": 0, ""tau"": 16.0, ""valid_route"": true}"
classical_comparison,classical_comparison_random_symmetric_n8_seed2,random_symmetric,8,2,tn_n_layers_3,ok,"[7, 5, 6, 0, 1, 2, 3, 4]",287.4132608382803,255.78590472523751,0.12364776763995863,True,True,0.028570500000114407,256.23828125,256.28515625,0.046875,16.0,3,,255.78590472523751,0.12364776763995863,True,"{""finite_edges"": true, ""instance_metadata"": {""complete"": true, ""high"": 100.0, ""instance_type"": ""random_symmetric"", ""low"": 1.0, ""n"": 8, ""seed"": 2, ""symmetric"": true}, ""n_layers"": 3, ""normalization_factor"": 89.19225380785386, ""normalize"": true, ""seed"": 0, ""tau"": 16.0, ""valid_route"": true}"
classical_comparison,classical_comparison_random_symmetric_n8_seed2,random_symmetric,8,2,tn_n_layers_2,ok,"[7, 5, 3, 0, 6, 1, 2, 4]",255.78590472523754,255.78590472523751,1.1111522920285348e-16,True,True,0.023196700000426063,256.28515625,256.3515625,0.06640625,16.0,2,,255.78590472523751,1.1111522920285348e-16,True,"{""finite_edges"": true, ""instance_metadata"": {""complete"": true, ""high"": 100.0, ""instance_type"": ""random_symmetric"", ""low"": 1.0, ""n"": 8, ""seed"": 2, ""symmetric"": true}, ""n_layers"": 2, ""normalization_factor"": 89.19225380785386, ""normalize"": true, ""seed"": 0, ""tau"": 16.0, ""valid_route"": true}"
classical_comparison,classical_comparison_random_symmetric_n8_seed2,random_symmetric,8,2,tn_n_layers_0,ok,"[7, 5, 3, 0, 6, 1, 4, 2]",285.94782630274256,255.78590472523751,0.11791862264617221,True,True,0.01396210000029896,256.3515625,256.3515625,0.0,16.0,0,,255.78590472523751,0.11791862264617221,True,"{""finite_edges"": true, ""instance_metadata"": {""complete"": true, ""high"": 100.0, ""instance_type"": ""random_symmetric"", ""low"": 1.0, ""n"": 8, ""seed"": 2, ""symmetric"": true}, ""n_layers"": 0, ""normalization_factor"": 89.19225380785386, ""normalize"": true, ""seed"": 0, ""tau"": 16.0, ""valid_route"": true}"
classical_comparison,classical_comparison_random_symmetric_n8_seed2,random_symmetric,8,2,held_karp,ok,"[7, 4, 2, 1, 6, 0, 3, 5]",255.78590472523751,255.78590472523751,0.0,True,True,0.000627500000064174,256.3515625,256.35546875,0.00390625,,,,255.78590472523751,0.0,True,"{""instance_metadata"": {""complete"": true, ""high"": 100.0, ""instance_type"": ""random_symmetric"", ""low"": 1.0, ""n"": 8, ""seed"": 2, ""symmetric"": true}, ""max_n"": 18, ""start"": 7}"
classical_comparison,classical_comparison_random_symmetric_n8_seed2,random_symmetric,8,2,bruteforce,ok,"[7, 4, 2, 1, 6, 0, 3, 5]",255.78590472523751,255.78590472523751,0.0,True,True,0.01617469999973764,256.35546875,256.35546875,0.0,,,,255.78590472523751,0.0,True,"{""instance_metadata"": {""complete"": true, ""high"": 100.0, ""instance_type"": ""random_symmetric"", ""low"": 1.0, ""n"": 8, ""seed"": 2, ""symmetric"": true}, ""max_n"": 10, ""permutations_checked"": 5040, ""start"": 7}"
classical_comparison,classical_comparison_random_symmetric_n8_seed2,random_symmetric,8,2,ortools,ok,"[7, 5, 3, 0, 6, 1, 2, 4]",255.78590472523754,255.78590472523751,1.1111522920285348e-16,True,True,0.0016517999997631705,256.35546875,256.35546875,0.0,,,5.0,255.78590472523751,1.1111522920285348e-16,True,"{""finite_edges"": true, ""infinity_penalty"": 713538032000, ""instance_metadata"": {""complete"": true, ""high"": 100.0, ""instance_type"": ""random_symmetric"", ""low"": 1.0, ""n"": 8, ""seed"": 2, ""symmetric"": true}, ""integer_scale"": 1000000, ""start"": 7, ""time_limit_s"": 5.0, ""valid_route"": true}"
classical_comparison,classical_comparison_random_symmetric_n8_seed2,random_symmetric,8,2,networkx_christofides,skipped_not_applicable,,,255.78590472523751,nan,,,0.00016039999991335208,256.35546875,256.35546875,0.0,,,,255.78590472523751,nan,True,"{""instance_metadata"": {""complete"": true, ""high"": 100.0, ""instance_type"": ""random_symmetric"", ""low"": 1.0, ""n"": 8, ""seed"": 2, ""symmetric"": true}, ""requires_metric_symmetric_complete"": true}"
classical_comparison,classical_comparison_random_symmetric_n8_seed2,random_symmetric,8,2,networkx_greedy,ok,"[7, 4, 2, 1, 6, 0, 3, 5]",255.78590472523751,255.78590472523751,0.0,True,True,0.00025539999978718697,256.35546875,256.35546875,0.0,,,,255.78590472523751,0.0,True,"{""finite_edges"": true, ""instance_metadata"": {""complete"": true, ""high"": 100.0, ""instance_type"": ""random_symmetric"", ""low"": 1.0, ""n"": 8, ""seed"": 2, ""symmetric"": true}, ""valid_route"": true}"
classical_comparison,classical_comparison_random_symmetric_n8_seed2,random_symmetric,8,2,python_tsp_dynamic_programming,skipped_missing_dependency,,,255.78590472523751,nan,,,0.0012679999999818392,256.35546875,256.35546875,0.0,,,,255.78590472523751,nan,True,"{""instance_metadata"": {""complete"": true, ""high"": 100.0, ""instance_type"": ""random_symmetric"", ""low"": 1.0, ""n"": 8, ""seed"": 2, ""symmetric"": true}}"
classical_comparison,classical_comparison_random_asymmetric_n8_seed2,random_asymmetric,8,2,tn_exact,ok,"[7, 4, 2, 3, 5, 6, 1, 0]",205.95624611089886,205.95624611089886,0.0,True,True,0.04930500000000393,256.35546875,256.359375,0.00390625,16.0,,,205.95624611089886,0.0,True,"{""finite_edges"": true, ""instance_metadata"": {""complete"": true, ""high"": 100.0, ""instance_type"": ""random_asymmetric"", ""low"": 1.0, ""n"": 8, ""seed"": 2, ""symmetric"": false}, ""n_layers"": null, ""normalization_factor"": 97.39419820081707, ""normalize"": true, ""seed"": 0, ""tau"": 16.0, ""valid_route"": true}"
classical_comparison,classical_comparison_random_asymmetric_n8_seed2,random_asymmetric,8,2,tn_n_layers_4,ok,"[7, 2, 4, 0, 6, 1, 3, 5]",218.899789256498,205.95624611089886,0.06284608206846796,True,True,0.029927199999747245,256.359375,256.44921875,0.08984375,16.0,4,,205.95624611089886,0.06284608206846796,True,"{""finite_edges"": true, ""instance_metadata"": {""complete"": true, ""high"": 100.0, ""instance_type"": ""random_asymmetric"", ""low"": 1.0, ""n"": 8, ""seed"": 2, ""symmetric"": false}, ""n_layers"": 4, ""normalization_factor"": 97.39419820081707, ""normalize"": true, ""seed"": 0, ""tau"": 16.0, ""valid_route"": true}"
classical_comparison,classical_comparison_random_asymmetric_n8_seed2,random_asymmetric,8,2,tn_n_layers_3,ok,"[7, 2, 3, 4, 5, 6, 1, 0]",224.47799196581082,205.95624611089886,0.08993048865795877,True,True,0.026673700000173994,256.44921875,256.44921875,0.0,16.0,3,,205.95624611089886,0.08993048865795877,True,"{""finite_edges"": true, ""instance_metadata"": {""complete"": true, ""high"": 100.0, ""instance_type"": ""random_asymmetric"", ""low"": 1.0, ""n"": 8, ""seed"": 2, ""symmetric"": false}, ""n_layers"": 3, ""normalization_factor"": 97.39419820081707, ""normalize"": true, ""seed"": 0, ""tau"": 16.0, ""valid_route"": true}"
classical_comparison,classical_comparison_random_asymmetric_n8_seed2,random_asymmetric,8,2,tn_n_layers_2,ok,"[7, 2, 3, 5, 6, 1, 4, 0]",248.37318800988203,205.95624611089886,0.20595122847667077,True,True,0.022487899999759975,256.44921875,256.53125,0.08203125,16.0,2,,205.95624611089886,0.20595122847667077,True,"{""finite_edges"": true, ""instance_metadata"": {""complete"": true, ""high"": 100.0, ""instance_type"": ""random_asymmetric"", ""low"": 1.0, ""n"": 8, ""seed"": 2, ""symmetric"": false}, ""n_layers"": 2, ""normalization_factor"": 97.39419820081707, ""normalize"": true, ""seed"": 0, ""tau"": 16.0, ""valid_route"": true}"
classical_comparison,classical_comparison_random_asymmetric_n8_seed2,random_asymmetric,8,2,tn_n_layers_0,ok,"[7, 3, 6, 0, 1, 4, 5, 2]",347.39838169525837,205.95624611089886,0.6867581743949577,True,True,0.013513899999907153,256.53125,256.53515625,0.00390625,16.0,0,,205.95624611089886,0.6867581743949577,True,"{""finite_edges"": true, ""instance_metadata"": {""complete"": true, ""high"": 100.0, ""instance_type"": ""random_asymmetric"", ""low"": 1.0, ""n"": 8, ""seed"": 2, ""symmetric"": false}, ""n_layers"": 0, ""normalization_factor"": 97.39419820081707, ""normalize"": true, ""seed"": 0, ""tau"": 16.0, ""valid_route"": true}"
classical_comparison,classical_comparison_random_asymmetric_n8_seed2,random_asymmetric,8,2,held_karp,ok,"[7, 4, 2, 3, 5, 6, 1, 0]",205.95624611089886,205.95624611089886,0.0,True,True,0.0005338999999366933,256.53515625,256.53515625,0.0,,,,205.95624611089886,0.0,True,"{""instance_metadata"": {""complete"": true, ""high"": 100.0, ""instance_type"": ""random_asymmetric"", ""low"": 1.0, ""n"": 8, ""seed"": 2, ""symmetric"": false}, ""max_n"": 18, ""start"": 7}"
classical_comparison,classical_comparison_random_asymmetric_n8_seed2,random_asymmetric,8,2,bruteforce,ok,"[7, 4, 2, 3, 5, 6, 1, 0]",205.95624611089886,205.95624611089886,0.0,True,True,0.016790399999990768,256.53515625,256.53515625,0.0,,,,205.95624611089886,0.0,True,"{""instance_metadata"": {""complete"": true, ""high"": 100.0, ""instance_type"": ""random_asymmetric"", ""low"": 1.0, ""n"": 8, ""seed"": 2, ""symmetric"": false}, ""max_n"": 10, ""permutations_checked"": 5040, ""start"": 7}"
classical_comparison,classical_comparison_random_asymmetric_n8_seed2,random_asymmetric,8,2,ortools,ok,"[7, 4, 2, 3, 5, 6, 1, 0]",205.95624611089886,205.95624611089886,0.0,True,True,0.0016697999999450985,256.53515625,256.53515625,0.0,,,5.0,205.95624611089886,0.0,True,"{""finite_edges"": true, ""infinity_penalty"": 779153584000, ""instance_metadata"": {""complete"": true, ""high"": 100.0, ""instance_type"": ""random_asymmetric"", ""low"": 1.0, ""n"": 8, ""seed"": 2, ""symmetric"": false}, ""integer_scale"": 1000000, ""start"": 7, ""time_limit_s"": 5.0, ""valid_route"": true}"
classical_comparison,classical_comparison_random_asymmetric_n8_seed2,random_asymmetric,8,2,networkx_christofides,skipped_not_applicable,,,205.95624611089886,nan,,,9.060000002136803e-05,256.53515625,256.53515625,0.0,,,,205.95624611089886,nan,True,"{""instance_metadata"": {""complete"": true, ""high"": 100.0, ""instance_type"": ""random_asymmetric"", ""low"": 1.0, ""n"": 8, ""seed"": 2, ""symmetric"": false}, ""requires_metric_symmetric_complete"": true}"
classical_comparison,classical_comparison_random_asymmetric_n8_seed2,random_asymmetric,8,2,networkx_greedy,ok,"[7, 4, 3, 5, 6, 1, 0, 2]",315.7964109447973,205.95624611089886,0.5333179590715306,True,True,0.0001480999999330379,256.53515625,256.54296875,0.0078125,,,,205.95624611089886,0.5333179590715306,True,"{""finite_edges"": true, ""instance_metadata"": {""complete"": true, ""high"": 100.0, ""instance_type"": ""random_asymmetric"", ""low"": 1.0, ""n"": 8, ""seed"": 2, ""symmetric"": false}, ""valid_route"": true}"
classical_comparison,classical_comparison_random_asymmetric_n8_seed2,random_asymmetric,8,2,python_tsp_dynamic_programming,skipped_missing_dependency,,,205.95624611089886,nan,,,0.0005716999999094696,256.54296875,256.54296875,0.0,,,,205.95624611089886,nan,True,"{""instance_metadata"": {""complete"": true, ""high"": 100.0, ""instance_type"": ""random_asymmetric"", ""low"": 1.0, ""n"": 8, ""seed"": 2, ""symmetric"": false}}"
classical_comparison,classical_comparison_euclidean_n8_seed3,euclidean,8,3,tn_exact,ok,"[7, 1, 4, 3, 0, 2, 5, 6]",2579.208113007827,2579.208113007827,0.0,True,True,0.03505169999971258,256.55078125,256.55859375,0.0078125,16.0,,,2579.208113007827,0.0,True,"{""finite_edges"": true, ""instance_metadata"": {""complete"": true, ""instance_type"": ""euclidean"", ""n"": 8, ""points"": [[85.64916714362437, 236.8105065960997], [801.2744652063969, 582.1620360643678], [94.12864224039919, 433.1269402364738], [479.05129814083404, 159.73891463707858], [734.5771514092145, 113.6720199214034], [391.22819049566203, 516.7401826213637], [430.6280204141778, 586.7985714381407], [737.8377872921602, 956.2672548360986]], ""scale"": 1000.0, ""seed"": 3, ""symmetric"": true}, ""n_layers"": null, ""normalization_factor"": 971.065398847742, ""normalize"": true, ""seed"": 0, ""tau"": 16.0, ""valid_route"": true}"
classical_comparison,classical_comparison_euclidean_n8_seed3,euclidean,8,3,tn_n_layers_4,ok,"[7, 6, 5, 2, 0, 3, 4, 1]",2579.208113007827,2579.208113007827,0.0,True,True,0.032294999999976426,256.55859375,256.66015625,0.1015625,16.0,4,,2579.208113007827,0.0,True,"{""finite_edges"": true, ""instance_metadata"": {""complete"": true, ""instance_type"": ""euclidean"", ""n"": 8, ""points"": [[85.64916714362437, 236.8105065960997], [801.2744652063969, 582.1620360643678], [94.12864224039919, 433.1269402364738], [479.05129814083404, 159.73891463707858], [734.5771514092145, 113.6720199214034], [391.22819049566203, 516.7401826213637], [430.6280204141778, 586.7985714381407], [737.8377872921602, 956.2672548360986]], ""scale"": 1000.0, ""seed"": 3, ""symmetric"": true}, ""n_layers"": 4, ""normalization_factor"": 971.065398847742, ""normalize"": true, ""seed"": 0, ""tau"": 16.0, ""valid_route"": true}"
classical_comparison,classical_comparison_euclidean_n8_seed3,euclidean,8,3,tn_n_layers_3,ok,"[7, 6, 5, 2, 0, 3, 4, 1]",2579.208113007827,2579.208113007827,0.0,True,True,0.028432099999918137,256.66015625,256.7734375,0.11328125,16.0,3,,2579.208113007827,0.0,True,"{""finite_edges"": true, ""instance_metadata"": {""complete"": true, ""instance_type"": ""euclidean"", ""n"": 8, ""points"": [[85.64916714362437, 236.8105065960997], [801.2744652063969, 582.1620360643678], [94.12864224039919, 433.1269402364738], [479.05129814083404, 159.73891463707858], [734.5771514092145, 113.6720199214034], [391.22819049566203, 516.7401826213637], [430.6280204141778, 586.7985714381407], [737.8377872921602, 956.2672548360986]], ""scale"": 1000.0, ""seed"": 3, ""symmetric"": true}, ""n_layers"": 3, ""normalization_factor"": 971.065398847742, ""normalize"": true, ""seed"": 0, ""tau"": 16.0, ""valid_route"": true}"
classical_comparison,classical_comparison_euclidean_n8_seed3,euclidean,8,3,tn_n_layers_2,ok,"[7, 6, 5, 2, 0, 3, 4, 1]",2579.208113007827,2579.208113007827,0.0,True,True,0.03351010000005772,256.7734375,256.77734375,0.00390625,16.0,2,,2579.208113007827,0.0,True,"{""finite_edges"": true, ""instance_metadata"": {""complete"": true, ""instance_type"": ""euclidean"", ""n"": 8, ""points"": [[85.64916714362437, 236.8105065960997], [801.2744652063969, 582.1620360643678], [94.12864224039919, 433.1269402364738], [479.05129814083404, 159.73891463707858], [734.5771514092145, 113.6720199214034], [391.22819049566203, 516.7401826213637], [430.6280204141778, 586.7985714381407], [737.8377872921602, 956.2672548360986]], ""scale"": 1000.0, ""seed"": 3, ""symmetric"": true}, ""n_layers"": 2, ""normalization_factor"": 971.065398847742, ""normalize"": true, ""seed"": 0, ""tau"": 16.0, ""valid_route"": true}"
classical_comparison,classical_comparison_euclidean_n8_seed3,euclidean,8,3,tn_n_layers_0,ok,"[7, 1, 6, 5, 2, 0, 3, 4]",2838.766277357857,2579.208113007827,0.10063482781439372,True,True,0.01375610000013694,256.77734375,256.78125,0.00390625,16.0,0,,2579.208113007827,0.10063482781439372,True,"{""finite_edges"": true, ""instance_metadata"": {""complete"": true, ""instance_type"": ""euclidean"", ""n"": 8, ""points"": [[85.64916714362437, 236.8105065960997], [801.2744652063969, 582.1620360643678], [94.12864224039919, 433.1269402364738], [479.05129814083404, 159.73891463707858], [734.5771514092145, 113.6720199214034], [391.22819049566203, 516.7401826213637], [430.6280204141778, 586.7985714381407], [737.8377872921602, 956.2672548360986]], ""scale"": 1000.0, ""seed"": 3, ""symmetric"": true}, ""n_layers"": 0, ""normalization_factor"": 971.065398847742, ""normalize"": true, ""seed"": 0, ""tau"": 16.0, ""valid_route"": true}"
classical_comparison,classical_comparison_euclidean_n8_seed3,euclidean,8,3,held_karp,ok,"[7, 6, 5, 2, 0, 3, 4, 1]",2579.208113007827,2579.208113007827,0.0,True,True,0.0005366000000321947,256.78125,256.78125,0.0,,,,2579.208113007827,0.0,True,"{""instance_metadata"": {""complete"": true, ""instance_type"": ""euclidean"", ""n"": 8, ""points"": [[85.64916714362437, 236.8105065960997], [801.2744652063969, 582.1620360643678], [94.12864224039919, 433.1269402364738], [479.05129814083404, 159.73891463707858], [734.5771514092145, 113.6720199214034], [391.22819049566203, 516.7401826213637], [430.6280204141778, 586.7985714381407], [737.8377872921602, 956.2672548360986]], ""scale"": 1000.0, ""seed"": 3, ""symmetric"": true}, ""max_n"": 18, ""start"": 7}"
classical_comparison,classical_comparison_euclidean_n8_seed3,euclidean,8,3,bruteforce,ok,"[7, 1, 4, 3, 0, 2, 5, 6]",2579.208113007827,2579.208113007827,0.0,True,True,0.018563300000096206,256.78125,256.78125,0.0,,,,2579.208113007827,0.0,True,"{""instance_metadata"": {""complete"": true, ""instance_type"": ""euclidean"", ""n"": 8, ""points"": [[85.64916714362437, 236.8105065960997], [801.2744652063969, 582.1620360643678], [94.12864224039919, 433.1269402364738], [479.05129814083404, 159.73891463707858], [734.5771514092145, 113.6720199214034], [391.22819049566203, 516.7401826213637], [430.6280204141778, 586.7985714381407], [737.8377872921602, 956.2672548360986]], ""scale"": 1000.0, ""seed"": 3, ""symmetric"": true}, ""max_n"": 10, ""permutations_checked"": 5040, ""start"": 7}"
classical_comparison,classical_comparison_euclidean_n8_seed3,euclidean,8,3,ortools,ok,"[7, 1, 4, 3, 0, 2, 5, 6]",2579.208113007827,2579.208113007827,0.0,True,True,0.001615100000435632,256.78125,256.78125,0.0,,,5.0,2579.208113007827,0.0,True,"{""finite_edges"": true, ""infinity_penalty"": 7768523192000, ""instance_metadata"": {""complete"": true, ""instance_type"": ""euclidean"", ""n"": 8, ""points"": [[85.64916714362437, 236.8105065960997], [801.2744652063969, 582.1620360643678], [94.12864224039919, 433.1269402364738], [479.05129814083404, 159.73891463707858], [734.5771514092145, 113.6720199214034], [391.22819049566203, 516.7401826213637], [430.6280204141778, 586.7985714381407], [737.8377872921602, 956.2672548360986]], ""scale"": 1000.0, ""seed"": 3, ""symmetric"": true}, ""integer_scale"": 1000000, ""start"": 7, ""time_limit_s"": 5.0, ""valid_route"": true}"
classical_comparison,classical_comparison_euclidean_n8_seed3,euclidean,8,3,networkx_christofides,ok,"[7, 1, 6, 2, 0, 4, 3, 5]",3164.0985074849464,2579.208113007827,0.2267713068702435,True,True,0.0007762000000184344,256.78125,256.80078125,0.01953125,,,,2579.208113007827,0.2267713068702435,True,"{""finite_edges"": true, ""instance_metadata"": {""complete"": true, ""instance_type"": ""euclidean"", ""n"": 8, ""points"": [[85.64916714362437, 236.8105065960997], [801.2744652063969, 582.1620360643678], [94.12864224039919, 433.1269402364738], [479.05129814083404, 159.73891463707858], [734.5771514092145, 113.6720199214034], [391.22819049566203, 516.7401826213637], [430.6280204141778, 586.7985714381407], [737.8377872921602, 956.2672548360986]], ""scale"": 1000.0, ""seed"": 3, ""symmetric"": true}, ""requires_metric_symmetric_complete"": true, ""valid_route"": true}"
classical_comparison,classical_comparison_euclidean_n8_seed3,euclidean,8,3,networkx_greedy,ok,"[7, 1, 6, 5, 2, 0, 3, 4]",2838.766277357857,2579.208113007827,0.10063482781439372,True,True,0.00013569999964602175,256.80078125,256.80078125,0.0,,,,2579.208113007827,0.10063482781439372,True,"{""finite_edges"": true, ""instance_metadata"": {""complete"": true, ""instance_type"": ""euclidean"", ""n"": 8, ""points"": [[85.64916714362437, 236.8105065960997], [801.2744652063969, 582.1620360643678], [94.12864224039919, 433.1269402364738], [479.05129814083404, 159.73891463707858], [734.5771514092145, 113.6720199214034], [391.22819049566203, 516.7401826213637], [430.6280204141778, 586.7985714381407], [737.8377872921602, 956.2672548360986]], ""scale"": 1000.0, ""seed"": 3, ""symmetric"": true}, ""valid_route"": true}"
classical_comparison,classical_comparison_euclidean_n8_seed3,euclidean,8,3,python_tsp_dynamic_programming,skipped_missing_dependency,,,2579.208113007827,nan,,,0.0006487999999080785,256.80078125,256.80078125,0.0,,,,2579.208113007827,nan,True,"{""instance_metadata"": {""complete"": true, ""instance_type"": ""euclidean"", ""n"": 8, ""points"": [[85.64916714362437, 236.8105065960997], [801.2744652063969, 582.1620360643678], [94.12864224039919, 433.1269402364738], [479.05129814083404, 159.73891463707858], [734.5771514092145, 113.6720199214034], [391.22819049566203, 516.7401826213637], [430.6280204141778, 586.7985714381407], [737.8377872921602, 956.2672548360986]], ""scale"": 1000.0, ""seed"": 3, ""symmetric"": true}}"
classical_comparison,classical_comparison_random_symmetric_n8_seed3,random_symmetric,8,3,tn_exact,ok,"[7, 3, 6, 2, 4, 0, 1, 5]",285.9169685033527,285.9169685033527,0.0,True,True,0.03641310000011799,256.8046875,256.80859375,0.00390625,16.0,,,285.9169685033527,0.0,True,"{""finite_edges"": true, ""instance_metadata"": {""complete"": true, ""high"": 100.0, ""instance_type"": ""random_symmetric"", ""low"": 1.0, ""n"": 8, ""seed"": 3, ""symmetric"": true}, ""n_layers"": null, ""normalization_factor"": 82.98482954002478, ""normalize"": true, ""seed"": 0, ""tau"": 16.0, ""valid_route"": true}"
classical_comparison,classical_comparison_random_symmetric_n8_seed3,random_symmetric,8,3,tn_n_layers_4,ok,"[7, 3, 2, 4, 0, 1, 6, 5]",311.81239863679053,285.9169685033527,0.09056975620925486,True,True,0.029954799999813986,256.80859375,256.8828125,0.07421875,16.0,4,,285.9169685033527,0.09056975620925486,True,"{""finite_edges"": true, ""instance_metadata"": {""complete"": true, ""high"": 100.0, ""instance_type"": ""random_symmetric"", ""low"": 1.0, ""n"": 8, ""seed"": 3, ""symmetric"": true}, ""n_layers"": 4, ""normalization_factor"": 82.98482954002478, ""normalize"": true, ""seed"": 0, ""tau"": 16.0, ""valid_route"": true}"
classical_comparison,classical_comparison_random_symmetric_n8_seed3,random_symmetric,8,3,tn_n_layers_3,ok,"[7, 5, 0, 1, 6, 3, 2, 4]",310.32817675503895,285.9169685033527,0.08537866213211487,True,True,0.026661500000045635,256.8828125,257.01953125,0.13671875,16.0,3,,285.9169685033527,0.08537866213211487,True,"{""finite_edges"": true, ""instance_metadata"": {""complete"": true, ""high"": 100.0, ""instance_type"": ""random_symmetric"", ""low"": 1.0, ""n"": 8, ""seed"": 3, ""symmetric"": true}, ""n_layers"": 3, ""normalization_factor"": 82.98482954002478, ""normalize"": true, ""seed"": 0, ""tau"": 16.0, ""valid_route"": true}"
classical_comparison,classical_comparison_random_symmetric_n8_seed3,random_symmetric,8,3,tn_n_layers_2,ok,"[7, 5, 0, 1, 2, 4, 3, 6]",331.76221634513115,285.9169685033527,0.1603446206140119,True,True,0.026474899999811896,257.01953125,257.02734375,0.0078125,16.0,2,,285.9169685033527,0.1603446206140119,True,"{""finite_edges"": true, ""instance_metadata"": {""complete"": true, ""high"": 100.0, ""instance_type"": ""random_symmetric"", ""low"": 1.0, ""n"": 8, ""seed"": 3, ""symmetric"": true}, ""n_layers"": 2, ""normalization_factor"": 82.98482954002478, ""normalize"": true, ""seed"": 0, ""tau"": 16.0, ""valid_route"": true}"
classical_comparison,classical_comparison_random_symmetric_n8_seed3,random_symmetric,8,3,tn_n_layers_0,ok,"[7, 3, 4, 2, 6, 5, 0, 1]",339.426176245007,285.9169685033527,0.1871494651812765,True,True,0.018642600000021048,257.02734375,257.0625,0.03515625,16.0,0,,285.9169685033527,0.1871494651812765,True,"{""finite_edges"": true, ""instance_metadata"": {""complete"": true, ""high"": 100.0, ""instance_type"": ""random_symmetric"", ""low"": 1.0, ""n"": 8, ""seed"": 3, ""symmetric"": true}, ""n_layers"": 0, ""normalization_factor"": 82.98482954002478, ""normalize"": true, ""seed"": 0, ""tau"": 16.0, ""valid_route"": true}"
classical_comparison,classical_comparison_random_symmetric_n8_seed3,random_symmetric,8,3,held_karp,ok,"[7, 5, 1, 0, 4, 2, 6, 3]",285.9169685033527,285.9169685033527,0.0,True,True,0.000563700000384415,257.0625,257.0625,0.0,,,,285.9169685033527,0.0,True,"{""instance_metadata"": {""complete"": true, ""high"": 100.0, ""instance_type"": ""random_symmetric"", ""low"": 1.0, ""n"": 8, ""seed"": 3, ""symmetric"": true}, ""max_n"": 18, ""start"": 7}"
classical_comparison,classical_comparison_random_symmetric_n8_seed3,random_symmetric,8,3,bruteforce,ok,"[7, 3, 6, 2, 4, 0, 1, 5]",285.9169685033527,285.9169685033527,0.0,True,True,0.01758139999992636,257.0625,257.0625,0.0,,,,285.9169685033527,0.0,True,"{""instance_metadata"": {""complete"": true, ""high"": 100.0, ""instance_type"": ""random_symmetric"", ""low"": 1.0, ""n"": 8, ""seed"": 3, ""symmetric"": true}, ""max_n"": 10, ""permutations_checked"": 5040, ""start"": 7}"
classical_comparison,classical_comparison_random_symmetric_n8_seed3,random_symmetric,8,3,ortools,ok,"[7, 3, 6, 2, 4, 0, 1, 5]",285.9169685033527,285.9169685033527,0.0,True,True,0.0013834000001224922,257.0625,257.0625,0.0,,,5.0,285.9169685033527,0.0,True,"{""finite_edges"": true, ""infinity_penalty"": 663878640000, ""instance_metadata"": {""complete"": true, ""high"": 100.0, ""instance_type"": ""random_symmetric"", ""low"": 1.0, ""n"": 8, ""seed"": 3, ""symmetric"": true}, ""integer_scale"": 1000000, ""start"": 7, ""time_limit_s"": 5.0, ""valid_route"": true}"
classical_comparison,classical_comparison_random_symmetric_n8_seed3,random_symmetric,8,3,networkx_christofides,skipped_not_applicable,,,285.9169685033527,nan,,,9.780000027603819e-05,257.0625,257.0625,0.0,,,,285.9169685033527,nan,True,"{""instance_metadata"": {""complete"": true, ""high"": 100.0, ""instance_type"": ""random_symmetric"", ""low"": 1.0, ""n"": 8, ""seed"": 3, ""symmetric"": true}, ""requires_metric_symmetric_complete"": true}"
classical_comparison,classical_comparison_random_symmetric_n8_seed3,random_symmetric,8,3,networkx_greedy,ok,"[7, 3, 6, 2, 4, 0, 1, 5]",285.9169685033527,285.9169685033527,0.0,True,True,0.00013059999992037774,257.0625,257.0625,0.0,,,,285.9169685033527,0.0,True,"{""finite_edges"": true, ""instance_metadata"": {""complete"": true, ""high"": 100.0, ""instance_type"": ""random_symmetric"", ""low"": 1.0, ""n"": 8, ""seed"": 3, ""symmetric"": true}, ""valid_route"": true}"
classical_comparison,classical_comparison_random_symmetric_n8_seed3,random_symmetric,8,3,python_tsp_dynamic_programming,skipped_missing_dependency,,,285.9169685033527,nan,,,0.000541499999599182,257.0625,257.0625,0.0,,,,285.9169685033527,nan,True,"{""instance_metadata"": {""complete"": true, ""high"": 100.0, ""instance_type"": ""random_symmetric"", ""low"": 1.0, ""n"": 8, ""seed"": 3, ""symmetric"": true}}"
classical_comparison,classical_comparison_random_asymmetric_n8_seed3,random_asymmetric,8,3,tn_exact,ok,"[7, 3, 4, 2, 0, 1, 6, 5]",214.6451166951947,214.6451166951947,0.0,True,True,0.03571060000012949,257.0625,257.08203125,0.01953125,16.0,,,214.6451166951947,0.0,True,"{""finite_edges"": true, ""instance_metadata"": {""complete"": true, ""high"": 100.0, ""instance_type"": ""random_asymmetric"", ""low"": 1.0, ""n"": 8, ""seed"": 3, ""symmetric"": false}, ""n_layers"": null, ""normalization_factor"": 97.37256720187486, ""normalize"": true, ""seed"": 0, ""tau"": 16.0, ""valid_route"": true}"
classical_comparison,classical_comparison_random_asymmetric_n8_seed3,random_asymmetric,8,3,tn_n_layers_4,ok,"[7, 3, 4, 2, 0, 1, 6, 5]",214.6451166951947,214.6451166951947,0.0,True,True,0.029887199999848235,257.08203125,257.12109375,0.0390625,16.0,4,,214.6451166951947,0.0,True,"{""finite_edges"": true, ""instance_metadata"": {""complete"": true, ""high"": 100.0, ""instance_type"": ""random_asymmetric"", ""low"": 1.0, ""n"": 8, ""seed"": 3, ""symmetric"": false}, ""n_layers"": 4, ""normalization_factor"": 97.37256720187486, ""normalize"": true, ""seed"": 0, ""tau"": 16.0, ""valid_route"": true}"
classical_comparison,classical_comparison_random_asymmetric_n8_seed3,random_asymmetric,8,3,tn_n_layers_3,ok,"[7, 3, 4, 2, 0, 1, 6, 5]",214.6451166951947,214.6451166951947,0.0,True,True,0.027159100000062608,257.12109375,257.1484375,0.02734375,16.0,3,,214.6451166951947,0.0,True,"{""finite_edges"": true, ""instance_metadata"": {""complete"": true, ""high"": 100.0, ""instance_type"": ""random_asymmetric"", ""low"": 1.0, ""n"": 8, ""seed"": 3, ""symmetric"": false}, ""n_layers"": 3, ""normalization_factor"": 97.37256720187486, ""normalize"": true, ""seed"": 0, ""tau"": 16.0, ""valid_route"": true}"
classical_comparison,classical_comparison_random_asymmetric_n8_seed3,random_asymmetric,8,3,tn_n_layers_2,ok,"[7, 4, 2, 0, 1, 3, 6, 5]",225.18352039459603,214.6451166951947,0.04909687143903821,True,True,0.023681000000124186,257.1484375,257.25,0.1015625,16.0,2,,214.6451166951947,0.04909687143903821,True,"{""finite_edges"": true, ""instance_metadata"": {""complete"": true, ""high"": 100.0, ""instance_type"": ""random_asymmetric"", ""low"": 1.0, ""n"": 8, ""seed"": 3, ""symmetric"": false}, ""n_layers"": 2, ""normalization_factor"": 97.37256720187486, ""normalize"": true, ""seed"": 0, ""tau"": 16.0, ""valid_route"": true}"
classical_comparison,classical_comparison_random_asymmetric_n8_seed3,random_asymmetric,8,3,tn_n_layers_0,ok,"[7, 3, 4, 2, 0, 5, 6, 1]",342.63774987191937,214.6451166951947,0.5962988357125297,True,True,0.013089699999909499,257.25,257.25390625,0.00390625,16.0,0,,214.6451166951947,0.5962988357125297,True,"{""finite_edges"": true, ""instance_metadata"": {""complete"": true, ""high"": 100.0, ""instance_type"": ""random_asymmetric"", ""low"": 1.0, ""n"": 8, ""seed"": 3, ""symmetric"": false}, ""n_layers"": 0, ""normalization_factor"": 97.37256720187486, ""normalize"": true, ""seed"": 0, ""tau"": 16.0, ""valid_route"": true}"
classical_comparison,classical_comparison_random_asymmetric_n8_seed3,random_asymmetric,8,3,held_karp,ok,"[7, 3, 4, 2, 0, 1, 6, 5]",214.6451166951947,214.6451166951947,0.0,True,True,0.0005456999997477396,257.25390625,257.25390625,0.0,,,,214.6451166951947,0.0,True,"{""instance_metadata"": {""complete"": true, ""high"": 100.0, ""instance_type"": ""random_asymmetric"", ""low"": 1.0, ""n"": 8, ""seed"": 3, ""symmetric"": false}, ""max_n"": 18, ""start"": 7}"
classical_comparison,classical_comparison_random_asymmetric_n8_seed3,random_asymmetric,8,3,bruteforce,ok,"[7, 3, 4, 2, 0, 1, 6, 5]",214.6451166951947,214.6451166951947,0.0,True,True,0.015787700000146287,257.25390625,257.25390625,0.0,,,,214.6451166951947,0.0,True,"{""instance_metadata"": {""complete"": true, ""high"": 100.0, ""instance_type"": ""random_asymmetric"", ""low"": 1.0, ""n"": 8, ""seed"": 3, ""symmetric"": false}, ""max_n"": 10, ""permutations_checked"": 5040, ""start"": 7}"
classical_comparison,classical_comparison_random_asymmetric_n8_seed3,random_asymmetric,8,3,ortools,ok,"[7, 3, 4, 2, 0, 1, 6, 5]",214.6451166951947,214.6451166951947,0.0,True,True,0.0015590000002703164,257.25390625,257.25390625,0.0,,,5.0,214.6451166951947,0.0,True,"{""finite_edges"": true, ""infinity_penalty"": 778980536000, ""instance_metadata"": {""complete"": true, ""high"": 100.0, ""instance_type"": ""random_asymmetric"", ""low"": 1.0, ""n"": 8, ""seed"": 3, ""symmetric"": false}, ""integer_scale"": 1000000, ""start"": 7, ""time_limit_s"": 5.0, ""valid_route"": true}"
classical_comparison,classical_comparison_random_asymmetric_n8_seed3,random_asymmetric,8,3,networkx_christofides,skipped_not_applicable,,,214.6451166951947,nan,,,8.460000026389025e-05,257.25390625,257.25390625,0.0,,,,214.6451166951947,nan,True,"{""instance_metadata"": {""complete"": true, ""high"": 100.0, ""instance_type"": ""random_asymmetric"", ""low"": 1.0, ""n"": 8, ""seed"": 3, ""symmetric"": false}, ""requires_metric_symmetric_complete"": true}"
classical_comparison,classical_comparison_random_asymmetric_n8_seed3,random_asymmetric,8,3,networkx_greedy,ok,"[7, 4, 2, 0, 1, 3, 6, 5]",225.18352039459603,214.6451166951947,0.04909687143903821,True,True,0.00014630000032411772,257.25390625,257.25390625,0.0,,,,214.6451166951947,0.04909687143903821,True,"{""finite_edges"": true, ""instance_metadata"": {""complete"": true, ""high"": 100.0, ""instance_type"": ""random_asymmetric"", ""low"": 1.0, ""n"": 8, ""seed"": 3, ""symmetric"": false}, ""valid_route"": true}"
classical_comparison,classical_comparison_random_asymmetric_n8_seed3,random_asymmetric,8,3,python_tsp_dynamic_programming,skipped_missing_dependency,,,214.6451166951947,nan,,,0.0006266000000323402,257.25390625,257.25390625,0.0,,,,214.6451166951947,nan,True,"{""instance_metadata"": {""complete"": true, ""high"": 100.0, ""instance_type"": ""random_asymmetric"", ""low"": 1.0, ""n"": 8, ""seed"": 3, ""symmetric"": false}}"
classical_comparison,classical_comparison_euclidean_n8_seed4,euclidean,8,4,tn_exact,ok,"[7, 1, 3, 2, 6, 4, 0, 5]",1987.6067512679601,1987.6067512679601,0.0,True,True,0.03515480000032767,257.26171875,257.26953125,0.0078125,16.0,,,1987.6067512679601,0.0,True,"{""finite_edges"": true, ""instance_metadata"": {""complete"": true, ""instance_type"": ""euclidean"", ""n"": 8, ""points"": [[943.0561055723676, 511.3275528143616], [976.2437057077042, 80.83602389560218], [607.3558319950296, 376.48658437727255], [801.9012069858072, 174.52781614402846], [871.6352741876564, 543.9414007634982], [902.2150797159884, 477.1535238392063], [430.4962777294131, 788.9467175443294], [984.1529999311214, 369.72579265242877]], ""scale"": 1000.0, ""seed"": 4, ""symmetric"": true}, ""n_layers"": null, ""normalization_factor"": 894.0139873651874, ""normalize"": true, ""seed"": 0, ""tau"": 16.0, ""valid_route"": true}"
classical_comparison,classical_comparison_euclidean_n8_seed4,euclidean,8,4,tn_n_layers_4,ok,"[7, 3, 1, 2, 6, 4, 0, 5]",2157.9878642352883,1987.6067512679601,0.08572174191833289,True,True,0.029956200000015087,257.26953125,257.3671875,0.09765625,16.0,4,,1987.6067512679601,0.08572174191833289,True,"{""finite_edges"": true, ""instance_metadata"": {""complete"": true, ""instance_type"": ""euclidean"", ""n"": 8, ""points"": [[943.0561055723676, 511.3275528143616], [976.2437057077042, 80.83602389560218], [607.3558319950296, 376.48658437727255], [801.9012069858072, 174.52781614402846], [871.6352741876564, 543.9414007634982], [902.2150797159884, 477.1535238392063], [430.4962777294131, 788.9467175443294], [984.1529999311214, 369.72579265242877]], ""scale"": 1000.0, ""seed"": 4, ""symmetric"": true}, ""n_layers"": 4, ""normalization_factor"": 894.0139873651874, ""normalize"": true, ""seed"": 0, ""tau"": 16.0, ""valid_route"": true}"
classical_comparison,classical_comparison_euclidean_n8_seed4,euclidean,8,4,tn_n_layers_3,ok,"[7, 3, 2, 1, 6, 4, 0, 5]",2685.7196793234375,1987.6067512679601,0.35123292251353444,True,True,0.027077700000063487,257.3671875,257.37109375,0.00390625,16.0,3,,1987.6067512679601,0.35123292251353444,True,"{""finite_edges"": true, ""instance_metadata"": {""complete"": true, ""instance_type"": ""euclidean"", ""n"": 8, ""points"": [[943.0561055723676, 511.3275528143616], [976.2437057077042, 80.83602389560218], [607.3558319950296, 376.48658437727255], [801.9012069858072, 174.52781614402846], [871.6352741876564, 543.9414007634982], [902.2150797159884, 477.1535238392063], [430.4962777294131, 788.9467175443294], [984.1529999311214, 369.72579265242877]], ""scale"": 1000.0, ""seed"": 4, ""symmetric"": true}, ""n_layers"": 3, ""normalization_factor"": 894.0139873651874, ""normalize"": true, ""seed"": 0, ""tau"": 16.0, ""valid_route"": true}"
classical_comparison,classical_comparison_euclidean_n8_seed4,euclidean,8,4,tn_n_layers_2,ok,"[7, 0, 5, 4, 2, 6, 3, 1]",2240.668752532321,1987.6067512679601,0.1273199545649179,True,True,0.023276999999779946,257.37109375,257.48046875,0.109375,16.0,2,,1987.6067512679601,0.1273199545649179,True,"{""finite_edges"": true, ""instance_metadata"": {""complete"": true, ""instance_type"": ""euclidean"", ""n"": 8, ""points"": [[943.0561055723676, 511.3275528143616], [976.2437057077042, 80.83602389560218], [607.3558319950296, 376.48658437727255], [801.9012069858072, 174.52781614402846], [871.6352741876564, 543.9414007634982], [902.2150797159884, 477.1535238392063], [430.4962777294131, 788.9467175443294], [984.1529999311214, 369.72579265242877]], ""scale"": 1000.0, ""seed"": 4, ""symmetric"": true}, ""n_layers"": 2, ""normalization_factor"": 894.0139873651874, ""normalize"": true, ""seed"": 0, ""tau"": 16.0, ""valid_route"": true}"
classical_comparison,classical_comparison_euclidean_n8_seed4,euclidean,8,4,tn_n_layers_0,ok,"[7, 5, 0, 4, 3, 1, 2, 6]",2456.7266939000306,1987.6067512679601,0.2360225141783219,True,True,0.014053100000182894,257.48046875,257.49609375,0.015625,16.0,0,,1987.6067512679601,0.2360225141783219,True,"{""finite_edges"": true, ""instance_metadata"": {""complete"": true, ""instance_type"": ""euclidean"", ""n"": 8, ""points"": [[943.0561055723676, 511.3275528143616], [976.2437057077042, 80.83602389560218], [607.3558319950296, 376.48658437727255], [801.9012069858072, 174.52781614402846], [871.6352741876564, 543.9414007634982], [902.2150797159884, 477.1535238392063], [430.4962777294131, 788.9467175443294], [984.1529999311214, 369.72579265242877]], ""scale"": 1000.0, ""seed"": 4, ""symmetric"": true}, ""n_layers"": 0, ""normalization_factor"": 894.0139873651874, ""normalize"": true, ""seed"": 0, ""tau"": 16.0, ""valid_route"": true}"
classical_comparison,classical_comparison_euclidean_n8_seed4,euclidean,8,4,held_karp,ok,"[7, 1, 3, 2, 6, 4, 0, 5]",1987.6067512679601,1987.6067512679601,0.0,True,True,0.0005518000002666668,257.49609375,257.49609375,0.0,,,,1987.6067512679601,0.0,True,"{""instance_metadata"": {""complete"": true, ""instance_type"": ""euclidean"", ""n"": 8, ""points"": [[943.0561055723676, 511.3275528143616], [976.2437057077042, 80.83602389560218], [607.3558319950296, 376.48658437727255], [801.9012069858072, 174.52781614402846], [871.6352741876564, 543.9414007634982], [902.2150797159884, 477.1535238392063], [430.4962777294131, 788.9467175443294], [984.1529999311214, 369.72579265242877]], ""scale"": 1000.0, ""seed"": 4, ""symmetric"": true}, ""max_n"": 18, ""start"": 7}"
classical_comparison,classical_comparison_euclidean_n8_seed4,euclidean,8,4,bruteforce,ok,"[7, 1, 3, 2, 6, 4, 0, 5]",1987.6067512679601,1987.6067512679601,0.0,True,True,0.017271100000016304,257.49609375,257.49609375,0.0,,,,1987.6067512679601,0.0,True,"{""instance_metadata"": {""complete"": true, ""instance_type"": ""euclidean"", ""n"": 8, ""points"": [[943.0561055723676, 511.3275528143616], [976.2437057077042, 80.83602389560218], [607.3558319950296, 376.48658437727255], [801.9012069858072, 174.52781614402846], [871.6352741876564, 543.9414007634982], [902.2150797159884, 477.1535238392063], [430.4962777294131, 788.9467175443294], [984.1529999311214, 369.72579265242877]], ""scale"": 1000.0, ""seed"": 4, ""symmetric"": true}, ""max_n"": 10, ""permutations_checked"": 5040, ""start"": 7}"
classical_comparison,classical_comparison_euclidean_n8_seed4,euclidean,8,4,ortools,ok,"[7, 5, 0, 4, 6, 2, 3, 1]",1987.6067512679604,1987.6067512679601,1.143957049341792e-16,True,True,0.0015494999997827108,257.49609375,257.49609375,0.0,,,5.0,1987.6067512679601,1.143957049341792e-16,True,"{""finite_edges"": true, ""infinity_penalty"": 7152111896000, ""instance_metadata"": {""complete"": true, ""instance_type"": ""euclidean"", ""n"": 8, ""points"": [[943.0561055723676, 511.3275528143616], [976.2437057077042, 80.83602389560218], [607.3558319950296, 376.48658437727255], [801.9012069858072, 174.52781614402846], [871.6352741876564, 543.9414007634982], [902.2150797159884, 477.1535238392063], [430.4962777294131, 788.9467175443294], [984.1529999311214, 369.72579265242877]], ""scale"": 1000.0, ""seed"": 4, ""symmetric"": true}, ""integer_scale"": 1000000, ""start"": 7, ""time_limit_s"": 5.0, ""valid_route"": true}"
classical_comparison,classical_comparison_euclidean_n8_seed4,euclidean,8,4,networkx_christofides,ok,"[7, 3, 1, 2, 6, 4, 0, 5]",2157.9878642352883,1987.6067512679601,0.08572174191833289,True,True,0.0008314000001519162,257.49609375,257.51953125,0.0234375,,,,1987.6067512679601,0.08572174191833289,True,"{""finite_edges"": true, ""instance_metadata"": {""complete"": true, ""instance_type"": ""euclidean"", ""n"": 8, ""points"": [[943.0561055723676, 511.3275528143616], [976.2437057077042, 80.83602389560218], [607.3558319950296, 376.48658437727255], [801.9012069858072, 174.52781614402846], [871.6352741876564, 543.9414007634982], [902.2150797159884, 477.1535238392063], [430.4962777294131, 788.9467175443294], [984.1529999311214, 369.72579265242877]], ""scale"": 1000.0, ""seed"": 4, ""symmetric"": true}, ""requires_metric_symmetric_complete"": true, ""valid_route"": true}"
classical_comparison,classical_comparison_euclidean_n8_seed4,euclidean,8,4,networkx_greedy,ok,"[7, 5, 0, 4, 2, 3, 1, 6]",2646.5642652048505,1987.6067512679601,0.33153314332250056,True,True,0.0001262999999198655,257.51953125,257.5234375,0.00390625,,,,1987.6067512679601,0.33153314332250056,True,"{""finite_edges"": true, ""instance_metadata"": {""complete"": true, ""instance_type"": ""euclidean"", ""n"": 8, ""points"": [[943.0561055723676, 511.3275528143616], [976.2437057077042, 80.83602389560218], [607.3558319950296, 376.48658437727255], [801.9012069858072, 174.52781614402846], [871.6352741876564, 543.9414007634982], [902.2150797159884, 477.1535238392063], [430.4962777294131, 788.9467175443294], [984.1529999311214, 369.72579265242877]], ""scale"": 1000.0, ""seed"": 4, ""symmetric"": true}, ""valid_route"": true}"
classical_comparison,classical_comparison_euclidean_n8_seed4,euclidean,8,4,python_tsp_dynamic_programming,skipped_missing_dependency,,,1987.6067512679601,nan,,,0.0005826999999953841,257.5234375,257.5234375,0.0,,,,1987.6067512679601,nan,True,"{""instance_metadata"": {""complete"": true, ""instance_type"": ""euclidean"", ""n"": 8, ""points"": [[943.0561055723676, 511.3275528143616], [976.2437057077042, 80.83602389560218], [607.3558319950296, 376.48658437727255], [801.9012069858072, 174.52781614402846], [871.6352741876564, 543.9414007634982], [902.2150797159884, 477.1535238392063], [430.4962777294131, 788.9467175443294], [984.1529999311214, 369.72579265242877]], ""scale"": 1000.0, ""seed"": 4, ""symmetric"": true}}"
classical_comparison,classical_comparison_random_symmetric_n8_seed4,random_symmetric,8,4,tn_exact,ok,"[7, 1, 4, 2, 5, 6, 3, 0]",319.280983276246,319.280983276246,0.0,True,True,0.03461990000005244,257.5234375,257.546875,0.0234375,16.0,,,319.280983276246,0.0,True,"{""finite_edges"": true, ""instance_metadata"": {""complete"": true, ""high"": 100.0, ""instance_type"": ""random_symmetric"", ""low"": 1.0, ""n"": 8, ""seed"": 4, ""symmetric"": true}, ""n_layers"": null, ""normalization_factor"": 97.28624046368498, ""normalize"": true, ""seed"": 0, ""tau"": 16.0, ""valid_route"": true}"
classical_comparison,classical_comparison_random_symmetric_n8_seed4,random_symmetric,8,4,tn_n_layers_4,ok,"[7, 0, 3, 6, 5, 2, 4, 1]",319.28098327624605,319.280983276246,1.7803571724666847e-16,True,True,0.03076520000013261,257.546875,257.671875,0.125,16.0,4,,319.280983276246,1.7803571724666847e-16,True,"{""finite_edges"": true, ""instance_metadata"": {""complete"": true, ""high"": 100.0, ""instance_type"": ""random_symmetric"", ""low"": 1.0, ""n"": 8, ""seed"": 4, ""symmetric"": true}, ""n_layers"": 4, ""normalization_factor"": 97.28624046368498, ""normalize"": true, ""seed"": 0, ""tau"": 16.0, ""valid_route"": true}"
classical_comparison,classical_comparison_random_symmetric_n8_seed4,random_symmetric,8,4,tn_n_layers_3,ok,"[7, 2, 4, 5, 6, 3, 0, 1]",360.34906828044655,319.280983276246,0.12862678065817632,True,True,0.026426200000059907,257.671875,257.7578125,0.0859375,16.0,3,,319.280983276246,0.12862678065817632,True,"{""finite_edges"": true, ""instance_metadata"": {""complete"": true, ""high"": 100.0, ""instance_type"": ""random_symmetric"", ""low"": 1.0, ""n"": 8, ""seed"": 4, ""symmetric"": true}, ""n_layers"": 3, ""normalization_factor"": 97.28624046368498, ""normalize"": true, ""seed"": 0, ""tau"": 16.0, ""valid_route"": true}"
classical_comparison,classical_comparison_random_symmetric_n8_seed4,random_symmetric,8,4,tn_n_layers_2,ok,"[7, 2, 5, 4, 6, 3, 0, 1]",399.6257169147109,319.280983276246,0.2516427154978711,True,True,0.02268469999989975,257.7578125,257.7578125,0.0,16.0,2,,319.280983276246,0.2516427154978711,True,"{""finite_edges"": true, ""instance_metadata"": {""complete"": true, ""high"": 100.0, ""instance_type"": ""random_symmetric"", ""low"": 1.0, ""n"": 8, ""seed"": 4, ""symmetric"": true}, ""n_layers"": 2, ""normalization_factor"": 97.28624046368498, ""normalize"": true, ""seed"": 0, ""tau"": 16.0, ""valid_route"": true}"
classical_comparison,classical_comparison_random_symmetric_n8_seed4,random_symmetric,8,4,tn_n_layers_0,ok,"[7, 0, 3, 1, 4, 2, 6, 5]",412.29017765912477,319.280983276246,0.2913082809645635,True,True,0.013420899999800895,257.7578125,257.76171875,0.00390625,16.0,0,,319.280983276246,0.2913082809645635,True,"{""finite_edges"": true, ""instance_metadata"": {""complete"": true, ""high"": 100.0, ""instance_type"": ""random_symmetric"", ""low"": 1.0, ""n"": 8, ""seed"": 4, ""symmetric"": true}, ""n_layers"": 0, ""normalization_factor"": 97.28624046368498, ""normalize"": true, ""seed"": 0, ""tau"": 16.0, ""valid_route"": true}"
classical_comparison,classical_comparison_random_symmetric_n8_seed4,random_symmetric,8,4,held_karp,ok,"[7, 1, 4, 2, 5, 6, 3, 0]",319.280983276246,319.280983276246,0.0,True,True,0.0005489000000125088,257.76171875,257.765625,0.00390625,,,,319.280983276246,0.0,True,"{""instance_metadata"": {""complete"": true, ""high"": 100.0, ""instance_type"": ""random_symmetric"", ""low"": 1.0, ""n"": 8, ""seed"": 4, ""symmetric"": true}, ""max_n"": 18, ""start"": 7}"
classical_comparison,classical_comparison_random_symmetric_n8_seed4,random_symmetric,8,4,bruteforce,ok,"[7, 1, 4, 2, 5, 6, 3, 0]",319.280983276246,319.280983276246,0.0,True,True,0.016966600000159815,257.765625,257.765625,0.0,,,,319.280983276246,0.0,True,"{""instance_metadata"": {""complete"": true, ""high"": 100.0, ""instance_type"": ""random_symmetric"", ""low"": 1.0, ""n"": 8, ""seed"": 4, ""symmetric"": true}, ""max_n"": 10, ""permutations_checked"": 5040, ""start"": 7}"
classical_comparison,classical_comparison_random_symmetric_n8_seed4,random_symmetric,8,4,ortools,ok,"[7, 0, 3, 6, 5, 2, 4, 1]",319.28098327624605,319.280983276246,1.7803571724666847e-16,True,True,0.001512299999831157,257.765625,257.9453125,0.1796875,,,5.0,319.280983276246,1.7803571724666847e-16,True,"{""finite_edges"": true, ""infinity_penalty"": 778289920000, ""instance_metadata"": {""complete"": true, ""high"": 100.0, ""instance_type"": ""random_symmetric"", ""low"": 1.0, ""n"": 8, ""seed"": 4, ""symmetric"": true}, ""integer_scale"": 1000000, ""start"": 7, ""time_limit_s"": 5.0, ""valid_route"": true}"
classical_comparison,classical_comparison_random_symmetric_n8_seed4,random_symmetric,8,4,networkx_christofides,skipped_not_applicable,,,319.280983276246,nan,,,9.4600000011269e-05,257.9453125,257.9453125,0.0,,,,319.280983276246,nan,True,"{""instance_metadata"": {""complete"": true, ""high"": 100.0, ""instance_type"": ""random_symmetric"", ""low"": 1.0, ""n"": 8, ""seed"": 4, ""symmetric"": true}, ""requires_metric_symmetric_complete"": true}"
classical_comparison,classical_comparison_random_symmetric_n8_seed4,random_symmetric,8,4,networkx_greedy,ok,"[7, 0, 3, 6, 5, 4, 2, 1]",355.05726318910365,319.280983276246,0.11205264887919605,True,True,0.00012060000017299899,257.94921875,257.94921875,0.0,,,,319.280983276246,0.11205264887919605,True,"{""finite_edges"": true, ""instance_metadata"": {""complete"": true, ""high"": 100.0, ""instance_type"": ""random_symmetric"", ""low"": 1.0, ""n"": 8, ""seed"": 4, ""symmetric"": true}, ""valid_route"": true}"
classical_comparison,classical_comparison_random_symmetric_n8_seed4,random_symmetric,8,4,python_tsp_dynamic_programming,skipped_missing_dependency,,,319.280983276246,nan,,,0.0005371000002014625,257.94921875,257.94921875,0.0,,,,319.280983276246,nan,True,"{""instance_metadata"": {""complete"": true, ""high"": 100.0, ""instance_type"": ""random_symmetric"", ""low"": 1.0, ""n"": 8, ""seed"": 4, ""symmetric"": true}}"
classical_comparison,classical_comparison_random_asymmetric_n8_seed4,random_asymmetric,8,4,tn_exact,ok,"[7, 0, 3, 5, 6, 1, 4, 2]",217.49388944423853,217.49388944423853,0.0,True,True,0.03573890000006941,257.94921875,257.953125,0.00390625,16.0,,,217.49388944423853,0.0,True,"{""finite_edges"": true, ""instance_metadata"": {""complete"": true, ""high"": 100.0, ""instance_type"": ""random_asymmetric"", ""low"": 1.0, ""n"": 8, ""seed"": 4, ""symmetric"": false}, ""n_layers"": null, ""normalization_factor"": 98.43114699318102, ""normalize"": true, ""seed"": 0, ""tau"": 16.0, ""valid_route"": true}"
classical_comparison,classical_comparison_random_asymmetric_n8_seed4,random_asymmetric,8,4,tn_n_layers_4,ok,"[7, 0, 3, 5, 6, 1, 4, 2]",217.49388944423853,217.49388944423853,0.0,True,True,0.029767400000309863,257.953125,257.9765625,0.0234375,16.0,4,,217.49388944423853,0.0,True,"{""finite_edges"": true, ""instance_metadata"": {""complete"": true, ""high"": 100.0, ""instance_type"": ""random_asymmetric"", ""low"": 1.0, ""n"": 8, ""seed"": 4, ""symmetric"": false}, ""n_layers"": 4, ""normalization_factor"": 98.43114699318102, ""normalize"": true, ""seed"": 0, ""tau"": 16.0, ""valid_route"": true}"
classical_comparison,classical_comparison_random_asymmetric_n8_seed4,random_asymmetric,8,4,tn_n_layers_3,ok,"[7, 0, 3, 5, 6, 1, 4, 2]",217.49388944423853,217.49388944423853,0.0,True,True,0.026668200000131037,257.9765625,258.04296875,0.06640625,16.0,3,,217.49388944423853,0.0,True,"{""finite_edges"": true, ""instance_metadata"": {""complete"": true, ""high"": 100.0, ""instance_type"": ""random_asymmetric"", ""low"": 1.0, ""n"": 8, ""seed"": 4, ""symmetric"": false}, ""n_layers"": 3, ""normalization_factor"": 98.43114699318102, ""normalize"": true, ""seed"": 0, ""tau"": 16.0, ""valid_route"": true}"
classical_comparison,classical_comparison_random_asymmetric_n8_seed4,random_asymmetric,8,4,tn_n_layers_2,ok,"[7, 0, 3, 5, 6, 1, 4, 2]",217.49388944423853,217.49388944423853,0.0,True,True,0.022852699999930337,258.04296875,258.05078125,0.0078125,16.0,2,,217.49388944423853,0.0,True,"{""finite_edges"": true, ""instance_metadata"": {""complete"": true, ""high"": 100.0, ""instance_type"": ""random_asymmetric"", ""low"": 1.0, ""n"": 8, ""seed"": 4, ""symmetric"": false}, ""n_layers"": 2, ""normalization_factor"": 98.43114699318102, ""normalize"": true, ""seed"": 0, ""tau"": 16.0, ""valid_route"": true}"
classical_comparison,classical_comparison_random_asymmetric_n8_seed4,random_asymmetric,8,4,tn_n_layers_0,ok,"[7, 0, 3, 5, 2, 4, 6, 1]",285.6396356358788,217.49388944423853,0.3133225782378202,True,True,0.013882400000056805,258.05078125,258.05078125,0.0,16.0,0,,217.49388944423853,0.3133225782378202,True,"{""finite_edges"": true, ""instance_metadata"": {""complete"": true, ""high"": 100.0, ""instance_type"": ""random_asymmetric"", ""low"": 1.0, ""n"": 8, ""seed"": 4, ""symmetric"": false}, ""n_layers"": 0, ""normalization_factor"": 98.43114699318102, ""normalize"": true, ""seed"": 0, ""tau"": 16.0, ""valid_route"": true}"
classical_comparison,classical_comparison_random_asymmetric_n8_seed4,random_asymmetric,8,4,held_karp,ok,"[7, 0, 3, 5, 6, 1, 4, 2]",217.49388944423853,217.49388944423853,0.0,True,True,0.0005645000001095468,258.05078125,258.0625,0.01171875,,,,217.49388944423853,0.0,True,"{""instance_metadata"": {""complete"": true, ""high"": 100.0, ""instance_type"": ""random_asymmetric"", ""low"": 1.0, ""n"": 8, ""seed"": 4, ""symmetric"": false}, ""max_n"": 18, ""start"": 7}"
classical_comparison,classical_comparison_random_asymmetric_n8_seed4,random_asymmetric,8,4,bruteforce,ok,"[7, 0, 3, 5, 6, 1, 4, 2]",217.49388944423853,217.49388944423853,0.0,True,True,0.016834800000196992,258.0625,258.0625,0.0,,,,217.49388944423853,0.0,True,"{""instance_metadata"": {""complete"": true, ""high"": 100.0, ""instance_type"": ""random_asymmetric"", ""low"": 1.0, ""n"": 8, ""seed"": 4, ""symmetric"": false}, ""max_n"": 10, ""permutations_checked"": 5040, ""start"": 7}"
classical_comparison,classical_comparison_random_asymmetric_n8_seed4,random_asymmetric,8,4,ortools,ok,"[7, 1, 4, 2, 6, 3, 5, 0]",289.6401350225534,217.49388944423853,0.33171619562586313,True,True,0.0016672000001562992,258.0625,258.2734375,0.2109375,,,5.0,217.49388944423853,0.33171619562586313,True,"{""finite_edges"": true, ""infinity_penalty"": 787449176000, ""instance_metadata"": {""complete"": true, ""high"": 100.0, ""instance_type"": ""random_asymmetric"", ""low"": 1.0, ""n"": 8, ""seed"": 4, ""symmetric"": false}, ""integer_scale"": 1000000, ""start"": 7, ""time_limit_s"": 5.0, ""valid_route"": true}"
classical_comparison,classical_comparison_random_asymmetric_n8_seed4,random_asymmetric,8,4,networkx_christofides,skipped_not_applicable,,,217.49388944423853,nan,,,9.449999970456702e-05,258.2734375,258.2734375,0.0,,,,217.49388944423853,nan,True,"{""instance_metadata"": {""complete"": true, ""high"": 100.0, ""instance_type"": ""random_asymmetric"", ""low"": 1.0, ""n"": 8, ""seed"": 4, ""symmetric"": false}, ""requires_metric_symmetric_complete"": true}"
classical_comparison,classical_comparison_random_asymmetric_n8_seed4,random_asymmetric,8,4,networkx_greedy,ok,"[7, 1, 4, 2, 3, 5, 6, 0]",320.75076914053204,217.49388944423853,0.47475761254785365,True,True,0.0001772000000528351,258.2734375,258.2734375,0.0,,,,217.49388944423853,0.47475761254785365,True,"{""finite_edges"": true, ""instance_metadata"": {""complete"": true, ""high"": 100.0, ""instance_type"": ""random_asymmetric"", ""low"": 1.0, ""n"": 8, ""seed"": 4, ""symmetric"": false}, ""valid_route"": true}"
classical_comparison,classical_comparison_random_asymmetric_n8_seed4,random_asymmetric,8,4,python_tsp_dynamic_programming,skipped_missing_dependency,,,217.49388944423853,nan,,,0.0005769999997937703,258.2734375,258.2734375,0.0,,,,217.49388944423853,nan,True,"{""instance_metadata"": {""complete"": true, ""high"": 100.0, ""instance_type"": ""random_asymmetric"", ""low"": 1.0, ""n"": 8, ""seed"": 4, ""symmetric"": false}}"
classical_comparison,classical_comparison_euclidean_n9_seed0,euclidean,9,0,tn_exact,ok,"[8, 2, 4, 3, 1, 5, 6, 7, 0]",3273.773087016747,3273.773087016747,0.0,True,True,0.10780889999978172,258.27734375,259.9375,1.66015625,28.0,,,3273.773087016747,0.0,True,"{""finite_edges"": true, ""instance_metadata"": {""complete"": true, ""instance_type"": ""euclidean"", ""n"": 9, ""points"": [[636.9616873214543, 269.7867137638703], [40.97352393619469, 16.527635528529096], [813.2702392002724, 912.7555772777217], [606.6357757671799, 729.4965609839984], [543.6249914654229, 935.0724237877682], [815.8535541215322, 2.738500170148095], [857.4042765875694, 33.58557530546435], [729.655446429944, 175.65562060255903], [863.1789223498865, 541.4612202490918]], ""scale"": 1000.0, ""seed"": 0, ""symmetric"": true}, ""n_layers"": null, ""normalization_factor"": 1183.0751201760934, ""normalize"": true, ""seed"": 0, ""tau"": 28.0, ""valid_route"": true}"
classical_comparison,classical_comparison_euclidean_n9_seed0,euclidean,9,0,tn_n_layers_5,ok,"[8, 2, 4, 3, 1, 5, 6, 7, 0]",3273.773087016747,3273.773087016747,0.0,True,True,0.11149209999985032,259.9375,260.109375,0.171875,28.0,5,,3273.773087016747,0.0,True,"{""finite_edges"": true, ""instance_metadata"": {""complete"": true, ""instance_type"": ""euclidean"", ""n"": 9, ""points"": [[636.9616873214543, 269.7867137638703], [40.97352393619469, 16.527635528529096], [813.2702392002724, 912.7555772777217], [606.6357757671799, 729.4965609839984], [543.6249914654229, 935.0724237877682], [815.8535541215322, 2.738500170148095], [857.4042765875694, 33.58557530546435], [729.655446429944, 175.65562060255903], [863.1789223498865, 541.4612202490918]], ""scale"": 1000.0, ""seed"": 0, ""symmetric"": true}, ""n_layers"": 5, ""normalization_factor"": 1183.0751201760934, ""normalize"": true, ""seed"": 0, ""tau"": 28.0, ""valid_route"": true}"
classical_comparison,classical_comparison_euclidean_n9_seed0,euclidean,9,0,tn_n_layers_4,ok,"[8, 4, 2, 3, 1, 5, 6, 7, 0]",3467.3105495199006,3273.773087016747,0.05911755560294994,True,True,0.054320999999617925,260.109375,260.14453125,0.03515625,28.0,4,,3273.773087016747,0.05911755560294994,True,"{""finite_edges"": true, ""instance_metadata"": {""complete"": true, ""instance_type"": ""euclidean"", ""n"": 9, ""points"": [[636.9616873214543, 269.7867137638703], [40.97352393619469, 16.527635528529096], [813.2702392002724, 912.7555772777217], [606.6357757671799, 729.4965609839984], [543.6249914654229, 935.0724237877682], [815.8535541215322, 2.738500170148095], [857.4042765875694, 33.58557530546435], [729.655446429944, 175.65562060255903], [863.1789223498865, 541.4612202490918]], ""scale"": 1000.0, ""seed"": 0, ""symmetric"": true}, ""n_layers"": 4, ""normalization_factor"": 1183.0751201760934, ""normalize"": true, ""seed"": 0, ""tau"": 28.0, ""valid_route"": true}"
classical_comparison,classical_comparison_euclidean_n9_seed0,euclidean,9,0,tn_n_layers_2,ok,"[8, 0, 7, 1, 3, 2, 4, 5, 6]",4180.25311765862,3273.773087016747,0.27689152746622103,True,True,0.11683369999991555,260.14453125,260.09375,-0.05078125,28.0,2,,3273.773087016747,0.27689152746622103,True,"{""finite_edges"": true, ""instance_metadata"": {""complete"": true, ""instance_type"": ""euclidean"", ""n"": 9, ""points"": [[636.9616873214543, 269.7867137638703], [40.97352393619469, 16.527635528529096], [813.2702392002724, 912.7555772777217], [606.6357757671799, 729.4965609839984], [543.6249914654229, 935.0724237877682], [815.8535541215322, 2.738500170148095], [857.4042765875694, 33.58557530546435], [729.655446429944, 175.65562060255903], [863.1789223498865, 541.4612202490918]], ""scale"": 1000.0, ""seed"": 0, ""symmetric"": true}, ""n_layers"": 2, ""normalization_factor"": 1183.0751201760934, ""normalize"": true, ""seed"": 0, ""tau"": 28.0, ""valid_route"": true}"
classical_comparison,classical_comparison_euclidean_n9_seed0,euclidean,9,0,tn_n_layers_0,ok,"[8, 3, 2, 4, 0, 7, 6, 5, 1]",3662.0432409346954,3273.773087016747,0.11860020337321632,True,True,0.021984499999689433,260.09375,260.1015625,0.0078125,28.0,0,,3273.773087016747,0.11860020337321632,True,"{""finite_edges"": true, ""instance_metadata"": {""complete"": true, ""instance_type"": ""euclidean"", ""n"": 9, ""points"": [[636.9616873214543, 269.7867137638703], [40.97352393619469, 16.527635528529096], [813.2702392002724, 912.7555772777217], [606.6357757671799, 729.4965609839984], [543.6249914654229, 935.0724237877682], [815.8535541215322, 2.738500170148095], [857.4042765875694, 33.58557530546435], [729.655446429944, 175.65562060255903], [863.1789223498865, 541.4612202490918]], ""scale"": 1000.0, ""seed"": 0, ""symmetric"": true}, ""n_layers"": 0, ""normalization_factor"": 1183.0751201760934, ""normalize"": true, ""seed"": 0, ""tau"": 28.0, ""valid_route"": true}"
classical_comparison,classical_comparison_euclidean_n9_seed0,euclidean,9,0,held_karp,ok,"[8, 2, 4, 3, 1, 5, 6, 7, 0]",3273.773087016747,3273.773087016747,0.0,True,True,0.0017250000000785803,260.1015625,260.1171875,0.015625,,,,3273.773087016747,0.0,True,"{""instance_metadata"": {""complete"": true, ""instance_type"": ""euclidean"", ""n"": 9, ""points"": [[636.9616873214543, 269.7867137638703], [40.97352393619469, 16.527635528529096], [813.2702392002724, 912.7555772777217], [606.6357757671799, 729.4965609839984], [543.6249914654229, 935.0724237877682], [815.8535541215322, 2.738500170148095], [857.4042765875694, 33.58557530546435], [729.655446429944, 175.65562060255903], [863.1789223498865, 541.4612202490918]], ""scale"": 1000.0, ""seed"": 0, ""symmetric"": true}, ""max_n"": 18, ""start"": 8}"
classical_comparison,classical_comparison_euclidean_n9_seed0,euclidean,9,0,bruteforce,ok,"[8, 0, 7, 6, 5, 1, 3, 4, 2]",3273.773087016747,3273.773087016747,0.0,True,True,0.1990616000002774,260.1171875,260.1171875,0.0,,,,3273.773087016747,0.0,True,"{""instance_metadata"": {""complete"": true, ""instance_type"": ""euclidean"", ""n"": 9, ""points"": [[636.9616873214543, 269.7867137638703], [40.97352393619469, 16.527635528529096], [813.2702392002724, 912.7555772777217], [606.6357757671799, 729.4965609839984], [543.6249914654229, 935.0724237877682], [815.8535541215322, 2.738500170148095], [857.4042765875694, 33.58557530546435], [729.655446429944, 175.65562060255903], [863.1789223498865, 541.4612202490918]], ""scale"": 1000.0, ""seed"": 0, ""symmetric"": true}, ""max_n"": 10, ""permutations_checked"": 40320, ""start"": 8}"
classical_comparison,classical_comparison_euclidean_n9_seed0,euclidean,9,0,ortools,ok,"[8, 2, 4, 3, 1, 5, 6, 7, 0]",3273.773087016747,3273.773087016747,0.0,True,True,0.0031515000000581495,260.1171875,260.95703125,0.83984375,,,5.0,3273.773087016747,0.0,True,"{""finite_edges"": true, ""infinity_penalty"": 10647676080000, ""instance_metadata"": {""complete"": true, ""instance_type"": ""euclidean"", ""n"": 9, ""points"": [[636.9616873214543, 269.7867137638703], [40.97352393619469, 16.527635528529096], [813.2702392002724, 912.7555772777217], [606.6357757671799, 729.4965609839984], [543.6249914654229, 935.0724237877682], [815.8535541215322, 2.738500170148095], [857.4042765875694, 33.58557530546435], [729.655446429944, 175.65562060255903], [863.1789223498865, 541.4612202490918]], ""scale"": 1000.0, ""seed"": 0, ""symmetric"": true}, ""integer_scale"": 1000000, ""start"": 8, ""time_limit_s"": 5.0, ""valid_route"": true}"
classical_comparison,classical_comparison_euclidean_n9_seed0,euclidean,9,0,networkx_christofides,ok,"[8, 1, 5, 6, 7, 0, 2, 4, 3]",3595.7700878624187,3273.773087016747,0.09835654221810898,True,True,0.0009758000001056644,260.95703125,260.95703125,0.0,,,,3273.773087016747,0.09835654221810898,True,"{""finite_edges"": true, ""instance_metadata"": {""complete"": true, ""instance_type"": ""euclidean"", ""n"": 9, ""points"": [[636.9616873214543, 269.7867137638703], [40.97352393619469, 16.527635528529096], [813.2702392002724, 912.7555772777217], [606.6357757671799, 729.4965609839984], [543.6249914654229, 935.0724237877682], [815.8535541215322, 2.738500170148095], [857.4042765875694, 33.58557530546435], [729.655446429944, 175.65562060255903], [863.1789223498865, 541.4612202490918]], ""scale"": 1000.0, ""seed"": 0, ""symmetric"": true}, ""requires_metric_symmetric_complete"": true, ""valid_route"": true}"
classical_comparison,classical_comparison_euclidean_n9_seed0,euclidean,9,0,networkx_greedy,ok,"[8, 1, 5, 6, 7, 0, 2, 4, 3]",3595.7700878624187,3273.773087016747,0.09835654221810898,True,True,0.0001523000000815955,260.95703125,260.95703125,0.0,,,,3273.773087016747,0.09835654221810898,True,"{""finite_edges"": true, ""instance_metadata"": {""complete"": true, ""instance_type"": ""euclidean"", ""n"": 9, ""points"": [[636.9616873214543, 269.7867137638703], [40.97352393619469, 16.527635528529096], [813.2702392002724, 912.7555772777217], [606.6357757671799, 729.4965609839984], [543.6249914654229, 935.0724237877682], [815.8535541215322, 2.738500170148095], [857.4042765875694, 33.58557530546435], [729.655446429944, 175.65562060255903], [863.1789223498865, 541.4612202490918]], ""scale"": 1000.0, ""seed"": 0, ""symmetric"": true}, ""valid_route"": true}"
classical_comparison,classical_comparison_euclidean_n9_seed0,euclidean,9,0,python_tsp_dynamic_programming,skipped_missing_dependency,,,3273.773087016747,nan,,,0.0006958999997550563,260.95703125,260.95703125,0.0,,,,3273.773087016747,nan,True,"{""instance_metadata"": {""complete"": true, ""instance_type"": ""euclidean"", ""n"": 9, ""points"": [[636.9616873214543, 269.7867137638703], [40.97352393619469, 16.527635528529096], [813.2702392002724, 912.7555772777217], [606.6357757671799, 729.4965609839984], [543.6249914654229, 935.0724237877682], [815.8535541215322, 2.738500170148095], [857.4042765875694, 33.58557530546435], [729.655446429944, 175.65562060255903], [863.1789223498865, 541.4612202490918]], ""scale"": 1000.0, ""seed"": 0, ""symmetric"": true}}"
classical_comparison,classical_comparison_random_symmetric_n9_seed0,random_symmetric,9,0,tn_exact,ok,"[8, 0, 2, 1, 6, 7, 3, 5, 4]",280.77402284609394,280.5098921946555,0.0009416090440588107,True,True,0.1392511000003651,260.95703125,261.078125,0.12109375,28.0,,,280.5098921946555,0.0009416090440588107,True,"{""finite_edges"": true, ""instance_metadata"": {""complete"": true, ""high"": 100.0, ""instance_type"": ""random_symmetric"", ""low"": 1.0, ""n"": 9, ""seed"": 0, ""symmetric"": true}, ""n_layers"": null, ""normalization_factor"": 90.24998149948445, ""normalize"": true, ""seed"": 0, ""tau"": 28.0, ""valid_route"": true}"
classical_comparison,classical_comparison_random_symmetric_n9_seed0,random_symmetric,9,0,tn_n_layers_5,ok,"[8, 4, 3, 5, 6, 7, 1, 2, 0]",280.5098921946555,280.5098921946555,0.0,True,True,0.09960749999981999,261.078125,261.078125,0.0,28.0,5,,280.5098921946555,0.0,True,"{""finite_edges"": true, ""instance_metadata"": {""complete"": true, ""high"": 100.0, ""instance_type"": ""random_symmetric"", ""low"": 1.0, ""n"": 9, ""seed"": 0, ""symmetric"": true}, ""n_layers"": 5, ""normalization_factor"": 90.24998149948445, ""normalize"": true, ""seed"": 0, ""tau"": 28.0, ""valid_route"": true}"
classical_comparison,classical_comparison_random_symmetric_n9_seed0,random_symmetric,9,0,tn_n_layers_4,ok,"[8, 0, 2, 1, 6, 7, 3, 5, 4]",280.77402284609394,280.5098921946555,0.0009416090440588107,True,True,0.04819259999976566,261.078125,261.078125,0.0,28.0,4,,280.5098921946555,0.0009416090440588107,True,"{""finite_edges"": true, ""instance_metadata"": {""complete"": true, ""high"": 100.0, ""instance_type"": ""random_symmetric"", ""low"": 1.0, ""n"": 9, ""seed"": 0, ""symmetric"": true}, ""n_layers"": 4, ""normalization_factor"": 90.24998149948445, ""normalize"": true, ""seed"": 0, ""tau"": 28.0, ""valid_route"": true}"
classical_comparison,classical_comparison_random_symmetric_n9_seed0,random_symmetric,9,0,tn_n_layers_2,ok,"[8, 0, 2, 1, 6, 5, 3, 7, 4]",286.36223710057124,280.5098921946555,0.020863238940089138,True,True,0.032749299999977666,261.078125,261.078125,0.0,28.0,2,,280.5098921946555,0.020863238940089138,True,"{""finite_edges"": true, ""instance_metadata"": {""complete"": true, ""high"": 100.0, ""instance_type"": ""random_symmetric"", ""low"": 1.0, ""n"": 9, ""seed"": 0, ""symmetric"": true}, ""n_layers"": 2, ""normalization_factor"": 90.24998149948445, ""normalize"": true, ""seed"": 0, ""tau"": 28.0, ""valid_route"": true}"
classical_comparison,classical_comparison_random_symmetric_n9_seed0,random_symmetric,9,0,tn_n_layers_0,ok,"[8, 3, 5, 6, 7, 4, 0, 2, 1]",325.36807294834074,280.5098921946555,0.15991657336118686,True,True,0.02084289999993416,261.078125,261.078125,0.0,28.0,0,,280.5098921946555,0.15991657336118686,True,"{""finite_edges"": true, ""instance_metadata"": {""complete"": true, ""high"": 100.0, ""instance_type"": ""random_symmetric"", ""low"": 1.0, ""n"": 9, ""seed"": 0, ""symmetric"": true}, ""n_layers"": 0, ""normalization_factor"": 90.24998149948445, ""normalize"": true, ""seed"": 0, ""tau"": 28.0, ""valid_route"": true}"
classical_comparison,classical_comparison_random_symmetric_n9_seed0,random_symmetric,9,0,held_karp,ok,"[8, 4, 3, 5, 6, 7, 1, 2, 0]",280.5098921946555,280.5098921946555,0.0,True,True,0.0013411999998425017,261.078125,261.078125,0.0,,,,280.5098921946555,0.0,True,"{""instance_metadata"": {""complete"": true, ""high"": 100.0, ""instance_type"": ""random_symmetric"", ""low"": 1.0, ""n"": 9, ""seed"": 0, ""symmetric"": true}, ""max_n"": 18, ""start"": 8}"
classical_comparison,classical_comparison_random_symmetric_n9_seed0,random_symmetric,9,0,bruteforce,ok,"[8, 0, 2, 1, 7, 6, 5, 3, 4]",280.5098921946555,280.5098921946555,0.0,True,True,0.14712510000026668,261.078125,261.078125,0.0,,,,280.5098921946555,0.0,True,"{""instance_metadata"": {""complete"": true, ""high"": 100.0, ""instance_type"": ""random_symmetric"", ""low"": 1.0, ""n"": 9, ""seed"": 0, ""symmetric"": true}, ""max_n"": 10, ""permutations_checked"": 40320, ""start"": 8}"
classical_comparison,classical_comparison_random_symmetric_n9_seed0,random_symmetric,9,0,ortools,ok,"[8, 4, 3, 5, 6, 7, 1, 2, 0]",280.5098921946555,280.5098921946555,0.0,True,True,0.0018372000004092115,261.078125,261.33984375,0.26171875,,,5.0,280.5098921946555,0.0,True,"{""finite_edges"": true, ""infinity_penalty"": 812249829000, ""instance_metadata"": {""complete"": true, ""high"": 100.0, ""instance_type"": ""random_symmetric"", ""low"": 1.0, ""n"": 9, ""seed"": 0, ""symmetric"": true}, ""integer_scale"": 1000000, ""start"": 8, ""time_limit_s"": 5.0, ""valid_route"": true}"
classical_comparison,classical_comparison_random_symmetric_n9_seed0,random_symmetric,9,0,networkx_christofides,skipped_not_applicable,,,280.5098921946555,nan,,,9.80999998319021e-05,261.33984375,261.33984375,0.0,,,,280.5098921946555,nan,True,"{""instance_metadata"": {""complete"": true, ""high"": 100.0, ""instance_type"": ""random_symmetric"", ""low"": 1.0, ""n"": 9, ""seed"": 0, ""symmetric"": true}, ""requires_metric_symmetric_complete"": true}"
classical_comparison,classical_comparison_random_symmetric_n9_seed0,random_symmetric,9,0,networkx_greedy,ok,"[8, 3, 5, 6, 7, 2, 0, 1, 4]",310.2621610477613,280.5098921946555,0.1060649541459297,True,True,0.00017650000017965795,261.33984375,261.33984375,0.0,,,,280.5098921946555,0.1060649541459297,True,"{""finite_edges"": true, ""instance_metadata"": {""complete"": true, ""high"": 100.0, ""instance_type"": ""random_symmetric"", ""low"": 1.0, ""n"": 9, ""seed"": 0, ""symmetric"": true}, ""valid_route"": true}"
classical_comparison,classical_comparison_random_symmetric_n9_seed0,random_symmetric,9,0,python_tsp_dynamic_programming,skipped_missing_dependency,,,280.5098921946555,nan,,,0.0005993000004309579,261.33984375,261.33984375,0.0,,,,280.5098921946555,nan,True,"{""instance_metadata"": {""complete"": true, ""high"": 100.0, ""instance_type"": ""random_symmetric"", ""low"": 1.0, ""n"": 9, ""seed"": 0, ""symmetric"": true}}"
classical_comparison,classical_comparison_random_asymmetric_n9_seed0,random_asymmetric,9,0,tn_exact,ok,"[8, 0, 2, 3, 5, 1, 4, 7, 6]",161.02768479121897,161.02768479121897,0.0,True,True,0.11014059999979509,261.33984375,261.40234375,0.0625,28.0,,,161.02768479121897,0.0,True,"{""finite_edges"": true, ""instance_metadata"": {""complete"": true, ""high"": 100.0, ""instance_type"": ""random_asymmetric"", ""low"": 1.0, ""n"": 9, ""seed"": 0, ""symmetric"": false}, ""n_layers"": null, ""normalization_factor"": 99.7237836431319, ""normalize"": true, ""seed"": 0, ""tau"": 28.0, ""valid_route"": true}"
classical_comparison,classical_comparison_random_asymmetric_n9_seed0,random_asymmetric,9,0,tn_n_layers_5,ok,"[8, 0, 2, 3, 5, 1, 4, 7, 6]",161.02768479121897,161.02768479121897,0.0,True,True,0.07877610000014101,261.40234375,261.12109375,-0.28125,28.0,5,,161.02768479121897,0.0,True,"{""finite_edges"": true, ""instance_metadata"": {""complete"": true, ""high"": 100.0, ""instance_type"": ""random_asymmetric"", ""low"": 1.0, ""n"": 9, ""seed"": 0, ""symmetric"": false}, ""n_layers"": 5, ""normalization_factor"": 99.7237836431319, ""normalize"": true, ""seed"": 0, ""tau"": 28.0, ""valid_route"": true}"
classical_comparison,classical_comparison_random_asymmetric_n9_seed0,random_asymmetric,9,0,tn_n_layers_4,ok,"[8, 0, 2, 3, 5, 1, 4, 7, 6]",161.02768479121897,161.02768479121897,0.0,True,True,0.06102400000008856,261.12109375,261.15234375,0.03125,28.0,4,,161.02768479121897,0.0,True,"{""finite_edges"": true, ""instance_metadata"": {""complete"": true, ""high"": 100.0, ""instance_type"": ""random_asymmetric"", ""low"": 1.0, ""n"": 9, ""seed"": 0, ""symmetric"": false}, ""n_layers"": 4, ""normalization_factor"": 99.7237836431319, ""normalize"": true, ""seed"": 0, ""tau"": 28.0, ""valid_route"": true}"
classical_comparison,classical_comparison_random_asymmetric_n9_seed0,random_asymmetric,9,0,tn_n_layers_2,ok,"[8, 0, 2, 3, 5, 1, 4, 7, 6]",161.02768479121897,161.02768479121897,0.0,True,True,0.034178200000042125,261.15234375,261.15234375,0.0,28.0,2,,161.02768479121897,0.0,True,"{""finite_edges"": true, ""instance_metadata"": {""complete"": true, ""high"": 100.0, ""instance_type"": ""random_asymmetric"", ""low"": 1.0, ""n"": 9, ""seed"": 0, ""symmetric"": false}, ""n_layers"": 2, ""normalization_factor"": 99.7237836431319, ""normalize"": true, ""seed"": 0, ""tau"": 28.0, ""valid_route"": true}"
classical_comparison,classical_comparison_random_asymmetric_n9_seed0,random_asymmetric,9,0,tn_n_layers_0,ok,"[8, 3, 5, 6, 1, 4, 0, 2, 7]",288.29885991108523,161.02768479121897,0.7903682853347868,True,True,0.020521499999631487,261.15234375,261.21484375,0.0625,28.0,0,,161.02768479121897,0.7903682853347868,True,"{""finite_edges"": true, ""instance_metadata"": {""complete"": true, ""high"": 100.0, ""instance_type"": ""random_asymmetric"", ""low"": 1.0, ""n"": 9, ""seed"": 0, ""symmetric"": false}, ""n_layers"": 0, ""normalization_factor"": 99.7237836431319, ""normalize"": true, ""seed"": 0, ""tau"": 28.0, ""valid_route"": true}"
classical_comparison,classical_comparison_random_asymmetric_n9_seed0,random_asymmetric,9,0,held_karp,ok,"[8, 0, 2, 3, 5, 1, 4, 7, 6]",161.02768479121897,161.02768479121897,0.0,True,True,0.0013539999999920838,261.21484375,261.21484375,0.0,,,,161.02768479121897,0.0,True,"{""instance_metadata"": {""complete"": true, ""high"": 100.0, ""instance_type"": ""random_asymmetric"", ""low"": 1.0, ""n"": 9, ""seed"": 0, ""symmetric"": false}, ""max_n"": 18, ""start"": 8}"
classical_comparison,classical_comparison_random_asymmetric_n9_seed0,random_asymmetric,9,0,bruteforce,ok,"[8, 0, 2, 3, 5, 1, 4, 7, 6]",161.02768479121897,161.02768479121897,0.0,True,True,0.1720018999999411,261.21484375,261.21484375,0.0,,,,161.02768479121897,0.0,True,"{""instance_metadata"": {""complete"": true, ""high"": 100.0, ""instance_type"": ""random_asymmetric"", ""low"": 1.0, ""n"": 9, ""seed"": 0, ""symmetric"": false}, ""max_n"": 10, ""permutations_checked"": 40320, ""start"": 8}"
classical_comparison,classical_comparison_random_asymmetric_n9_seed0,random_asymmetric,9,0,ortools,ok,"[8, 4, 7, 6, 1, 2, 0, 3, 5]",179.92765701507346,161.02768479121897,0.11737094927719614,True,True,0.002941300000202318,261.21484375,261.21484375,0.0,,,5.0,161.02768479121897,0.11737094927719614,True,"{""finite_edges"": true, ""infinity_penalty"": 897514056000, ""instance_metadata"": {""complete"": true, ""high"": 100.0, ""instance_type"": ""random_asymmetric"", ""low"": 1.0, ""n"": 9, ""seed"": 0, ""symmetric"": false}, ""integer_scale"": 1000000, ""start"": 8, ""time_limit_s"": 5.0, ""valid_route"": true}"
classical_comparison,classical_comparison_random_asymmetric_n9_seed0,random_asymmetric,9,0,networkx_christofides,skipped_not_applicable,,,161.02768479121897,nan,,,0.00011059999997087289,261.21484375,261.21484375,0.0,,,,161.02768479121897,nan,True,"{""instance_metadata"": {""complete"": true, ""high"": 100.0, ""instance_type"": ""random_asymmetric"", ""low"": 1.0, ""n"": 9, ""seed"": 0, ""symmetric"": false}, ""requires_metric_symmetric_complete"": true}"
classical_comparison,classical_comparison_random_asymmetric_n9_seed0,random_asymmetric,9,0,networkx_greedy,ok,"[8, 3, 5, 1, 2, 0, 6, 7, 4]",328.6525904969258,161.02768479121897,1.040969482502599,True,True,0.00019770000017160783,261.21484375,261.21484375,0.0,,,,161.02768479121897,1.040969482502599,True,"{""finite_edges"": true, ""instance_metadata"": {""complete"": true, ""high"": 100.0, ""instance_type"": ""random_asymmetric"", ""low"": 1.0, ""n"": 9, ""seed"": 0, ""symmetric"": false}, ""valid_route"": true}"
classical_comparison,classical_comparison_random_asymmetric_n9_seed0,random_asymmetric,9,0,python_tsp_dynamic_programming,skipped_missing_dependency,,,161.02768479121897,nan,,,0.0007903999999143707,261.21484375,261.21484375,0.0,,,,161.02768479121897,nan,True,"{""instance_metadata"": {""complete"": true, ""high"": 100.0, ""instance_type"": ""random_asymmetric"", ""low"": 1.0, ""n"": 9, ""seed"": 0, ""symmetric"": false}}"
classical_comparison,classical_comparison_euclidean_n9_seed1,euclidean,9,1,tn_exact,ok,"[8, 7, 2, 4, 3, 5, 0, 6, 1]",2803.043157500547,2803.043157500547,0.0,True,True,0.12017769999965822,261.21875,261.40234375,0.18359375,28.0,,,2803.043157500547,0.0,True,"{""finite_edges"": true, ""instance_metadata"": {""complete"": true, ""instance_type"": ""euclidean"", ""n"": 9, ""points"": [[511.82162470025673, 950.4636963259353], [144.15961271963374, 948.6494471372439], [311.83145201048546, 423.32644897257563], [827.7025938204417, 409.1991363691613], [549.5936876730595, 27.559113243068367], [753.5131086748066, 538.1433132192782], [329.73171649909216, 788.4287034284043], [303.19482929164496, 453.4978894806515], [134.04169724716473, 403.11298644712923]], ""scale"": 1000.0, ""seed"": 1, ""symmetric"": true}, ""n_layers"": null, ""normalization_factor"": 1006.3717962694622, ""normalize"": true, ""seed"": 0, ""tau"": 28.0, ""valid_route"": true}"
classical_comparison,classical_comparison_euclidean_n9_seed1,euclidean,9,1,tn_n_layers_5,ok,"[8, 7, 2, 4, 3, 5, 0, 6, 1]",2803.043157500547,2803.043157500547,0.0,True,True,0.11417200000005323,261.40234375,261.40234375,0.0,28.0,5,,2803.043157500547,0.0,True,"{""finite_edges"": true, ""instance_metadata"": {""complete"": true, ""instance_type"": ""euclidean"", ""n"": 9, ""points"": [[511.82162470025673, 950.4636963259353], [144.15961271963374, 948.6494471372439], [311.83145201048546, 423.32644897257563], [827.7025938204417, 409.1991363691613], [549.5936876730595, 27.559113243068367], [753.5131086748066, 538.1433132192782], [329.73171649909216, 788.4287034284043], [303.19482929164496, 453.4978894806515], [134.04169724716473, 403.11298644712923]], ""scale"": 1000.0, ""seed"": 1, ""symmetric"": true}, ""n_layers"": 5, ""normalization_factor"": 1006.3717962694622, ""normalize"": true, ""seed"": 0, ""tau"": 28.0, ""valid_route"": true}"
classical_comparison,classical_comparison_euclidean_n9_seed1,euclidean,9,1,tn_n_layers_4,ok,"[8, 4, 3, 5, 0, 1, 6, 7, 2]",2818.1667963705995,2803.043157500547,0.0053954356106091185,True,True,0.048719599999913044,261.40234375,261.40234375,0.0,28.0,4,,2803.043157500547,0.0053954356106091185,True,"{""finite_edges"": true, ""instance_metadata"": {""complete"": true, ""instance_type"": ""euclidean"", ""n"": 9, ""points"": [[511.82162470025673, 950.4636963259353], [144.15961271963374, 948.6494471372439], [311.83145201048546, 423.32644897257563], [827.7025938204417, 409.1991363691613], [549.5936876730595, 27.559113243068367], [753.5131086748066, 538.1433132192782], [329.73171649909216, 788.4287034284043], [303.19482929164496, 453.4978894806515], [134.04169724716473, 403.11298644712923]], ""scale"": 1000.0, ""seed"": 1, ""symmetric"": true}, ""n_layers"": 4, ""normalization_factor"": 1006.3717962694622, ""normalize"": true, ""seed"": 0, ""tau"": 28.0, ""valid_route"": true}"
classical_comparison,classical_comparison_euclidean_n9_seed1,euclidean,9,1,tn_n_layers_2,ok,"[8, 4, 5, 0, 1, 6, 3, 2, 7]",3550.5582545167276,2803.043157500547,0.26667983866603556,True,True,0.035308400000303664,261.40234375,261.40625,0.00390625,28.0,2,,2803.043157500547,0.26667983866603556,True,"{""finite_edges"": true, ""instance_metadata"": {""complete"": true, ""instance_type"": ""euclidean"", ""n"": 9, ""points"": [[511.82162470025673, 950.4636963259353], [144.15961271963374, 948.6494471372439], [311.83145201048546, 423.32644897257563], [827.7025938204417, 409.1991363691613], [549.5936876730595, 27.559113243068367], [753.5131086748066, 538.1433132192782], [329.73171649909216, 788.4287034284043], [303.19482929164496, 453.4978894806515], [134.04169724716473, 403.11298644712923]], ""scale"": 1000.0, ""seed"": 1, ""symmetric"": true}, ""n_layers"": 2, ""normalization_factor"": 1006.3717962694622, ""normalize"": true, ""seed"": 0, ""tau"": 28.0, ""valid_route"": true}"
classical_comparison,classical_comparison_euclidean_n9_seed1,euclidean,9,1,tn_n_layers_0,ok,"[8, 7, 2, 6, 1, 0, 5, 3, 4]",2845.2896742353205,2803.043157500547,0.015071661177148825,True,True,0.020188800000141782,261.40625,261.40625,0.0,28.0,0,,2803.043157500547,0.015071661177148825,True,"{""finite_edges"": true, ""instance_metadata"": {""complete"": true, ""instance_type"": ""euclidean"", ""n"": 9, ""points"": [[511.82162470025673, 950.4636963259353], [144.15961271963374, 948.6494471372439], [311.83145201048546, 423.32644897257563], [827.7025938204417, 409.1991363691613], [549.5936876730595, 27.559113243068367], [753.5131086748066, 538.1433132192782], [329.73171649909216, 788.4287034284043], [303.19482929164496, 453.4978894806515], [134.04169724716473, 403.11298644712923]], ""scale"": 1000.0, ""seed"": 1, ""symmetric"": true}, ""n_layers"": 0, ""normalization_factor"": 1006.3717962694622, ""normalize"": true, ""seed"": 0, ""tau"": 28.0, ""valid_route"": true}"
classical_comparison,classical_comparison_euclidean_n9_seed1,euclidean,9,1,held_karp,ok,"[8, 7, 2, 4, 3, 5, 0, 6, 1]",2803.043157500547,2803.043157500547,0.0,True,True,0.0013788000001113687,261.40625,261.40625,0.0,,,,2803.043157500547,0.0,True,"{""instance_metadata"": {""complete"": true, ""instance_type"": ""euclidean"", ""n"": 9, ""points"": [[511.82162470025673, 950.4636963259353], [144.15961271963374, 948.6494471372439], [311.83145201048546, 423.32644897257563], [827.7025938204417, 409.1991363691613], [549.5936876730595, 27.559113243068367], [753.5131086748066, 538.1433132192782], [329.73171649909216, 788.4287034284043], [303.19482929164496, 453.4978894806515], [134.04169724716473, 403.11298644712923]], ""scale"": 1000.0, ""seed"": 1, ""symmetric"": true}, ""max_n"": 18, ""start"": 8}"
classical_comparison,classical_comparison_euclidean_n9_seed1,euclidean,9,1,bruteforce,ok,"[8, 1, 6, 0, 5, 3, 4, 2, 7]",2803.043157500547,2803.043157500547,0.0,True,True,0.15991410000015094,261.40625,261.40625,0.0,,,,2803.043157500547,0.0,True,"{""instance_metadata"": {""complete"": true, ""instance_type"": ""euclidean"", ""n"": 9, ""points"": [[511.82162470025673, 950.4636963259353], [144.15961271963374, 948.6494471372439], [311.83145201048546, 423.32644897257563], [827.7025938204417, 409.1991363691613], [549.5936876730595, 27.559113243068367], [753.5131086748066, 538.1433132192782], [329.73171649909216, 788.4287034284043], [303.19482929164496, 453.4978894806515], [134.04169724716473, 403.11298644712923]], ""scale"": 1000.0, ""seed"": 1, ""symmetric"": true}, ""max_n"": 10, ""permutations_checked"": 40320, ""start"": 8}"
classical_comparison,classical_comparison_euclidean_n9_seed1,euclidean,9,1,ortools,ok,"[8, 1, 6, 0, 5, 3, 4, 2, 7]",2803.043157500547,2803.043157500547,0.0,True,True,0.0020122999999330204,261.40625,261.4609375,0.0546875,,,5.0,2803.043157500547,0.0,True,"{""finite_edges"": true, ""infinity_penalty"": 9057346164000, ""instance_metadata"": {""complete"": true, ""instance_type"": ""euclidean"", ""n"": 9, ""points"": [[511.82162470025673, 950.4636963259353], [144.15961271963374, 948.6494471372439], [311.83145201048546, 423.32644897257563], [827.7025938204417, 409.1991363691613], [549.5936876730595, 27.559113243068367], [753.5131086748066, 538.1433132192782], [329.73171649909216, 788.4287034284043], [303.19482929164496, 453.4978894806515], [134.04169724716473, 403.11298644712923]], ""scale"": 1000.0, ""seed"": 1, ""symmetric"": true}, ""integer_scale"": 1000000, ""start"": 8, ""time_limit_s"": 5.0, ""valid_route"": true}"
classical_comparison,classical_comparison_euclidean_n9_seed1,euclidean,9,1,networkx_christofides,ok,"[8, 1, 0, 6, 7, 2, 4, 3, 5]",3241.105044858848,2803.043157500547,0.15628082150148476,True,True,0.0010771000002023357,261.4609375,261.4609375,0.0,,,,2803.043157500547,0.15628082150148476,True,"{""finite_edges"": true, ""instance_metadata"": {""complete"": true, ""instance_type"": ""euclidean"", ""n"": 9, ""points"": [[511.82162470025673, 950.4636963259353], [144.15961271963374, 948.6494471372439], [311.83145201048546, 423.32644897257563], [827.7025938204417, 409.1991363691613], [549.5936876730595, 27.559113243068367], [753.5131086748066, 538.1433132192782], [329.73171649909216, 788.4287034284043], [303.19482929164496, 453.4978894806515], [134.04169724716473, 403.11298644712923]], ""scale"": 1000.0, ""seed"": 1, ""symmetric"": true}, ""requires_metric_symmetric_complete"": true, ""valid_route"": true}"
classical_comparison,classical_comparison_euclidean_n9_seed1,euclidean,9,1,networkx_greedy,ok,"[8, 4, 3, 5, 1, 0, 6, 2, 7]",3100.660019131026,2803.043157500547,0.10617633939530984,True,True,0.00014149999969959026,261.4609375,261.4609375,0.0,,,,2803.043157500547,0.10617633939530984,True,"{""finite_edges"": true, ""instance_metadata"": {""complete"": true, ""instance_type"": ""euclidean"", ""n"": 9, ""points"": [[511.82162470025673, 950.4636963259353], [144.15961271963374, 948.6494471372439], [311.83145201048546, 423.32644897257563], [827.7025938204417, 409.1991363691613], [549.5936876730595, 27.559113243068367], [753.5131086748066, 538.1433132192782], [329.73171649909216, 788.4287034284043], [303.19482929164496, 453.4978894806515], [134.04169724716473, 403.11298644712923]], ""scale"": 1000.0, ""seed"": 1, ""symmetric"": true}, ""valid_route"": true}"
classical_comparison,classical_comparison_euclidean_n9_seed1,euclidean,9,1,python_tsp_dynamic_programming,skipped_missing_dependency,,,2803.043157500547,nan,,,0.0006631000001107168,261.4609375,261.4609375,0.0,,,,2803.043157500547,nan,True,"{""instance_metadata"": {""complete"": true, ""instance_type"": ""euclidean"", ""n"": 9, ""points"": [[511.82162470025673, 950.4636963259353], [144.15961271963374, 948.6494471372439], [311.83145201048546, 423.32644897257563], [827.7025938204417, 409.1991363691613], [549.5936876730595, 27.559113243068367], [753.5131086748066, 538.1433132192782], [329.73171649909216, 788.4287034284043], [303.19482929164496, 453.4978894806515], [134.04169724716473, 403.11298644712923]], ""scale"": 1000.0, ""seed"": 1, ""symmetric"": true}}"
classical_comparison,classical_comparison_random_symmetric_n9_seed1,random_symmetric,9,1,tn_exact,ok,"[8, 1, 6, 7, 5, 3, 4, 0, 2]",311.33160918650594,311.33160918650594,0.0,True,True,0.12753330000032292,261.4609375,261.4609375,0.0,28.0,,,311.33160918650594,0.0,True,"{""finite_edges"": true, ""instance_metadata"": {""complete"": true, ""high"": 100.0, ""instance_type"": ""random_symmetric"", ""low"": 1.0, ""n"": 9, ""seed"": 1, ""symmetric"": true}, ""n_layers"": null, ""normalization_factor"": 90.93576631356741, ""normalize"": true, ""seed"": 0, ""tau"": 28.0, ""valid_route"": true}"
classical_comparison,classical_comparison_random_symmetric_n9_seed1,random_symmetric,9,1,tn_n_layers_5,ok,"[8, 1, 6, 7, 5, 3, 4, 0, 2]",311.33160918650594,311.33160918650594,0.0,True,True,0.09078610000005938,261.4609375,261.46875,0.0078125,28.0,5,,311.33160918650594,0.0,True,"{""finite_edges"": true, ""instance_metadata"": {""complete"": true, ""high"": 100.0, ""instance_type"": ""random_symmetric"", ""low"": 1.0, ""n"": 9, ""seed"": 1, ""symmetric"": true}, ""n_layers"": 5, ""normalization_factor"": 90.93576631356741, ""normalize"": true, ""seed"": 0, ""tau"": 28.0, ""valid_route"": true}"
classical_comparison,classical_comparison_random_symmetric_n9_seed1,random_symmetric,9,1,tn_n_layers_4,ok,"[8, 1, 5, 7, 6, 0, 2, 4, 3]",357.40670066034045,311.33160918650594,0.14799361874698952,True,True,0.06129959999998391,261.46875,261.47265625,0.00390625,28.0,4,,311.33160918650594,0.14799361874698952,True,"{""finite_edges"": true, ""instance_metadata"": {""complete"": true, ""high"": 100.0, ""instance_type"": ""random_symmetric"", ""low"": 1.0, ""n"": 9, ""seed"": 1, ""symmetric"": true}, ""n_layers"": 4, ""normalization_factor"": 90.93576631356741, ""normalize"": true, ""seed"": 0, ""tau"": 28.0, ""valid_route"": true}"
classical_comparison,classical_comparison_random_symmetric_n9_seed1,random_symmetric,9,1,tn_n_layers_2,ok,"[8, 3, 4, 0, 2, 7, 5, 6, 1]",327.89229953273184,311.33160918650594,0.053193090125021866,True,True,0.03747900000007576,261.47265625,261.47265625,0.0,28.0,2,,311.33160918650594,0.053193090125021866,True,"{""finite_edges"": true, ""instance_metadata"": {""complete"": true, ""high"": 100.0, ""instance_type"": ""random_symmetric"", ""low"": 1.0, ""n"": 9, ""seed"": 1, ""symmetric"": true}, ""n_layers"": 2, ""normalization_factor"": 90.93576631356741, ""normalize"": true, ""seed"": 0, ""tau"": 28.0, ""valid_route"": true}"
classical_comparison,classical_comparison_random_symmetric_n9_seed1,random_symmetric,9,1,tn_n_layers_0,ok,"[8, 1, 3, 4, 0, 2, 7, 6, 5]",362.99221622949,311.33160918650594,0.1659343462681822,True,True,0.0227457000000868,261.47265625,261.47265625,0.0,28.0,0,,311.33160918650594,0.1659343462681822,True,"{""finite_edges"": true, ""instance_metadata"": {""complete"": true, ""high"": 100.0, ""instance_type"": ""random_symmetric"", ""low"": 1.0, ""n"": 9, ""seed"": 1, ""symmetric"": true}, ""n_layers"": 0, ""normalization_factor"": 90.93576631356741, ""normalize"": true, ""seed"": 0, ""tau"": 28.0, ""valid_route"": true}"
classical_comparison,classical_comparison_random_symmetric_n9_seed1,random_symmetric,9,1,held_karp,ok,"[8, 2, 0, 4, 3, 5, 7, 6, 1]",311.33160918650594,311.33160918650594,0.0,True,True,0.001320299999861163,261.47265625,261.47265625,0.0,,,,311.33160918650594,0.0,True,"{""instance_metadata"": {""complete"": true, ""high"": 100.0, ""instance_type"": ""random_symmetric"", ""low"": 1.0, ""n"": 9, ""seed"": 1, ""symmetric"": true}, ""max_n"": 18, ""start"": 8}"
classical_comparison,classical_comparison_random_symmetric_n9_seed1,random_symmetric,9,1,bruteforce,ok,"[8, 1, 6, 7, 5, 3, 4, 0, 2]",311.33160918650594,311.33160918650594,0.0,True,True,0.1592095999999401,261.47265625,261.47265625,0.0,,,,311.33160918650594,0.0,True,"{""instance_metadata"": {""complete"": true, ""high"": 100.0, ""instance_type"": ""random_symmetric"", ""low"": 1.0, ""n"": 9, ""seed"": 1, ""symmetric"": true}, ""max_n"": 10, ""permutations_checked"": 40320, ""start"": 8}"
classical_comparison,classical_comparison_random_symmetric_n9_seed1,random_symmetric,9,1,ortools,ok,"[8, 1, 6, 5, 7, 2, 0, 4, 3]",327.8922995327319,311.33160918650594,0.053193090125022054,True,True,0.0017933999997694627,261.47265625,261.4765625,0.00390625,,,5.0,311.33160918650594,0.053193090125022054,True,"{""finite_edges"": true, ""infinity_penalty"": 818421894000, ""instance_metadata"": {""complete"": true, ""high"": 100.0, ""instance_type"": ""random_symmetric"", ""low"": 1.0, ""n"": 9, ""seed"": 1, ""symmetric"": true}, ""integer_scale"": 1000000, ""start"": 8, ""time_limit_s"": 5.0, ""valid_route"": true}"
classical_comparison,classical_comparison_random_symmetric_n9_seed1,random_symmetric,9,1,networkx_christofides,skipped_not_applicable,,,311.33160918650594,nan,,,0.00010960000008708448,261.4765625,261.4765625,0.0,,,,311.33160918650594,nan,True,"{""instance_metadata"": {""complete"": true, ""high"": 100.0, ""instance_type"": ""random_symmetric"", ""low"": 1.0, ""n"": 9, ""seed"": 1, ""symmetric"": true}, ""requires_metric_symmetric_complete"": true}"
classical_comparison,classical_comparison_random_symmetric_n9_seed1,random_symmetric,9,1,networkx_greedy,ok,"[8, 1, 3, 4, 0, 2, 7, 6, 5]",362.99221622949,311.33160918650594,0.1659343462681822,True,True,0.00014270000019678264,261.4765625,261.4765625,0.0,,,,311.33160918650594,0.1659343462681822,True,"{""finite_edges"": true, ""instance_metadata"": {""complete"": true, ""high"": 100.0, ""instance_type"": ""random_symmetric"", ""low"": 1.0, ""n"": 9, ""seed"": 1, ""symmetric"": true}, ""valid_route"": true}"
classical_comparison,classical_comparison_random_symmetric_n9_seed1,random_symmetric,9,1,python_tsp_dynamic_programming,skipped_missing_dependency,,,311.33160918650594,nan,,,0.0006852000001345004,261.4765625,261.4765625,0.0,,,,311.33160918650594,nan,True,"{""instance_metadata"": {""complete"": true, ""high"": 100.0, ""instance_type"": ""random_symmetric"", ""low"": 1.0, ""n"": 9, ""seed"": 1, ""symmetric"": true}}"
classical_comparison,classical_comparison_random_asymmetric_n9_seed1,random_asymmetric,9,1,tn_exact,ok,"[8, 3, 4, 0, 2, 1, 5, 6, 7]",223.43579263643807,223.43579263643807,0.0,True,True,0.10578260000011142,261.4765625,261.4765625,0.0,28.0,,,223.43579263643807,0.0,True,"{""finite_edges"": true, ""instance_metadata"": {""complete"": true, ""high"": 100.0, ""instance_type"": ""random_asymmetric"", ""low"": 1.0, ""n"": 9, ""seed"": 1, ""symmetric"": false}, ""n_layers"": null, ""normalization_factor"": 98.09298278032263, ""normalize"": true, ""seed"": 0, ""tau"": 28.0, ""valid_route"": true}"
classical_comparison,classical_comparison_random_asymmetric_n9_seed1,random_asymmetric,9,1,tn_n_layers_5,ok,"[8, 3, 4, 0, 2, 1, 5, 6, 7]",223.43579263643807,223.43579263643807,0.0,True,True,0.11661169999979393,261.4765625,261.484375,0.0078125,28.0,5,,223.43579263643807,0.0,True,"{""finite_edges"": true, ""instance_metadata"": {""complete"": true, ""high"": 100.0, ""instance_type"": ""random_asymmetric"", ""low"": 1.0, ""n"": 9, ""seed"": 1, ""symmetric"": false}, ""n_layers"": 5, ""normalization_factor"": 98.09298278032263, ""normalize"": true, ""seed"": 0, ""tau"": 28.0, ""valid_route"": true}"
classical_comparison,classical_comparison_random_asymmetric_n9_seed1,random_asymmetric,9,1,tn_n_layers_4,ok,"[8, 3, 4, 0, 2, 1, 5, 6, 7]",223.43579263643807,223.43579263643807,0.0,True,True,0.05287029999999504,261.484375,261.48828125,0.00390625,28.0,4,,223.43579263643807,0.0,True,"{""finite_edges"": true, ""instance_metadata"": {""complete"": true, ""high"": 100.0, ""instance_type"": ""random_asymmetric"", ""low"": 1.0, ""n"": 9, ""seed"": 1, ""symmetric"": false}, ""n_layers"": 4, ""normalization_factor"": 98.09298278032263, ""normalize"": true, ""seed"": 0, ""tau"": 28.0, ""valid_route"": true}"
classical_comparison,classical_comparison_random_asymmetric_n9_seed1,random_asymmetric,9,1,tn_n_layers_2,ok,"[8, 3, 1, 7, 2, 4, 0, 5, 6]",304.21704445975763,223.43579263643807,0.3615412323609324,True,True,0.03818279999995866,261.48828125,261.4921875,0.00390625,28.0,2,,223.43579263643807,0.3615412323609324,True,"{""finite_edges"": true, ""instance_metadata"": {""complete"": true, ""high"": 100.0, ""instance_type"": ""random_asymmetric"", ""low"": 1.0, ""n"": 9, ""seed"": 1, ""symmetric"": false}, ""n_layers"": 2, ""normalization_factor"": 98.09298278032263, ""normalize"": true, ""seed"": 0, ""tau"": 28.0, ""valid_route"": true}"
classical_comparison,classical_comparison_random_asymmetric_n9_seed1,random_asymmetric,9,1,tn_n_layers_0,ok,"[8, 3, 1, 0, 2, 4, 7, 5, 6]",339.6622279628061,223.43579263643807,0.5201782308687,True,True,0.023149800000282994,261.4921875,261.4921875,0.0,28.0,0,,223.43579263643807,0.5201782308687,True,"{""finite_edges"": true, ""instance_metadata"": {""complete"": true, ""high"": 100.0, ""instance_type"": ""random_asymmetric"", ""low"": 1.0, ""n"": 9, ""seed"": 1, ""symmetric"": false}, ""n_layers"": 0, ""normalization_factor"": 98.09298278032263, ""normalize"": true, ""seed"": 0, ""tau"": 28.0, ""valid_route"": true}"
classical_comparison,classical_comparison_random_asymmetric_n9_seed1,random_asymmetric,9,1,held_karp,ok,"[8, 3, 4, 0, 2, 1, 5, 6, 7]",223.43579263643807,223.43579263643807,0.0,True,True,0.0016166000000339409,261.4921875,261.4921875,0.0,,,,223.43579263643807,0.0,True,"{""instance_metadata"": {""complete"": true, ""high"": 100.0, ""instance_type"": ""random_asymmetric"", ""low"": 1.0, ""n"": 9, ""seed"": 1, ""symmetric"": false}, ""max_n"": 18, ""start"": 8}"
classical_comparison,classical_comparison_random_asymmetric_n9_seed1,random_asymmetric,9,1,bruteforce,ok,"[8, 3, 4, 0, 2, 1, 5, 6, 7]",223.43579263643807,223.43579263643807,0.0,True,True,0.17024069999979474,261.4921875,261.4921875,0.0,,,,223.43579263643807,0.0,True,"{""instance_metadata"": {""complete"": true, ""high"": 100.0, ""instance_type"": ""random_asymmetric"", ""low"": 1.0, ""n"": 9, ""seed"": 1, ""symmetric"": false}, ""max_n"": 10, ""permutations_checked"": 40320, ""start"": 8}"
classical_comparison,classical_comparison_random_asymmetric_n9_seed1,random_asymmetric,9,1,ortools,ok,"[8, 3, 4, 0, 2, 1, 5, 6, 7]",223.43579263643807,223.43579263643807,0.0,True,True,0.0018165000001317821,261.4921875,261.4921875,0.0,,,5.0,223.43579263643807,0.0,True,"{""finite_edges"": true, ""infinity_penalty"": 882836847000, ""instance_metadata"": {""complete"": true, ""high"": 100.0, ""instance_type"": ""random_asymmetric"", ""low"": 1.0, ""n"": 9, ""seed"": 1, ""symmetric"": false}, ""integer_scale"": 1000000, ""start"": 8, ""time_limit_s"": 5.0, ""valid_route"": true}"
classical_comparison,classical_comparison_random_asymmetric_n9_seed1,random_asymmetric,9,1,networkx_christofides,skipped_not_applicable,,,223.43579263643807,nan,,,8.930000012696837e-05,261.4921875,261.4921875,0.0,,,,223.43579263643807,nan,True,"{""instance_metadata"": {""complete"": true, ""high"": 100.0, ""instance_type"": ""random_asymmetric"", ""low"": 1.0, ""n"": 9, ""seed"": 1, ""symmetric"": false}, ""requires_metric_symmetric_complete"": true}"
classical_comparison,classical_comparison_random_asymmetric_n9_seed1,random_asymmetric,9,1,networkx_greedy,ok,"[8, 3, 4, 0, 2, 1, 7, 5, 6]",301.8753122438626,223.43579263643807,0.3510606724279705,True,True,0.00016479999976581894,261.4921875,261.4921875,0.0,,,,223.43579263643807,0.3510606724279705,True,"{""finite_edges"": true, ""instance_metadata"": {""complete"": true, ""high"": 100.0, ""instance_type"": ""random_asymmetric"", ""low"": 1.0, ""n"": 9, ""seed"": 1, ""symmetric"": false}, ""valid_route"": true}"
classical_comparison,classical_comparison_random_asymmetric_n9_seed1,random_asymmetric,9,1,python_tsp_dynamic_programming,skipped_missing_dependency,,,223.43579263643807,nan,,,0.0007550000000264845,261.4921875,261.4921875,0.0,,,,223.43579263643807,nan,True,"{""instance_metadata"": {""complete"": true, ""high"": 100.0, ""instance_type"": ""random_asymmetric"", ""low"": 1.0, ""n"": 9, ""seed"": 1, ""symmetric"": false}}"
classical_comparison,classical_comparison_euclidean_n9_seed2,euclidean,9,2,tn_exact,ok,"[8, 2, 6, 7, 4, 0, 3, 5, 1]",2603.9366098683063,2603.936609868306,1.74638410613791e-16,True,True,0.11630860000013854,261.4921875,261.5546875,0.0625,28.0,,,2603.936609868306,1.74638410613791e-16,True,"{""finite_edges"": true, ""instance_metadata"": {""complete"": true, ""instance_type"": ""euclidean"", ""n"": 9, ""points"": [[261.6121342493164, 298.4911434141233], [814.2257405942803, 91.91594213509691], [600.100525965654, 728.5605268117946], [187.90107336660344, 55.14662733306819], [274.9693679060381, 657.4330148755926], [562.265662780428, 150.06226330533613], [432.6307908047872, 669.2972985745203], [422.7846732701278, 633.1843992741165], [967.4359524936766, 683.0648223096252]], ""scale"": 1000.0, ""seed"": 2, ""symmetric"": true}, ""n_layers"": null, ""normalization_factor"": 1000.9774659592883, ""normalize"": true, ""seed"": 0, ""tau"": 28.0, ""valid_route"": true}"
classical_comparison,classical_comparison_euclidean_n9_seed2,euclidean,9,2,tn_n_layers_5,ok,"[8, 2, 6, 7, 4, 0, 3, 5, 1]",2603.9366098683063,2603.936609868306,1.74638410613791e-16,True,True,0.07849179999993794,261.5546875,261.5625,0.0078125,28.0,5,,2603.936609868306,1.74638410613791e-16,True,"{""finite_edges"": true, ""instance_metadata"": {""complete"": true, ""instance_type"": ""euclidean"", ""n"": 9, ""points"": [[261.6121342493164, 298.4911434141233], [814.2257405942803, 91.91594213509691], [600.100525965654, 728.5605268117946], [187.90107336660344, 55.14662733306819], [274.9693679060381, 657.4330148755926], [562.265662780428, 150.06226330533613], [432.6307908047872, 669.2972985745203], [422.7846732701278, 633.1843992741165], [967.4359524936766, 683.0648223096252]], ""scale"": 1000.0, ""seed"": 2, ""symmetric"": true}, ""n_layers"": 5, ""normalization_factor"": 1000.9774659592883, ""normalize"": true, ""seed"": 0, ""tau"": 28.0, ""valid_route"": true}"
classical_comparison,classical_comparison_euclidean_n9_seed2,euclidean,9,2,tn_n_layers_4,ok,"[8, 5, 1, 3, 0, 4, 7, 6, 2]",2903.968091343165,2603.936609868306,0.11522226783010402,True,True,0.06703689999994822,261.5625,261.5703125,0.0078125,28.0,4,,2603.936609868306,0.11522226783010402,True,"{""finite_edges"": true, ""instance_metadata"": {""complete"": true, ""instance_type"": ""euclidean"", ""n"": 9, ""points"": [[261.6121342493164, 298.4911434141233], [814.2257405942803, 91.91594213509691], [600.100525965654, 728.5605268117946], [187.90107336660344, 55.14662733306819], [274.9693679060381, 657.4330148755926], [562.265662780428, 150.06226330533613], [432.6307908047872, 669.2972985745203], [422.7846732701278, 633.1843992741165], [967.4359524936766, 683.0648223096252]], ""scale"": 1000.0, ""seed"": 2, ""symmetric"": true}, ""n_layers"": 4, ""normalization_factor"": 1000.9774659592883, ""normalize"": true, ""seed"": 0, ""tau"": 28.0, ""valid_route"": true}"
classical_comparison,classical_comparison_euclidean_n9_seed2,euclidean,9,2,tn_n_layers_2,ok,"[8, 0, 5, 1, 3, 7, 4, 6, 2]",3504.6997109553567,2603.936609868306,0.3459235903337167,True,True,0.03724659999988944,261.5703125,261.5703125,0.0,28.0,2,,2603.936609868306,0.3459235903337167,True,"{""finite_edges"": true, ""instance_metadata"": {""complete"": true, ""instance_type"": ""euclidean"", ""n"": 9, ""points"": [[261.6121342493164, 298.4911434141233], [814.2257405942803, 91.91594213509691], [600.100525965654, 728.5605268117946], [187.90107336660344, 55.14662733306819], [274.9693679060381, 657.4330148755926], [562.265662780428, 150.06226330533613], [432.6307908047872, 669.2972985745203], [422.7846732701278, 633.1843992741165], [967.4359524936766, 683.0648223096252]], ""scale"": 1000.0, ""seed"": 2, ""symmetric"": true}, ""n_layers"": 2, ""normalization_factor"": 1000.9774659592883, ""normalize"": true, ""seed"": 0, ""tau"": 28.0, ""valid_route"": true}"
classical_comparison,classical_comparison_euclidean_n9_seed2,euclidean,9,2,tn_n_layers_0,ok,"[8, 2, 6, 7, 4, 0, 5, 1, 3]",3316.460310233105,2603.936609868306,0.2736332741989579,True,True,0.022030699999959324,261.5703125,261.5703125,0.0,28.0,0,,2603.936609868306,0.2736332741989579,True,"{""finite_edges"": true, ""instance_metadata"": {""complete"": true, ""instance_type"": ""euclidean"", ""n"": 9, ""points"": [[261.6121342493164, 298.4911434141233], [814.2257405942803, 91.91594213509691], [600.100525965654, 728.5605268117946], [187.90107336660344, 55.14662733306819], [274.9693679060381, 657.4330148755926], [562.265662780428, 150.06226330533613], [432.6307908047872, 669.2972985745203], [422.7846732701278, 633.1843992741165], [967.4359524936766, 683.0648223096252]], ""scale"": 1000.0, ""seed"": 2, ""symmetric"": true}, ""n_layers"": 0, ""normalization_factor"": 1000.9774659592883, ""normalize"": true, ""seed"": 0, ""tau"": 28.0, ""valid_route"": true}"
classical_comparison,classical_comparison_euclidean_n9_seed2,euclidean,9,2,held_karp,ok,"[8, 1, 5, 3, 0, 4, 7, 6, 2]",2603.936609868306,2603.936609868306,0.0,True,True,0.0014185999998517218,261.5703125,261.5703125,0.0,,,,2603.936609868306,0.0,True,"{""instance_metadata"": {""complete"": true, ""instance_type"": ""euclidean"", ""n"": 9, ""points"": [[261.6121342493164, 298.4911434141233], [814.2257405942803, 91.91594213509691], [600.100525965654, 728.5605268117946], [187.90107336660344, 55.14662733306819], [274.9693679060381, 657.4330148755926], [562.265662780428, 150.06226330533613], [432.6307908047872, 669.2972985745203], [422.7846732701278, 633.1843992741165], [967.4359524936766, 683.0648223096252]], ""scale"": 1000.0, ""seed"": 2, ""symmetric"": true}, ""max_n"": 18, ""start"": 8}"
classical_comparison,classical_comparison_euclidean_n9_seed2,euclidean,9,2,bruteforce,ok,"[8, 1, 5, 3, 0, 4, 7, 6, 2]",2603.936609868306,2603.936609868306,0.0,True,True,0.16136109999979453,261.5703125,261.5703125,0.0,,,,2603.936609868306,0.0,True,"{""instance_metadata"": {""complete"": true, ""instance_type"": ""euclidean"", ""n"": 9, ""points"": [[261.6121342493164, 298.4911434141233], [814.2257405942803, 91.91594213509691], [600.100525965654, 728.5605268117946], [187.90107336660344, 55.14662733306819], [274.9693679060381, 657.4330148755926], [562.265662780428, 150.06226330533613], [432.6307908047872, 669.2972985745203], [422.7846732701278, 633.1843992741165], [967.4359524936766, 683.0648223096252]], ""scale"": 1000.0, ""seed"": 2, ""symmetric"": true}, ""max_n"": 10, ""permutations_checked"": 40320, ""start"": 8}"
classical_comparison,classical_comparison_euclidean_n9_seed2,euclidean,9,2,ortools,ok,"[8, 2, 6, 7, 4, 0, 3, 5, 1]",2603.9366098683063,2603.936609868306,1.74638410613791e-16,True,True,0.002096500000334345,261.5703125,261.5703125,0.0,,,5.0,2603.936609868306,1.74638410613791e-16,True,"{""finite_edges"": true, ""infinity_penalty"": 9008797194000, ""instance_metadata"": {""complete"": true, ""instance_type"": ""euclidean"", ""n"": 9, ""points"": [[261.6121342493164, 298.4911434141233], [814.2257405942803, 91.91594213509691], [600.100525965654, 728.5605268117946], [187.90107336660344, 55.14662733306819], [274.9693679060381, 657.4330148755926], [562.265662780428, 150.06226330533613], [432.6307908047872, 669.2972985745203], [422.7846732701278, 633.1843992741165], [967.4359524936766, 683.0648223096252]], ""scale"": 1000.0, ""seed"": 2, ""symmetric"": true}, ""integer_scale"": 1000000, ""start"": 8, ""time_limit_s"": 5.0, ""valid_route"": true}"
classical_comparison,classical_comparison_euclidean_n9_seed2,euclidean,9,2,networkx_christofides,ok,"[8, 1, 5, 3, 0, 4, 7, 6, 2]",2603.936609868306,2603.936609868306,0.0,True,True,0.0012725999999929627,261.5703125,261.5703125,0.0,,,,2603.936609868306,0.0,True,"{""finite_edges"": true, ""instance_metadata"": {""complete"": true, ""instance_type"": ""euclidean"", ""n"": 9, ""points"": [[261.6121342493164, 298.4911434141233], [814.2257405942803, 91.91594213509691], [600.100525965654, 728.5605268117946], [187.90107336660344, 55.14662733306819], [274.9693679060381, 657.4330148755926], [562.265662780428, 150.06226330533613], [432.6307908047872, 669.2972985745203], [422.7846732701278, 633.1843992741165], [967.4359524936766, 683.0648223096252]], ""scale"": 1000.0, ""seed"": 2, ""symmetric"": true}, ""requires_metric_symmetric_complete"": true, ""valid_route"": true}"
classical_comparison,classical_comparison_euclidean_n9_seed2,euclidean,9,2,networkx_greedy,ok,"[8, 1, 5, 3, 0, 4, 7, 6, 2]",2603.936609868306,2603.936609868306,0.0,True,True,0.0001916999999593827,261.5703125,261.5703125,0.0,,,,2603.936609868306,0.0,True,"{""finite_edges"": true, ""instance_metadata"": {""complete"": true, ""instance_type"": ""euclidean"", ""n"": 9, ""points"": [[261.6121342493164, 298.4911434141233], [814.2257405942803, 91.91594213509691], [600.100525965654, 728.5605268117946], [187.90107336660344, 55.14662733306819], [274.9693679060381, 657.4330148755926], [562.265662780428, 150.06226330533613], [432.6307908047872, 669.2972985745203], [422.7846732701278, 633.1843992741165], [967.4359524936766, 683.0648223096252]], ""scale"": 1000.0, ""seed"": 2, ""symmetric"": true}, ""valid_route"": true}"
classical_comparison,classical_comparison_euclidean_n9_seed2,euclidean,9,2,python_tsp_dynamic_programming,skipped_missing_dependency,,,2603.936609868306,nan,,,0.0009248000001207402,261.5703125,261.5703125,0.0,,,,2603.936609868306,nan,True,"{""instance_metadata"": {""complete"": true, ""instance_type"": ""euclidean"", ""n"": 9, ""points"": [[261.6121342493164, 298.4911434141233], [814.2257405942803, 91.91594213509691], [600.100525965654, 728.5605268117946], [187.90107336660344, 55.14662733306819], [274.9693679060381, 657.4330148755926], [562.265662780428, 150.06226330533613], [432.6307908047872, 669.2972985745203], [422.7846732701278, 633.1843992741165], [967.4359524936766, 683.0648223096252]], ""scale"": 1000.0, ""seed"": 2, ""symmetric"": true}}"
classical_comparison,classical_comparison_random_symmetric_n9_seed2,random_symmetric,9,2,tn_exact,ok,"[8, 3, 1, 2, 6, 0, 7, 4, 5]",311.1481014945948,311.14810149459475,1.8268926786877887e-16,True,True,0.13626680000015767,261.5703125,261.5703125,0.0,28.0,,,311.14810149459475,1.8268926786877887e-16,True,"{""finite_edges"": true, ""instance_metadata"": {""complete"": true, ""high"": 100.0, ""instance_type"": ""random_symmetric"", ""low"": 1.0, ""n"": 9, ""seed"": 2, ""symmetric"": true}, ""n_layers"": null, ""normalization_factor"": 87.9820861044146, ""normalize"": true, ""seed"": 0, ""tau"": 28.0, ""valid_route"": true}"
classical_comparison,classical_comparison_random_symmetric_n9_seed2,random_symmetric,9,2,tn_n_layers_5,ok,"[8, 2, 1, 3, 7, 0, 6, 4, 5]",325.8316231985508,311.14810149459475,0.04719142309859515,True,True,0.08841609999990396,261.5703125,261.57421875,0.00390625,28.0,5,,311.14810149459475,0.04719142309859515,True,"{""finite_edges"": true, ""instance_metadata"": {""complete"": true, ""high"": 100.0, ""instance_type"": ""random_symmetric"", ""low"": 1.0, ""n"": 9, ""seed"": 2, ""symmetric"": true}, ""n_layers"": 5, ""normalization_factor"": 87.9820861044146, ""normalize"": true, ""seed"": 0, ""tau"": 28.0, ""valid_route"": true}"
classical_comparison,classical_comparison_random_symmetric_n9_seed2,random_symmetric,9,2,tn_n_layers_4,ok,"[8, 3, 2, 1, 4, 5, 6, 7, 0]",327.2010851815552,311.14810149459475,0.051592741880314194,True,True,0.053104899999652844,261.57421875,261.578125,0.00390625,28.0,4,,311.14810149459475,0.051592741880314194,True,"{""finite_edges"": true, ""instance_metadata"": {""complete"": true, ""high"": 100.0, ""instance_type"": ""random_symmetric"", ""low"": 1.0, ""n"": 9, ""seed"": 2, ""symmetric"": true}, ""n_layers"": 4, ""normalization_factor"": 87.9820861044146, ""normalize"": true, ""seed"": 0, ""tau"": 28.0, ""valid_route"": true}"
classical_comparison,classical_comparison_random_symmetric_n9_seed2,random_symmetric,9,2,tn_n_layers_2,ok,"[8, 0, 6, 2, 1, 3, 7, 4, 5]",345.22093038978295,311.14810149459475,0.10950678706223797,True,True,0.032475200000135374,261.578125,261.578125,0.0,28.0,2,,311.14810149459475,0.10950678706223797,True,"{""finite_edges"": true, ""instance_metadata"": {""complete"": true, ""high"": 100.0, ""instance_type"": ""random_symmetric"", ""low"": 1.0, ""n"": 9, ""seed"": 2, ""symmetric"": true}, ""n_layers"": 2, ""normalization_factor"": 87.9820861044146, ""normalize"": true, ""seed"": 0, ""tau"": 28.0, ""valid_route"": true}"
classical_comparison,classical_comparison_random_symmetric_n9_seed2,random_symmetric,9,2,tn_n_layers_0,ok,"[8, 3, 2, 1, 0, 7, 6, 5, 4]",343.29340254112276,311.14810149459475,0.10331189839217589,True,True,0.020204999999805295,261.578125,261.58203125,0.00390625,28.0,0,,311.14810149459475,0.10331189839217589,True,"{""finite_edges"": true, ""instance_metadata"": {""complete"": true, ""high"": 100.0, ""instance_type"": ""random_symmetric"", ""low"": 1.0, ""n"": 9, ""seed"": 2, ""symmetric"": true}, ""n_layers"": 0, ""normalization_factor"": 87.9820861044146, ""normalize"": true, ""seed"": 0, ""tau"": 28.0, ""valid_route"": true}"
classical_comparison,classical_comparison_random_symmetric_n9_seed2,random_symmetric,9,2,held_karp,ok,"[8, 5, 4, 7, 0, 6, 2, 1, 3]",311.14810149459475,311.14810149459475,0.0,True,True,0.0014477999998234736,261.58203125,261.58203125,0.0,,,,311.14810149459475,0.0,True,"{""instance_metadata"": {""complete"": true, ""high"": 100.0, ""instance_type"": ""random_symmetric"", ""low"": 1.0, ""n"": 9, ""seed"": 2, ""symmetric"": true}, ""max_n"": 18, ""start"": 8}"
classical_comparison,classical_comparison_random_symmetric_n9_seed2,random_symmetric,9,2,bruteforce,ok,"[8, 5, 4, 7, 0, 6, 2, 1, 3]",311.14810149459475,311.14810149459475,0.0,True,True,0.15366220000032627,261.58203125,261.58203125,0.0,,,,311.14810149459475,0.0,True,"{""instance_metadata"": {""complete"": true, ""high"": 100.0, ""instance_type"": ""random_symmetric"", ""low"": 1.0, ""n"": 9, ""seed"": 2, ""symmetric"": true}, ""max_n"": 10, ""permutations_checked"": 40320, ""start"": 8}"
classical_comparison,classical_comparison_random_symmetric_n9_seed2,random_symmetric,9,2,ortools,ok,"[8, 3, 1, 2, 6, 0, 7, 4, 5]",311.1481014945948,311.14810149459475,1.8268926786877887e-16,True,True,0.0015596999996887462,261.58203125,261.58203125,0.0,,,5.0,311.14810149459475,1.8268926786877887e-16,True,"{""finite_edges"": true, ""infinity_penalty"": 791838774000, ""instance_metadata"": {""complete"": true, ""high"": 100.0, ""instance_type"": ""random_symmetric"", ""low"": 1.0, ""n"": 9, ""seed"": 2, ""symmetric"": true}, ""integer_scale"": 1000000, ""start"": 8, ""time_limit_s"": 5.0, ""valid_route"": true}"
classical_comparison,classical_comparison_random_symmetric_n9_seed2,random_symmetric,9,2,networkx_christofides,skipped_not_applicable,,,311.14810149459475,nan,,,0.00011599999970712815,261.58203125,261.58203125,0.0,,,,311.14810149459475,nan,True,"{""instance_metadata"": {""complete"": true, ""high"": 100.0, ""instance_type"": ""random_symmetric"", ""low"": 1.0, ""n"": 9, ""seed"": 2, ""symmetric"": true}, ""requires_metric_symmetric_complete"": true}"
classical_comparison,classical_comparison_random_symmetric_n9_seed2,random_symmetric,9,2,networkx_greedy,ok,"[8, 3, 1, 2, 6, 0, 7, 4, 5]",311.1481014945948,311.14810149459475,1.8268926786877887e-16,True,True,0.00014009999995323597,261.58203125,261.58203125,0.0,,,,311.14810149459475,1.8268926786877887e-16,True,"{""finite_edges"": true, ""instance_metadata"": {""complete"": true, ""high"": 100.0, ""instance_type"": ""random_symmetric"", ""low"": 1.0, ""n"": 9, ""seed"": 2, ""symmetric"": true}, ""valid_route"": true}"
classical_comparison,classical_comparison_random_symmetric_n9_seed2,random_symmetric,9,2,python_tsp_dynamic_programming,skipped_missing_dependency,,,311.14810149459475,nan,,,0.0006665000000793952,261.58203125,261.58203125,0.0,,,,311.14810149459475,nan,True,"{""instance_metadata"": {""complete"": true, ""high"": 100.0, ""instance_type"": ""random_symmetric"", ""low"": 1.0, ""n"": 9, ""seed"": 2, ""symmetric"": true}}"
classical_comparison,classical_comparison_random_asymmetric_n9_seed2,random_asymmetric,9,2,tn_exact,ok,"[8, 5, 4, 3, 1, 2, 6, 7, 0]",191.91645712512536,191.91645712512536,0.0,True,True,0.10838479999983974,261.58203125,261.5859375,0.00390625,28.0,,,191.91645712512536,0.0,True,"{""finite_edges"": true, ""instance_metadata"": {""complete"": true, ""high"": 100.0, ""instance_type"": ""random_asymmetric"", ""low"": 1.0, ""n"": 9, ""seed"": 2, ""symmetric"": false}, ""n_layers"": null, ""normalization_factor"": 97.39419820081707, ""normalize"": true, ""seed"": 0, ""tau"": 28.0, ""valid_route"": true}"
classical_comparison,classical_comparison_random_asymmetric_n9_seed2,random_asymmetric,9,2,tn_n_layers_5,ok,"[8, 5, 4, 3, 1, 2, 6, 7, 0]",191.91645712512536,191.91645712512536,0.0,True,True,0.09002259999988382,261.5859375,261.5859375,0.0,28.0,5,,191.91645712512536,0.0,True,"{""finite_edges"": true, ""instance_metadata"": {""complete"": true, ""high"": 100.0, ""instance_type"": ""random_asymmetric"", ""low"": 1.0, ""n"": 9, ""seed"": 2, ""symmetric"": false}, ""n_layers"": 5, ""normalization_factor"": 97.39419820081707, ""normalize"": true, ""seed"": 0, ""tau"": 28.0, ""valid_route"": true}"
classical_comparison,classical_comparison_random_asymmetric_n9_seed2,random_asymmetric,9,2,tn_n_layers_4,ok,"[8, 5, 4, 0, 6, 7, 3, 1, 2]",204.87211994889145,191.91645712512536,0.06750678403425965,True,True,0.05690150000009453,261.5859375,261.58984375,0.00390625,28.0,4,,191.91645712512536,0.06750678403425965,True,"{""finite_edges"": true, ""instance_metadata"": {""complete"": true, ""high"": 100.0, ""instance_type"": ""random_asymmetric"", ""low"": 1.0, ""n"": 9, ""seed"": 2, ""symmetric"": false}, ""n_layers"": 4, ""normalization_factor"": 97.39419820081707, ""normalize"": true, ""seed"": 0, ""tau"": 28.0, ""valid_route"": true}"
classical_comparison,classical_comparison_random_asymmetric_n9_seed2,random_asymmetric,9,2,tn_n_layers_2,ok,"[8, 5, 4, 0, 7, 3, 1, 2, 6]",218.4431944084473,191.91645712512536,0.1382202322859008,True,True,0.04091640000024199,261.58984375,261.58984375,0.0,28.0,2,,191.91645712512536,0.1382202322859008,True,"{""finite_edges"": true, ""instance_metadata"": {""complete"": true, ""high"": 100.0, ""instance_type"": ""random_asymmetric"", ""low"": 1.0, ""n"": 9, ""seed"": 2, ""symmetric"": false}, ""n_layers"": 2, ""normalization_factor"": 97.39419820081707, ""normalize"": true, ""seed"": 0, ""tau"": 28.0, ""valid_route"": true}"
classical_comparison,classical_comparison_random_asymmetric_n9_seed2,random_asymmetric,9,2,tn_n_layers_0,ok,"[8, 5, 3, 2, 0, 7, 1, 6, 4]",269.513779941832,191.91645712512536,0.4043286541399359,True,True,0.022140999999919586,261.58984375,261.66015625,0.0703125,28.0,0,,191.91645712512536,0.4043286541399359,True,"{""finite_edges"": true, ""instance_metadata"": {""complete"": true, ""high"": 100.0, ""instance_type"": ""random_asymmetric"", ""low"": 1.0, ""n"": 9, ""seed"": 2, ""symmetric"": false}, ""n_layers"": 0, ""normalization_factor"": 97.39419820081707, ""normalize"": true, ""seed"": 0, ""tau"": 28.0, ""valid_route"": true}"
classical_comparison,classical_comparison_random_asymmetric_n9_seed2,random_asymmetric,9,2,held_karp,ok,"[8, 5, 4, 3, 1, 2, 6, 7, 0]",191.91645712512536,191.91645712512536,0.0,True,True,0.001273999999739317,261.66015625,261.66015625,0.0,,,,191.91645712512536,0.0,True,"{""instance_metadata"": {""complete"": true, ""high"": 100.0, ""instance_type"": ""random_asymmetric"", ""low"": 1.0, ""n"": 9, ""seed"": 2, ""symmetric"": false}, ""max_n"": 18, ""start"": 8}"
classical_comparison,classical_comparison_random_asymmetric_n9_seed2,random_asymmetric,9,2,bruteforce,ok,"[8, 5, 4, 3, 1, 2, 6, 7, 0]",191.91645712512536,191.91645712512536,0.0,True,True,0.14707780000026105,261.66015625,261.66015625,0.0,,,,191.91645712512536,0.0,True,"{""instance_metadata"": {""complete"": true, ""high"": 100.0, ""instance_type"": ""random_asymmetric"", ""low"": 1.0, ""n"": 9, ""seed"": 2, ""symmetric"": false}, ""max_n"": 10, ""permutations_checked"": 40320, ""start"": 8}"
classical_comparison,classical_comparison_random_asymmetric_n9_seed2,random_asymmetric,9,2,ortools,ok,"[8, 5, 4, 3, 1, 2, 6, 7, 0]",191.91645712512536,191.91645712512536,0.0,True,True,0.0016749999999774445,261.66015625,261.66015625,0.0,,,5.0,191.91645712512536,0.0,True,"{""finite_edges"": true, ""infinity_penalty"": 876547782000, ""instance_metadata"": {""complete"": true, ""high"": 100.0, ""instance_type"": ""random_asymmetric"", ""low"": 1.0, ""n"": 9, ""seed"": 2, ""symmetric"": false}, ""integer_scale"": 1000000, ""start"": 8, ""time_limit_s"": 5.0, ""valid_route"": true}"
classical_comparison,classical_comparison_random_asymmetric_n9_seed2,random_asymmetric,9,2,networkx_christofides,skipped_not_applicable,,,191.91645712512536,nan,,,8.679999973537633e-05,261.66015625,261.66015625,0.0,,,,191.91645712512536,nan,True,"{""instance_metadata"": {""complete"": true, ""high"": 100.0, ""instance_type"": ""random_asymmetric"", ""low"": 1.0, ""n"": 9, ""seed"": 2, ""symmetric"": false}, ""requires_metric_symmetric_complete"": true}"
classical_comparison,classical_comparison_random_asymmetric_n9_seed2,random_asymmetric,9,2,networkx_greedy,ok,"[8, 5, 4, 3, 2, 1, 6, 7, 0]",226.52332827535827,191.91645712512536,0.18032258238109292,True,True,0.00015780000012455275,261.66015625,261.66015625,0.0,,,,191.91645712512536,0.18032258238109292,True,"{""finite_edges"": true, ""instance_metadata"": {""complete"": true, ""high"": 100.0, ""instance_type"": ""random_asymmetric"", ""low"": 1.0, ""n"": 9, ""seed"": 2, ""symmetric"": false}, ""valid_route"": true}"
classical_comparison,classical_comparison_random_asymmetric_n9_seed2,random_asymmetric,9,2,python_tsp_dynamic_programming,skipped_missing_dependency,,,191.91645712512536,nan,,,0.0007400999998026236,261.66015625,261.66015625,0.0,,,,191.91645712512536,nan,True,"{""instance_metadata"": {""complete"": true, ""high"": 100.0, ""instance_type"": ""random_asymmetric"", ""low"": 1.0, ""n"": 9, ""seed"": 2, ""symmetric"": false}}"
classical_comparison,classical_comparison_euclidean_n9_seed3,euclidean,9,3,tn_exact,ok,"[8, 2, 0, 3, 4, 1, 7, 6, 5]",2727.6411359085246,2727.6411359085246,0.0,True,True,0.10908539999991262,261.66015625,261.66796875,0.0078125,28.0,,,2727.6411359085246,0.0,True,"{""finite_edges"": true, ""instance_metadata"": {""complete"": true, ""instance_type"": ""euclidean"", ""n"": 9, ""points"": [[85.64916714362437, 236.8105065960997], [801.2744652063969, 582.1620360643678], [94.12864224039919, 433.1269402364738], [479.05129814083404, 159.73891463707858], [734.5771514092145, 113.6720199214034], [391.22819049566203, 516.7401826213637], [430.6280204141778, 586.7985714381407], [737.8377872921602, 956.2672548360986], [284.20116374879143, 648.5472070798251]], ""scale"": 1000.0, ""seed"": 3, ""symmetric"": true}, ""n_layers"": null, ""normalization_factor"": 971.065398847742, ""normalize"": true, ""seed"": 0, ""tau"": 28.0, ""valid_route"": true}"
classical_comparison,classical_comparison_euclidean_n9_seed3,euclidean,9,3,tn_n_layers_5,ok,"[8, 2, 0, 3, 4, 1, 7, 6, 5]",2727.6411359085246,2727.6411359085246,0.0,True,True,0.10515080000004673,261.66796875,261.66796875,0.0,28.0,5,,2727.6411359085246,0.0,True,"{""finite_edges"": true, ""instance_metadata"": {""complete"": true, ""instance_type"": ""euclidean"", ""n"": 9, ""points"": [[85.64916714362437, 236.8105065960997], [801.2744652063969, 582.1620360643678], [94.12864224039919, 433.1269402364738], [479.05129814083404, 159.73891463707858], [734.5771514092145, 113.6720199214034], [391.22819049566203, 516.7401826213637], [430.6280204141778, 586.7985714381407], [737.8377872921602, 956.2672548360986], [284.20116374879143, 648.5472070798251]], ""scale"": 1000.0, ""seed"": 3, ""symmetric"": true}, ""n_layers"": 5, ""normalization_factor"": 971.065398847742, ""normalize"": true, ""seed"": 0, ""tau"": 28.0, ""valid_route"": true}"
classical_comparison,classical_comparison_euclidean_n9_seed3,euclidean,9,3,tn_n_layers_4,ok,"[8, 2, 3, 4, 1, 7, 6, 5, 0]",3304.1277559515497,2727.6411359085246,0.2113498775384206,True,True,0.0574879000000692,261.66796875,261.671875,0.00390625,28.0,4,,2727.6411359085246,0.2113498775384206,True,"{""finite_edges"": true, ""instance_metadata"": {""complete"": true, ""instance_type"": ""euclidean"", ""n"": 9, ""points"": [[85.64916714362437, 236.8105065960997], [801.2744652063969, 582.1620360643678], [94.12864224039919, 433.1269402364738], [479.05129814083404, 159.73891463707858], [734.5771514092145, 113.6720199214034], [391.22819049566203, 516.7401826213637], [430.6280204141778, 586.7985714381407], [737.8377872921602, 956.2672548360986], [284.20116374879143, 648.5472070798251]], ""scale"": 1000.0, ""seed"": 3, ""symmetric"": true}, ""n_layers"": 4, ""normalization_factor"": 971.065398847742, ""normalize"": true, ""seed"": 0, ""tau"": 28.0, ""valid_route"": true}"
classical_comparison,classical_comparison_euclidean_n9_seed3,euclidean,9,3,tn_n_layers_2,ok,"[8, 5, 4, 1, 6, 3, 0, 2, 7]",3947.975264185913,2727.6411359085246,0.4473954114462051,True,True,0.032168499999897904,261.671875,261.67578125,0.00390625,28.0,2,,2727.6411359085246,0.4473954114462051,True,"{""finite_edges"": true, ""instance_metadata"": {""complete"": true, ""instance_type"": ""euclidean"", ""n"": 9, ""points"": [[85.64916714362437, 236.8105065960997], [801.2744652063969, 582.1620360643678], [94.12864224039919, 433.1269402364738], [479.05129814083404, 159.73891463707858], [734.5771514092145, 113.6720199214034], [391.22819049566203, 516.7401826213637], [430.6280204141778, 586.7985714381407], [737.8377872921602, 956.2672548360986], [284.20116374879143, 648.5472070798251]], ""scale"": 1000.0, ""seed"": 3, ""symmetric"": true}, ""n_layers"": 2, ""normalization_factor"": 971.065398847742, ""normalize"": true, ""seed"": 0, ""tau"": 28.0, ""valid_route"": true}"
classical_comparison,classical_comparison_euclidean_n9_seed3,euclidean,9,3,tn_n_layers_0,ok,"[8, 6, 5, 2, 0, 3, 4, 1, 7]",2805.7759754581302,2727.6411359085246,0.028645571633667436,True,True,0.019829700000173034,261.67578125,261.67578125,0.0,28.0,0,,2727.6411359085246,0.028645571633667436,True,"{""finite_edges"": true, ""instance_metadata"": {""complete"": true, ""instance_type"": ""euclidean"", ""n"": 9, ""points"": [[85.64916714362437, 236.8105065960997], [801.2744652063969, 582.1620360643678], [94.12864224039919, 433.1269402364738], [479.05129814083404, 159.73891463707858], [734.5771514092145, 113.6720199214034], [391.22819049566203, 516.7401826213637], [430.6280204141778, 586.7985714381407], [737.8377872921602, 956.2672548360986], [284.20116374879143, 648.5472070798251]], ""scale"": 1000.0, ""seed"": 3, ""symmetric"": true}, ""n_layers"": 0, ""normalization_factor"": 971.065398847742, ""normalize"": true, ""seed"": 0, ""tau"": 28.0, ""valid_route"": true}"
classical_comparison,classical_comparison_euclidean_n9_seed3,euclidean,9,3,held_karp,ok,"[8, 5, 6, 7, 1, 4, 3, 0, 2]",2727.6411359085246,2727.6411359085246,0.0,True,True,0.0013192999999773747,261.67578125,261.67578125,0.0,,,,2727.6411359085246,0.0,True,"{""instance_metadata"": {""complete"": true, ""instance_type"": ""euclidean"", ""n"": 9, ""points"": [[85.64916714362437, 236.8105065960997], [801.2744652063969, 582.1620360643678], [94.12864224039919, 433.1269402364738], [479.05129814083404, 159.73891463707858], [734.5771514092145, 113.6720199214034], [391.22819049566203, 516.7401826213637], [430.6280204141778, 586.7985714381407], [737.8377872921602, 956.2672548360986], [284.20116374879143, 648.5472070798251]], ""scale"": 1000.0, ""seed"": 3, ""symmetric"": true}, ""max_n"": 18, ""start"": 8}"
classical_comparison,classical_comparison_euclidean_n9_seed3,euclidean,9,3,bruteforce,ok,"[8, 2, 0, 3, 4, 1, 7, 6, 5]",2727.6411359085246,2727.6411359085246,0.0,True,True,0.15076270000008662,261.67578125,261.67578125,0.0,,,,2727.6411359085246,0.0,True,"{""instance_metadata"": {""complete"": true, ""instance_type"": ""euclidean"", ""n"": 9, ""points"": [[85.64916714362437, 236.8105065960997], [801.2744652063969, 582.1620360643678], [94.12864224039919, 433.1269402364738], [479.05129814083404, 159.73891463707858], [734.5771514092145, 113.6720199214034], [391.22819049566203, 516.7401826213637], [430.6280204141778, 586.7985714381407], [737.8377872921602, 956.2672548360986], [284.20116374879143, 648.5472070798251]], ""scale"": 1000.0, ""seed"": 3, ""symmetric"": true}, ""max_n"": 10, ""permutations_checked"": 40320, ""start"": 8}"
classical_comparison,classical_comparison_euclidean_n9_seed3,euclidean,9,3,ortools,ok,"[8, 5, 6, 7, 1, 4, 3, 0, 2]",2727.6411359085246,2727.6411359085246,0.0,True,True,0.0016866999999365362,261.67578125,261.67578125,0.0,,,5.0,2727.6411359085246,0.0,True,"{""finite_edges"": true, ""infinity_penalty"": 8739588591000, ""instance_metadata"": {""complete"": true, ""instance_type"": ""euclidean"", ""n"": 9, ""points"": [[85.64916714362437, 236.8105065960997], [801.2744652063969, 582.1620360643678], [94.12864224039919, 433.1269402364738], [479.05129814083404, 159.73891463707858], [734.5771514092145, 113.6720199214034], [391.22819049566203, 516.7401826213637], [430.6280204141778, 586.7985714381407], [737.8377872921602, 956.2672548360986], [284.20116374879143, 648.5472070798251]], ""scale"": 1000.0, ""seed"": 3, ""symmetric"": true}, ""integer_scale"": 1000000, ""start"": 8, ""time_limit_s"": 5.0, ""valid_route"": true}"
classical_comparison,classical_comparison_euclidean_n9_seed3,euclidean,9,3,networkx_christofides,ok,"[8, 1, 7, 6, 5, 3, 4, 0, 2]",3233.228998729661,2727.6411359085246,0.18535717773325583,True,True,0.0008049000002756657,261.67578125,261.67578125,0.0,,,,2727.6411359085246,0.18535717773325583,True,"{""finite_edges"": true, ""instance_metadata"": {""complete"": true, ""instance_type"": ""euclidean"", ""n"": 9, ""points"": [[85.64916714362437, 236.8105065960997], [801.2744652063969, 582.1620360643678], [94.12864224039919, 433.1269402364738], [479.05129814083404, 159.73891463707858], [734.5771514092145, 113.6720199214034], [391.22819049566203, 516.7401826213637], [430.6280204141778, 586.7985714381407], [737.8377872921602, 956.2672548360986], [284.20116374879143, 648.5472070798251]], ""scale"": 1000.0, ""seed"": 3, ""symmetric"": true}, ""requires_metric_symmetric_complete"": true, ""valid_route"": true}"
classical_comparison,classical_comparison_euclidean_n9_seed3,euclidean,9,3,networkx_greedy,ok,"[8, 6, 5, 2, 0, 3, 4, 1, 7]",2805.7759754581302,2727.6411359085246,0.028645571633667436,True,True,0.00013179999996282277,261.67578125,261.67578125,0.0,,,,2727.6411359085246,0.028645571633667436,True,"{""finite_edges"": true, ""instance_metadata"": {""complete"": true, ""instance_type"": ""euclidean"", ""n"": 9, ""points"": [[85.64916714362437, 236.8105065960997], [801.2744652063969, 582.1620360643678], [94.12864224039919, 433.1269402364738], [479.05129814083404, 159.73891463707858], [734.5771514092145, 113.6720199214034], [391.22819049566203, 516.7401826213637], [430.6280204141778, 586.7985714381407], [737.8377872921602, 956.2672548360986], [284.20116374879143, 648.5472070798251]], ""scale"": 1000.0, ""seed"": 3, ""symmetric"": true}, ""valid_route"": true}"
classical_comparison,classical_comparison_euclidean_n9_seed3,euclidean,9,3,python_tsp_dynamic_programming,skipped_missing_dependency,,,2727.6411359085246,nan,,,0.0006815000001552107,261.67578125,261.67578125,0.0,,,,2727.6411359085246,nan,True,"{""instance_metadata"": {""complete"": true, ""instance_type"": ""euclidean"", ""n"": 9, ""points"": [[85.64916714362437, 236.8105065960997], [801.2744652063969, 582.1620360643678], [94.12864224039919, 433.1269402364738], [479.05129814083404, 159.73891463707858], [734.5771514092145, 113.6720199214034], [391.22819049566203, 516.7401826213637], [430.6280204141778, 586.7985714381407], [737.8377872921602, 956.2672548360986], [284.20116374879143, 648.5472070798251]], ""scale"": 1000.0, ""seed"": 3, ""symmetric"": true}}"
classical_comparison,classical_comparison_random_symmetric_n9_seed3,random_symmetric,9,3,tn_exact,ok,"[8, 4, 3, 1, 0, 7, 2, 5, 6]",250.4371058000164,250.43710580001635,2.2697682389845083e-16,True,True,0.12248769999996512,261.67578125,261.6796875,0.00390625,28.0,,,250.43710580001635,2.2697682389845083e-16,True,"{""finite_edges"": true, ""instance_metadata"": {""complete"": true, ""high"": 100.0, ""instance_type"": ""random_symmetric"", ""low"": 1.0, ""n"": 9, ""seed"": 3, ""symmetric"": true}, ""n_layers"": null, ""normalization_factor"": 91.54543441727714, ""normalize"": true, ""seed"": 0, ""tau"": 28.0, ""valid_route"": true}"
classical_comparison,classical_comparison_random_symmetric_n9_seed3,random_symmetric,9,3,tn_n_layers_5,ok,"[8, 5, 6, 1, 3, 4, 0, 7, 2]",269.6676800348666,250.43710580001635,0.07678803895061212,True,True,0.10603709999986677,261.6796875,261.68359375,0.00390625,28.0,5,,250.43710580001635,0.07678803895061212,True,"{""finite_edges"": true, ""instance_metadata"": {""complete"": true, ""high"": 100.0, ""instance_type"": ""random_symmetric"", ""low"": 1.0, ""n"": 9, ""seed"": 3, ""symmetric"": true}, ""n_layers"": 5, ""normalization_factor"": 91.54543441727714, ""normalize"": true, ""seed"": 0, ""tau"": 28.0, ""valid_route"": true}"
classical_comparison,classical_comparison_random_symmetric_n9_seed3,random_symmetric,9,3,tn_n_layers_4,ok,"[8, 5, 2, 7, 0, 4, 3, 1, 6]",295.1116255063851,250.43710580001635,0.17838618428230468,True,True,0.04588030000013532,261.68359375,261.68359375,0.0,28.0,4,,250.43710580001635,0.17838618428230468,True,"{""finite_edges"": true, ""instance_metadata"": {""complete"": true, ""high"": 100.0, ""instance_type"": ""random_symmetric"", ""low"": 1.0, ""n"": 9, ""seed"": 3, ""symmetric"": true}, ""n_layers"": 4, ""normalization_factor"": 91.54543441727714, ""normalize"": true, ""seed"": 0, ""tau"": 28.0, ""valid_route"": true}"
classical_comparison,classical_comparison_random_symmetric_n9_seed3,random_symmetric,9,3,tn_n_layers_2,ok,"[8, 4, 0, 1, 3, 6, 7, 2, 5]",311.52614352411354,250.43710580001635,0.24392965862206986,True,True,0.03056369999967501,261.68359375,261.703125,0.01953125,28.0,2,,250.43710580001635,0.24392965862206986,True,"{""finite_edges"": true, ""instance_metadata"": {""complete"": true, ""high"": 100.0, ""instance_type"": ""random_symmetric"", ""low"": 1.0, ""n"": 9, ""seed"": 3, ""symmetric"": true}, ""n_layers"": 2, ""normalization_factor"": 91.54543441727714, ""normalize"": true, ""seed"": 0, ""tau"": 28.0, ""valid_route"": true}"
classical_comparison,classical_comparison_random_symmetric_n9_seed3,random_symmetric,9,3,tn_n_layers_0,ok,"[8, 5, 2, 4, 3, 1, 0, 6, 7]",384.8706815601338,250.43710580001635,0.5367957568854346,True,True,0.01810429999977714,261.703125,261.70703125,0.00390625,28.0,0,,250.43710580001635,0.5367957568854346,True,"{""finite_edges"": true, ""instance_metadata"": {""complete"": true, ""high"": 100.0, ""instance_type"": ""random_symmetric"", ""low"": 1.0, ""n"": 9, ""seed"": 3, ""symmetric"": true}, ""n_layers"": 0, ""normalization_factor"": 91.54543441727714, ""normalize"": true, ""seed"": 0, ""tau"": 28.0, ""valid_route"": true}"
classical_comparison,classical_comparison_random_symmetric_n9_seed3,random_symmetric,9,3,held_karp,ok,"[8, 6, 5, 2, 7, 0, 1, 3, 4]",250.43710580001635,250.43710580001635,0.0,True,True,0.0013589000000138185,261.70703125,261.70703125,0.0,,,,250.43710580001635,0.0,True,"{""instance_metadata"": {""complete"": true, ""high"": 100.0, ""instance_type"": ""random_symmetric"", ""low"": 1.0, ""n"": 9, ""seed"": 3, ""symmetric"": true}, ""max_n"": 18, ""start"": 8}"
classical_comparison,classical_comparison_random_symmetric_n9_seed3,random_symmetric,9,3,bruteforce,ok,"[8, 6, 5, 2, 7, 0, 1, 3, 4]",250.43710580001635,250.43710580001635,0.0,True,True,0.14778709999973216,261.70703125,261.70703125,0.0,,,,250.43710580001635,0.0,True,"{""instance_metadata"": {""complete"": true, ""high"": 100.0, ""instance_type"": ""random_symmetric"", ""low"": 1.0, ""n"": 9, ""seed"": 3, ""symmetric"": true}, ""max_n"": 10, ""permutations_checked"": 40320, ""start"": 8}"
classical_comparison,classical_comparison_random_symmetric_n9_seed3,random_symmetric,9,3,ortools,ok,"[8, 4, 3, 1, 0, 7, 2, 5, 6]",250.4371058000164,250.43710580001635,2.2697682389845083e-16,True,True,0.0018101000000569911,261.70703125,261.765625,0.05859375,,,5.0,250.43710580001635,2.2697682389845083e-16,True,"{""finite_edges"": true, ""infinity_penalty"": 823908906000, ""instance_metadata"": {""complete"": true, ""high"": 100.0, ""instance_type"": ""random_symmetric"", ""low"": 1.0, ""n"": 9, ""seed"": 3, ""symmetric"": true}, ""integer_scale"": 1000000, ""start"": 8, ""time_limit_s"": 5.0, ""valid_route"": true}"
classical_comparison,classical_comparison_random_symmetric_n9_seed3,random_symmetric,9,3,networkx_christofides,skipped_not_applicable,,,250.43710580001635,nan,,,0.00011009999980160501,261.765625,261.765625,0.0,,,,250.43710580001635,nan,True,"{""instance_metadata"": {""complete"": true, ""high"": 100.0, ""instance_type"": ""random_symmetric"", ""low"": 1.0, ""n"": 9, ""seed"": 3, ""symmetric"": true}, ""requires_metric_symmetric_complete"": true}"
classical_comparison,classical_comparison_random_symmetric_n9_seed3,random_symmetric,9,3,networkx_greedy,ok,"[8, 2, 7, 3, 4, 0, 1, 6, 5]",280.6014381350306,250.43710580001635,0.12044673746989246,True,True,0.0001554000000396627,261.765625,261.765625,0.0,,,,250.43710580001635,0.12044673746989246,True,"{""finite_edges"": true, ""instance_metadata"": {""complete"": true, ""high"": 100.0, ""instance_type"": ""random_symmetric"", ""low"": 1.0, ""n"": 9, ""seed"": 3, ""symmetric"": true}, ""valid_route"": true}"
classical_comparison,classical_comparison_random_symmetric_n9_seed3,random_symmetric,9,3,python_tsp_dynamic_programming,skipped_missing_dependency,,,250.43710580001635,nan,,,0.0006840000000920554,261.765625,261.765625,0.0,,,,250.43710580001635,nan,True,"{""instance_metadata"": {""complete"": true, ""high"": 100.0, ""instance_type"": ""random_symmetric"", ""low"": 1.0, ""n"": 9, ""seed"": 3, ""symmetric"": true}}"
classical_comparison,classical_comparison_random_asymmetric_n9_seed3,random_asymmetric,9,3,tn_exact,ok,"[8, 2, 5, 6, 3, 1, 0, 7, 4]",188.72338315540503,188.72338315540503,0.0,True,True,0.11338360000036118,261.765625,261.7734375,0.0078125,28.0,,,188.72338315540503,0.0,True,"{""finite_edges"": true, ""instance_metadata"": {""complete"": true, ""high"": 100.0, ""instance_type"": ""random_asymmetric"", ""low"": 1.0, ""n"": 9, ""seed"": 3, ""symmetric"": false}, ""n_layers"": null, ""normalization_factor"": 97.37256720187486, ""normalize"": true, ""seed"": 0, ""tau"": 28.0, ""valid_route"": true}"
classical_comparison,classical_comparison_random_asymmetric_n9_seed3,random_asymmetric,9,3,tn_n_layers_5,ok,"[8, 4, 3, 1, 0, 7, 6, 5, 2]",207.13154069980328,188.72338315540503,0.09754041728491047,True,True,0.11125620000029812,261.7734375,261.78125,0.0078125,28.0,5,,188.72338315540503,0.09754041728491047,True,"{""finite_edges"": true, ""instance_metadata"": {""complete"": true, ""high"": 100.0, ""instance_type"": ""random_asymmetric"", ""low"": 1.0, ""n"": 9, ""seed"": 3, ""symmetric"": false}, ""n_layers"": 5, ""normalization_factor"": 97.37256720187486, ""normalize"": true, ""seed"": 0, ""tau"": 28.0, ""valid_route"": true}"
classical_comparison,classical_comparison_random_asymmetric_n9_seed3,random_asymmetric,9,3,tn_n_layers_4,ok,"[8, 4, 3, 1, 0, 7, 6, 5, 2]",207.13154069980328,188.72338315540503,0.09754041728491047,True,True,0.059007300000303076,261.78125,261.78515625,0.00390625,28.0,4,,188.72338315540503,0.09754041728491047,True,"{""finite_edges"": true, ""instance_metadata"": {""complete"": true, ""high"": 100.0, ""instance_type"": ""random_asymmetric"", ""low"": 1.0, ""n"": 9, ""seed"": 3, ""symmetric"": false}, ""n_layers"": 4, ""normalization_factor"": 97.37256720187486, ""normalize"": true, ""seed"": 0, ""tau"": 28.0, ""valid_route"": true}"
classical_comparison,classical_comparison_random_asymmetric_n9_seed3,random_asymmetric,9,3,tn_n_layers_2,ok,"[8, 2, 1, 0, 7, 4, 3, 6, 5]",249.3729788960763,188.72338315540503,0.3213676796517001,True,True,0.030241299999943294,261.78515625,261.78515625,0.0,28.0,2,,188.72338315540503,0.3213676796517001,True,"{""finite_edges"": true, ""instance_metadata"": {""complete"": true, ""high"": 100.0, ""instance_type"": ""random_asymmetric"", ""low"": 1.0, ""n"": 9, ""seed"": 3, ""symmetric"": false}, ""n_layers"": 2, ""normalization_factor"": 97.37256720187486, ""normalize"": true, ""seed"": 0, ""tau"": 28.0, ""valid_route"": true}"
classical_comparison,classical_comparison_random_asymmetric_n9_seed3,random_asymmetric,9,3,tn_n_layers_0,ok,"[8, 5, 2, 4, 3, 1, 0, 7, 6]",255.77108672729548,188.72338315540503,0.35526972042822985,True,True,0.018462999999883323,261.78515625,261.78515625,0.0,28.0,0,,188.72338315540503,0.35526972042822985,True,"{""finite_edges"": true, ""instance_metadata"": {""complete"": true, ""high"": 100.0, ""instance_type"": ""random_asymmetric"", ""low"": 1.0, ""n"": 9, ""seed"": 3, ""symmetric"": false}, ""n_layers"": 0, ""normalization_factor"": 97.37256720187486, ""normalize"": true, ""seed"": 0, ""tau"": 28.0, ""valid_route"": true}"
classical_comparison,classical_comparison_random_asymmetric_n9_seed3,random_asymmetric,9,3,held_karp,ok,"[8, 2, 5, 6, 3, 1, 0, 7, 4]",188.72338315540503,188.72338315540503,0.0,True,True,0.0012792000002264103,261.78515625,261.78515625,0.0,,,,188.72338315540503,0.0,True,"{""instance_metadata"": {""complete"": true, ""high"": 100.0, ""instance_type"": ""random_asymmetric"", ""low"": 1.0, ""n"": 9, ""seed"": 3, ""symmetric"": false}, ""max_n"": 18, ""start"": 8}"
classical_comparison,classical_comparison_random_asymmetric_n9_seed3,random_asymmetric,9,3,bruteforce,ok,"[8, 2, 5, 6, 3, 1, 0, 7, 4]",188.72338315540503,188.72338315540503,0.0,True,True,0.15016340000011041,261.78515625,261.78515625,0.0,,,,188.72338315540503,0.0,True,"{""instance_metadata"": {""complete"": true, ""high"": 100.0, ""instance_type"": ""random_asymmetric"", ""low"": 1.0, ""n"": 9, ""seed"": 3, ""symmetric"": false}, ""max_n"": 10, ""permutations_checked"": 40320, ""start"": 8}"
classical_comparison,classical_comparison_random_asymmetric_n9_seed3,random_asymmetric,9,3,ortools,ok,"[8, 2, 4, 3, 1, 0, 7, 6, 5]",205.74051522282883,188.72338315540503,0.09016970649265532,True,True,0.0017299999999522697,261.78515625,261.7890625,0.00390625,,,5.0,188.72338315540503,0.09016970649265532,True,"{""finite_edges"": true, ""infinity_penalty"": 876353103000, ""instance_metadata"": {""complete"": true, ""high"": 100.0, ""instance_type"": ""random_asymmetric"", ""low"": 1.0, ""n"": 9, ""seed"": 3, ""symmetric"": false}, ""integer_scale"": 1000000, ""start"": 8, ""time_limit_s"": 5.0, ""valid_route"": true}"
classical_comparison,classical_comparison_random_asymmetric_n9_seed3,random_asymmetric,9,3,networkx_christofides,skipped_not_applicable,,,188.72338315540503,nan,,,9.11999995878432e-05,261.7890625,261.7890625,0.0,,,,188.72338315540503,nan,True,"{""instance_metadata"": {""complete"": true, ""high"": 100.0, ""instance_type"": ""random_asymmetric"", ""low"": 1.0, ""n"": 9, ""seed"": 3, ""symmetric"": false}, ""requires_metric_symmetric_complete"": true}"
classical_comparison,classical_comparison_random_asymmetric_n9_seed3,random_asymmetric,9,3,networkx_greedy,ok,"[8, 2, 1, 0, 4, 3, 7, 6, 5]",216.19040221055758,188.72338315540503,0.14554115444472887,True,True,0.00016180000011445372,261.7890625,261.7890625,0.0,,,,188.72338315540503,0.14554115444472887,True,"{""finite_edges"": true, ""instance_metadata"": {""complete"": true, ""high"": 100.0, ""instance_type"": ""random_asymmetric"", ""low"": 1.0, ""n"": 9, ""seed"": 3, ""symmetric"": false}, ""valid_route"": true}"
classical_comparison,classical_comparison_random_asymmetric_n9_seed3,random_asymmetric,9,3,python_tsp_dynamic_programming,skipped_missing_dependency,,,188.72338315540503,nan,,,0.0007049999999253487,261.7890625,261.7890625,0.0,,,,188.72338315540503,nan,True,"{""instance_metadata"": {""complete"": true, ""high"": 100.0, ""instance_type"": ""random_asymmetric"", ""low"": 1.0, ""n"": 9, ""seed"": 3, ""symmetric"": false}}"
classical_comparison,classical_comparison_euclidean_n9_seed4,euclidean,9,4,tn_exact,ok,"[8, 6, 2, 3, 1, 7, 5, 0, 4]",2436.5433218299013,2436.5433218299013,0.0,True,True,0.10966910000024654,261.7890625,261.85546875,0.06640625,28.0,,,2436.5433218299013,0.0,True,"{""finite_edges"": true, ""instance_metadata"": {""complete"": true, ""instance_type"": ""euclidean"", ""n"": 9, ""points"": [[943.0561055723676, 511.3275528143616], [976.2437057077042, 80.83602389560218], [607.3558319950296, 376.48658437727255], [801.9012069858072, 174.52781614402846], [871.6352741876564, 543.9414007634982], [902.2150797159884, 477.1535238392063], [430.4962777294131, 788.9467175443294], [984.1529999311214, 369.72579265242877], [968.9328693162349, 929.0263877654195]], ""scale"": 1000.0, ""seed"": 4, ""symmetric"": true}, ""n_layers"": null, ""normalization_factor"": 894.0139873651874, ""normalize"": true, ""seed"": 0, ""tau"": 28.0, ""valid_route"": true}"
classical_comparison,classical_comparison_euclidean_n9_seed4,euclidean,9,4,tn_n_layers_5,ok,"[8, 4, 5, 0, 7, 1, 3, 2, 6]",2443.8196873022102,2436.5433218299013,0.002986347670126477,True,True,0.07428810000010344,261.85546875,261.8828125,0.02734375,28.0,5,,2436.5433218299013,0.002986347670126477,True,"{""finite_edges"": true, ""instance_metadata"": {""complete"": true, ""instance_type"": ""euclidean"", ""n"": 9, ""points"": [[943.0561055723676, 511.3275528143616], [976.2437057077042, 80.83602389560218], [607.3558319950296, 376.48658437727255], [801.9012069858072, 174.52781614402846], [871.6352741876564, 543.9414007634982], [902.2150797159884, 477.1535238392063], [430.4962777294131, 788.9467175443294], [984.1529999311214, 369.72579265242877], [968.9328693162349, 929.0263877654195]], ""scale"": 1000.0, ""seed"": 4, ""symmetric"": true}, ""n_layers"": 5, ""normalization_factor"": 894.0139873651874, ""normalize"": true, ""seed"": 0, ""tau"": 28.0, ""valid_route"": true}"
classical_comparison,classical_comparison_euclidean_n9_seed4,euclidean,9,4,tn_n_layers_4,ok,"[8, 4, 5, 0, 7, 1, 3, 2, 6]",2443.8196873022102,2436.5433218299013,0.002986347670126477,True,True,0.06790270000010423,261.8828125,261.890625,0.0078125,28.0,4,,2436.5433218299013,0.002986347670126477,True,"{""finite_edges"": true, ""instance_metadata"": {""complete"": true, ""instance_type"": ""euclidean"", ""n"": 9, ""points"": [[943.0561055723676, 511.3275528143616], [976.2437057077042, 80.83602389560218], [607.3558319950296, 376.48658437727255], [801.9012069858072, 174.52781614402846], [871.6352741876564, 543.9414007634982], [902.2150797159884, 477.1535238392063], [430.4962777294131, 788.9467175443294], [984.1529999311214, 369.72579265242877], [968.9328693162349, 929.0263877654195]], ""scale"": 1000.0, ""seed"": 4, ""symmetric"": true}, ""n_layers"": 4, ""normalization_factor"": 894.0139873651874, ""normalize"": true, ""seed"": 0, ""tau"": 28.0, ""valid_route"": true}"
classical_comparison,classical_comparison_euclidean_n9_seed4,euclidean,9,4,tn_n_layers_2,ok,"[8, 4, 5, 7, 1, 3, 2, 6, 0]",2823.286201754765,2436.5433218299013,0.15872604293955697,True,True,0.031632100000024366,261.890625,261.890625,0.0,28.0,2,,2436.5433218299013,0.15872604293955697,True,"{""finite_edges"": true, ""instance_metadata"": {""complete"": true, ""instance_type"": ""euclidean"", ""n"": 9, ""points"": [[943.0561055723676, 511.3275528143616], [976.2437057077042, 80.83602389560218], [607.3558319950296, 376.48658437727255], [801.9012069858072, 174.52781614402846], [871.6352741876564, 543.9414007634982], [902.2150797159884, 477.1535238392063], [430.4962777294131, 788.9467175443294], [984.1529999311214, 369.72579265242877], [968.9328693162349, 929.0263877654195]], ""scale"": 1000.0, ""seed"": 4, ""symmetric"": true}, ""n_layers"": 2, ""normalization_factor"": 894.0139873651874, ""normalize"": true, ""seed"": 0, ""tau"": 28.0, ""valid_route"": true}"
classical_comparison,classical_comparison_euclidean_n9_seed4,euclidean,9,4,tn_n_layers_0,ok,"[8, 4, 5, 0, 7, 2, 6, 3, 1]",3261.0717443140506,2436.5433218299013,0.3384008874773091,True,True,0.018105300000115676,261.890625,261.890625,0.0,28.0,0,,2436.5433218299013,0.3384008874773091,True,"{""finite_edges"": true, ""instance_metadata"": {""complete"": true, ""instance_type"": ""euclidean"", ""n"": 9, ""points"": [[943.0561055723676, 511.3275528143616], [976.2437057077042, 80.83602389560218], [607.3558319950296, 376.48658437727255], [801.9012069858072, 174.52781614402846], [871.6352741876564, 543.9414007634982], [902.2150797159884, 477.1535238392063], [430.4962777294131, 788.9467175443294], [984.1529999311214, 369.72579265242877], [968.9328693162349, 929.0263877654195]], ""scale"": 1000.0, ""seed"": 4, ""symmetric"": true}, ""n_layers"": 0, ""normalization_factor"": 894.0139873651874, ""normalize"": true, ""seed"": 0, ""tau"": 28.0, ""valid_route"": true}"
classical_comparison,classical_comparison_euclidean_n9_seed4,euclidean,9,4,held_karp,ok,"[8, 6, 2, 3, 1, 7, 5, 0, 4]",2436.5433218299013,2436.5433218299013,0.0,True,True,0.0013059999996585248,261.890625,261.890625,0.0,,,,2436.5433218299013,0.0,True,"{""instance_metadata"": {""complete"": true, ""instance_type"": ""euclidean"", ""n"": 9, ""points"": [[943.0561055723676, 511.3275528143616], [976.2437057077042, 80.83602389560218], [607.3558319950296, 376.48658437727255], [801.9012069858072, 174.52781614402846], [871.6352741876564, 543.9414007634982], [902.2150797159884, 477.1535238392063], [430.4962777294131, 788.9467175443294], [984.1529999311214, 369.72579265242877], [968.9328693162349, 929.0263877654195]], ""scale"": 1000.0, ""seed"": 4, ""symmetric"": true}, ""max_n"": 18, ""start"": 8}"
classical_comparison,classical_comparison_euclidean_n9_seed4,euclidean,9,4,bruteforce,ok,"[8, 4, 0, 5, 7, 1, 3, 2, 6]",2436.5433218299013,2436.5433218299013,0.0,True,True,0.14331609999999273,261.890625,261.890625,0.0,,,,2436.5433218299013,0.0,True,"{""instance_metadata"": {""complete"": true, ""instance_type"": ""euclidean"", ""n"": 9, ""points"": [[943.0561055723676, 511.3275528143616], [976.2437057077042, 80.83602389560218], [607.3558319950296, 376.48658437727255], [801.9012069858072, 174.52781614402846], [871.6352741876564, 543.9414007634982], [902.2150797159884, 477.1535238392063], [430.4962777294131, 788.9467175443294], [984.1529999311214, 369.72579265242877], [968.9328693162349, 929.0263877654195]], ""scale"": 1000.0, ""seed"": 4, ""symmetric"": true}, ""max_n"": 10, ""permutations_checked"": 40320, ""start"": 8}"
classical_comparison,classical_comparison_euclidean_n9_seed4,euclidean,9,4,ortools,ok,"[8, 4, 0, 5, 7, 1, 3, 2, 6]",2436.5433218299013,2436.5433218299013,0.0,True,True,0.0016923000002861954,261.890625,261.890625,0.0,,,5.0,2436.5433218299013,0.0,True,"{""finite_edges"": true, ""infinity_penalty"": 8046125883000, ""instance_metadata"": {""complete"": true, ""instance_type"": ""euclidean"", ""n"": 9, ""points"": [[943.0561055723676, 511.3275528143616], [976.2437057077042, 80.83602389560218], [607.3558319950296, 376.48658437727255], [801.9012069858072, 174.52781614402846], [871.6352741876564, 543.9414007634982], [902.2150797159884, 477.1535238392063], [430.4962777294131, 788.9467175443294], [984.1529999311214, 369.72579265242877], [968.9328693162349, 929.0263877654195]], ""scale"": 1000.0, ""seed"": 4, ""symmetric"": true}, ""integer_scale"": 1000000, ""start"": 8, ""time_limit_s"": 5.0, ""valid_route"": true}"
classical_comparison,classical_comparison_euclidean_n9_seed4,euclidean,9,4,networkx_christofides,ok,"[8, 4, 0, 5, 7, 3, 1, 2, 6]",2606.924434797229,2436.5433218299013,0.06992738911753371,True,True,0.0008579000000281667,261.890625,261.890625,0.0,,,,2436.5433218299013,0.06992738911753371,True,"{""finite_edges"": true, ""instance_metadata"": {""complete"": true, ""instance_type"": ""euclidean"", ""n"": 9, ""points"": [[943.0561055723676, 511.3275528143616], [976.2437057077042, 80.83602389560218], [607.3558319950296, 376.48658437727255], [801.9012069858072, 174.52781614402846], [871.6352741876564, 543.9414007634982], [902.2150797159884, 477.1535238392063], [430.4962777294131, 788.9467175443294], [984.1529999311214, 369.72579265242877], [968.9328693162349, 929.0263877654195]], ""scale"": 1000.0, ""seed"": 4, ""symmetric"": true}, ""requires_metric_symmetric_complete"": true, ""valid_route"": true}"
classical_comparison,classical_comparison_euclidean_n9_seed4,euclidean,9,4,networkx_greedy,ok,"[8, 4, 5, 0, 7, 3, 1, 2, 6]",2614.2008002695384,2436.5433218299013,0.07291373678766037,True,True,0.00015859999984968454,261.890625,261.890625,0.0,,,,2436.5433218299013,0.07291373678766037,True,"{""finite_edges"": true, ""instance_metadata"": {""complete"": true, ""instance_type"": ""euclidean"", ""n"": 9, ""points"": [[943.0561055723676, 511.3275528143616], [976.2437057077042, 80.83602389560218], [607.3558319950296, 376.48658437727255], [801.9012069858072, 174.52781614402846], [871.6352741876564, 543.9414007634982], [902.2150797159884, 477.1535238392063], [430.4962777294131, 788.9467175443294], [984.1529999311214, 369.72579265242877], [968.9328693162349, 929.0263877654195]], ""scale"": 1000.0, ""seed"": 4, ""symmetric"": true}, ""valid_route"": true}"
classical_comparison,classical_comparison_euclidean_n9_seed4,euclidean,9,4,python_tsp_dynamic_programming,skipped_missing_dependency,,,2436.5433218299013,nan,,,0.0006574999997610576,261.890625,261.890625,0.0,,,,2436.5433218299013,nan,True,"{""instance_metadata"": {""complete"": true, ""instance_type"": ""euclidean"", ""n"": 9, ""points"": [[943.0561055723676, 511.3275528143616], [976.2437057077042, 80.83602389560218], [607.3558319950296, 376.48658437727255], [801.9012069858072, 174.52781614402846], [871.6352741876564, 543.9414007634982], [902.2150797159884, 477.1535238392063], [430.4962777294131, 788.9467175443294], [984.1529999311214, 369.72579265242877], [968.9328693162349, 929.0263877654195]], ""scale"": 1000.0, ""seed"": 4, ""symmetric"": true}}"
classical_comparison,classical_comparison_random_symmetric_n9_seed4,random_symmetric,9,4,tn_exact,ok,"[8, 4, 3, 7, 0, 5, 6, 1, 2]",292.3514670061684,292.3514670061683,1.9443520993041119e-16,True,True,0.11618429999998625,261.890625,261.8984375,0.0078125,28.0,,,292.3514670061683,1.9443520993041119e-16,True,"{""finite_edges"": true, ""instance_metadata"": {""complete"": true, ""high"": 100.0, ""instance_type"": ""random_symmetric"", ""low"": 1.0, ""n"": 9, ""seed"": 4, ""symmetric"": true}, ""n_layers"": null, ""normalization_factor"": 93.74425657014328, ""normalize"": true, ""seed"": 0, ""tau"": 28.0, ""valid_route"": true}"
classical_comparison,classical_comparison_random_symmetric_n9_seed4,random_symmetric,9,4,tn_n_layers_5,ok,"[8, 4, 7, 3, 1, 6, 5, 0, 2]",305.8541006667483,292.3514670061683,0.04618630376257047,True,True,0.14259489999994912,261.8984375,261.8984375,0.0,28.0,5,,292.3514670061683,0.04618630376257047,True,"{""finite_edges"": true, ""instance_metadata"": {""complete"": true, ""high"": 100.0, ""instance_type"": ""random_symmetric"", ""low"": 1.0, ""n"": 9, ""seed"": 4, ""symmetric"": true}, ""n_layers"": 5, ""normalization_factor"": 93.74425657014328, ""normalize"": true, ""seed"": 0, ""tau"": 28.0, ""valid_route"": true}"
classical_comparison,classical_comparison_random_symmetric_n9_seed4,random_symmetric,9,4,tn_n_layers_4,ok,"[8, 4, 3, 1, 6, 5, 0, 7, 2]",323.03113768267906,292.3514670061683,0.10494105259907394,True,True,0.042021899999781454,261.8984375,261.8984375,0.0,28.0,4,,292.3514670061683,0.10494105259907394,True,"{""finite_edges"": true, ""instance_metadata"": {""complete"": true, ""high"": 100.0, ""instance_type"": ""random_symmetric"", ""low"": 1.0, ""n"": 9, ""seed"": 4, ""symmetric"": true}, ""n_layers"": 4, ""normalization_factor"": 93.74425657014328, ""normalize"": true, ""seed"": 0, ""tau"": 28.0, ""valid_route"": true}"
classical_comparison,classical_comparison_random_symmetric_n9_seed4,random_symmetric,9,4,tn_n_layers_2,ok,"[8, 4, 5, 0, 1, 3, 7, 6, 2]",396.5713068232169,292.3514670061683,0.35648817118762616,True,True,0.02999210000007224,261.8984375,261.8984375,0.0,28.0,2,,292.3514670061683,0.35648817118762616,True,"{""finite_edges"": true, ""instance_metadata"": {""complete"": true, ""high"": 100.0, ""instance_type"": ""random_symmetric"", ""low"": 1.0, ""n"": 9, ""seed"": 4, ""symmetric"": true}, ""n_layers"": 2, ""normalization_factor"": 93.74425657014328, ""normalize"": true, ""seed"": 0, ""tau"": 28.0, ""valid_route"": true}"
classical_comparison,classical_comparison_random_symmetric_n9_seed4,random_symmetric,9,4,tn_n_layers_0,ok,"[8, 4, 7, 3, 2, 6, 5, 0, 1]",371.63339427752794,292.3514670061683,0.27118703416558143,True,True,0.018107599999893864,261.8984375,261.8984375,0.0,28.0,0,,292.3514670061683,0.27118703416558143,True,"{""finite_edges"": true, ""instance_metadata"": {""complete"": true, ""high"": 100.0, ""instance_type"": ""random_symmetric"", ""low"": 1.0, ""n"": 9, ""seed"": 4, ""symmetric"": true}, ""n_layers"": 0, ""normalization_factor"": 93.74425657014328, ""normalize"": true, ""seed"": 0, ""tau"": 28.0, ""valid_route"": true}"
classical_comparison,classical_comparison_random_symmetric_n9_seed4,random_symmetric,9,4,held_karp,ok,"[8, 2, 1, 6, 5, 0, 7, 3, 4]",292.3514670061683,292.3514670061683,0.0,True,True,0.0013906000003771624,261.8984375,261.8984375,0.0,,,,292.3514670061683,0.0,True,"{""instance_metadata"": {""complete"": true, ""high"": 100.0, ""instance_type"": ""random_symmetric"", ""low"": 1.0, ""n"": 9, ""seed"": 4, ""symmetric"": true}, ""max_n"": 18, ""start"": 8}"
classical_comparison,classical_comparison_random_symmetric_n9_seed4,random_symmetric,9,4,bruteforce,ok,"[8, 2, 1, 6, 5, 0, 7, 3, 4]",292.3514670061683,292.3514670061683,0.0,True,True,0.14643599999999424,261.8984375,261.8984375,0.0,,,,292.3514670061683,0.0,True,"{""instance_metadata"": {""complete"": true, ""high"": 100.0, ""instance_type"": ""random_symmetric"", ""low"": 1.0, ""n"": 9, ""seed"": 4, ""symmetric"": true}, ""max_n"": 10, ""permutations_checked"": 40320, ""start"": 8}"
classical_comparison,classical_comparison_random_symmetric_n9_seed4,random_symmetric,9,4,ortools,ok,"[8, 4, 7, 3, 1, 6, 5, 0, 2]",305.8541006667483,292.3514670061683,0.04618630376257047,True,True,0.001551100000142469,261.8984375,261.8984375,0.0,,,5.0,292.3514670061683,0.04618630376257047,True,"{""finite_edges"": true, ""infinity_penalty"": 843698313000, ""instance_metadata"": {""complete"": true, ""high"": 100.0, ""instance_type"": ""random_symmetric"", ""low"": 1.0, ""n"": 9, ""seed"": 4, ""symmetric"": true}, ""integer_scale"": 1000000, ""start"": 8, ""time_limit_s"": 5.0, ""valid_route"": true}"
classical_comparison,classical_comparison_random_symmetric_n9_seed4,random_symmetric,9,4,networkx_christofides,skipped_not_applicable,,,292.3514670061683,nan,,,9.739999995872495e-05,261.8984375,261.8984375,0.0,,,,292.3514670061683,nan,True,"{""instance_metadata"": {""complete"": true, ""high"": 100.0, ""instance_type"": ""random_symmetric"", ""low"": 1.0, ""n"": 9, ""seed"": 4, ""symmetric"": true}, ""requires_metric_symmetric_complete"": true}"
classical_comparison,classical_comparison_random_symmetric_n9_seed4,random_symmetric,9,4,networkx_greedy,ok,"[8, 2, 0, 5, 6, 1, 3, 7, 4]",305.85410066674825,292.3514670061683,0.046186303762570276,True,True,0.00013080000007903436,261.8984375,261.8984375,0.0,,,,292.3514670061683,0.046186303762570276,True,"{""finite_edges"": true, ""instance_metadata"": {""complete"": true, ""high"": 100.0, ""instance_type"": ""random_symmetric"", ""low"": 1.0, ""n"": 9, ""seed"": 4, ""symmetric"": true}, ""valid_route"": true}"
classical_comparison,classical_comparison_random_symmetric_n9_seed4,random_symmetric,9,4,python_tsp_dynamic_programming,skipped_missing_dependency,,,292.3514670061683,nan,,,0.0005807000002278073,261.8984375,261.8984375,0.0,,,,292.3514670061683,nan,True,"{""instance_metadata"": {""complete"": true, ""high"": 100.0, ""instance_type"": ""random_symmetric"", ""low"": 1.0, ""n"": 9, ""seed"": 4, ""symmetric"": true}}"
classical_comparison,classical_comparison_random_asymmetric_n9_seed4,random_asymmetric,9,4,tn_exact,ok,"[8, 4, 6, 1, 2, 5, 0, 3, 7]",181.93455118506083,181.93455118506083,0.0,True,True,0.09336610000036671,261.8984375,261.8984375,0.0,28.0,,,181.93455118506083,0.0,True,"{""finite_edges"": true, ""instance_metadata"": {""complete"": true, ""high"": 100.0, ""instance_type"": ""random_asymmetric"", ""low"": 1.0, ""n"": 9, ""seed"": 4, ""symmetric"": false}, ""n_layers"": null, ""normalization_factor"": 98.43114699318102, ""normalize"": true, ""seed"": 0, ""tau"": 28.0, ""valid_route"": true}"
classical_comparison,classical_comparison_random_asymmetric_n9_seed4,random_asymmetric,9,4,tn_n_layers_5,ok,"[8, 4, 6, 1, 2, 5, 0, 3, 7]",181.93455118506083,181.93455118506083,0.0,True,True,0.09289420000004611,261.8984375,261.8984375,0.0,28.0,5,,181.93455118506083,0.0,True,"{""finite_edges"": true, ""instance_metadata"": {""complete"": true, ""high"": 100.0, ""instance_type"": ""random_asymmetric"", ""low"": 1.0, ""n"": 9, ""seed"": 4, ""symmetric"": false}, ""n_layers"": 5, ""normalization_factor"": 98.43114699318102, ""normalize"": true, ""seed"": 0, ""tau"": 28.0, ""valid_route"": true}"
classical_comparison,classical_comparison_random_asymmetric_n9_seed4,random_asymmetric,9,4,tn_n_layers_4,ok,"[8, 4, 3, 2, 5, 6, 1, 0, 7]",183.30542047628288,181.93455118506083,0.0075349584908015865,True,True,0.05673389999992651,261.8984375,261.8984375,0.0,28.0,4,,181.93455118506083,0.0075349584908015865,True,"{""finite_edges"": true, ""instance_metadata"": {""complete"": true, ""high"": 100.0, ""instance_type"": ""random_asymmetric"", ""low"": 1.0, ""n"": 9, ""seed"": 4, ""symmetric"": false}, ""n_layers"": 4, ""normalization_factor"": 98.43114699318102, ""normalize"": true, ""seed"": 0, ""tau"": 28.0, ""valid_route"": true}"
classical_comparison,classical_comparison_random_asymmetric_n9_seed4,random_asymmetric,9,4,tn_n_layers_2,ok,"[8, 4, 6, 1, 2, 5, 0, 3, 7]",181.93455118506083,181.93455118506083,0.0,True,True,0.03120939999962502,261.8984375,261.8984375,0.0,28.0,2,,181.93455118506083,0.0,True,"{""finite_edges"": true, ""instance_metadata"": {""complete"": true, ""high"": 100.0, ""instance_type"": ""random_asymmetric"", ""low"": 1.0, ""n"": 9, ""seed"": 4, ""symmetric"": false}, ""n_layers"": 2, ""normalization_factor"": 98.43114699318102, ""normalize"": true, ""seed"": 0, ""tau"": 28.0, ""valid_route"": true}"
classical_comparison,classical_comparison_random_asymmetric_n9_seed4,random_asymmetric,9,4,tn_n_layers_0,ok,"[8, 4, 3, 7, 1, 2, 5, 6, 0]",326.592985316865,181.93455118506083,0.7951124906706698,True,True,0.01880650000020978,261.8984375,261.8984375,0.0,28.0,0,,181.93455118506083,0.7951124906706698,True,"{""finite_edges"": true, ""instance_metadata"": {""complete"": true, ""high"": 100.0, ""instance_type"": ""random_asymmetric"", ""low"": 1.0, ""n"": 9, ""seed"": 4, ""symmetric"": false}, ""n_layers"": 0, ""normalization_factor"": 98.43114699318102, ""normalize"": true, ""seed"": 0, ""tau"": 28.0, ""valid_route"": true}"
classical_comparison,classical_comparison_random_asymmetric_n9_seed4,random_asymmetric,9,4,held_karp,ok,"[8, 4, 6, 1, 2, 5, 0, 3, 7]",181.93455118506083,181.93455118506083,0.0,True,True,0.0013712999998460873,261.8984375,261.8984375,0.0,,,,181.93455118506083,0.0,True,"{""instance_metadata"": {""complete"": true, ""high"": 100.0, ""instance_type"": ""random_asymmetric"", ""low"": 1.0, ""n"": 9, ""seed"": 4, ""symmetric"": false}, ""max_n"": 18, ""start"": 8}"
classical_comparison,classical_comparison_random_asymmetric_n9_seed4,random_asymmetric,9,4,bruteforce,ok,"[8, 4, 6, 1, 2, 5, 0, 3, 7]",181.93455118506083,181.93455118506083,0.0,True,True,0.15138329999990674,261.8984375,261.8984375,0.0,,,,181.93455118506083,0.0,True,"{""instance_metadata"": {""complete"": true, ""high"": 100.0, ""instance_type"": ""random_asymmetric"", ""low"": 1.0, ""n"": 9, ""seed"": 4, ""symmetric"": false}, ""max_n"": 10, ""permutations_checked"": 40320, ""start"": 8}"
classical_comparison,classical_comparison_random_asymmetric_n9_seed4,random_asymmetric,9,4,ortools,ok,"[8, 4, 6, 1, 2, 5, 0, 3, 7]",181.93455118506083,181.93455118506083,0.0,True,True,0.0017127000000982662,261.8984375,261.90234375,0.00390625,,,5.0,181.93455118506083,0.0,True,"{""finite_edges"": true, ""infinity_penalty"": 885880323000, ""instance_metadata"": {""complete"": true, ""high"": 100.0, ""instance_type"": ""random_asymmetric"", ""low"": 1.0, ""n"": 9, ""seed"": 4, ""symmetric"": false}, ""integer_scale"": 1000000, ""start"": 8, ""time_limit_s"": 5.0, ""valid_route"": true}"
classical_comparison,classical_comparison_random_asymmetric_n9_seed4,random_asymmetric,9,4,networkx_christofides,skipped_not_applicable,,,181.93455118506083,nan,,,9.159999990515644e-05,261.90234375,261.90234375,0.0,,,,181.93455118506083,nan,True,"{""instance_metadata"": {""complete"": true, ""high"": 100.0, ""instance_type"": ""random_asymmetric"", ""low"": 1.0, ""n"": 9, ""seed"": 4, ""symmetric"": false}, ""requires_metric_symmetric_complete"": true}"
classical_comparison,classical_comparison_random_asymmetric_n9_seed4,random_asymmetric,9,4,networkx_greedy,ok,"[8, 4, 6, 1, 3, 2, 5, 0, 7]",182.2288091449616,181.93455118506083,0.0016173836029718576,True,True,0.0001578999999765074,261.90234375,261.90234375,0.0,,,,181.93455118506083,0.0016173836029718576,True,"{""finite_edges"": true, ""instance_metadata"": {""complete"": true, ""high"": 100.0, ""instance_type"": ""random_asymmetric"", ""low"": 1.0, ""n"": 9, ""seed"": 4, ""symmetric"": false}, ""valid_route"": true}"
classical_comparison,classical_comparison_random_asymmetric_n9_seed4,random_asymmetric,9,4,python_tsp_dynamic_programming,skipped_missing_dependency,,,181.93455118506083,nan,,,0.0005905000002712768,261.90234375,261.90234375,0.0,,,,181.93455118506083,nan,True,"{""instance_metadata"": {""complete"": true, ""high"": 100.0, ""instance_type"": ""random_asymmetric"", ""low"": 1.0, ""n"": 9, ""seed"": 4, ""symmetric"": false}}"
classical_comparison,classical_comparison_euclidean_n10_seed0,euclidean,10,0,tn_exact,ok,"[9, 1, 5, 6, 7, 0, 8, 2, 4, 3]",3279.2105192794525,3279.2105192794525,0.0,True,True,0.1436345000001893,261.90234375,262.26953125,0.3671875,26.0,,,3279.2105192794525,0.0,True,"{""finite_edges"": true, ""instance_metadata"": {""complete"": true, ""instance_type"": ""euclidean"", ""n"": 10, ""points"": [[636.9616873214543, 269.7867137638703], [40.97352393619469, 16.527635528529096], [813.2702392002724, 912.7555772777217], [606.6357757671799, 729.4965609839984], [543.6249914654229, 935.0724237877682], [815.8535541215322, 2.738500170148095], [857.4042765875694, 33.58557530546435], [729.655446429944, 175.65562060255903], [863.1789223498865, 541.4612202490918], [299.71189053738476, 422.68722119765846]], ""scale"": 1000.0, ""seed"": 0, ""symmetric"": true}, ""n_layers"": null, ""normalization_factor"": 1183.0751201760934, ""normalize"": true, ""seed"": 0, ""tau"": 26.0, ""valid_route"": true}"
classical_comparison,classical_comparison_euclidean_n10_seed0,euclidean,10,0,tn_n_layers_6,ok,"[9, 0, 7, 5, 6, 8, 2, 4, 3, 1]",3507.1668155903326,3279.2105192794525,0.06951560290827849,True,True,0.12755749999996624,262.26953125,262.328125,0.05859375,26.0,6,,3279.2105192794525,0.06951560290827849,True,"{""finite_edges"": true, ""instance_metadata"": {""complete"": true, ""instance_type"": ""euclidean"", ""n"": 10, ""points"": [[636.9616873214543, 269.7867137638703], [40.97352393619469, 16.527635528529096], [813.2702392002724, 912.7555772777217], [606.6357757671799, 729.4965609839984], [543.6249914654229, 935.0724237877682], [815.8535541215322, 2.738500170148095], [857.4042765875694, 33.58557530546435], [729.655446429944, 175.65562060255903], [863.1789223498865, 541.4612202490918], [299.71189053738476, 422.68722119765846]], ""scale"": 1000.0, ""seed"": 0, ""symmetric"": true}, ""n_layers"": 6, ""normalization_factor"": 1183.0751201760934, ""normalize"": true, ""seed"": 0, ""tau"": 26.0, ""valid_route"": true}"
classical_comparison,classical_comparison_euclidean_n10_seed0,euclidean,10,0,tn_n_layers_4,ok,"[9, 0, 7, 6, 5, 8, 2, 4, 3, 1]",3537.9042050033922,3279.2105192794525,0.07888901435360822,True,True,0.05897510000022521,262.328125,262.37890625,0.05078125,26.0,4,,3279.2105192794525,0.07888901435360822,True,"{""finite_edges"": true, ""instance_metadata"": {""complete"": true, ""instance_type"": ""euclidean"", ""n"": 10, ""points"": [[636.9616873214543, 269.7867137638703], [40.97352393619469, 16.527635528529096], [813.2702392002724, 912.7555772777217], [606.6357757671799, 729.4965609839984], [543.6249914654229, 935.0724237877682], [815.8535541215322, 2.738500170148095], [857.4042765875694, 33.58557530546435], [729.655446429944, 175.65562060255903], [863.1789223498865, 541.4612202490918], [299.71189053738476, 422.68722119765846]], ""scale"": 1000.0, ""seed"": 0, ""symmetric"": true}, ""n_layers"": 4, ""normalization_factor"": 1183.0751201760934, ""normalize"": true, ""seed"": 0, ""tau"": 26.0, ""valid_route"": true}"
classical_comparison,classical_comparison_euclidean_n10_seed0,euclidean,10,0,tn_n_layers_2,ok,"[9, 0, 8, 6, 5, 1, 3, 4, 2, 7]",4691.857574361064,3279.2105192794525,0.43078876661813553,True,True,0.0396614999999656,262.37890625,262.40234375,0.0234375,26.0,2,,3279.2105192794525,0.43078876661813553,True,"{""finite_edges"": true, ""instance_metadata"": {""complete"": true, ""instance_type"": ""euclidean"", ""n"": 10, ""points"": [[636.9616873214543, 269.7867137638703], [40.97352393619469, 16.527635528529096], [813.2702392002724, 912.7555772777217], [606.6357757671799, 729.4965609839984], [543.6249914654229, 935.0724237877682], [815.8535541215322, 2.738500170148095], [857.4042765875694, 33.58557530546435], [729.655446429944, 175.65562060255903], [863.1789223498865, 541.4612202490918], [299.71189053738476, 422.68722119765846]], ""scale"": 1000.0, ""seed"": 0, ""symmetric"": true}, ""n_layers"": 2, ""normalization_factor"": 1183.0751201760934, ""normalize"": true, ""seed"": 0, ""tau"": 26.0, ""valid_route"": true}"
classical_comparison,classical_comparison_euclidean_n10_seed0,euclidean,10,0,tn_n_layers_0,ok,"[9, 0, 7, 6, 5, 8, 3, 4, 2, 1]",3754.3115777824423,3279.2105192794525,0.14488275629445857,True,True,0.024092099999961647,262.40234375,262.40234375,0.0,26.0,0,,3279.2105192794525,0.14488275629445857,True,"{""finite_edges"": true, ""instance_metadata"": {""complete"": true, ""instance_type"": ""euclidean"", ""n"": 10, ""points"": [[636.9616873214543, 269.7867137638703], [40.97352393619469, 16.527635528529096], [813.2702392002724, 912.7555772777217], [606.6357757671799, 729.4965609839984], [543.6249914654229, 935.0724237877682], [815.8535541215322, 2.738500170148095], [857.4042765875694, 33.58557530546435], [729.655446429944, 175.65562060255903], [863.1789223498865, 541.4612202490918], [299.71189053738476, 422.68722119765846]], ""scale"": 1000.0, ""seed"": 0, ""symmetric"": true}, ""n_layers"": 0, ""normalization_factor"": 1183.0751201760934, ""normalize"": true, ""seed"": 0, ""tau"": 26.0, ""valid_route"": true}"
classical_comparison,classical_comparison_euclidean_n10_seed0,euclidean,10,0,held_karp,ok,"[9, 1, 5, 6, 7, 0, 8, 2, 4, 3]",3279.2105192794525,3279.2105192794525,0.0,True,True,0.003727300000264222,262.40234375,262.40234375,0.0,,,,3279.2105192794525,0.0,True,"{""instance_metadata"": {""complete"": true, ""instance_type"": ""euclidean"", ""n"": 10, ""points"": [[636.9616873214543, 269.7867137638703], [40.97352393619469, 16.527635528529096], [813.2702392002724, 912.7555772777217], [606.6357757671799, 729.4965609839984], [543.6249914654229, 935.0724237877682], [815.8535541215322, 2.738500170148095], [857.4042765875694, 33.58557530546435], [729.655446429944, 175.65562060255903], [863.1789223498865, 541.4612202490918], [299.71189053738476, 422.68722119765846]], ""scale"": 1000.0, ""seed"": 0, ""symmetric"": true}, ""max_n"": 18, ""start"": 9}"
classical_comparison,classical_comparison_euclidean_n10_seed0,euclidean,10,0,bruteforce,ok,"[9, 1, 5, 6, 7, 0, 8, 2, 4, 3]",3279.2105192794525,3279.2105192794525,0.0,True,True,1.4037582999999358,262.40234375,262.40234375,0.0,,,,3279.2105192794525,0.0,True,"{""instance_metadata"": {""complete"": true, ""instance_type"": ""euclidean"", ""n"": 10, ""points"": [[636.9616873214543, 269.7867137638703], [40.97352393619469, 16.527635528529096], [813.2702392002724, 912.7555772777217], [606.6357757671799, 729.4965609839984], [543.6249914654229, 935.0724237877682], [815.8535541215322, 2.738500170148095], [857.4042765875694, 33.58557530546435], [729.655446429944, 175.65562060255903], [863.1789223498865, 541.4612202490918], [299.71189053738476, 422.68722119765846]], ""scale"": 1000.0, ""seed"": 0, ""symmetric"": true}, ""max_n"": 10, ""permutations_checked"": 362880, ""start"": 9}"
classical_comparison,classical_comparison_euclidean_n10_seed0,euclidean,10,0,ortools,ok,"[9, 3, 4, 2, 8, 6, 5, 7, 0, 1]",3308.3071930002297,3279.2105192794525,0.008873072817286144,True,True,0.001969800000097166,262.40234375,262.40625,0.00390625,,,5.0,3279.2105192794525,0.008873072817286144,True,"{""finite_edges"": true, ""infinity_penalty"": 11830751200000, ""instance_metadata"": {""complete"": true, ""instance_type"": ""euclidean"", ""n"": 10, ""points"": [[636.9616873214543, 269.7867137638703], [40.97352393619469, 16.527635528529096], [813.2702392002724, 912.7555772777217], [606.6357757671799, 729.4965609839984], [543.6249914654229, 935.0724237877682], [815.8535541215322, 2.738500170148095], [857.4042765875694, 33.58557530546435], [729.655446429944, 175.65562060255903], [863.1789223498865, 541.4612202490918], [299.71189053738476, 422.68722119765846]], ""scale"": 1000.0, ""seed"": 0, ""symmetric"": true}, ""integer_scale"": 1000000, ""start"": 9, ""time_limit_s"": 5.0, ""valid_route"": true}"
classical_comparison,classical_comparison_euclidean_n10_seed0,euclidean,10,0,networkx_christofides,ok,"[9, 1, 5, 6, 7, 0, 2, 4, 3, 8]",3677.7028057330713,3279.2105192794525,0.12152080023858314,True,True,0.0009413999996468192,262.40625,262.41015625,0.00390625,,,,3279.2105192794525,0.12152080023858314,True,"{""finite_edges"": true, ""instance_metadata"": {""complete"": true, ""instance_type"": ""euclidean"", ""n"": 10, ""points"": [[636.9616873214543, 269.7867137638703], [40.97352393619469, 16.527635528529096], [813.2702392002724, 912.7555772777217], [606.6357757671799, 729.4965609839984], [543.6249914654229, 935.0724237877682], [815.8535541215322, 2.738500170148095], [857.4042765875694, 33.58557530546435], [729.655446429944, 175.65562060255903], [863.1789223498865, 541.4612202490918], [299.71189053738476, 422.68722119765846]], ""scale"": 1000.0, ""seed"": 0, ""symmetric"": true}, ""requires_metric_symmetric_complete"": true, ""valid_route"": true}"
classical_comparison,classical_comparison_euclidean_n10_seed0,euclidean,10,0,networkx_greedy,ok,"[9, 0, 7, 6, 5, 8, 3, 4, 2, 1]",3754.3115777824423,3279.2105192794525,0.14488275629445857,True,True,0.00013579999995272374,262.41015625,262.41015625,0.0,,,,3279.2105192794525,0.14488275629445857,True,"{""finite_edges"": true, ""instance_metadata"": {""complete"": true, ""instance_type"": ""euclidean"", ""n"": 10, ""points"": [[636.9616873214543, 269.7867137638703], [40.97352393619469, 16.527635528529096], [813.2702392002724, 912.7555772777217], [606.6357757671799, 729.4965609839984], [543.6249914654229, 935.0724237877682], [815.8535541215322, 2.738500170148095], [857.4042765875694, 33.58557530546435], [729.655446429944, 175.65562060255903], [863.1789223498865, 541.4612202490918], [299.71189053738476, 422.68722119765846]], ""scale"": 1000.0, ""seed"": 0, ""symmetric"": true}, ""valid_route"": true}"
classical_comparison,classical_comparison_euclidean_n10_seed0,euclidean,10,0,python_tsp_dynamic_programming,skipped_missing_dependency,,,3279.2105192794525,nan,,,0.0006772000001546985,262.41015625,262.41015625,0.0,,,,3279.2105192794525,nan,True,"{""instance_metadata"": {""complete"": true, ""instance_type"": ""euclidean"", ""n"": 10, ""points"": [[636.9616873214543, 269.7867137638703], [40.97352393619469, 16.527635528529096], [813.2702392002724, 912.7555772777217], [606.6357757671799, 729.4965609839984], [543.6249914654229, 935.0724237877682], [815.8535541215322, 2.738500170148095], [857.4042765875694, 33.58557530546435], [729.655446429944, 175.65562060255903], [863.1789223498865, 541.4612202490918], [299.71189053738476, 422.68722119765846]], ""scale"": 1000.0, ""seed"": 0, ""symmetric"": true}}"
classical_comparison,classical_comparison_random_symmetric_n10_seed0,random_symmetric,10,0,tn_exact,ok,"[9, 6, 4, 8, 1, 3, 5, 7, 0, 2]",316.0016784917155,316.0016784917155,0.0,True,True,0.16853230000015174,262.41015625,262.66015625,0.25,26.0,,,316.0016784917155,0.0,True,"{""finite_edges"": true, ""instance_metadata"": {""complete"": true, ""high"": 100.0, ""instance_type"": ""random_symmetric"", ""low"": 1.0, ""n"": 10, ""seed"": 0, ""symmetric"": true}, ""n_layers"": null, ""normalization_factor"": 94.1096663967816, ""normalize"": true, ""seed"": 0, ""tau"": 26.0, ""valid_route"": true}"
classical_comparison,classical_comparison_random_symmetric_n10_seed0,random_symmetric,10,0,tn_n_layers_6,ok,"[9, 6, 4, 8, 1, 3, 5, 7, 0, 2]",316.0016784917155,316.0016784917155,0.0,True,True,0.130852099999629,262.66015625,262.6640625,0.00390625,26.0,6,,316.0016784917155,0.0,True,"{""finite_edges"": true, ""instance_metadata"": {""complete"": true, ""high"": 100.0, ""instance_type"": ""random_symmetric"", ""low"": 1.0, ""n"": 10, ""seed"": 0, ""symmetric"": true}, ""n_layers"": 6, ""normalization_factor"": 94.1096663967816, ""normalize"": true, ""seed"": 0, ""tau"": 26.0, ""valid_route"": true}"
classical_comparison,classical_comparison_random_symmetric_n10_seed0,random_symmetric,10,0,tn_n_layers_4,ok,"[9, 2, 0, 3, 1, 5, 7, 4, 8, 6]",329.31383719410064,316.0016784917155,0.042126860736703804,True,True,0.05551640000021507,262.6640625,262.6640625,0.0,26.0,4,,316.0016784917155,0.042126860736703804,True,"{""finite_edges"": true, ""instance_metadata"": {""complete"": true, ""high"": 100.0, ""instance_type"": ""random_symmetric"", ""low"": 1.0, ""n"": 10, ""seed"": 0, ""symmetric"": true}, ""n_layers"": 4, ""normalization_factor"": 94.1096663967816, ""normalize"": true, ""seed"": 0, ""tau"": 26.0, ""valid_route"": true}"
classical_comparison,classical_comparison_random_symmetric_n10_seed0,random_symmetric,10,0,tn_n_layers_2,ok,"[9, 6, 3, 4, 7, 5, 1, 8, 0, 2]",394.92688469075625,316.0016784917155,0.24976198410006203,True,True,0.03884710000011182,262.6640625,262.66796875,0.00390625,26.0,2,,316.0016784917155,0.24976198410006203,True,"{""finite_edges"": true, ""instance_metadata"": {""complete"": true, ""high"": 100.0, ""instance_type"": ""random_symmetric"", ""low"": 1.0, ""n"": 10, ""seed"": 0, ""symmetric"": true}, ""n_layers"": 2, ""normalization_factor"": 94.1096663967816, ""normalize"": true, ""seed"": 0, ""tau"": 26.0, ""valid_route"": true}"
classical_comparison,classical_comparison_random_symmetric_n10_seed0,random_symmetric,10,0,tn_n_layers_0,ok,"[9, 6, 0, 2, 3, 5, 1, 8, 4, 7]",344.2449772831617,316.0016784917155,0.08937705307849066,True,True,0.0237448999996559,262.66796875,262.66796875,0.0,26.0,0,,316.0016784917155,0.08937705307849066,True,"{""finite_edges"": true, ""instance_metadata"": {""complete"": true, ""high"": 100.0, ""instance_type"": ""random_symmetric"", ""low"": 1.0, ""n"": 10, ""seed"": 0, ""symmetric"": true}, ""n_layers"": 0, ""normalization_factor"": 94.1096663967816, ""normalize"": true, ""seed"": 0, ""tau"": 26.0, ""valid_route"": true}"
classical_comparison,classical_comparison_random_symmetric_n10_seed0,random_symmetric,10,0,held_karp,ok,"[9, 6, 4, 8, 1, 3, 5, 7, 0, 2]",316.0016784917155,316.0016784917155,0.0,True,True,0.0036691999998765823,262.66796875,262.66796875,0.0,,,,316.0016784917155,0.0,True,"{""instance_metadata"": {""complete"": true, ""high"": 100.0, ""instance_type"": ""random_symmetric"", ""low"": 1.0, ""n"": 10, ""seed"": 0, ""symmetric"": true}, ""max_n"": 18, ""start"": 9}"
classical_comparison,classical_comparison_random_symmetric_n10_seed0,random_symmetric,10,0,bruteforce,ok,"[9, 2, 0, 7, 5, 3, 1, 8, 4, 6]",316.0016784917155,316.0016784917155,0.0,True,True,1.4214904000000388,262.66796875,262.66796875,0.0,,,,316.0016784917155,0.0,True,"{""instance_metadata"": {""complete"": true, ""high"": 100.0, ""instance_type"": ""random_symmetric"", ""low"": 1.0, ""n"": 10, ""seed"": 0, ""symmetric"": true}, ""max_n"": 10, ""permutations_checked"": 362880, ""start"": 9}"
classical_comparison,classical_comparison_random_symmetric_n10_seed0,random_symmetric,10,0,ortools,ok,"[9, 6, 7, 4, 8, 1, 5, 3, 0, 2]",329.7077640477486,316.0016784917155,0.043373458082414634,True,True,0.0021256999998513493,262.66796875,262.66796875,0.0,,,5.0,316.0016784917155,0.043373458082414634,True,"{""finite_edges"": true, ""infinity_penalty"": 941096660000, ""instance_metadata"": {""complete"": true, ""high"": 100.0, ""instance_type"": ""random_symmetric"", ""low"": 1.0, ""n"": 10, ""seed"": 0, ""symmetric"": true}, ""integer_scale"": 1000000, ""start"": 9, ""time_limit_s"": 5.0, ""valid_route"": true}"
classical_comparison,classical_comparison_random_symmetric_n10_seed0,random_symmetric,10,0,networkx_christofides,skipped_not_applicable,,,316.0016784917155,nan,,,0.00010920000022451859,262.66796875,262.66796875,0.0,,,,316.0016784917155,nan,True,"{""instance_metadata"": {""complete"": true, ""high"": 100.0, ""instance_type"": ""random_symmetric"", ""low"": 1.0, ""n"": 10, ""seed"": 0, ""symmetric"": true}, ""requires_metric_symmetric_complete"": true}"
classical_comparison,classical_comparison_random_symmetric_n10_seed0,random_symmetric,10,0,networkx_greedy,ok,"[9, 6, 4, 8, 1, 5, 3, 0, 2, 7]",331.15143505470564,316.0016784917155,0.04794201295164109,True,True,0.00017460000026403577,262.66796875,262.66796875,0.0,,,,316.0016784917155,0.04794201295164109,True,"{""finite_edges"": true, ""instance_metadata"": {""complete"": true, ""high"": 100.0, ""instance_type"": ""random_symmetric"", ""low"": 1.0, ""n"": 10, ""seed"": 0, ""symmetric"": true}, ""valid_route"": true}"
classical_comparison,classical_comparison_random_symmetric_n10_seed0,random_symmetric,10,0,python_tsp_dynamic_programming,skipped_missing_dependency,,,316.0016784917155,nan,,,0.0006373999999595981,262.66796875,262.66796875,0.0,,,,316.0016784917155,nan,True,"{""instance_metadata"": {""complete"": true, ""high"": 100.0, ""instance_type"": ""random_symmetric"", ""low"": 1.0, ""n"": 10, ""seed"": 0, ""symmetric"": true}}"
classical_comparison,classical_comparison_random_asymmetric_n10_seed0,random_asymmetric,10,0,tn_exact,ok,"[9, 6, 2, 0, 3, 4, 8, 1, 7, 5]",248.57691935115795,246.91846540479634,0.006716605595465535,True,True,0.1450697999998738,262.66796875,262.66796875,0.0,26.0,,,246.91846540479634,0.006716605595465535,True,"{""finite_edges"": true, ""instance_metadata"": {""complete"": true, ""high"": 100.0, ""instance_type"": ""random_asymmetric"", ""low"": 1.0, ""n"": 10, ""seed"": 0, ""symmetric"": false}, ""n_layers"": null, ""normalization_factor"": 99.7237836431319, ""normalize"": true, ""seed"": 0, ""tau"": 26.0, ""valid_route"": true}"
classical_comparison,classical_comparison_random_asymmetric_n10_seed0,random_asymmetric,10,0,tn_n_layers_6,ok,"[9, 2, 0, 3, 1, 7, 5, 8, 4, 6]",246.91846540479634,246.91846540479634,0.0,True,True,0.1476422000000639,262.66796875,262.67578125,0.0078125,26.0,6,,246.91846540479634,0.0,True,"{""finite_edges"": true, ""instance_metadata"": {""complete"": true, ""high"": 100.0, ""instance_type"": ""random_asymmetric"", ""low"": 1.0, ""n"": 10, ""seed"": 0, ""symmetric"": false}, ""n_layers"": 6, ""normalization_factor"": 99.7237836431319, ""normalize"": true, ""seed"": 0, ""tau"": 26.0, ""valid_route"": true}"
classical_comparison,classical_comparison_random_asymmetric_n10_seed0,random_asymmetric,10,0,tn_n_layers_4,ok,"[9, 2, 0, 3, 5, 8, 4, 6, 1, 7]",251.78478377170723,246.91846540479634,0.019708199461441988,True,True,0.05744830000003276,262.67578125,262.6796875,0.00390625,26.0,4,,246.91846540479634,0.019708199461441988,True,"{""finite_edges"": true, ""instance_metadata"": {""complete"": true, ""high"": 100.0, ""instance_type"": ""random_asymmetric"", ""low"": 1.0, ""n"": 10, ""seed"": 0, ""symmetric"": false}, ""n_layers"": 4, ""normalization_factor"": 99.7237836431319, ""normalize"": true, ""seed"": 0, ""tau"": 26.0, ""valid_route"": true}"
classical_comparison,classical_comparison_random_asymmetric_n10_seed0,random_asymmetric,10,0,tn_n_layers_2,ok,"[9, 2, 0, 3, 1, 7, 5, 8, 4, 6]",246.91846540479634,246.91846540479634,0.0,True,True,0.04215859999976601,262.6796875,262.6796875,0.0,26.0,2,,246.91846540479634,0.0,True,"{""finite_edges"": true, ""instance_metadata"": {""complete"": true, ""high"": 100.0, ""instance_type"": ""random_asymmetric"", ""low"": 1.0, ""n"": 10, ""seed"": 0, ""symmetric"": false}, ""n_layers"": 2, ""normalization_factor"": 99.7237836431319, ""normalize"": true, ""seed"": 0, ""tau"": 26.0, ""valid_route"": true}"
classical_comparison,classical_comparison_random_asymmetric_n10_seed0,random_asymmetric,10,0,tn_n_layers_0,ok,"[9, 2, 1, 5, 3, 6, 4, 8, 7, 0]",380.0620330706173,246.91846540479634,0.5392207806230546,True,True,0.024954500000148983,262.6796875,262.6796875,0.0,26.0,0,,246.91846540479634,0.5392207806230546,True,"{""finite_edges"": true, ""instance_metadata"": {""complete"": true, ""high"": 100.0, ""instance_type"": ""random_asymmetric"", ""low"": 1.0, ""n"": 10, ""seed"": 0, ""symmetric"": false}, ""n_layers"": 0, ""normalization_factor"": 99.7237836431319, ""normalize"": true, ""seed"": 0, ""tau"": 26.0, ""valid_route"": true}"
classical_comparison,classical_comparison_random_asymmetric_n10_seed0,random_asymmetric,10,0,held_karp,ok,"[9, 2, 0, 3, 1, 7, 5, 8, 4, 6]",246.91846540479634,246.91846540479634,0.0,True,True,0.0037607999997817387,262.6796875,262.6796875,0.0,,,,246.91846540479634,0.0,True,"{""instance_metadata"": {""complete"": true, ""high"": 100.0, ""instance_type"": ""random_asymmetric"", ""low"": 1.0, ""n"": 10, ""seed"": 0, ""symmetric"": false}, ""max_n"": 18, ""start"": 9}"
classical_comparison,classical_comparison_random_asymmetric_n10_seed0,random_asymmetric,10,0,bruteforce,ok,"[9, 2, 0, 3, 1, 7, 5, 8, 4, 6]",246.91846540479634,246.91846540479634,0.0,True,True,1.436169499999778,262.6796875,262.6796875,0.0,,,,246.91846540479634,0.0,True,"{""instance_metadata"": {""complete"": true, ""high"": 100.0, ""instance_type"": ""random_asymmetric"", ""low"": 1.0, ""n"": 10, ""seed"": 0, ""symmetric"": false}, ""max_n"": 10, ""permutations_checked"": 362880, ""start"": 9}"
classical_comparison,classical_comparison_random_asymmetric_n10_seed0,random_asymmetric,10,0,ortools,ok,"[9, 2, 0, 3, 1, 7, 5, 8, 4, 6]",246.91846540479634,246.91846540479634,0.0,True,True,0.0019238999998378858,262.6796875,262.6796875,0.0,,,5.0,246.91846540479634,0.0,True,"{""finite_edges"": true, ""infinity_penalty"": 997237840000, ""instance_metadata"": {""complete"": true, ""high"": 100.0, ""instance_type"": ""random_asymmetric"", ""low"": 1.0, ""n"": 10, ""seed"": 0, ""symmetric"": false}, ""integer_scale"": 1000000, ""start"": 9, ""time_limit_s"": 5.0, ""valid_route"": true}"
classical_comparison,classical_comparison_random_asymmetric_n10_seed0,random_asymmetric,10,0,networkx_christofides,skipped_not_applicable,,,246.91846540479634,nan,,,8.839999964038725e-05,262.6796875,262.6796875,0.0,,,,246.91846540479634,nan,True,"{""instance_metadata"": {""complete"": true, ""high"": 100.0, ""instance_type"": ""random_asymmetric"", ""low"": 1.0, ""n"": 10, ""seed"": 0, ""symmetric"": false}, ""requires_metric_symmetric_complete"": true}"
classical_comparison,classical_comparison_random_asymmetric_n10_seed0,random_asymmetric,10,0,networkx_greedy,ok,"[9, 2, 0, 3, 5, 8, 4, 6, 1, 7]",251.78478377170723,246.91846540479634,0.019708199461441988,True,True,0.000178799999957846,262.6796875,262.6796875,0.0,,,,246.91846540479634,0.019708199461441988,True,"{""finite_edges"": true, ""instance_metadata"": {""complete"": true, ""high"": 100.0, ""instance_type"": ""random_asymmetric"", ""low"": 1.0, ""n"": 10, ""seed"": 0, ""symmetric"": false}, ""valid_route"": true}"
classical_comparison,classical_comparison_random_asymmetric_n10_seed0,random_asymmetric,10,0,python_tsp_dynamic_programming,skipped_missing_dependency,,,246.91846540479634,nan,,,0.0005846999997629609,262.6796875,262.6796875,0.0,,,,246.91846540479634,nan,True,"{""instance_metadata"": {""complete"": true, ""high"": 100.0, ""instance_type"": ""random_asymmetric"", ""low"": 1.0, ""n"": 10, ""seed"": 0, ""symmetric"": false}}"
classical_comparison,classical_comparison_euclidean_n10_seed1,euclidean,10,1,tn_exact,ok,"[9, 4, 3, 5, 0, 1, 6, 7, 2, 8]",2833.2721574374555,2833.2721574374555,0.0,True,True,0.12472329999991416,262.6796875,262.68359375,0.00390625,26.0,,,2833.2721574374555,0.0,True,"{""finite_edges"": true, ""instance_metadata"": {""complete"": true, ""instance_type"": ""euclidean"", ""n"": 10, ""points"": [[511.82162470025673, 950.4636963259353], [144.15961271963374, 948.6494471372439], [311.83145201048546, 423.32644897257563], [827.7025938204417, 409.1991363691613], [549.5936876730595, 27.559113243068367], [753.5131086748066, 538.1433132192782], [329.73171649909216, 788.4287034284043], [303.19482929164496, 453.4978894806515], [134.04169724716473, 403.11298644712923], [203.45524067614963, 262.3133404418495]], ""scale"": 1000.0, ""seed"": 1, ""symmetric"": true}, ""n_layers"": null, ""normalization_factor"": 1006.3717962694622, ""normalize"": true, ""seed"": 0, ""tau"": 26.0, ""valid_route"": true}"
classical_comparison,classical_comparison_euclidean_n10_seed1,euclidean,10,1,tn_n_layers_6,ok,"[9, 4, 3, 5, 0, 1, 6, 7, 2, 8]",2833.2721574374555,2833.2721574374555,0.0,True,True,0.13775970000006055,262.68359375,262.68359375,0.0,26.0,6,,2833.2721574374555,0.0,True,"{""finite_edges"": true, ""instance_metadata"": {""complete"": true, ""instance_type"": ""euclidean"", ""n"": 10, ""points"": [[511.82162470025673, 950.4636963259353], [144.15961271963374, 948.6494471372439], [311.83145201048546, 423.32644897257563], [827.7025938204417, 409.1991363691613], [549.5936876730595, 27.559113243068367], [753.5131086748066, 538.1433132192782], [329.73171649909216, 788.4287034284043], [303.19482929164496, 453.4978894806515], [134.04169724716473, 403.11298644712923], [203.45524067614963, 262.3133404418495]], ""scale"": 1000.0, ""seed"": 1, ""symmetric"": true}, ""n_layers"": 6, ""normalization_factor"": 1006.3717962694622, ""normalize"": true, ""seed"": 0, ""tau"": 26.0, ""valid_route"": true}"
classical_comparison,classical_comparison_euclidean_n10_seed1,euclidean,10,1,tn_n_layers_4,ok,"[9, 4, 3, 5, 0, 1, 6, 7, 2, 8]",2833.2721574374555,2833.2721574374555,0.0,True,True,0.05594309999969482,262.68359375,262.68359375,0.0,26.0,4,,2833.2721574374555,0.0,True,"{""finite_edges"": true, ""instance_metadata"": {""complete"": true, ""instance_type"": ""euclidean"", ""n"": 10, ""points"": [[511.82162470025673, 950.4636963259353], [144.15961271963374, 948.6494471372439], [311.83145201048546, 423.32644897257563], [827.7025938204417, 409.1991363691613], [549.5936876730595, 27.559113243068367], [753.5131086748066, 538.1433132192782], [329.73171649909216, 788.4287034284043], [303.19482929164496, 453.4978894806515], [134.04169724716473, 403.11298644712923], [203.45524067614963, 262.3133404418495]], ""scale"": 1000.0, ""seed"": 1, ""symmetric"": true}, ""n_layers"": 4, ""normalization_factor"": 1006.3717962694622, ""normalize"": true, ""seed"": 0, ""tau"": 26.0, ""valid_route"": true}"
classical_comparison,classical_comparison_euclidean_n10_seed1,euclidean,10,1,tn_n_layers_2,ok,"[9, 4, 3, 5, 2, 7, 0, 6, 1, 8]",3257.4721631697907,2833.2721574374555,0.14972088177932108,True,True,0.03977970000005371,262.68359375,262.68359375,0.0,26.0,2,,2833.2721574374555,0.14972088177932108,True,"{""finite_edges"": true, ""instance_metadata"": {""complete"": true, ""instance_type"": ""euclidean"", ""n"": 10, ""points"": [[511.82162470025673, 950.4636963259353], [144.15961271963374, 948.6494471372439], [311.83145201048546, 423.32644897257563], [827.7025938204417, 409.1991363691613], [549.5936876730595, 27.559113243068367], [753.5131086748066, 538.1433132192782], [329.73171649909216, 788.4287034284043], [303.19482929164496, 453.4978894806515], [134.04169724716473, 403.11298644712923], [203.45524067614963, 262.3133404418495]], ""scale"": 1000.0, ""seed"": 1, ""symmetric"": true}, ""n_layers"": 2, ""normalization_factor"": 1006.3717962694622, ""normalize"": true, ""seed"": 0, ""tau"": 26.0, ""valid_route"": true}"
classical_comparison,classical_comparison_euclidean_n10_seed1,euclidean,10,1,tn_n_layers_0,ok,"[9, 2, 7, 8, 6, 1, 0, 5, 3, 4]",2964.1238642653016,2833.2721574374555,0.04618395253147673,True,True,0.02368639999986044,262.68359375,262.68359375,0.0,26.0,0,,2833.2721574374555,0.04618395253147673,True,"{""finite_edges"": true, ""instance_metadata"": {""complete"": true, ""instance_type"": ""euclidean"", ""n"": 10, ""points"": [[511.82162470025673, 950.4636963259353], [144.15961271963374, 948.6494471372439], [311.83145201048546, 423.32644897257563], [827.7025938204417, 409.1991363691613], [549.5936876730595, 27.559113243068367], [753.5131086748066, 538.1433132192782], [329.73171649909216, 788.4287034284043], [303.19482929164496, 453.4978894806515], [134.04169724716473, 403.11298644712923], [203.45524067614963, 262.3133404418495]], ""scale"": 1000.0, ""seed"": 1, ""symmetric"": true}, ""n_layers"": 0, ""normalization_factor"": 1006.3717962694622, ""normalize"": true, ""seed"": 0, ""tau"": 26.0, ""valid_route"": true}"
classical_comparison,classical_comparison_euclidean_n10_seed1,euclidean,10,1,held_karp,ok,"[9, 8, 2, 7, 6, 1, 0, 5, 3, 4]",2833.2721574374555,2833.2721574374555,0.0,True,True,0.003413799999634648,262.68359375,262.68359375,0.0,,,,2833.2721574374555,0.0,True,"{""instance_metadata"": {""complete"": true, ""instance_type"": ""euclidean"", ""n"": 10, ""points"": [[511.82162470025673, 950.4636963259353], [144.15961271963374, 948.6494471372439], [311.83145201048546, 423.32644897257563], [827.7025938204417, 409.1991363691613], [549.5936876730595, 27.559113243068367], [753.5131086748066, 538.1433132192782], [329.73171649909216, 788.4287034284043], [303.19482929164496, 453.4978894806515], [134.04169724716473, 403.11298644712923], [203.45524067614963, 262.3133404418495]], ""scale"": 1000.0, ""seed"": 1, ""symmetric"": true}, ""max_n"": 18, ""start"": 9}"
classical_comparison,classical_comparison_euclidean_n10_seed1,euclidean,10,1,bruteforce,ok,"[9, 4, 3, 5, 0, 1, 6, 7, 2, 8]",2833.2721574374555,2833.2721574374555,0.0,True,True,1.4134001000002172,262.68359375,262.68359375,0.0,,,,2833.2721574374555,0.0,True,"{""instance_metadata"": {""complete"": true, ""instance_type"": ""euclidean"", ""n"": 10, ""points"": [[511.82162470025673, 950.4636963259353], [144.15961271963374, 948.6494471372439], [311.83145201048546, 423.32644897257563], [827.7025938204417, 409.1991363691613], [549.5936876730595, 27.559113243068367], [753.5131086748066, 538.1433132192782], [329.73171649909216, 788.4287034284043], [303.19482929164496, 453.4978894806515], [134.04169724716473, 403.11298644712923], [203.45524067614963, 262.3133404418495]], ""scale"": 1000.0, ""seed"": 1, ""symmetric"": true}, ""max_n"": 10, ""permutations_checked"": 362880, ""start"": 9}"
classical_comparison,classical_comparison_euclidean_n10_seed1,euclidean,10,1,ortools,ok,"[9, 8, 2, 7, 6, 1, 0, 5, 3, 4]",2833.2721574374555,2833.2721574374555,0.0,True,True,0.0019480000000839937,262.68359375,262.68359375,0.0,,,5.0,2833.2721574374555,0.0,True,"{""finite_edges"": true, ""infinity_penalty"": 10063717960000, ""instance_metadata"": {""complete"": true, ""instance_type"": ""euclidean"", ""n"": 10, ""points"": [[511.82162470025673, 950.4636963259353], [144.15961271963374, 948.6494471372439], [311.83145201048546, 423.32644897257563], [827.7025938204417, 409.1991363691613], [549.5936876730595, 27.559113243068367], [753.5131086748066, 538.1433132192782], [329.73171649909216, 788.4287034284043], [303.19482929164496, 453.4978894806515], [134.04169724716473, 403.11298644712923], [203.45524067614963, 262.3133404418495]], ""scale"": 1000.0, ""seed"": 1, ""symmetric"": true}, ""integer_scale"": 1000000, ""start"": 9, ""time_limit_s"": 5.0, ""valid_route"": true}"
classical_comparison,classical_comparison_euclidean_n10_seed1,euclidean,10,1,networkx_christofides,ok,"[9, 4, 3, 5, 2, 0, 1, 6, 7, 8]",3341.6760373730467,2833.2721574374555,0.17944053789573663,True,True,0.0010214000003543333,262.68359375,262.68359375,0.0,,,,2833.2721574374555,0.17944053789573663,True,"{""finite_edges"": true, ""instance_metadata"": {""complete"": true, ""instance_type"": ""euclidean"", ""n"": 10, ""points"": [[511.82162470025673, 950.4636963259353], [144.15961271963374, 948.6494471372439], [311.83145201048546, 423.32644897257563], [827.7025938204417, 409.1991363691613], [549.5936876730595, 27.559113243068367], [753.5131086748066, 538.1433132192782], [329.73171649909216, 788.4287034284043], [303.19482929164496, 453.4978894806515], [134.04169724716473, 403.11298644712923], [203.45524067614963, 262.3133404418495]], ""scale"": 1000.0, ""seed"": 1, ""symmetric"": true}, ""requires_metric_symmetric_complete"": true, ""valid_route"": true}"
classical_comparison,classical_comparison_euclidean_n10_seed1,euclidean,10,1,networkx_greedy,ok,"[9, 4, 3, 5, 1, 0, 6, 2, 7, 8]",3115.7653801978818,2833.2721574374555,0.09970564317969596,True,True,0.00014600000031350646,262.68359375,262.68359375,0.0,,,,2833.2721574374555,0.09970564317969596,True,"{""finite_edges"": true, ""instance_metadata"": {""complete"": true, ""instance_type"": ""euclidean"", ""n"": 10, ""points"": [[511.82162470025673, 950.4636963259353], [144.15961271963374, 948.6494471372439], [311.83145201048546, 423.32644897257563], [827.7025938204417, 409.1991363691613], [549.5936876730595, 27.559113243068367], [753.5131086748066, 538.1433132192782], [329.73171649909216, 788.4287034284043], [303.19482929164496, 453.4978894806515], [134.04169724716473, 403.11298644712923], [203.45524067614963, 262.3133404418495]], ""scale"": 1000.0, ""seed"": 1, ""symmetric"": true}, ""valid_route"": true}"
classical_comparison,classical_comparison_euclidean_n10_seed1,euclidean,10,1,python_tsp_dynamic_programming,skipped_missing_dependency,,,2833.2721574374555,nan,,,0.0006005000000186556,262.68359375,262.68359375,0.0,,,,2833.2721574374555,nan,True,"{""instance_metadata"": {""complete"": true, ""instance_type"": ""euclidean"", ""n"": 10, ""points"": [[511.82162470025673, 950.4636963259353], [144.15961271963374, 948.6494471372439], [311.83145201048546, 423.32644897257563], [827.7025938204417, 409.1991363691613], [549.5936876730595, 27.559113243068367], [753.5131086748066, 538.1433132192782], [329.73171649909216, 788.4287034284043], [303.19482929164496, 453.4978894806515], [134.04169724716473, 403.11298644712923], [203.45524067614963, 262.3133404418495]], ""scale"": 1000.0, ""seed"": 1, ""symmetric"": true}}"
classical_comparison,classical_comparison_random_symmetric_n10_seed1,random_symmetric,10,1,tn_exact,ok,"[9, 3, 6, 1, 2, 0, 7, 5, 4, 8]",321.6595227649204,321.6595227649203,1.767192165560449e-16,True,True,0.19121480000012525,262.68359375,262.83203125,0.1484375,26.0,,,321.6595227649203,1.767192165560449e-16,True,"{""finite_edges"": true, ""instance_metadata"": {""complete"": true, ""high"": 100.0, ""instance_type"": ""random_symmetric"", ""low"": 1.0, ""n"": 10, ""seed"": 1, ""symmetric"": true}, ""n_layers"": null, ""normalization_factor"": 86.12326236330892, ""normalize"": true, ""seed"": 0, ""tau"": 26.0, ""valid_route"": true}"
classical_comparison,classical_comparison_random_symmetric_n10_seed1,random_symmetric,10,1,tn_n_layers_6,ok,"[9, 3, 6, 1, 2, 0, 7, 5, 4, 8]",321.6595227649204,321.6595227649203,1.767192165560449e-16,True,True,0.13511519999974553,262.83203125,262.83203125,0.0,26.0,6,,321.6595227649203,1.767192165560449e-16,True,"{""finite_edges"": true, ""instance_metadata"": {""complete"": true, ""high"": 100.0, ""instance_type"": ""random_symmetric"", ""low"": 1.0, ""n"": 10, ""seed"": 1, ""symmetric"": true}, ""n_layers"": 6, ""normalization_factor"": 86.12326236330892, ""normalize"": true, ""seed"": 0, ""tau"": 26.0, ""valid_route"": true}"
classical_comparison,classical_comparison_random_symmetric_n10_seed1,random_symmetric,10,1,tn_n_layers_4,ok,"[9, 3, 4, 5, 7, 0, 2, 6, 1, 8]",329.5902346997845,321.6595227649203,0.02465561058691308,True,True,0.05624509999961447,262.83203125,262.515625,-0.31640625,26.0,4,,321.6595227649203,0.02465561058691308,True,"{""finite_edges"": true, ""instance_metadata"": {""complete"": true, ""high"": 100.0, ""instance_type"": ""random_symmetric"", ""low"": 1.0, ""n"": 10, ""seed"": 1, ""symmetric"": true}, ""n_layers"": 4, ""normalization_factor"": 86.12326236330892, ""normalize"": true, ""seed"": 0, ""tau"": 26.0, ""valid_route"": true}"
classical_comparison,classical_comparison_random_symmetric_n10_seed1,random_symmetric,10,1,tn_n_layers_2,ok,"[9, 0, 4, 5, 7, 1, 2, 6, 3, 8]",409.402564327543,321.6595227649203,0.27278235324233907,True,True,0.039983699999993405,262.515625,262.515625,0.0,26.0,2,,321.6595227649203,0.27278235324233907,True,"{""finite_edges"": true, ""instance_metadata"": {""complete"": true, ""high"": 100.0, ""instance_type"": ""random_symmetric"", ""low"": 1.0, ""n"": 10, ""seed"": 1, ""symmetric"": true}, ""n_layers"": 2, ""normalization_factor"": 86.12326236330892, ""normalize"": true, ""seed"": 0, ""tau"": 26.0, ""valid_route"": true}"
classical_comparison,classical_comparison_random_symmetric_n10_seed1,random_symmetric,10,1,tn_n_layers_0,ok,"[9, 3, 6, 1, 8, 5, 4, 0, 7, 2]",361.87394395687596,321.6595227649203,0.12502170259496934,True,True,0.024256900000182213,262.515625,262.515625,0.0,26.0,0,,321.6595227649203,0.12502170259496934,True,"{""finite_edges"": true, ""instance_metadata"": {""complete"": true, ""high"": 100.0, ""instance_type"": ""random_symmetric"", ""low"": 1.0, ""n"": 10, ""seed"": 1, ""symmetric"": true}, ""n_layers"": 0, ""normalization_factor"": 86.12326236330892, ""normalize"": true, ""seed"": 0, ""tau"": 26.0, ""valid_route"": true}"
classical_comparison,classical_comparison_random_symmetric_n10_seed1,random_symmetric,10,1,held_karp,ok,"[9, 8, 4, 5, 7, 0, 2, 1, 6, 3]",321.6595227649203,321.6595227649203,0.0,True,True,0.003637900000285299,262.515625,262.515625,0.0,,,,321.6595227649203,0.0,True,"{""instance_metadata"": {""complete"": true, ""high"": 100.0, ""instance_type"": ""random_symmetric"", ""low"": 1.0, ""n"": 10, ""seed"": 1, ""symmetric"": true}, ""max_n"": 18, ""start"": 9}"
classical_comparison,classical_comparison_random_symmetric_n10_seed1,random_symmetric,10,1,bruteforce,ok,"[9, 8, 4, 5, 7, 0, 2, 1, 6, 3]",321.6595227649203,321.6595227649203,0.0,True,True,1.3944958999995833,262.515625,262.515625,0.0,,,,321.6595227649203,0.0,True,"{""instance_metadata"": {""complete"": true, ""high"": 100.0, ""instance_type"": ""random_symmetric"", ""low"": 1.0, ""n"": 10, ""seed"": 1, ""symmetric"": true}, ""max_n"": 10, ""permutations_checked"": 362880, ""start"": 9}"
classical_comparison,classical_comparison_random_symmetric_n10_seed1,random_symmetric,10,1,ortools,ok,"[9, 3, 4, 5, 7, 0, 2, 6, 1, 8]",329.5902346997845,321.6595227649203,0.02465561058691308,True,True,0.0020034999997733394,262.515625,262.515625,0.0,,,5.0,321.6595227649203,0.02465561058691308,True,"{""finite_edges"": true, ""infinity_penalty"": 861232620000, ""instance_metadata"": {""complete"": true, ""high"": 100.0, ""instance_type"": ""random_symmetric"", ""low"": 1.0, ""n"": 10, ""seed"": 1, ""symmetric"": true}, ""integer_scale"": 1000000, ""start"": 9, ""time_limit_s"": 5.0, ""valid_route"": true}"
classical_comparison,classical_comparison_random_symmetric_n10_seed1,random_symmetric,10,1,networkx_christofides,skipped_not_applicable,,,321.6595227649203,nan,,,9.959999988495838e-05,262.515625,262.515625,0.0,,,,321.6595227649203,nan,True,"{""instance_metadata"": {""complete"": true, ""high"": 100.0, ""instance_type"": ""random_symmetric"", ""low"": 1.0, ""n"": 10, ""seed"": 1, ""symmetric"": true}, ""requires_metric_symmetric_complete"": true}"
classical_comparison,classical_comparison_random_symmetric_n10_seed1,random_symmetric,10,1,networkx_greedy,ok,"[9, 2, 4, 5, 7, 0, 6, 1, 8, 3]",381.15964028419495,321.6595227649203,0.18497856680201358,True,True,0.00016129999994518585,262.515625,262.515625,0.0,,,,321.6595227649203,0.18497856680201358,True,"{""finite_edges"": true, ""instance_metadata"": {""complete"": true, ""high"": 100.0, ""instance_type"": ""random_symmetric"", ""low"": 1.0, ""n"": 10, ""seed"": 1, ""symmetric"": true}, ""valid_route"": true}"
classical_comparison,classical_comparison_random_symmetric_n10_seed1,random_symmetric,10,1,python_tsp_dynamic_programming,skipped_missing_dependency,,,321.6595227649203,nan,,,0.0005524000002878893,262.515625,262.515625,0.0,,,,321.6595227649203,nan,True,"{""instance_metadata"": {""complete"": true, ""high"": 100.0, ""instance_type"": ""random_symmetric"", ""low"": 1.0, ""n"": 10, ""seed"": 1, ""symmetric"": true}}"
classical_comparison,classical_comparison_random_asymmetric_n10_seed1,random_asymmetric,10,1,tn_exact,ok,"[9, 3, 6, 1, 4, 8, 5, 2, 7, 0]",130.08061398049472,130.08061398049472,0.0,True,True,0.1505832000002556,262.515625,262.8046875,0.2890625,26.0,,,130.08061398049472,0.0,True,"{""finite_edges"": true, ""instance_metadata"": {""complete"": true, ""high"": 100.0, ""instance_type"": ""random_asymmetric"", ""low"": 1.0, ""n"": 10, ""seed"": 1, ""symmetric"": false}, ""n_layers"": null, ""normalization_factor"": 98.09298278032263, ""normalize"": true, ""seed"": 0, ""tau"": 26.0, ""valid_route"": true}"
classical_comparison,classical_comparison_random_asymmetric_n10_seed1,random_asymmetric,10,1,tn_n_layers_6,ok,"[9, 3, 6, 1, 4, 8, 5, 2, 7, 0]",130.08061398049472,130.08061398049472,0.0,True,True,0.12400440000010349,262.8046875,262.49609375,-0.30859375,26.0,6,,130.08061398049472,0.0,True,"{""finite_edges"": true, ""instance_metadata"": {""complete"": true, ""high"": 100.0, ""instance_type"": ""random_asymmetric"", ""low"": 1.0, ""n"": 10, ""seed"": 1, ""symmetric"": false}, ""n_layers"": 6, ""normalization_factor"": 98.09298278032263, ""normalize"": true, ""seed"": 0, ""tau"": 26.0, ""valid_route"": true}"
classical_comparison,classical_comparison_random_asymmetric_n10_seed1,random_asymmetric,10,1,tn_n_layers_4,ok,"[9, 3, 6, 1, 4, 8, 5, 2, 7, 0]",130.08061398049472,130.08061398049472,0.0,True,True,0.05840910000006261,262.49609375,262.51953125,0.0234375,26.0,4,,130.08061398049472,0.0,True,"{""finite_edges"": true, ""instance_metadata"": {""complete"": true, ""high"": 100.0, ""instance_type"": ""random_asymmetric"", ""low"": 1.0, ""n"": 10, ""seed"": 1, ""symmetric"": false}, ""n_layers"": 4, ""normalization_factor"": 98.09298278032263, ""normalize"": true, ""seed"": 0, ""tau"": 26.0, ""valid_route"": true}"
classical_comparison,classical_comparison_random_asymmetric_n10_seed1,random_asymmetric,10,1,tn_n_layers_2,ok,"[9, 4, 8, 5, 2, 1, 6, 0, 7, 3]",232.5040242472985,130.08061398049472,0.7873841238338707,True,True,0.03928429999996297,262.51953125,262.54296875,0.0234375,26.0,2,,130.08061398049472,0.7873841238338707,True,"{""finite_edges"": true, ""instance_metadata"": {""complete"": true, ""high"": 100.0, ""instance_type"": ""random_asymmetric"", ""low"": 1.0, ""n"": 10, ""seed"": 1, ""symmetric"": false}, ""n_layers"": 2, ""normalization_factor"": 98.09298278032263, ""normalize"": true, ""seed"": 0, ""tau"": 26.0, ""valid_route"": true}"
classical_comparison,classical_comparison_random_asymmetric_n10_seed1,random_asymmetric,10,1,tn_n_layers_0,ok,"[9, 3, 6, 1, 8, 7, 0, 5, 4, 2]",282.10283098540015,130.08061398049472,1.1686769638687344,True,True,0.0237449999999626,262.54296875,262.54296875,0.0,26.0,0,,130.08061398049472,1.1686769638687344,True,"{""finite_edges"": true, ""instance_metadata"": {""complete"": true, ""high"": 100.0, ""instance_type"": ""random_asymmetric"", ""low"": 1.0, ""n"": 10, ""seed"": 1, ""symmetric"": false}, ""n_layers"": 0, ""normalization_factor"": 98.09298278032263, ""normalize"": true, ""seed"": 0, ""tau"": 26.0, ""valid_route"": true}"
classical_comparison,classical_comparison_random_asymmetric_n10_seed1,random_asymmetric,10,1,held_karp,ok,"[9, 3, 6, 1, 4, 8, 5, 2, 7, 0]",130.08061398049472,130.08061398049472,0.0,True,True,0.0033683000001474284,262.54296875,262.54296875,0.0,,,,130.08061398049472,0.0,True,"{""instance_metadata"": {""complete"": true, ""high"": 100.0, ""instance_type"": ""random_asymmetric"", ""low"": 1.0, ""n"": 10, ""seed"": 1, ""symmetric"": false}, ""max_n"": 18, ""start"": 9}"
classical_comparison,classical_comparison_random_asymmetric_n10_seed1,random_asymmetric,10,1,bruteforce,ok,"[9, 3, 6, 1, 4, 8, 5, 2, 7, 0]",130.08061398049472,130.08061398049472,0.0,True,True,1.3907220000000962,262.54296875,262.54296875,0.0,,,,130.08061398049472,0.0,True,"{""instance_metadata"": {""complete"": true, ""high"": 100.0, ""instance_type"": ""random_asymmetric"", ""low"": 1.0, ""n"": 10, ""seed"": 1, ""symmetric"": false}, ""max_n"": 10, ""permutations_checked"": 362880, ""start"": 9}"
classical_comparison,classical_comparison_random_asymmetric_n10_seed1,random_asymmetric,10,1,ortools,ok,"[9, 3, 6, 1, 4, 8, 5, 2, 7, 0]",130.08061398049472,130.08061398049472,0.0,True,True,0.0018961999999191903,262.54296875,262.54296875,0.0,,,5.0,130.08061398049472,0.0,True,"{""finite_edges"": true, ""infinity_penalty"": 980929830000, ""instance_metadata"": {""complete"": true, ""high"": 100.0, ""instance_type"": ""random_asymmetric"", ""low"": 1.0, ""n"": 10, ""seed"": 1, ""symmetric"": false}, ""integer_scale"": 1000000, ""start"": 9, ""time_limit_s"": 5.0, ""valid_route"": true}"
classical_comparison,classical_comparison_random_asymmetric_n10_seed1,random_asymmetric,10,1,networkx_christofides,skipped_not_applicable,,,130.08061398049472,nan,,,8.819999993647798e-05,262.54296875,262.54296875,0.0,,,,130.08061398049472,nan,True,"{""instance_metadata"": {""complete"": true, ""high"": 100.0, ""instance_type"": ""random_asymmetric"", ""low"": 1.0, ""n"": 10, ""seed"": 1, ""symmetric"": false}, ""requires_metric_symmetric_complete"": true}"
classical_comparison,classical_comparison_random_asymmetric_n10_seed1,random_asymmetric,10,1,networkx_greedy,ok,"[9, 3, 6, 1, 8, 5, 4, 2, 7, 0]",164.23433299384354,130.08061398049472,0.26255810122844353,True,True,0.00016670000013618846,262.54296875,262.54296875,0.0,,,,130.08061398049472,0.26255810122844353,True,"{""finite_edges"": true, ""instance_metadata"": {""complete"": true, ""high"": 100.0, ""instance_type"": ""random_asymmetric"", ""low"": 1.0, ""n"": 10, ""seed"": 1, ""symmetric"": false}, ""valid_route"": true}"
classical_comparison,classical_comparison_random_asymmetric_n10_seed1,random_asymmetric,10,1,python_tsp_dynamic_programming,skipped_missing_dependency,,,130.08061398049472,nan,,,0.0005260000002635934,262.54296875,262.54296875,0.0,,,,130.08061398049472,nan,True,"{""instance_metadata"": {""complete"": true, ""high"": 100.0, ""instance_type"": ""random_asymmetric"", ""low"": 1.0, ""n"": 10, ""seed"": 1, ""symmetric"": false}}"
classical_comparison,classical_comparison_euclidean_n10_seed2,euclidean,10,2,tn_exact,ok,"[9, 3, 0, 4, 7, 6, 2, 8, 1, 5]",2635.180812604283,2635.180812604283,0.0,True,True,0.11726120000002993,262.546875,262.8359375,0.2890625,26.0,,,2635.180812604283,0.0,True,"{""finite_edges"": true, ""instance_metadata"": {""complete"": true, ""instance_type"": ""euclidean"", ""n"": 10, ""points"": [[261.6121342493164, 298.4911434141233], [814.2257405942803, 91.91594213509691], [600.100525965654, 728.5605268117946], [187.90107336660344, 55.14662733306819], [274.9693679060381, 657.4330148755926], [562.265662780428, 150.06226330533613], [432.6307908047872, 669.2972985745203], [422.7846732701278, 633.1843992741165], [967.4359524936766, 683.0648223096252], [391.6248330800262, 187.25256972009808]], ""scale"": 1000.0, ""seed"": 2, ""symmetric"": true}, ""n_layers"": null, ""normalization_factor"": 1000.9774659592883, ""normalize"": true, ""seed"": 0, ""tau"": 26.0, ""valid_route"": true}"
classical_comparison,classical_comparison_euclidean_n10_seed2,euclidean,10,2,tn_n_layers_6,ok,"[9, 5, 1, 8, 2, 6, 7, 4, 0, 3]",2635.180812604283,2635.180812604283,0.0,True,True,0.11627950000001874,262.8359375,262.8359375,0.0,26.0,6,,2635.180812604283,0.0,True,"{""finite_edges"": true, ""instance_metadata"": {""complete"": true, ""instance_type"": ""euclidean"", ""n"": 10, ""points"": [[261.6121342493164, 298.4911434141233], [814.2257405942803, 91.91594213509691], [600.100525965654, 728.5605268117946], [187.90107336660344, 55.14662733306819], [274.9693679060381, 657.4330148755926], [562.265662780428, 150.06226330533613], [432.6307908047872, 669.2972985745203], [422.7846732701278, 633.1843992741165], [967.4359524936766, 683.0648223096252], [391.6248330800262, 187.25256972009808]], ""scale"": 1000.0, ""seed"": 2, ""symmetric"": true}, ""n_layers"": 6, ""normalization_factor"": 1000.9774659592883, ""normalize"": true, ""seed"": 0, ""tau"": 26.0, ""valid_route"": true}"
classical_comparison,classical_comparison_euclidean_n10_seed2,euclidean,10,2,tn_n_layers_4,ok,"[9, 3, 0, 4, 7, 6, 2, 8, 1, 5]",2635.180812604283,2635.180812604283,0.0,True,True,0.07510640000009516,262.8359375,262.8359375,0.0,26.0,4,,2635.180812604283,0.0,True,"{""finite_edges"": true, ""instance_metadata"": {""complete"": true, ""instance_type"": ""euclidean"", ""n"": 10, ""points"": [[261.6121342493164, 298.4911434141233], [814.2257405942803, 91.91594213509691], [600.100525965654, 728.5605268117946], [187.90107336660344, 55.14662733306819], [274.9693679060381, 657.4330148755926], [562.265662780428, 150.06226330533613], [432.6307908047872, 669.2972985745203], [422.7846732701278, 633.1843992741165], [967.4359524936766, 683.0648223096252], [391.6248330800262, 187.25256972009808]], ""scale"": 1000.0, ""seed"": 2, ""symmetric"": true}, ""n_layers"": 4, ""normalization_factor"": 1000.9774659592883, ""normalize"": true, ""seed"": 0, ""tau"": 26.0, ""valid_route"": true}"
classical_comparison,classical_comparison_euclidean_n10_seed2,euclidean,10,2,tn_n_layers_2,ok,"[9, 0, 4, 7, 6, 2, 8, 1, 5, 3]",2763.5866156985426,2635.180812604283,0.04872751140266518,True,True,0.037758299999950395,262.8359375,262.875,0.0390625,26.0,2,,2635.180812604283,0.04872751140266518,True,"{""finite_edges"": true, ""instance_metadata"": {""complete"": true, ""instance_type"": ""euclidean"", ""n"": 10, ""points"": [[261.6121342493164, 298.4911434141233], [814.2257405942803, 91.91594213509691], [600.100525965654, 728.5605268117946], [187.90107336660344, 55.14662733306819], [274.9693679060381, 657.4330148755926], [562.265662780428, 150.06226330533613], [432.6307908047872, 669.2972985745203], [422.7846732701278, 633.1843992741165], [967.4359524936766, 683.0648223096252], [391.6248330800262, 187.25256972009808]], ""scale"": 1000.0, ""seed"": 2, ""symmetric"": true}, ""n_layers"": 2, ""normalization_factor"": 1000.9774659592883, ""normalize"": true, ""seed"": 0, ""tau"": 26.0, ""valid_route"": true}"
classical_comparison,classical_comparison_euclidean_n10_seed2,euclidean,10,2,tn_n_layers_0,ok,"[9, 0, 3, 5, 1, 7, 6, 4, 2, 8]",3396.503269221331,2635.180812604283,0.2889071038220911,True,True,0.023144000000229425,262.875,262.8984375,0.0234375,26.0,0,,2635.180812604283,0.2889071038220911,True,"{""finite_edges"": true, ""instance_metadata"": {""complete"": true, ""instance_type"": ""euclidean"", ""n"": 10, ""points"": [[261.6121342493164, 298.4911434141233], [814.2257405942803, 91.91594213509691], [600.100525965654, 728.5605268117946], [187.90107336660344, 55.14662733306819], [274.9693679060381, 657.4330148755926], [562.265662780428, 150.06226330533613], [432.6307908047872, 669.2972985745203], [422.7846732701278, 633.1843992741165], [967.4359524936766, 683.0648223096252], [391.6248330800262, 187.25256972009808]], ""scale"": 1000.0, ""seed"": 2, ""symmetric"": true}, ""n_layers"": 0, ""normalization_factor"": 1000.9774659592883, ""normalize"": true, ""seed"": 0, ""tau"": 26.0, ""valid_route"": true}"
classical_comparison,classical_comparison_euclidean_n10_seed2,euclidean,10,2,held_karp,ok,"[9, 5, 1, 8, 2, 6, 7, 4, 0, 3]",2635.180812604283,2635.180812604283,0.0,True,True,0.003391899999769521,262.8984375,262.90625,0.0078125,,,,2635.180812604283,0.0,True,"{""instance_metadata"": {""complete"": true, ""instance_type"": ""euclidean"", ""n"": 10, ""points"": [[261.6121342493164, 298.4911434141233], [814.2257405942803, 91.91594213509691], [600.100525965654, 728.5605268117946], [187.90107336660344, 55.14662733306819], [274.9693679060381, 657.4330148755926], [562.265662780428, 150.06226330533613], [432.6307908047872, 669.2972985745203], [422.7846732701278, 633.1843992741165], [967.4359524936766, 683.0648223096252], [391.6248330800262, 187.25256972009808]], ""scale"": 1000.0, ""seed"": 2, ""symmetric"": true}, ""max_n"": 18, ""start"": 9}"
classical_comparison,classical_comparison_euclidean_n10_seed2,euclidean,10,2,bruteforce,ok,"[9, 3, 0, 4, 7, 6, 2, 8, 1, 5]",2635.180812604283,2635.180812604283,0.0,True,True,1.392613199999687,262.90625,262.90625,0.0,,,,2635.180812604283,0.0,True,"{""instance_metadata"": {""complete"": true, ""instance_type"": ""euclidean"", ""n"": 10, ""points"": [[261.6121342493164, 298.4911434141233], [814.2257405942803, 91.91594213509691], [600.100525965654, 728.5605268117946], [187.90107336660344, 55.14662733306819], [274.9693679060381, 657.4330148755926], [562.265662780428, 150.06226330533613], [432.6307908047872, 669.2972985745203], [422.7846732701278, 633.1843992741165], [967.4359524936766, 683.0648223096252], [391.6248330800262, 187.25256972009808]], ""scale"": 1000.0, ""seed"": 2, ""symmetric"": true}, ""max_n"": 10, ""permutations_checked"": 362880, ""start"": 9}"
classical_comparison,classical_comparison_euclidean_n10_seed2,euclidean,10,2,ortools,ok,"[9, 5, 1, 8, 2, 6, 7, 4, 0, 3]",2635.180812604283,2635.180812604283,0.0,True,True,0.0017465999999330961,262.90625,262.90625,0.0,,,5.0,2635.180812604283,0.0,True,"{""finite_edges"": true, ""infinity_penalty"": 10009774660000, ""instance_metadata"": {""complete"": true, ""instance_type"": ""euclidean"", ""n"": 10, ""points"": [[261.6121342493164, 298.4911434141233], [814.2257405942803, 91.91594213509691], [600.100525965654, 728.5605268117946], [187.90107336660344, 55.14662733306819], [274.9693679060381, 657.4330148755926], [562.265662780428, 150.06226330533613], [432.6307908047872, 669.2972985745203], [422.7846732701278, 633.1843992741165], [967.4359524936766, 683.0648223096252], [391.6248330800262, 187.25256972009808]], ""scale"": 1000.0, ""seed"": 2, ""symmetric"": true}, ""integer_scale"": 1000000, ""start"": 9, ""time_limit_s"": 5.0, ""valid_route"": true}"
classical_comparison,classical_comparison_euclidean_n10_seed2,euclidean,10,2,networkx_christofides,ok,"[9, 3, 0, 4, 7, 6, 2, 8, 1, 5]",2635.180812604283,2635.180812604283,0.0,True,True,0.000830499999665335,262.90625,262.90625,0.0,,,,2635.180812604283,0.0,True,"{""finite_edges"": true, ""instance_metadata"": {""complete"": true, ""instance_type"": ""euclidean"", ""n"": 10, ""points"": [[261.6121342493164, 298.4911434141233], [814.2257405942803, 91.91594213509691], [600.100525965654, 728.5605268117946], [187.90107336660344, 55.14662733306819], [274.9693679060381, 657.4330148755926], [562.265662780428, 150.06226330533613], [432.6307908047872, 669.2972985745203], [422.7846732701278, 633.1843992741165], [967.4359524936766, 683.0648223096252], [391.6248330800262, 187.25256972009808]], ""scale"": 1000.0, ""seed"": 2, ""symmetric"": true}, ""requires_metric_symmetric_complete"": true, ""valid_route"": true}"
classical_comparison,classical_comparison_euclidean_n10_seed2,euclidean,10,2,networkx_greedy,ok,"[9, 0, 3, 5, 1, 8, 2, 6, 7, 4]",2900.2883740269435,2635.180812604283,0.1006031768881398,True,True,0.0001316000002589135,262.90625,262.90625,0.0,,,,2635.180812604283,0.1006031768881398,True,"{""finite_edges"": true, ""instance_metadata"": {""complete"": true, ""instance_type"": ""euclidean"", ""n"": 10, ""points"": [[261.6121342493164, 298.4911434141233], [814.2257405942803, 91.91594213509691], [600.100525965654, 728.5605268117946], [187.90107336660344, 55.14662733306819], [274.9693679060381, 657.4330148755926], [562.265662780428, 150.06226330533613], [432.6307908047872, 669.2972985745203], [422.7846732701278, 633.1843992741165], [967.4359524936766, 683.0648223096252], [391.6248330800262, 187.25256972009808]], ""scale"": 1000.0, ""seed"": 2, ""symmetric"": true}, ""valid_route"": true}"
classical_comparison,classical_comparison_euclidean_n10_seed2,euclidean,10,2,python_tsp_dynamic_programming,skipped_missing_dependency,,,2635.180812604283,nan,,,0.000724500000160333,262.90625,262.90625,0.0,,,,2635.180812604283,nan,True,"{""instance_metadata"": {""complete"": true, ""instance_type"": ""euclidean"", ""n"": 10, ""points"": [[261.6121342493164, 298.4911434141233], [814.2257405942803, 91.91594213509691], [600.100525965654, 728.5605268117946], [187.90107336660344, 55.14662733306819], [274.9693679060381, 657.4330148755926], [562.265662780428, 150.06226330533613], [432.6307908047872, 669.2972985745203], [422.7846732701278, 633.1843992741165], [967.4359524936766, 683.0648223096252], [391.6248330800262, 187.25256972009808]], ""scale"": 1000.0, ""seed"": 2, ""symmetric"": true}}"
classical_comparison,classical_comparison_random_symmetric_n10_seed2,random_symmetric,10,2,tn_exact,ok,"[9, 2, 1, 5, 4, 8, 6, 3, 0, 7]",298.8961155611272,298.8961155611272,0.0,True,True,0.1554270000001452,262.90625,263.04296875,0.13671875,26.0,,,298.8961155611272,0.0,True,"{""finite_edges"": true, ""instance_metadata"": {""complete"": true, ""high"": 100.0, ""instance_type"": ""random_symmetric"", ""low"": 1.0, ""n"": 10, ""seed"": 2, ""symmetric"": true}, ""n_layers"": null, ""normalization_factor"": 91.18657665819998, ""normalize"": true, ""seed"": 0, ""tau"": 26.0, ""valid_route"": true}"
classical_comparison,classical_comparison_random_symmetric_n10_seed2,random_symmetric,10,2,tn_n_layers_6,ok,"[9, 2, 1, 5, 4, 8, 6, 3, 0, 7]",298.8961155611272,298.8961155611272,0.0,True,True,0.16209530000014638,263.04296875,262.76953125,-0.2734375,26.0,6,,298.8961155611272,0.0,True,"{""finite_edges"": true, ""instance_metadata"": {""complete"": true, ""high"": 100.0, ""instance_type"": ""random_symmetric"", ""low"": 1.0, ""n"": 10, ""seed"": 2, ""symmetric"": true}, ""n_layers"": 6, ""normalization_factor"": 91.18657665819998, ""normalize"": true, ""seed"": 0, ""tau"": 26.0, ""valid_route"": true}"
classical_comparison,classical_comparison_random_symmetric_n10_seed2,random_symmetric,10,2,tn_n_layers_4,ok,"[9, 3, 0, 6, 2, 1, 5, 8, 4, 7]",329.84233325299573,298.8961155611272,0.10353502799383059,True,True,0.05302579999988666,262.76953125,262.76953125,0.0,26.0,4,,298.8961155611272,0.10353502799383059,True,"{""finite_edges"": true, ""instance_metadata"": {""complete"": true, ""high"": 100.0, ""instance_type"": ""random_symmetric"", ""low"": 1.0, ""n"": 10, ""seed"": 2, ""symmetric"": true}, ""n_layers"": 4, ""normalization_factor"": 91.18657665819998, ""normalize"": true, ""seed"": 0, ""tau"": 26.0, ""valid_route"": true}"
classical_comparison,classical_comparison_random_symmetric_n10_seed2,random_symmetric,10,2,tn_n_layers_2,ok,"[9, 8, 0, 6, 3, 4, 5, 1, 2, 7]",377.15390239588874,298.8961155611272,0.26182269611582504,True,True,0.03804649999983667,262.76953125,262.76953125,0.0,26.0,2,,298.8961155611272,0.26182269611582504,True,"{""finite_edges"": true, ""instance_metadata"": {""complete"": true, ""high"": 100.0, ""instance_type"": ""random_symmetric"", ""low"": 1.0, ""n"": 10, ""seed"": 2, ""symmetric"": true}, ""n_layers"": 2, ""normalization_factor"": 91.18657665819998, ""normalize"": true, ""seed"": 0, ""tau"": 26.0, ""valid_route"": true}"
classical_comparison,classical_comparison_random_symmetric_n10_seed2,random_symmetric,10,2,tn_n_layers_0,ok,"[9, 8, 4, 5, 1, 2, 0, 3, 7, 6]",418.74151783017726,298.8961155611272,0.4009600527730528,True,True,0.02377249999972264,262.76953125,262.76953125,0.0,26.0,0,,298.8961155611272,0.4009600527730528,True,"{""finite_edges"": true, ""instance_metadata"": {""complete"": true, ""high"": 100.0, ""instance_type"": ""random_symmetric"", ""low"": 1.0, ""n"": 10, ""seed"": 2, ""symmetric"": true}, ""n_layers"": 0, ""normalization_factor"": 91.18657665819998, ""normalize"": true, ""seed"": 0, ""tau"": 26.0, ""valid_route"": true}"
classical_comparison,classical_comparison_random_symmetric_n10_seed2,random_symmetric,10,2,held_karp,ok,"[9, 7, 0, 3, 6, 8, 4, 5, 1, 2]",298.8961155611272,298.8961155611272,0.0,True,True,0.0032798999995975464,262.76953125,262.76953125,0.0,,,,298.8961155611272,0.0,True,"{""instance_metadata"": {""complete"": true, ""high"": 100.0, ""instance_type"": ""random_symmetric"", ""low"": 1.0, ""n"": 10, ""seed"": 2, ""symmetric"": true}, ""max_n"": 18, ""start"": 9}"
classical_comparison,classical_comparison_random_symmetric_n10_seed2,random_symmetric,10,2,bruteforce,ok,"[9, 2, 1, 5, 4, 8, 6, 3, 0, 7]",298.8961155611272,298.8961155611272,0.0,True,True,1.4118945000000167,262.76953125,262.76953125,0.0,,,,298.8961155611272,0.0,True,"{""instance_metadata"": {""complete"": true, ""high"": 100.0, ""instance_type"": ""random_symmetric"", ""low"": 1.0, ""n"": 10, ""seed"": 2, ""symmetric"": true}, ""max_n"": 10, ""permutations_checked"": 362880, ""start"": 9}"
classical_comparison,classical_comparison_random_symmetric_n10_seed2,random_symmetric,10,2,ortools,ok,"[9, 7, 0, 3, 6, 8, 4, 5, 1, 2]",298.8961155611272,298.8961155611272,0.0,True,True,0.001862399999936315,262.76953125,262.828125,0.05859375,,,5.0,298.8961155611272,0.0,True,"{""finite_edges"": true, ""infinity_penalty"": 911865770000, ""instance_metadata"": {""complete"": true, ""high"": 100.0, ""instance_type"": ""random_symmetric"", ""low"": 1.0, ""n"": 10, ""seed"": 2, ""symmetric"": true}, ""integer_scale"": 1000000, ""start"": 9, ""time_limit_s"": 5.0, ""valid_route"": true}"
classical_comparison,classical_comparison_random_symmetric_n10_seed2,random_symmetric,10,2,networkx_christofides,skipped_not_applicable,,,298.8961155611272,nan,,,0.00010470000006534974,262.828125,262.828125,0.0,,,,298.8961155611272,nan,True,"{""instance_metadata"": {""complete"": true, ""high"": 100.0, ""instance_type"": ""random_symmetric"", ""low"": 1.0, ""n"": 10, ""seed"": 2, ""symmetric"": true}, ""requires_metric_symmetric_complete"": true}"
classical_comparison,classical_comparison_random_symmetric_n10_seed2,random_symmetric,10,2,networkx_greedy,ok,"[9, 2, 1, 5, 7, 3, 0, 6, 4, 8]",327.383439124306,298.8961155611272,0.09530844356976212,True,True,0.00015980000034687691,262.828125,262.828125,0.0,,,,298.8961155611272,0.09530844356976212,True,"{""finite_edges"": true, ""instance_metadata"": {""complete"": true, ""high"": 100.0, ""instance_type"": ""random_symmetric"", ""low"": 1.0, ""n"": 10, ""seed"": 2, ""symmetric"": true}, ""valid_route"": true}"
classical_comparison,classical_comparison_random_symmetric_n10_seed2,random_symmetric,10,2,python_tsp_dynamic_programming,skipped_missing_dependency,,,298.8961155611272,nan,,,0.000542900000255031,262.828125,262.828125,0.0,,,,298.8961155611272,nan,True,"{""instance_metadata"": {""complete"": true, ""high"": 100.0, ""instance_type"": ""random_symmetric"", ""low"": 1.0, ""n"": 10, ""seed"": 2, ""symmetric"": true}}"
classical_comparison,classical_comparison_random_asymmetric_n10_seed2,random_asymmetric,10,2,tn_exact,ok,"[9, 3, 0, 7, 5, 1, 2, 8, 6, 4]",195.84358249377016,195.84358249377016,0.0,True,True,0.16224349999993137,262.828125,263.0625,0.234375,26.0,,,195.84358249377016,0.0,True,"{""finite_edges"": true, ""instance_metadata"": {""complete"": true, ""high"": 100.0, ""instance_type"": ""random_asymmetric"", ""low"": 1.0, ""n"": 10, ""seed"": 2, ""symmetric"": false}, ""n_layers"": null, ""normalization_factor"": 98.20645097631477, ""normalize"": true, ""seed"": 0, ""tau"": 26.0, ""valid_route"": true}"
classical_comparison,classical_comparison_random_asymmetric_n10_seed2,random_asymmetric,10,2,tn_n_layers_6,ok,"[9, 2, 8, 6, 3, 0, 7, 5, 1, 4]",230.71688671951247,195.84358249377016,0.17806712776433023,True,True,0.10530930000004446,263.0625,263.0625,0.0,26.0,6,,195.84358249377016,0.17806712776433023,True,"{""finite_edges"": true, ""instance_metadata"": {""complete"": true, ""high"": 100.0, ""instance_type"": ""random_asymmetric"", ""low"": 1.0, ""n"": 10, ""seed"": 2, ""symmetric"": false}, ""n_layers"": 6, ""normalization_factor"": 98.20645097631477, ""normalize"": true, ""seed"": 0, ""tau"": 26.0, ""valid_route"": true}"
classical_comparison,classical_comparison_random_asymmetric_n10_seed2,random_asymmetric,10,2,tn_n_layers_4,ok,"[9, 3, 2, 8, 0, 6, 4, 7, 5, 1]",252.77907055616072,195.84358249377016,0.29071919200723206,True,True,0.053647600000203965,263.0625,263.0625,0.0,26.0,4,,195.84358249377016,0.29071919200723206,True,"{""finite_edges"": true, ""instance_metadata"": {""complete"": true, ""high"": 100.0, ""instance_type"": ""random_asymmetric"", ""low"": 1.0, ""n"": 10, ""seed"": 2, ""symmetric"": false}, ""n_layers"": 4, ""normalization_factor"": 98.20645097631477, ""normalize"": true, ""seed"": 0, ""tau"": 26.0, ""valid_route"": true}"
classical_comparison,classical_comparison_random_asymmetric_n10_seed2,random_asymmetric,10,2,tn_n_layers_2,ok,"[9, 8, 6, 3, 5, 0, 1, 4, 7, 2]",323.9618995819019,195.84358249377016,0.6541869560224534,True,True,0.040026900000157184,263.0625,263.0625,0.0,26.0,2,,195.84358249377016,0.6541869560224534,True,"{""finite_edges"": true, ""instance_metadata"": {""complete"": true, ""high"": 100.0, ""instance_type"": ""random_asymmetric"", ""low"": 1.0, ""n"": 10, ""seed"": 2, ""symmetric"": false}, ""n_layers"": 2, ""normalization_factor"": 98.20645097631477, ""normalize"": true, ""seed"": 0, ""tau"": 26.0, ""valid_route"": true}"
classical_comparison,classical_comparison_random_asymmetric_n10_seed2,random_asymmetric,10,2,tn_n_layers_0,ok,"[9, 8, 6, 4, 5, 1, 2, 0, 3, 7]",306.2260743181754,195.84358249377016,0.563625779404421,True,True,0.023366599999917526,263.0625,263.0625,0.0,26.0,0,,195.84358249377016,0.563625779404421,True,"{""finite_edges"": true, ""instance_metadata"": {""complete"": true, ""high"": 100.0, ""instance_type"": ""random_asymmetric"", ""low"": 1.0, ""n"": 10, ""seed"": 2, ""symmetric"": false}, ""n_layers"": 0, ""normalization_factor"": 98.20645097631477, ""normalize"": true, ""seed"": 0, ""tau"": 26.0, ""valid_route"": true}"
classical_comparison,classical_comparison_random_asymmetric_n10_seed2,random_asymmetric,10,2,held_karp,ok,"[9, 3, 0, 7, 5, 1, 2, 8, 6, 4]",195.84358249377016,195.84358249377016,0.0,True,True,0.00348100000019258,263.0625,263.0625,0.0,,,,195.84358249377016,0.0,True,"{""instance_metadata"": {""complete"": true, ""high"": 100.0, ""instance_type"": ""random_asymmetric"", ""low"": 1.0, ""n"": 10, ""seed"": 2, ""symmetric"": false}, ""max_n"": 18, ""start"": 9}"
classical_comparison,classical_comparison_random_asymmetric_n10_seed2,random_asymmetric,10,2,bruteforce,ok,"[9, 3, 0, 7, 5, 1, 2, 8, 6, 4]",195.84358249377016,195.84358249377016,0.0,True,True,1.3891249000002972,263.0625,263.0625,0.0,,,,195.84358249377016,0.0,True,"{""instance_metadata"": {""complete"": true, ""high"": 100.0, ""instance_type"": ""random_asymmetric"", ""low"": 1.0, ""n"": 10, ""seed"": 2, ""symmetric"": false}, ""max_n"": 10, ""permutations_checked"": 362880, ""start"": 9}"
classical_comparison,classical_comparison_random_asymmetric_n10_seed2,random_asymmetric,10,2,ortools,ok,"[9, 3, 0, 7, 5, 4, 8, 6, 1, 2]",210.6337580876692,195.84358249377016,0.07552034846160727,True,True,0.0017750000001797162,263.0625,263.06640625,0.00390625,,,5.0,195.84358249377016,0.07552034846160727,True,"{""finite_edges"": true, ""infinity_penalty"": 982064510000, ""instance_metadata"": {""complete"": true, ""high"": 100.0, ""instance_type"": ""random_asymmetric"", ""low"": 1.0, ""n"": 10, ""seed"": 2, ""symmetric"": false}, ""integer_scale"": 1000000, ""start"": 9, ""time_limit_s"": 5.0, ""valid_route"": true}"
classical_comparison,classical_comparison_random_asymmetric_n10_seed2,random_asymmetric,10,2,networkx_christofides,skipped_not_applicable,,,195.84358249377016,nan,,,8.900000011635711e-05,263.06640625,263.06640625,0.0,,,,195.84358249377016,nan,True,"{""instance_metadata"": {""complete"": true, ""high"": 100.0, ""instance_type"": ""random_asymmetric"", ""low"": 1.0, ""n"": 10, ""seed"": 2, ""symmetric"": false}, ""requires_metric_symmetric_complete"": true}"
classical_comparison,classical_comparison_random_asymmetric_n10_seed2,random_asymmetric,10,2,networkx_greedy,ok,"[9, 7, 0, 3, 5, 4, 8, 6, 1, 2]",230.10105202112027,195.84358249377016,0.17492260451495698,True,True,0.0001687999997557199,263.06640625,263.06640625,0.0,,,,195.84358249377016,0.17492260451495698,True,"{""finite_edges"": true, ""instance_metadata"": {""complete"": true, ""high"": 100.0, ""instance_type"": ""random_asymmetric"", ""low"": 1.0, ""n"": 10, ""seed"": 2, ""symmetric"": false}, ""valid_route"": true}"
classical_comparison,classical_comparison_random_asymmetric_n10_seed2,random_asymmetric,10,2,python_tsp_dynamic_programming,skipped_missing_dependency,,,195.84358249377016,nan,,,0.0006057000000510016,263.06640625,263.06640625,0.0,,,,195.84358249377016,nan,True,"{""instance_metadata"": {""complete"": true, ""high"": 100.0, ""instance_type"": ""random_asymmetric"", ""low"": 1.0, ""n"": 10, ""seed"": 2, ""symmetric"": false}}"
classical_comparison,classical_comparison_euclidean_n10_seed3,euclidean,10,3,tn_exact,ok,"[9, 4, 3, 0, 2, 8, 5, 6, 7, 1]",2745.4573340863712,2745.457334086371,1.6563628406842252e-16,True,True,0.1409534999997959,263.0703125,263.0703125,0.0,26.0,,,2745.457334086371,1.6563628406842252e-16,True,"{""finite_edges"": true, ""instance_metadata"": {""complete"": true, ""instance_type"": ""euclidean"", ""n"": 10, ""points"": [[85.64916714362437, 236.8105065960997], [801.2744652063969, 582.1620360643678], [94.12864224039919, 433.1269402364738], [479.05129814083404, 159.73891463707858], [734.5771514092145, 113.6720199214034], [391.22819049566203, 516.7401826213637], [430.6280204141778, 586.7985714381407], [737.8377872921602, 956.2672548360986], [284.20116374879143, 648.5472070798251], [696.2159966701554, 292.72074901248715]], ""scale"": 1000.0, ""seed"": 3, ""symmetric"": true}, ""n_layers"": null, ""normalization_factor"": 971.065398847742, ""normalize"": true, ""seed"": 0, ""tau"": 26.0, ""valid_route"": true}"
classical_comparison,classical_comparison_euclidean_n10_seed3,euclidean,10,3,tn_n_layers_6,ok,"[9, 4, 3, 0, 2, 8, 5, 6, 7, 1]",2745.4573340863712,2745.457334086371,1.6563628406842252e-16,True,True,0.12358099999983096,263.0703125,263.0703125,0.0,26.0,6,,2745.457334086371,1.6563628406842252e-16,True,"{""finite_edges"": true, ""instance_metadata"": {""complete"": true, ""instance_type"": ""euclidean"", ""n"": 10, ""points"": [[85.64916714362437, 236.8105065960997], [801.2744652063969, 582.1620360643678], [94.12864224039919, 433.1269402364738], [479.05129814083404, 159.73891463707858], [734.5771514092145, 113.6720199214034], [391.22819049566203, 516.7401826213637], [430.6280204141778, 586.7985714381407], [737.8377872921602, 956.2672548360986], [284.20116374879143, 648.5472070798251], [696.2159966701554, 292.72074901248715]], ""scale"": 1000.0, ""seed"": 3, ""symmetric"": true}, ""n_layers"": 6, ""normalization_factor"": 971.065398847742, ""normalize"": true, ""seed"": 0, ""tau"": 26.0, ""valid_route"": true}"
classical_comparison,classical_comparison_euclidean_n10_seed3,euclidean,10,3,tn_n_layers_4,ok,"[9, 4, 3, 0, 2, 8, 5, 6, 7, 1]",2745.4573340863712,2745.457334086371,1.6563628406842252e-16,True,True,0.05407439999999042,263.0703125,262.84375,-0.2265625,26.0,4,,2745.457334086371,1.6563628406842252e-16,True,"{""finite_edges"": true, ""instance_metadata"": {""complete"": true, ""instance_type"": ""euclidean"", ""n"": 10, ""points"": [[85.64916714362437, 236.8105065960997], [801.2744652063969, 582.1620360643678], [94.12864224039919, 433.1269402364738], [479.05129814083404, 159.73891463707858], [734.5771514092145, 113.6720199214034], [391.22819049566203, 516.7401826213637], [430.6280204141778, 586.7985714381407], [737.8377872921602, 956.2672548360986], [284.20116374879143, 648.5472070798251], [696.2159966701554, 292.72074901248715]], ""scale"": 1000.0, ""seed"": 3, ""symmetric"": true}, ""n_layers"": 4, ""normalization_factor"": 971.065398847742, ""normalize"": true, ""seed"": 0, ""tau"": 26.0, ""valid_route"": true}"
classical_comparison,classical_comparison_euclidean_n10_seed3,euclidean,10,3,tn_n_layers_2,ok,"[9, 4, 3, 5, 2, 0, 6, 8, 7, 1]",3201.407699527676,2745.457334086371,0.16607446773272683,True,True,0.03857819999984713,262.84375,262.84375,0.0,26.0,2,,2745.457334086371,0.16607446773272683,True,"{""finite_edges"": true, ""instance_metadata"": {""complete"": true, ""instance_type"": ""euclidean"", ""n"": 10, ""points"": [[85.64916714362437, 236.8105065960997], [801.2744652063969, 582.1620360643678], [94.12864224039919, 433.1269402364738], [479.05129814083404, 159.73891463707858], [734.5771514092145, 113.6720199214034], [391.22819049566203, 516.7401826213637], [430.6280204141778, 586.7985714381407], [737.8377872921602, 956.2672548360986], [284.20116374879143, 648.5472070798251], [696.2159966701554, 292.72074901248715]], ""scale"": 1000.0, ""seed"": 3, ""symmetric"": true}, ""n_layers"": 2, ""normalization_factor"": 971.065398847742, ""normalize"": true, ""seed"": 0, ""tau"": 26.0, ""valid_route"": true}"
classical_comparison,classical_comparison_euclidean_n10_seed3,euclidean,10,3,tn_n_layers_0,ok,"[9, 4, 3, 5, 6, 1, 7, 8, 2, 0]",3285.9663350262263,2745.457334086371,0.19687393944503795,True,True,0.02354910000030941,262.84375,262.78125,-0.0625,26.0,0,,2745.457334086371,0.19687393944503795,True,"{""finite_edges"": true, ""instance_metadata"": {""complete"": true, ""instance_type"": ""euclidean"", ""n"": 10, ""points"": [[85.64916714362437, 236.8105065960997], [801.2744652063969, 582.1620360643678], [94.12864224039919, 433.1269402364738], [479.05129814083404, 159.73891463707858], [734.5771514092145, 113.6720199214034], [391.22819049566203, 516.7401826213637], [430.6280204141778, 586.7985714381407], [737.8377872921602, 956.2672548360986], [284.20116374879143, 648.5472070798251], [696.2159966701554, 292.72074901248715]], ""scale"": 1000.0, ""seed"": 3, ""symmetric"": true}, ""n_layers"": 0, ""normalization_factor"": 971.065398847742, ""normalize"": true, ""seed"": 0, ""tau"": 26.0, ""valid_route"": true}"
classical_comparison,classical_comparison_euclidean_n10_seed3,euclidean,10,3,held_karp,ok,"[9, 1, 7, 6, 5, 8, 2, 0, 3, 4]",2745.457334086371,2745.457334086371,0.0,True,True,0.0033368999997946958,262.78125,262.78125,0.0,,,,2745.457334086371,0.0,True,"{""instance_metadata"": {""complete"": true, ""instance_type"": ""euclidean"", ""n"": 10, ""points"": [[85.64916714362437, 236.8105065960997], [801.2744652063969, 582.1620360643678], [94.12864224039919, 433.1269402364738], [479.05129814083404, 159.73891463707858], [734.5771514092145, 113.6720199214034], [391.22819049566203, 516.7401826213637], [430.6280204141778, 586.7985714381407], [737.8377872921602, 956.2672548360986], [284.20116374879143, 648.5472070798251], [696.2159966701554, 292.72074901248715]], ""scale"": 1000.0, ""seed"": 3, ""symmetric"": true}, ""max_n"": 18, ""start"": 9}"
classical_comparison,classical_comparison_euclidean_n10_seed3,euclidean,10,3,bruteforce,ok,"[9, 1, 7, 6, 5, 8, 2, 0, 3, 4]",2745.457334086371,2745.457334086371,0.0,True,True,1.3694946000000527,262.78125,262.78125,0.0,,,,2745.457334086371,0.0,True,"{""instance_metadata"": {""complete"": true, ""instance_type"": ""euclidean"", ""n"": 10, ""points"": [[85.64916714362437, 236.8105065960997], [801.2744652063969, 582.1620360643678], [94.12864224039919, 433.1269402364738], [479.05129814083404, 159.73891463707858], [734.5771514092145, 113.6720199214034], [391.22819049566203, 516.7401826213637], [430.6280204141778, 586.7985714381407], [737.8377872921602, 956.2672548360986], [284.20116374879143, 648.5472070798251], [696.2159966701554, 292.72074901248715]], ""scale"": 1000.0, ""seed"": 3, ""symmetric"": true}, ""max_n"": 10, ""permutations_checked"": 362880, ""start"": 9}"
classical_comparison,classical_comparison_euclidean_n10_seed3,euclidean,10,3,ortools,ok,"[9, 4, 3, 0, 2, 8, 5, 6, 7, 1]",2745.4573340863712,2745.457334086371,1.6563628406842252e-16,True,True,0.0018000000000029104,262.78125,262.78125,0.0,,,5.0,2745.457334086371,1.6563628406842252e-16,True,"{""finite_edges"": true, ""infinity_penalty"": 9710653990000, ""instance_metadata"": {""complete"": true, ""instance_type"": ""euclidean"", ""n"": 10, ""points"": [[85.64916714362437, 236.8105065960997], [801.2744652063969, 582.1620360643678], [94.12864224039919, 433.1269402364738], [479.05129814083404, 159.73891463707858], [734.5771514092145, 113.6720199214034], [391.22819049566203, 516.7401826213637], [430.6280204141778, 586.7985714381407], [737.8377872921602, 956.2672548360986], [284.20116374879143, 648.5472070798251], [696.2159966701554, 292.72074901248715]], ""scale"": 1000.0, ""seed"": 3, ""symmetric"": true}, ""integer_scale"": 1000000, ""start"": 9, ""time_limit_s"": 5.0, ""valid_route"": true}"
classical_comparison,classical_comparison_euclidean_n10_seed3,euclidean,10,3,networkx_christofides,ok,"[9, 1, 7, 0, 2, 8, 6, 5, 3, 4]",3191.908618306546,2745.457334086371,0.1626145410009603,True,True,0.0008576000000175554,262.78125,262.78125,0.0,,,,2745.457334086371,0.1626145410009603,True,"{""finite_edges"": true, ""instance_metadata"": {""complete"": true, ""instance_type"": ""euclidean"", ""n"": 10, ""points"": [[85.64916714362437, 236.8105065960997], [801.2744652063969, 582.1620360643678], [94.12864224039919, 433.1269402364738], [479.05129814083404, 159.73891463707858], [734.5771514092145, 113.6720199214034], [391.22819049566203, 516.7401826213637], [430.6280204141778, 586.7985714381407], [737.8377872921602, 956.2672548360986], [284.20116374879143, 648.5472070798251], [696.2159966701554, 292.72074901248715]], ""scale"": 1000.0, ""seed"": 3, ""symmetric"": true}, ""requires_metric_symmetric_complete"": true, ""valid_route"": true}"
classical_comparison,classical_comparison_euclidean_n10_seed3,euclidean,10,3,networkx_greedy,ok,"[9, 4, 3, 5, 6, 8, 2, 0, 1, 7]",3372.374554825159,2745.457334086371,0.2283471001188998,True,True,0.00012659999993047677,262.78125,262.78125,0.0,,,,2745.457334086371,0.2283471001188998,True,"{""finite_edges"": true, ""instance_metadata"": {""complete"": true, ""instance_type"": ""euclidean"", ""n"": 10, ""points"": [[85.64916714362437, 236.8105065960997], [801.2744652063969, 582.1620360643678], [94.12864224039919, 433.1269402364738], [479.05129814083404, 159.73891463707858], [734.5771514092145, 113.6720199214034], [391.22819049566203, 516.7401826213637], [430.6280204141778, 586.7985714381407], [737.8377872921602, 956.2672548360986], [284.20116374879143, 648.5472070798251], [696.2159966701554, 292.72074901248715]], ""scale"": 1000.0, ""seed"": 3, ""symmetric"": true}, ""valid_route"": true}"
classical_comparison,classical_comparison_euclidean_n10_seed3,euclidean,10,3,python_tsp_dynamic_programming,skipped_missing_dependency,,,2745.457334086371,nan,,,0.0005233000001680921,262.78125,262.78125,0.0,,,,2745.457334086371,nan,True,"{""instance_metadata"": {""complete"": true, ""instance_type"": ""euclidean"", ""n"": 10, ""points"": [[85.64916714362437, 236.8105065960997], [801.2744652063969, 582.1620360643678], [94.12864224039919, 433.1269402364738], [479.05129814083404, 159.73891463707858], [734.5771514092145, 113.6720199214034], [391.22819049566203, 516.7401826213637], [430.6280204141778, 586.7985714381407], [737.8377872921602, 956.2672548360986], [284.20116374879143, 648.5472070798251], [696.2159966701554, 292.72074901248715]], ""scale"": 1000.0, ""seed"": 3, ""symmetric"": true}}"
classical_comparison,classical_comparison_random_symmetric_n10_seed3,random_symmetric,10,3,tn_exact,ok,"[9, 8, 2, 0, 1, 3, 4, 7, 6, 5]",312.1259180694656,312.12591806946557,1.821169456621579e-16,True,True,0.15767560000040248,262.78125,263.1328125,0.3515625,26.0,,,312.12591806946557,1.821169456621579e-16,True,"{""finite_edges"": true, ""instance_metadata"": {""complete"": true, ""high"": 100.0, ""instance_type"": ""random_symmetric"", ""low"": 1.0, ""n"": 10, ""seed"": 3, ""symmetric"": true}, ""n_layers"": null, ""normalization_factor"": 90.84248803602469, ""normalize"": true, ""seed"": 0, ""tau"": 26.0, ""valid_route"": true}"
classical_comparison,classical_comparison_random_symmetric_n10_seed3,random_symmetric,10,3,tn_n_layers_6,ok,"[9, 5, 6, 7, 4, 3, 1, 0, 2, 8]",312.12591806946557,312.12591806946557,0.0,True,True,0.1439193000001069,263.1328125,263.1328125,0.0,26.0,6,,312.12591806946557,0.0,True,"{""finite_edges"": true, ""instance_metadata"": {""complete"": true, ""high"": 100.0, ""instance_type"": ""random_symmetric"", ""low"": 1.0, ""n"": 10, ""seed"": 3, ""symmetric"": true}, ""n_layers"": 6, ""normalization_factor"": 90.84248803602469, ""normalize"": true, ""seed"": 0, ""tau"": 26.0, ""valid_route"": true}"
classical_comparison,classical_comparison_random_symmetric_n10_seed3,random_symmetric,10,3,tn_n_layers_4,ok,"[9, 3, 2, 0, 4, 7, 6, 5, 1, 8]",376.79702353842185,312.12591806946557,0.20719556347308307,True,True,0.05340509999996357,263.1328125,263.13671875,0.00390625,26.0,4,,312.12591806946557,0.20719556347308307,True,"{""finite_edges"": true, ""instance_metadata"": {""complete"": true, ""high"": 100.0, ""instance_type"": ""random_symmetric"", ""low"": 1.0, ""n"": 10, ""seed"": 3, ""symmetric"": true}, ""n_layers"": 4, ""normalization_factor"": 90.84248803602469, ""normalize"": true, ""seed"": 0, ""tau"": 26.0, ""valid_route"": true}"
classical_comparison,classical_comparison_random_symmetric_n10_seed3,random_symmetric,10,3,tn_n_layers_2,ok,"[9, 0, 7, 4, 3, 1, 6, 5, 2, 8]",384.91345935133324,312.12591806946557,0.2331992861472925,True,True,0.0391301000004205,263.13671875,263.13671875,0.0,26.0,2,,312.12591806946557,0.2331992861472925,True,"{""finite_edges"": true, ""instance_metadata"": {""complete"": true, ""high"": 100.0, ""instance_type"": ""random_symmetric"", ""low"": 1.0, ""n"": 10, ""seed"": 3, ""symmetric"": true}, ""n_layers"": 2, ""normalization_factor"": 90.84248803602469, ""normalize"": true, ""seed"": 0, ""tau"": 26.0, ""valid_route"": true}"
classical_comparison,classical_comparison_random_symmetric_n10_seed3,random_symmetric,10,3,tn_n_layers_0,ok,"[9, 8, 1, 0, 5, 7, 4, 3, 6, 2]",426.7333621756295,312.12591806946557,0.36718336245520417,True,True,0.023189800000182004,263.13671875,263.13671875,0.0,26.0,0,,312.12591806946557,0.36718336245520417,True,"{""finite_edges"": true, ""instance_metadata"": {""complete"": true, ""high"": 100.0, ""instance_type"": ""random_symmetric"", ""low"": 1.0, ""n"": 10, ""seed"": 3, ""symmetric"": true}, ""n_layers"": 0, ""normalization_factor"": 90.84248803602469, ""normalize"": true, ""seed"": 0, ""tau"": 26.0, ""valid_route"": true}"
classical_comparison,classical_comparison_random_symmetric_n10_seed3,random_symmetric,10,3,held_karp,ok,"[9, 5, 6, 7, 4, 3, 1, 0, 2, 8]",312.12591806946557,312.12591806946557,0.0,True,True,0.0034389000002192915,263.13671875,263.13671875,0.0,,,,312.12591806946557,0.0,True,"{""instance_metadata"": {""complete"": true, ""high"": 100.0, ""instance_type"": ""random_symmetric"", ""low"": 1.0, ""n"": 10, ""seed"": 3, ""symmetric"": true}, ""max_n"": 18, ""start"": 9}"
classical_comparison,classical_comparison_random_symmetric_n10_seed3,random_symmetric,10,3,bruteforce,ok,"[9, 5, 6, 7, 4, 3, 1, 0, 2, 8]",312.12591806946557,312.12591806946557,0.0,True,True,1.3889478999999483,263.13671875,263.13671875,0.0,,,,312.12591806946557,0.0,True,"{""instance_metadata"": {""complete"": true, ""high"": 100.0, ""instance_type"": ""random_symmetric"", ""low"": 1.0, ""n"": 10, ""seed"": 3, ""symmetric"": true}, ""max_n"": 10, ""permutations_checked"": 362880, ""start"": 9}"
classical_comparison,classical_comparison_random_symmetric_n10_seed3,random_symmetric,10,3,ortools,ok,"[9, 8, 2, 0, 1, 3, 4, 7, 6, 5]",312.1259180694656,312.12591806946557,1.821169456621579e-16,True,True,0.0023774999999659485,263.13671875,263.13671875,0.0,,,5.0,312.12591806946557,1.821169456621579e-16,True,"{""finite_edges"": true, ""infinity_penalty"": 908424880000, ""instance_metadata"": {""complete"": true, ""high"": 100.0, ""instance_type"": ""random_symmetric"", ""low"": 1.0, ""n"": 10, ""seed"": 3, ""symmetric"": true}, ""integer_scale"": 1000000, ""start"": 9, ""time_limit_s"": 5.0, ""valid_route"": true}"
classical_comparison,classical_comparison_random_symmetric_n10_seed3,random_symmetric,10,3,networkx_christofides,skipped_not_applicable,,,312.12591806946557,nan,,,0.00012590000005729962,263.13671875,263.13671875,0.0,,,,312.12591806946557,nan,True,"{""instance_metadata"": {""complete"": true, ""high"": 100.0, ""instance_type"": ""random_symmetric"", ""low"": 1.0, ""n"": 10, ""seed"": 3, ""symmetric"": true}, ""requires_metric_symmetric_complete"": true}"
classical_comparison,classical_comparison_random_symmetric_n10_seed3,random_symmetric,10,3,networkx_greedy,ok,"[9, 5, 4, 7, 6, 3, 1, 0, 2, 8]",346.7825456664119,312.12591806946557,0.11103412305937792,True,True,0.00013899999976274557,263.13671875,263.13671875,0.0,,,,312.12591806946557,0.11103412305937792,True,"{""finite_edges"": true, ""instance_metadata"": {""complete"": true, ""high"": 100.0, ""instance_type"": ""random_symmetric"", ""low"": 1.0, ""n"": 10, ""seed"": 3, ""symmetric"": true}, ""valid_route"": true}"
classical_comparison,classical_comparison_random_symmetric_n10_seed3,random_symmetric,10,3,python_tsp_dynamic_programming,skipped_missing_dependency,,,312.12591806946557,nan,,,0.0006441000000450003,263.13671875,263.13671875,0.0,,,,312.12591806946557,nan,True,"{""instance_metadata"": {""complete"": true, ""high"": 100.0, ""instance_type"": ""random_symmetric"", ""low"": 1.0, ""n"": 10, ""seed"": 3, ""symmetric"": true}}"
classical_comparison,classical_comparison_random_asymmetric_n10_seed3,random_asymmetric,10,3,tn_exact,ok,"[9, 2, 8, 0, 4, 7, 6, 5, 3, 1]",199.0377019849326,199.0377019849326,0.0,True,True,0.14036380000015924,263.13671875,262.3359375,-0.80078125,26.0,,,199.0377019849326,0.0,True,"{""finite_edges"": true, ""instance_metadata"": {""complete"": true, ""high"": 100.0, ""instance_type"": ""random_asymmetric"", ""low"": 1.0, ""n"": 10, ""seed"": 3, ""symmetric"": false}, ""n_layers"": null, ""normalization_factor"": 97.37256720187486, ""normalize"": true, ""seed"": 0, ""tau"": 26.0, ""valid_route"": true}"
classical_comparison,classical_comparison_random_asymmetric_n10_seed3,random_asymmetric,10,3,tn_n_layers_6,ok,"[9, 2, 0, 4, 7, 8, 6, 5, 3, 1]",217.555506859376,199.0377019849326,0.09303666938359867,True,True,0.14406149999967965,262.3359375,262.42578125,0.08984375,26.0,6,,199.0377019849326,0.09303666938359867,True,"{""finite_edges"": true, ""instance_metadata"": {""complete"": true, ""high"": 100.0, ""instance_type"": ""random_asymmetric"", ""low"": 1.0, ""n"": 10, ""seed"": 3, ""symmetric"": false}, ""n_layers"": 6, ""normalization_factor"": 97.37256720187486, ""normalize"": true, ""seed"": 0, ""tau"": 26.0, ""valid_route"": true}"
classical_comparison,classical_comparison_random_asymmetric_n10_seed3,random_asymmetric,10,3,tn_n_layers_4,ok,"[9, 3, 1, 0, 4, 7, 6, 5, 2, 8]",249.5193575534388,199.0377019849326,0.2536286093793814,True,True,0.05425229999991643,262.42578125,262.47265625,0.046875,26.0,4,,199.0377019849326,0.2536286093793814,True,"{""finite_edges"": true, ""instance_metadata"": {""complete"": true, ""high"": 100.0, ""instance_type"": ""random_asymmetric"", ""low"": 1.0, ""n"": 10, ""seed"": 3, ""symmetric"": false}, ""n_layers"": 4, ""normalization_factor"": 97.37256720187486, ""normalize"": true, ""seed"": 0, ""tau"": 26.0, ""valid_route"": true}"
classical_comparison,classical_comparison_random_asymmetric_n10_seed3,random_asymmetric,10,3,tn_n_layers_2,ok,"[9, 7, 6, 5, 1, 2, 8, 0, 4, 3]",243.22448992555022,199.0377019849326,0.22200210060686199,True,True,0.03953460000002451,262.47265625,262.55078125,0.078125,26.0,2,,199.0377019849326,0.22200210060686199,True,"{""finite_edges"": true, ""instance_metadata"": {""complete"": true, ""high"": 100.0, ""instance_type"": ""random_asymmetric"", ""low"": 1.0, ""n"": 10, ""seed"": 3, ""symmetric"": false}, ""n_layers"": 2, ""normalization_factor"": 97.37256720187486, ""normalize"": true, ""seed"": 0, ""tau"": 26.0, ""valid_route"": true}"
classical_comparison,classical_comparison_random_asymmetric_n10_seed3,random_asymmetric,10,3,tn_n_layers_0,ok,"[9, 7, 8, 0, 4, 1, 6, 5, 3, 2]",350.55728029049396,199.0377019849326,0.7612606897814345,True,True,0.025141899999653106,262.55078125,262.55078125,0.0,26.0,0,,199.0377019849326,0.7612606897814345,True,"{""finite_edges"": true, ""instance_metadata"": {""complete"": true, ""high"": 100.0, ""instance_type"": ""random_asymmetric"", ""low"": 1.0, ""n"": 10, ""seed"": 3, ""symmetric"": false}, ""n_layers"": 0, ""normalization_factor"": 97.37256720187486, ""normalize"": true, ""seed"": 0, ""tau"": 26.0, ""valid_route"": true}"
classical_comparison,classical_comparison_random_asymmetric_n10_seed3,random_asymmetric,10,3,held_karp,ok,"[9, 2, 8, 0, 4, 7, 6, 5, 3, 1]",199.0377019849326,199.0377019849326,0.0,True,True,0.0034429000002091925,262.55078125,262.55078125,0.0,,,,199.0377019849326,0.0,True,"{""instance_metadata"": {""complete"": true, ""high"": 100.0, ""instance_type"": ""random_asymmetric"", ""low"": 1.0, ""n"": 10, ""seed"": 3, ""symmetric"": false}, ""max_n"": 18, ""start"": 9}"
classical_comparison,classical_comparison_random_asymmetric_n10_seed3,random_asymmetric,10,3,bruteforce,ok,"[9, 2, 8, 0, 4, 7, 6, 5, 3, 1]",199.0377019849326,199.0377019849326,0.0,True,True,1.4416742000003069,262.55078125,262.55078125,0.0,,,,199.0377019849326,0.0,True,"{""instance_metadata"": {""complete"": true, ""high"": 100.0, ""instance_type"": ""random_asymmetric"", ""low"": 1.0, ""n"": 10, ""seed"": 3, ""symmetric"": false}, ""max_n"": 10, ""permutations_checked"": 362880, ""start"": 9}"
classical_comparison,classical_comparison_random_asymmetric_n10_seed3,random_asymmetric,10,3,ortools,ok,"[9, 2, 8, 0, 4, 7, 6, 5, 3, 1]",199.0377019849326,199.0377019849326,0.0,True,True,0.002013199999964854,262.55078125,262.55078125,0.0,,,5.0,199.0377019849326,0.0,True,"{""finite_edges"": true, ""infinity_penalty"": 973725670000, ""instance_metadata"": {""complete"": true, ""high"": 100.0, ""instance_type"": ""random_asymmetric"", ""low"": 1.0, ""n"": 10, ""seed"": 3, ""symmetric"": false}, ""integer_scale"": 1000000, ""start"": 9, ""time_limit_s"": 5.0, ""valid_route"": true}"
classical_comparison,classical_comparison_random_asymmetric_n10_seed3,random_asymmetric,10,3,networkx_christofides,skipped_not_applicable,,,199.0377019849326,nan,,,8.639999987281044e-05,262.55078125,262.55078125,0.0,,,,199.0377019849326,nan,True,"{""instance_metadata"": {""complete"": true, ""high"": 100.0, ""instance_type"": ""random_asymmetric"", ""low"": 1.0, ""n"": 10, ""seed"": 3, ""symmetric"": false}, ""requires_metric_symmetric_complete"": true}"
classical_comparison,classical_comparison_random_asymmetric_n10_seed3,random_asymmetric,10,3,networkx_greedy,ok,"[9, 7, 4, 1, 6, 0, 5, 3, 2, 8]",291.37963605310347,199.0377019849326,0.463941922295512,True,True,0.00016169999980775174,262.55078125,262.55078125,0.0,,,,199.0377019849326,0.463941922295512,True,"{""finite_edges"": true, ""instance_metadata"": {""complete"": true, ""high"": 100.0, ""instance_type"": ""random_asymmetric"", ""low"": 1.0, ""n"": 10, ""seed"": 3, ""symmetric"": false}, ""valid_route"": true}"
classical_comparison,classical_comparison_random_asymmetric_n10_seed3,random_asymmetric,10,3,python_tsp_dynamic_programming,skipped_missing_dependency,,,199.0377019849326,nan,,,0.0006267000003390422,262.55078125,262.55078125,0.0,,,,199.0377019849326,nan,True,"{""instance_metadata"": {""complete"": true, ""high"": 100.0, ""instance_type"": ""random_asymmetric"", ""low"": 1.0, ""n"": 10, ""seed"": 3, ""symmetric"": false}}"
classical_comparison,classical_comparison_euclidean_n10_seed4,euclidean,10,4,tn_exact,ok,"[9, 6, 8, 4, 0, 5, 7, 1, 3, 2]",2786.6285604215577,2786.6285604215573,1.6318907993165424e-16,True,True,0.15305020000005243,262.55078125,262.65234375,0.1015625,26.0,,,2786.6285604215573,1.6318907993165424e-16,True,"{""finite_edges"": true, ""instance_metadata"": {""complete"": true, ""instance_type"": ""euclidean"", ""n"": 10, ""points"": [[943.0561055723676, 511.3275528143616], [976.2437057077042, 80.83602389560218], [607.3558319950296, 376.48658437727255], [801.9012069858072, 174.52781614402846], [871.6352741876564, 543.9414007634982], [902.2150797159884, 477.1535238392063], [430.4962777294131, 788.9467175443294], [984.1529999311214, 369.72579265242877], [968.9328693162349, 929.0263877654195], [177.6925857619811, 608.8516168445476]], ""scale"": 1000.0, ""seed"": 4, ""symmetric"": true}, ""n_layers"": null, ""normalization_factor"": 957.331895198209, ""normalize"": true, ""seed"": 0, ""tau"": 26.0, ""valid_route"": true}"
classical_comparison,classical_comparison_euclidean_n10_seed4,euclidean,10,4,tn_n_layers_6,ok,"[9, 2, 3, 1, 7, 5, 0, 4, 8, 6]",2786.6285604215573,2786.6285604215573,0.0,True,True,0.12467740000010963,262.65234375,262.75390625,0.1015625,26.0,6,,2786.6285604215573,0.0,True,"{""finite_edges"": true, ""instance_metadata"": {""complete"": true, ""instance_type"": ""euclidean"", ""n"": 10, ""points"": [[943.0561055723676, 511.3275528143616], [976.2437057077042, 80.83602389560218], [607.3558319950296, 376.48658437727255], [801.9012069858072, 174.52781614402846], [871.6352741876564, 543.9414007634982], [902.2150797159884, 477.1535238392063], [430.4962777294131, 788.9467175443294], [984.1529999311214, 369.72579265242877], [968.9328693162349, 929.0263877654195], [177.6925857619811, 608.8516168445476]], ""scale"": 1000.0, ""seed"": 4, ""symmetric"": true}, ""n_layers"": 6, ""normalization_factor"": 957.331895198209, ""normalize"": true, ""seed"": 0, ""tau"": 26.0, ""valid_route"": true}"
classical_comparison,classical_comparison_euclidean_n10_seed4,euclidean,10,4,tn_n_layers_4,ok,"[9, 2, 3, 7, 1, 5, 0, 4, 8, 6]",3123.822743381606,2786.6285604215573,0.12100435190725184,True,True,0.0532959000001938,262.75390625,262.75390625,0.0,26.0,4,,2786.6285604215573,0.12100435190725184,True,"{""finite_edges"": true, ""instance_metadata"": {""complete"": true, ""instance_type"": ""euclidean"", ""n"": 10, ""points"": [[943.0561055723676, 511.3275528143616], [976.2437057077042, 80.83602389560218], [607.3558319950296, 376.48658437727255], [801.9012069858072, 174.52781614402846], [871.6352741876564, 543.9414007634982], [902.2150797159884, 477.1535238392063], [430.4962777294131, 788.9467175443294], [984.1529999311214, 369.72579265242877], [968.9328693162349, 929.0263877654195], [177.6925857619811, 608.8516168445476]], ""scale"": 1000.0, ""seed"": 4, ""symmetric"": true}, ""n_layers"": 4, ""normalization_factor"": 957.331895198209, ""normalize"": true, ""seed"": 0, ""tau"": 26.0, ""valid_route"": true}"
classical_comparison,classical_comparison_euclidean_n10_seed4,euclidean,10,4,tn_n_layers_2,ok,"[9, 4, 5, 3, 7, 0, 1, 2, 8, 6]",3935.343722986462,2786.6285604215573,0.4122239967249632,True,True,0.03896609999992506,262.75390625,262.75390625,0.0,26.0,2,,2786.6285604215573,0.4122239967249632,True,"{""finite_edges"": true, ""instance_metadata"": {""complete"": true, ""instance_type"": ""euclidean"", ""n"": 10, ""points"": [[943.0561055723676, 511.3275528143616], [976.2437057077042, 80.83602389560218], [607.3558319950296, 376.48658437727255], [801.9012069858072, 174.52781614402846], [871.6352741876564, 543.9414007634982], [902.2150797159884, 477.1535238392063], [430.4962777294131, 788.9467175443294], [984.1529999311214, 369.72579265242877], [968.9328693162349, 929.0263877654195], [177.6925857619811, 608.8516168445476]], ""scale"": 1000.0, ""seed"": 4, ""symmetric"": true}, ""n_layers"": 2, ""normalization_factor"": 957.331895198209, ""normalize"": true, ""seed"": 0, ""tau"": 26.0, ""valid_route"": true}"
classical_comparison,classical_comparison_euclidean_n10_seed4,euclidean,10,4,tn_n_layers_0,ok,"[9, 6, 2, 5, 0, 4, 7, 3, 1, 8]",3576.665488005514,2786.6285604215573,0.2835099513458087,True,True,0.02344089999996868,262.75390625,262.75390625,0.0,26.0,0,,2786.6285604215573,0.2835099513458087,True,"{""finite_edges"": true, ""instance_metadata"": {""complete"": true, ""instance_type"": ""euclidean"", ""n"": 10, ""points"": [[943.0561055723676, 511.3275528143616], [976.2437057077042, 80.83602389560218], [607.3558319950296, 376.48658437727255], [801.9012069858072, 174.52781614402846], [871.6352741876564, 543.9414007634982], [902.2150797159884, 477.1535238392063], [430.4962777294131, 788.9467175443294], [984.1529999311214, 369.72579265242877], [968.9328693162349, 929.0263877654195], [177.6925857619811, 608.8516168445476]], ""scale"": 1000.0, ""seed"": 4, ""symmetric"": true}, ""n_layers"": 0, ""normalization_factor"": 957.331895198209, ""normalize"": true, ""seed"": 0, ""tau"": 26.0, ""valid_route"": true}"
classical_comparison,classical_comparison_euclidean_n10_seed4,euclidean,10,4,held_karp,ok,"[9, 2, 3, 1, 7, 5, 0, 4, 8, 6]",2786.6285604215573,2786.6285604215573,0.0,True,True,0.003519400000186579,262.75390625,262.75390625,0.0,,,,2786.6285604215573,0.0,True,"{""instance_metadata"": {""complete"": true, ""instance_type"": ""euclidean"", ""n"": 10, ""points"": [[943.0561055723676, 511.3275528143616], [976.2437057077042, 80.83602389560218], [607.3558319950296, 376.48658437727255], [801.9012069858072, 174.52781614402846], [871.6352741876564, 543.9414007634982], [902.2150797159884, 477.1535238392063], [430.4962777294131, 788.9467175443294], [984.1529999311214, 369.72579265242877], [968.9328693162349, 929.0263877654195], [177.6925857619811, 608.8516168445476]], ""scale"": 1000.0, ""seed"": 4, ""symmetric"": true}, ""max_n"": 18, ""start"": 9}"
classical_comparison,classical_comparison_euclidean_n10_seed4,euclidean,10,4,bruteforce,ok,"[9, 2, 3, 1, 7, 5, 0, 4, 8, 6]",2786.6285604215573,2786.6285604215573,0.0,True,True,1.3872812999998132,262.75390625,262.75390625,0.0,,,,2786.6285604215573,0.0,True,"{""instance_metadata"": {""complete"": true, ""instance_type"": ""euclidean"", ""n"": 10, ""points"": [[943.0561055723676, 511.3275528143616], [976.2437057077042, 80.83602389560218], [607.3558319950296, 376.48658437727255], [801.9012069858072, 174.52781614402846], [871.6352741876564, 543.9414007634982], [902.2150797159884, 477.1535238392063], [430.4962777294131, 788.9467175443294], [984.1529999311214, 369.72579265242877], [968.9328693162349, 929.0263877654195], [177.6925857619811, 608.8516168445476]], ""scale"": 1000.0, ""seed"": 4, ""symmetric"": true}, ""max_n"": 10, ""permutations_checked"": 362880, ""start"": 9}"
classical_comparison,classical_comparison_euclidean_n10_seed4,euclidean,10,4,ortools,ok,"[9, 6, 8, 4, 0, 5, 7, 1, 3, 2]",2786.6285604215577,2786.6285604215573,1.6318907993165424e-16,True,True,0.0017410000000381842,262.75390625,262.75390625,0.0,,,5.0,2786.6285604215573,1.6318907993165424e-16,True,"{""finite_edges"": true, ""infinity_penalty"": 9573318950000, ""instance_metadata"": {""complete"": true, ""instance_type"": ""euclidean"", ""n"": 10, ""points"": [[943.0561055723676, 511.3275528143616], [976.2437057077042, 80.83602389560218], [607.3558319950296, 376.48658437727255], [801.9012069858072, 174.52781614402846], [871.6352741876564, 543.9414007634982], [902.2150797159884, 477.1535238392063], [430.4962777294131, 788.9467175443294], [984.1529999311214, 369.72579265242877], [968.9328693162349, 929.0263877654195], [177.6925857619811, 608.8516168445476]], ""scale"": 1000.0, ""seed"": 4, ""symmetric"": true}, ""integer_scale"": 1000000, ""start"": 9, ""time_limit_s"": 5.0, ""valid_route"": true}"
classical_comparison,classical_comparison_euclidean_n10_seed4,euclidean,10,4,networkx_christofides,ok,"[9, 6, 2, 1, 3, 7, 5, 0, 4, 8]",3214.52272987882,2786.6285604215573,0.15355263903292926,True,True,0.0009780000000318978,262.75390625,262.75390625,0.0,,,,2786.6285604215573,0.15355263903292926,True,"{""finite_edges"": true, ""instance_metadata"": {""complete"": true, ""instance_type"": ""euclidean"", ""n"": 10, ""points"": [[943.0561055723676, 511.3275528143616], [976.2437057077042, 80.83602389560218], [607.3558319950296, 376.48658437727255], [801.9012069858072, 174.52781614402846], [871.6352741876564, 543.9414007634982], [902.2150797159884, 477.1535238392063], [430.4962777294131, 788.9467175443294], [984.1529999311214, 369.72579265242877], [968.9328693162349, 929.0263877654195], [177.6925857619811, 608.8516168445476]], ""scale"": 1000.0, ""seed"": 4, ""symmetric"": true}, ""requires_metric_symmetric_complete"": true, ""valid_route"": true}"
classical_comparison,classical_comparison_euclidean_n10_seed4,euclidean,10,4,networkx_greedy,ok,"[9, 6, 2, 3, 1, 7, 5, 0, 4, 8]",3044.141616911492,2786.6285604215573,0.0924102552264728,True,True,0.00014259999989008065,262.75390625,262.75390625,0.0,,,,2786.6285604215573,0.0924102552264728,True,"{""finite_edges"": true, ""instance_metadata"": {""complete"": true, ""instance_type"": ""euclidean"", ""n"": 10, ""points"": [[943.0561055723676, 511.3275528143616], [976.2437057077042, 80.83602389560218], [607.3558319950296, 376.48658437727255], [801.9012069858072, 174.52781614402846], [871.6352741876564, 543.9414007634982], [902.2150797159884, 477.1535238392063], [430.4962777294131, 788.9467175443294], [984.1529999311214, 369.72579265242877], [968.9328693162349, 929.0263877654195], [177.6925857619811, 608.8516168445476]], ""scale"": 1000.0, ""seed"": 4, ""symmetric"": true}, ""valid_route"": true}"
classical_comparison,classical_comparison_euclidean_n10_seed4,euclidean,10,4,python_tsp_dynamic_programming,skipped_missing_dependency,,,2786.6285604215573,nan,,,0.0007712999999966996,262.75390625,262.75390625,0.0,,,,2786.6285604215573,nan,True,"{""instance_metadata"": {""complete"": true, ""instance_type"": ""euclidean"", ""n"": 10, ""points"": [[943.0561055723676, 511.3275528143616], [976.2437057077042, 80.83602389560218], [607.3558319950296, 376.48658437727255], [801.9012069858072, 174.52781614402846], [871.6352741876564, 543.9414007634982], [902.2150797159884, 477.1535238392063], [430.4962777294131, 788.9467175443294], [984.1529999311214, 369.72579265242877], [968.9328693162349, 929.0263877654195], [177.6925857619811, 608.8516168445476]], ""scale"": 1000.0, ""seed"": 4, ""symmetric"": true}}"
classical_comparison,classical_comparison_random_symmetric_n10_seed4,random_symmetric,10,4,tn_exact,ok,"[9, 3, 0, 7, 6, 4, 2, 8, 1, 5]",301.6794063985891,301.6794063985891,0.0,True,True,0.16970900000023903,262.75390625,263.0859375,0.33203125,26.0,,,301.6794063985891,0.0,True,"{""finite_edges"": true, ""instance_metadata"": {""complete"": true, ""high"": 100.0, ""instance_type"": ""random_symmetric"", ""low"": 1.0, ""n"": 10, ""seed"": 4, ""symmetric"": true}, ""n_layers"": null, ""normalization_factor"": 96.28313406708058, ""normalize"": true, ""seed"": 0, ""tau"": 26.0, ""valid_route"": true}"
classical_comparison,classical_comparison_random_symmetric_n10_seed4,random_symmetric,10,4,tn_n_layers_6,ok,"[9, 3, 4, 6, 7, 0, 5, 1, 8, 2]",318.51401493469683,301.6794063985891,0.05580297553975322,True,True,0.11733009999989008,263.0859375,263.0859375,0.0,26.0,6,,301.6794063985891,0.05580297553975322,True,"{""finite_edges"": true, ""instance_metadata"": {""complete"": true, ""high"": 100.0, ""instance_type"": ""random_symmetric"", ""low"": 1.0, ""n"": 10, ""seed"": 4, ""symmetric"": true}, ""n_layers"": 6, ""normalization_factor"": 96.28313406708058, ""normalize"": true, ""seed"": 0, ""tau"": 26.0, ""valid_route"": true}"
classical_comparison,classical_comparison_random_symmetric_n10_seed4,random_symmetric,10,4,tn_n_layers_4,ok,"[9, 3, 2, 4, 6, 7, 0, 8, 1, 5]",336.78040817503324,301.6794063985891,0.1163519982867757,True,True,0.055754500000148255,263.0859375,263.08984375,0.00390625,26.0,4,,301.6794063985891,0.1163519982867757,True,"{""finite_edges"": true, ""instance_metadata"": {""complete"": true, ""high"": 100.0, ""instance_type"": ""random_symmetric"", ""low"": 1.0, ""n"": 10, ""seed"": 4, ""symmetric"": true}, ""n_layers"": 4, ""normalization_factor"": 96.28313406708058, ""normalize"": true, ""seed"": 0, ""tau"": 26.0, ""valid_route"": true}"
classical_comparison,classical_comparison_random_symmetric_n10_seed4,random_symmetric,10,4,tn_n_layers_2,ok,"[9, 0, 7, 6, 5, 1, 2, 8, 4, 3]",378.90730977268504,301.6794063985891,0.2559932886902456,True,True,0.03911890000017593,263.08984375,262.97265625,-0.1171875,26.0,2,,301.6794063985891,0.2559932886902456,True,"{""finite_edges"": true, ""instance_metadata"": {""complete"": true, ""high"": 100.0, ""instance_type"": ""random_symmetric"", ""low"": 1.0, ""n"": 10, ""seed"": 4, ""symmetric"": true}, ""n_layers"": 2, ""normalization_factor"": 96.28313406708058, ""normalize"": true, ""seed"": 0, ""tau"": 26.0, ""valid_route"": true}"
classical_comparison,classical_comparison_random_symmetric_n10_seed4,random_symmetric,10,4,tn_n_layers_0,ok,"[9, 3, 0, 7, 5, 1, 8, 2, 4, 6]",345.8079270177099,301.6794063985891,0.14627621137923055,True,True,0.02435540000033143,262.97265625,262.97265625,0.0,26.0,0,,301.6794063985891,0.14627621137923055,True,"{""finite_edges"": true, ""instance_metadata"": {""complete"": true, ""high"": 100.0, ""instance_type"": ""random_symmetric"", ""low"": 1.0, ""n"": 10, ""seed"": 4, ""symmetric"": true}, ""n_layers"": 0, ""normalization_factor"": 96.28313406708058, ""normalize"": true, ""seed"": 0, ""tau"": 26.0, ""valid_route"": true}"
classical_comparison,classical_comparison_random_symmetric_n10_seed4,random_symmetric,10,4,held_karp,ok,"[9, 3, 0, 7, 6, 4, 2, 8, 1, 5]",301.6794063985891,301.6794063985891,0.0,True,True,0.0034037000000353146,262.97265625,263.06640625,0.09375,,,,301.6794063985891,0.0,True,"{""instance_metadata"": {""complete"": true, ""high"": 100.0, ""instance_type"": ""random_symmetric"", ""low"": 1.0, ""n"": 10, ""seed"": 4, ""symmetric"": true}, ""max_n"": 18, ""start"": 9}"
classical_comparison,classical_comparison_random_symmetric_n10_seed4,random_symmetric,10,4,bruteforce,ok,"[9, 3, 0, 7, 6, 4, 2, 8, 1, 5]",301.6794063985891,301.6794063985891,0.0,True,True,1.3888182999999117,263.06640625,263.06640625,0.0,,,,301.6794063985891,0.0,True,"{""instance_metadata"": {""complete"": true, ""high"": 100.0, ""instance_type"": ""random_symmetric"", ""low"": 1.0, ""n"": 10, ""seed"": 4, ""symmetric"": true}, ""max_n"": 10, ""permutations_checked"": 362880, ""start"": 9}"
classical_comparison,classical_comparison_random_symmetric_n10_seed4,random_symmetric,10,4,ortools,ok,"[9, 3, 0, 7, 6, 4, 2, 8, 1, 5]",301.6794063985891,301.6794063985891,0.0,True,True,0.0015962000002218701,263.06640625,263.06640625,0.0,,,5.0,301.6794063985891,0.0,True,"{""finite_edges"": true, ""infinity_penalty"": 962831340000, ""instance_metadata"": {""complete"": true, ""high"": 100.0, ""instance_type"": ""random_symmetric"", ""low"": 1.0, ""n"": 10, ""seed"": 4, ""symmetric"": true}, ""integer_scale"": 1000000, ""start"": 9, ""time_limit_s"": 5.0, ""valid_route"": true}"
classical_comparison,classical_comparison_random_symmetric_n10_seed4,random_symmetric,10,4,networkx_christofides,skipped_not_applicable,,,301.6794063985891,nan,,,0.00010819999988598283,263.06640625,263.06640625,0.0,,,,301.6794063985891,nan,True,"{""instance_metadata"": {""complete"": true, ""high"": 100.0, ""instance_type"": ""random_symmetric"", ""low"": 1.0, ""n"": 10, ""seed"": 4, ""symmetric"": true}, ""requires_metric_symmetric_complete"": true}"
classical_comparison,classical_comparison_random_symmetric_n10_seed4,random_symmetric,10,4,networkx_greedy,ok,"[9, 3, 0, 7, 6, 4, 2, 8, 1, 5]",301.6794063985891,301.6794063985891,0.0,True,True,0.00014590000000680448,263.06640625,263.06640625,0.0,,,,301.6794063985891,0.0,True,"{""finite_edges"": true, ""instance_metadata"": {""complete"": true, ""high"": 100.0, ""instance_type"": ""random_symmetric"", ""low"": 1.0, ""n"": 10, ""seed"": 4, ""symmetric"": true}, ""valid_route"": true}"
classical_comparison,classical_comparison_random_symmetric_n10_seed4,random_symmetric,10,4,python_tsp_dynamic_programming,skipped_missing_dependency,,,301.6794063985891,nan,,,0.0005567000002884015,263.06640625,263.06640625,0.0,,,,301.6794063985891,nan,True,"{""instance_metadata"": {""complete"": true, ""high"": 100.0, ""instance_type"": ""random_symmetric"", ""low"": 1.0, ""n"": 10, ""seed"": 4, ""symmetric"": true}}"
classical_comparison,classical_comparison_random_asymmetric_n10_seed4,random_asymmetric,10,4,tn_exact,ok,"[9, 0, 7, 6, 4, 5, 1, 8, 2, 3]",181.89475198663715,181.89475198663715,0.0,True,True,0.1808031000000483,263.06640625,263.05859375,-0.0078125,26.0,,,181.89475198663715,0.0,True,"{""finite_edges"": true, ""instance_metadata"": {""complete"": true, ""high"": 100.0, ""instance_type"": ""random_asymmetric"", ""low"": 1.0, ""n"": 10, ""seed"": 4, ""symmetric"": false}, ""n_layers"": null, ""normalization_factor"": 98.43114699318102, ""normalize"": true, ""seed"": 0, ""tau"": 26.0, ""valid_route"": true}"
classical_comparison,classical_comparison_random_asymmetric_n10_seed4,random_asymmetric,10,4,tn_n_layers_6,ok,"[9, 0, 7, 6, 4, 5, 1, 8, 2, 3]",181.89475198663715,181.89475198663715,0.0,True,True,0.10839940000005299,263.05859375,263.05859375,0.0,26.0,6,,181.89475198663715,0.0,True,"{""finite_edges"": true, ""instance_metadata"": {""complete"": true, ""high"": 100.0, ""instance_type"": ""random_asymmetric"", ""low"": 1.0, ""n"": 10, ""seed"": 4, ""symmetric"": false}, ""n_layers"": 6, ""normalization_factor"": 98.43114699318102, ""normalize"": true, ""seed"": 0, ""tau"": 26.0, ""valid_route"": true}"
classical_comparison,classical_comparison_random_asymmetric_n10_seed4,random_asymmetric,10,4,tn_n_layers_4,ok,"[9, 0, 7, 4, 5, 1, 8, 2, 6, 3]",243.33114436433763,181.89475198663715,0.3377579160844283,True,True,0.05124019999993834,263.05859375,263.05859375,0.0,26.0,4,,181.89475198663715,0.3377579160844283,True,"{""finite_edges"": true, ""instance_metadata"": {""complete"": true, ""high"": 100.0, ""instance_type"": ""random_asymmetric"", ""low"": 1.0, ""n"": 10, ""seed"": 4, ""symmetric"": false}, ""n_layers"": 4, ""normalization_factor"": 98.43114699318102, ""normalize"": true, ""seed"": 0, ""tau"": 26.0, ""valid_route"": true}"
classical_comparison,classical_comparison_random_asymmetric_n10_seed4,random_asymmetric,10,4,tn_n_layers_2,ok,"[9, 0, 3, 4, 5, 7, 6, 1, 8, 2]",281.11588382846327,181.89475198663715,0.5454865011669792,True,True,0.03631829999994807,263.05859375,263.05859375,0.0,26.0,2,,181.89475198663715,0.5454865011669792,True,"{""finite_edges"": true, ""instance_metadata"": {""complete"": true, ""high"": 100.0, ""instance_type"": ""random_asymmetric"", ""low"": 1.0, ""n"": 10, ""seed"": 4, ""symmetric"": false}, ""n_layers"": 2, ""normalization_factor"": 98.43114699318102, ""normalize"": true, ""seed"": 0, ""tau"": 26.0, ""valid_route"": true}"
classical_comparison,classical_comparison_random_asymmetric_n10_seed4,random_asymmetric,10,4,tn_n_layers_0,ok,"[9, 0, 3, 4, 2, 8, 5, 1, 7, 6]",361.9887053570175,181.89475198663715,0.9900997769501945,True,True,0.02289089999976568,263.05859375,263.05859375,0.0,26.0,0,,181.89475198663715,0.9900997769501945,True,"{""finite_edges"": true, ""instance_metadata"": {""complete"": true, ""high"": 100.0, ""instance_type"": ""random_asymmetric"", ""low"": 1.0, ""n"": 10, ""seed"": 4, ""symmetric"": false}, ""n_layers"": 0, ""normalization_factor"": 98.43114699318102, ""normalize"": true, ""seed"": 0, ""tau"": 26.0, ""valid_route"": true}"
classical_comparison,classical_comparison_random_asymmetric_n10_seed4,random_asymmetric,10,4,held_karp,ok,"[9, 0, 7, 6, 4, 5, 1, 8, 2, 3]",181.89475198663715,181.89475198663715,0.0,True,True,0.003103500000179338,263.05859375,263.05859375,0.0,,,,181.89475198663715,0.0,True,"{""instance_metadata"": {""complete"": true, ""high"": 100.0, ""instance_type"": ""random_asymmetric"", ""low"": 1.0, ""n"": 10, ""seed"": 4, ""symmetric"": false}, ""max_n"": 18, ""start"": 9}"
classical_comparison,classical_comparison_random_asymmetric_n10_seed4,random_asymmetric,10,4,bruteforce,ok,"[9, 0, 7, 6, 4, 5, 1, 8, 2, 3]",181.89475198663715,181.89475198663715,0.0,True,True,1.3383966999999757,263.05859375,263.05859375,0.0,,,,181.89475198663715,0.0,True,"{""instance_metadata"": {""complete"": true, ""high"": 100.0, ""instance_type"": ""random_asymmetric"", ""low"": 1.0, ""n"": 10, ""seed"": 4, ""symmetric"": false}, ""max_n"": 10, ""permutations_checked"": 362880, ""start"": 9}"
classical_comparison,classical_comparison_random_asymmetric_n10_seed4,random_asymmetric,10,4,ortools,ok,"[9, 0, 7, 6, 4, 5, 1, 8, 2, 3]",181.89475198663715,181.89475198663715,0.0,True,True,0.0018822000001819106,263.05859375,263.05859375,0.0,,,5.0,181.89475198663715,0.0,True,"{""finite_edges"": true, ""infinity_penalty"": 984311470000, ""instance_metadata"": {""complete"": true, ""high"": 100.0, ""instance_type"": ""random_asymmetric"", ""low"": 1.0, ""n"": 10, ""seed"": 4, ""symmetric"": false}, ""integer_scale"": 1000000, ""start"": 9, ""time_limit_s"": 5.0, ""valid_route"": true}"
classical_comparison,classical_comparison_random_asymmetric_n10_seed4,random_asymmetric,10,4,networkx_christofides,skipped_not_applicable,,,181.89475198663715,nan,,,8.040000011533266e-05,263.05859375,263.05859375,0.0,,,,181.89475198663715,nan,True,"{""instance_metadata"": {""complete"": true, ""high"": 100.0, ""instance_type"": ""random_asymmetric"", ""low"": 1.0, ""n"": 10, ""seed"": 4, ""symmetric"": false}, ""requires_metric_symmetric_complete"": true}"
classical_comparison,classical_comparison_random_asymmetric_n10_seed4,random_asymmetric,10,4,networkx_greedy,ok,"[9, 0, 3, 4, 5, 1, 8, 2, 6, 7]",285.0579635298468,181.89475198663715,0.5671588125356608,True,True,0.00014989999999670545,263.05859375,263.05859375,0.0,,,,181.89475198663715,0.5671588125356608,True,"{""finite_edges"": true, ""instance_metadata"": {""complete"": true, ""high"": 100.0, ""instance_type"": ""random_asymmetric"", ""low"": 1.0, ""n"": 10, ""seed"": 4, ""symmetric"": false}, ""valid_route"": true}"
classical_comparison,classical_comparison_random_asymmetric_n10_seed4,random_asymmetric,10,4,python_tsp_dynamic_programming,skipped_missing_dependency,,,181.89475198663715,nan,,,0.0005296999997881358,263.05859375,263.05859375,0.0,,,,181.89475198663715,nan,True,"{""instance_metadata"": {""complete"": true, ""high"": 100.0, ""instance_type"": ""random_asymmetric"", ""low"": 1.0, ""n"": 10, ""seed"": 4, ""symmetric"": false}}"
classical_comparison,classical_comparison_euclidean_n12_seed0,euclidean,12,0,tn_exact,ok,"[11, 3, 4, 2, 8, 0, 7, 6, 5, 1, 10, 9]",3413.3373855635264,3413.337385563526,1.3322660479148253e-16,True,True,0.28077600000005987,263.05859375,264.64453125,1.5859375,20.0,,,3413.337385563526,1.3322660479148253e-16,True,"{""finite_edges"": true, ""instance_metadata"": {""complete"": true, ""instance_type"": ""euclidean"", ""n"": 12, ""points"": [[636.9616873214543, 269.7867137638703], [40.97352393619469, 16.527635528529096], [813.2702392002724, 912.7555772777217], [606.6357757671799, 729.4965609839984], [543.6249914654229, 935.0724237877682], [815.8535541215322, 2.738500170148095], [857.4042765875694, 33.58557530546435], [729.655446429944, 175.65562060255903], [863.1789223498865, 541.4612202490918], [299.71189053738476, 422.68722119765846], [28.319671145462966, 124.28327649956394], [670.6244146936303, 647.1895115742501]], ""scale"": 1000.0, ""seed"": 0, ""symmetric"": true}, ""n_layers"": null, ""normalization_factor"": 1183.0751201760934, ""normalize"": true, ""seed"": 0, ""tau"": 20.0, ""valid_route"": true}"
classical_comparison,classical_comparison_euclidean_n12_seed0,euclidean,12,0,tn_n_layers_8,ok,"[11, 8, 0, 7, 6, 5, 1, 10, 9, 3, 4, 2]",3455.984190831492,3413.337385563526,0.012494166398064784,True,True,0.2749355999999352,264.64453125,264.75,0.10546875,20.0,8,,3413.337385563526,0.012494166398064784,True,"{""finite_edges"": true, ""instance_metadata"": {""complete"": true, ""instance_type"": ""euclidean"", ""n"": 12, ""points"": [[636.9616873214543, 269.7867137638703], [40.97352393619469, 16.527635528529096], [813.2702392002724, 912.7555772777217], [606.6357757671799, 729.4965609839984], [543.6249914654229, 935.0724237877682], [815.8535541215322, 2.738500170148095], [857.4042765875694, 33.58557530546435], [729.655446429944, 175.65562060255903], [863.1789223498865, 541.4612202490918], [299.71189053738476, 422.68722119765846], [28.319671145462966, 124.28327649956394], [670.6244146936303, 647.1895115742501]], ""scale"": 1000.0, ""seed"": 0, ""symmetric"": true}, ""n_layers"": 8, ""normalization_factor"": 1183.0751201760934, ""normalize"": true, ""seed"": 0, ""tau"": 20.0, ""valid_route"": true}"
classical_comparison,classical_comparison_euclidean_n12_seed0,euclidean,12,0,tn_n_layers_5,ok,"[11, 3, 4, 9, 10, 1, 0, 7, 5, 6, 8, 2]",3607.2338656996153,3413.337385563526,0.05680554197664758,True,True,0.12481620000016846,264.75,264.37109375,-0.37890625,20.0,5,,3413.337385563526,0.05680554197664758,True,"{""finite_edges"": true, ""instance_metadata"": {""complete"": true, ""instance_type"": ""euclidean"", ""n"": 12, ""points"": [[636.9616873214543, 269.7867137638703], [40.97352393619469, 16.527635528529096], [813.2702392002724, 912.7555772777217], [606.6357757671799, 729.4965609839984], [543.6249914654229, 935.0724237877682], [815.8535541215322, 2.738500170148095], [857.4042765875694, 33.58557530546435], [729.655446429944, 175.65562060255903], [863.1789223498865, 541.4612202490918], [299.71189053738476, 422.68722119765846], [28.319671145462966, 124.28327649956394], [670.6244146936303, 647.1895115742501]], ""scale"": 1000.0, ""seed"": 0, ""symmetric"": true}, ""n_layers"": 5, ""normalization_factor"": 1183.0751201760934, ""normalize"": true, ""seed"": 0, ""tau"": 20.0, ""valid_route"": true}"
classical_comparison,classical_comparison_euclidean_n12_seed0,euclidean,12,0,tn_n_layers_2,ok,"[11, 3, 0, 7, 5, 6, 1, 10, 9, 4, 2, 8]",3702.8485379194344,3413.337385563526,0.08481761972325849,True,True,0.056733599999915896,264.37109375,264.4453125,0.07421875,20.0,2,,3413.337385563526,0.08481761972325849,True,"{""finite_edges"": true, ""instance_metadata"": {""complete"": true, ""instance_type"": ""euclidean"", ""n"": 12, ""points"": [[636.9616873214543, 269.7867137638703], [40.97352393619469, 16.527635528529096], [813.2702392002724, 912.7555772777217], [606.6357757671799, 729.4965609839984], [543.6249914654229, 935.0724237877682], [815.8535541215322, 2.738500170148095], [857.4042765875694, 33.58557530546435], [729.655446429944, 175.65562060255903], [863.1789223498865, 541.4612202490918], [299.71189053738476, 422.68722119765846], [28.319671145462966, 124.28327649956394], [670.6244146936303, 647.1895115742501]], ""scale"": 1000.0, ""seed"": 0, ""symmetric"": true}, ""n_layers"": 2, ""normalization_factor"": 1183.0751201760934, ""normalize"": true, ""seed"": 0, ""tau"": 20.0, ""valid_route"": true}"
classical_comparison,classical_comparison_euclidean_n12_seed0,euclidean,12,0,tn_n_layers_0,ok,"[11, 3, 4, 2, 8, 0, 7, 6, 5, 9, 10, 1]",3761.348576011328,3413.337385563526,0.10195628241137,True,True,0.03455199999962133,264.4453125,263.47265625,-0.97265625,20.0,0,,3413.337385563526,0.10195628241137,True,"{""finite_edges"": true, ""instance_metadata"": {""complete"": true, ""instance_type"": ""euclidean"", ""n"": 12, ""points"": [[636.9616873214543, 269.7867137638703], [40.97352393619469, 16.527635528529096], [813.2702392002724, 912.7555772777217], [606.6357757671799, 729.4965609839984], [543.6249914654229, 935.0724237877682], [815.8535541215322, 2.738500170148095], [857.4042765875694, 33.58557530546435], [729.655446429944, 175.65562060255903], [863.1789223498865, 541.4612202490918], [299.71189053738476, 422.68722119765846], [28.319671145462966, 124.28327649956394], [670.6244146936303, 647.1895115742501]], ""scale"": 1000.0, ""seed"": 0, ""symmetric"": true}, ""n_layers"": 0, ""normalization_factor"": 1183.0751201760934, ""normalize"": true, ""seed"": 0, ""tau"": 20.0, ""valid_route"": true}"
classical_comparison,classical_comparison_euclidean_n12_seed0,euclidean,12,0,held_karp,ok,"[11, 9, 10, 1, 5, 6, 7, 0, 8, 2, 4, 3]",3413.337385563526,3413.337385563526,0.0,True,True,0.020143699999607634,263.47265625,263.47265625,0.0,,,,3413.337385563526,0.0,True,"{""instance_metadata"": {""complete"": true, ""instance_type"": ""euclidean"", ""n"": 12, ""points"": [[636.9616873214543, 269.7867137638703], [40.97352393619469, 16.527635528529096], [813.2702392002724, 912.7555772777217], [606.6357757671799, 729.4965609839984], [543.6249914654229, 935.0724237877682], [815.8535541215322, 2.738500170148095], [857.4042765875694, 33.58557530546435], [729.655446429944, 175.65562060255903], [863.1789223498865, 541.4612202490918], [299.71189053738476, 422.68722119765846], [28.319671145462966, 124.28327649956394], [670.6244146936303, 647.1895115742501]], ""scale"": 1000.0, ""seed"": 0, ""symmetric"": true}, ""max_n"": 18, ""start"": 11}"
classical_comparison,classical_comparison_euclidean_n12_seed0,euclidean,12,0,bruteforce,skipped,,,3413.337385563526,nan,,,1.2799999694834696e-05,263.47265625,263.47265625,0.0,,,,3413.337385563526,nan,True,"{""instance_metadata"": {""complete"": true, ""instance_type"": ""euclidean"", ""n"": 12, ""points"": [[636.9616873214543, 269.7867137638703], [40.97352393619469, 16.527635528529096], [813.2702392002724, 912.7555772777217], [606.6357757671799, 729.4965609839984], [543.6249914654229, 935.0724237877682], [815.8535541215322, 2.738500170148095], [857.4042765875694, 33.58557530546435], [729.655446429944, 175.65562060255903], [863.1789223498865, 541.4612202490918], [299.71189053738476, 422.68722119765846], [28.319671145462966, 124.28327649956394], [670.6244146936303, 647.1895115742501]], ""scale"": 1000.0, ""seed"": 0, ""symmetric"": true}, ""max_n"": 10, ""start"": 11}"
classical_comparison,classical_comparison_euclidean_n12_seed0,euclidean,12,0,ortools,ok,"[11, 3, 4, 2, 8, 6, 5, 7, 0, 1, 10, 9]",3442.4340592843037,3413.337385563526,0.008524406009156936,True,True,0.0021766999998362735,263.47265625,263.47265625,0.0,,,5.0,3413.337385563526,0.008524406009156936,True,"{""finite_edges"": true, ""infinity_penalty"": 14196901440000, ""instance_metadata"": {""complete"": true, ""instance_type"": ""euclidean"", ""n"": 12, ""points"": [[636.9616873214543, 269.7867137638703], [40.97352393619469, 16.527635528529096], [813.2702392002724, 912.7555772777217], [606.6357757671799, 729.4965609839984], [543.6249914654229, 935.0724237877682], [815.8535541215322, 2.738500170148095], [857.4042765875694, 33.58557530546435], [729.655446429944, 175.65562060255903], [863.1789223498865, 541.4612202490918], [299.71189053738476, 422.68722119765846], [28.319671145462966, 124.28327649956394], [670.6244146936303, 647.1895115742501]], ""scale"": 1000.0, ""seed"": 0, ""symmetric"": true}, ""integer_scale"": 1000000, ""start"": 11, ""time_limit_s"": 5.0, ""valid_route"": true}"
classical_comparison,classical_comparison_euclidean_n12_seed0,euclidean,12,0,networkx_christofides,ok,"[11, 3, 4, 2, 0, 7, 6, 5, 1, 10, 9, 8]",3713.8378945002733,3413.337385563526,0.08803715396189472,True,True,0.0011427999997977167,263.47265625,263.47265625,0.0,,,,3413.337385563526,0.08803715396189472,True,"{""finite_edges"": true, ""instance_metadata"": {""complete"": true, ""instance_type"": ""euclidean"", ""n"": 12, ""points"": [[636.9616873214543, 269.7867137638703], [40.97352393619469, 16.527635528529096], [813.2702392002724, 912.7555772777217], [606.6357757671799, 729.4965609839984], [543.6249914654229, 935.0724237877682], [815.8535541215322, 2.738500170148095], [857.4042765875694, 33.58557530546435], [729.655446429944, 175.65562060255903], [863.1789223498865, 541.4612202490918], [299.71189053738476, 422.68722119765846], [28.319671145462966, 124.28327649956394], [670.6244146936303, 647.1895115742501]], ""scale"": 1000.0, ""seed"": 0, ""symmetric"": true}, ""requires_metric_symmetric_complete"": true, ""valid_route"": true}"
classical_comparison,classical_comparison_euclidean_n12_seed0,euclidean,12,0,networkx_greedy,ok,"[11, 1, 10, 9, 5, 6, 7, 0, 8, 2, 4, 3]",3761.3485760113276,3413.337385563526,0.10195628241136986,True,True,0.00015280000025086338,263.47265625,263.47265625,0.0,,,,3413.337385563526,0.10195628241136986,True,"{""finite_edges"": true, ""instance_metadata"": {""complete"": true, ""instance_type"": ""euclidean"", ""n"": 12, ""points"": [[636.9616873214543, 269.7867137638703], [40.97352393619469, 16.527635528529096], [813.2702392002724, 912.7555772777217], [606.6357757671799, 729.4965609839984], [543.6249914654229, 935.0724237877682], [815.8535541215322, 2.738500170148095], [857.4042765875694, 33.58557530546435], [729.655446429944, 175.65562060255903], [863.1789223498865, 541.4612202490918], [299.71189053738476, 422.68722119765846], [28.319671145462966, 124.28327649956394], [670.6244146936303, 647.1895115742501]], ""scale"": 1000.0, ""seed"": 0, ""symmetric"": true}, ""valid_route"": true}"
classical_comparison,classical_comparison_euclidean_n12_seed0,euclidean,12,0,python_tsp_dynamic_programming,skipped_missing_dependency,,,3413.337385563526,nan,,,0.0005787000000054832,263.47265625,263.47265625,0.0,,,,3413.337385563526,nan,True,"{""instance_metadata"": {""complete"": true, ""instance_type"": ""euclidean"", ""n"": 12, ""points"": [[636.9616873214543, 269.7867137638703], [40.97352393619469, 16.527635528529096], [813.2702392002724, 912.7555772777217], [606.6357757671799, 729.4965609839984], [543.6249914654229, 935.0724237877682], [815.8535541215322, 2.738500170148095], [857.4042765875694, 33.58557530546435], [729.655446429944, 175.65562060255903], [863.1789223498865, 541.4612202490918], [299.71189053738476, 422.68722119765846], [28.319671145462966, 124.28327649956394], [670.6244146936303, 647.1895115742501]], ""scale"": 1000.0, ""seed"": 0, ""symmetric"": true}}"
classical_comparison,classical_comparison_random_symmetric_n12_seed0,random_symmetric,12,0,tn_exact,ok,"[11, 2, 0, 3, 6, 1, 7, 4, 10, 8, 5, 9]",402.55486617871304,402.55486617871304,0.0,True,True,0.3198877999998331,263.47265625,265.65625,2.18359375,20.0,,,402.55486617871304,0.0,True,"{""finite_edges"": true, ""instance_metadata"": {""complete"": true, ""high"": 100.0, ""instance_type"": ""random_symmetric"", ""low"": 1.0, ""n"": 12, ""seed"": 0, ""symmetric"": true}, ""n_layers"": null, ""normalization_factor"": 95.78650330925774, ""normalize"": true, ""seed"": 0, ""tau"": 20.0, ""valid_route"": true}"
classical_comparison,classical_comparison_random_symmetric_n12_seed0,random_symmetric,12,0,tn_n_layers_8,ok,"[11, 9, 5, 1, 6, 3, 0, 8, 10, 4, 7, 2]",408.56491135850206,402.55486617871304,0.014929754139702475,True,True,0.281682699999692,265.65625,264.20703125,-1.44921875,20.0,8,,402.55486617871304,0.014929754139702475,True,"{""finite_edges"": true, ""instance_metadata"": {""complete"": true, ""high"": 100.0, ""instance_type"": ""random_symmetric"", ""low"": 1.0, ""n"": 12, ""seed"": 0, ""symmetric"": true}, ""n_layers"": 8, ""normalization_factor"": 95.78650330925774, ""normalize"": true, ""seed"": 0, ""tau"": 20.0, ""valid_route"": true}"
classical_comparison,classical_comparison_random_symmetric_n12_seed0,random_symmetric,12,0,tn_n_layers_5,ok,"[11, 9, 5, 4, 10, 8, 7, 1, 6, 3, 0, 2]",423.97873567221046,402.55486617871304,0.05321975038301079,True,True,0.15714680000019143,264.20703125,263.78515625,-0.421875,20.0,5,,402.55486617871304,0.05321975038301079,True,"{""finite_edges"": true, ""instance_metadata"": {""complete"": true, ""high"": 100.0, ""instance_type"": ""random_symmetric"", ""low"": 1.0, ""n"": 12, ""seed"": 0, ""symmetric"": true}, ""n_layers"": 5, ""normalization_factor"": 95.78650330925774, ""normalize"": true, ""seed"": 0, ""tau"": 20.0, ""valid_route"": true}"
classical_comparison,classical_comparison_random_symmetric_n12_seed0,random_symmetric,12,0,tn_n_layers_2,ok,"[11, 4, 7, 6, 3, 1, 5, 9, 0, 8, 10, 2]",496.81864154118955,402.55486617871304,0.23416379550266916,True,True,0.06019250000008469,263.78515625,263.7890625,0.00390625,20.0,2,,402.55486617871304,0.23416379550266916,True,"{""finite_edges"": true, ""instance_metadata"": {""complete"": true, ""high"": 100.0, ""instance_type"": ""random_symmetric"", ""low"": 1.0, ""n"": 12, ""seed"": 0, ""symmetric"": true}, ""n_layers"": 2, ""normalization_factor"": 95.78650330925774, ""normalize"": true, ""seed"": 0, ""tau"": 20.0, ""valid_route"": true}"
classical_comparison,classical_comparison_random_symmetric_n12_seed0,random_symmetric,12,0,tn_n_layers_0,ok,"[11, 9, 5, 4, 7, 2, 0, 3, 10, 8, 1, 6]",458.4986428088997,402.55486617871304,0.1389718056602764,True,True,0.036684499999864784,263.7890625,263.84375,0.0546875,20.0,0,,402.55486617871304,0.1389718056602764,True,"{""finite_edges"": true, ""instance_metadata"": {""complete"": true, ""high"": 100.0, ""instance_type"": ""random_symmetric"", ""low"": 1.0, ""n"": 12, ""seed"": 0, ""symmetric"": true}, ""n_layers"": 0, ""normalization_factor"": 95.78650330925774, ""normalize"": true, ""seed"": 0, ""tau"": 20.0, ""valid_route"": true}"
classical_comparison,classical_comparison_random_symmetric_n12_seed0,random_symmetric,12,0,held_karp,ok,"[11, 2, 0, 3, 6, 1, 7, 4, 10, 8, 5, 9]",402.55486617871304,402.55486617871304,0.0,True,True,0.020283800000015617,263.84375,264.64453125,0.80078125,,,,402.55486617871304,0.0,True,"{""instance_metadata"": {""complete"": true, ""high"": 100.0, ""instance_type"": ""random_symmetric"", ""low"": 1.0, ""n"": 12, ""seed"": 0, ""symmetric"": true}, ""max_n"": 18, ""start"": 11}"
classical_comparison,classical_comparison_random_symmetric_n12_seed0,random_symmetric,12,0,bruteforce,skipped,,,402.55486617871304,nan,,,7.300000106624793e-06,264.64453125,264.64453125,0.0,,,,402.55486617871304,nan,True,"{""instance_metadata"": {""complete"": true, ""high"": 100.0, ""instance_type"": ""random_symmetric"", ""low"": 1.0, ""n"": 12, ""seed"": 0, ""symmetric"": true}, ""max_n"": 10, ""start"": 11}"
classical_comparison,classical_comparison_random_symmetric_n12_seed0,random_symmetric,12,0,ortools,ok,"[11, 2, 6, 1, 9, 5, 4, 7, 8, 10, 3, 0]",420.4396704278747,402.55486617871304,0.044428240102857855,True,True,0.002058800000213523,264.64453125,264.64453125,0.0,,,5.0,402.55486617871304,0.044428240102857855,True,"{""finite_edges"": true, ""infinity_penalty"": 1149438036000, ""instance_metadata"": {""complete"": true, ""high"": 100.0, ""instance_type"": ""random_symmetric"", ""low"": 1.0, ""n"": 12, ""seed"": 0, ""symmetric"": true}, ""integer_scale"": 1000000, ""start"": 11, ""time_limit_s"": 5.0, ""valid_route"": true}"
classical_comparison,classical_comparison_random_symmetric_n12_seed0,random_symmetric,12,0,networkx_christofides,skipped_not_applicable,,,402.55486617871304,nan,,,0.00010819999988598283,264.64453125,264.64453125,0.0,,,,402.55486617871304,nan,True,"{""instance_metadata"": {""complete"": true, ""high"": 100.0, ""instance_type"": ""random_symmetric"", ""low"": 1.0, ""n"": 12, ""seed"": 0, ""symmetric"": true}, ""requires_metric_symmetric_complete"": true}"
classical_comparison,classical_comparison_random_symmetric_n12_seed0,random_symmetric,12,0,networkx_greedy,ok,"[11, 2, 0, 3, 10, 4, 7, 8, 5, 9, 1, 6]",448.3006635599269,402.55486617871304,0.11363866450171074,True,True,0.00016220000043176697,264.64453125,264.64453125,0.0,,,,402.55486617871304,0.11363866450171074,True,"{""finite_edges"": true, ""instance_metadata"": {""complete"": true, ""high"": 100.0, ""instance_type"": ""random_symmetric"", ""low"": 1.0, ""n"": 12, ""seed"": 0, ""symmetric"": true}, ""valid_route"": true}"
classical_comparison,classical_comparison_random_symmetric_n12_seed0,random_symmetric,12,0,python_tsp_dynamic_programming,skipped_missing_dependency,,,402.55486617871304,nan,,,0.0005777999999736494,264.64453125,264.64453125,0.0,,,,402.55486617871304,nan,True,"{""instance_metadata"": {""complete"": true, ""high"": 100.0, ""instance_type"": ""random_symmetric"", ""low"": 1.0, ""n"": 12, ""seed"": 0, ""symmetric"": true}}"
classical_comparison,classical_comparison_random_asymmetric_n12_seed0,random_asymmetric,12,0,tn_exact,ok,"[11, 2, 1, 9, 5, 6, 7, 8, 0, 3, 10, 4]",228.80760405037705,228.80760405037705,0.0,True,True,0.2780448999997134,264.64453125,265.17578125,0.53125,20.0,,,228.80760405037705,0.0,True,"{""finite_edges"": true, ""instance_metadata"": {""complete"": true, ""high"": 100.0, ""instance_type"": ""random_asymmetric"", ""low"": 1.0, ""n"": 12, ""seed"": 0, ""symmetric"": false}, ""n_layers"": null, ""normalization_factor"": 99.51455401829709, ""normalize"": true, ""seed"": 0, ""tau"": 20.0, ""valid_route"": true}"
classical_comparison,classical_comparison_random_asymmetric_n12_seed0,random_asymmetric,12,0,tn_n_layers_8,ok,"[11, 7, 4, 5, 6, 2, 1, 9, 3, 10, 8, 0]",237.90387710351186,228.80760405037705,0.03975511692842194,True,True,0.3180755000003046,265.17578125,265.50390625,0.328125,20.0,8,,228.80760405037705,0.03975511692842194,True,"{""finite_edges"": true, ""instance_metadata"": {""complete"": true, ""high"": 100.0, ""instance_type"": ""random_asymmetric"", ""low"": 1.0, ""n"": 12, ""seed"": 0, ""symmetric"": false}, ""n_layers"": 8, ""normalization_factor"": 99.51455401829709, ""normalize"": true, ""seed"": 0, ""tau"": 20.0, ""valid_route"": true}"
classical_comparison,classical_comparison_random_asymmetric_n12_seed0,random_asymmetric,12,0,tn_n_layers_5,ok,"[11, 7, 4, 6, 9, 3, 10, 5, 2, 1, 8, 0]",256.4634974010463,228.80760405037705,0.12086964270899057,True,True,0.15790659999993295,265.50390625,265.5390625,0.03515625,20.0,5,,228.80760405037705,0.12086964270899057,True,"{""finite_edges"": true, ""instance_metadata"": {""complete"": true, ""high"": 100.0, ""instance_type"": ""random_asymmetric"", ""low"": 1.0, ""n"": 12, ""seed"": 0, ""symmetric"": false}, ""n_layers"": 5, ""normalization_factor"": 99.51455401829709, ""normalize"": true, ""seed"": 0, ""tau"": 20.0, ""valid_route"": true}"
classical_comparison,classical_comparison_random_asymmetric_n12_seed0,random_asymmetric,12,0,tn_n_layers_2,ok,"[11, 7, 4, 5, 6, 3, 10, 8, 0, 2, 1, 9]",238.09123248303638,228.80760405037705,0.04057395063939978,True,True,0.05797690000008515,265.5390625,265.0625,-0.4765625,20.0,2,,228.80760405037705,0.04057395063939978,True,"{""finite_edges"": true, ""instance_metadata"": {""complete"": true, ""high"": 100.0, ""instance_type"": ""random_asymmetric"", ""low"": 1.0, ""n"": 12, ""seed"": 0, ""symmetric"": false}, ""n_layers"": 2, ""normalization_factor"": 99.51455401829709, ""normalize"": true, ""seed"": 0, ""tau"": 20.0, ""valid_route"": true}"
classical_comparison,classical_comparison_random_asymmetric_n12_seed0,random_asymmetric,12,0,tn_n_layers_0,ok,"[11, 7, 8, 0, 3, 5, 9, 4, 10, 1, 2, 6]",463.5207469687789,228.80760405037705,1.0258100638417793,True,True,0.03615979999995034,265.0625,264.609375,-0.453125,20.0,0,,228.80760405037705,1.0258100638417793,True,"{""finite_edges"": true, ""instance_metadata"": {""complete"": true, ""high"": 100.0, ""instance_type"": ""random_asymmetric"", ""low"": 1.0, ""n"": 12, ""seed"": 0, ""symmetric"": false}, ""n_layers"": 0, ""normalization_factor"": 99.51455401829709, ""normalize"": true, ""seed"": 0, ""tau"": 20.0, ""valid_route"": true}"
classical_comparison,classical_comparison_random_asymmetric_n12_seed0,random_asymmetric,12,0,held_karp,ok,"[11, 2, 1, 9, 5, 6, 7, 8, 0, 3, 10, 4]",228.80760405037705,228.80760405037705,0.0,True,True,0.02034750000029817,264.609375,264.6171875,0.0078125,,,,228.80760405037705,0.0,True,"{""instance_metadata"": {""complete"": true, ""high"": 100.0, ""instance_type"": ""random_asymmetric"", ""low"": 1.0, ""n"": 12, ""seed"": 0, ""symmetric"": false}, ""max_n"": 18, ""start"": 11}"
classical_comparison,classical_comparison_random_asymmetric_n12_seed0,random_asymmetric,12,0,bruteforce,skipped,,,228.80760405037705,nan,,,6.100000064179767e-06,264.6171875,264.6171875,0.0,,,,228.80760405037705,nan,True,"{""instance_metadata"": {""complete"": true, ""high"": 100.0, ""instance_type"": ""random_asymmetric"", ""low"": 1.0, ""n"": 12, ""seed"": 0, ""symmetric"": false}, ""max_n"": 10, ""start"": 11}"
classical_comparison,classical_comparison_random_asymmetric_n12_seed0,random_asymmetric,12,0,ortools,ok,"[11, 2, 8, 0, 3, 10, 1, 9, 5, 6, 7, 4]",231.09246641782056,228.80760405037705,0.00998595469292378,True,True,0.0024219000001721724,264.6171875,264.6171875,0.0,,,5.0,228.80760405037705,0.00998595469292378,True,"{""finite_edges"": true, ""infinity_penalty"": 1194174648000, ""instance_metadata"": {""complete"": true, ""high"": 100.0, ""instance_type"": ""random_asymmetric"", ""low"": 1.0, ""n"": 12, ""seed"": 0, ""symmetric"": false}, ""integer_scale"": 1000000, ""start"": 11, ""time_limit_s"": 5.0, ""valid_route"": true}"
classical_comparison,classical_comparison_random_asymmetric_n12_seed0,random_asymmetric,12,0,networkx_christofides,skipped_not_applicable,,,228.80760405037705,nan,,,9.060000002136803e-05,264.6171875,264.6171875,0.0,,,,228.80760405037705,nan,True,"{""instance_metadata"": {""complete"": true, ""high"": 100.0, ""instance_type"": ""random_asymmetric"", ""low"": 1.0, ""n"": 12, ""seed"": 0, ""symmetric"": false}, ""requires_metric_symmetric_complete"": true}"
classical_comparison,classical_comparison_random_asymmetric_n12_seed0,random_asymmetric,12,0,networkx_greedy,ok,"[11, 2, 8, 0, 3, 10, 7, 4, 5, 9, 1, 6]",322.6952762492141,228.80760405037705,0.4103345803934278,True,True,0.00021490000017365674,264.6171875,264.6171875,0.0,,,,228.80760405037705,0.4103345803934278,True,"{""finite_edges"": true, ""instance_metadata"": {""complete"": true, ""high"": 100.0, ""instance_type"": ""random_asymmetric"", ""low"": 1.0, ""n"": 12, ""seed"": 0, ""symmetric"": false}, ""valid_route"": true}"
classical_comparison,classical_comparison_random_asymmetric_n12_seed0,random_asymmetric,12,0,python_tsp_dynamic_programming,skipped_missing_dependency,,,228.80760405037705,nan,,,0.0008189000000129454,264.6171875,264.6171875,0.0,,,,228.80760405037705,nan,True,"{""instance_metadata"": {""complete"": true, ""high"": 100.0, ""instance_type"": ""random_asymmetric"", ""low"": 1.0, ""n"": 12, ""seed"": 0, ""symmetric"": false}}"
classical_comparison,classical_comparison_euclidean_n12_seed1,euclidean,12,1,tn_exact,ok,"[11, 0, 5, 3, 10, 4, 9, 8, 2, 7, 6, 1]",2849.3329717576507,2849.3329717576503,1.5959782706825834e-16,True,True,0.2814911000000393,264.6171875,265.88671875,1.26953125,20.0,,,2849.3329717576503,1.5959782706825834e-16,True,"{""finite_edges"": true, ""instance_metadata"": {""complete"": true, ""instance_type"": ""euclidean"", ""n"": 12, ""points"": [[511.82162470025673, 950.4636963259353], [144.15961271963374, 948.6494471372439], [311.83145201048546, 423.32644897257563], [827.7025938204417, 409.1991363691613], [549.5936876730595, 27.559113243068367], [753.5131086748066, 538.1433132192782], [329.73171649909216, 788.4287034284043], [303.19482929164496, 453.4978894806515], [134.04169724716473, 403.11298644712923], [203.45524067614963, 262.3133404418495], [750.3646726300526, 280.4087579860399], [485.1909744316351, 980.7371998012386]], ""scale"": 1000.0, ""seed"": 1, ""symmetric"": true}, ""n_layers"": null, ""normalization_factor"": 1006.3717962694622, ""normalize"": true, ""seed"": 0, ""tau"": 20.0, ""valid_route"": true}"
classical_comparison,classical_comparison_euclidean_n12_seed1,euclidean,12,1,tn_n_layers_8,ok,"[11, 0, 5, 3, 10, 4, 9, 8, 2, 7, 6, 1]",2849.3329717576507,2849.3329717576503,1.5959782706825834e-16,True,True,0.2548314999999093,265.88671875,265.09375,-0.79296875,20.0,8,,2849.3329717576503,1.5959782706825834e-16,True,"{""finite_edges"": true, ""instance_metadata"": {""complete"": true, ""instance_type"": ""euclidean"", ""n"": 12, ""points"": [[511.82162470025673, 950.4636963259353], [144.15961271963374, 948.6494471372439], [311.83145201048546, 423.32644897257563], [827.7025938204417, 409.1991363691613], [549.5936876730595, 27.559113243068367], [753.5131086748066, 538.1433132192782], [329.73171649909216, 788.4287034284043], [303.19482929164496, 453.4978894806515], [134.04169724716473, 403.11298644712923], [203.45524067614963, 262.3133404418495], [750.3646726300526, 280.4087579860399], [485.1909744316351, 980.7371998012386]], ""scale"": 1000.0, ""seed"": 1, ""symmetric"": true}, ""n_layers"": 8, ""normalization_factor"": 1006.3717962694622, ""normalize"": true, ""seed"": 0, ""tau"": 20.0, ""valid_route"": true}"
classical_comparison,classical_comparison_euclidean_n12_seed1,euclidean,12,1,tn_n_layers_5,ok,"[11, 0, 5, 7, 2, 9, 8, 4, 10, 3, 6, 1]",3605.7534999064696,2849.3329717576503,0.26547284422227807,True,True,0.16956680000021151,265.09375,265.0390625,-0.0546875,20.0,5,,2849.3329717576503,0.26547284422227807,True,"{""finite_edges"": true, ""instance_metadata"": {""complete"": true, ""instance_type"": ""euclidean"", ""n"": 12, ""points"": [[511.82162470025673, 950.4636963259353], [144.15961271963374, 948.6494471372439], [311.83145201048546, 423.32644897257563], [827.7025938204417, 409.1991363691613], [549.5936876730595, 27.559113243068367], [753.5131086748066, 538.1433132192782], [329.73171649909216, 788.4287034284043], [303.19482929164496, 453.4978894806515], [134.04169724716473, 403.11298644712923], [203.45524067614963, 262.3133404418495], [750.3646726300526, 280.4087579860399], [485.1909744316351, 980.7371998012386]], ""scale"": 1000.0, ""seed"": 1, ""symmetric"": true}, ""n_layers"": 5, ""normalization_factor"": 1006.3717962694622, ""normalize"": true, ""seed"": 0, ""tau"": 20.0, ""valid_route"": true}"
classical_comparison,classical_comparison_euclidean_n12_seed1,euclidean,12,1,tn_n_layers_2,ok,"[11, 0, 6, 2, 7, 10, 3, 5, 4, 9, 8, 1]",3472.6643164665397,2849.3329717576503,0.21876395313825991,True,True,0.059418900000309804,265.0390625,265.12109375,0.08203125,20.0,2,,2849.3329717576503,0.21876395313825991,True,"{""finite_edges"": true, ""instance_metadata"": {""complete"": true, ""instance_type"": ""euclidean"", ""n"": 12, ""points"": [[511.82162470025673, 950.4636963259353], [144.15961271963374, 948.6494471372439], [311.83145201048546, 423.32644897257563], [827.7025938204417, 409.1991363691613], [549.5936876730595, 27.559113243068367], [753.5131086748066, 538.1433132192782], [329.73171649909216, 788.4287034284043], [303.19482929164496, 453.4978894806515], [134.04169724716473, 403.11298644712923], [203.45524067614963, 262.3133404418495], [750.3646726300526, 280.4087579860399], [485.1909744316351, 980.7371998012386]], ""scale"": 1000.0, ""seed"": 1, ""symmetric"": true}, ""n_layers"": 2, ""normalization_factor"": 1006.3717962694622, ""normalize"": true, ""seed"": 0, ""tau"": 20.0, ""valid_route"": true}"
classical_comparison,classical_comparison_euclidean_n12_seed1,euclidean,12,1,tn_n_layers_0,ok,"[11, 0, 6, 1, 7, 2, 8, 9, 5, 3, 10, 4]",3609.146818588859,2849.3329717576503,0.26666376108458356,True,True,0.03593110000019806,265.12109375,265.1328125,0.01171875,20.0,0,,2849.3329717576503,0.26666376108458356,True,"{""finite_edges"": true, ""instance_metadata"": {""complete"": true, ""instance_type"": ""euclidean"", ""n"": 12, ""points"": [[511.82162470025673, 950.4636963259353], [144.15961271963374, 948.6494471372439], [311.83145201048546, 423.32644897257563], [827.7025938204417, 409.1991363691613], [549.5936876730595, 27.559113243068367], [753.5131086748066, 538.1433132192782], [329.73171649909216, 788.4287034284043], [303.19482929164496, 453.4978894806515], [134.04169724716473, 403.11298644712923], [203.45524067614963, 262.3133404418495], [750.3646726300526, 280.4087579860399], [485.1909744316351, 980.7371998012386]], ""scale"": 1000.0, ""seed"": 1, ""symmetric"": true}, ""n_layers"": 0, ""normalization_factor"": 1006.3717962694622, ""normalize"": true, ""seed"": 0, ""tau"": 20.0, ""valid_route"": true}"
classical_comparison,classical_comparison_euclidean_n12_seed1,euclidean,12,1,held_karp,ok,"[11, 1, 6, 7, 2, 8, 9, 4, 10, 3, 5, 0]",2849.3329717576503,2849.3329717576503,0.0,True,True,0.020115100000111852,265.1328125,265.13671875,0.00390625,,,,2849.3329717576503,0.0,True,"{""instance_metadata"": {""complete"": true, ""instance_type"": ""euclidean"", ""n"": 12, ""points"": [[511.82162470025673, 950.4636963259353], [144.15961271963374, 948.6494471372439], [311.83145201048546, 423.32644897257563], [827.7025938204417, 409.1991363691613], [549.5936876730595, 27.559113243068367], [753.5131086748066, 538.1433132192782], [329.73171649909216, 788.4287034284043], [303.19482929164496, 453.4978894806515], [134.04169724716473, 403.11298644712923], [203.45524067614963, 262.3133404418495], [750.3646726300526, 280.4087579860399], [485.1909744316351, 980.7371998012386]], ""scale"": 1000.0, ""seed"": 1, ""symmetric"": true}, ""max_n"": 18, ""start"": 11}"
classical_comparison,classical_comparison_euclidean_n12_seed1,euclidean,12,1,bruteforce,skipped,,,2849.3329717576503,nan,,,6.799999937356915e-06,265.13671875,265.13671875,0.0,,,,2849.3329717576503,nan,True,"{""instance_metadata"": {""complete"": true, ""instance_type"": ""euclidean"", ""n"": 12, ""points"": [[511.82162470025673, 950.4636963259353], [144.15961271963374, 948.6494471372439], [311.83145201048546, 423.32644897257563], [827.7025938204417, 409.1991363691613], [549.5936876730595, 27.559113243068367], [753.5131086748066, 538.1433132192782], [329.73171649909216, 788.4287034284043], [303.19482929164496, 453.4978894806515], [134.04169724716473, 403.11298644712923], [203.45524067614963, 262.3133404418495], [750.3646726300526, 280.4087579860399], [485.1909744316351, 980.7371998012386]], ""scale"": 1000.0, ""seed"": 1, ""symmetric"": true}, ""max_n"": 10, ""start"": 11}"
classical_comparison,classical_comparison_euclidean_n12_seed1,euclidean,12,1,ortools,ok,"[11, 0, 5, 3, 10, 4, 9, 8, 2, 7, 6, 1]",2849.3329717576507,2849.3329717576503,1.5959782706825834e-16,True,True,0.0020254000000932137,265.13671875,265.13671875,0.0,,,5.0,2849.3329717576503,1.5959782706825834e-16,True,"{""finite_edges"": true, ""infinity_penalty"": 12076461552000, ""instance_metadata"": {""complete"": true, ""instance_type"": ""euclidean"", ""n"": 12, ""points"": [[511.82162470025673, 950.4636963259353], [144.15961271963374, 948.6494471372439], [311.83145201048546, 423.32644897257563], [827.7025938204417, 409.1991363691613], [549.5936876730595, 27.559113243068367], [753.5131086748066, 538.1433132192782], [329.73171649909216, 788.4287034284043], [303.19482929164496, 453.4978894806515], [134.04169724716473, 403.11298644712923], [203.45524067614963, 262.3133404418495], [750.3646726300526, 280.4087579860399], [485.1909744316351, 980.7371998012386]], ""scale"": 1000.0, ""seed"": 1, ""symmetric"": true}, ""integer_scale"": 1000000, ""start"": 11, ""time_limit_s"": 5.0, ""valid_route"": true}"
classical_comparison,classical_comparison_euclidean_n12_seed1,euclidean,12,1,networkx_christofides,ok,"[11, 0, 6, 1, 7, 2, 8, 9, 4, 10, 3, 5]",2974.2666218951845,2849.3329717576503,0.04384663055384052,True,True,0.0013417999998637242,265.13671875,265.13671875,0.0,,,,2849.3329717576503,0.04384663055384052,True,"{""finite_edges"": true, ""instance_metadata"": {""complete"": true, ""instance_type"": ""euclidean"", ""n"": 12, ""points"": [[511.82162470025673, 950.4636963259353], [144.15961271963374, 948.6494471372439], [311.83145201048546, 423.32644897257563], [827.7025938204417, 409.1991363691613], [549.5936876730595, 27.559113243068367], [753.5131086748066, 538.1433132192782], [329.73171649909216, 788.4287034284043], [303.19482929164496, 453.4978894806515], [134.04169724716473, 403.11298644712923], [203.45524067614963, 262.3133404418495], [750.3646726300526, 280.4087579860399], [485.1909744316351, 980.7371998012386]], ""scale"": 1000.0, ""seed"": 1, ""symmetric"": true}, ""requires_metric_symmetric_complete"": true, ""valid_route"": true}"
classical_comparison,classical_comparison_euclidean_n12_seed1,euclidean,12,1,networkx_greedy,ok,"[11, 0, 6, 1, 7, 2, 8, 9, 4, 10, 3, 5]",2974.2666218951845,2849.3329717576503,0.04384663055384052,True,True,0.00019239999983255984,265.13671875,265.13671875,0.0,,,,2849.3329717576503,0.04384663055384052,True,"{""finite_edges"": true, ""instance_metadata"": {""complete"": true, ""instance_type"": ""euclidean"", ""n"": 12, ""points"": [[511.82162470025673, 950.4636963259353], [144.15961271963374, 948.6494471372439], [311.83145201048546, 423.32644897257563], [827.7025938204417, 409.1991363691613], [549.5936876730595, 27.559113243068367], [753.5131086748066, 538.1433132192782], [329.73171649909216, 788.4287034284043], [303.19482929164496, 453.4978894806515], [134.04169724716473, 403.11298644712923], [203.45524067614963, 262.3133404418495], [750.3646726300526, 280.4087579860399], [485.1909744316351, 980.7371998012386]], ""scale"": 1000.0, ""seed"": 1, ""symmetric"": true}, ""valid_route"": true}"
classical_comparison,classical_comparison_euclidean_n12_seed1,euclidean,12,1,python_tsp_dynamic_programming,skipped_missing_dependency,,,2849.3329717576503,nan,,,0.0005701999998564133,265.13671875,265.13671875,0.0,,,,2849.3329717576503,nan,True,"{""instance_metadata"": {""complete"": true, ""instance_type"": ""euclidean"", ""n"": 12, ""points"": [[511.82162470025673, 950.4636963259353], [144.15961271963374, 948.6494471372439], [311.83145201048546, 423.32644897257563], [827.7025938204417, 409.1991363691613], [549.5936876730595, 27.559113243068367], [753.5131086748066, 538.1433132192782], [329.73171649909216, 788.4287034284043], [303.19482929164496, 453.4978894806515], [134.04169724716473, 403.11298644712923], [203.45524067614963, 262.3133404418495], [750.3646726300526, 280.4087579860399], [485.1909744316351, 980.7371998012386]], ""scale"": 1000.0, ""seed"": 1, ""symmetric"": true}}"
classical_comparison,classical_comparison_random_symmetric_n12_seed1,random_symmetric,12,1,tn_exact,ok,"[11, 8, 0, 4, 2, 3, 9, 7, 10, 5, 1, 6]",339.0782486323965,339.0782486323965,0.0,True,True,0.2679784000001746,265.13671875,265.80859375,0.671875,20.0,,,339.0782486323965,0.0,True,"{""finite_edges"": true, ""instance_metadata"": {""complete"": true, ""high"": 100.0, ""instance_type"": ""random_symmetric"", ""low"": 1.0, ""n"": 12, ""seed"": 1, ""symmetric"": true}, ""n_layers"": null, ""normalization_factor"": 87.89236606888605, ""normalize"": true, ""seed"": 0, ""tau"": 20.0, ""valid_route"": true}"
classical_comparison,classical_comparison_random_symmetric_n12_seed1,random_symmetric,12,1,tn_n_layers_8,ok,"[11, 8, 9, 7, 1, 6, 3, 2, 4, 0, 5, 10]",345.61001543607534,339.0782486323965,0.019263302290911975,True,True,0.25914060000013706,265.80859375,266.2265625,0.41796875,20.0,8,,339.0782486323965,0.019263302290911975,True,"{""finite_edges"": true, ""instance_metadata"": {""complete"": true, ""high"": 100.0, ""instance_type"": ""random_symmetric"", ""low"": 1.0, ""n"": 12, ""seed"": 1, ""symmetric"": true}, ""n_layers"": 8, ""normalization_factor"": 87.89236606888605, ""normalize"": true, ""seed"": 0, ""tau"": 20.0, ""valid_route"": true}"
classical_comparison,classical_comparison_random_symmetric_n12_seed1,random_symmetric,12,1,tn_n_layers_5,ok,"[11, 4, 0, 2, 3, 6, 1, 5, 10, 7, 9, 8]",365.1516056946427,339.0782486323965,0.07689480869801532,True,True,0.1610067000001436,266.2265625,265.25390625,-0.97265625,20.0,5,,339.0782486323965,0.07689480869801532,True,"{""finite_edges"": true, ""instance_metadata"": {""complete"": true, ""high"": 100.0, ""instance_type"": ""random_symmetric"", ""low"": 1.0, ""n"": 12, ""seed"": 1, ""symmetric"": true}, ""n_layers"": 5, ""normalization_factor"": 87.89236606888605, ""normalize"": true, ""seed"": 0, ""tau"": 20.0, ""valid_route"": true}"
classical_comparison,classical_comparison_random_symmetric_n12_seed1,random_symmetric,12,1,tn_n_layers_2,ok,"[11, 4, 7, 1, 6, 2, 3, 9, 10, 5, 0, 8]",409.2324094452201,339.0782486323965,0.20689667088872926,True,True,0.0587599999998929,265.25390625,265.2734375,0.01953125,20.0,2,,339.0782486323965,0.20689667088872926,True,"{""finite_edges"": true, ""instance_metadata"": {""complete"": true, ""high"": 100.0, ""instance_type"": ""random_symmetric"", ""low"": 1.0, ""n"": 12, ""seed"": 1, ""symmetric"": true}, ""n_layers"": 2, ""normalization_factor"": 87.89236606888605, ""normalize"": true, ""seed"": 0, ""tau"": 20.0, ""valid_route"": true}"
classical_comparison,classical_comparison_random_symmetric_n12_seed1,random_symmetric,12,1,tn_n_layers_0,ok,"[11, 8, 9, 7, 10, 6, 4, 0, 5, 1, 3, 2]",424.273743375108,339.0782486323965,0.25125614835611043,True,True,0.03678130000025703,265.2734375,265.08984375,-0.18359375,20.0,0,,339.0782486323965,0.25125614835611043,True,"{""finite_edges"": true, ""instance_metadata"": {""complete"": true, ""high"": 100.0, ""instance_type"": ""random_symmetric"", ""low"": 1.0, ""n"": 12, ""seed"": 1, ""symmetric"": true}, ""n_layers"": 0, ""normalization_factor"": 87.89236606888605, ""normalize"": true, ""seed"": 0, ""tau"": 20.0, ""valid_route"": true}"
classical_comparison,classical_comparison_random_symmetric_n12_seed1,random_symmetric,12,1,held_karp,ok,"[11, 8, 0, 4, 2, 3, 9, 7, 10, 5, 1, 6]",339.0782486323965,339.0782486323965,0.0,True,True,0.02045529999986684,265.08984375,265.4140625,0.32421875,,,,339.0782486323965,0.0,True,"{""instance_metadata"": {""complete"": true, ""high"": 100.0, ""instance_type"": ""random_symmetric"", ""low"": 1.0, ""n"": 12, ""seed"": 1, ""symmetric"": true}, ""max_n"": 18, ""start"": 11}"
classical_comparison,classical_comparison_random_symmetric_n12_seed1,random_symmetric,12,1,bruteforce,skipped,,,339.0782486323965,nan,,,6.4000000747910235e-06,265.4140625,265.4140625,0.0,,,,339.0782486323965,nan,True,"{""instance_metadata"": {""complete"": true, ""high"": 100.0, ""instance_type"": ""random_symmetric"", ""low"": 1.0, ""n"": 12, ""seed"": 1, ""symmetric"": true}, ""max_n"": 10, ""start"": 11}"
classical_comparison,classical_comparison_random_symmetric_n12_seed1,random_symmetric,12,1,ortools,ok,"[11, 8, 0, 4, 2, 3, 6, 9, 7, 1, 5, 10]",344.00549109172755,339.0782486323965,0.014531284384073896,True,True,0.002176700000291021,265.4140625,265.6328125,0.21875,,,5.0,339.0782486323965,0.014531284384073896,True,"{""finite_edges"": true, ""infinity_penalty"": 1054708392000, ""instance_metadata"": {""complete"": true, ""high"": 100.0, ""instance_type"": ""random_symmetric"", ""low"": 1.0, ""n"": 12, ""seed"": 1, ""symmetric"": true}, ""integer_scale"": 1000000, ""start"": 11, ""time_limit_s"": 5.0, ""valid_route"": true}"
classical_comparison,classical_comparison_random_symmetric_n12_seed1,random_symmetric,12,1,networkx_christofides,skipped_not_applicable,,,339.0782486323965,nan,,,0.00010410000004412723,265.6328125,265.6328125,0.0,,,,339.0782486323965,nan,True,"{""instance_metadata"": {""complete"": true, ""high"": 100.0, ""instance_type"": ""random_symmetric"", ""low"": 1.0, ""n"": 12, ""seed"": 1, ""symmetric"": true}, ""requires_metric_symmetric_complete"": true}"
classical_comparison,classical_comparison_random_symmetric_n12_seed1,random_symmetric,12,1,networkx_greedy,ok,"[11, 2, 6, 3, 10, 5, 1, 9, 7, 4, 0, 8]",395.09189038058287,339.0782486323965,0.16519385119542784,True,True,0.00016670000013618846,265.6328125,265.6328125,0.0,,,,339.0782486323965,0.16519385119542784,True,"{""finite_edges"": true, ""instance_metadata"": {""complete"": true, ""high"": 100.0, ""instance_type"": ""random_symmetric"", ""low"": 1.0, ""n"": 12, ""seed"": 1, ""symmetric"": true}, ""valid_route"": true}"
classical_comparison,classical_comparison_random_symmetric_n12_seed1,random_symmetric,12,1,python_tsp_dynamic_programming,skipped_missing_dependency,,,339.0782486323965,nan,,,0.0008325999997396138,265.6328125,265.6328125,0.0,,,,339.0782486323965,nan,True,"{""instance_metadata"": {""complete"": true, ""high"": 100.0, ""instance_type"": ""random_symmetric"", ""low"": 1.0, ""n"": 12, ""seed"": 1, ""symmetric"": true}}"
classical_comparison,classical_comparison_random_asymmetric_n12_seed1,random_asymmetric,12,1,tn_exact,ok,"[11, 10, 5, 1, 4, 6, 3, 0, 2, 7, 9, 8]",191.73022101573042,191.73022101573042,0.0,True,True,0.35193329999992784,265.6328125,266.42578125,0.79296875,20.0,,,191.73022101573042,0.0,True,"{""finite_edges"": true, ""instance_metadata"": {""complete"": true, ""high"": 100.0, ""instance_type"": ""random_asymmetric"", ""low"": 1.0, ""n"": 12, ""seed"": 1, ""symmetric"": false}, ""n_layers"": null, ""normalization_factor"": 99.61797782174416, ""normalize"": true, ""seed"": 0, ""tau"": 20.0, ""valid_route"": true}"
classical_comparison,classical_comparison_random_asymmetric_n12_seed1,random_asymmetric,12,1,tn_n_layers_8,ok,"[11, 8, 5, 1, 9, 3, 0, 2, 4, 7, 10, 6]",198.00738266334528,191.73022101573042,0.03273955255650518,True,True,0.22851379999974597,266.42578125,265.39453125,-1.03125,20.0,8,,191.73022101573042,0.03273955255650518,True,"{""finite_edges"": true, ""instance_metadata"": {""complete"": true, ""high"": 100.0, ""instance_type"": ""random_asymmetric"", ""low"": 1.0, ""n"": 12, ""seed"": 1, ""symmetric"": false}, ""n_layers"": 8, ""normalization_factor"": 99.61797782174416, ""normalize"": true, ""seed"": 0, ""tau"": 20.0, ""valid_route"": true}"
classical_comparison,classical_comparison_random_asymmetric_n12_seed1,random_asymmetric,12,1,tn_n_layers_5,ok,"[11, 8, 0, 2, 7, 9, 3, 10, 5, 1, 4, 6]",204.53179307031075,191.73022101573042,0.06676867103559034,True,True,0.17848300000014206,265.39453125,264.8984375,-0.49609375,20.0,5,,191.73022101573042,0.06676867103559034,True,"{""finite_edges"": true, ""instance_metadata"": {""complete"": true, ""high"": 100.0, ""instance_type"": ""random_asymmetric"", ""low"": 1.0, ""n"": 12, ""seed"": 1, ""symmetric"": false}, ""n_layers"": 5, ""normalization_factor"": 99.61797782174416, ""normalize"": true, ""seed"": 0, ""tau"": 20.0, ""valid_route"": true}"
classical_comparison,classical_comparison_random_asymmetric_n12_seed1,random_asymmetric,12,1,tn_n_layers_2,ok,"[11, 8, 0, 9, 7, 1, 5, 2, 4, 6, 3, 10]",300.56959445220605,191.73022101573042,0.5676693682397933,True,True,0.0592754999997851,264.8984375,264.953125,0.0546875,20.0,2,,191.73022101573042,0.5676693682397933,True,"{""finite_edges"": true, ""instance_metadata"": {""complete"": true, ""high"": 100.0, ""instance_type"": ""random_asymmetric"", ""low"": 1.0, ""n"": 12, ""seed"": 1, ""symmetric"": false}, ""n_layers"": 2, ""normalization_factor"": 99.61797782174416, ""normalize"": true, ""seed"": 0, ""tau"": 20.0, ""valid_route"": true}"
classical_comparison,classical_comparison_random_asymmetric_n12_seed1,random_asymmetric,12,1,tn_n_layers_0,ok,"[11, 8, 0, 9, 7, 1, 6, 3, 2, 4, 5, 10]",287.16830328677963,191.73022101573042,0.4977727651146818,True,True,0.03818470000032903,264.953125,264.88671875,-0.06640625,20.0,0,,191.73022101573042,0.4977727651146818,True,"{""finite_edges"": true, ""instance_metadata"": {""complete"": true, ""high"": 100.0, ""instance_type"": ""random_asymmetric"", ""low"": 1.0, ""n"": 12, ""seed"": 1, ""symmetric"": false}, ""n_layers"": 0, ""normalization_factor"": 99.61797782174416, ""normalize"": true, ""seed"": 0, ""tau"": 20.0, ""valid_route"": true}"
classical_comparison,classical_comparison_random_asymmetric_n12_seed1,random_asymmetric,12,1,held_karp,ok,"[11, 10, 5, 1, 4, 6, 3, 0, 2, 7, 9, 8]",191.73022101573042,191.73022101573042,0.0,True,True,0.023808399999779795,264.88671875,264.88671875,0.0,,,,191.73022101573042,0.0,True,"{""instance_metadata"": {""complete"": true, ""high"": 100.0, ""instance_type"": ""random_asymmetric"", ""low"": 1.0, ""n"": 12, ""seed"": 1, ""symmetric"": false}, ""max_n"": 18, ""start"": 11}"
classical_comparison,classical_comparison_random_asymmetric_n12_seed1,random_asymmetric,12,1,bruteforce,skipped,,,191.73022101573042,nan,,,8.399999842367833e-06,264.88671875,264.88671875,0.0,,,,191.73022101573042,nan,True,"{""instance_metadata"": {""complete"": true, ""high"": 100.0, ""instance_type"": ""random_asymmetric"", ""low"": 1.0, ""n"": 12, ""seed"": 1, ""symmetric"": false}, ""max_n"": 10, ""start"": 11}"
classical_comparison,classical_comparison_random_asymmetric_n12_seed1,random_asymmetric,12,1,ortools,ok,"[11, 9, 1, 4, 6, 3, 0, 2, 7, 5, 10, 8]",242.52204104304005,191.73022101573042,0.2649129582088284,True,True,0.003658200000245415,264.88671875,264.921875,0.03515625,,,5.0,191.73022101573042,0.2649129582088284,True,"{""finite_edges"": true, ""infinity_penalty"": 1195415736000, ""instance_metadata"": {""complete"": true, ""high"": 100.0, ""instance_type"": ""random_asymmetric"", ""low"": 1.0, ""n"": 12, ""seed"": 1, ""symmetric"": false}, ""integer_scale"": 1000000, ""start"": 11, ""time_limit_s"": 5.0, ""valid_route"": true}"
classical_comparison,classical_comparison_random_asymmetric_n12_seed1,random_asymmetric,12,1,networkx_christofides,skipped_not_applicable,,,191.73022101573042,nan,,,0.00010900000006586197,264.921875,264.921875,0.0,,,,191.73022101573042,nan,True,"{""instance_metadata"": {""complete"": true, ""high"": 100.0, ""instance_type"": ""random_asymmetric"", ""low"": 1.0, ""n"": 12, ""seed"": 1, ""symmetric"": false}, ""requires_metric_symmetric_complete"": true}"
classical_comparison,classical_comparison_random_asymmetric_n12_seed1,random_asymmetric,12,1,networkx_greedy,ok,"[11, 8, 0, 9, 3, 7, 1, 4, 6, 2, 10, 5]",307.45090200258784,191.73022101573042,0.6035599415355765,True,True,0.00023969999983819434,264.921875,264.921875,0.0,,,,191.73022101573042,0.6035599415355765,True,"{""finite_edges"": true, ""instance_metadata"": {""complete"": true, ""high"": 100.0, ""instance_type"": ""random_asymmetric"", ""low"": 1.0, ""n"": 12, ""seed"": 1, ""symmetric"": false}, ""valid_route"": true}"
classical_comparison,classical_comparison_random_asymmetric_n12_seed1,random_asymmetric,12,1,python_tsp_dynamic_programming,skipped_missing_dependency,,,191.73022101573042,nan,,,0.0006268000001909968,264.921875,264.921875,0.0,,,,191.73022101573042,nan,True,"{""instance_metadata"": {""complete"": true, ""high"": 100.0, ""instance_type"": ""random_asymmetric"", ""low"": 1.0, ""n"": 12, ""seed"": 1, ""symmetric"": false}}"
classical_comparison,classical_comparison_euclidean_n12_seed2,euclidean,12,2,tn_exact,ok,"[11, 8, 1, 5, 9, 3, 0, 10, 4, 7, 6, 2]",2711.960830406868,2711.960830406868,0.0,True,True,0.24803400000018883,264.921875,267.1328125,2.2109375,20.0,,,2711.960830406868,0.0,True,"{""finite_edges"": true, ""instance_metadata"": {""complete"": true, ""instance_type"": ""euclidean"", ""n"": 12, ""points"": [[261.6121342493164, 298.4911434141233], [814.2257405942803, 91.91594213509691], [600.100525965654, 728.5605268117946], [187.90107336660344, 55.14662733306819], [274.9693679060381, 657.4330148755926], [562.265662780428, 150.06226330533613], [432.6307908047872, 669.2972985745203], [422.7846732701278, 633.1843992741165], [967.4359524936766, 683.0648223096252], [391.6248330800262, 187.25256972009808], [345.9606655717331, 511.06597356957707], [891.2094095005791, 775.5639424726894]], ""scale"": 1000.0, ""seed"": 2, ""symmetric"": true}, ""n_layers"": null, ""normalization_factor"": 1006.7987503113627, ""normalize"": true, ""seed"": 0, ""tau"": 20.0, ""valid_route"": true}"
classical_comparison,classical_comparison_euclidean_n12_seed2,euclidean,12,2,tn_n_layers_8,ok,"[11, 8, 5, 1, 9, 3, 0, 10, 4, 7, 6, 2]",3029.3734905832266,2711.960830406868,0.11704175687844952,True,True,0.2726351000001159,267.1328125,267.12890625,-0.00390625,20.0,8,,2711.960830406868,0.11704175687844952,True,"{""finite_edges"": true, ""instance_metadata"": {""complete"": true, ""instance_type"": ""euclidean"", ""n"": 12, ""points"": [[261.6121342493164, 298.4911434141233], [814.2257405942803, 91.91594213509691], [600.100525965654, 728.5605268117946], [187.90107336660344, 55.14662733306819], [274.9693679060381, 657.4330148755926], [562.265662780428, 150.06226330533613], [432.6307908047872, 669.2972985745203], [422.7846732701278, 633.1843992741165], [967.4359524936766, 683.0648223096252], [391.6248330800262, 187.25256972009808], [345.9606655717331, 511.06597356957707], [891.2094095005791, 775.5639424726894]], ""scale"": 1000.0, ""seed"": 2, ""symmetric"": true}, ""n_layers"": 8, ""normalization_factor"": 1006.7987503113627, ""normalize"": true, ""seed"": 0, ""tau"": 20.0, ""valid_route"": true}"
classical_comparison,classical_comparison_euclidean_n12_seed2,euclidean,12,2,tn_n_layers_5,ok,"[11, 1, 5, 9, 0, 3, 10, 4, 7, 6, 2, 8]",3046.6538353724995,2711.960830406868,0.12341365745884264,True,True,0.19231900000022506,267.12890625,265.171875,-1.95703125,20.0,5,,2711.960830406868,0.12341365745884264,True,"{""finite_edges"": true, ""instance_metadata"": {""complete"": true, ""instance_type"": ""euclidean"", ""n"": 12, ""points"": [[261.6121342493164, 298.4911434141233], [814.2257405942803, 91.91594213509691], [600.100525965654, 728.5605268117946], [187.90107336660344, 55.14662733306819], [274.9693679060381, 657.4330148755926], [562.265662780428, 150.06226330533613], [432.6307908047872, 669.2972985745203], [422.7846732701278, 633.1843992741165], [967.4359524936766, 683.0648223096252], [391.6248330800262, 187.25256972009808], [345.9606655717331, 511.06597356957707], [891.2094095005791, 775.5639424726894]], ""scale"": 1000.0, ""seed"": 2, ""symmetric"": true}, ""n_layers"": 5, ""normalization_factor"": 1006.7987503113627, ""normalize"": true, ""seed"": 0, ""tau"": 20.0, ""valid_route"": true}"
classical_comparison,classical_comparison_euclidean_n12_seed2,euclidean,12,2,tn_n_layers_2,ok,"[11, 1, 5, 9, 10, 4, 0, 7, 3, 6, 2, 8]",4294.260615466085,2711.960830406868,0.5834523003865912,True,True,0.08031080000000657,265.171875,265.0234375,-0.1484375,20.0,2,,2711.960830406868,0.5834523003865912,True,"{""finite_edges"": true, ""instance_metadata"": {""complete"": true, ""instance_type"": ""euclidean"", ""n"": 12, ""points"": [[261.6121342493164, 298.4911434141233], [814.2257405942803, 91.91594213509691], [600.100525965654, 728.5605268117946], [187.90107336660344, 55.14662733306819], [274.9693679060381, 657.4330148755926], [562.265662780428, 150.06226330533613], [432.6307908047872, 669.2972985745203], [422.7846732701278, 633.1843992741165], [967.4359524936766, 683.0648223096252], [391.6248330800262, 187.25256972009808], [345.9606655717331, 511.06597356957707], [891.2094095005791, 775.5639424726894]], ""scale"": 1000.0, ""seed"": 2, ""symmetric"": true}, ""n_layers"": 2, ""normalization_factor"": 1006.7987503113627, ""normalize"": true, ""seed"": 0, ""tau"": 20.0, ""valid_route"": true}"
classical_comparison,classical_comparison_euclidean_n12_seed2,euclidean,12,2,tn_n_layers_0,ok,"[11, 8, 2, 6, 7, 10, 4, 0, 9, 5, 1, 3]",3609.755721347536,2711.960830406868,0.3310500951468294,True,True,0.05944850000014412,265.0234375,265.0078125,-0.015625,20.0,0,,2711.960830406868,0.3310500951468294,True,"{""finite_edges"": true, ""instance_metadata"": {""complete"": true, ""instance_type"": ""euclidean"", ""n"": 12, ""points"": [[261.6121342493164, 298.4911434141233], [814.2257405942803, 91.91594213509691], [600.100525965654, 728.5605268117946], [187.90107336660344, 55.14662733306819], [274.9693679060381, 657.4330148755926], [562.265662780428, 150.06226330533613], [432.6307908047872, 669.2972985745203], [422.7846732701278, 633.1843992741165], [967.4359524936766, 683.0648223096252], [391.6248330800262, 187.25256972009808], [345.9606655717331, 511.06597356957707], [891.2094095005791, 775.5639424726894]], ""scale"": 1000.0, ""seed"": 2, ""symmetric"": true}, ""n_layers"": 0, ""normalization_factor"": 1006.7987503113627, ""normalize"": true, ""seed"": 0, ""tau"": 20.0, ""valid_route"": true}"
classical_comparison,classical_comparison_euclidean_n12_seed2,euclidean,12,2,held_karp,ok,"[11, 8, 1, 5, 9, 3, 0, 10, 4, 7, 6, 2]",2711.960830406868,2711.960830406868,0.0,True,True,0.02521260000003167,265.0078125,265.0078125,0.0,,,,2711.960830406868,0.0,True,"{""instance_metadata"": {""complete"": true, ""instance_type"": ""euclidean"", ""n"": 12, ""points"": [[261.6121342493164, 298.4911434141233], [814.2257405942803, 91.91594213509691], [600.100525965654, 728.5605268117946], [187.90107336660344, 55.14662733306819], [274.9693679060381, 657.4330148755926], [562.265662780428, 150.06226330533613], [432.6307908047872, 669.2972985745203], [422.7846732701278, 633.1843992741165], [967.4359524936766, 683.0648223096252], [391.6248330800262, 187.25256972009808], [345.9606655717331, 511.06597356957707], [891.2094095005791, 775.5639424726894]], ""scale"": 1000.0, ""seed"": 2, ""symmetric"": true}, ""max_n"": 18, ""start"": 11}"
classical_comparison,classical_comparison_euclidean_n12_seed2,euclidean,12,2,bruteforce,skipped,,,2711.960830406868,nan,,,2.4000000394153176e-05,265.0078125,265.0078125,0.0,,,,2711.960830406868,nan,True,"{""instance_metadata"": {""complete"": true, ""instance_type"": ""euclidean"", ""n"": 12, ""points"": [[261.6121342493164, 298.4911434141233], [814.2257405942803, 91.91594213509691], [600.100525965654, 728.5605268117946], [187.90107336660344, 55.14662733306819], [274.9693679060381, 657.4330148755926], [562.265662780428, 150.06226330533613], [432.6307908047872, 669.2972985745203], [422.7846732701278, 633.1843992741165], [967.4359524936766, 683.0648223096252], [391.6248330800262, 187.25256972009808], [345.9606655717331, 511.06597356957707], [891.2094095005791, 775.5639424726894]], ""scale"": 1000.0, ""seed"": 2, ""symmetric"": true}, ""max_n"": 10, ""start"": 11}"
classical_comparison,classical_comparison_euclidean_n12_seed2,euclidean,12,2,ortools,ok,"[11, 8, 1, 5, 9, 3, 0, 10, 4, 7, 6, 2]",2711.960830406868,2711.960830406868,0.0,True,True,0.0025218999999196967,265.0078125,265.0078125,0.0,,,5.0,2711.960830406868,0.0,True,"{""finite_edges"": true, ""infinity_penalty"": 12081585000000, ""instance_metadata"": {""complete"": true, ""instance_type"": ""euclidean"", ""n"": 12, ""points"": [[261.6121342493164, 298.4911434141233], [814.2257405942803, 91.91594213509691], [600.100525965654, 728.5605268117946], [187.90107336660344, 55.14662733306819], [274.9693679060381, 657.4330148755926], [562.265662780428, 150.06226330533613], [432.6307908047872, 669.2972985745203], [422.7846732701278, 633.1843992741165], [967.4359524936766, 683.0648223096252], [391.6248330800262, 187.25256972009808], [345.9606655717331, 511.06597356957707], [891.2094095005791, 775.5639424726894]], ""scale"": 1000.0, ""seed"": 2, ""symmetric"": true}, ""integer_scale"": 1000000, ""start"": 11, ""time_limit_s"": 5.0, ""valid_route"": true}"
classical_comparison,classical_comparison_euclidean_n12_seed2,euclidean,12,2,networkx_christofides,ok,"[11, 2, 6, 4, 7, 10, 0, 3, 9, 5, 1, 8]",2814.235653878055,2711.960830406868,0.03771250024132654,True,True,0.0013614999998026178,265.0078125,265.0078125,0.0,,,,2711.960830406868,0.03771250024132654,True,"{""finite_edges"": true, ""instance_metadata"": {""complete"": true, ""instance_type"": ""euclidean"", ""n"": 12, ""points"": [[261.6121342493164, 298.4911434141233], [814.2257405942803, 91.91594213509691], [600.100525965654, 728.5605268117946], [187.90107336660344, 55.14662733306819], [274.9693679060381, 657.4330148755926], [562.265662780428, 150.06226330533613], [432.6307908047872, 669.2972985745203], [422.7846732701278, 633.1843992741165], [967.4359524936766, 683.0648223096252], [391.6248330800262, 187.25256972009808], [345.9606655717331, 511.06597356957707], [891.2094095005791, 775.5639424726894]], ""scale"": 1000.0, ""seed"": 2, ""symmetric"": true}, ""requires_metric_symmetric_complete"": true, ""valid_route"": true}"
classical_comparison,classical_comparison_euclidean_n12_seed2,euclidean,12,2,networkx_greedy,ok,"[11, 3, 1, 5, 9, 0, 4, 10, 7, 6, 2, 8]",3609.755721347536,2711.960830406868,0.3310500951468294,True,True,0.00016559999994569807,265.0078125,265.0078125,0.0,,,,2711.960830406868,0.3310500951468294,True,"{""finite_edges"": true, ""instance_metadata"": {""complete"": true, ""instance_type"": ""euclidean"", ""n"": 12, ""points"": [[261.6121342493164, 298.4911434141233], [814.2257405942803, 91.91594213509691], [600.100525965654, 728.5605268117946], [187.90107336660344, 55.14662733306819], [274.9693679060381, 657.4330148755926], [562.265662780428, 150.06226330533613], [432.6307908047872, 669.2972985745203], [422.7846732701278, 633.1843992741165], [967.4359524936766, 683.0648223096252], [391.6248330800262, 187.25256972009808], [345.9606655717331, 511.06597356957707], [891.2094095005791, 775.5639424726894]], ""scale"": 1000.0, ""seed"": 2, ""symmetric"": true}, ""valid_route"": true}"
classical_comparison,classical_comparison_euclidean_n12_seed2,euclidean,12,2,python_tsp_dynamic_programming,skipped_missing_dependency,,,2711.960830406868,nan,,,0.0006398999998964428,265.0078125,265.0078125,0.0,,,,2711.960830406868,nan,True,"{""instance_metadata"": {""complete"": true, ""instance_type"": ""euclidean"", ""n"": 12, ""points"": [[261.6121342493164, 298.4911434141233], [814.2257405942803, 91.91594213509691], [600.100525965654, 728.5605268117946], [187.90107336660344, 55.14662733306819], [274.9693679060381, 657.4330148755926], [562.265662780428, 150.06226330533613], [432.6307908047872, 669.2972985745203], [422.7846732701278, 633.1843992741165], [967.4359524936766, 683.0648223096252], [391.6248330800262, 187.25256972009808], [345.9606655717331, 511.06597356957707], [891.2094095005791, 775.5639424726894]], ""scale"": 1000.0, ""seed"": 2, ""symmetric"": true}}"
classical_comparison,classical_comparison_random_symmetric_n12_seed2,random_symmetric,12,2,tn_exact,ok,"[11, 8, 1, 7, 0, 10, 4, 2, 6, 5, 3, 9]",335.91257495858343,335.91257495858343,0.0,True,True,0.28958090000014636,265.0078125,265.8515625,0.84375,20.0,,,335.91257495858343,0.0,True,"{""finite_edges"": true, ""instance_metadata"": {""complete"": true, ""high"": 100.0, ""instance_type"": ""random_symmetric"", ""low"": 1.0, ""n"": 12, ""seed"": 2, ""symmetric"": true}, ""n_layers"": null, ""normalization_factor"": 87.90345599400854, ""normalize"": true, ""seed"": 0, ""tau"": 20.0, ""valid_route"": true}"
classical_comparison,classical_comparison_random_symmetric_n12_seed2,random_symmetric,12,2,tn_n_layers_8,ok,"[11, 9, 3, 5, 6, 2, 4, 10, 0, 7, 1, 8]",335.91257495858343,335.91257495858343,0.0,True,True,0.2572255000000041,265.8515625,266.28125,0.4296875,20.0,8,,335.91257495858343,0.0,True,"{""finite_edges"": true, ""instance_metadata"": {""complete"": true, ""high"": 100.0, ""instance_type"": ""random_symmetric"", ""low"": 1.0, ""n"": 12, ""seed"": 2, ""symmetric"": true}, ""n_layers"": 8, ""normalization_factor"": 87.90345599400854, ""normalize"": true, ""seed"": 0, ""tau"": 20.0, ""valid_route"": true}"
classical_comparison,classical_comparison_random_symmetric_n12_seed2,random_symmetric,12,2,tn_n_layers_5,ok,"[11, 8, 6, 5, 4, 2, 9, 3, 10, 0, 7, 1]",374.6129701668127,335.91257495858343,0.11520972447369936,True,True,0.1605189000001701,266.28125,265.4453125,-0.8359375,20.0,5,,335.91257495858343,0.11520972447369936,True,"{""finite_edges"": true, ""instance_metadata"": {""complete"": true, ""high"": 100.0, ""instance_type"": ""random_symmetric"", ""low"": 1.0, ""n"": 12, ""seed"": 2, ""symmetric"": true}, ""n_layers"": 5, ""normalization_factor"": 87.90345599400854, ""normalize"": true, ""seed"": 0, ""tau"": 20.0, ""valid_route"": true}"
classical_comparison,classical_comparison_random_symmetric_n12_seed2,random_symmetric,12,2,tn_n_layers_2,ok,"[11, 8, 6, 5, 7, 1, 4, 0, 10, 2, 9, 3]",413.98656422015847,335.91257495858343,0.23242353839001478,True,True,0.05905760000041482,265.4453125,265.37109375,-0.07421875,20.0,2,,335.91257495858343,0.23242353839001478,True,"{""finite_edges"": true, ""instance_metadata"": {""complete"": true, ""high"": 100.0, ""instance_type"": ""random_symmetric"", ""low"": 1.0, ""n"": 12, ""seed"": 2, ""symmetric"": true}, ""n_layers"": 2, ""normalization_factor"": 87.90345599400854, ""normalize"": true, ""seed"": 0, ""tau"": 20.0, ""valid_route"": true}"
classical_comparison,classical_comparison_random_symmetric_n12_seed2,random_symmetric,12,2,tn_n_layers_0,ok,"[11, 8, 7, 0, 3, 9, 1, 4, 5, 6, 2, 10]",466.6046468905058,335.91257495858343,0.3890657322014103,True,True,0.03716839999970034,265.37109375,265.37109375,0.0,20.0,0,,335.91257495858343,0.3890657322014103,True,"{""finite_edges"": true, ""instance_metadata"": {""complete"": true, ""high"": 100.0, ""instance_type"": ""random_symmetric"", ""low"": 1.0, ""n"": 12, ""seed"": 2, ""symmetric"": true}, ""n_layers"": 0, ""normalization_factor"": 87.90345599400854, ""normalize"": true, ""seed"": 0, ""tau"": 20.0, ""valid_route"": true}"
classical_comparison,classical_comparison_random_symmetric_n12_seed2,random_symmetric,12,2,held_karp,ok,"[11, 9, 3, 5, 6, 2, 4, 10, 0, 7, 1, 8]",335.91257495858343,335.91257495858343,0.0,True,True,0.021118500000284257,265.37109375,265.37109375,0.0,,,,335.91257495858343,0.0,True,"{""instance_metadata"": {""complete"": true, ""high"": 100.0, ""instance_type"": ""random_symmetric"", ""low"": 1.0, ""n"": 12, ""seed"": 2, ""symmetric"": true}, ""max_n"": 18, ""start"": 11}"
classical_comparison,classical_comparison_random_symmetric_n12_seed2,random_symmetric,12,2,bruteforce,skipped,,,335.91257495858343,nan,,,6.8999997893115506e-06,265.37109375,265.37109375,0.0,,,,335.91257495858343,nan,True,"{""instance_metadata"": {""complete"": true, ""high"": 100.0, ""instance_type"": ""random_symmetric"", ""low"": 1.0, ""n"": 12, ""seed"": 2, ""symmetric"": true}, ""max_n"": 10, ""start"": 11}"
classical_comparison,classical_comparison_random_symmetric_n12_seed2,random_symmetric,12,2,ortools,ok,"[11, 9, 3, 10, 0, 7, 1, 8, 6, 5, 2, 4]",359.0834604723824,335.91257495858343,0.06897891666203873,True,True,0.002196099999764556,265.37109375,265.37109375,0.0,,,5.0,335.91257495858343,0.06897891666203873,True,"{""finite_edges"": true, ""infinity_penalty"": 1054841472000, ""instance_metadata"": {""complete"": true, ""high"": 100.0, ""instance_type"": ""random_symmetric"", ""low"": 1.0, ""n"": 12, ""seed"": 2, ""symmetric"": true}, ""integer_scale"": 1000000, ""start"": 11, ""time_limit_s"": 5.0, ""valid_route"": true}"
classical_comparison,classical_comparison_random_symmetric_n12_seed2,random_symmetric,12,2,networkx_christofides,skipped_not_applicable,,,335.91257495858343,nan,,,0.00011069999982282752,265.37109375,265.37109375,0.0,,,,335.91257495858343,nan,True,"{""instance_metadata"": {""complete"": true, ""high"": 100.0, ""instance_type"": ""random_symmetric"", ""low"": 1.0, ""n"": 12, ""seed"": 2, ""symmetric"": true}, ""requires_metric_symmetric_complete"": true}"
classical_comparison,classical_comparison_random_symmetric_n12_seed2,random_symmetric,12,2,networkx_greedy,ok,"[11, 8, 1, 7, 0, 3, 9, 2, 5, 6, 4, 10]",408.7309129510692,335.91257495858343,0.21677764817665407,True,True,0.0001650000003792229,265.37109375,265.37109375,0.0,,,,335.91257495858343,0.21677764817665407,True,"{""finite_edges"": true, ""instance_metadata"": {""complete"": true, ""high"": 100.0, ""instance_type"": ""random_symmetric"", ""low"": 1.0, ""n"": 12, ""seed"": 2, ""symmetric"": true}, ""valid_route"": true}"
classical_comparison,classical_comparison_random_symmetric_n12_seed2,random_symmetric,12,2,python_tsp_dynamic_programming,skipped_missing_dependency,,,335.91257495858343,nan,,,0.0006002000000080443,265.37109375,265.37109375,0.0,,,,335.91257495858343,nan,True,"{""instance_metadata"": {""complete"": true, ""high"": 100.0, ""instance_type"": ""random_symmetric"", ""low"": 1.0, ""n"": 12, ""seed"": 2, ""symmetric"": true}}"
classical_comparison,classical_comparison_random_asymmetric_n12_seed2,random_asymmetric,12,2,tn_exact,ok,"[11, 9, 2, 4, 1, 7, 5, 6, 8, 10, 0, 3]",116.23146785087158,116.23146785087158,0.0,True,True,0.33776140000009036,265.37109375,265.29296875,-0.078125,20.0,,,116.23146785087158,0.0,True,"{""finite_edges"": true, ""instance_metadata"": {""complete"": true, ""high"": 100.0, ""instance_type"": ""random_asymmetric"", ""low"": 1.0, ""n"": 12, ""seed"": 2, ""symmetric"": false}, ""n_layers"": null, ""normalization_factor"": 98.20645097631477, ""normalize"": true, ""seed"": 0, ""tau"": 20.0, ""valid_route"": true}"
classical_comparison,classical_comparison_random_asymmetric_n12_seed2,random_asymmetric,12,2,tn_n_layers_8,ok,"[11, 9, 2, 4, 1, 7, 5, 6, 8, 10, 0, 3]",116.23146785087158,116.23146785087158,0.0,True,True,0.2591649000000871,265.29296875,265.3046875,0.01171875,20.0,8,,116.23146785087158,0.0,True,"{""finite_edges"": true, ""instance_metadata"": {""complete"": true, ""high"": 100.0, ""instance_type"": ""random_asymmetric"", ""low"": 1.0, ""n"": 12, ""seed"": 2, ""symmetric"": false}, ""n_layers"": 8, ""normalization_factor"": 98.20645097631477, ""normalize"": true, ""seed"": 0, ""tau"": 20.0, ""valid_route"": true}"
classical_comparison,classical_comparison_random_asymmetric_n12_seed2,random_asymmetric,12,2,tn_n_layers_5,ok,"[11, 9, 2, 5, 6, 8, 10, 1, 7, 4, 0, 3]",144.0664163350142,116.23146785087158,0.23947859386801928,True,True,0.1585297999999966,265.3046875,265.25,-0.0546875,20.0,5,,116.23146785087158,0.23947859386801928,True,"{""finite_edges"": true, ""instance_metadata"": {""complete"": true, ""high"": 100.0, ""instance_type"": ""random_asymmetric"", ""low"": 1.0, ""n"": 12, ""seed"": 2, ""symmetric"": false}, ""n_layers"": 5, ""normalization_factor"": 98.20645097631477, ""normalize"": true, ""seed"": 0, ""tau"": 20.0, ""valid_route"": true}"
classical_comparison,classical_comparison_random_asymmetric_n12_seed2,random_asymmetric,12,2,tn_n_layers_2,ok,"[11, 1, 7, 5, 6, 8, 2, 4, 0, 10, 9, 3]",225.37359175809286,116.23146785087158,0.9390066728508828,True,True,0.0601489999999103,265.25,265.2890625,0.0390625,20.0,2,,116.23146785087158,0.9390066728508828,True,"{""finite_edges"": true, ""instance_metadata"": {""complete"": true, ""high"": 100.0, ""instance_type"": ""random_asymmetric"", ""low"": 1.0, ""n"": 12, ""seed"": 2, ""symmetric"": false}, ""n_layers"": 2, ""normalization_factor"": 98.20645097631477, ""normalize"": true, ""seed"": 0, ""tau"": 20.0, ""valid_route"": true}"
classical_comparison,classical_comparison_random_asymmetric_n12_seed2,random_asymmetric,12,2,tn_n_layers_0,ok,"[11, 9, 2, 5, 4, 0, 3, 7, 8, 10, 1, 6]",278.4374366296222,116.23146785087158,1.3955426338318784,True,True,0.035269399999833695,265.2890625,264.89453125,-0.39453125,20.0,0,,116.23146785087158,1.3955426338318784,True,"{""finite_edges"": true, ""instance_metadata"": {""complete"": true, ""high"": 100.0, ""instance_type"": ""random_asymmetric"", ""low"": 1.0, ""n"": 12, ""seed"": 2, ""symmetric"": false}, ""n_layers"": 0, ""normalization_factor"": 98.20645097631477, ""normalize"": true, ""seed"": 0, ""tau"": 20.0, ""valid_route"": true}"
classical_comparison,classical_comparison_random_asymmetric_n12_seed2,random_asymmetric,12,2,held_karp,ok,"[11, 9, 2, 4, 1, 7, 5, 6, 8, 10, 0, 3]",116.23146785087158,116.23146785087158,0.0,True,True,0.020134800000050745,264.89453125,264.89453125,0.0,,,,116.23146785087158,0.0,True,"{""instance_metadata"": {""complete"": true, ""high"": 100.0, ""instance_type"": ""random_asymmetric"", ""low"": 1.0, ""n"": 12, ""seed"": 2, ""symmetric"": false}, ""max_n"": 18, ""start"": 11}"
classical_comparison,classical_comparison_random_asymmetric_n12_seed2,random_asymmetric,12,2,bruteforce,skipped,,,116.23146785087158,nan,,,7.60000011723605e-06,264.89453125,264.89453125,0.0,,,,116.23146785087158,nan,True,"{""instance_metadata"": {""complete"": true, ""high"": 100.0, ""instance_type"": ""random_asymmetric"", ""low"": 1.0, ""n"": 12, ""seed"": 2, ""symmetric"": false}, ""max_n"": 10, ""start"": 11}"
classical_comparison,classical_comparison_random_asymmetric_n12_seed2,random_asymmetric,12,2,ortools,ok,"[11, 9, 2, 4, 1, 7, 5, 6, 8, 10, 0, 3]",116.23146785087158,116.23146785087158,0.0,True,True,0.0027984999996988336,264.89453125,264.89453125,0.0,,,5.0,116.23146785087158,0.0,True,"{""finite_edges"": true, ""infinity_penalty"": 1178477412000, ""instance_metadata"": {""complete"": true, ""high"": 100.0, ""instance_type"": ""random_asymmetric"", ""low"": 1.0, ""n"": 12, ""seed"": 2, ""symmetric"": false}, ""integer_scale"": 1000000, ""start"": 11, ""time_limit_s"": 5.0, ""valid_route"": true}"
classical_comparison,classical_comparison_random_asymmetric_n12_seed2,random_asymmetric,12,2,networkx_christofides,skipped_not_applicable,,,116.23146785087158,nan,,,9.739999995872495e-05,264.89453125,264.89453125,0.0,,,,116.23146785087158,nan,True,"{""instance_metadata"": {""complete"": true, ""high"": 100.0, ""instance_type"": ""random_asymmetric"", ""low"": 1.0, ""n"": 12, ""seed"": 2, ""symmetric"": false}, ""requires_metric_symmetric_complete"": true}"
classical_comparison,classical_comparison_random_asymmetric_n12_seed2,random_asymmetric,12,2,networkx_greedy,ok,"[11, 9, 2, 5, 4, 1, 7, 0, 3, 10, 8, 6]",332.30867745538404,116.23146785087158,1.8590250437320979,True,True,0.00021500000002561137,264.89453125,264.89453125,0.0,,,,116.23146785087158,1.8590250437320979,True,"{""finite_edges"": true, ""instance_metadata"": {""complete"": true, ""high"": 100.0, ""instance_type"": ""random_asymmetric"", ""low"": 1.0, ""n"": 12, ""seed"": 2, ""symmetric"": false}, ""valid_route"": true}"
classical_comparison,classical_comparison_random_asymmetric_n12_seed2,random_asymmetric,12,2,python_tsp_dynamic_programming,skipped_missing_dependency,,,116.23146785087158,nan,,,0.0005887000002076093,264.89453125,264.89453125,0.0,,,,116.23146785087158,nan,True,"{""instance_metadata"": {""complete"": true, ""high"": 100.0, ""instance_type"": ""random_asymmetric"", ""low"": 1.0, ""n"": 12, ""seed"": 2, ""symmetric"": false}}"
classical_comparison,classical_comparison_euclidean_n12_seed3,euclidean,12,3,tn_exact,ok,"[11, 0, 2, 10, 8, 5, 6, 7, 1, 9, 4, 3]",3500.0577989418166,3500.0577989418166,0.0,True,True,0.25659799999993993,264.89453125,267.2734375,2.37890625,20.0,,,3500.0577989418166,0.0,True,"{""finite_edges"": true, ""instance_metadata"": {""complete"": true, ""instance_type"": ""euclidean"", ""n"": 12, ""points"": [[85.64916714362437, 236.8105065960997], [801.2744652063969, 582.1620360643678], [94.12864224039919, 433.1269402364738], [479.05129814083404, 159.73891463707858], [734.5771514092145, 113.6720199214034], [391.22819049566203, 516.7401826213637], [430.6280204141778, 586.7985714381407], [737.8377872921602, 956.2672548360986], [284.20116374879143, 648.5472070798251], [696.2159966701554, 292.72074901248715], [1.4900835088361708, 973.4602747664127], [298.40122301687563, 313.9860020343368]], ""scale"": 1000.0, ""seed"": 3, ""symmetric"": true}, ""n_layers"": null, ""normalization_factor"": 1129.8904780075814, ""normalize"": true, ""seed"": 0, ""tau"": 20.0, ""valid_route"": true}"
classical_comparison,classical_comparison_euclidean_n12_seed3,euclidean,12,3,tn_n_layers_8,ok,"[11, 0, 2, 10, 8, 5, 6, 7, 1, 9, 4, 3]",3500.0577989418166,3500.0577989418166,0.0,True,True,0.27699329999995825,267.2734375,267.5078125,0.234375,20.0,8,,3500.0577989418166,0.0,True,"{""finite_edges"": true, ""instance_metadata"": {""complete"": true, ""instance_type"": ""euclidean"", ""n"": 12, ""points"": [[85.64916714362437, 236.8105065960997], [801.2744652063969, 582.1620360643678], [94.12864224039919, 433.1269402364738], [479.05129814083404, 159.73891463707858], [734.5771514092145, 113.6720199214034], [391.22819049566203, 516.7401826213637], [430.6280204141778, 586.7985714381407], [737.8377872921602, 956.2672548360986], [284.20116374879143, 648.5472070798251], [696.2159966701554, 292.72074901248715], [1.4900835088361708, 973.4602747664127], [298.40122301687563, 313.9860020343368]], ""scale"": 1000.0, ""seed"": 3, ""symmetric"": true}, ""n_layers"": 8, ""normalization_factor"": 1129.8904780075814, ""normalize"": true, ""seed"": 0, ""tau"": 20.0, ""valid_route"": true}"
classical_comparison,classical_comparison_euclidean_n12_seed3,euclidean,12,3,tn_n_layers_5,ok,"[11, 3, 4, 9, 1, 7, 10, 8, 6, 5, 2, 0]",3505.651708614339,3500.0577989418166,0.0015982335132332986,True,True,0.1580869999997958,267.5078125,265.1953125,-2.3125,20.0,5,,3500.0577989418166,0.0015982335132332986,True,"{""finite_edges"": true, ""instance_metadata"": {""complete"": true, ""instance_type"": ""euclidean"", ""n"": 12, ""points"": [[85.64916714362437, 236.8105065960997], [801.2744652063969, 582.1620360643678], [94.12864224039919, 433.1269402364738], [479.05129814083404, 159.73891463707858], [734.5771514092145, 113.6720199214034], [391.22819049566203, 516.7401826213637], [430.6280204141778, 586.7985714381407], [737.8377872921602, 956.2672548360986], [284.20116374879143, 648.5472070798251], [696.2159966701554, 292.72074901248715], [1.4900835088361708, 973.4602747664127], [298.40122301687563, 313.9860020343368]], ""scale"": 1000.0, ""seed"": 3, ""symmetric"": true}, ""n_layers"": 5, ""normalization_factor"": 1129.8904780075814, ""normalize"": true, ""seed"": 0, ""tau"": 20.0, ""valid_route"": true}"
classical_comparison,classical_comparison_euclidean_n12_seed3,euclidean,12,3,tn_n_layers_2,ok,"[11, 3, 5, 6, 7, 1, 8, 2, 0, 10, 9, 4]",4927.797800386657,3500.0577989418166,0.407918978331299,True,True,0.05969090000007782,265.1953125,265.0234375,-0.171875,20.0,2,,3500.0577989418166,0.407918978331299,True,"{""finite_edges"": true, ""instance_metadata"": {""complete"": true, ""instance_type"": ""euclidean"", ""n"": 12, ""points"": [[85.64916714362437, 236.8105065960997], [801.2744652063969, 582.1620360643678], [94.12864224039919, 433.1269402364738], [479.05129814083404, 159.73891463707858], [734.5771514092145, 113.6720199214034], [391.22819049566203, 516.7401826213637], [430.6280204141778, 586.7985714381407], [737.8377872921602, 956.2672548360986], [284.20116374879143, 648.5472070798251], [696.2159966701554, 292.72074901248715], [1.4900835088361708, 973.4602747664127], [298.40122301687563, 313.9860020343368]], ""scale"": 1000.0, ""seed"": 3, ""symmetric"": true}, ""n_layers"": 2, ""normalization_factor"": 1129.8904780075814, ""normalize"": true, ""seed"": 0, ""tau"": 20.0, ""valid_route"": true}"
classical_comparison,classical_comparison_euclidean_n12_seed3,euclidean,12,3,tn_n_layers_0,ok,"[11, 5, 6, 8, 2, 0, 3, 9, 4, 1, 7, 10]",4097.148274666218,3500.0577989418166,0.17059446158429764,True,True,0.03595290000021123,265.0234375,265.1015625,0.078125,20.0,0,,3500.0577989418166,0.17059446158429764,True,"{""finite_edges"": true, ""instance_metadata"": {""complete"": true, ""instance_type"": ""euclidean"", ""n"": 12, ""points"": [[85.64916714362437, 236.8105065960997], [801.2744652063969, 582.1620360643678], [94.12864224039919, 433.1269402364738], [479.05129814083404, 159.73891463707858], [734.5771514092145, 113.6720199214034], [391.22819049566203, 516.7401826213637], [430.6280204141778, 586.7985714381407], [737.8377872921602, 956.2672548360986], [284.20116374879143, 648.5472070798251], [696.2159966701554, 292.72074901248715], [1.4900835088361708, 973.4602747664127], [298.40122301687563, 313.9860020343368]], ""scale"": 1000.0, ""seed"": 3, ""symmetric"": true}, ""n_layers"": 0, ""normalization_factor"": 1129.8904780075814, ""normalize"": true, ""seed"": 0, ""tau"": 20.0, ""valid_route"": true}"
classical_comparison,classical_comparison_euclidean_n12_seed3,euclidean,12,3,held_karp,ok,"[11, 0, 2, 10, 8, 5, 6, 7, 1, 9, 4, 3]",3500.0577989418166,3500.0577989418166,0.0,True,True,0.020746900000176538,265.1015625,265.1015625,0.0,,,,3500.0577989418166,0.0,True,"{""instance_metadata"": {""complete"": true, ""instance_type"": ""euclidean"", ""n"": 12, ""points"": [[85.64916714362437, 236.8105065960997], [801.2744652063969, 582.1620360643678], [94.12864224039919, 433.1269402364738], [479.05129814083404, 159.73891463707858], [734.5771514092145, 113.6720199214034], [391.22819049566203, 516.7401826213637], [430.6280204141778, 586.7985714381407], [737.8377872921602, 956.2672548360986], [284.20116374879143, 648.5472070798251], [696.2159966701554, 292.72074901248715], [1.4900835088361708, 973.4602747664127], [298.40122301687563, 313.9860020343368]], ""scale"": 1000.0, ""seed"": 3, ""symmetric"": true}, ""max_n"": 18, ""start"": 11}"
classical_comparison,classical_comparison_euclidean_n12_seed3,euclidean,12,3,bruteforce,skipped,,,3500.0577989418166,nan,,,7.200000254670158e-06,265.1015625,265.1015625,0.0,,,,3500.0577989418166,nan,True,"{""instance_metadata"": {""complete"": true, ""instance_type"": ""euclidean"", ""n"": 12, ""points"": [[85.64916714362437, 236.8105065960997], [801.2744652063969, 582.1620360643678], [94.12864224039919, 433.1269402364738], [479.05129814083404, 159.73891463707858], [734.5771514092145, 113.6720199214034], [391.22819049566203, 516.7401826213637], [430.6280204141778, 586.7985714381407], [737.8377872921602, 956.2672548360986], [284.20116374879143, 648.5472070798251], [696.2159966701554, 292.72074901248715], [1.4900835088361708, 973.4602747664127], [298.40122301687563, 313.9860020343368]], ""scale"": 1000.0, ""seed"": 3, ""symmetric"": true}, ""max_n"": 10, ""start"": 11}"
classical_comparison,classical_comparison_euclidean_n12_seed3,euclidean,12,3,ortools,ok,"[11, 0, 2, 5, 6, 8, 10, 7, 1, 9, 4, 3]",3505.6517086143385,3500.0577989418166,0.0015982335132331688,True,True,0.002403400000275724,265.1015625,265.1015625,0.0,,,5.0,3500.0577989418166,0.0015982335132331688,True,"{""finite_edges"": true, ""infinity_penalty"": 13558685736000, ""instance_metadata"": {""complete"": true, ""instance_type"": ""euclidean"", ""n"": 12, ""points"": [[85.64916714362437, 236.8105065960997], [801.2744652063969, 582.1620360643678], [94.12864224039919, 433.1269402364738], [479.05129814083404, 159.73891463707858], [734.5771514092145, 113.6720199214034], [391.22819049566203, 516.7401826213637], [430.6280204141778, 586.7985714381407], [737.8377872921602, 956.2672548360986], [284.20116374879143, 648.5472070798251], [696.2159966701554, 292.72074901248715], [1.4900835088361708, 973.4602747664127], [298.40122301687563, 313.9860020343368]], ""scale"": 1000.0, ""seed"": 3, ""symmetric"": true}, ""integer_scale"": 1000000, ""start"": 11, ""time_limit_s"": 5.0, ""valid_route"": true}"
classical_comparison,classical_comparison_euclidean_n12_seed3,euclidean,12,3,networkx_christofides,ok,"[11, 0, 2, 3, 4, 9, 1, 7, 10, 8, 6, 5]",3654.5909786966968,3500.0577989418166,0.044151607953903126,True,True,0.0012228999999024381,265.1015625,265.1015625,0.0,,,,3500.0577989418166,0.044151607953903126,True,"{""finite_edges"": true, ""instance_metadata"": {""complete"": true, ""instance_type"": ""euclidean"", ""n"": 12, ""points"": [[85.64916714362437, 236.8105065960997], [801.2744652063969, 582.1620360643678], [94.12864224039919, 433.1269402364738], [479.05129814083404, 159.73891463707858], [734.5771514092145, 113.6720199214034], [391.22819049566203, 516.7401826213637], [430.6280204141778, 586.7985714381407], [737.8377872921602, 956.2672548360986], [284.20116374879143, 648.5472070798251], [696.2159966701554, 292.72074901248715], [1.4900835088361708, 973.4602747664127], [298.40122301687563, 313.9860020343368]], ""scale"": 1000.0, ""seed"": 3, ""symmetric"": true}, ""requires_metric_symmetric_complete"": true, ""valid_route"": true}"
classical_comparison,classical_comparison_euclidean_n12_seed3,euclidean,12,3,networkx_greedy,ok,"[11, 5, 6, 8, 2, 0, 3, 9, 4, 1, 7, 10]",4097.148274666218,3500.0577989418166,0.17059446158429764,True,True,0.00015940000002956367,265.1015625,265.1015625,0.0,,,,3500.0577989418166,0.17059446158429764,True,"{""finite_edges"": true, ""instance_metadata"": {""complete"": true, ""instance_type"": ""euclidean"", ""n"": 12, ""points"": [[85.64916714362437, 236.8105065960997], [801.2744652063969, 582.1620360643678], [94.12864224039919, 433.1269402364738], [479.05129814083404, 159.73891463707858], [734.5771514092145, 113.6720199214034], [391.22819049566203, 516.7401826213637], [430.6280204141778, 586.7985714381407], [737.8377872921602, 956.2672548360986], [284.20116374879143, 648.5472070798251], [696.2159966701554, 292.72074901248715], [1.4900835088361708, 973.4602747664127], [298.40122301687563, 313.9860020343368]], ""scale"": 1000.0, ""seed"": 3, ""symmetric"": true}, ""valid_route"": true}"
classical_comparison,classical_comparison_euclidean_n12_seed3,euclidean,12,3,python_tsp_dynamic_programming,skipped_missing_dependency,,,3500.0577989418166,nan,,,0.000668600000153674,265.1015625,265.1015625,0.0,,,,3500.0577989418166,nan,True,"{""instance_metadata"": {""complete"": true, ""instance_type"": ""euclidean"", ""n"": 12, ""points"": [[85.64916714362437, 236.8105065960997], [801.2744652063969, 582.1620360643678], [94.12864224039919, 433.1269402364738], [479.05129814083404, 159.73891463707858], [734.5771514092145, 113.6720199214034], [391.22819049566203, 516.7401826213637], [430.6280204141778, 586.7985714381407], [737.8377872921602, 956.2672548360986], [284.20116374879143, 648.5472070798251], [696.2159966701554, 292.72074901248715], [1.4900835088361708, 973.4602747664127], [298.40122301687563, 313.9860020343368]], ""scale"": 1000.0, ""seed"": 3, ""symmetric"": true}}"
classical_comparison,classical_comparison_random_symmetric_n12_seed3,random_symmetric,12,3,tn_exact,ok,"[11, 3, 4, 9, 0, 5, 7, 2, 6, 10, 8, 1]",326.13866807577926,326.13866807577926,0.0,True,True,0.292985999999928,265.1015625,267.16796875,2.06640625,20.0,,,326.13866807577926,0.0,True,"{""finite_edges"": true, ""instance_metadata"": {""complete"": true, ""high"": 100.0, ""instance_type"": ""random_symmetric"", ""low"": 1.0, ""n"": 12, ""seed"": 3, ""symmetric"": true}, ""n_layers"": null, ""normalization_factor"": 92.12546250827725, ""normalize"": true, ""seed"": 0, ""tau"": 20.0, ""valid_route"": true}"
classical_comparison,classical_comparison_random_symmetric_n12_seed3,random_symmetric,12,3,tn_n_layers_8,ok,"[11, 3, 8, 10, 6, 2, 7, 5, 0, 9, 4, 1]",328.92302486819244,326.13866807577926,0.008537340294056221,True,True,0.2373742999998285,267.16796875,265.8203125,-1.34765625,20.0,8,,326.13866807577926,0.008537340294056221,True,"{""finite_edges"": true, ""instance_metadata"": {""complete"": true, ""high"": 100.0, ""instance_type"": ""random_symmetric"", ""low"": 1.0, ""n"": 12, ""seed"": 3, ""symmetric"": true}, ""n_layers"": 8, ""normalization_factor"": 92.12546250827725, ""normalize"": true, ""seed"": 0, ""tau"": 20.0, ""valid_route"": true}"
classical_comparison,classical_comparison_random_symmetric_n12_seed3,random_symmetric,12,3,tn_n_layers_5,ok,"[11, 3, 0, 9, 7, 5, 10, 8, 1, 4, 2, 6]",359.52581673663246,326.13866807577926,0.1023710216817823,True,True,0.18070429999988846,265.8203125,265.31640625,-0.50390625,20.0,5,,326.13866807577926,0.1023710216817823,True,"{""finite_edges"": true, ""instance_metadata"": {""complete"": true, ""high"": 100.0, ""instance_type"": ""random_symmetric"", ""low"": 1.0, ""n"": 12, ""seed"": 3, ""symmetric"": true}, ""n_layers"": 5, ""normalization_factor"": 92.12546250827725, ""normalize"": true, ""seed"": 0, ""tau"": 20.0, ""valid_route"": true}"
classical_comparison,classical_comparison_random_symmetric_n12_seed3,random_symmetric,12,3,tn_n_layers_2,ok,"[11, 1, 0, 5, 7, 2, 6, 9, 4, 10, 8, 3]",364.6968048749787,326.13866807577926,0.11822620429123823,True,True,0.0585903999999573,265.31640625,265.26953125,-0.046875,20.0,2,,326.13866807577926,0.11822620429123823,True,"{""finite_edges"": true, ""instance_metadata"": {""complete"": true, ""high"": 100.0, ""instance_type"": ""random_symmetric"", ""low"": 1.0, ""n"": 12, ""seed"": 3, ""symmetric"": true}, ""n_layers"": 2, ""normalization_factor"": 92.12546250827725, ""normalize"": true, ""seed"": 0, ""tau"": 20.0, ""valid_route"": true}"
classical_comparison,classical_comparison_random_symmetric_n12_seed3,random_symmetric,12,3,tn_n_layers_0,ok,"[11, 1, 8, 3, 4, 2, 7, 5, 0, 9, 6, 10]",358.66328205774175,326.13866807577926,0.09972633473319177,True,True,0.03668580000021393,265.26953125,265.26953125,0.0,20.0,0,,326.13866807577926,0.09972633473319177,True,"{""finite_edges"": true, ""instance_metadata"": {""complete"": true, ""high"": 100.0, ""instance_type"": ""random_symmetric"", ""low"": 1.0, ""n"": 12, ""seed"": 3, ""symmetric"": true}, ""n_layers"": 0, ""normalization_factor"": 92.12546250827725, ""normalize"": true, ""seed"": 0, ""tau"": 20.0, ""valid_route"": true}"
classical_comparison,classical_comparison_random_symmetric_n12_seed3,random_symmetric,12,3,held_karp,ok,"[11, 3, 4, 9, 0, 5, 7, 2, 6, 10, 8, 1]",326.13866807577926,326.13866807577926,0.0,True,True,0.020941799999945943,265.26953125,265.48828125,0.21875,,,,326.13866807577926,0.0,True,"{""instance_metadata"": {""complete"": true, ""high"": 100.0, ""instance_type"": ""random_symmetric"", ""low"": 1.0, ""n"": 12, ""seed"": 3, ""symmetric"": true}, ""max_n"": 18, ""start"": 11}"
classical_comparison,classical_comparison_random_symmetric_n12_seed3,random_symmetric,12,3,bruteforce,skipped,,,326.13866807577926,nan,,,6.9000002440589014e-06,265.48828125,265.48828125,0.0,,,,326.13866807577926,nan,True,"{""instance_metadata"": {""complete"": true, ""high"": 100.0, ""instance_type"": ""random_symmetric"", ""low"": 1.0, ""n"": 12, ""seed"": 3, ""symmetric"": true}, ""max_n"": 10, ""start"": 11}"
classical_comparison,classical_comparison_random_symmetric_n12_seed3,random_symmetric,12,3,ortools,ok,"[11, 1, 8, 10, 5, 7, 2, 6, 4, 9, 0, 3]",332.6999960470704,326.13866807577926,0.02011821538980032,True,True,0.002063999999791122,265.48828125,265.48828125,0.0,,,5.0,326.13866807577926,0.02011821538980032,True,"{""finite_edges"": true, ""infinity_penalty"": 1105505556000, ""instance_metadata"": {""complete"": true, ""high"": 100.0, ""instance_type"": ""random_symmetric"", ""low"": 1.0, ""n"": 12, ""seed"": 3, ""symmetric"": true}, ""integer_scale"": 1000000, ""start"": 11, ""time_limit_s"": 5.0, ""valid_route"": true}"
classical_comparison,classical_comparison_random_symmetric_n12_seed3,random_symmetric,12,3,networkx_christofides,skipped_not_applicable,,,326.13866807577926,nan,,,0.00010940000038317521,265.48828125,265.48828125,0.0,,,,326.13866807577926,nan,True,"{""instance_metadata"": {""complete"": true, ""high"": 100.0, ""instance_type"": ""random_symmetric"", ""low"": 1.0, ""n"": 12, ""seed"": 3, ""symmetric"": true}, ""requires_metric_symmetric_complete"": true}"
classical_comparison,classical_comparison_random_symmetric_n12_seed3,random_symmetric,12,3,networkx_greedy,ok,"[11, 1, 8, 10, 5, 7, 2, 6, 9, 0, 3, 4]",355.48583196102794,326.13866807577926,0.08998369944415723,True,True,0.00020399999993969686,265.48828125,265.48828125,0.0,,,,326.13866807577926,0.08998369944415723,True,"{""finite_edges"": true, ""instance_metadata"": {""complete"": true, ""high"": 100.0, ""instance_type"": ""random_symmetric"", ""low"": 1.0, ""n"": 12, ""seed"": 3, ""symmetric"": true}, ""valid_route"": true}"
classical_comparison,classical_comparison_random_symmetric_n12_seed3,random_symmetric,12,3,python_tsp_dynamic_programming,skipped_missing_dependency,,,326.13866807577926,nan,,,0.0005618999998660001,265.48828125,265.48828125,0.0,,,,326.13866807577926,nan,True,"{""instance_metadata"": {""complete"": true, ""high"": 100.0, ""instance_type"": ""random_symmetric"", ""low"": 1.0, ""n"": 12, ""seed"": 3, ""symmetric"": true}}"
classical_comparison,classical_comparison_random_asymmetric_n12_seed3,random_asymmetric,12,3,tn_exact,ok,"[11, 1, 8, 10, 7, 5, 0, 9, 6, 2, 4, 3]",191.54048148367568,191.54048148367568,0.0,True,True,0.350335399999949,265.48828125,265.86328125,0.375,20.0,,,191.54048148367568,0.0,True,"{""finite_edges"": true, ""instance_metadata"": {""complete"": true, ""high"": 100.0, ""instance_type"": ""random_asymmetric"", ""low"": 1.0, ""n"": 12, ""seed"": 3, ""symmetric"": false}, ""n_layers"": null, ""normalization_factor"": 97.37256720187486, ""normalize"": true, ""seed"": 0, ""tau"": 20.0, ""valid_route"": true}"
classical_comparison,classical_comparison_random_asymmetric_n12_seed3,random_asymmetric,12,3,tn_n_layers_8,ok,"[11, 5, 0, 9, 7, 2, 10, 6, 4, 1, 8, 3]",218.54048555911953,191.54048148367568,0.1409623901240165,True,True,0.27156779999995706,265.86328125,265.171875,-0.69140625,20.0,8,,191.54048148367568,0.1409623901240165,True,"{""finite_edges"": true, ""instance_metadata"": {""complete"": true, ""high"": 100.0, ""instance_type"": ""random_asymmetric"", ""low"": 1.0, ""n"": 12, ""seed"": 3, ""symmetric"": false}, ""n_layers"": 8, ""normalization_factor"": 97.37256720187486, ""normalize"": true, ""seed"": 0, ""tau"": 20.0, ""valid_route"": true}"
classical_comparison,classical_comparison_random_asymmetric_n12_seed3,random_asymmetric,12,3,tn_n_layers_5,ok,"[11, 1, 8, 7, 5, 0, 9, 10, 6, 2, 4, 3]",232.11415555713663,191.54048148367568,0.2118281929708885,True,True,0.16945160000022952,265.171875,264.94921875,-0.22265625,20.0,5,,191.54048148367568,0.2118281929708885,True,"{""finite_edges"": true, ""instance_metadata"": {""complete"": true, ""high"": 100.0, ""instance_type"": ""random_asymmetric"", ""low"": 1.0, ""n"": 12, ""seed"": 3, ""symmetric"": false}, ""n_layers"": 5, ""normalization_factor"": 97.37256720187486, ""normalize"": true, ""seed"": 0, ""tau"": 20.0, ""valid_route"": true}"
classical_comparison,classical_comparison_random_asymmetric_n12_seed3,random_asymmetric,12,3,tn_n_layers_2,ok,"[11, 1, 7, 5, 0, 6, 2, 4, 9, 10, 8, 3]",273.83736115461744,191.54048148367568,0.4296578928562192,True,True,0.06339310000021214,264.94921875,264.96875,0.01953125,20.0,2,,191.54048148367568,0.4296578928562192,True,"{""finite_edges"": true, ""instance_metadata"": {""complete"": true, ""high"": 100.0, ""instance_type"": ""random_asymmetric"", ""low"": 1.0, ""n"": 12, ""seed"": 3, ""symmetric"": false}, ""n_layers"": 2, ""normalization_factor"": 97.37256720187486, ""normalize"": true, ""seed"": 0, ""tau"": 20.0, ""valid_route"": true}"
classical_comparison,classical_comparison_random_asymmetric_n12_seed3,random_asymmetric,12,3,tn_n_layers_0,ok,"[11, 1, 8, 3, 0, 4, 7, 2, 10, 5, 9, 6]",361.22417629312764,191.54048148367568,0.8858894657415461,True,True,0.03742729999976291,264.96875,264.96875,0.0,20.0,0,,191.54048148367568,0.8858894657415461,True,"{""finite_edges"": true, ""instance_metadata"": {""complete"": true, ""high"": 100.0, ""instance_type"": ""random_asymmetric"", ""low"": 1.0, ""n"": 12, ""seed"": 3, ""symmetric"": false}, ""n_layers"": 0, ""normalization_factor"": 97.37256720187486, ""normalize"": true, ""seed"": 0, ""tau"": 20.0, ""valid_route"": true}"
classical_comparison,classical_comparison_random_asymmetric_n12_seed3,random_asymmetric,12,3,held_karp,ok,"[11, 1, 8, 10, 7, 5, 0, 9, 6, 2, 4, 3]",191.54048148367568,191.54048148367568,0.0,True,True,0.021295999999892956,264.96875,264.96875,0.0,,,,191.54048148367568,0.0,True,"{""instance_metadata"": {""complete"": true, ""high"": 100.0, ""instance_type"": ""random_asymmetric"", ""low"": 1.0, ""n"": 12, ""seed"": 3, ""symmetric"": false}, ""max_n"": 18, ""start"": 11}"
classical_comparison,classical_comparison_random_asymmetric_n12_seed3,random_asymmetric,12,3,bruteforce,skipped,,,191.54048148367568,nan,,,6.799999937356915e-06,264.96875,264.96875,0.0,,,,191.54048148367568,nan,True,"{""instance_metadata"": {""complete"": true, ""high"": 100.0, ""instance_type"": ""random_asymmetric"", ""low"": 1.0, ""n"": 12, ""seed"": 3, ""symmetric"": false}, ""max_n"": 10, ""start"": 11}"
classical_comparison,classical_comparison_random_asymmetric_n12_seed3,random_asymmetric,12,3,ortools,ok,"[11, 6, 8, 1, 10, 5, 0, 9, 7, 2, 4, 3]",202.66990851413493,191.54048148367568,0.05810482956005191,True,True,0.002784400000109599,264.96875,264.96875,0.0,,,5.0,191.54048148367568,0.05810482956005191,True,"{""finite_edges"": true, ""infinity_penalty"": 1168470804000, ""instance_metadata"": {""complete"": true, ""high"": 100.0, ""instance_type"": ""random_asymmetric"", ""low"": 1.0, ""n"": 12, ""seed"": 3, ""symmetric"": false}, ""integer_scale"": 1000000, ""start"": 11, ""time_limit_s"": 5.0, ""valid_route"": true}"
classical_comparison,classical_comparison_random_asymmetric_n12_seed3,random_asymmetric,12,3,networkx_christofides,skipped_not_applicable,,,191.54048148367568,nan,,,9.290000025430345e-05,264.96875,264.96875,0.0,,,,191.54048148367568,nan,True,"{""instance_metadata"": {""complete"": true, ""high"": 100.0, ""instance_type"": ""random_asymmetric"", ""low"": 1.0, ""n"": 12, ""seed"": 3, ""symmetric"": false}, ""requires_metric_symmetric_complete"": true}"
classical_comparison,classical_comparison_random_asymmetric_n12_seed3,random_asymmetric,12,3,networkx_greedy,ok,"[11, 5, 7, 2, 4, 3, 0, 9, 1, 8, 10, 6]",306.8162838426792,191.54048148367568,0.6018351915275313,True,True,0.00023430000010193908,264.96875,264.96875,0.0,,,,191.54048148367568,0.6018351915275313,True,"{""finite_edges"": true, ""instance_metadata"": {""complete"": true, ""high"": 100.0, ""instance_type"": ""random_asymmetric"", ""low"": 1.0, ""n"": 12, ""seed"": 3, ""symmetric"": false}, ""valid_route"": true}"
classical_comparison,classical_comparison_random_asymmetric_n12_seed3,random_asymmetric,12,3,python_tsp_dynamic_programming,skipped_missing_dependency,,,191.54048148367568,nan,,,0.0005897999999433523,264.96875,264.96875,0.0,,,,191.54048148367568,nan,True,"{""instance_metadata"": {""complete"": true, ""high"": 100.0, ""instance_type"": ""random_asymmetric"", ""low"": 1.0, ""n"": 12, ""seed"": 3, ""symmetric"": false}}"
classical_comparison,classical_comparison_euclidean_n12_seed4,euclidean,12,4,tn_exact,ok,"[11, 3, 1, 7, 5, 0, 4, 8, 10, 6, 9, 2]",2921.141212236162,2921.141212236162,0.0,True,True,0.2533338999996886,264.96875,266.58984375,1.62109375,20.0,,,2921.141212236162,0.0,True,"{""finite_edges"": true, ""instance_metadata"": {""complete"": true, ""instance_type"": ""euclidean"", ""n"": 12, ""points"": [[943.0561055723676, 511.3275528143616], [976.2437057077042, 80.83602389560218], [607.3558319950296, 376.48658437727255], [801.9012069858072, 174.52781614402846], [871.6352741876564, 543.9414007634982], [902.2150797159884, 477.1535238392063], [430.4962777294131, 788.9467175443294], [984.1529999311214, 369.72579265242877], [968.9328693162349, 929.0263877654195], [177.6925857619811, 608.8516168445476], [704.8647455647425, 942.8036791291672], [665.6574169657534, 133.39575545169313]], ""scale"": 1000.0, ""seed"": 4, ""symmetric"": true}, ""n_layers"": null, ""normalization_factor"": 957.331895198209, ""normalize"": true, ""seed"": 0, ""tau"": 20.0, ""valid_route"": true}"
classical_comparison,classical_comparison_euclidean_n12_seed4,euclidean,12,4,tn_n_layers_8,ok,"[11, 3, 7, 1, 5, 0, 4, 8, 10, 6, 9, 2]",3258.3353951962104,2921.141212236162,0.1154323459432907,True,True,0.2344477999999981,266.58984375,266.92578125,0.3359375,20.0,8,,2921.141212236162,0.1154323459432907,True,"{""finite_edges"": true, ""instance_metadata"": {""complete"": true, ""instance_type"": ""euclidean"", ""n"": 12, ""points"": [[943.0561055723676, 511.3275528143616], [976.2437057077042, 80.83602389560218], [607.3558319950296, 376.48658437727255], [801.9012069858072, 174.52781614402846], [871.6352741876564, 543.9414007634982], [902.2150797159884, 477.1535238392063], [430.4962777294131, 788.9467175443294], [984.1529999311214, 369.72579265242877], [968.9328693162349, 929.0263877654195], [177.6925857619811, 608.8516168445476], [704.8647455647425, 942.8036791291672], [665.6574169657534, 133.39575545169313]], ""scale"": 1000.0, ""seed"": 4, ""symmetric"": true}, ""n_layers"": 8, ""normalization_factor"": 957.331895198209, ""normalize"": true, ""seed"": 0, ""tau"": 20.0, ""valid_route"": true}"
classical_comparison,classical_comparison_euclidean_n12_seed4,euclidean,12,4,tn_n_layers_5,ok,"[11, 3, 7, 1, 5, 0, 4, 8, 10, 6, 9, 2]",3258.3353951962104,2921.141212236162,0.1154323459432907,True,True,0.15549979999968855,266.92578125,266.53125,-0.39453125,20.0,5,,2921.141212236162,0.1154323459432907,True,"{""finite_edges"": true, ""instance_metadata"": {""complete"": true, ""instance_type"": ""euclidean"", ""n"": 12, ""points"": [[943.0561055723676, 511.3275528143616], [976.2437057077042, 80.83602389560218], [607.3558319950296, 376.48658437727255], [801.9012069858072, 174.52781614402846], [871.6352741876564, 543.9414007634982], [902.2150797159884, 477.1535238392063], [430.4962777294131, 788.9467175443294], [984.1529999311214, 369.72579265242877], [968.9328693162349, 929.0263877654195], [177.6925857619811, 608.8516168445476], [704.8647455647425, 942.8036791291672], [665.6574169657534, 133.39575545169313]], ""scale"": 1000.0, ""seed"": 4, ""symmetric"": true}, ""n_layers"": 5, ""normalization_factor"": 957.331895198209, ""normalize"": true, ""seed"": 0, ""tau"": 20.0, ""valid_route"": true}"
classical_comparison,classical_comparison_euclidean_n12_seed4,euclidean,12,4,tn_n_layers_2,ok,"[11, 3, 7, 5, 0, 4, 8, 10, 6, 9, 2, 1]",3239.036954037093,2921.141212236162,0.10882587273402596,True,True,0.05893329999980779,266.53125,266.5546875,0.0234375,20.0,2,,2921.141212236162,0.10882587273402596,True,"{""finite_edges"": true, ""instance_metadata"": {""complete"": true, ""instance_type"": ""euclidean"", ""n"": 12, ""points"": [[943.0561055723676, 511.3275528143616], [976.2437057077042, 80.83602389560218], [607.3558319950296, 376.48658437727255], [801.9012069858072, 174.52781614402846], [871.6352741876564, 543.9414007634982], [902.2150797159884, 477.1535238392063], [430.4962777294131, 788.9467175443294], [984.1529999311214, 369.72579265242877], [968.9328693162349, 929.0263877654195], [177.6925857619811, 608.8516168445476], [704.8647455647425, 942.8036791291672], [665.6574169657534, 133.39575545169313]], ""scale"": 1000.0, ""seed"": 4, ""symmetric"": true}, ""n_layers"": 2, ""normalization_factor"": 957.331895198209, ""normalize"": true, ""seed"": 0, ""tau"": 20.0, ""valid_route"": true}"
classical_comparison,classical_comparison_euclidean_n12_seed4,euclidean,12,4,tn_n_layers_0,ok,"[11, 3, 1, 7, 5, 0, 4, 2, 6, 9, 10, 8]",3708.0987710734526,2921.141212236162,0.26940072446373337,True,True,0.03709469999967041,266.5546875,266.59765625,0.04296875,20.0,0,,2921.141212236162,0.26940072446373337,True,"{""finite_edges"": true, ""instance_metadata"": {""complete"": true, ""instance_type"": ""euclidean"", ""n"": 12, ""points"": [[943.0561055723676, 511.3275528143616], [976.2437057077042, 80.83602389560218], [607.3558319950296, 376.48658437727255], [801.9012069858072, 174.52781614402846], [871.6352741876564, 543.9414007634982], [902.2150797159884, 477.1535238392063], [430.4962777294131, 788.9467175443294], [984.1529999311214, 369.72579265242877], [968.9328693162349, 929.0263877654195], [177.6925857619811, 608.8516168445476], [704.8647455647425, 942.8036791291672], [665.6574169657534, 133.39575545169313]], ""scale"": 1000.0, ""seed"": 4, ""symmetric"": true}, ""n_layers"": 0, ""normalization_factor"": 957.331895198209, ""normalize"": true, ""seed"": 0, ""tau"": 20.0, ""valid_route"": true}"
classical_comparison,classical_comparison_euclidean_n12_seed4,euclidean,12,4,held_karp,ok,"[11, 3, 1, 7, 5, 0, 4, 8, 10, 6, 9, 2]",2921.141212236162,2921.141212236162,0.0,True,True,0.02167639999970561,266.59765625,266.6015625,0.00390625,,,,2921.141212236162,0.0,True,"{""instance_metadata"": {""complete"": true, ""instance_type"": ""euclidean"", ""n"": 12, ""points"": [[943.0561055723676, 511.3275528143616], [976.2437057077042, 80.83602389560218], [607.3558319950296, 376.48658437727255], [801.9012069858072, 174.52781614402846], [871.6352741876564, 543.9414007634982], [902.2150797159884, 477.1535238392063], [430.4962777294131, 788.9467175443294], [984.1529999311214, 369.72579265242877], [968.9328693162349, 929.0263877654195], [177.6925857619811, 608.8516168445476], [704.8647455647425, 942.8036791291672], [665.6574169657534, 133.39575545169313]], ""scale"": 1000.0, ""seed"": 4, ""symmetric"": true}, ""max_n"": 18, ""start"": 11}"
classical_comparison,classical_comparison_euclidean_n12_seed4,euclidean,12,4,bruteforce,skipped,,,2921.141212236162,nan,,,6.70000008540228e-06,266.6015625,266.6015625,0.0,,,,2921.141212236162,nan,True,"{""instance_metadata"": {""complete"": true, ""instance_type"": ""euclidean"", ""n"": 12, ""points"": [[943.0561055723676, 511.3275528143616], [976.2437057077042, 80.83602389560218], [607.3558319950296, 376.48658437727255], [801.9012069858072, 174.52781614402846], [871.6352741876564, 543.9414007634982], [902.2150797159884, 477.1535238392063], [430.4962777294131, 788.9467175443294], [984.1529999311214, 369.72579265242877], [968.9328693162349, 929.0263877654195], [177.6925857619811, 608.8516168445476], [704.8647455647425, 942.8036791291672], [665.6574169657534, 133.39575545169313]], ""scale"": 1000.0, ""seed"": 4, ""symmetric"": true}, ""max_n"": 10, ""start"": 11}"
classical_comparison,classical_comparison_euclidean_n12_seed4,euclidean,12,4,ortools,ok,"[11, 3, 1, 7, 5, 0, 4, 8, 10, 6, 9, 2]",2921.141212236162,2921.141212236162,0.0,True,True,0.0021473000001606124,266.6015625,266.6015625,0.0,,,5.0,2921.141212236162,0.0,True,"{""finite_edges"": true, ""infinity_penalty"": 11487982740000, ""instance_metadata"": {""complete"": true, ""instance_type"": ""euclidean"", ""n"": 12, ""points"": [[943.0561055723676, 511.3275528143616], [976.2437057077042, 80.83602389560218], [607.3558319950296, 376.48658437727255], [801.9012069858072, 174.52781614402846], [871.6352741876564, 543.9414007634982], [902.2150797159884, 477.1535238392063], [430.4962777294131, 788.9467175443294], [984.1529999311214, 369.72579265242877], [968.9328693162349, 929.0263877654195], [177.6925857619811, 608.8516168445476], [704.8647455647425, 942.8036791291672], [665.6574169657534, 133.39575545169313]], ""scale"": 1000.0, ""seed"": 4, ""symmetric"": true}, ""integer_scale"": 1000000, ""start"": 11, ""time_limit_s"": 5.0, ""valid_route"": true}"
classical_comparison,classical_comparison_euclidean_n12_seed4,euclidean,12,4,networkx_christofides,ok,"[11, 1, 3, 7, 5, 0, 4, 8, 10, 6, 9, 2]",3071.882292130997,2921.141212236162,0.051603489507253616,True,True,0.0012461000001167122,266.6015625,266.6015625,0.0,,,,2921.141212236162,0.051603489507253616,True,"{""finite_edges"": true, ""instance_metadata"": {""complete"": true, ""instance_type"": ""euclidean"", ""n"": 12, ""points"": [[943.0561055723676, 511.3275528143616], [976.2437057077042, 80.83602389560218], [607.3558319950296, 376.48658437727255], [801.9012069858072, 174.52781614402846], [871.6352741876564, 543.9414007634982], [902.2150797159884, 477.1535238392063], [430.4962777294131, 788.9467175443294], [984.1529999311214, 369.72579265242877], [968.9328693162349, 929.0263877654195], [177.6925857619811, 608.8516168445476], [704.8647455647425, 942.8036791291672], [665.6574169657534, 133.39575545169313]], ""scale"": 1000.0, ""seed"": 4, ""symmetric"": true}, ""requires_metric_symmetric_complete"": true, ""valid_route"": true}"
classical_comparison,classical_comparison_euclidean_n12_seed4,euclidean,12,4,networkx_greedy,ok,"[11, 3, 1, 7, 5, 0, 4, 2, 6, 9, 10, 8]",3708.0987710734526,2921.141212236162,0.26940072446373337,True,True,0.00016189999996640836,266.6015625,266.6015625,0.0,,,,2921.141212236162,0.26940072446373337,True,"{""finite_edges"": true, ""instance_metadata"": {""complete"": true, ""instance_type"": ""euclidean"", ""n"": 12, ""points"": [[943.0561055723676, 511.3275528143616], [976.2437057077042, 80.83602389560218], [607.3558319950296, 376.48658437727255], [801.9012069858072, 174.52781614402846], [871.6352741876564, 543.9414007634982], [902.2150797159884, 477.1535238392063], [430.4962777294131, 788.9467175443294], [984.1529999311214, 369.72579265242877], [968.9328693162349, 929.0263877654195], [177.6925857619811, 608.8516168445476], [704.8647455647425, 942.8036791291672], [665.6574169657534, 133.39575545169313]], ""scale"": 1000.0, ""seed"": 4, ""symmetric"": true}, ""valid_route"": true}"
classical_comparison,classical_comparison_euclidean_n12_seed4,euclidean,12,4,python_tsp_dynamic_programming,skipped_missing_dependency,,,2921.141212236162,nan,,,0.0006478999998762447,266.6015625,266.6015625,0.0,,,,2921.141212236162,nan,True,"{""instance_metadata"": {""complete"": true, ""instance_type"": ""euclidean"", ""n"": 12, ""points"": [[943.0561055723676, 511.3275528143616], [976.2437057077042, 80.83602389560218], [607.3558319950296, 376.48658437727255], [801.9012069858072, 174.52781614402846], [871.6352741876564, 543.9414007634982], [902.2150797159884, 477.1535238392063], [430.4962777294131, 788.9467175443294], [984.1529999311214, 369.72579265242877], [968.9328693162349, 929.0263877654195], [177.6925857619811, 608.8516168445476], [704.8647455647425, 942.8036791291672], [665.6574169657534, 133.39575545169313]], ""scale"": 1000.0, ""seed"": 4, ""symmetric"": true}}"
classical_comparison,classical_comparison_random_symmetric_n12_seed4,random_symmetric,12,4,tn_exact,ok,"[11, 1, 6, 2, 5, 7, 0, 3, 10, 9, 8, 4]",384.7753592835676,384.7753592835675,1.4773144248802112e-16,True,True,0.24492740000005142,266.6015625,266.75390625,0.15234375,20.0,,,384.7753592835675,1.4773144248802112e-16,True,"{""finite_edges"": true, ""instance_metadata"": {""complete"": true, ""high"": 100.0, ""instance_type"": ""random_symmetric"", ""low"": 1.0, ""n"": 12, ""seed"": 4, ""symmetric"": true}, ""n_layers"": null, ""normalization_factor"": 94.30776323031522, ""normalize"": true, ""seed"": 0, ""tau"": 20.0, ""valid_route"": true}"
classical_comparison,classical_comparison_random_symmetric_n12_seed4,random_symmetric,12,4,tn_n_layers_8,ok,"[11, 1, 6, 2, 5, 7, 0, 3, 10, 9, 8, 4]",384.7753592835676,384.7753592835675,1.4773144248802112e-16,True,True,0.2731137000000672,266.75390625,265.76953125,-0.984375,20.0,8,,384.7753592835675,1.4773144248802112e-16,True,"{""finite_edges"": true, ""instance_metadata"": {""complete"": true, ""high"": 100.0, ""instance_type"": ""random_symmetric"", ""low"": 1.0, ""n"": 12, ""seed"": 4, ""symmetric"": true}, ""n_layers"": 8, ""normalization_factor"": 94.30776323031522, ""normalize"": true, ""seed"": 0, ""tau"": 20.0, ""valid_route"": true}"
classical_comparison,classical_comparison_random_symmetric_n12_seed4,random_symmetric,12,4,tn_n_layers_5,ok,"[11, 1, 6, 2, 9, 3, 0, 7, 5, 10, 8, 4]",401.09560904514274,384.7753592835675,0.042415007530530804,True,True,0.16483300000027157,265.76953125,265.66015625,-0.109375,20.0,5,,384.7753592835675,0.042415007530530804,True,"{""finite_edges"": true, ""instance_metadata"": {""complete"": true, ""high"": 100.0, ""instance_type"": ""random_symmetric"", ""low"": 1.0, ""n"": 12, ""seed"": 4, ""symmetric"": true}, ""n_layers"": 5, ""normalization_factor"": 94.30776323031522, ""normalize"": true, ""seed"": 0, ""tau"": 20.0, ""valid_route"": true}"
classical_comparison,classical_comparison_random_symmetric_n12_seed4,random_symmetric,12,4,tn_n_layers_2,ok,"[11, 1, 0, 7, 9, 3, 10, 6, 5, 2, 4, 8]",467.47129019329236,384.7753592835675,0.21492002778894295,True,True,0.05978030000005674,265.66015625,265.6796875,0.01953125,20.0,2,,384.7753592835675,0.21492002778894295,True,"{""finite_edges"": true, ""instance_metadata"": {""complete"": true, ""high"": 100.0, ""instance_type"": ""random_symmetric"", ""low"": 1.0, ""n"": 12, ""seed"": 4, ""symmetric"": true}, ""n_layers"": 2, ""normalization_factor"": 94.30776323031522, ""normalize"": true, ""seed"": 0, ""tau"": 20.0, ""valid_route"": true}"
classical_comparison,classical_comparison_random_symmetric_n12_seed4,random_symmetric,12,4,tn_n_layers_0,ok,"[11, 1, 6, 4, 8, 5, 10, 3, 0, 7, 9, 2]",473.6283289965944,384.7753592835675,0.23092167304701286,True,True,0.037699500000144326,265.6796875,265.62109375,-0.05859375,20.0,0,,384.7753592835675,0.23092167304701286,True,"{""finite_edges"": true, ""instance_metadata"": {""complete"": true, ""high"": 100.0, ""instance_type"": ""random_symmetric"", ""low"": 1.0, ""n"": 12, ""seed"": 4, ""symmetric"": true}, ""n_layers"": 0, ""normalization_factor"": 94.30776323031522, ""normalize"": true, ""seed"": 0, ""tau"": 20.0, ""valid_route"": true}"
classical_comparison,classical_comparison_random_symmetric_n12_seed4,random_symmetric,12,4,held_karp,ok,"[11, 4, 8, 9, 10, 3, 0, 7, 5, 2, 6, 1]",384.7753592835675,384.7753592835675,0.0,True,True,0.019422599999870727,265.62109375,265.6328125,0.01171875,,,,384.7753592835675,0.0,True,"{""instance_metadata"": {""complete"": true, ""high"": 100.0, ""instance_type"": ""random_symmetric"", ""low"": 1.0, ""n"": 12, ""seed"": 4, ""symmetric"": true}, ""max_n"": 18, ""start"": 11}"
classical_comparison,classical_comparison_random_symmetric_n12_seed4,random_symmetric,12,4,bruteforce,skipped,,,384.7753592835675,nan,,,6.299999768089037e-06,265.6328125,265.6328125,0.0,,,,384.7753592835675,nan,True,"{""instance_metadata"": {""complete"": true, ""high"": 100.0, ""instance_type"": ""random_symmetric"", ""low"": 1.0, ""n"": 12, ""seed"": 4, ""symmetric"": true}, ""max_n"": 10, ""start"": 11}"
classical_comparison,classical_comparison_random_symmetric_n12_seed4,random_symmetric,12,4,ortools,ok,"[11, 1, 6, 2, 5, 7, 0, 3, 10, 9, 8, 4]",384.7753592835676,384.7753592835675,1.4773144248802112e-16,True,True,0.0020188999997117207,265.6328125,265.6328125,0.0,,,5.0,384.7753592835675,1.4773144248802112e-16,True,"{""finite_edges"": true, ""infinity_penalty"": 1131693156000, ""instance_metadata"": {""complete"": true, ""high"": 100.0, ""instance_type"": ""random_symmetric"", ""low"": 1.0, ""n"": 12, ""seed"": 4, ""symmetric"": true}, ""integer_scale"": 1000000, ""start"": 11, ""time_limit_s"": 5.0, ""valid_route"": true}"
classical_comparison,classical_comparison_random_symmetric_n12_seed4,random_symmetric,12,4,networkx_christofides,skipped_not_applicable,,,384.7753592835675,nan,,,8.879999995770049e-05,265.6328125,265.6328125,0.0,,,,384.7753592835675,nan,True,"{""instance_metadata"": {""complete"": true, ""high"": 100.0, ""instance_type"": ""random_symmetric"", ""low"": 1.0, ""n"": 12, ""seed"": 4, ""symmetric"": true}, ""requires_metric_symmetric_complete"": true}"
classical_comparison,classical_comparison_random_symmetric_n12_seed4,random_symmetric,12,4,networkx_greedy,ok,"[11, 1, 6, 3, 10, 9, 8, 4, 7, 0, 5, 2]",435.99189157727653,384.7753592835675,0.13310761996057033,True,True,0.00014690000034534023,265.6328125,265.6328125,0.0,,,,384.7753592835675,0.13310761996057033,True,"{""finite_edges"": true, ""instance_metadata"": {""complete"": true, ""high"": 100.0, ""instance_type"": ""random_symmetric"", ""low"": 1.0, ""n"": 12, ""seed"": 4, ""symmetric"": true}, ""valid_route"": true}"
classical_comparison,classical_comparison_random_symmetric_n12_seed4,random_symmetric,12,4,python_tsp_dynamic_programming,skipped_missing_dependency,,,384.7753592835675,nan,,,0.000524900000073103,265.6328125,265.6328125,0.0,,,,384.7753592835675,nan,True,"{""instance_metadata"": {""complete"": true, ""high"": 100.0, ""instance_type"": ""random_symmetric"", ""low"": 1.0, ""n"": 12, ""seed"": 4, ""symmetric"": true}}"
classical_comparison,classical_comparison_random_asymmetric_n12_seed4,random_asymmetric,12,4,tn_exact,ok,"[11, 1, 6, 2, 10, 0, 7, 4, 3, 9, 8, 5]",218.376347812864,218.376347812864,0.0,True,True,0.33421229999976276,265.6328125,264.32421875,-1.30859375,20.0,,,218.376347812864,0.0,True,"{""finite_edges"": true, ""instance_metadata"": {""complete"": true, ""high"": 100.0, ""instance_type"": ""random_asymmetric"", ""low"": 1.0, ""n"": 12, ""seed"": 4, ""symmetric"": false}, ""n_layers"": null, ""normalization_factor"": 98.43114699318102, ""normalize"": true, ""seed"": 0, ""tau"": 20.0, ""valid_route"": true}"
classical_comparison,classical_comparison_random_asymmetric_n12_seed4,random_asymmetric,12,4,tn_n_layers_8,ok,"[11, 1, 0, 7, 4, 3, 6, 2, 10, 9, 8, 5]",220.55994210403531,218.376347812864,0.009999225250541019,True,True,0.23592390000021624,264.32421875,264.77734375,0.453125,20.0,8,,218.376347812864,0.009999225250541019,True,"{""finite_edges"": true, ""instance_metadata"": {""complete"": true, ""high"": 100.0, ""instance_type"": ""random_asymmetric"", ""low"": 1.0, ""n"": 12, ""seed"": 4, ""symmetric"": false}, ""n_layers"": 8, ""normalization_factor"": 98.43114699318102, ""normalize"": true, ""seed"": 0, ""tau"": 20.0, ""valid_route"": true}"
classical_comparison,classical_comparison_random_asymmetric_n12_seed4,random_asymmetric,12,4,tn_n_layers_5,ok,"[11, 4, 3, 9, 1, 6, 2, 10, 0, 7, 8, 5]",258.2419817806923,218.376347812864,0.18255472429638242,True,True,0.15653470000006564,264.77734375,264.9765625,0.19921875,20.0,5,,218.376347812864,0.18255472429638242,True,"{""finite_edges"": true, ""instance_metadata"": {""complete"": true, ""high"": 100.0, ""instance_type"": ""random_asymmetric"", ""low"": 1.0, ""n"": 12, ""seed"": 4, ""symmetric"": false}, ""n_layers"": 5, ""normalization_factor"": 98.43114699318102, ""normalize"": true, ""seed"": 0, ""tau"": 20.0, ""valid_route"": true}"
classical_comparison,classical_comparison_random_asymmetric_n12_seed4,random_asymmetric,12,4,tn_n_layers_2,ok,"[11, 4, 3, 9, 0, 7, 6, 8, 10, 1, 2, 5]",309.9325901639394,218.376347812864,0.4192589686019194,True,True,0.05992530000003171,264.9765625,264.875,-0.1015625,20.0,2,,218.376347812864,0.4192589686019194,True,"{""finite_edges"": true, ""instance_metadata"": {""complete"": true, ""high"": 100.0, ""instance_type"": ""random_asymmetric"", ""low"": 1.0, ""n"": 12, ""seed"": 4, ""symmetric"": false}, ""n_layers"": 2, ""normalization_factor"": 98.43114699318102, ""normalize"": true, ""seed"": 0, ""tau"": 20.0, ""valid_route"": true}"
classical_comparison,classical_comparison_random_asymmetric_n12_seed4,random_asymmetric,12,4,tn_n_layers_0,ok,"[11, 6, 8, 5, 10, 9, 1, 0, 7, 4, 3, 2]",315.63100426574533,218.376347812864,0.44535343422916385,True,True,0.03833940000004077,264.875,264.88671875,0.01171875,20.0,0,,218.376347812864,0.44535343422916385,True,"{""finite_edges"": true, ""instance_metadata"": {""complete"": true, ""high"": 100.0, ""instance_type"": ""random_asymmetric"", ""low"": 1.0, ""n"": 12, ""seed"": 4, ""symmetric"": false}, ""n_layers"": 0, ""normalization_factor"": 98.43114699318102, ""normalize"": true, ""seed"": 0, ""tau"": 20.0, ""valid_route"": true}"
classical_comparison,classical_comparison_random_asymmetric_n12_seed4,random_asymmetric,12,4,held_karp,ok,"[11, 1, 6, 2, 10, 0, 7, 4, 3, 9, 8, 5]",218.376347812864,218.376347812864,0.0,True,True,0.020839400000113528,264.88671875,264.88671875,0.0,,,,218.376347812864,0.0,True,"{""instance_metadata"": {""complete"": true, ""high"": 100.0, ""instance_type"": ""random_asymmetric"", ""low"": 1.0, ""n"": 12, ""seed"": 4, ""symmetric"": false}, ""max_n"": 18, ""start"": 11}"
classical_comparison,classical_comparison_random_asymmetric_n12_seed4,random_asymmetric,12,4,bruteforce,skipped,,,218.376347812864,nan,,,6.599999778700294e-06,264.88671875,264.88671875,0.0,,,,218.376347812864,nan,True,"{""instance_metadata"": {""complete"": true, ""high"": 100.0, ""instance_type"": ""random_asymmetric"", ""low"": 1.0, ""n"": 12, ""seed"": 4, ""symmetric"": false}, ""max_n"": 10, ""start"": 11}"
classical_comparison,classical_comparison_random_asymmetric_n12_seed4,random_asymmetric,12,4,ortools,ok,"[11, 4, 3, 10, 0, 7, 9, 8, 5, 6, 2, 1]",220.18614022427724,218.376347812864,0.008287492805604247,True,True,0.0027897999998458545,264.88671875,264.88671875,0.0,,,5.0,218.376347812864,0.008287492805604247,True,"{""finite_edges"": true, ""infinity_penalty"": 1181173764000, ""instance_metadata"": {""complete"": true, ""high"": 100.0, ""instance_type"": ""random_asymmetric"", ""low"": 1.0, ""n"": 12, ""seed"": 4, ""symmetric"": false}, ""integer_scale"": 1000000, ""start"": 11, ""time_limit_s"": 5.0, ""valid_route"": true}"
classical_comparison,classical_comparison_random_asymmetric_n12_seed4,random_asymmetric,12,4,networkx_christofides,skipped_not_applicable,,,218.376347812864,nan,,,9.730000010677031e-05,264.88671875,264.88671875,0.0,,,,218.376347812864,nan,True,"{""instance_metadata"": {""complete"": true, ""high"": 100.0, ""instance_type"": ""random_asymmetric"", ""low"": 1.0, ""n"": 12, ""seed"": 4, ""symmetric"": false}, ""requires_metric_symmetric_complete"": true}"
classical_comparison,classical_comparison_random_asymmetric_n12_seed4,random_asymmetric,12,4,networkx_greedy,ok,"[11, 4, 3, 9, 8, 5, 6, 2, 10, 0, 7, 1]",244.47443387697422,218.376347812864,0.11950967366884797,True,True,0.00021280000009937794,264.88671875,264.88671875,0.0,,,,218.376347812864,0.11950967366884797,True,"{""finite_edges"": true, ""instance_metadata"": {""complete"": true, ""high"": 100.0, ""instance_type"": ""random_asymmetric"", ""low"": 1.0, ""n"": 12, ""seed"": 4, ""symmetric"": false}, ""valid_route"": true}"
classical_comparison,classical_comparison_random_asymmetric_n12_seed4,random_asymmetric,12,4,python_tsp_dynamic_programming,skipped_missing_dependency,,,218.376347812864,nan,,,0.0006230000003597524,264.88671875,264.88671875,0.0,,,,218.376347812864,nan,True,"{""instance_metadata"": {""complete"": true, ""high"": 100.0, ""instance_type"": ""random_asymmetric"", ""low"": 1.0, ""n"": 12, ""seed"": 4, ""symmetric"": false}}"
