experiment,instance_id,instance_type,n,seed,solver,status,route,cost,optimum_cost,relative_gap,valid_route,finite_edges,runtime_s,rss_before_mb,rss_after_mb,rss_delta_mb,tau,n_layers,exact_optimum_available,metadata_json
tau_sweep,tau_sweep_euclidean_n5_seed0,euclidean,5,0,tn_exact,ok,"[4, 2, 3, 0, 1]",2702.116926543379,2702.116926543379,0.0,True,True,0.011640200000329,259.6875,262.80859375,3.12109375,2.0,,True,"{""finite_edges"": true, ""instance_metadata"": {""complete"": true, ""instance_type"": ""euclidean"", ""n"": 5, ""points"": [[636.9616873214543, 269.7867137638703], [40.97352393619469, 16.527635528529096], [813.2702392002724, 912.7555772777217], [606.6357757671799, 729.4965609839984], [543.6249914654229, 935.0724237877682]], ""scale"": 1000.0, ""seed"": 0, ""symmetric"": true}, ""n_layers"": null, ""normalization_factor"": 1183.0751201760934, ""normalize"": true, ""optimum_status"": ""ok"", ""seed"": 0, ""tau"": 2.0, ""valid_route"": true}"
tau_sweep,tau_sweep_euclidean_n5_seed0,euclidean,5,0,tn_exact,ok,"[4, 2, 3, 0, 1]",2702.116926543379,2702.116926543379,0.0,True,True,0.0081389000001763,262.80859375,262.90234375,0.09375,3.0,,True,"{""finite_edges"": true, ""instance_metadata"": {""complete"": true, ""instance_type"": ""euclidean"", ""n"": 5, ""points"": [[636.9616873214543, 269.7867137638703], [40.97352393619469, 16.527635528529096], [813.2702392002724, 912.7555772777217], [606.6357757671799, 729.4965609839984], [543.6249914654229, 935.0724237877682]], ""scale"": 1000.0, ""seed"": 0, ""symmetric"": true}, ""n_layers"": null, ""normalization_factor"": 1183.0751201760934, ""normalize"": true, ""optimum_status"": ""ok"", ""seed"": 0, ""tau"": 3.0, ""valid_route"": true}"
tau_sweep,tau_sweep_euclidean_n5_seed0,euclidean,5,0,tn_exact,ok,"[4, 2, 3, 0, 1]",2702.116926543379,2702.116926543379,0.0,True,True,0.0085908000000927,262.90234375,262.9921875,0.08984375,4.0,,True,"{""finite_edges"": true, ""instance_metadata"": {""complete"": true, ""instance_type"": ""euclidean"", ""n"": 5, ""points"": [[636.9616873214543, 269.7867137638703], [40.97352393619469, 16.527635528529096], [813.2702392002724, 912.7555772777217], [606.6357757671799, 729.4965609839984], [543.6249914654229, 935.0724237877682]], ""scale"": 1000.0, ""seed"": 0, ""symmetric"": true}, ""n_layers"": null, ""normalization_factor"": 1183.0751201760934, ""normalize"": true, ""optimum_status"": ""ok"", ""seed"": 0, ""tau"": 4.0, ""valid_route"": true}"
tau_sweep,tau_sweep_euclidean_n5_seed0,euclidean,5,0,tn_exact,ok,"[4, 2, 3, 0, 1]",2702.116926543379,2702.116926543379,0.0,True,True,0.0083223999999972,262.9921875,263.03515625,0.04296875,5.0,,True,"{""finite_edges"": true, ""instance_metadata"": {""complete"": true, ""instance_type"": ""euclidean"", ""n"": 5, ""points"": [[636.9616873214543, 269.7867137638703], [40.97352393619469, 16.527635528529096], [813.2702392002724, 912.7555772777217], [606.6357757671799, 729.4965609839984], [543.6249914654229, 935.0724237877682]], ""scale"": 1000.0, ""seed"": 0, ""symmetric"": true}, ""n_layers"": null, ""normalization_factor"": 1183.0751201760934, ""normalize"": true, ""optimum_status"": ""ok"", ""seed"": 0, ""tau"": 5.0, ""valid_route"": true}"
tau_sweep,tau_sweep_euclidean_n5_seed0,euclidean,5,0,tn_exact,ok,"[4, 2, 3, 0, 1]",2702.116926543379,2702.116926543379,0.0,True,True,0.0080681999997977,263.03515625,263.03515625,0.0,6.0,,True,"{""finite_edges"": true, ""instance_metadata"": {""complete"": true, ""instance_type"": ""euclidean"", ""n"": 5, ""points"": [[636.9616873214543, 269.7867137638703], [40.97352393619469, 16.527635528529096], [813.2702392002724, 912.7555772777217], [606.6357757671799, 729.4965609839984], [543.6249914654229, 935.0724237877682]], ""scale"": 1000.0, ""seed"": 0, ""symmetric"": true}, ""n_layers"": null, ""normalization_factor"": 1183.0751201760934, ""normalize"": true, ""optimum_status"": ""ok"", ""seed"": 0, ""tau"": 6.0, ""valid_route"": true}"
tau_sweep,tau_sweep_euclidean_n5_seed0,euclidean,5,0,tn_exact,ok,"[4, 2, 3, 0, 1]",2702.116926543379,2702.116926543379,0.0,True,True,0.0082752999996955,263.03515625,263.0390625,0.00390625,7.0,,True,"{""finite_edges"": true, ""instance_metadata"": {""complete"": true, ""instance_type"": ""euclidean"", ""n"": 5, ""points"": [[636.9616873214543, 269.7867137638703], [40.97352393619469, 16.527635528529096], [813.2702392002724, 912.7555772777217], [606.6357757671799, 729.4965609839984], [543.6249914654229, 935.0724237877682]], ""scale"": 1000.0, ""seed"": 0, ""symmetric"": true}, ""n_layers"": null, ""normalization_factor"": 1183.0751201760934, ""normalize"": true, ""optimum_status"": ""ok"", ""seed"": 0, ""tau"": 7.0, ""valid_route"": true}"
tau_sweep,tau_sweep_euclidean_n5_seed0,euclidean,5,0,tn_exact,ok,"[4, 2, 3, 0, 1]",2702.116926543379,2702.116926543379,0.0,True,True,0.0085355999999592,263.0390625,263.05078125,0.01171875,8.0,,True,"{""finite_edges"": true, ""instance_metadata"": {""complete"": true, ""instance_type"": ""euclidean"", ""n"": 5, ""points"": [[636.9616873214543, 269.7867137638703], [40.97352393619469, 16.527635528529096], [813.2702392002724, 912.7555772777217], [606.6357757671799, 729.4965609839984], [543.6249914654229, 935.0724237877682]], ""scale"": 1000.0, ""seed"": 0, ""symmetric"": true}, ""n_layers"": null, ""normalization_factor"": 1183.0751201760934, ""normalize"": true, ""optimum_status"": ""ok"", ""seed"": 0, ""tau"": 8.0, ""valid_route"": true}"
tau_sweep,tau_sweep_euclidean_n5_seed0,euclidean,5,0,tn_exact,ok,"[4, 2, 3, 0, 1]",2702.116926543379,2702.116926543379,0.0,True,True,0.0086643999998159,263.05078125,263.140625,0.08984375,9.0,,True,"{""finite_edges"": true, ""instance_metadata"": {""complete"": true, ""instance_type"": ""euclidean"", ""n"": 5, ""points"": [[636.9616873214543, 269.7867137638703], [40.97352393619469, 16.527635528529096], [813.2702392002724, 912.7555772777217], [606.6357757671799, 729.4965609839984], [543.6249914654229, 935.0724237877682]], ""scale"": 1000.0, ""seed"": 0, ""symmetric"": true}, ""n_layers"": null, ""normalization_factor"": 1183.0751201760934, ""normalize"": true, ""optimum_status"": ""ok"", ""seed"": 0, ""tau"": 9.0, ""valid_route"": true}"
tau_sweep,tau_sweep_euclidean_n5_seed0,euclidean,5,0,tn_exact,ok,"[4, 2, 3, 0, 1]",2702.116926543379,2702.116926543379,0.0,True,True,0.0082388999999238,263.140625,263.1875,0.046875,10.0,,True,"{""finite_edges"": true, ""instance_metadata"": {""complete"": true, ""instance_type"": ""euclidean"", ""n"": 5, ""points"": [[636.9616873214543, 269.7867137638703], [40.97352393619469, 16.527635528529096], [813.2702392002724, 912.7555772777217], [606.6357757671799, 729.4965609839984], [543.6249914654229, 935.0724237877682]], ""scale"": 1000.0, ""seed"": 0, ""symmetric"": true}, ""n_layers"": null, ""normalization_factor"": 1183.0751201760934, ""normalize"": true, ""optimum_status"": ""ok"", ""seed"": 0, ""tau"": 10.0, ""valid_route"": true}"
tau_sweep,tau_sweep_euclidean_n5_seed0,euclidean,5,0,tn_exact,ok,"[4, 2, 3, 0, 1]",2702.116926543379,2702.116926543379,0.0,True,True,0.0076631000001725,263.1875,263.19140625,0.00390625,12.0,,True,"{""finite_edges"": true, ""instance_metadata"": {""complete"": true, ""instance_type"": ""euclidean"", ""n"": 5, ""points"": [[636.9616873214543, 269.7867137638703], [40.97352393619469, 16.527635528529096], [813.2702392002724, 912.7555772777217], [606.6357757671799, 729.4965609839984], [543.6249914654229, 935.0724237877682]], ""scale"": 1000.0, ""seed"": 0, ""symmetric"": true}, ""n_layers"": null, ""normalization_factor"": 1183.0751201760934, ""normalize"": true, ""optimum_status"": ""ok"", ""seed"": 0, ""tau"": 12.0, ""valid_route"": true}"
tau_sweep,tau_sweep_random_symmetric_n5_seed0,random_symmetric,5,0,tn_exact,ok,"[4, 1, 2, 3, 0]",173.32033081190647,173.32033081190647,0.0,True,True,0.0081696000002011,263.19140625,263.19140625,0.0,2.0,,True,"{""finite_edges"": true, ""instance_metadata"": {""complete"": true, ""high"": 100.0, ""instance_type"": ""random_symmetric"", ""low"": 1.0, ""n"": 5, ""seed"": 0, ""symmetric"": true}, ""n_layers"": null, ""normalization_factor"": 70.63679373385781, ""normalize"": true, ""optimum_status"": ""ok"", ""seed"": 0, ""tau"": 2.0, ""valid_route"": true}"
tau_sweep,tau_sweep_random_symmetric_n5_seed0,random_symmetric,5,0,tn_exact,ok,"[4, 1, 2, 3, 0]",173.32033081190647,173.32033081190647,0.0,True,True,0.0080618000001777,263.19140625,263.19140625,0.0,3.0,,True,"{""finite_edges"": true, ""instance_metadata"": {""complete"": true, ""high"": 100.0, ""instance_type"": ""random_symmetric"", ""low"": 1.0, ""n"": 5, ""seed"": 0, ""symmetric"": true}, ""n_layers"": null, ""normalization_factor"": 70.63679373385781, ""normalize"": true, ""optimum_status"": ""ok"", ""seed"": 0, ""tau"": 3.0, ""valid_route"": true}"
tau_sweep,tau_sweep_random_symmetric_n5_seed0,random_symmetric,5,0,tn_exact,ok,"[4, 1, 2, 3, 0]",173.32033081190647,173.32033081190647,0.0,True,True,0.0082803000000239,263.19140625,263.19140625,0.0,4.0,,True,"{""finite_edges"": true, ""instance_metadata"": {""complete"": true, ""high"": 100.0, ""instance_type"": ""random_symmetric"", ""low"": 1.0, ""n"": 5, ""seed"": 0, ""symmetric"": true}, ""n_layers"": null, ""normalization_factor"": 70.63679373385781, ""normalize"": true, ""optimum_status"": ""ok"", ""seed"": 0, ""tau"": 4.0, ""valid_route"": true}"
tau_sweep,tau_sweep_random_symmetric_n5_seed0,random_symmetric,5,0,tn_exact,ok,"[4, 1, 2, 3, 0]",173.32033081190647,173.32033081190647,0.0,True,True,0.008072600000105,263.19140625,263.21875,0.02734375,5.0,,True,"{""finite_edges"": true, ""instance_metadata"": {""complete"": true, ""high"": 100.0, ""instance_type"": ""random_symmetric"", ""low"": 1.0, ""n"": 5, ""seed"": 0, ""symmetric"": true}, ""n_layers"": null, ""normalization_factor"": 70.63679373385781, ""normalize"": true, ""optimum_status"": ""ok"", ""seed"": 0, ""tau"": 5.0, ""valid_route"": true}"
tau_sweep,tau_sweep_random_symmetric_n5_seed0,random_symmetric,5,0,tn_exact,ok,"[4, 1, 2, 3, 0]",173.32033081190647,173.32033081190647,0.0,True,True,0.0077174999996714,263.21875,263.21875,0.0,6.0,,True,"{""finite_edges"": true, ""instance_metadata"": {""complete"": true, ""high"": 100.0, ""instance_type"": ""random_symmetric"", ""low"": 1.0, ""n"": 5, ""seed"": 0, ""symmetric"": true}, ""n_layers"": null, ""normalization_factor"": 70.63679373385781, ""normalize"": true, ""optimum_status"": ""ok"", ""seed"": 0, ""tau"": 6.0, ""valid_route"": true}"
tau_sweep,tau_sweep_random_symmetric_n5_seed0,random_symmetric,5,0,tn_exact,ok,"[4, 1, 2, 3, 0]",173.32033081190647,173.32033081190647,0.0,True,True,0.0078132999997251,263.21875,263.21875,0.0,7.0,,True,"{""finite_edges"": true, ""instance_metadata"": {""complete"": true, ""high"": 100.0, ""instance_type"": ""random_symmetric"", ""low"": 1.0, ""n"": 5, ""seed"": 0, ""symmetric"": true}, ""n_layers"": null, ""normalization_factor"": 70.63679373385781, ""normalize"": true, ""optimum_status"": ""ok"", ""seed"": 0, ""tau"": 7.0, ""valid_route"": true}"
tau_sweep,tau_sweep_random_symmetric_n5_seed0,random_symmetric,5,0,tn_exact,ok,"[4, 1, 2, 3, 0]",173.32033081190647,173.32033081190647,0.0,True,True,0.0086409999998977,263.21875,263.22265625,0.00390625,8.0,,True,"{""finite_edges"": true, ""instance_metadata"": {""complete"": true, ""high"": 100.0, ""instance_type"": ""random_symmetric"", ""low"": 1.0, ""n"": 5, ""seed"": 0, ""symmetric"": true}, ""n_layers"": null, ""normalization_factor"": 70.63679373385781, ""normalize"": true, ""optimum_status"": ""ok"", ""seed"": 0, ""tau"": 8.0, ""valid_route"": true}"
tau_sweep,tau_sweep_random_symmetric_n5_seed0,random_symmetric,5,0,tn_exact,ok,"[4, 1, 2, 3, 0]",173.32033081190647,173.32033081190647,0.0,True,True,0.0085214000000632,263.22265625,263.22265625,0.0,9.0,,True,"{""finite_edges"": true, ""instance_metadata"": {""complete"": true, ""high"": 100.0, ""instance_type"": ""random_symmetric"", ""low"": 1.0, ""n"": 5, ""seed"": 0, ""symmetric"": true}, ""n_layers"": null, ""normalization_factor"": 70.63679373385781, ""normalize"": true, ""optimum_status"": ""ok"", ""seed"": 0, ""tau"": 9.0, ""valid_route"": true}"
tau_sweep,tau_sweep_random_symmetric_n5_seed0,random_symmetric,5,0,tn_exact,ok,"[4, 1, 2, 3, 0]",173.32033081190647,173.32033081190647,0.0,True,True,0.0085514000002149,263.2265625,263.2421875,0.015625,10.0,,True,"{""finite_edges"": true, ""instance_metadata"": {""complete"": true, ""high"": 100.0, ""instance_type"": ""random_symmetric"", ""low"": 1.0, ""n"": 5, ""seed"": 0, ""symmetric"": true}, ""n_layers"": null, ""normalization_factor"": 70.63679373385781, ""normalize"": true, ""optimum_status"": ""ok"", ""seed"": 0, ""tau"": 10.0, ""valid_route"": true}"
tau_sweep,tau_sweep_random_symmetric_n5_seed0,random_symmetric,5,0,tn_exact,ok,"[4, 1, 2, 3, 0]",173.32033081190647,173.32033081190647,0.0,True,True,0.0088049999999384,263.2421875,263.2421875,0.0,12.0,,True,"{""finite_edges"": true, ""instance_metadata"": {""complete"": true, ""high"": 100.0, ""instance_type"": ""random_symmetric"", ""low"": 1.0, ""n"": 5, ""seed"": 0, ""symmetric"": true}, ""n_layers"": null, ""normalization_factor"": 70.63679373385781, ""normalize"": true, ""optimum_status"": ""ok"", ""seed"": 0, ""tau"": 12.0, ""valid_route"": true}"
tau_sweep,tau_sweep_random_asymmetric_n5_seed0,random_asymmetric,5,0,tn_exact,ok,"[4, 0, 2, 1, 3]",107.7960468835738,107.7960468835738,0.0,True,True,0.0082013000001097,263.2421875,263.2421875,0.0,2.0,,True,"{""finite_edges"": true, ""instance_metadata"": {""complete"": true, ""high"": 100.0, ""instance_type"": ""random_asymmetric"", ""low"": 1.0, ""n"": 5, ""seed"": 0, ""symmetric"": false}, ""n_layers"": null, ""normalization_factor"": 93.57216995498905, ""normalize"": true, ""optimum_status"": ""ok"", ""seed"": 0, ""tau"": 2.0, ""valid_route"": true}"
tau_sweep,tau_sweep_random_asymmetric_n5_seed0,random_asymmetric,5,0,tn_exact,ok,"[4, 0, 2, 1, 3]",107.7960468835738,107.7960468835738,0.0,True,True,0.0090178000000378,263.2421875,263.2421875,0.0,3.0,,True,"{""finite_edges"": true, ""instance_metadata"": {""complete"": true, ""high"": 100.0, ""instance_type"": ""random_asymmetric"", ""low"": 1.0, ""n"": 5, ""seed"": 0, ""symmetric"": false}, ""n_layers"": null, ""normalization_factor"": 93.57216995498905, ""normalize"": true, ""optimum_status"": ""ok"", ""seed"": 0, ""tau"": 3.0, ""valid_route"": true}"
tau_sweep,tau_sweep_random_asymmetric_n5_seed0,random_asymmetric,5,0,tn_exact,ok,"[4, 0, 2, 1, 3]",107.7960468835738,107.7960468835738,0.0,True,True,0.009786300000087,263.2421875,263.2421875,0.0,4.0,,True,"{""finite_edges"": true, ""instance_metadata"": {""complete"": true, ""high"": 100.0, ""instance_type"": ""random_asymmetric"", ""low"": 1.0, ""n"": 5, ""seed"": 0, ""symmetric"": false}, ""n_layers"": null, ""normalization_factor"": 93.57216995498905, ""normalize"": true, ""optimum_status"": ""ok"", ""seed"": 0, ""tau"": 4.0, ""valid_route"": true}"
tau_sweep,tau_sweep_random_asymmetric_n5_seed0,random_asymmetric,5,0,tn_exact,ok,"[4, 0, 2, 1, 3]",107.7960468835738,107.7960468835738,0.0,True,True,0.0084365000002435,263.2421875,263.2734375,0.03125,5.0,,True,"{""finite_edges"": true, ""instance_metadata"": {""complete"": true, ""high"": 100.0, ""instance_type"": ""random_asymmetric"", ""low"": 1.0, ""n"": 5, ""seed"": 0, ""symmetric"": false}, ""n_layers"": null, ""normalization_factor"": 93.57216995498905, ""normalize"": true, ""optimum_status"": ""ok"", ""seed"": 0, ""tau"": 5.0, ""valid_route"": true}"
tau_sweep,tau_sweep_random_asymmetric_n5_seed0,random_asymmetric,5,0,tn_exact,ok,"[4, 0, 2, 1, 3]",107.7960468835738,107.7960468835738,0.0,True,True,0.0079365000001416,263.2734375,263.2734375,0.0,6.0,,True,"{""finite_edges"": true, ""instance_metadata"": {""complete"": true, ""high"": 100.0, ""instance_type"": ""random_asymmetric"", ""low"": 1.0, ""n"": 5, ""seed"": 0, ""symmetric"": false}, ""n_layers"": null, ""normalization_factor"": 93.57216995498905, ""normalize"": true, ""optimum_status"": ""ok"", ""seed"": 0, ""tau"": 6.0, ""valid_route"": true}"
tau_sweep,tau_sweep_random_asymmetric_n5_seed0,random_asymmetric,5,0,tn_exact,ok,"[4, 0, 2, 1, 3]",107.7960468835738,107.7960468835738,0.0,True,True,0.0078100999999151,263.2734375,263.2734375,0.0,7.0,,True,"{""finite_edges"": true, ""instance_metadata"": {""complete"": true, ""high"": 100.0, ""instance_type"": ""random_asymmetric"", ""low"": 1.0, ""n"": 5, ""seed"": 0, ""symmetric"": false}, ""n_layers"": null, ""normalization_factor"": 93.57216995498905, ""normalize"": true, ""optimum_status"": ""ok"", ""seed"": 0, ""tau"": 7.0, ""valid_route"": true}"
tau_sweep,tau_sweep_random_asymmetric_n5_seed0,random_asymmetric,5,0,tn_exact,ok,"[4, 0, 2, 1, 3]",107.7960468835738,107.7960468835738,0.0,True,True,0.0083623999998962,263.2734375,263.27734375,0.00390625,8.0,,True,"{""finite_edges"": true, ""instance_metadata"": {""complete"": true, ""high"": 100.0, ""instance_type"": ""random_asymmetric"", ""low"": 1.0, ""n"": 5, ""seed"": 0, ""symmetric"": false}, ""n_layers"": null, ""normalization_factor"": 93.57216995498905, ""normalize"": true, ""optimum_status"": ""ok"", ""seed"": 0, ""tau"": 8.0, ""valid_route"": true}"
tau_sweep,tau_sweep_random_asymmetric_n5_seed0,random_asymmetric,5,0,tn_exact,ok,"[4, 0, 2, 1, 3]",107.7960468835738,107.7960468835738,0.0,True,True,0.0079096999998,263.28125,263.28125,0.0,9.0,,True,"{""finite_edges"": true, ""instance_metadata"": {""complete"": true, ""high"": 100.0, ""instance_type"": ""random_asymmetric"", ""low"": 1.0, ""n"": 5, ""seed"": 0, ""symmetric"": false}, ""n_layers"": null, ""normalization_factor"": 93.57216995498905, ""normalize"": true, ""optimum_status"": ""ok"", ""seed"": 0, ""tau"": 9.0, ""valid_route"": true}"
tau_sweep,tau_sweep_random_asymmetric_n5_seed0,random_asymmetric,5,0,tn_exact,ok,"[4, 0, 2, 1, 3]",107.7960468835738,107.7960468835738,0.0,True,True,0.0087241000001085,263.28125,263.33203125,0.05078125,10.0,,True,"{""finite_edges"": true, ""instance_metadata"": {""complete"": true, ""high"": 100.0, ""instance_type"": ""random_asymmetric"", ""low"": 1.0, ""n"": 5, ""seed"": 0, ""symmetric"": false}, ""n_layers"": null, ""normalization_factor"": 93.57216995498905, ""normalize"": true, ""optimum_status"": ""ok"", ""seed"": 0, ""tau"": 10.0, ""valid_route"": true}"
tau_sweep,tau_sweep_random_asymmetric_n5_seed0,random_asymmetric,5,0,tn_exact,ok,"[4, 0, 2, 1, 3]",107.7960468835738,107.7960468835738,0.0,True,True,0.00779459999967,263.33203125,263.33203125,0.0,12.0,,True,"{""finite_edges"": true, ""instance_metadata"": {""complete"": true, ""high"": 100.0, ""instance_type"": ""random_asymmetric"", ""low"": 1.0, ""n"": 5, ""seed"": 0, ""symmetric"": false}, ""n_layers"": null, ""normalization_factor"": 93.57216995498905, ""normalize"": true, ""optimum_status"": ""ok"", ""seed"": 0, ""tau"": 12.0, ""valid_route"": true}"
tau_sweep,tau_sweep_euclidean_n5_seed1,euclidean,5,1,tn_exact,ok,"[4, 3, 0, 1, 2]",2479.7129244231546,2479.7129244231546,0.0,True,True,0.008337499999925,263.33203125,263.33203125,0.0,2.0,,True,"{""finite_edges"": true, ""instance_metadata"": {""complete"": true, ""instance_type"": ""euclidean"", ""n"": 5, ""points"": [[511.82162470025673, 950.4636963259353], [144.15961271963374, 948.6494471372439], [311.83145201048546, 423.32644897257563], [827.7025938204417, 409.1991363691613], [549.5936876730595, 27.559113243068367]], ""scale"": 1000.0, ""seed"": 1, ""symmetric"": true}, ""n_layers"": null, ""normalization_factor"": 1006.3717962694622, ""normalize"": true, ""optimum_status"": ""ok"", ""seed"": 0, ""tau"": 2.0, ""valid_route"": true}"
tau_sweep,tau_sweep_euclidean_n5_seed1,euclidean,5,1,tn_exact,ok,"[4, 3, 0, 1, 2]",2479.7129244231546,2479.7129244231546,0.0,True,True,0.0080385999999634,263.33203125,263.33203125,0.0,3.0,,True,"{""finite_edges"": true, ""instance_metadata"": {""complete"": true, ""instance_type"": ""euclidean"", ""n"": 5, ""points"": [[511.82162470025673, 950.4636963259353], [144.15961271963374, 948.6494471372439], [311.83145201048546, 423.32644897257563], [827.7025938204417, 409.1991363691613], [549.5936876730595, 27.559113243068367]], ""scale"": 1000.0, ""seed"": 1, ""symmetric"": true}, ""n_layers"": null, ""normalization_factor"": 1006.3717962694622, ""normalize"": true, ""optimum_status"": ""ok"", ""seed"": 0, ""tau"": 3.0, ""valid_route"": true}"
tau_sweep,tau_sweep_euclidean_n5_seed1,euclidean,5,1,tn_exact,ok,"[4, 3, 0, 1, 2]",2479.7129244231546,2479.7129244231546,0.0,True,True,0.007880600000135,263.33203125,263.3359375,0.00390625,4.0,,True,"{""finite_edges"": true, ""instance_metadata"": {""complete"": true, ""instance_type"": ""euclidean"", ""n"": 5, ""points"": [[511.82162470025673, 950.4636963259353], [144.15961271963374, 948.6494471372439], [311.83145201048546, 423.32644897257563], [827.7025938204417, 409.1991363691613], [549.5936876730595, 27.559113243068367]], ""scale"": 1000.0, ""seed"": 1, ""symmetric"": true}, ""n_layers"": null, ""normalization_factor"": 1006.3717962694622, ""normalize"": true, ""optimum_status"": ""ok"", ""seed"": 0, ""tau"": 4.0, ""valid_route"": true}"
tau_sweep,tau_sweep_euclidean_n5_seed1,euclidean,5,1,tn_exact,ok,"[4, 3, 0, 1, 2]",2479.7129244231546,2479.7129244231546,0.0,True,True,0.0084455000001071,263.3359375,263.3515625,0.015625,5.0,,True,"{""finite_edges"": true, ""instance_metadata"": {""complete"": true, ""instance_type"": ""euclidean"", ""n"": 5, ""points"": [[511.82162470025673, 950.4636963259353], [144.15961271963374, 948.6494471372439], [311.83145201048546, 423.32644897257563], [827.7025938204417, 409.1991363691613], [549.5936876730595, 27.559113243068367]], ""scale"": 1000.0, ""seed"": 1, ""symmetric"": true}, ""n_layers"": null, ""normalization_factor"": 1006.3717962694622, ""normalize"": true, ""optimum_status"": ""ok"", ""seed"": 0, ""tau"": 5.0, ""valid_route"": true}"
tau_sweep,tau_sweep_euclidean_n5_seed1,euclidean,5,1,tn_exact,ok,"[4, 3, 0, 1, 2]",2479.7129244231546,2479.7129244231546,0.0,True,True,0.0081702000002223,263.3515625,263.3515625,0.0,6.0,,True,"{""finite_edges"": true, ""instance_metadata"": {""complete"": true, ""instance_type"": ""euclidean"", ""n"": 5, ""points"": [[511.82162470025673, 950.4636963259353], [144.15961271963374, 948.6494471372439], [311.83145201048546, 423.32644897257563], [827.7025938204417, 409.1991363691613], [549.5936876730595, 27.559113243068367]], ""scale"": 1000.0, ""seed"": 1, ""symmetric"": true}, ""n_layers"": null, ""normalization_factor"": 1006.3717962694622, ""normalize"": true, ""optimum_status"": ""ok"", ""seed"": 0, ""tau"": 6.0, ""valid_route"": true}"
tau_sweep,tau_sweep_euclidean_n5_seed1,euclidean,5,1,tn_exact,ok,"[4, 3, 0, 1, 2]",2479.7129244231546,2479.7129244231546,0.0,True,True,0.0083337999999457,263.3515625,263.3515625,0.0,7.0,,True,"{""finite_edges"": true, ""instance_metadata"": {""complete"": true, ""instance_type"": ""euclidean"", ""n"": 5, ""points"": [[511.82162470025673, 950.4636963259353], [144.15961271963374, 948.6494471372439], [311.83145201048546, 423.32644897257563], [827.7025938204417, 409.1991363691613], [549.5936876730595, 27.559113243068367]], ""scale"": 1000.0, ""seed"": 1, ""symmetric"": true}, ""n_layers"": null, ""normalization_factor"": 1006.3717962694622, ""normalize"": true, ""optimum_status"": ""ok"", ""seed"": 0, ""tau"": 7.0, ""valid_route"": true}"
tau_sweep,tau_sweep_euclidean_n5_seed1,euclidean,5,1,tn_exact,ok,"[4, 3, 0, 1, 2]",2479.7129244231546,2479.7129244231546,0.0,True,True,0.0081786999999167,263.3515625,263.3515625,0.0,8.0,,True,"{""finite_edges"": true, ""instance_metadata"": {""complete"": true, ""instance_type"": ""euclidean"", ""n"": 5, ""points"": [[511.82162470025673, 950.4636963259353], [144.15961271963374, 948.6494471372439], [311.83145201048546, 423.32644897257563], [827.7025938204417, 409.1991363691613], [549.5936876730595, 27.559113243068367]], ""scale"": 1000.0, ""seed"": 1, ""symmetric"": true}, ""n_layers"": null, ""normalization_factor"": 1006.3717962694622, ""normalize"": true, ""optimum_status"": ""ok"", ""seed"": 0, ""tau"": 8.0, ""valid_route"": true}"
tau_sweep,tau_sweep_euclidean_n5_seed1,euclidean,5,1,tn_exact,ok,"[4, 3, 0, 1, 2]",2479.7129244231546,2479.7129244231546,0.0,True,True,0.0076584999997066,263.3515625,263.3515625,0.0,9.0,,True,"{""finite_edges"": true, ""instance_metadata"": {""complete"": true, ""instance_type"": ""euclidean"", ""n"": 5, ""points"": [[511.82162470025673, 950.4636963259353], [144.15961271963374, 948.6494471372439], [311.83145201048546, 423.32644897257563], [827.7025938204417, 409.1991363691613], [549.5936876730595, 27.559113243068367]], ""scale"": 1000.0, ""seed"": 1, ""symmetric"": true}, ""n_layers"": null, ""normalization_factor"": 1006.3717962694622, ""normalize"": true, ""optimum_status"": ""ok"", ""seed"": 0, ""tau"": 9.0, ""valid_route"": true}"
tau_sweep,tau_sweep_euclidean_n5_seed1,euclidean,5,1,tn_exact,ok,"[4, 3, 0, 1, 2]",2479.7129244231546,2479.7129244231546,0.0,True,True,0.0079271999998127,263.3515625,263.3984375,0.046875,10.0,,True,"{""finite_edges"": true, ""instance_metadata"": {""complete"": true, ""instance_type"": ""euclidean"", ""n"": 5, ""points"": [[511.82162470025673, 950.4636963259353], [144.15961271963374, 948.6494471372439], [311.83145201048546, 423.32644897257563], [827.7025938204417, 409.1991363691613], [549.5936876730595, 27.559113243068367]], ""scale"": 1000.0, ""seed"": 1, ""symmetric"": true}, ""n_layers"": null, ""normalization_factor"": 1006.3717962694622, ""normalize"": true, ""optimum_status"": ""ok"", ""seed"": 0, ""tau"": 10.0, ""valid_route"": true}"
tau_sweep,tau_sweep_euclidean_n5_seed1,euclidean,5,1,tn_exact,ok,"[4, 3, 0, 1, 2]",2479.7129244231546,2479.7129244231546,0.0,True,True,0.0085170000002108,263.3984375,263.40234375,0.00390625,12.0,,True,"{""finite_edges"": true, ""instance_metadata"": {""complete"": true, ""instance_type"": ""euclidean"", ""n"": 5, ""points"": [[511.82162470025673, 950.4636963259353], [144.15961271963374, 948.6494471372439], [311.83145201048546, 423.32644897257563], [827.7025938204417, 409.1991363691613], [549.5936876730595, 27.559113243068367]], ""scale"": 1000.0, ""seed"": 1, ""symmetric"": true}, ""n_layers"": null, ""normalization_factor"": 1006.3717962694622, ""normalize"": true, ""optimum_status"": ""ok"", ""seed"": 0, ""tau"": 12.0, ""valid_route"": true}"
tau_sweep,tau_sweep_random_symmetric_n5_seed1,random_symmetric,5,1,tn_exact,ok,"[4, 1, 3, 0, 2]",206.9505513353049,206.9505513353049,0.0,True,True,0.0079639000000497,263.40234375,263.40234375,0.0,2.0,,True,"{""finite_edges"": true, ""instance_metadata"": {""complete"": true, ""high"": 100.0, ""instance_type"": ""random_symmetric"", ""low"": 1.0, ""n"": 5, ""seed"": 1, ""symmetric"": true}, ""n_layers"": null, ""normalization_factor"": 70.40629316258583, ""normalize"": true, ""optimum_status"": ""ok"", ""seed"": 0, ""tau"": 2.0, ""valid_route"": true}"
tau_sweep,tau_sweep_random_symmetric_n5_seed1,random_symmetric,5,1,tn_exact,ok,"[4, 1, 3, 0, 2]",206.9505513353049,206.9505513353049,0.0,True,True,0.0076948999999331,263.40234375,263.40234375,0.0,3.0,,True,"{""finite_edges"": true, ""instance_metadata"": {""complete"": true, ""high"": 100.0, ""instance_type"": ""random_symmetric"", ""low"": 1.0, ""n"": 5, ""seed"": 1, ""symmetric"": true}, ""n_layers"": null, ""normalization_factor"": 70.40629316258583, ""normalize"": true, ""optimum_status"": ""ok"", ""seed"": 0, ""tau"": 3.0, ""valid_route"": true}"
tau_sweep,tau_sweep_random_symmetric_n5_seed1,random_symmetric,5,1,tn_exact,ok,"[4, 1, 3, 0, 2]",206.9505513353049,206.9505513353049,0.0,True,True,0.007567999999992,263.40234375,263.40234375,0.0,4.0,,True,"{""finite_edges"": true, ""instance_metadata"": {""complete"": true, ""high"": 100.0, ""instance_type"": ""random_symmetric"", ""low"": 1.0, ""n"": 5, ""seed"": 1, ""symmetric"": true}, ""n_layers"": null, ""normalization_factor"": 70.40629316258583, ""normalize"": true, ""optimum_status"": ""ok"", ""seed"": 0, ""tau"": 4.0, ""valid_route"": true}"
tau_sweep,tau_sweep_random_symmetric_n5_seed1,random_symmetric,5,1,tn_exact,ok,"[4, 1, 3, 0, 2]",206.9505513353049,206.9505513353049,0.0,True,True,0.0079283999998551,263.40234375,263.40234375,0.0,5.0,,True,"{""finite_edges"": true, ""instance_metadata"": {""complete"": true, ""high"": 100.0, ""instance_type"": ""random_symmetric"", ""low"": 1.0, ""n"": 5, ""seed"": 1, ""symmetric"": true}, ""n_layers"": null, ""normalization_factor"": 70.40629316258583, ""normalize"": true, ""optimum_status"": ""ok"", ""seed"": 0, ""tau"": 5.0, ""valid_route"": true}"
tau_sweep,tau_sweep_random_symmetric_n5_seed1,random_symmetric,5,1,tn_exact,ok,"[4, 1, 3, 0, 2]",206.9505513353049,206.9505513353049,0.0,True,True,0.0080892999999377,263.40234375,263.41796875,0.015625,6.0,,True,"{""finite_edges"": true, ""instance_metadata"": {""complete"": true, ""high"": 100.0, ""instance_type"": ""random_symmetric"", ""low"": 1.0, ""n"": 5, ""seed"": 1, ""symmetric"": true}, ""n_layers"": null, ""normalization_factor"": 70.40629316258583, ""normalize"": true, ""optimum_status"": ""ok"", ""seed"": 0, ""tau"": 6.0, ""valid_route"": true}"
tau_sweep,tau_sweep_random_symmetric_n5_seed1,random_symmetric,5,1,tn_exact,ok,"[4, 1, 3, 0, 2]",206.9505513353049,206.9505513353049,0.0,True,True,0.0076158000001669,263.41796875,263.41796875,0.0,7.0,,True,"{""finite_edges"": true, ""instance_metadata"": {""complete"": true, ""high"": 100.0, ""instance_type"": ""random_symmetric"", ""low"": 1.0, ""n"": 5, ""seed"": 1, ""symmetric"": true}, ""n_layers"": null, ""normalization_factor"": 70.40629316258583, ""normalize"": true, ""optimum_status"": ""ok"", ""seed"": 0, ""tau"": 7.0, ""valid_route"": true}"
tau_sweep,tau_sweep_random_symmetric_n5_seed1,random_symmetric,5,1,tn_exact,ok,"[4, 1, 3, 0, 2]",206.9505513353049,206.9505513353049,0.0,True,True,0.0076038000001972,263.421875,263.421875,0.0,8.0,,True,"{""finite_edges"": true, ""instance_metadata"": {""complete"": true, ""high"": 100.0, ""instance_type"": ""random_symmetric"", ""low"": 1.0, ""n"": 5, ""seed"": 1, ""symmetric"": true}, ""n_layers"": null, ""normalization_factor"": 70.40629316258583, ""normalize"": true, ""optimum_status"": ""ok"", ""seed"": 0, ""tau"": 8.0, ""valid_route"": true}"
tau_sweep,tau_sweep_random_symmetric_n5_seed1,random_symmetric,5,1,tn_exact,ok,"[4, 1, 3, 0, 2]",206.9505513353049,206.9505513353049,0.0,True,True,0.0078757999999652,263.421875,263.421875,0.0,9.0,,True,"{""finite_edges"": true, ""instance_metadata"": {""complete"": true, ""high"": 100.0, ""instance_type"": ""random_symmetric"", ""low"": 1.0, ""n"": 5, ""seed"": 1, ""symmetric"": true}, ""n_layers"": null, ""normalization_factor"": 70.40629316258583, ""normalize"": true, ""optimum_status"": ""ok"", ""seed"": 0, ""tau"": 9.0, ""valid_route"": true}"
tau_sweep,tau_sweep_random_symmetric_n5_seed1,random_symmetric,5,1,tn_exact,ok,"[4, 1, 3, 0, 2]",206.9505513353049,206.9505513353049,0.0,True,True,0.0073864999999386,263.421875,263.43359375,0.01171875,10.0,,True,"{""finite_edges"": true, ""instance_metadata"": {""complete"": true, ""high"": 100.0, ""instance_type"": ""random_symmetric"", ""low"": 1.0, ""n"": 5, ""seed"": 1, ""symmetric"": true}, ""n_layers"": null, ""normalization_factor"": 70.40629316258583, ""normalize"": true, ""optimum_status"": ""ok"", ""seed"": 0, ""tau"": 10.0, ""valid_route"": true}"
tau_sweep,tau_sweep_random_symmetric_n5_seed1,random_symmetric,5,1,tn_exact,ok,"[4, 1, 3, 0, 2]",206.9505513353049,206.9505513353049,0.0,True,True,0.0080656999998609,263.4375,263.453125,0.015625,12.0,,True,"{""finite_edges"": true, ""instance_metadata"": {""complete"": true, ""high"": 100.0, ""instance_type"": ""random_symmetric"", ""low"": 1.0, ""n"": 5, ""seed"": 1, ""symmetric"": true}, ""n_layers"": null, ""normalization_factor"": 70.40629316258583, ""normalize"": true, ""optimum_status"": ""ok"", ""seed"": 0, ""tau"": 12.0, ""valid_route"": true}"
tau_sweep,tau_sweep_random_asymmetric_n5_seed1,random_asymmetric,5,1,tn_exact,ok,"[4, 1, 3, 0, 2]",176.35462293795194,176.35462293795194,0.0,True,True,0.0075257000003148,263.453125,263.453125,0.0,2.0,,True,"{""finite_edges"": true, ""instance_metadata"": {""complete"": true, ""high"": 100.0, ""instance_type"": ""random_asymmetric"", ""low"": 1.0, ""n"": 5, ""seed"": 1, ""symmetric"": false}, ""n_layers"": null, ""normalization_factor"": 98.09298278032263, ""normalize"": true, ""optimum_status"": ""ok"", ""seed"": 0, ""tau"": 2.0, ""valid_route"": true}"
tau_sweep,tau_sweep_random_asymmetric_n5_seed1,random_asymmetric,5,1,tn_exact,ok,"[4, 1, 3, 0, 2]",176.35462293795194,176.35462293795194,0.0,True,True,0.0074972000002162,263.453125,263.453125,0.0,3.0,,True,"{""finite_edges"": true, ""instance_metadata"": {""complete"": true, ""high"": 100.0, ""instance_type"": ""random_asymmetric"", ""low"": 1.0, ""n"": 5, ""seed"": 1, ""symmetric"": false}, ""n_layers"": null, ""normalization_factor"": 98.09298278032263, ""normalize"": true, ""optimum_status"": ""ok"", ""seed"": 0, ""tau"": 3.0, ""valid_route"": true}"
tau_sweep,tau_sweep_random_asymmetric_n5_seed1,random_asymmetric,5,1,tn_exact,ok,"[4, 1, 3, 0, 2]",176.35462293795194,176.35462293795194,0.0,True,True,0.0073173999999198,263.453125,263.453125,0.0,4.0,,True,"{""finite_edges"": true, ""instance_metadata"": {""complete"": true, ""high"": 100.0, ""instance_type"": ""random_asymmetric"", ""low"": 1.0, ""n"": 5, ""seed"": 1, ""symmetric"": false}, ""n_layers"": null, ""normalization_factor"": 98.09298278032263, ""normalize"": true, ""optimum_status"": ""ok"", ""seed"": 0, ""tau"": 4.0, ""valid_route"": true}"
tau_sweep,tau_sweep_random_asymmetric_n5_seed1,random_asymmetric,5,1,tn_exact,ok,"[4, 1, 3, 0, 2]",176.35462293795194,176.35462293795194,0.0,True,True,0.0073922999999922,263.453125,263.453125,0.0,5.0,,True,"{""finite_edges"": true, ""instance_metadata"": {""complete"": true, ""high"": 100.0, ""instance_type"": ""random_asymmetric"", ""low"": 1.0, ""n"": 5, ""seed"": 1, ""symmetric"": false}, ""n_layers"": null, ""normalization_factor"": 98.09298278032263, ""normalize"": true, ""optimum_status"": ""ok"", ""seed"": 0, ""tau"": 5.0, ""valid_route"": true}"
tau_sweep,tau_sweep_random_asymmetric_n5_seed1,random_asymmetric,5,1,tn_exact,ok,"[4, 1, 3, 0, 2]",176.35462293795194,176.35462293795194,0.0,True,True,0.0079250999997384,263.453125,263.47265625,0.01953125,6.0,,True,"{""finite_edges"": true, ""instance_metadata"": {""complete"": true, ""high"": 100.0, ""instance_type"": ""random_asymmetric"", ""low"": 1.0, ""n"": 5, ""seed"": 1, ""symmetric"": false}, ""n_layers"": null, ""normalization_factor"": 98.09298278032263, ""normalize"": true, ""optimum_status"": ""ok"", ""seed"": 0, ""tau"": 6.0, ""valid_route"": true}"
tau_sweep,tau_sweep_random_asymmetric_n5_seed1,random_asymmetric,5,1,tn_exact,ok,"[4, 1, 3, 0, 2]",176.35462293795194,176.35462293795194,0.0,True,True,0.007384600000023,263.4765625,263.4765625,0.0,7.0,,True,"{""finite_edges"": true, ""instance_metadata"": {""complete"": true, ""high"": 100.0, ""instance_type"": ""random_asymmetric"", ""low"": 1.0, ""n"": 5, ""seed"": 1, ""symmetric"": false}, ""n_layers"": null, ""normalization_factor"": 98.09298278032263, ""normalize"": true, ""optimum_status"": ""ok"", ""seed"": 0, ""tau"": 7.0, ""valid_route"": true}"
tau_sweep,tau_sweep_random_asymmetric_n5_seed1,random_asymmetric,5,1,tn_exact,ok,"[4, 1, 3, 0, 2]",176.35462293795194,176.35462293795194,0.0,True,True,0.0081171000001631,263.4765625,263.4765625,0.0,8.0,,True,"{""finite_edges"": true, ""instance_metadata"": {""complete"": true, ""high"": 100.0, ""instance_type"": ""random_asymmetric"", ""low"": 1.0, ""n"": 5, ""seed"": 1, ""symmetric"": false}, ""n_layers"": null, ""normalization_factor"": 98.09298278032263, ""normalize"": true, ""optimum_status"": ""ok"", ""seed"": 0, ""tau"": 8.0, ""valid_route"": true}"
tau_sweep,tau_sweep_random_asymmetric_n5_seed1,random_asymmetric,5,1,tn_exact,ok,"[4, 1, 3, 0, 2]",176.35462293795194,176.35462293795194,0.0,True,True,0.0077024000001983,263.4765625,263.48046875,0.00390625,9.0,,True,"{""finite_edges"": true, ""instance_metadata"": {""complete"": true, ""high"": 100.0, ""instance_type"": ""random_asymmetric"", ""low"": 1.0, ""n"": 5, ""seed"": 1, ""symmetric"": false}, ""n_layers"": null, ""normalization_factor"": 98.09298278032263, ""normalize"": true, ""optimum_status"": ""ok"", ""seed"": 0, ""tau"": 9.0, ""valid_route"": true}"
tau_sweep,tau_sweep_random_asymmetric_n5_seed1,random_asymmetric,5,1,tn_exact,ok,"[4, 1, 3, 0, 2]",176.35462293795194,176.35462293795194,0.0,True,True,0.0078244999999697,263.48046875,263.51953125,0.0390625,10.0,,True,"{""finite_edges"": true, ""instance_metadata"": {""complete"": true, ""high"": 100.0, ""instance_type"": ""random_asymmetric"", ""low"": 1.0, ""n"": 5, ""seed"": 1, ""symmetric"": false}, ""n_layers"": null, ""normalization_factor"": 98.09298278032263, ""normalize"": true, ""optimum_status"": ""ok"", ""seed"": 0, ""tau"": 10.0, ""valid_route"": true}"
tau_sweep,tau_sweep_random_asymmetric_n5_seed1,random_asymmetric,5,1,tn_exact,ok,"[4, 1, 3, 0, 2]",176.35462293795194,176.35462293795194,0.0,True,True,0.0075557999998636,263.51953125,263.54296875,0.0234375,12.0,,True,"{""finite_edges"": true, ""instance_metadata"": {""complete"": true, ""high"": 100.0, ""instance_type"": ""random_asymmetric"", ""low"": 1.0, ""n"": 5, ""seed"": 1, ""symmetric"": false}, ""n_layers"": null, ""normalization_factor"": 98.09298278032263, ""normalize"": true, ""optimum_status"": ""ok"", ""seed"": 0, ""tau"": 12.0, ""valid_route"": true}"
tau_sweep,tau_sweep_euclidean_n5_seed2,euclidean,5,2,tn_exact,ok,"[4, 2, 1, 3, 0]",2245.3659766460946,2245.3659766460946,0.0,True,True,0.0071443000001636,263.54296875,263.54296875,0.0,2.0,,True,"{""finite_edges"": true, ""instance_metadata"": {""complete"": true, ""instance_type"": ""euclidean"", ""n"": 5, ""points"": [[261.6121342493164, 298.4911434141233], [814.2257405942803, 91.91594213509691], [600.100525965654, 728.5605268117946], [187.90107336660344, 55.14662733306819], [274.9693679060381, 657.4330148755926]], ""scale"": 1000.0, ""seed"": 2, ""symmetric"": true}, ""n_layers"": null, ""normalization_factor"": 789.553461606053, ""normalize"": true, ""optimum_status"": ""ok"", ""seed"": 0, ""tau"": 2.0, ""valid_route"": true}"
tau_sweep,tau_sweep_euclidean_n5_seed2,euclidean,5,2,tn_exact,ok,"[4, 2, 1, 3, 0]",2245.3659766460946,2245.3659766460946,0.0,True,True,0.0073424000001978,263.54296875,263.54296875,0.0,3.0,,True,"{""finite_edges"": true, ""instance_metadata"": {""complete"": true, ""instance_type"": ""euclidean"", ""n"": 5, ""points"": [[261.6121342493164, 298.4911434141233], [814.2257405942803, 91.91594213509691], [600.100525965654, 728.5605268117946], [187.90107336660344, 55.14662733306819], [274.9693679060381, 657.4330148755926]], ""scale"": 1000.0, ""seed"": 2, ""symmetric"": true}, ""n_layers"": null, ""normalization_factor"": 789.553461606053, ""normalize"": true, ""optimum_status"": ""ok"", ""seed"": 0, ""tau"": 3.0, ""valid_route"": true}"
tau_sweep,tau_sweep_euclidean_n5_seed2,euclidean,5,2,tn_exact,ok,"[4, 2, 1, 3, 0]",2245.3659766460946,2245.3659766460946,0.0,True,True,0.0078263999998853,263.54296875,263.54296875,0.0,4.0,,True,"{""finite_edges"": true, ""instance_metadata"": {""complete"": true, ""instance_type"": ""euclidean"", ""n"": 5, ""points"": [[261.6121342493164, 298.4911434141233], [814.2257405942803, 91.91594213509691], [600.100525965654, 728.5605268117946], [187.90107336660344, 55.14662733306819], [274.9693679060381, 657.4330148755926]], ""scale"": 1000.0, ""seed"": 2, ""symmetric"": true}, ""n_layers"": null, ""normalization_factor"": 789.553461606053, ""normalize"": true, ""optimum_status"": ""ok"", ""seed"": 0, ""tau"": 4.0, ""valid_route"": true}"
tau_sweep,tau_sweep_euclidean_n5_seed2,euclidean,5,2,tn_exact,ok,"[4, 2, 1, 3, 0]",2245.3659766460946,2245.3659766460946,0.0,True,True,0.0075346999997236,263.54296875,263.5625,0.01953125,5.0,,True,"{""finite_edges"": true, ""instance_metadata"": {""complete"": true, ""instance_type"": ""euclidean"", ""n"": 5, ""points"": [[261.6121342493164, 298.4911434141233], [814.2257405942803, 91.91594213509691], [600.100525965654, 728.5605268117946], [187.90107336660344, 55.14662733306819], [274.9693679060381, 657.4330148755926]], ""scale"": 1000.0, ""seed"": 2, ""symmetric"": true}, ""n_layers"": null, ""normalization_factor"": 789.553461606053, ""normalize"": true, ""optimum_status"": ""ok"", ""seed"": 0, ""tau"": 5.0, ""valid_route"": true}"
tau_sweep,tau_sweep_euclidean_n5_seed2,euclidean,5,2,tn_exact,ok,"[4, 2, 1, 3, 0]",2245.3659766460946,2245.3659766460946,0.0,True,True,0.0078023999999459,263.5625,263.57421875,0.01171875,6.0,,True,"{""finite_edges"": true, ""instance_metadata"": {""complete"": true, ""instance_type"": ""euclidean"", ""n"": 5, ""points"": [[261.6121342493164, 298.4911434141233], [814.2257405942803, 91.91594213509691], [600.100525965654, 728.5605268117946], [187.90107336660344, 55.14662733306819], [274.9693679060381, 657.4330148755926]], ""scale"": 1000.0, ""seed"": 2, ""symmetric"": true}, ""n_layers"": null, ""normalization_factor"": 789.553461606053, ""normalize"": true, ""optimum_status"": ""ok"", ""seed"": 0, ""tau"": 6.0, ""valid_route"": true}"
tau_sweep,tau_sweep_euclidean_n5_seed2,euclidean,5,2,tn_exact,ok,"[4, 2, 1, 3, 0]",2245.3659766460946,2245.3659766460946,0.0,True,True,0.0079862999996294,263.57421875,263.57421875,0.0,7.0,,True,"{""finite_edges"": true, ""instance_metadata"": {""complete"": true, ""instance_type"": ""euclidean"", ""n"": 5, ""points"": [[261.6121342493164, 298.4911434141233], [814.2257405942803, 91.91594213509691], [600.100525965654, 728.5605268117946], [187.90107336660344, 55.14662733306819], [274.9693679060381, 657.4330148755926]], ""scale"": 1000.0, ""seed"": 2, ""symmetric"": true}, ""n_layers"": null, ""normalization_factor"": 789.553461606053, ""normalize"": true, ""optimum_status"": ""ok"", ""seed"": 0, ""tau"": 7.0, ""valid_route"": true}"
tau_sweep,tau_sweep_euclidean_n5_seed2,euclidean,5,2,tn_exact,ok,"[4, 2, 1, 3, 0]",2245.3659766460946,2245.3659766460946,0.0,True,True,0.0073357999999643,263.57421875,263.57421875,0.0,8.0,,True,"{""finite_edges"": true, ""instance_metadata"": {""complete"": true, ""instance_type"": ""euclidean"", ""n"": 5, ""points"": [[261.6121342493164, 298.4911434141233], [814.2257405942803, 91.91594213509691], [600.100525965654, 728.5605268117946], [187.90107336660344, 55.14662733306819], [274.9693679060381, 657.4330148755926]], ""scale"": 1000.0, ""seed"": 2, ""symmetric"": true}, ""n_layers"": null, ""normalization_factor"": 789.553461606053, ""normalize"": true, ""optimum_status"": ""ok"", ""seed"": 0, ""tau"": 8.0, ""valid_route"": true}"
tau_sweep,tau_sweep_euclidean_n5_seed2,euclidean,5,2,tn_exact,ok,"[4, 2, 1, 3, 0]",2245.3659766460946,2245.3659766460946,0.0,True,True,0.0074373999996169,263.57421875,263.578125,0.00390625,9.0,,True,"{""finite_edges"": true, ""instance_metadata"": {""complete"": true, ""instance_type"": ""euclidean"", ""n"": 5, ""points"": [[261.6121342493164, 298.4911434141233], [814.2257405942803, 91.91594213509691], [600.100525965654, 728.5605268117946], [187.90107336660344, 55.14662733306819], [274.9693679060381, 657.4330148755926]], ""scale"": 1000.0, ""seed"": 2, ""symmetric"": true}, ""n_layers"": null, ""normalization_factor"": 789.553461606053, ""normalize"": true, ""optimum_status"": ""ok"", ""seed"": 0, ""tau"": 9.0, ""valid_route"": true}"
tau_sweep,tau_sweep_euclidean_n5_seed2,euclidean,5,2,tn_exact,ok,"[4, 2, 1, 3, 0]",2245.3659766460946,2245.3659766460946,0.0,True,True,0.0079763000003367,263.578125,263.64453125,0.06640625,10.0,,True,"{""finite_edges"": true, ""instance_metadata"": {""complete"": true, ""instance_type"": ""euclidean"", ""n"": 5, ""points"": [[261.6121342493164, 298.4911434141233], [814.2257405942803, 91.91594213509691], [600.100525965654, 728.5605268117946], [187.90107336660344, 55.14662733306819], [274.9693679060381, 657.4330148755926]], ""scale"": 1000.0, ""seed"": 2, ""symmetric"": true}, ""n_layers"": null, ""normalization_factor"": 789.553461606053, ""normalize"": true, ""optimum_status"": ""ok"", ""seed"": 0, ""tau"": 10.0, ""valid_route"": true}"
tau_sweep,tau_sweep_euclidean_n5_seed2,euclidean,5,2,tn_exact,ok,"[4, 2, 1, 3, 0]",2245.3659766460946,2245.3659766460946,0.0,True,True,0.0081360999997741,263.64453125,263.671875,0.02734375,12.0,,True,"{""finite_edges"": true, ""instance_metadata"": {""complete"": true, ""instance_type"": ""euclidean"", ""n"": 5, ""points"": [[261.6121342493164, 298.4911434141233], [814.2257405942803, 91.91594213509691], [600.100525965654, 728.5605268117946], [187.90107336660344, 55.14662733306819], [274.9693679060381, 657.4330148755926]], ""scale"": 1000.0, ""seed"": 2, ""symmetric"": true}, ""n_layers"": null, ""normalization_factor"": 789.553461606053, ""normalize"": true, ""optimum_status"": ""ok"", ""seed"": 0, ""tau"": 12.0, ""valid_route"": true}"
tau_sweep,tau_sweep_random_symmetric_n5_seed2,random_symmetric,5,2,tn_exact,ok,"[4, 3, 0, 1, 2]",214.59148911323305,214.591489113233,1.3244565079375907e-16,True,True,0.007586799999899,263.671875,263.671875,0.0,2.0,,True,"{""finite_edges"": true, ""instance_metadata"": {""complete"": true, ""high"": 100.0, ""instance_type"": ""random_symmetric"", ""low"": 1.0, ""n"": 5, ""seed"": 2, ""symmetric"": true}, ""n_layers"": null, ""normalization_factor"": 69.13632446704806, ""normalize"": true, ""optimum_status"": ""ok"", ""seed"": 0, ""tau"": 2.0, ""valid_route"": true}"
tau_sweep,tau_sweep_random_symmetric_n5_seed2,random_symmetric,5,2,tn_exact,ok,"[4, 3, 0, 1, 2]",214.59148911323305,214.591489113233,1.3244565079375907e-16,True,True,0.0078072999999676,263.671875,263.671875,0.0,3.0,,True,"{""finite_edges"": true, ""instance_metadata"": {""complete"": true, ""high"": 100.0, ""instance_type"": ""random_symmetric"", ""low"": 1.0, ""n"": 5, ""seed"": 2, ""symmetric"": true}, ""n_layers"": null, ""normalization_factor"": 69.13632446704806, ""normalize"": true, ""optimum_status"": ""ok"", ""seed"": 0, ""tau"": 3.0, ""valid_route"": true}"
tau_sweep,tau_sweep_random_symmetric_n5_seed2,random_symmetric,5,2,tn_exact,ok,"[4, 3, 0, 1, 2]",214.59148911323305,214.591489113233,1.3244565079375907e-16,True,True,0.007793500000389,263.671875,263.671875,0.0,4.0,,True,"{""finite_edges"": true, ""instance_metadata"": {""complete"": true, ""high"": 100.0, ""instance_type"": ""random_symmetric"", ""low"": 1.0, ""n"": 5, ""seed"": 2, ""symmetric"": true}, ""n_layers"": null, ""normalization_factor"": 69.13632446704806, ""normalize"": true, ""optimum_status"": ""ok"", ""seed"": 0, ""tau"": 4.0, ""valid_route"": true}"
tau_sweep,tau_sweep_random_symmetric_n5_seed2,random_symmetric,5,2,tn_exact,ok,"[4, 3, 0, 1, 2]",214.59148911323305,214.591489113233,1.3244565079375907e-16,True,True,0.0079390999999304,263.671875,263.67578125,0.00390625,5.0,,True,"{""finite_edges"": true, ""instance_metadata"": {""complete"": true, ""high"": 100.0, ""instance_type"": ""random_symmetric"", ""low"": 1.0, ""n"": 5, ""seed"": 2, ""symmetric"": true}, ""n_layers"": null, ""normalization_factor"": 69.13632446704806, ""normalize"": true, ""optimum_status"": ""ok"", ""seed"": 0, ""tau"": 5.0, ""valid_route"": true}"
tau_sweep,tau_sweep_random_symmetric_n5_seed2,random_symmetric,5,2,tn_exact,ok,"[4, 3, 0, 1, 2]",214.59148911323305,214.591489113233,1.3244565079375907e-16,True,True,0.0076601999999184,263.6796875,263.73828125,0.05859375,6.0,,True,"{""finite_edges"": true, ""instance_metadata"": {""complete"": true, ""high"": 100.0, ""instance_type"": ""random_symmetric"", ""low"": 1.0, ""n"": 5, ""seed"": 2, ""symmetric"": true}, ""n_layers"": null, ""normalization_factor"": 69.13632446704806, ""normalize"": true, ""optimum_status"": ""ok"", ""seed"": 0, ""tau"": 6.0, ""valid_route"": true}"
tau_sweep,tau_sweep_random_symmetric_n5_seed2,random_symmetric,5,2,tn_exact,ok,"[4, 3, 0, 1, 2]",214.59148911323305,214.591489113233,1.3244565079375907e-16,True,True,0.0082828999998127,263.73828125,263.73828125,0.0,7.0,,True,"{""finite_edges"": true, ""instance_metadata"": {""complete"": true, ""high"": 100.0, ""instance_type"": ""random_symmetric"", ""low"": 1.0, ""n"": 5, ""seed"": 2, ""symmetric"": true}, ""n_layers"": null, ""normalization_factor"": 69.13632446704806, ""normalize"": true, ""optimum_status"": ""ok"", ""seed"": 0, ""tau"": 7.0, ""valid_route"": true}"
tau_sweep,tau_sweep_random_symmetric_n5_seed2,random_symmetric,5,2,tn_exact,ok,"[4, 3, 0, 1, 2]",214.59148911323305,214.591489113233,1.3244565079375907e-16,True,True,0.0078495999996448,263.73828125,263.73828125,0.0,8.0,,True,"{""finite_edges"": true, ""instance_metadata"": {""complete"": true, ""high"": 100.0, ""instance_type"": ""random_symmetric"", ""low"": 1.0, ""n"": 5, ""seed"": 2, ""symmetric"": true}, ""n_layers"": null, ""normalization_factor"": 69.13632446704806, ""normalize"": true, ""optimum_status"": ""ok"", ""seed"": 0, ""tau"": 8.0, ""valid_route"": true}"
tau_sweep,tau_sweep_random_symmetric_n5_seed2,random_symmetric,5,2,tn_exact,ok,"[4, 3, 0, 1, 2]",214.59148911323305,214.591489113233,1.3244565079375907e-16,True,True,0.0074367000001984,263.73828125,263.73828125,0.0,9.0,,True,"{""finite_edges"": true, ""instance_metadata"": {""complete"": true, ""high"": 100.0, ""instance_type"": ""random_symmetric"", ""low"": 1.0, ""n"": 5, ""seed"": 2, ""symmetric"": true}, ""n_layers"": null, ""normalization_factor"": 69.13632446704806, ""normalize"": true, ""optimum_status"": ""ok"", ""seed"": 0, ""tau"": 9.0, ""valid_route"": true}"
tau_sweep,tau_sweep_random_symmetric_n5_seed2,random_symmetric,5,2,tn_exact,ok,"[4, 3, 0, 1, 2]",214.59148911323305,214.591489113233,1.3244565079375907e-16,True,True,0.0080227999997077,263.73828125,263.73828125,0.0,10.0,,True,"{""finite_edges"": true, ""instance_metadata"": {""complete"": true, ""high"": 100.0, ""instance_type"": ""random_symmetric"", ""low"": 1.0, ""n"": 5, ""seed"": 2, ""symmetric"": true}, ""n_layers"": null, ""normalization_factor"": 69.13632446704806, ""normalize"": true, ""optimum_status"": ""ok"", ""seed"": 0, ""tau"": 10.0, ""valid_route"": true}"
tau_sweep,tau_sweep_random_symmetric_n5_seed2,random_symmetric,5,2,tn_exact,ok,"[4, 3, 0, 1, 2]",214.59148911323305,214.591489113233,1.3244565079375907e-16,True,True,0.0079447999996773,263.73828125,263.7578125,0.01953125,12.0,,True,"{""finite_edges"": true, ""instance_metadata"": {""complete"": true, ""high"": 100.0, ""instance_type"": ""random_symmetric"", ""low"": 1.0, ""n"": 5, ""seed"": 2, ""symmetric"": true}, ""n_layers"": null, ""normalization_factor"": 69.13632446704806, ""normalize"": true, ""optimum_status"": ""ok"", ""seed"": 0, ""tau"": 12.0, ""valid_route"": true}"
tau_sweep,tau_sweep_random_asymmetric_n5_seed2,random_asymmetric,5,2,tn_exact,ok,"[4, 0, 1, 2, 3]",159.05868215674076,144.35703077828856,0.1018422954475407,True,True,0.007447299999967,263.7578125,263.7578125,0.0,2.0,,True,"{""finite_edges"": true, ""instance_metadata"": {""complete"": true, ""high"": 100.0, ""instance_type"": ""random_asymmetric"", ""low"": 1.0, ""n"": 5, ""seed"": 2, ""symmetric"": false}, ""n_layers"": null, ""normalization_factor"": 96.77615929687398, ""normalize"": true, ""optimum_status"": ""ok"", ""seed"": 0, ""tau"": 2.0, ""valid_route"": true}"
tau_sweep,tau_sweep_random_asymmetric_n5_seed2,random_asymmetric,5,2,tn_exact,ok,"[4, 0, 1, 2, 3]",159.05868215674076,144.35703077828856,0.1018422954475407,True,True,0.0075185000000601,263.7578125,263.7578125,0.0,3.0,,True,"{""finite_edges"": true, ""instance_metadata"": {""complete"": true, ""high"": 100.0, ""instance_type"": ""random_asymmetric"", ""low"": 1.0, ""n"": 5, ""seed"": 2, ""symmetric"": false}, ""n_layers"": null, ""normalization_factor"": 96.77615929687398, ""normalize"": true, ""optimum_status"": ""ok"", ""seed"": 0, ""tau"": 3.0, ""valid_route"": true}"
tau_sweep,tau_sweep_random_asymmetric_n5_seed2,random_asymmetric,5,2,tn_exact,ok,"[4, 0, 1, 2, 3]",159.05868215674076,144.35703077828856,0.1018422954475407,True,True,0.0074568999998518,263.7578125,263.7578125,0.0,4.0,,True,"{""finite_edges"": true, ""instance_metadata"": {""complete"": true, ""high"": 100.0, ""instance_type"": ""random_asymmetric"", ""low"": 1.0, ""n"": 5, ""seed"": 2, ""symmetric"": false}, ""n_layers"": null, ""normalization_factor"": 96.77615929687398, ""normalize"": true, ""optimum_status"": ""ok"", ""seed"": 0, ""tau"": 4.0, ""valid_route"": true}"
tau_sweep,tau_sweep_random_asymmetric_n5_seed2,random_asymmetric,5,2,tn_exact,ok,"[4, 1, 2, 0, 3]",144.35703077828856,144.35703077828856,0.0,True,True,0.007828100000097,263.76171875,263.76171875,0.0,5.0,,True,"{""finite_edges"": true, ""instance_metadata"": {""complete"": true, ""high"": 100.0, ""instance_type"": ""random_asymmetric"", ""low"": 1.0, ""n"": 5, ""seed"": 2, ""symmetric"": false}, ""n_layers"": null, ""normalization_factor"": 96.77615929687398, ""normalize"": true, ""optimum_status"": ""ok"", ""seed"": 0, ""tau"": 5.0, ""valid_route"": true}"
tau_sweep,tau_sweep_random_asymmetric_n5_seed2,random_asymmetric,5,2,tn_exact,ok,"[4, 1, 2, 0, 3]",144.35703077828856,144.35703077828856,0.0,True,True,0.0085041000002092,263.76171875,263.78125,0.01953125,6.0,,True,"{""finite_edges"": true, ""instance_metadata"": {""complete"": true, ""high"": 100.0, ""instance_type"": ""random_asymmetric"", ""low"": 1.0, ""n"": 5, ""seed"": 2, ""symmetric"": false}, ""n_layers"": null, ""normalization_factor"": 96.77615929687398, ""normalize"": true, ""optimum_status"": ""ok"", ""seed"": 0, ""tau"": 6.0, ""valid_route"": true}"
tau_sweep,tau_sweep_random_asymmetric_n5_seed2,random_asymmetric,5,2,tn_exact,ok,"[4, 1, 2, 0, 3]",144.35703077828856,144.35703077828856,0.0,True,True,0.0076380000000426,263.78125,263.78125,0.0,7.0,,True,"{""finite_edges"": true, ""instance_metadata"": {""complete"": true, ""high"": 100.0, ""instance_type"": ""random_asymmetric"", ""low"": 1.0, ""n"": 5, ""seed"": 2, ""symmetric"": false}, ""n_layers"": null, ""normalization_factor"": 96.77615929687398, ""normalize"": true, ""optimum_status"": ""ok"", ""seed"": 0, ""tau"": 7.0, ""valid_route"": true}"
tau_sweep,tau_sweep_random_asymmetric_n5_seed2,random_asymmetric,5,2,tn_exact,ok,"[4, 1, 2, 0, 3]",144.35703077828856,144.35703077828856,0.0,True,True,0.0079863000000841,263.78125,263.78125,0.0,8.0,,True,"{""finite_edges"": true, ""instance_metadata"": {""complete"": true, ""high"": 100.0, ""instance_type"": ""random_asymmetric"", ""low"": 1.0, ""n"": 5, ""seed"": 2, ""symmetric"": false}, ""n_layers"": null, ""normalization_factor"": 96.77615929687398, ""normalize"": true, ""optimum_status"": ""ok"", ""seed"": 0, ""tau"": 8.0, ""valid_route"": true}"
tau_sweep,tau_sweep_random_asymmetric_n5_seed2,random_asymmetric,5,2,tn_exact,ok,"[4, 1, 2, 0, 3]",144.35703077828856,144.35703077828856,0.0,True,True,0.0078729000001658,263.78125,263.78515625,0.00390625,9.0,,True,"{""finite_edges"": true, ""instance_metadata"": {""complete"": true, ""high"": 100.0, ""instance_type"": ""random_asymmetric"", ""low"": 1.0, ""n"": 5, ""seed"": 2, ""symmetric"": false}, ""n_layers"": null, ""normalization_factor"": 96.77615929687398, ""normalize"": true, ""optimum_status"": ""ok"", ""seed"": 0, ""tau"": 9.0, ""valid_route"": true}"
tau_sweep,tau_sweep_random_asymmetric_n5_seed2,random_asymmetric,5,2,tn_exact,ok,"[4, 1, 2, 0, 3]",144.35703077828856,144.35703077828856,0.0,True,True,0.0078121000001374,263.78515625,263.78515625,0.0,10.0,,True,"{""finite_edges"": true, ""instance_metadata"": {""complete"": true, ""high"": 100.0, ""instance_type"": ""random_asymmetric"", ""low"": 1.0, ""n"": 5, ""seed"": 2, ""symmetric"": false}, ""n_layers"": null, ""normalization_factor"": 96.77615929687398, ""normalize"": true, ""optimum_status"": ""ok"", ""seed"": 0, ""tau"": 10.0, ""valid_route"": true}"
tau_sweep,tau_sweep_random_asymmetric_n5_seed2,random_asymmetric,5,2,tn_exact,ok,"[4, 1, 2, 0, 3]",144.35703077828856,144.35703077828856,0.0,True,True,0.0077315999997153,263.78515625,263.92578125,0.140625,12.0,,True,"{""finite_edges"": true, ""instance_metadata"": {""complete"": true, ""high"": 100.0, ""instance_type"": ""random_asymmetric"", ""low"": 1.0, ""n"": 5, ""seed"": 2, ""symmetric"": false}, ""n_layers"": null, ""normalization_factor"": 96.77615929687398, ""normalize"": true, ""optimum_status"": ""ok"", ""seed"": 0, ""tau"": 12.0, ""valid_route"": true}"
tau_sweep,tau_sweep_euclidean_n5_seed3,euclidean,5,3,tn_exact,ok,"[4, 1, 2, 0, 3]",2052.9194068712777,2052.9194068712777,0.0,True,True,0.0076819000000796,263.92578125,263.9296875,0.00390625,2.0,,True,"{""finite_edges"": true, ""instance_metadata"": {""complete"": true, ""instance_type"": ""euclidean"", ""n"": 5, ""points"": [[85.64916714362437, 236.8105065960997], [801.2744652063969, 582.1620360643678], [94.12864224039919, 433.1269402364738], [479.05129814083404, 159.73891463707858], [734.5771514092145, 113.6720199214034]], ""scale"": 1000.0, ""seed"": 3, ""symmetric"": true}, ""n_layers"": null, ""normalization_factor"": 794.5987957035325, ""normalize"": true, ""optimum_status"": ""ok"", ""seed"": 0, ""tau"": 2.0, ""valid_route"": true}"
tau_sweep,tau_sweep_euclidean_n5_seed3,euclidean,5,3,tn_exact,ok,"[4, 1, 2, 0, 3]",2052.9194068712777,2052.9194068712777,0.0,True,True,0.0076699999999618,263.9296875,263.9296875,0.0,3.0,,True,"{""finite_edges"": true, ""instance_metadata"": {""complete"": true, ""instance_type"": ""euclidean"", ""n"": 5, ""points"": [[85.64916714362437, 236.8105065960997], [801.2744652063969, 582.1620360643678], [94.12864224039919, 433.1269402364738], [479.05129814083404, 159.73891463707858], [734.5771514092145, 113.6720199214034]], ""scale"": 1000.0, ""seed"": 3, ""symmetric"": true}, ""n_layers"": null, ""normalization_factor"": 794.5987957035325, ""normalize"": true, ""optimum_status"": ""ok"", ""seed"": 0, ""tau"": 3.0, ""valid_route"": true}"
tau_sweep,tau_sweep_euclidean_n5_seed3,euclidean,5,3,tn_exact,ok,"[4, 1, 2, 0, 3]",2052.9194068712777,2052.9194068712777,0.0,True,True,0.0075035999998362,263.9296875,263.9296875,0.0,4.0,,True,"{""finite_edges"": true, ""instance_metadata"": {""complete"": true, ""instance_type"": ""euclidean"", ""n"": 5, ""points"": [[85.64916714362437, 236.8105065960997], [801.2744652063969, 582.1620360643678], [94.12864224039919, 433.1269402364738], [479.05129814083404, 159.73891463707858], [734.5771514092145, 113.6720199214034]], ""scale"": 1000.0, ""seed"": 3, ""symmetric"": true}, ""n_layers"": null, ""normalization_factor"": 794.5987957035325, ""normalize"": true, ""optimum_status"": ""ok"", ""seed"": 0, ""tau"": 4.0, ""valid_route"": true}"
tau_sweep,tau_sweep_euclidean_n5_seed3,euclidean,5,3,tn_exact,ok,"[4, 1, 2, 0, 3]",2052.9194068712777,2052.9194068712777,0.0,True,True,0.0075751999997919,263.9296875,263.93359375,0.00390625,5.0,,True,"{""finite_edges"": true, ""instance_metadata"": {""complete"": true, ""instance_type"": ""euclidean"", ""n"": 5, ""points"": [[85.64916714362437, 236.8105065960997], [801.2744652063969, 582.1620360643678], [94.12864224039919, 433.1269402364738], [479.05129814083404, 159.73891463707858], [734.5771514092145, 113.6720199214034]], ""scale"": 1000.0, ""seed"": 3, ""symmetric"": true}, ""n_layers"": null, ""normalization_factor"": 794.5987957035325, ""normalize"": true, ""optimum_status"": ""ok"", ""seed"": 0, ""tau"": 5.0, ""valid_route"": true}"
tau_sweep,tau_sweep_euclidean_n5_seed3,euclidean,5,3,tn_exact,ok,"[4, 1, 2, 0, 3]",2052.9194068712777,2052.9194068712777,0.0,True,True,0.0084020000003874,263.93359375,263.96875,0.03515625,6.0,,True,"{""finite_edges"": true, ""instance_metadata"": {""complete"": true, ""instance_type"": ""euclidean"", ""n"": 5, ""points"": [[85.64916714362437, 236.8105065960997], [801.2744652063969, 582.1620360643678], [94.12864224039919, 433.1269402364738], [479.05129814083404, 159.73891463707858], [734.5771514092145, 113.6720199214034]], ""scale"": 1000.0, ""seed"": 3, ""symmetric"": true}, ""n_layers"": null, ""normalization_factor"": 794.5987957035325, ""normalize"": true, ""optimum_status"": ""ok"", ""seed"": 0, ""tau"": 6.0, ""valid_route"": true}"
tau_sweep,tau_sweep_euclidean_n5_seed3,euclidean,5,3,tn_exact,ok,"[4, 1, 2, 0, 3]",2052.9194068712777,2052.9194068712777,0.0,True,True,0.0075299999998605,263.96875,263.96875,0.0,7.0,,True,"{""finite_edges"": true, ""instance_metadata"": {""complete"": true, ""instance_type"": ""euclidean"", ""n"": 5, ""points"": [[85.64916714362437, 236.8105065960997], [801.2744652063969, 582.1620360643678], [94.12864224039919, 433.1269402364738], [479.05129814083404, 159.73891463707858], [734.5771514092145, 113.6720199214034]], ""scale"": 1000.0, ""seed"": 3, ""symmetric"": true}, ""n_layers"": null, ""normalization_factor"": 794.5987957035325, ""normalize"": true, ""optimum_status"": ""ok"", ""seed"": 0, ""tau"": 7.0, ""valid_route"": true}"
tau_sweep,tau_sweep_euclidean_n5_seed3,euclidean,5,3,tn_exact,ok,"[4, 1, 2, 0, 3]",2052.9194068712777,2052.9194068712777,0.0,True,True,0.0075722999999925,263.96875,263.97265625,0.00390625,8.0,,True,"{""finite_edges"": true, ""instance_metadata"": {""complete"": true, ""instance_type"": ""euclidean"", ""n"": 5, ""points"": [[85.64916714362437, 236.8105065960997], [801.2744652063969, 582.1620360643678], [94.12864224039919, 433.1269402364738], [479.05129814083404, 159.73891463707858], [734.5771514092145, 113.6720199214034]], ""scale"": 1000.0, ""seed"": 3, ""symmetric"": true}, ""n_layers"": null, ""normalization_factor"": 794.5987957035325, ""normalize"": true, ""optimum_status"": ""ok"", ""seed"": 0, ""tau"": 8.0, ""valid_route"": true}"
tau_sweep,tau_sweep_euclidean_n5_seed3,euclidean,5,3,tn_exact,ok,"[4, 1, 2, 0, 3]",2052.9194068712777,2052.9194068712777,0.0,True,True,0.0078989999997247,263.97265625,263.97265625,0.0,9.0,,True,"{""finite_edges"": true, ""instance_metadata"": {""complete"": true, ""instance_type"": ""euclidean"", ""n"": 5, ""points"": [[85.64916714362437, 236.8105065960997], [801.2744652063969, 582.1620360643678], [94.12864224039919, 433.1269402364738], [479.05129814083404, 159.73891463707858], [734.5771514092145, 113.6720199214034]], ""scale"": 1000.0, ""seed"": 3, ""symmetric"": true}, ""n_layers"": null, ""normalization_factor"": 794.5987957035325, ""normalize"": true, ""optimum_status"": ""ok"", ""seed"": 0, ""tau"": 9.0, ""valid_route"": true}"
tau_sweep,tau_sweep_euclidean_n5_seed3,euclidean,5,3,tn_exact,ok,"[4, 1, 2, 0, 3]",2052.9194068712777,2052.9194068712777,0.0,True,True,0.0080900000002657,263.97265625,263.97265625,0.0,10.0,,True,"{""finite_edges"": true, ""instance_metadata"": {""complete"": true, ""instance_type"": ""euclidean"", ""n"": 5, ""points"": [[85.64916714362437, 236.8105065960997], [801.2744652063969, 582.1620360643678], [94.12864224039919, 433.1269402364738], [479.05129814083404, 159.73891463707858], [734.5771514092145, 113.6720199214034]], ""scale"": 1000.0, ""seed"": 3, ""symmetric"": true}, ""n_layers"": null, ""normalization_factor"": 794.5987957035325, ""normalize"": true, ""optimum_status"": ""ok"", ""seed"": 0, ""tau"": 10.0, ""valid_route"": true}"
tau_sweep,tau_sweep_euclidean_n5_seed3,euclidean,5,3,tn_exact,ok,"[4, 1, 2, 0, 3]",2052.9194068712777,2052.9194068712777,0.0,True,True,0.008126099999572,263.97265625,263.98828125,0.015625,12.0,,True,"{""finite_edges"": true, ""instance_metadata"": {""complete"": true, ""instance_type"": ""euclidean"", ""n"": 5, ""points"": [[85.64916714362437, 236.8105065960997], [801.2744652063969, 582.1620360643678], [94.12864224039919, 433.1269402364738], [479.05129814083404, 159.73891463707858], [734.5771514092145, 113.6720199214034]], ""scale"": 1000.0, ""seed"": 3, ""symmetric"": true}, ""n_layers"": null, ""normalization_factor"": 794.5987957035325, ""normalize"": true, ""optimum_status"": ""ok"", ""seed"": 0, ""tau"": 12.0, ""valid_route"": true}"
tau_sweep,tau_sweep_random_symmetric_n5_seed3,random_symmetric,5,3,tn_exact,ok,"[4, 0, 1, 2, 3]",167.5623460705495,167.5623460705495,0.0,True,True,0.0073506999997334,263.98828125,263.98828125,0.0,2.0,,True,"{""finite_edges"": true, ""instance_metadata"": {""complete"": true, ""high"": 100.0, ""instance_type"": ""random_symmetric"", ""low"": 1.0, ""n"": 5, ""seed"": 3, ""symmetric"": true}, ""n_layers"": null, ""normalization_factor"": 77.15224989957308, ""normalize"": true, ""optimum_status"": ""ok"", ""seed"": 0, ""tau"": 2.0, ""valid_route"": true}"
tau_sweep,tau_sweep_random_symmetric_n5_seed3,random_symmetric,5,3,tn_exact,ok,"[4, 0, 1, 2, 3]",167.5623460705495,167.5623460705495,0.0,True,True,0.0072860000000218,263.98828125,263.9921875,0.00390625,3.0,,True,"{""finite_edges"": true, ""instance_metadata"": {""complete"": true, ""high"": 100.0, ""instance_type"": ""random_symmetric"", ""low"": 1.0, ""n"": 5, ""seed"": 3, ""symmetric"": true}, ""n_layers"": null, ""normalization_factor"": 77.15224989957308, ""normalize"": true, ""optimum_status"": ""ok"", ""seed"": 0, ""tau"": 3.0, ""valid_route"": true}"
tau_sweep,tau_sweep_random_symmetric_n5_seed3,random_symmetric,5,3,tn_exact,ok,"[4, 0, 1, 2, 3]",167.5623460705495,167.5623460705495,0.0,True,True,0.0085027000000081,263.99609375,263.99609375,0.0,4.0,,True,"{""finite_edges"": true, ""instance_metadata"": {""complete"": true, ""high"": 100.0, ""instance_type"": ""random_symmetric"", ""low"": 1.0, ""n"": 5, ""seed"": 3, ""symmetric"": true}, ""n_layers"": null, ""normalization_factor"": 77.15224989957308, ""normalize"": true, ""optimum_status"": ""ok"", ""seed"": 0, ""tau"": 4.0, ""valid_route"": true}"
tau_sweep,tau_sweep_random_symmetric_n5_seed3,random_symmetric,5,3,tn_exact,ok,"[4, 0, 1, 2, 3]",167.5623460705495,167.5623460705495,0.0,True,True,0.0081620000000839,263.99609375,263.99609375,0.0,5.0,,True,"{""finite_edges"": true, ""instance_metadata"": {""complete"": true, ""high"": 100.0, ""instance_type"": ""random_symmetric"", ""low"": 1.0, ""n"": 5, ""seed"": 3, ""symmetric"": true}, ""n_layers"": null, ""normalization_factor"": 77.15224989957308, ""normalize"": true, ""optimum_status"": ""ok"", ""seed"": 0, ""tau"": 5.0, ""valid_route"": true}"
tau_sweep,tau_sweep_random_symmetric_n5_seed3,random_symmetric,5,3,tn_exact,ok,"[4, 0, 1, 2, 3]",167.5623460705495,167.5623460705495,0.0,True,True,0.007604800000081,263.99609375,264.04296875,0.046875,6.0,,True,"{""finite_edges"": true, ""instance_metadata"": {""complete"": true, ""high"": 100.0, ""instance_type"": ""random_symmetric"", ""low"": 1.0, ""n"": 5, ""seed"": 3, ""symmetric"": true}, ""n_layers"": null, ""normalization_factor"": 77.15224989957308, ""normalize"": true, ""optimum_status"": ""ok"", ""seed"": 0, ""tau"": 6.0, ""valid_route"": true}"
tau_sweep,tau_sweep_random_symmetric_n5_seed3,random_symmetric,5,3,tn_exact,ok,"[4, 0, 1, 2, 3]",167.5623460705495,167.5623460705495,0.0,True,True,0.013893299999836,264.04296875,264.046875,0.00390625,7.0,,True,"{""finite_edges"": true, ""instance_metadata"": {""complete"": true, ""high"": 100.0, ""instance_type"": ""random_symmetric"", ""low"": 1.0, ""n"": 5, ""seed"": 3, ""symmetric"": true}, ""n_layers"": null, ""normalization_factor"": 77.15224989957308, ""normalize"": true, ""optimum_status"": ""ok"", ""seed"": 0, ""tau"": 7.0, ""valid_route"": true}"
tau_sweep,tau_sweep_random_symmetric_n5_seed3,random_symmetric,5,3,tn_exact,ok,"[4, 0, 1, 2, 3]",167.5623460705495,167.5623460705495,0.0,True,True,0.0100370000000111,264.046875,264.046875,0.0,8.0,,True,"{""finite_edges"": true, ""instance_metadata"": {""complete"": true, ""high"": 100.0, ""instance_type"": ""random_symmetric"", ""low"": 1.0, ""n"": 5, ""seed"": 3, ""symmetric"": true}, ""n_layers"": null, ""normalization_factor"": 77.15224989957308, ""normalize"": true, ""optimum_status"": ""ok"", ""seed"": 0, ""tau"": 8.0, ""valid_route"": true}"
tau_sweep,tau_sweep_random_symmetric_n5_seed3,random_symmetric,5,3,tn_exact,ok,"[4, 0, 1, 2, 3]",167.5623460705495,167.5623460705495,0.0,True,True,0.007868199999848,264.046875,264.046875,0.0,9.0,,True,"{""finite_edges"": true, ""instance_metadata"": {""complete"": true, ""high"": 100.0, ""instance_type"": ""random_symmetric"", ""low"": 1.0, ""n"": 5, ""seed"": 3, ""symmetric"": true}, ""n_layers"": null, ""normalization_factor"": 77.15224989957308, ""normalize"": true, ""optimum_status"": ""ok"", ""seed"": 0, ""tau"": 9.0, ""valid_route"": true}"
tau_sweep,tau_sweep_random_symmetric_n5_seed3,random_symmetric,5,3,tn_exact,ok,"[4, 0, 1, 2, 3]",167.5623460705495,167.5623460705495,0.0,True,True,0.0079295000000456,264.046875,264.05078125,0.00390625,10.0,,True,"{""finite_edges"": true, ""instance_metadata"": {""complete"": true, ""high"": 100.0, ""instance_type"": ""random_symmetric"", ""low"": 1.0, ""n"": 5, ""seed"": 3, ""symmetric"": true}, ""n_layers"": null, ""normalization_factor"": 77.15224989957308, ""normalize"": true, ""optimum_status"": ""ok"", ""seed"": 0, ""tau"": 10.0, ""valid_route"": true}"
tau_sweep,tau_sweep_random_symmetric_n5_seed3,random_symmetric,5,3,tn_exact,ok,"[4, 0, 1, 2, 3]",167.5623460705495,167.5623460705495,0.0,True,True,0.0073016999999708,264.05078125,264.05078125,0.0,12.0,,True,"{""finite_edges"": true, ""instance_metadata"": {""complete"": true, ""high"": 100.0, ""instance_type"": ""random_symmetric"", ""low"": 1.0, ""n"": 5, ""seed"": 3, ""symmetric"": true}, ""n_layers"": null, ""normalization_factor"": 77.15224989957308, ""normalize"": true, ""optimum_status"": ""ok"", ""seed"": 0, ""tau"": 12.0, ""valid_route"": true}"
tau_sweep,tau_sweep_random_asymmetric_n5_seed3,random_asymmetric,5,3,tn_exact,ok,"[4, 0, 1, 2, 3]",131.47832369407158,128.08500840247055,0.026492681180443,True,True,0.0082193000002916,264.05078125,264.0546875,0.00390625,2.0,,True,"{""finite_edges"": true, ""instance_metadata"": {""complete"": true, ""high"": 100.0, ""instance_type"": ""random_asymmetric"", ""low"": 1.0, ""n"": 5, ""seed"": 3, ""symmetric"": false}, ""n_layers"": null, ""normalization_factor"": 97.37256720187486, ""normalize"": true, ""optimum_status"": ""ok"", ""seed"": 0, ""tau"": 2.0, ""valid_route"": true}"
tau_sweep,tau_sweep_random_asymmetric_n5_seed3,random_asymmetric,5,3,tn_exact,ok,"[4, 0, 1, 2, 3]",131.47832369407158,128.08500840247055,0.026492681180443,True,True,0.0074635999999372,264.05859375,264.05859375,0.0,3.0,,True,"{""finite_edges"": true, ""instance_metadata"": {""complete"": true, ""high"": 100.0, ""instance_type"": ""random_asymmetric"", ""low"": 1.0, ""n"": 5, ""seed"": 3, ""symmetric"": false}, ""n_layers"": null, ""normalization_factor"": 97.37256720187486, ""normalize"": true, ""optimum_status"": ""ok"", ""seed"": 0, ""tau"": 3.0, ""valid_route"": true}"
tau_sweep,tau_sweep_random_asymmetric_n5_seed3,random_asymmetric,5,3,tn_exact,ok,"[4, 3, 1, 2, 0]",128.08500840247055,128.08500840247055,0.0,True,True,0.0080649999999877,264.05859375,264.05859375,0.0,4.0,,True,"{""finite_edges"": true, ""instance_metadata"": {""complete"": true, ""high"": 100.0, ""instance_type"": ""random_asymmetric"", ""low"": 1.0, ""n"": 5, ""seed"": 3, ""symmetric"": false}, ""n_layers"": null, ""normalization_factor"": 97.37256720187486, ""normalize"": true, ""optimum_status"": ""ok"", ""seed"": 0, ""tau"": 4.0, ""valid_route"": true}"
tau_sweep,tau_sweep_random_asymmetric_n5_seed3,random_asymmetric,5,3,tn_exact,ok,"[4, 3, 1, 2, 0]",128.08500840247055,128.08500840247055,0.0,True,True,0.0080174999998234,264.05859375,264.05859375,0.0,5.0,,True,"{""finite_edges"": true, ""instance_metadata"": {""complete"": true, ""high"": 100.0, ""instance_type"": ""random_asymmetric"", ""low"": 1.0, ""n"": 5, ""seed"": 3, ""symmetric"": false}, ""n_layers"": null, ""normalization_factor"": 97.37256720187486, ""normalize"": true, ""optimum_status"": ""ok"", ""seed"": 0, ""tau"": 5.0, ""valid_route"": true}"
tau_sweep,tau_sweep_random_asymmetric_n5_seed3,random_asymmetric,5,3,tn_exact,ok,"[4, 3, 1, 2, 0]",128.08500840247055,128.08500840247055,0.0,True,True,0.0076254999999036,264.05859375,264.06640625,0.0078125,6.0,,True,"{""finite_edges"": true, ""instance_metadata"": {""complete"": true, ""high"": 100.0, ""instance_type"": ""random_asymmetric"", ""low"": 1.0, ""n"": 5, ""seed"": 3, ""symmetric"": false}, ""n_layers"": null, ""normalization_factor"": 97.37256720187486, ""normalize"": true, ""optimum_status"": ""ok"", ""seed"": 0, ""tau"": 6.0, ""valid_route"": true}"
tau_sweep,tau_sweep_random_asymmetric_n5_seed3,random_asymmetric,5,3,tn_exact,ok,"[4, 3, 1, 2, 0]",128.08500840247055,128.08500840247055,0.0,True,True,0.0077421000000867,264.06640625,264.10546875,0.0390625,7.0,,True,"{""finite_edges"": true, ""instance_metadata"": {""complete"": true, ""high"": 100.0, ""instance_type"": ""random_asymmetric"", ""low"": 1.0, ""n"": 5, ""seed"": 3, ""symmetric"": false}, ""n_layers"": null, ""normalization_factor"": 97.37256720187486, ""normalize"": true, ""optimum_status"": ""ok"", ""seed"": 0, ""tau"": 7.0, ""valid_route"": true}"
tau_sweep,tau_sweep_random_asymmetric_n5_seed3,random_asymmetric,5,3,tn_exact,ok,"[4, 3, 1, 2, 0]",128.08500840247055,128.08500840247055,0.0,True,True,0.007604099999753,264.10546875,264.10546875,0.0,8.0,,True,"{""finite_edges"": true, ""instance_metadata"": {""complete"": true, ""high"": 100.0, ""instance_type"": ""random_asymmetric"", ""low"": 1.0, ""n"": 5, ""seed"": 3, ""symmetric"": false}, ""n_layers"": null, ""normalization_factor"": 97.37256720187486, ""normalize"": true, ""optimum_status"": ""ok"", ""seed"": 0, ""tau"": 8.0, ""valid_route"": true}"
tau_sweep,tau_sweep_random_asymmetric_n5_seed3,random_asymmetric,5,3,tn_exact,ok,"[4, 3, 1, 2, 0]",128.08500840247055,128.08500840247055,0.0,True,True,0.007775699999911,264.10546875,264.10546875,0.0,9.0,,True,"{""finite_edges"": true, ""instance_metadata"": {""complete"": true, ""high"": 100.0, ""instance_type"": ""random_asymmetric"", ""low"": 1.0, ""n"": 5, ""seed"": 3, ""symmetric"": false}, ""n_layers"": null, ""normalization_factor"": 97.37256720187486, ""normalize"": true, ""optimum_status"": ""ok"", ""seed"": 0, ""tau"": 9.0, ""valid_route"": true}"
tau_sweep,tau_sweep_random_asymmetric_n5_seed3,random_asymmetric,5,3,tn_exact,ok,"[4, 3, 1, 2, 0]",128.08500840247055,128.08500840247055,0.0,True,True,0.0075361000003795,264.10546875,264.10546875,0.0,10.0,,True,"{""finite_edges"": true, ""instance_metadata"": {""complete"": true, ""high"": 100.0, ""instance_type"": ""random_asymmetric"", ""low"": 1.0, ""n"": 5, ""seed"": 3, ""symmetric"": false}, ""n_layers"": null, ""normalization_factor"": 97.37256720187486, ""normalize"": true, ""optimum_status"": ""ok"", ""seed"": 0, ""tau"": 10.0, ""valid_route"": true}"
tau_sweep,tau_sweep_random_asymmetric_n5_seed3,random_asymmetric,5,3,tn_exact,ok,"[4, 3, 1, 2, 0]",128.08500840247055,128.08500840247055,0.0,True,True,0.0074860999998236,264.10546875,264.10546875,0.0,12.0,,True,"{""finite_edges"": true, ""instance_metadata"": {""complete"": true, ""high"": 100.0, ""instance_type"": ""random_asymmetric"", ""low"": 1.0, ""n"": 5, ""seed"": 3, ""symmetric"": false}, ""n_layers"": null, ""normalization_factor"": 97.37256720187486, ""normalize"": true, ""optimum_status"": ""ok"", ""seed"": 0, ""tau"": 12.0, ""valid_route"": true}"
tau_sweep,tau_sweep_euclidean_n5_seed4,euclidean,5,4,tn_exact,ok,"[4, 0, 1, 3, 2]",1301.491843157473,1301.491843157473,0.0,True,True,0.0457569000000148,264.109375,264.12890625,0.01953125,2.0,,True,"{""finite_edges"": true, ""instance_metadata"": {""complete"": true, ""instance_type"": ""euclidean"", ""n"": 5, ""points"": [[943.0561055723676, 511.3275528143616], [976.2437057077042, 80.83602389560218], [607.3558319950296, 376.48658437727255], [801.9012069858072, 174.52781614402846], [871.6352741876564, 543.9414007634982]], ""scale"": 1000.0, ""seed"": 4, ""symmetric"": true}, ""n_layers"": null, ""normalization_factor"": 474.7731184777004, ""normalize"": true, ""optimum_status"": ""ok"", ""seed"": 0, ""tau"": 2.0, ""valid_route"": true}"
tau_sweep,tau_sweep_euclidean_n5_seed4,euclidean,5,4,tn_exact,ok,"[4, 0, 1, 3, 2]",1301.491843157473,1301.491843157473,0.0,True,True,0.0072242000001097,264.12890625,264.12890625,0.0,3.0,,True,"{""finite_edges"": true, ""instance_metadata"": {""complete"": true, ""instance_type"": ""euclidean"", ""n"": 5, ""points"": [[943.0561055723676, 511.3275528143616], [976.2437057077042, 80.83602389560218], [607.3558319950296, 376.48658437727255], [801.9012069858072, 174.52781614402846], [871.6352741876564, 543.9414007634982]], ""scale"": 1000.0, ""seed"": 4, ""symmetric"": true}, ""n_layers"": null, ""normalization_factor"": 474.7731184777004, ""normalize"": true, ""optimum_status"": ""ok"", ""seed"": 0, ""tau"": 3.0, ""valid_route"": true}"
tau_sweep,tau_sweep_euclidean_n5_seed4,euclidean,5,4,tn_exact,ok,"[4, 0, 1, 3, 2]",1301.491843157473,1301.491843157473,0.0,True,True,0.00814390000005,264.12890625,264.12890625,0.0,4.0,,True,"{""finite_edges"": true, ""instance_metadata"": {""complete"": true, ""instance_type"": ""euclidean"", ""n"": 5, ""points"": [[943.0561055723676, 511.3275528143616], [976.2437057077042, 80.83602389560218], [607.3558319950296, 376.48658437727255], [801.9012069858072, 174.52781614402846], [871.6352741876564, 543.9414007634982]], ""scale"": 1000.0, ""seed"": 4, ""symmetric"": true}, ""n_layers"": null, ""normalization_factor"": 474.7731184777004, ""normalize"": true, ""optimum_status"": ""ok"", ""seed"": 0, ""tau"": 4.0, ""valid_route"": true}"
tau_sweep,tau_sweep_euclidean_n5_seed4,euclidean,5,4,tn_exact,ok,"[4, 0, 1, 3, 2]",1301.491843157473,1301.491843157473,0.0,True,True,0.0085683000002063,264.12890625,264.12890625,0.0,5.0,,True,"{""finite_edges"": true, ""instance_metadata"": {""complete"": true, ""instance_type"": ""euclidean"", ""n"": 5, ""points"": [[943.0561055723676, 511.3275528143616], [976.2437057077042, 80.83602389560218], [607.3558319950296, 376.48658437727255], [801.9012069858072, 174.52781614402846], [871.6352741876564, 543.9414007634982]], ""scale"": 1000.0, ""seed"": 4, ""symmetric"": true}, ""n_layers"": null, ""normalization_factor"": 474.7731184777004, ""normalize"": true, ""optimum_status"": ""ok"", ""seed"": 0, ""tau"": 5.0, ""valid_route"": true}"
tau_sweep,tau_sweep_euclidean_n5_seed4,euclidean,5,4,tn_exact,ok,"[4, 0, 1, 3, 2]",1301.491843157473,1301.491843157473,0.0,True,True,0.0076924999998482,264.12890625,264.12890625,0.0,6.0,,True,"{""finite_edges"": true, ""instance_metadata"": {""complete"": true, ""instance_type"": ""euclidean"", ""n"": 5, ""points"": [[943.0561055723676, 511.3275528143616], [976.2437057077042, 80.83602389560218], [607.3558319950296, 376.48658437727255], [801.9012069858072, 174.52781614402846], [871.6352741876564, 543.9414007634982]], ""scale"": 1000.0, ""seed"": 4, ""symmetric"": true}, ""n_layers"": null, ""normalization_factor"": 474.7731184777004, ""normalize"": true, ""optimum_status"": ""ok"", ""seed"": 0, ""tau"": 6.0, ""valid_route"": true}"
tau_sweep,tau_sweep_euclidean_n5_seed4,euclidean,5,4,tn_exact,ok,"[4, 0, 1, 3, 2]",1301.491843157473,1301.491843157473,0.0,True,True,0.0083504999997785,264.12890625,264.12890625,0.0,7.0,,True,"{""finite_edges"": true, ""instance_metadata"": {""complete"": true, ""instance_type"": ""euclidean"", ""n"": 5, ""points"": [[943.0561055723676, 511.3275528143616], [976.2437057077042, 80.83602389560218], [607.3558319950296, 376.48658437727255], [801.9012069858072, 174.52781614402846], [871.6352741876564, 543.9414007634982]], ""scale"": 1000.0, ""seed"": 4, ""symmetric"": true}, ""n_layers"": null, ""normalization_factor"": 474.7731184777004, ""normalize"": true, ""optimum_status"": ""ok"", ""seed"": 0, ""tau"": 7.0, ""valid_route"": true}"
tau_sweep,tau_sweep_euclidean_n5_seed4,euclidean,5,4,tn_exact,ok,"[4, 0, 1, 3, 2]",1301.491843157473,1301.491843157473,0.0,True,True,0.0075026999998044,264.12890625,264.12890625,0.0,8.0,,True,"{""finite_edges"": true, ""instance_metadata"": {""complete"": true, ""instance_type"": ""euclidean"", ""n"": 5, ""points"": [[943.0561055723676, 511.3275528143616], [976.2437057077042, 80.83602389560218], [607.3558319950296, 376.48658437727255], [801.9012069858072, 174.52781614402846], [871.6352741876564, 543.9414007634982]], ""scale"": 1000.0, ""seed"": 4, ""symmetric"": true}, ""n_layers"": null, ""normalization_factor"": 474.7731184777004, ""normalize"": true, ""optimum_status"": ""ok"", ""seed"": 0, ""tau"": 8.0, ""valid_route"": true}"
tau_sweep,tau_sweep_euclidean_n5_seed4,euclidean,5,4,tn_exact,ok,"[4, 0, 1, 3, 2]",1301.491843157473,1301.491843157473,0.0,True,True,0.0076011999999536,264.12890625,264.12890625,0.0,9.0,,True,"{""finite_edges"": true, ""instance_metadata"": {""complete"": true, ""instance_type"": ""euclidean"", ""n"": 5, ""points"": [[943.0561055723676, 511.3275528143616], [976.2437057077042, 80.83602389560218], [607.3558319950296, 376.48658437727255], [801.9012069858072, 174.52781614402846], [871.6352741876564, 543.9414007634982]], ""scale"": 1000.0, ""seed"": 4, ""symmetric"": true}, ""n_layers"": null, ""normalization_factor"": 474.7731184777004, ""normalize"": true, ""optimum_status"": ""ok"", ""seed"": 0, ""tau"": 9.0, ""valid_route"": true}"
tau_sweep,tau_sweep_euclidean_n5_seed4,euclidean,5,4,tn_exact,ok,"[4, 0, 1, 3, 2]",1301.491843157473,1301.491843157473,0.0,True,True,0.0075089000001753,264.12890625,264.12890625,0.0,10.0,,True,"{""finite_edges"": true, ""instance_metadata"": {""complete"": true, ""instance_type"": ""euclidean"", ""n"": 5, ""points"": [[943.0561055723676, 511.3275528143616], [976.2437057077042, 80.83602389560218], [607.3558319950296, 376.48658437727255], [801.9012069858072, 174.52781614402846], [871.6352741876564, 543.9414007634982]], ""scale"": 1000.0, ""seed"": 4, ""symmetric"": true}, ""n_layers"": null, ""normalization_factor"": 474.7731184777004, ""normalize"": true, ""optimum_status"": ""ok"", ""seed"": 0, ""tau"": 10.0, ""valid_route"": true}"
tau_sweep,tau_sweep_euclidean_n5_seed4,euclidean,5,4,tn_exact,ok,"[4, 0, 1, 3, 2]",1301.491843157473,1301.491843157473,0.0,True,True,0.0078590000002805,264.12890625,264.12890625,0.0,12.0,,True,"{""finite_edges"": true, ""instance_metadata"": {""complete"": true, ""instance_type"": ""euclidean"", ""n"": 5, ""points"": [[943.0561055723676, 511.3275528143616], [976.2437057077042, 80.83602389560218], [607.3558319950296, 376.48658437727255], [801.9012069858072, 174.52781614402846], [871.6352741876564, 543.9414007634982]], ""scale"": 1000.0, ""seed"": 4, ""symmetric"": true}, ""n_layers"": null, ""normalization_factor"": 474.7731184777004, ""normalize"": true, ""optimum_status"": ""ok"", ""seed"": 0, ""tau"": 12.0, ""valid_route"": true}"
tau_sweep,tau_sweep_random_symmetric_n5_seed4,random_symmetric,5,4,tn_exact,ok,"[4, 3, 0, 1, 2]",221.9146966043428,221.9146966043428,0.0,True,True,0.0079782999996496,264.12890625,264.12890625,0.0,2.0,,True,"{""finite_edges"": true, ""instance_metadata"": {""complete"": true, ""high"": 100.0, ""instance_type"": ""random_symmetric"", ""low"": 1.0, ""n"": 5, ""seed"": 4, ""symmetric"": true}, ""n_layers"": null, ""normalization_factor"": 93.98370987847278, ""normalize"": true, ""optimum_status"": ""ok"", ""seed"": 0, ""tau"": 2.0, ""valid_route"": true}"
tau_sweep,tau_sweep_random_symmetric_n5_seed4,random_symmetric,5,4,tn_exact,ok,"[4, 3, 0, 1, 2]",221.9146966043428,221.9146966043428,0.0,True,True,0.0077629000002161,264.12890625,264.12890625,0.0,3.0,,True,"{""finite_edges"": true, ""instance_metadata"": {""complete"": true, ""high"": 100.0, ""instance_type"": ""random_symmetric"", ""low"": 1.0, ""n"": 5, ""seed"": 4, ""symmetric"": true}, ""n_layers"": null, ""normalization_factor"": 93.98370987847278, ""normalize"": true, ""optimum_status"": ""ok"", ""seed"": 0, ""tau"": 3.0, ""valid_route"": true}"
tau_sweep,tau_sweep_random_symmetric_n5_seed4,random_symmetric,5,4,tn_exact,ok,"[4, 3, 0, 1, 2]",221.9146966043428,221.9146966043428,0.0,True,True,0.0077203000000736,264.12890625,264.12890625,0.0,4.0,,True,"{""finite_edges"": true, ""instance_metadata"": {""complete"": true, ""high"": 100.0, ""instance_type"": ""random_symmetric"", ""low"": 1.0, ""n"": 5, ""seed"": 4, ""symmetric"": true}, ""n_layers"": null, ""normalization_factor"": 93.98370987847278, ""normalize"": true, ""optimum_status"": ""ok"", ""seed"": 0, ""tau"": 4.0, ""valid_route"": true}"
tau_sweep,tau_sweep_random_symmetric_n5_seed4,random_symmetric,5,4,tn_exact,ok,"[4, 3, 0, 1, 2]",221.9146966043428,221.9146966043428,0.0,True,True,0.0078796999996484,264.12890625,264.12890625,0.0,5.0,,True,"{""finite_edges"": true, ""instance_metadata"": {""complete"": true, ""high"": 100.0, ""instance_type"": ""random_symmetric"", ""low"": 1.0, ""n"": 5, ""seed"": 4, ""symmetric"": true}, ""n_layers"": null, ""normalization_factor"": 93.98370987847278, ""normalize"": true, ""optimum_status"": ""ok"", ""seed"": 0, ""tau"": 5.0, ""valid_route"": true}"
tau_sweep,tau_sweep_random_symmetric_n5_seed4,random_symmetric,5,4,tn_exact,ok,"[4, 3, 0, 1, 2]",221.9146966043428,221.9146966043428,0.0,True,True,0.0075338999999985,264.12890625,264.12890625,0.0,6.0,,True,"{""finite_edges"": true, ""instance_metadata"": {""complete"": true, ""high"": 100.0, ""instance_type"": ""random_symmetric"", ""low"": 1.0, ""n"": 5, ""seed"": 4, ""symmetric"": true}, ""n_layers"": null, ""normalization_factor"": 93.98370987847278, ""normalize"": true, ""optimum_status"": ""ok"", ""seed"": 0, ""tau"": 6.0, ""valid_route"": true}"
tau_sweep,tau_sweep_random_symmetric_n5_seed4,random_symmetric,5,4,tn_exact,ok,"[4, 3, 0, 1, 2]",221.9146966043428,221.9146966043428,0.0,True,True,0.007981099999597,264.12890625,264.12890625,0.0,7.0,,True,"{""finite_edges"": true, ""instance_metadata"": {""complete"": true, ""high"": 100.0, ""instance_type"": ""random_symmetric"", ""low"": 1.0, ""n"": 5, ""seed"": 4, ""symmetric"": true}, ""n_layers"": null, ""normalization_factor"": 93.98370987847278, ""normalize"": true, ""optimum_status"": ""ok"", ""seed"": 0, ""tau"": 7.0, ""valid_route"": true}"
tau_sweep,tau_sweep_random_symmetric_n5_seed4,random_symmetric,5,4,tn_exact,ok,"[4, 3, 0, 1, 2]",221.9146966043428,221.9146966043428,0.0,True,True,0.007499700000153,264.12890625,264.12890625,0.0,8.0,,True,"{""finite_edges"": true, ""instance_metadata"": {""complete"": true, ""high"": 100.0, ""instance_type"": ""random_symmetric"", ""low"": 1.0, ""n"": 5, ""seed"": 4, ""symmetric"": true}, ""n_layers"": null, ""normalization_factor"": 93.98370987847278, ""normalize"": true, ""optimum_status"": ""ok"", ""seed"": 0, ""tau"": 8.0, ""valid_route"": true}"
tau_sweep,tau_sweep_random_symmetric_n5_seed4,random_symmetric,5,4,tn_exact,ok,"[4, 3, 0, 1, 2]",221.9146966043428,221.9146966043428,0.0,True,True,0.0073993999999402,264.12890625,264.12890625,0.0,9.0,,True,"{""finite_edges"": true, ""instance_metadata"": {""complete"": true, ""high"": 100.0, ""instance_type"": ""random_symmetric"", ""low"": 1.0, ""n"": 5, ""seed"": 4, ""symmetric"": true}, ""n_layers"": null, ""normalization_factor"": 93.98370987847278, ""normalize"": true, ""optimum_status"": ""ok"", ""seed"": 0, ""tau"": 9.0, ""valid_route"": true}"
tau_sweep,tau_sweep_random_symmetric_n5_seed4,random_symmetric,5,4,tn_exact,ok,"[4, 3, 0, 1, 2]",221.9146966043428,221.9146966043428,0.0,True,True,0.007475500000055,264.12890625,264.12890625,0.0,10.0,,True,"{""finite_edges"": true, ""instance_metadata"": {""complete"": true, ""high"": 100.0, ""instance_type"": ""random_symmetric"", ""low"": 1.0, ""n"": 5, ""seed"": 4, ""symmetric"": true}, ""n_layers"": null, ""normalization_factor"": 93.98370987847278, ""normalize"": true, ""optimum_status"": ""ok"", ""seed"": 0, ""tau"": 10.0, ""valid_route"": true}"
tau_sweep,tau_sweep_random_symmetric_n5_seed4,random_symmetric,5,4,tn_exact,ok,"[4, 3, 0, 1, 2]",221.9146966043428,221.9146966043428,0.0,True,True,0.0079247000003306,264.1328125,264.1328125,0.0,12.0,,True,"{""finite_edges"": true, ""instance_metadata"": {""complete"": true, ""high"": 100.0, ""instance_type"": ""random_symmetric"", ""low"": 1.0, ""n"": 5, ""seed"": 4, ""symmetric"": true}, ""n_layers"": null, ""normalization_factor"": 93.98370987847278, ""normalize"": true, ""optimum_status"": ""ok"", ""seed"": 0, ""tau"": 12.0, ""valid_route"": true}"
tau_sweep,tau_sweep_random_asymmetric_n5_seed4,random_asymmetric,5,4,tn_exact,ok,"[4, 3, 0, 1, 2]",220.13986178236968,220.13986178236968,0.0,True,True,0.0086566999998467,264.1328125,264.140625,0.0078125,2.0,,True,"{""finite_edges"": true, ""instance_metadata"": {""complete"": true, ""high"": 100.0, ""instance_type"": ""random_asymmetric"", ""low"": 1.0, ""n"": 5, ""seed"": 4, ""symmetric"": false}, ""n_layers"": null, ""normalization_factor"": 98.43114699318102, ""normalize"": true, ""optimum_status"": ""ok"", ""seed"": 0, ""tau"": 2.0, ""valid_route"": true}"
tau_sweep,tau_sweep_random_asymmetric_n5_seed4,random_asymmetric,5,4,tn_exact,ok,"[4, 3, 0, 1, 2]",220.13986178236968,220.13986178236968,0.0,True,True,0.0077861999998276,264.140625,264.140625,0.0,3.0,,True,"{""finite_edges"": true, ""instance_metadata"": {""complete"": true, ""high"": 100.0, ""instance_type"": ""random_asymmetric"", ""low"": 1.0, ""n"": 5, ""seed"": 4, ""symmetric"": false}, ""n_layers"": null, ""normalization_factor"": 98.43114699318102, ""normalize"": true, ""optimum_status"": ""ok"", ""seed"": 0, ""tau"": 3.0, ""valid_route"": true}"
tau_sweep,tau_sweep_random_asymmetric_n5_seed4,random_asymmetric,5,4,tn_exact,ok,"[4, 3, 0, 1, 2]",220.13986178236968,220.13986178236968,0.0,True,True,0.0077519999999822,264.140625,264.140625,0.0,4.0,,True,"{""finite_edges"": true, ""instance_metadata"": {""complete"": true, ""high"": 100.0, ""instance_type"": ""random_asymmetric"", ""low"": 1.0, ""n"": 5, ""seed"": 4, ""symmetric"": false}, ""n_layers"": null, ""normalization_factor"": 98.43114699318102, ""normalize"": true, ""optimum_status"": ""ok"", ""seed"": 0, ""tau"": 4.0, ""valid_route"": true}"
tau_sweep,tau_sweep_random_asymmetric_n5_seed4,random_asymmetric,5,4,tn_exact,ok,"[4, 3, 0, 1, 2]",220.13986178236968,220.13986178236968,0.0,True,True,0.0077939000002515,264.140625,264.140625,0.0,5.0,,True,"{""finite_edges"": true, ""instance_metadata"": {""complete"": true, ""high"": 100.0, ""instance_type"": ""random_asymmetric"", ""low"": 1.0, ""n"": 5, ""seed"": 4, ""symmetric"": false}, ""n_layers"": null, ""normalization_factor"": 98.43114699318102, ""normalize"": true, ""optimum_status"": ""ok"", ""seed"": 0, ""tau"": 5.0, ""valid_route"": true}"
tau_sweep,tau_sweep_random_asymmetric_n5_seed4,random_asymmetric,5,4,tn_exact,ok,"[4, 3, 0, 1, 2]",220.13986178236968,220.13986178236968,0.0,True,True,0.0077420000002348,264.140625,264.140625,0.0,6.0,,True,"{""finite_edges"": true, ""instance_metadata"": {""complete"": true, ""high"": 100.0, ""instance_type"": ""random_asymmetric"", ""low"": 1.0, ""n"": 5, ""seed"": 4, ""symmetric"": false}, ""n_layers"": null, ""normalization_factor"": 98.43114699318102, ""normalize"": true, ""optimum_status"": ""ok"", ""seed"": 0, ""tau"": 6.0, ""valid_route"": true}"
tau_sweep,tau_sweep_random_asymmetric_n5_seed4,random_asymmetric,5,4,tn_exact,ok,"[4, 3, 0, 1, 2]",220.13986178236968,220.13986178236968,0.0,True,True,0.0078413999999611,264.140625,264.15234375,0.01171875,7.0,,True,"{""finite_edges"": true, ""instance_metadata"": {""complete"": true, ""high"": 100.0, ""instance_type"": ""random_asymmetric"", ""low"": 1.0, ""n"": 5, ""seed"": 4, ""symmetric"": false}, ""n_layers"": null, ""normalization_factor"": 98.43114699318102, ""normalize"": true, ""optimum_status"": ""ok"", ""seed"": 0, ""tau"": 7.0, ""valid_route"": true}"
tau_sweep,tau_sweep_random_asymmetric_n5_seed4,random_asymmetric,5,4,tn_exact,ok,"[4, 3, 0, 1, 2]",220.13986178236968,220.13986178236968,0.0,True,True,0.0078501000002688,264.15234375,264.15234375,0.0,8.0,,True,"{""finite_edges"": true, ""instance_metadata"": {""complete"": true, ""high"": 100.0, ""instance_type"": ""random_asymmetric"", ""low"": 1.0, ""n"": 5, ""seed"": 4, ""symmetric"": false}, ""n_layers"": null, ""normalization_factor"": 98.43114699318102, ""normalize"": true, ""optimum_status"": ""ok"", ""seed"": 0, ""tau"": 8.0, ""valid_route"": true}"
tau_sweep,tau_sweep_random_asymmetric_n5_seed4,random_asymmetric,5,4,tn_exact,ok,"[4, 3, 0, 1, 2]",220.13986178236968,220.13986178236968,0.0,True,True,0.0074930000000676,264.15234375,264.15234375,0.0,9.0,,True,"{""finite_edges"": true, ""instance_metadata"": {""complete"": true, ""high"": 100.0, ""instance_type"": ""random_asymmetric"", ""low"": 1.0, ""n"": 5, ""seed"": 4, ""symmetric"": false}, ""n_layers"": null, ""normalization_factor"": 98.43114699318102, ""normalize"": true, ""optimum_status"": ""ok"", ""seed"": 0, ""tau"": 9.0, ""valid_route"": true}"
tau_sweep,tau_sweep_random_asymmetric_n5_seed4,random_asymmetric,5,4,tn_exact,ok,"[4, 3, 0, 1, 2]",220.13986178236968,220.13986178236968,0.0,True,True,0.0077837000003455,264.15625,264.15625,0.0,10.0,,True,"{""finite_edges"": true, ""instance_metadata"": {""complete"": true, ""high"": 100.0, ""instance_type"": ""random_asymmetric"", ""low"": 1.0, ""n"": 5, ""seed"": 4, ""symmetric"": false}, ""n_layers"": null, ""normalization_factor"": 98.43114699318102, ""normalize"": true, ""optimum_status"": ""ok"", ""seed"": 0, ""tau"": 10.0, ""valid_route"": true}"
tau_sweep,tau_sweep_random_asymmetric_n5_seed4,random_asymmetric,5,4,tn_exact,ok,"[4, 3, 0, 1, 2]",220.13986178236968,220.13986178236968,0.0,True,True,0.0074058999998669,264.15625,264.15625,0.0,12.0,,True,"{""finite_edges"": true, ""instance_metadata"": {""complete"": true, ""high"": 100.0, ""instance_type"": ""random_asymmetric"", ""low"": 1.0, ""n"": 5, ""seed"": 4, ""symmetric"": false}, ""n_layers"": null, ""normalization_factor"": 98.43114699318102, ""normalize"": true, ""optimum_status"": ""ok"", ""seed"": 0, ""tau"": 12.0, ""valid_route"": true}"
tau_sweep,tau_sweep_euclidean_n6_seed0,euclidean,6,0,tn_exact,ok,"[5, 0, 3, 2, 4, 1]",3150.9830787861392,3150.9830787861392,0.0,True,True,0.0154424999996081,259.5078125,262.86328125,3.35546875,10.0,,True,"{""finite_edges"": true, ""instance_metadata"": {""complete"": true, ""instance_type"": ""euclidean"", ""n"": 6, ""points"": [[636.9616873214543, 269.7867137638703], [40.97352393619469, 16.527635528529096], [813.2702392002724, 912.7555772777217], [606.6357757671799, 729.4965609839984], [543.6249914654229, 935.0724237877682], [815.8535541215322, 2.738500170148095]], ""scale"": 1000.0, ""seed"": 0, ""symmetric"": true}, ""n_layers"": null, ""normalization_factor"": 1183.0751201760934, ""normalize"": true, ""optimum_status"": ""ok"", ""seed"": 0, ""tau"": 10.0, ""valid_route"": true}"
tau_sweep,tau_sweep_euclidean_n6_seed0,euclidean,6,0,tn_exact,ok,"[5, 0, 3, 2, 4, 1]",3150.9830787861392,3150.9830787861392,0.0,True,True,0.0132932999999866,262.86328125,262.9921875,0.12890625,12.0,,True,"{""finite_edges"": true, ""instance_metadata"": {""complete"": true, ""instance_type"": ""euclidean"", ""n"": 6, ""points"": [[636.9616873214543, 269.7867137638703], [40.97352393619469, 16.527635528529096], [813.2702392002724, 912.7555772777217], [606.6357757671799, 729.4965609839984], [543.6249914654229, 935.0724237877682], [815.8535541215322, 2.738500170148095]], ""scale"": 1000.0, ""seed"": 0, ""symmetric"": true}, ""n_layers"": null, ""normalization_factor"": 1183.0751201760934, ""normalize"": true, ""optimum_status"": ""ok"", ""seed"": 0, ""tau"": 12.0, ""valid_route"": true}"
tau_sweep,tau_sweep_euclidean_n6_seed0,euclidean,6,0,tn_exact,ok,"[5, 0, 3, 2, 4, 1]",3150.9830787861392,3150.9830787861392,0.0,True,True,0.0131068000000595,262.9921875,262.99609375,0.00390625,14.0,,True,"{""finite_edges"": true, ""instance_metadata"": {""complete"": true, ""instance_type"": ""euclidean"", ""n"": 6, ""points"": [[636.9616873214543, 269.7867137638703], [40.97352393619469, 16.527635528529096], [813.2702392002724, 912.7555772777217], [606.6357757671799, 729.4965609839984], [543.6249914654229, 935.0724237877682], [815.8535541215322, 2.738500170148095]], ""scale"": 1000.0, ""seed"": 0, ""symmetric"": true}, ""n_layers"": null, ""normalization_factor"": 1183.0751201760934, ""normalize"": true, ""optimum_status"": ""ok"", ""seed"": 0, ""tau"": 14.0, ""valid_route"": true}"
tau_sweep,tau_sweep_euclidean_n6_seed0,euclidean,6,0,tn_exact,ok,"[5, 0, 3, 2, 4, 1]",3150.9830787861392,3150.9830787861392,0.0,True,True,0.013991100000112,262.99609375,263.10546875,0.109375,16.0,,True,"{""finite_edges"": true, ""instance_metadata"": {""complete"": true, ""instance_type"": ""euclidean"", ""n"": 6, ""points"": [[636.9616873214543, 269.7867137638703], [40.97352393619469, 16.527635528529096], [813.2702392002724, 912.7555772777217], [606.6357757671799, 729.4965609839984], [543.6249914654229, 935.0724237877682], [815.8535541215322, 2.738500170148095]], ""scale"": 1000.0, ""seed"": 0, ""symmetric"": true}, ""n_layers"": null, ""normalization_factor"": 1183.0751201760934, ""normalize"": true, ""optimum_status"": ""ok"", ""seed"": 0, ""tau"": 16.0, ""valid_route"": true}"
tau_sweep,tau_sweep_euclidean_n6_seed0,euclidean,6,0,tn_exact,ok,"[5, 0, 3, 2, 4, 1]",3150.9830787861392,3150.9830787861392,0.0,True,True,0.0139712000000145,263.10546875,263.1875,0.08203125,18.0,,True,"{""finite_edges"": true, ""instance_metadata"": {""complete"": true, ""instance_type"": ""euclidean"", ""n"": 6, ""points"": [[636.9616873214543, 269.7867137638703], [40.97352393619469, 16.527635528529096], [813.2702392002724, 912.7555772777217], [606.6357757671799, 729.4965609839984], [543.6249914654229, 935.0724237877682], [815.8535541215322, 2.738500170148095]], ""scale"": 1000.0, ""seed"": 0, ""symmetric"": true}, ""n_layers"": null, ""normalization_factor"": 1183.0751201760934, ""normalize"": true, ""optimum_status"": ""ok"", ""seed"": 0, ""tau"": 18.0, ""valid_route"": true}"
tau_sweep,tau_sweep_euclidean_n6_seed0,euclidean,6,0,tn_exact,ok,"[5, 0, 3, 2, 4, 1]",3150.9830787861392,3150.9830787861392,0.0,True,True,0.0135322999999516,263.1875,263.1875,0.0,20.0,,True,"{""finite_edges"": true, ""instance_metadata"": {""complete"": true, ""instance_type"": ""euclidean"", ""n"": 6, ""points"": [[636.9616873214543, 269.7867137638703], [40.97352393619469, 16.527635528529096], [813.2702392002724, 912.7555772777217], [606.6357757671799, 729.4965609839984], [543.6249914654229, 935.0724237877682], [815.8535541215322, 2.738500170148095]], ""scale"": 1000.0, ""seed"": 0, ""symmetric"": true}, ""n_layers"": null, ""normalization_factor"": 1183.0751201760934, ""normalize"": true, ""optimum_status"": ""ok"", ""seed"": 0, ""tau"": 20.0, ""valid_route"": true}"
tau_sweep,tau_sweep_euclidean_n6_seed0,euclidean,6,0,tn_exact,ok,"[5, 0, 3, 2, 4, 1]",3150.9830787861392,3150.9830787861392,0.0,True,True,0.0133369999998649,263.1875,263.23828125,0.05078125,22.0,,True,"{""finite_edges"": true, ""instance_metadata"": {""complete"": true, ""instance_type"": ""euclidean"", ""n"": 6, ""points"": [[636.9616873214543, 269.7867137638703], [40.97352393619469, 16.527635528529096], [813.2702392002724, 912.7555772777217], [606.6357757671799, 729.4965609839984], [543.6249914654229, 935.0724237877682], [815.8535541215322, 2.738500170148095]], ""scale"": 1000.0, ""seed"": 0, ""symmetric"": true}, ""n_layers"": null, ""normalization_factor"": 1183.0751201760934, ""normalize"": true, ""optimum_status"": ""ok"", ""seed"": 0, ""tau"": 22.0, ""valid_route"": true}"
tau_sweep,tau_sweep_euclidean_n6_seed0,euclidean,6,0,tn_exact,ok,"[5, 0, 3, 2, 4, 1]",3150.9830787861392,3150.9830787861392,0.0,True,True,0.0133203000000321,263.23828125,263.2578125,0.01953125,24.0,,True,"{""finite_edges"": true, ""instance_metadata"": {""complete"": true, ""instance_type"": ""euclidean"", ""n"": 6, ""points"": [[636.9616873214543, 269.7867137638703], [40.97352393619469, 16.527635528529096], [813.2702392002724, 912.7555772777217], [606.6357757671799, 729.4965609839984], [543.6249914654229, 935.0724237877682], [815.8535541215322, 2.738500170148095]], ""scale"": 1000.0, ""seed"": 0, ""symmetric"": true}, ""n_layers"": null, ""normalization_factor"": 1183.0751201760934, ""normalize"": true, ""optimum_status"": ""ok"", ""seed"": 0, ""tau"": 24.0, ""valid_route"": true}"
tau_sweep,tau_sweep_euclidean_n6_seed0,euclidean,6,0,tn_exact,ok,"[5, 0, 3, 2, 4, 1]",3150.9830787861392,3150.9830787861392,0.0,True,True,0.0143637999999555,263.2578125,263.2578125,0.0,26.0,,True,"{""finite_edges"": true, ""instance_metadata"": {""complete"": true, ""instance_type"": ""euclidean"", ""n"": 6, ""points"": [[636.9616873214543, 269.7867137638703], [40.97352393619469, 16.527635528529096], [813.2702392002724, 912.7555772777217], [606.6357757671799, 729.4965609839984], [543.6249914654229, 935.0724237877682], [815.8535541215322, 2.738500170148095]], ""scale"": 1000.0, ""seed"": 0, ""symmetric"": true}, ""n_layers"": null, ""normalization_factor"": 1183.0751201760934, ""normalize"": true, ""optimum_status"": ""ok"", ""seed"": 0, ""tau"": 26.0, ""valid_route"": true}"
tau_sweep,tau_sweep_euclidean_n6_seed0,euclidean,6,0,tn_exact,ok,"[5, 0, 3, 2, 4, 1]",3150.9830787861392,3150.9830787861392,0.0,True,True,0.0139318000001367,263.2578125,263.3125,0.0546875,28.0,,True,"{""finite_edges"": true, ""instance_metadata"": {""complete"": true, ""instance_type"": ""euclidean"", ""n"": 6, ""points"": [[636.9616873214543, 269.7867137638703], [40.97352393619469, 16.527635528529096], [813.2702392002724, 912.7555772777217], [606.6357757671799, 729.4965609839984], [543.6249914654229, 935.0724237877682], [815.8535541215322, 2.738500170148095]], ""scale"": 1000.0, ""seed"": 0, ""symmetric"": true}, ""n_layers"": null, ""normalization_factor"": 1183.0751201760934, ""normalize"": true, ""optimum_status"": ""ok"", ""seed"": 0, ""tau"": 28.0, ""valid_route"": true}"
tau_sweep,tau_sweep_euclidean_n6_seed0,euclidean,6,0,tn_exact,ok,"[5, 0, 3, 2, 4, 1]",3150.9830787861392,3150.9830787861392,0.0,True,True,0.0133735999997952,263.3125,263.3125,0.0,30.0,,True,"{""finite_edges"": true, ""instance_metadata"": {""complete"": true, ""instance_type"": ""euclidean"", ""n"": 6, ""points"": [[636.9616873214543, 269.7867137638703], [40.97352393619469, 16.527635528529096], [813.2702392002724, 912.7555772777217], [606.6357757671799, 729.4965609839984], [543.6249914654229, 935.0724237877682], [815.8535541215322, 2.738500170148095]], ""scale"": 1000.0, ""seed"": 0, ""symmetric"": true}, ""n_layers"": null, ""normalization_factor"": 1183.0751201760934, ""normalize"": true, ""optimum_status"": ""ok"", ""seed"": 0, ""tau"": 30.0, ""valid_route"": true}"
tau_sweep,tau_sweep_random_symmetric_n6_seed0,random_symmetric,6,0,tn_exact,ok,"[5, 1, 2, 3, 0, 4]",208.6309357788776,208.6309357788776,2.7245920480870043e-16,True,True,0.013671400000021,263.3125,263.3125,0.0,10.0,,True,"{""finite_edges"": true, ""instance_metadata"": {""complete"": true, ""high"": 100.0, ""instance_type"": ""random_symmetric"", ""low"": 1.0, ""n"": 6, ""seed"": 0, ""symmetric"": true}, ""n_layers"": null, ""normalization_factor"": 93.08924847788533, ""normalize"": true, ""optimum_status"": ""ok"", ""seed"": 0, ""tau"": 10.0, ""valid_route"": true}"
tau_sweep,tau_sweep_random_symmetric_n6_seed0,random_symmetric,6,0,tn_exact,ok,"[5, 1, 2, 3, 0, 4]",208.6309357788776,208.6309357788776,2.7245920480870043e-16,True,True,0.0136293000000478,263.3125,263.3828125,0.0703125,12.0,,True,"{""finite_edges"": true, ""instance_metadata"": {""complete"": true, ""high"": 100.0, ""instance_type"": ""random_symmetric"", ""low"": 1.0, ""n"": 6, ""seed"": 0, ""symmetric"": true}, ""n_layers"": null, ""normalization_factor"": 93.08924847788533, ""normalize"": true, ""optimum_status"": ""ok"", ""seed"": 0, ""tau"": 12.0, ""valid_route"": true}"
tau_sweep,tau_sweep_random_symmetric_n6_seed0,random_symmetric,6,0,tn_exact,ok,"[5, 1, 2, 3, 0, 4]",208.6309357788776,208.6309357788776,2.7245920480870043e-16,True,True,0.013472499999807,263.3828125,263.3828125,0.0,14.0,,True,"{""finite_edges"": true, ""instance_metadata"": {""complete"": true, ""high"": 100.0, ""instance_type"": ""random_symmetric"", ""low"": 1.0, ""n"": 6, ""seed"": 0, ""symmetric"": true}, ""n_layers"": null, ""normalization_factor"": 93.08924847788533, ""normalize"": true, ""optimum_status"": ""ok"", ""seed"": 0, ""tau"": 14.0, ""valid_route"": true}"
tau_sweep,tau_sweep_random_symmetric_n6_seed0,random_symmetric,6,0,tn_exact,ok,"[5, 1, 2, 3, 0, 4]",208.6309357788776,208.6309357788776,2.7245920480870043e-16,True,True,0.0137589999999363,263.3828125,263.3828125,0.0,16.0,,True,"{""finite_edges"": true, ""instance_metadata"": {""complete"": true, ""high"": 100.0, ""instance_type"": ""random_symmetric"", ""low"": 1.0, ""n"": 6, ""seed"": 0, ""symmetric"": true}, ""n_layers"": null, ""normalization_factor"": 93.08924847788533, ""normalize"": true, ""optimum_status"": ""ok"", ""seed"": 0, ""tau"": 16.0, ""valid_route"": true}"
tau_sweep,tau_sweep_random_symmetric_n6_seed0,random_symmetric,6,0,tn_exact,ok,"[5, 1, 2, 3, 0, 4]",208.6309357788776,208.6309357788776,2.7245920480870043e-16,True,True,0.0147538000001077,263.3828125,263.421875,0.0390625,18.0,,True,"{""finite_edges"": true, ""instance_metadata"": {""complete"": true, ""high"": 100.0, ""instance_type"": ""random_symmetric"", ""low"": 1.0, ""n"": 6, ""seed"": 0, ""symmetric"": true}, ""n_layers"": null, ""normalization_factor"": 93.08924847788533, ""normalize"": true, ""optimum_status"": ""ok"", ""seed"": 0, ""tau"": 18.0, ""valid_route"": true}"
tau_sweep,tau_sweep_random_symmetric_n6_seed0,random_symmetric,6,0,tn_exact,ok,"[5, 1, 2, 3, 0, 4]",208.6309357788776,208.6309357788776,2.7245920480870043e-16,True,True,0.0128616000001784,263.421875,263.421875,0.0,20.0,,True,"{""finite_edges"": true, ""instance_metadata"": {""complete"": true, ""high"": 100.0, ""instance_type"": ""random_symmetric"", ""low"": 1.0, ""n"": 6, ""seed"": 0, ""symmetric"": true}, ""n_layers"": null, ""normalization_factor"": 93.08924847788533, ""normalize"": true, ""optimum_status"": ""ok"", ""seed"": 0, ""tau"": 20.0, ""valid_route"": true}"
tau_sweep,tau_sweep_random_symmetric_n6_seed0,random_symmetric,6,0,tn_exact,ok,"[5, 1, 2, 3, 0, 4]",208.6309357788776,208.6309357788776,2.7245920480870043e-16,True,True,0.0135827999997673,263.421875,263.50390625,0.08203125,22.0,,True,"{""finite_edges"": true, ""instance_metadata"": {""complete"": true, ""high"": 100.0, ""instance_type"": ""random_symmetric"", ""low"": 1.0, ""n"": 6, ""seed"": 0, ""symmetric"": true}, ""n_layers"": null, ""normalization_factor"": 93.08924847788533, ""normalize"": true, ""optimum_status"": ""ok"", ""seed"": 0, ""tau"": 22.0, ""valid_route"": true}"
tau_sweep,tau_sweep_random_symmetric_n6_seed0,random_symmetric,6,0,tn_exact,ok,"[5, 1, 2, 3, 0, 4]",208.6309357788776,208.6309357788776,2.7245920480870043e-16,True,True,0.0143028000002232,263.50390625,263.52734375,0.0234375,24.0,,True,"{""finite_edges"": true, ""instance_metadata"": {""complete"": true, ""high"": 100.0, ""instance_type"": ""random_symmetric"", ""low"": 1.0, ""n"": 6, ""seed"": 0, ""symmetric"": true}, ""n_layers"": null, ""normalization_factor"": 93.08924847788533, ""normalize"": true, ""optimum_status"": ""ok"", ""seed"": 0, ""tau"": 24.0, ""valid_route"": true}"
tau_sweep,tau_sweep_random_symmetric_n6_seed0,random_symmetric,6,0,tn_exact,ok,"[5, 1, 2, 3, 0, 4]",208.6309357788776,208.6309357788776,2.7245920480870043e-16,True,True,0.0133941000003687,263.53125,263.53125,0.0,26.0,,True,"{""finite_edges"": true, ""instance_metadata"": {""complete"": true, ""high"": 100.0, ""instance_type"": ""random_symmetric"", ""low"": 1.0, ""n"": 6, ""seed"": 0, ""symmetric"": true}, ""n_layers"": null, ""normalization_factor"": 93.08924847788533, ""normalize"": true, ""optimum_status"": ""ok"", ""seed"": 0, ""tau"": 26.0, ""valid_route"": true}"
tau_sweep,tau_sweep_random_symmetric_n6_seed0,random_symmetric,6,0,tn_exact,ok,"[5, 1, 2, 3, 0, 4]",208.6309357788776,208.6309357788776,2.7245920480870043e-16,True,True,0.0138308999999026,263.53125,263.55859375,0.02734375,28.0,,True,"{""finite_edges"": true, ""instance_metadata"": {""complete"": true, ""high"": 100.0, ""instance_type"": ""random_symmetric"", ""low"": 1.0, ""n"": 6, ""seed"": 0, ""symmetric"": true}, ""n_layers"": null, ""normalization_factor"": 93.08924847788533, ""normalize"": true, ""optimum_status"": ""ok"", ""seed"": 0, ""tau"": 28.0, ""valid_route"": true}"
tau_sweep,tau_sweep_random_symmetric_n6_seed0,random_symmetric,6,0,tn_exact,ok,"[5, 1, 2, 3, 0, 4]",208.6309357788776,208.6309357788776,2.7245920480870043e-16,True,True,0.0136319999996885,263.55859375,263.55859375,0.0,30.0,,True,"{""finite_edges"": true, ""instance_metadata"": {""complete"": true, ""high"": 100.0, ""instance_type"": ""random_symmetric"", ""low"": 1.0, ""n"": 6, ""seed"": 0, ""symmetric"": true}, ""n_layers"": null, ""normalization_factor"": 93.08924847788533, ""normalize"": true, ""optimum_status"": ""ok"", ""seed"": 0, ""tau"": 30.0, ""valid_route"": true}"
tau_sweep,tau_sweep_random_asymmetric_n6_seed0,random_asymmetric,6,0,tn_exact,ok,"[5, 4, 0, 3, 2, 1]",126.96917079455184,126.96917079455184,0.0,True,True,0.0140077000000928,263.55859375,263.5625,0.00390625,10.0,,True,"{""finite_edges"": true, ""instance_metadata"": {""complete"": true, ""high"": 100.0, ""instance_type"": ""random_asymmetric"", ""low"": 1.0, ""n"": 6, ""seed"": 0, ""symmetric"": false}, ""n_layers"": null, ""normalization_factor"": 99.7237836431319, ""normalize"": true, ""optimum_status"": ""ok"", ""seed"": 0, ""tau"": 10.0, ""valid_route"": true}"
tau_sweep,tau_sweep_random_asymmetric_n6_seed0,random_asymmetric,6,0,tn_exact,ok,"[5, 4, 0, 3, 2, 1]",126.96917079455184,126.96917079455184,0.0,True,True,0.0138415000001259,263.5625,263.6171875,0.0546875,12.0,,True,"{""finite_edges"": true, ""instance_metadata"": {""complete"": true, ""high"": 100.0, ""instance_type"": ""random_asymmetric"", ""low"": 1.0, ""n"": 6, ""seed"": 0, ""symmetric"": false}, ""n_layers"": null, ""normalization_factor"": 99.7237836431319, ""normalize"": true, ""optimum_status"": ""ok"", ""seed"": 0, ""tau"": 12.0, ""valid_route"": true}"
tau_sweep,tau_sweep_random_asymmetric_n6_seed0,random_asymmetric,6,0,tn_exact,ok,"[5, 4, 0, 3, 2, 1]",126.96917079455184,126.96917079455184,0.0,True,True,0.0135363999997935,263.6171875,263.6171875,0.0,14.0,,True,"{""finite_edges"": true, ""instance_metadata"": {""complete"": true, ""high"": 100.0, ""instance_type"": ""random_asymmetric"", ""low"": 1.0, ""n"": 6, ""seed"": 0, ""symmetric"": false}, ""n_layers"": null, ""normalization_factor"": 99.7237836431319, ""normalize"": true, ""optimum_status"": ""ok"", ""seed"": 0, ""tau"": 14.0, ""valid_route"": true}"
tau_sweep,tau_sweep_random_asymmetric_n6_seed0,random_asymmetric,6,0,tn_exact,ok,"[5, 4, 0, 3, 2, 1]",126.96917079455184,126.96917079455184,0.0,True,True,0.0132414999998218,263.6171875,263.6171875,0.0,16.0,,True,"{""finite_edges"": true, ""instance_metadata"": {""complete"": true, ""high"": 100.0, ""instance_type"": ""random_asymmetric"", ""low"": 1.0, ""n"": 6, ""seed"": 0, ""symmetric"": false}, ""n_layers"": null, ""normalization_factor"": 99.7237836431319, ""normalize"": true, ""optimum_status"": ""ok"", ""seed"": 0, ""tau"": 16.0, ""valid_route"": true}"
tau_sweep,tau_sweep_random_asymmetric_n6_seed0,random_asymmetric,6,0,tn_exact,ok,"[5, 4, 0, 3, 2, 1]",126.96917079455184,126.96917079455184,0.0,True,True,0.0138351999999031,263.6171875,263.62109375,0.00390625,18.0,,True,"{""finite_edges"": true, ""instance_metadata"": {""complete"": true, ""high"": 100.0, ""instance_type"": ""random_asymmetric"", ""low"": 1.0, ""n"": 6, ""seed"": 0, ""symmetric"": false}, ""n_layers"": null, ""normalization_factor"": 99.7237836431319, ""normalize"": true, ""optimum_status"": ""ok"", ""seed"": 0, ""tau"": 18.0, ""valid_route"": true}"
tau_sweep,tau_sweep_random_asymmetric_n6_seed0,random_asymmetric,6,0,tn_exact,ok,"[5, 4, 0, 3, 2, 1]",126.96917079455184,126.96917079455184,0.0,True,True,0.0127975000000333,263.62109375,263.62109375,0.0,20.0,,True,"{""finite_edges"": true, ""instance_metadata"": {""complete"": true, ""high"": 100.0, ""instance_type"": ""random_asymmetric"", ""low"": 1.0, ""n"": 6, ""seed"": 0, ""symmetric"": false}, ""n_layers"": null, ""normalization_factor"": 99.7237836431319, ""normalize"": true, ""optimum_status"": ""ok"", ""seed"": 0, ""tau"": 20.0, ""valid_route"": true}"
tau_sweep,tau_sweep_random_asymmetric_n6_seed0,random_asymmetric,6,0,tn_exact,ok,"[5, 4, 0, 3, 2, 1]",126.96917079455184,126.96917079455184,0.0,True,True,0.0142478000002483,263.625,263.703125,0.078125,22.0,,True,"{""finite_edges"": true, ""instance_metadata"": {""complete"": true, ""high"": 100.0, ""instance_type"": ""random_asymmetric"", ""low"": 1.0, ""n"": 6, ""seed"": 0, ""symmetric"": false}, ""n_layers"": null, ""normalization_factor"": 99.7237836431319, ""normalize"": true, ""optimum_status"": ""ok"", ""seed"": 0, ""tau"": 22.0, ""valid_route"": true}"
tau_sweep,tau_sweep_random_asymmetric_n6_seed0,random_asymmetric,6,0,tn_exact,ok,"[5, 4, 0, 3, 2, 1]",126.96917079455184,126.96917079455184,0.0,True,True,0.0133859999996275,263.703125,263.703125,0.0,24.0,,True,"{""finite_edges"": true, ""instance_metadata"": {""complete"": true, ""high"": 100.0, ""instance_type"": ""random_asymmetric"", ""low"": 1.0, ""n"": 6, ""seed"": 0, ""symmetric"": false}, ""n_layers"": null, ""normalization_factor"": 99.7237836431319, ""normalize"": true, ""optimum_status"": ""ok"", ""seed"": 0, ""tau"": 24.0, ""valid_route"": true}"
tau_sweep,tau_sweep_random_asymmetric_n6_seed0,random_asymmetric,6,0,tn_exact,ok,"[5, 4, 0, 3, 2, 1]",126.96917079455184,126.96917079455184,0.0,True,True,0.0138119000002916,263.703125,263.703125,0.0,26.0,,True,"{""finite_edges"": true, ""instance_metadata"": {""complete"": true, ""high"": 100.0, ""instance_type"": ""random_asymmetric"", ""low"": 1.0, ""n"": 6, ""seed"": 0, ""symmetric"": false}, ""n_layers"": null, ""normalization_factor"": 99.7237836431319, ""normalize"": true, ""optimum_status"": ""ok"", ""seed"": 0, ""tau"": 26.0, ""valid_route"": true}"
tau_sweep,tau_sweep_random_asymmetric_n6_seed0,random_asymmetric,6,0,tn_exact,ok,"[5, 4, 0, 3, 2, 1]",126.96917079455184,126.96917079455184,0.0,True,True,0.0143450000000484,263.703125,263.7421875,0.0390625,28.0,,True,"{""finite_edges"": true, ""instance_metadata"": {""complete"": true, ""high"": 100.0, ""instance_type"": ""random_asymmetric"", ""low"": 1.0, ""n"": 6, ""seed"": 0, ""symmetric"": false}, ""n_layers"": null, ""normalization_factor"": 99.7237836431319, ""normalize"": true, ""optimum_status"": ""ok"", ""seed"": 0, ""tau"": 28.0, ""valid_route"": true}"
tau_sweep,tau_sweep_random_asymmetric_n6_seed0,random_asymmetric,6,0,tn_exact,ok,"[5, 4, 0, 3, 2, 1]",126.96917079455184,126.96917079455184,0.0,True,True,0.0128709999999045,263.7421875,263.74609375,0.00390625,30.0,,True,"{""finite_edges"": true, ""instance_metadata"": {""complete"": true, ""high"": 100.0, ""instance_type"": ""random_asymmetric"", ""low"": 1.0, ""n"": 6, ""seed"": 0, ""symmetric"": false}, ""n_layers"": null, ""normalization_factor"": 99.7237836431319, ""normalize"": true, ""optimum_status"": ""ok"", ""seed"": 0, ""tau"": 30.0, ""valid_route"": true}"
tau_sweep,tau_sweep_euclidean_n6_seed1,euclidean,6,1,tn_exact,ok,"[5, 3, 4, 2, 1, 0]",2479.716632892373,2479.716632892373,0.0,True,True,0.0132253000001583,263.74609375,263.75390625,0.0078125,10.0,,True,"{""finite_edges"": true, ""instance_metadata"": {""complete"": true, ""instance_type"": ""euclidean"", ""n"": 6, ""points"": [[511.82162470025673, 950.4636963259353], [144.15961271963374, 948.6494471372439], [311.83145201048546, 423.32644897257563], [827.7025938204417, 409.1991363691613], [549.5936876730595, 27.559113243068367], [753.5131086748066, 538.1433132192782]], ""scale"": 1000.0, ""seed"": 1, ""symmetric"": true}, ""n_layers"": null, ""normalization_factor"": 1006.3717962694622, ""normalize"": true, ""optimum_status"": ""ok"", ""seed"": 0, ""tau"": 10.0, ""valid_route"": true}"
tau_sweep,tau_sweep_euclidean_n6_seed1,euclidean,6,1,tn_exact,ok,"[5, 3, 4, 2, 1, 0]",2479.716632892373,2479.716632892373,0.0,True,True,0.0143936999998004,263.75390625,263.8046875,0.05078125,12.0,,True,"{""finite_edges"": true, ""instance_metadata"": {""complete"": true, ""instance_type"": ""euclidean"", ""n"": 6, ""points"": [[511.82162470025673, 950.4636963259353], [144.15961271963374, 948.6494471372439], [311.83145201048546, 423.32644897257563], [827.7025938204417, 409.1991363691613], [549.5936876730595, 27.559113243068367], [753.5131086748066, 538.1433132192782]], ""scale"": 1000.0, ""seed"": 1, ""symmetric"": true}, ""n_layers"": null, ""normalization_factor"": 1006.3717962694622, ""normalize"": true, ""optimum_status"": ""ok"", ""seed"": 0, ""tau"": 12.0, ""valid_route"": true}"
tau_sweep,tau_sweep_euclidean_n6_seed1,euclidean,6,1,tn_exact,ok,"[5, 3, 4, 2, 1, 0]",2479.716632892373,2479.716632892373,0.0,True,True,0.0134195999999064,263.8046875,263.8046875,0.0,14.0,,True,"{""finite_edges"": true, ""instance_metadata"": {""complete"": true, ""instance_type"": ""euclidean"", ""n"": 6, ""points"": [[511.82162470025673, 950.4636963259353], [144.15961271963374, 948.6494471372439], [311.83145201048546, 423.32644897257563], [827.7025938204417, 409.1991363691613], [549.5936876730595, 27.559113243068367], [753.5131086748066, 538.1433132192782]], ""scale"": 1000.0, ""seed"": 1, ""symmetric"": true}, ""n_layers"": null, ""normalization_factor"": 1006.3717962694622, ""normalize"": true, ""optimum_status"": ""ok"", ""seed"": 0, ""tau"": 14.0, ""valid_route"": true}"
tau_sweep,tau_sweep_euclidean_n6_seed1,euclidean,6,1,tn_exact,ok,"[5, 3, 4, 2, 1, 0]",2479.716632892373,2479.716632892373,0.0,True,True,0.013259299999845,263.8046875,263.8515625,0.046875,16.0,,True,"{""finite_edges"": true, ""instance_metadata"": {""complete"": true, ""instance_type"": ""euclidean"", ""n"": 6, ""points"": [[511.82162470025673, 950.4636963259353], [144.15961271963374, 948.6494471372439], [311.83145201048546, 423.32644897257563], [827.7025938204417, 409.1991363691613], [549.5936876730595, 27.559113243068367], [753.5131086748066, 538.1433132192782]], ""scale"": 1000.0, ""seed"": 1, ""symmetric"": true}, ""n_layers"": null, ""normalization_factor"": 1006.3717962694622, ""normalize"": true, ""optimum_status"": ""ok"", ""seed"": 0, ""tau"": 16.0, ""valid_route"": true}"
tau_sweep,tau_sweep_euclidean_n6_seed1,euclidean,6,1,tn_exact,ok,"[5, 3, 4, 2, 1, 0]",2479.716632892373,2479.716632892373,0.0,True,True,0.0138395999997555,263.8515625,263.921875,0.0703125,18.0,,True,"{""finite_edges"": true, ""instance_metadata"": {""complete"": true, ""instance_type"": ""euclidean"", ""n"": 6, ""points"": [[511.82162470025673, 950.4636963259353], [144.15961271963374, 948.6494471372439], [311.83145201048546, 423.32644897257563], [827.7025938204417, 409.1991363691613], [549.5936876730595, 27.559113243068367], [753.5131086748066, 538.1433132192782]], ""scale"": 1000.0, ""seed"": 1, ""symmetric"": true}, ""n_layers"": null, ""normalization_factor"": 1006.3717962694622, ""normalize"": true, ""optimum_status"": ""ok"", ""seed"": 0, ""tau"": 18.0, ""valid_route"": true}"
tau_sweep,tau_sweep_euclidean_n6_seed1,euclidean,6,1,tn_exact,ok,"[5, 3, 4, 2, 1, 0]",2479.716632892373,2479.716632892373,0.0,True,True,0.0129663000002437,263.921875,263.921875,0.0,20.0,,True,"{""finite_edges"": true, ""instance_metadata"": {""complete"": true, ""instance_type"": ""euclidean"", ""n"": 6, ""points"": [[511.82162470025673, 950.4636963259353], [144.15961271963374, 948.6494471372439], [311.83145201048546, 423.32644897257563], [827.7025938204417, 409.1991363691613], [549.5936876730595, 27.559113243068367], [753.5131086748066, 538.1433132192782]], ""scale"": 1000.0, ""seed"": 1, ""symmetric"": true}, ""n_layers"": null, ""normalization_factor"": 1006.3717962694622, ""normalize"": true, ""optimum_status"": ""ok"", ""seed"": 0, ""tau"": 20.0, ""valid_route"": true}"
tau_sweep,tau_sweep_euclidean_n6_seed1,euclidean,6,1,tn_exact,ok,"[5, 3, 4, 2, 1, 0]",2479.716632892373,2479.716632892373,0.0,True,True,0.0136177999997926,263.921875,263.94921875,0.02734375,22.0,,True,"{""finite_edges"": true, ""instance_metadata"": {""complete"": true, ""instance_type"": ""euclidean"", ""n"": 6, ""points"": [[511.82162470025673, 950.4636963259353], [144.15961271963374, 948.6494471372439], [311.83145201048546, 423.32644897257563], [827.7025938204417, 409.1991363691613], [549.5936876730595, 27.559113243068367], [753.5131086748066, 538.1433132192782]], ""scale"": 1000.0, ""seed"": 1, ""symmetric"": true}, ""n_layers"": null, ""normalization_factor"": 1006.3717962694622, ""normalize"": true, ""optimum_status"": ""ok"", ""seed"": 0, ""tau"": 22.0, ""valid_route"": true}"
tau_sweep,tau_sweep_euclidean_n6_seed1,euclidean,6,1,tn_exact,ok,"[5, 3, 4, 2, 1, 0]",2479.716632892373,2479.716632892373,0.0,True,True,0.0500027000002774,263.94921875,263.94921875,0.0,24.0,,True,"{""finite_edges"": true, ""instance_metadata"": {""complete"": true, ""instance_type"": ""euclidean"", ""n"": 6, ""points"": [[511.82162470025673, 950.4636963259353], [144.15961271963374, 948.6494471372439], [311.83145201048546, 423.32644897257563], [827.7025938204417, 409.1991363691613], [549.5936876730595, 27.559113243068367], [753.5131086748066, 538.1433132192782]], ""scale"": 1000.0, ""seed"": 1, ""symmetric"": true}, ""n_layers"": null, ""normalization_factor"": 1006.3717962694622, ""normalize"": true, ""optimum_status"": ""ok"", ""seed"": 0, ""tau"": 24.0, ""valid_route"": true}"
tau_sweep,tau_sweep_euclidean_n6_seed1,euclidean,6,1,tn_exact,ok,"[5, 3, 4, 2, 1, 0]",2479.716632892373,2479.716632892373,0.0,True,True,0.013042999999925,263.94921875,263.94921875,0.0,26.0,,True,"{""finite_edges"": true, ""instance_metadata"": {""complete"": true, ""instance_type"": ""euclidean"", ""n"": 6, ""points"": [[511.82162470025673, 950.4636963259353], [144.15961271963374, 948.6494471372439], [311.83145201048546, 423.32644897257563], [827.7025938204417, 409.1991363691613], [549.5936876730595, 27.559113243068367], [753.5131086748066, 538.1433132192782]], ""scale"": 1000.0, ""seed"": 1, ""symmetric"": true}, ""n_layers"": null, ""normalization_factor"": 1006.3717962694622, ""normalize"": true, ""optimum_status"": ""ok"", ""seed"": 0, ""tau"": 26.0, ""valid_route"": true}"
tau_sweep,tau_sweep_euclidean_n6_seed1,euclidean,6,1,tn_exact,ok,"[5, 3, 4, 2, 1, 0]",2479.716632892373,2479.716632892373,0.0,True,True,0.013512399999854,263.94921875,263.94921875,0.0,28.0,,True,"{""finite_edges"": true, ""instance_metadata"": {""complete"": true, ""instance_type"": ""euclidean"", ""n"": 6, ""points"": [[511.82162470025673, 950.4636963259353], [144.15961271963374, 948.6494471372439], [311.83145201048546, 423.32644897257563], [827.7025938204417, 409.1991363691613], [549.5936876730595, 27.559113243068367], [753.5131086748066, 538.1433132192782]], ""scale"": 1000.0, ""seed"": 1, ""symmetric"": true}, ""n_layers"": null, ""normalization_factor"": 1006.3717962694622, ""normalize"": true, ""optimum_status"": ""ok"", ""seed"": 0, ""tau"": 28.0, ""valid_route"": true}"
tau_sweep,tau_sweep_euclidean_n6_seed1,euclidean,6,1,tn_exact,ok,"[5, 3, 4, 2, 1, 0]",2479.716632892373,2479.716632892373,0.0,True,True,0.0130051000001003,263.94921875,263.94921875,0.0,30.0,,True,"{""finite_edges"": true, ""instance_metadata"": {""complete"": true, ""instance_type"": ""euclidean"", ""n"": 6, ""points"": [[511.82162470025673, 950.4636963259353], [144.15961271963374, 948.6494471372439], [311.83145201048546, 423.32644897257563], [827.7025938204417, 409.1991363691613], [549.5936876730595, 27.559113243068367], [753.5131086748066, 538.1433132192782]], ""scale"": 1000.0, ""seed"": 1, ""symmetric"": true}, ""n_layers"": null, ""normalization_factor"": 1006.3717962694622, ""normalize"": true, ""optimum_status"": ""ok"", ""seed"": 0, ""tau"": 30.0, ""valid_route"": true}"
tau_sweep,tau_sweep_random_symmetric_n6_seed1,random_symmetric,6,1,tn_exact,ok,"[5, 1, 3, 4, 2, 0]",193.8286644820947,193.8286644820947,0.0,True,True,0.0137407000001985,263.94921875,263.94921875,0.0,10.0,,True,"{""finite_edges"": true, ""instance_metadata"": {""complete"": true, ""high"": 100.0, ""instance_type"": ""random_symmetric"", ""low"": 1.0, ""n"": 6, ""seed"": 1, ""symmetric"": true}, ""n_layers"": null, ""normalization_factor"": 89.01923136224568, ""normalize"": true, ""optimum_status"": ""ok"", ""seed"": 0, ""tau"": 10.0, ""valid_route"": true}"
tau_sweep,tau_sweep_random_symmetric_n6_seed1,random_symmetric,6,1,tn_exact,ok,"[5, 1, 3, 4, 2, 0]",193.8286644820947,193.8286644820947,0.0,True,True,0.0129740999996101,263.94921875,263.94921875,0.0,12.0,,True,"{""finite_edges"": true, ""instance_metadata"": {""complete"": true, ""high"": 100.0, ""instance_type"": ""random_symmetric"", ""low"": 1.0, ""n"": 6, ""seed"": 1, ""symmetric"": true}, ""n_layers"": null, ""normalization_factor"": 89.01923136224568, ""normalize"": true, ""optimum_status"": ""ok"", ""seed"": 0, ""tau"": 12.0, ""valid_route"": true}"
tau_sweep,tau_sweep_random_symmetric_n6_seed1,random_symmetric,6,1,tn_exact,ok,"[5, 1, 3, 4, 2, 0]",193.8286644820947,193.8286644820947,0.0,True,True,0.0132478000000446,263.94921875,263.94921875,0.0,14.0,,True,"{""finite_edges"": true, ""instance_metadata"": {""complete"": true, ""high"": 100.0, ""instance_type"": ""random_symmetric"", ""low"": 1.0, ""n"": 6, ""seed"": 1, ""symmetric"": true}, ""n_layers"": null, ""normalization_factor"": 89.01923136224568, ""normalize"": true, ""optimum_status"": ""ok"", ""seed"": 0, ""tau"": 14.0, ""valid_route"": true}"
tau_sweep,tau_sweep_random_symmetric_n6_seed1,random_symmetric,6,1,tn_exact,ok,"[5, 1, 3, 4, 2, 0]",193.8286644820947,193.8286644820947,0.0,True,True,0.0134733999998388,263.94921875,263.953125,0.00390625,16.0,,True,"{""finite_edges"": true, ""instance_metadata"": {""complete"": true, ""high"": 100.0, ""instance_type"": ""random_symmetric"", ""low"": 1.0, ""n"": 6, ""seed"": 1, ""symmetric"": true}, ""n_layers"": null, ""normalization_factor"": 89.01923136224568, ""normalize"": true, ""optimum_status"": ""ok"", ""seed"": 0, ""tau"": 16.0, ""valid_route"": true}"
tau_sweep,tau_sweep_random_symmetric_n6_seed1,random_symmetric,6,1,tn_exact,ok,"[5, 1, 3, 4, 2, 0]",193.8286644820947,193.8286644820947,0.0,True,True,0.0135411999999632,263.95703125,263.95703125,0.0,18.0,,True,"{""finite_edges"": true, ""instance_metadata"": {""complete"": true, ""high"": 100.0, ""instance_type"": ""random_symmetric"", ""low"": 1.0, ""n"": 6, ""seed"": 1, ""symmetric"": true}, ""n_layers"": null, ""normalization_factor"": 89.01923136224568, ""normalize"": true, ""optimum_status"": ""ok"", ""seed"": 0, ""tau"": 18.0, ""valid_route"": true}"
tau_sweep,tau_sweep_random_symmetric_n6_seed1,random_symmetric,6,1,tn_exact,ok,"[5, 1, 3, 4, 2, 0]",193.8286644820947,193.8286644820947,0.0,True,True,0.0134770999998181,263.95703125,263.95703125,0.0,20.0,,True,"{""finite_edges"": true, ""instance_metadata"": {""complete"": true, ""high"": 100.0, ""instance_type"": ""random_symmetric"", ""low"": 1.0, ""n"": 6, ""seed"": 1, ""symmetric"": true}, ""n_layers"": null, ""normalization_factor"": 89.01923136224568, ""normalize"": true, ""optimum_status"": ""ok"", ""seed"": 0, ""tau"": 20.0, ""valid_route"": true}"
tau_sweep,tau_sweep_random_symmetric_n6_seed1,random_symmetric,6,1,tn_exact,ok,"[5, 1, 3, 4, 2, 0]",193.8286644820947,193.8286644820947,0.0,True,True,0.0134743999997226,263.95703125,263.95703125,0.0,22.0,,True,"{""finite_edges"": true, ""instance_metadata"": {""complete"": true, ""high"": 100.0, ""instance_type"": ""random_symmetric"", ""low"": 1.0, ""n"": 6, ""seed"": 1, ""symmetric"": true}, ""n_layers"": null, ""normalization_factor"": 89.01923136224568, ""normalize"": true, ""optimum_status"": ""ok"", ""seed"": 0, ""tau"": 22.0, ""valid_route"": true}"
tau_sweep,tau_sweep_random_symmetric_n6_seed1,random_symmetric,6,1,tn_exact,ok,"[5, 1, 3, 4, 2, 0]",193.8286644820947,193.8286644820947,0.0,True,True,0.0131148999998913,263.95703125,263.95703125,0.0,24.0,,True,"{""finite_edges"": true, ""instance_metadata"": {""complete"": true, ""high"": 100.0, ""instance_type"": ""random_symmetric"", ""low"": 1.0, ""n"": 6, ""seed"": 1, ""symmetric"": true}, ""n_layers"": null, ""normalization_factor"": 89.01923136224568, ""normalize"": true, ""optimum_status"": ""ok"", ""seed"": 0, ""tau"": 24.0, ""valid_route"": true}"
tau_sweep,tau_sweep_random_symmetric_n6_seed1,random_symmetric,6,1,tn_exact,ok,"[5, 1, 3, 4, 2, 0]",193.8286644820947,193.8286644820947,0.0,True,True,0.0130809000002045,263.95703125,263.95703125,0.0,26.0,,True,"{""finite_edges"": true, ""instance_metadata"": {""complete"": true, ""high"": 100.0, ""instance_type"": ""random_symmetric"", ""low"": 1.0, ""n"": 6, ""seed"": 1, ""symmetric"": true}, ""n_layers"": null, ""normalization_factor"": 89.01923136224568, ""normalize"": true, ""optimum_status"": ""ok"", ""seed"": 0, ""tau"": 26.0, ""valid_route"": true}"
tau_sweep,tau_sweep_random_symmetric_n6_seed1,random_symmetric,6,1,tn_exact,ok,"[5, 1, 3, 4, 2, 0]",193.8286644820947,193.8286644820947,0.0,True,True,0.014835800000128,263.95703125,263.9609375,0.00390625,28.0,,True,"{""finite_edges"": true, ""instance_metadata"": {""complete"": true, ""high"": 100.0, ""instance_type"": ""random_symmetric"", ""low"": 1.0, ""n"": 6, ""seed"": 1, ""symmetric"": true}, ""n_layers"": null, ""normalization_factor"": 89.01923136224568, ""normalize"": true, ""optimum_status"": ""ok"", ""seed"": 0, ""tau"": 28.0, ""valid_route"": true}"
tau_sweep,tau_sweep_random_symmetric_n6_seed1,random_symmetric,6,1,tn_exact,ok,"[5, 1, 3, 4, 2, 0]",193.8286644820947,193.8286644820947,0.0,True,True,0.0148736000001008,263.9609375,263.9609375,0.0,30.0,,True,"{""finite_edges"": true, ""instance_metadata"": {""complete"": true, ""high"": 100.0, ""instance_type"": ""random_symmetric"", ""low"": 1.0, ""n"": 6, ""seed"": 1, ""symmetric"": true}, ""n_layers"": null, ""normalization_factor"": 89.01923136224568, ""normalize"": true, ""optimum_status"": ""ok"", ""seed"": 0, ""tau"": 30.0, ""valid_route"": true}"
tau_sweep,tau_sweep_random_asymmetric_n6_seed1,random_asymmetric,6,1,tn_exact,ok,"[5, 1, 3, 0, 2, 4]",163.90566226771904,163.90566226771904,0.0,True,True,0.0127705999998397,263.9609375,263.9609375,0.0,10.0,,True,"{""finite_edges"": true, ""instance_metadata"": {""complete"": true, ""high"": 100.0, ""instance_type"": ""random_asymmetric"", ""low"": 1.0, ""n"": 6, ""seed"": 1, ""symmetric"": false}, ""n_layers"": null, ""normalization_factor"": 98.09298278032263, ""normalize"": true, ""optimum_status"": ""ok"", ""seed"": 0, ""tau"": 10.0, ""valid_route"": true}"
tau_sweep,tau_sweep_random_asymmetric_n6_seed1,random_asymmetric,6,1,tn_exact,ok,"[5, 1, 3, 0, 2, 4]",163.90566226771904,163.90566226771904,0.0,True,True,0.013709999999719,263.9609375,263.96484375,0.00390625,12.0,,True,"{""finite_edges"": true, ""instance_metadata"": {""complete"": true, ""high"": 100.0, ""instance_type"": ""random_asymmetric"", ""low"": 1.0, ""n"": 6, ""seed"": 1, ""symmetric"": false}, ""n_layers"": null, ""normalization_factor"": 98.09298278032263, ""normalize"": true, ""optimum_status"": ""ok"", ""seed"": 0, ""tau"": 12.0, ""valid_route"": true}"
tau_sweep,tau_sweep_random_asymmetric_n6_seed1,random_asymmetric,6,1,tn_exact,ok,"[5, 1, 3, 0, 2, 4]",163.90566226771904,163.90566226771904,0.0,True,True,0.0131375000000844,263.96484375,263.96484375,0.0,14.0,,True,"{""finite_edges"": true, ""instance_metadata"": {""complete"": true, ""high"": 100.0, ""instance_type"": ""random_asymmetric"", ""low"": 1.0, ""n"": 6, ""seed"": 1, ""symmetric"": false}, ""n_layers"": null, ""normalization_factor"": 98.09298278032263, ""normalize"": true, ""optimum_status"": ""ok"", ""seed"": 0, ""tau"": 14.0, ""valid_route"": true}"
tau_sweep,tau_sweep_random_asymmetric_n6_seed1,random_asymmetric,6,1,tn_exact,ok,"[5, 1, 3, 0, 2, 4]",163.90566226771904,163.90566226771904,0.0,True,True,0.0133878999999978,263.96484375,263.96484375,0.0,16.0,,True,"{""finite_edges"": true, ""instance_metadata"": {""complete"": true, ""high"": 100.0, ""instance_type"": ""random_asymmetric"", ""low"": 1.0, ""n"": 6, ""seed"": 1, ""symmetric"": false}, ""n_layers"": null, ""normalization_factor"": 98.09298278032263, ""normalize"": true, ""optimum_status"": ""ok"", ""seed"": 0, ""tau"": 16.0, ""valid_route"": true}"
tau_sweep,tau_sweep_random_asymmetric_n6_seed1,random_asymmetric,6,1,tn_exact,ok,"[5, 1, 3, 0, 2, 4]",163.90566226771904,163.90566226771904,0.0,True,True,0.0135954000002129,263.96484375,263.96875,0.00390625,18.0,,True,"{""finite_edges"": true, ""instance_metadata"": {""complete"": true, ""high"": 100.0, ""instance_type"": ""random_asymmetric"", ""low"": 1.0, ""n"": 6, ""seed"": 1, ""symmetric"": false}, ""n_layers"": null, ""normalization_factor"": 98.09298278032263, ""normalize"": true, ""optimum_status"": ""ok"", ""seed"": 0, ""tau"": 18.0, ""valid_route"": true}"
tau_sweep,tau_sweep_random_asymmetric_n6_seed1,random_asymmetric,6,1,tn_exact,ok,"[5, 1, 3, 0, 2, 4]",163.90566226771904,163.90566226771904,0.0,True,True,0.013226399999894,263.96875,263.96875,0.0,20.0,,True,"{""finite_edges"": true, ""instance_metadata"": {""complete"": true, ""high"": 100.0, ""instance_type"": ""random_asymmetric"", ""low"": 1.0, ""n"": 6, ""seed"": 1, ""symmetric"": false}, ""n_layers"": null, ""normalization_factor"": 98.09298278032263, ""normalize"": true, ""optimum_status"": ""ok"", ""seed"": 0, ""tau"": 20.0, ""valid_route"": true}"
tau_sweep,tau_sweep_random_asymmetric_n6_seed1,random_asymmetric,6,1,tn_exact,ok,"[5, 1, 3, 0, 2, 4]",163.90566226771904,163.90566226771904,0.0,True,True,0.0133025999998608,263.96875,263.97265625,0.00390625,22.0,,True,"{""finite_edges"": true, ""instance_metadata"": {""complete"": true, ""high"": 100.0, ""instance_type"": ""random_asymmetric"", ""low"": 1.0, ""n"": 6, ""seed"": 1, ""symmetric"": false}, ""n_layers"": null, ""normalization_factor"": 98.09298278032263, ""normalize"": true, ""optimum_status"": ""ok"", ""seed"": 0, ""tau"": 22.0, ""valid_route"": true}"
tau_sweep,tau_sweep_random_asymmetric_n6_seed1,random_asymmetric,6,1,tn_exact,ok,"[5, 1, 3, 0, 2, 4]",163.90566226771904,163.90566226771904,0.0,True,True,0.0136854000002131,263.97265625,263.97265625,0.0,24.0,,True,"{""finite_edges"": true, ""instance_metadata"": {""complete"": true, ""high"": 100.0, ""instance_type"": ""random_asymmetric"", ""low"": 1.0, ""n"": 6, ""seed"": 1, ""symmetric"": false}, ""n_layers"": null, ""normalization_factor"": 98.09298278032263, ""normalize"": true, ""optimum_status"": ""ok"", ""seed"": 0, ""tau"": 24.0, ""valid_route"": true}"
tau_sweep,tau_sweep_random_asymmetric_n6_seed1,random_asymmetric,6,1,tn_exact,ok,"[5, 1, 3, 0, 2, 4]",163.90566226771904,163.90566226771904,0.0,True,True,0.0130948999999418,263.97265625,263.97265625,0.0,26.0,,True,"{""finite_edges"": true, ""instance_metadata"": {""complete"": true, ""high"": 100.0, ""instance_type"": ""random_asymmetric"", ""low"": 1.0, ""n"": 6, ""seed"": 1, ""symmetric"": false}, ""n_layers"": null, ""normalization_factor"": 98.09298278032263, ""normalize"": true, ""optimum_status"": ""ok"", ""seed"": 0, ""tau"": 26.0, ""valid_route"": true}"
tau_sweep,tau_sweep_random_asymmetric_n6_seed1,random_asymmetric,6,1,tn_exact,ok,"[5, 1, 3, 0, 2, 4]",163.90566226771904,163.90566226771904,0.0,True,True,0.0148411999998643,263.97265625,263.97265625,0.0,28.0,,True,"{""finite_edges"": true, ""instance_metadata"": {""complete"": true, ""high"": 100.0, ""instance_type"": ""random_asymmetric"", ""low"": 1.0, ""n"": 6, ""seed"": 1, ""symmetric"": false}, ""n_layers"": null, ""normalization_factor"": 98.09298278032263, ""normalize"": true, ""optimum_status"": ""ok"", ""seed"": 0, ""tau"": 28.0, ""valid_route"": true}"
tau_sweep,tau_sweep_random_asymmetric_n6_seed1,random_asymmetric,6,1,tn_exact,ok,"[5, 1, 3, 0, 2, 4]",163.90566226771904,163.90566226771904,0.0,True,True,0.0135556999998698,263.97265625,263.97265625,0.0,30.0,,True,"{""finite_edges"": true, ""instance_metadata"": {""complete"": true, ""high"": 100.0, ""instance_type"": ""random_asymmetric"", ""low"": 1.0, ""n"": 6, ""seed"": 1, ""symmetric"": false}, ""n_layers"": null, ""normalization_factor"": 98.09298278032263, ""normalize"": true, ""optimum_status"": ""ok"", ""seed"": 0, ""tau"": 30.0, ""valid_route"": true}"
tau_sweep,tau_sweep_euclidean_n6_seed2,euclidean,6,2,tn_exact,ok,"[5, 1, 2, 4, 0, 3]",2262.754933257355,2262.754933257355,0.0,True,True,0.0138031000001319,263.97265625,263.97265625,0.0,10.0,,True,"{""finite_edges"": true, ""instance_metadata"": {""complete"": true, ""instance_type"": ""euclidean"", ""n"": 6, ""points"": [[261.6121342493164, 298.4911434141233], [814.2257405942803, 91.91594213509691], [600.100525965654, 728.5605268117946], [187.90107336660344, 55.14662733306819], [274.9693679060381, 657.4330148755926], [562.265662780428, 150.06226330533613]], ""scale"": 1000.0, ""seed"": 2, ""symmetric"": true}, ""n_layers"": null, ""normalization_factor"": 789.553461606053, ""normalize"": true, ""optimum_status"": ""ok"", ""seed"": 0, ""tau"": 10.0, ""valid_route"": true}"
tau_sweep,tau_sweep_euclidean_n6_seed2,euclidean,6,2,tn_exact,ok,"[5, 1, 2, 4, 0, 3]",2262.754933257355,2262.754933257355,0.0,True,True,0.014687600000343,263.97265625,263.97265625,0.0,12.0,,True,"{""finite_edges"": true, ""instance_metadata"": {""complete"": true, ""instance_type"": ""euclidean"", ""n"": 6, ""points"": [[261.6121342493164, 298.4911434141233], [814.2257405942803, 91.91594213509691], [600.100525965654, 728.5605268117946], [187.90107336660344, 55.14662733306819], [274.9693679060381, 657.4330148755926], [562.265662780428, 150.06226330533613]], ""scale"": 1000.0, ""seed"": 2, ""symmetric"": true}, ""n_layers"": null, ""normalization_factor"": 789.553461606053, ""normalize"": true, ""optimum_status"": ""ok"", ""seed"": 0, ""tau"": 12.0, ""valid_route"": true}"
tau_sweep,tau_sweep_euclidean_n6_seed2,euclidean,6,2,tn_exact,ok,"[5, 1, 2, 4, 0, 3]",2262.754933257355,2262.754933257355,0.0,True,True,0.0169080000000576,263.97265625,263.97265625,0.0,14.0,,True,"{""finite_edges"": true, ""instance_metadata"": {""complete"": true, ""instance_type"": ""euclidean"", ""n"": 6, ""points"": [[261.6121342493164, 298.4911434141233], [814.2257405942803, 91.91594213509691], [600.100525965654, 728.5605268117946], [187.90107336660344, 55.14662733306819], [274.9693679060381, 657.4330148755926], [562.265662780428, 150.06226330533613]], ""scale"": 1000.0, ""seed"": 2, ""symmetric"": true}, ""n_layers"": null, ""normalization_factor"": 789.553461606053, ""normalize"": true, ""optimum_status"": ""ok"", ""seed"": 0, ""tau"": 14.0, ""valid_route"": true}"
tau_sweep,tau_sweep_euclidean_n6_seed2,euclidean,6,2,tn_exact,ok,"[5, 1, 2, 4, 0, 3]",2262.754933257355,2262.754933257355,0.0,True,True,0.0156288000002859,263.97265625,263.97265625,0.0,16.0,,True,"{""finite_edges"": true, ""instance_metadata"": {""complete"": true, ""instance_type"": ""euclidean"", ""n"": 6, ""points"": [[261.6121342493164, 298.4911434141233], [814.2257405942803, 91.91594213509691], [600.100525965654, 728.5605268117946], [187.90107336660344, 55.14662733306819], [274.9693679060381, 657.4330148755926], [562.265662780428, 150.06226330533613]], ""scale"": 1000.0, ""seed"": 2, ""symmetric"": true}, ""n_layers"": null, ""normalization_factor"": 789.553461606053, ""normalize"": true, ""optimum_status"": ""ok"", ""seed"": 0, ""tau"": 16.0, ""valid_route"": true}"
tau_sweep,tau_sweep_euclidean_n6_seed2,euclidean,6,2,tn_exact,ok,"[5, 1, 2, 4, 0, 3]",2262.754933257355,2262.754933257355,0.0,True,True,0.015255000000252,263.97265625,263.97265625,0.0,18.0,,True,"{""finite_edges"": true, ""instance_metadata"": {""complete"": true, ""instance_type"": ""euclidean"", ""n"": 6, ""points"": [[261.6121342493164, 298.4911434141233], [814.2257405942803, 91.91594213509691], [600.100525965654, 728.5605268117946], [187.90107336660344, 55.14662733306819], [274.9693679060381, 657.4330148755926], [562.265662780428, 150.06226330533613]], ""scale"": 1000.0, ""seed"": 2, ""symmetric"": true}, ""n_layers"": null, ""normalization_factor"": 789.553461606053, ""normalize"": true, ""optimum_status"": ""ok"", ""seed"": 0, ""tau"": 18.0, ""valid_route"": true}"
tau_sweep,tau_sweep_euclidean_n6_seed2,euclidean,6,2,tn_exact,ok,"[5, 1, 2, 4, 0, 3]",2262.754933257355,2262.754933257355,0.0,True,True,0.0146458999997776,263.97265625,263.97265625,0.0,20.0,,True,"{""finite_edges"": true, ""instance_metadata"": {""complete"": true, ""instance_type"": ""euclidean"", ""n"": 6, ""points"": [[261.6121342493164, 298.4911434141233], [814.2257405942803, 91.91594213509691], [600.100525965654, 728.5605268117946], [187.90107336660344, 55.14662733306819], [274.9693679060381, 657.4330148755926], [562.265662780428, 150.06226330533613]], ""scale"": 1000.0, ""seed"": 2, ""symmetric"": true}, ""n_layers"": null, ""normalization_factor"": 789.553461606053, ""normalize"": true, ""optimum_status"": ""ok"", ""seed"": 0, ""tau"": 20.0, ""valid_route"": true}"
tau_sweep,tau_sweep_euclidean_n6_seed2,euclidean,6,2,tn_exact,ok,"[5, 1, 2, 4, 0, 3]",2262.754933257355,2262.754933257355,0.0,True,True,0.0138486000000739,263.97265625,263.97265625,0.0,22.0,,True,"{""finite_edges"": true, ""instance_metadata"": {""complete"": true, ""instance_type"": ""euclidean"", ""n"": 6, ""points"": [[261.6121342493164, 298.4911434141233], [814.2257405942803, 91.91594213509691], [600.100525965654, 728.5605268117946], [187.90107336660344, 55.14662733306819], [274.9693679060381, 657.4330148755926], [562.265662780428, 150.06226330533613]], ""scale"": 1000.0, ""seed"": 2, ""symmetric"": true}, ""n_layers"": null, ""normalization_factor"": 789.553461606053, ""normalize"": true, ""optimum_status"": ""ok"", ""seed"": 0, ""tau"": 22.0, ""valid_route"": true}"
tau_sweep,tau_sweep_euclidean_n6_seed2,euclidean,6,2,tn_exact,ok,"[5, 1, 2, 4, 0, 3]",2262.754933257355,2262.754933257355,0.0,True,True,0.0142372999998769,263.97265625,263.97265625,0.0,24.0,,True,"{""finite_edges"": true, ""instance_metadata"": {""complete"": true, ""instance_type"": ""euclidean"", ""n"": 6, ""points"": [[261.6121342493164, 298.4911434141233], [814.2257405942803, 91.91594213509691], [600.100525965654, 728.5605268117946], [187.90107336660344, 55.14662733306819], [274.9693679060381, 657.4330148755926], [562.265662780428, 150.06226330533613]], ""scale"": 1000.0, ""seed"": 2, ""symmetric"": true}, ""n_layers"": null, ""normalization_factor"": 789.553461606053, ""normalize"": true, ""optimum_status"": ""ok"", ""seed"": 0, ""tau"": 24.0, ""valid_route"": true}"
tau_sweep,tau_sweep_euclidean_n6_seed2,euclidean,6,2,tn_exact,ok,"[5, 1, 2, 4, 0, 3]",2262.754933257355,2262.754933257355,0.0,True,True,0.0146248999999443,263.97265625,263.97265625,0.0,26.0,,True,"{""finite_edges"": true, ""instance_metadata"": {""complete"": true, ""instance_type"": ""euclidean"", ""n"": 6, ""points"": [[261.6121342493164, 298.4911434141233], [814.2257405942803, 91.91594213509691], [600.100525965654, 728.5605268117946], [187.90107336660344, 55.14662733306819], [274.9693679060381, 657.4330148755926], [562.265662780428, 150.06226330533613]], ""scale"": 1000.0, ""seed"": 2, ""symmetric"": true}, ""n_layers"": null, ""normalization_factor"": 789.553461606053, ""normalize"": true, ""optimum_status"": ""ok"", ""seed"": 0, ""tau"": 26.0, ""valid_route"": true}"
tau_sweep,tau_sweep_euclidean_n6_seed2,euclidean,6,2,tn_exact,ok,"[5, 1, 2, 4, 0, 3]",2262.754933257355,2262.754933257355,0.0,True,True,0.0147556000001713,263.97265625,263.97265625,0.0,28.0,,True,"{""finite_edges"": true, ""instance_metadata"": {""complete"": true, ""instance_type"": ""euclidean"", ""n"": 6, ""points"": [[261.6121342493164, 298.4911434141233], [814.2257405942803, 91.91594213509691], [600.100525965654, 728.5605268117946], [187.90107336660344, 55.14662733306819], [274.9693679060381, 657.4330148755926], [562.265662780428, 150.06226330533613]], ""scale"": 1000.0, ""seed"": 2, ""symmetric"": true}, ""n_layers"": null, ""normalization_factor"": 789.553461606053, ""normalize"": true, ""optimum_status"": ""ok"", ""seed"": 0, ""tau"": 28.0, ""valid_route"": true}"
tau_sweep,tau_sweep_euclidean_n6_seed2,euclidean,6,2,tn_exact,ok,"[5, 1, 2, 4, 0, 3]",2262.754933257355,2262.754933257355,0.0,True,True,0.0138719999999921,263.97265625,263.97265625,0.0,30.0,,True,"{""finite_edges"": true, ""instance_metadata"": {""complete"": true, ""instance_type"": ""euclidean"", ""n"": 6, ""points"": [[261.6121342493164, 298.4911434141233], [814.2257405942803, 91.91594213509691], [600.100525965654, 728.5605268117946], [187.90107336660344, 55.14662733306819], [274.9693679060381, 657.4330148755926], [562.265662780428, 150.06226330533613]], ""scale"": 1000.0, ""seed"": 2, ""symmetric"": true}, ""n_layers"": null, ""normalization_factor"": 789.553461606053, ""normalize"": true, ""optimum_status"": ""ok"", ""seed"": 0, ""tau"": 30.0, ""valid_route"": true}"
tau_sweep,tau_sweep_random_symmetric_n6_seed2,random_symmetric,6,2,tn_exact,ok,"[5, 4, 0, 3, 2, 1]",258.8802241888551,258.8802241888551,0.0,True,True,0.0144883999996636,263.97265625,263.97265625,0.0,10.0,,True,"{""finite_edges"": true, ""instance_metadata"": {""complete"": true, ""high"": 100.0, ""instance_type"": ""random_symmetric"", ""low"": 1.0, ""n"": 6, ""seed"": 2, ""symmetric"": true}, ""n_layers"": null, ""normalization_factor"": 81.42761317131263, ""normalize"": true, ""optimum_status"": ""ok"", ""seed"": 0, ""tau"": 10.0, ""valid_route"": true}"
tau_sweep,tau_sweep_random_symmetric_n6_seed2,random_symmetric,6,2,tn_exact,ok,"[5, 4, 0, 3, 2, 1]",258.8802241888551,258.8802241888551,0.0,True,True,0.0165915999996286,263.97265625,263.97265625,0.0,12.0,,True,"{""finite_edges"": true, ""instance_metadata"": {""complete"": true, ""high"": 100.0, ""instance_type"": ""random_symmetric"", ""low"": 1.0, ""n"": 6, ""seed"": 2, ""symmetric"": true}, ""n_layers"": null, ""normalization_factor"": 81.42761317131263, ""normalize"": true, ""optimum_status"": ""ok"", ""seed"": 0, ""tau"": 12.0, ""valid_route"": true}"
tau_sweep,tau_sweep_random_symmetric_n6_seed2,random_symmetric,6,2,tn_exact,ok,"[5, 4, 0, 3, 2, 1]",258.8802241888551,258.8802241888551,0.0,True,True,0.0140237999999044,263.97265625,263.97265625,0.0,14.0,,True,"{""finite_edges"": true, ""instance_metadata"": {""complete"": true, ""high"": 100.0, ""instance_type"": ""random_symmetric"", ""low"": 1.0, ""n"": 6, ""seed"": 2, ""symmetric"": true}, ""n_layers"": null, ""normalization_factor"": 81.42761317131263, ""normalize"": true, ""optimum_status"": ""ok"", ""seed"": 0, ""tau"": 14.0, ""valid_route"": true}"
tau_sweep,tau_sweep_random_symmetric_n6_seed2,random_symmetric,6,2,tn_exact,ok,"[5, 4, 0, 3, 2, 1]",258.8802241888551,258.8802241888551,0.0,True,True,0.0143666000003577,263.97265625,263.98046875,0.0078125,16.0,,True,"{""finite_edges"": true, ""instance_metadata"": {""complete"": true, ""high"": 100.0, ""instance_type"": ""random_symmetric"", ""low"": 1.0, ""n"": 6, ""seed"": 2, ""symmetric"": true}, ""n_layers"": null, ""normalization_factor"": 81.42761317131263, ""normalize"": true, ""optimum_status"": ""ok"", ""seed"": 0, ""tau"": 16.0, ""valid_route"": true}"
tau_sweep,tau_sweep_random_symmetric_n6_seed2,random_symmetric,6,2,tn_exact,ok,"[5, 4, 0, 3, 2, 1]",258.8802241888551,258.8802241888551,0.0,True,True,0.0138357000000723,263.98046875,263.98046875,0.0,18.0,,True,"{""finite_edges"": true, ""instance_metadata"": {""complete"": true, ""high"": 100.0, ""instance_type"": ""random_symmetric"", ""low"": 1.0, ""n"": 6, ""seed"": 2, ""symmetric"": true}, ""n_layers"": null, ""normalization_factor"": 81.42761317131263, ""normalize"": true, ""optimum_status"": ""ok"", ""seed"": 0, ""tau"": 18.0, ""valid_route"": true}"
tau_sweep,tau_sweep_random_symmetric_n6_seed2,random_symmetric,6,2,tn_exact,ok,"[5, 4, 0, 3, 2, 1]",258.8802241888551,258.8802241888551,0.0,True,True,0.0140205000002424,263.98046875,263.98046875,0.0,20.0,,True,"{""finite_edges"": true, ""instance_metadata"": {""complete"": true, ""high"": 100.0, ""instance_type"": ""random_symmetric"", ""low"": 1.0, ""n"": 6, ""seed"": 2, ""symmetric"": true}, ""n_layers"": null, ""normalization_factor"": 81.42761317131263, ""normalize"": true, ""optimum_status"": ""ok"", ""seed"": 0, ""tau"": 20.0, ""valid_route"": true}"
tau_sweep,tau_sweep_random_symmetric_n6_seed2,random_symmetric,6,2,tn_exact,ok,"[5, 4, 0, 3, 2, 1]",258.8802241888551,258.8802241888551,0.0,True,True,0.01513229999955,263.98046875,263.9921875,0.01171875,22.0,,True,"{""finite_edges"": true, ""instance_metadata"": {""complete"": true, ""high"": 100.0, ""instance_type"": ""random_symmetric"", ""low"": 1.0, ""n"": 6, ""seed"": 2, ""symmetric"": true}, ""n_layers"": null, ""normalization_factor"": 81.42761317131263, ""normalize"": true, ""optimum_status"": ""ok"", ""seed"": 0, ""tau"": 22.0, ""valid_route"": true}"
tau_sweep,tau_sweep_random_symmetric_n6_seed2,random_symmetric,6,2,tn_exact,ok,"[5, 4, 0, 3, 2, 1]",258.8802241888551,258.8802241888551,0.0,True,True,0.0143159999997806,263.9921875,263.9921875,0.0,24.0,,True,"{""finite_edges"": true, ""instance_metadata"": {""complete"": true, ""high"": 100.0, ""instance_type"": ""random_symmetric"", ""low"": 1.0, ""n"": 6, ""seed"": 2, ""symmetric"": true}, ""n_layers"": null, ""normalization_factor"": 81.42761317131263, ""normalize"": true, ""optimum_status"": ""ok"", ""seed"": 0, ""tau"": 24.0, ""valid_route"": true}"
tau_sweep,tau_sweep_random_symmetric_n6_seed2,random_symmetric,6,2,tn_exact,ok,"[5, 4, 0, 3, 2, 1]",258.8802241888551,258.8802241888551,0.0,True,True,0.0146869000000151,263.9921875,263.99609375,0.00390625,26.0,,True,"{""finite_edges"": true, ""instance_metadata"": {""complete"": true, ""high"": 100.0, ""instance_type"": ""random_symmetric"", ""low"": 1.0, ""n"": 6, ""seed"": 2, ""symmetric"": true}, ""n_layers"": null, ""normalization_factor"": 81.42761317131263, ""normalize"": true, ""optimum_status"": ""ok"", ""seed"": 0, ""tau"": 26.0, ""valid_route"": true}"
tau_sweep,tau_sweep_random_symmetric_n6_seed2,random_symmetric,6,2,tn_exact,ok,"[5, 4, 0, 3, 2, 1]",258.8802241888551,258.8802241888551,0.0,True,True,0.0137918999998873,263.99609375,264.02734375,0.03125,28.0,,True,"{""finite_edges"": true, ""instance_metadata"": {""complete"": true, ""high"": 100.0, ""instance_type"": ""random_symmetric"", ""low"": 1.0, ""n"": 6, ""seed"": 2, ""symmetric"": true}, ""n_layers"": null, ""normalization_factor"": 81.42761317131263, ""normalize"": true, ""optimum_status"": ""ok"", ""seed"": 0, ""tau"": 28.0, ""valid_route"": true}"
tau_sweep,tau_sweep_random_symmetric_n6_seed2,random_symmetric,6,2,tn_exact,ok,"[5, 4, 0, 3, 2, 1]",258.8802241888551,258.8802241888551,0.0,True,True,0.0135564000001977,264.02734375,264.02734375,0.0,30.0,,True,"{""finite_edges"": true, ""instance_metadata"": {""complete"": true, ""high"": 100.0, ""instance_type"": ""random_symmetric"", ""low"": 1.0, ""n"": 6, ""seed"": 2, ""symmetric"": true}, ""n_layers"": null, ""normalization_factor"": 81.42761317131263, ""normalize"": true, ""optimum_status"": ""ok"", ""seed"": 0, ""tau"": 30.0, ""valid_route"": true}"
tau_sweep,tau_sweep_random_asymmetric_n6_seed2,random_asymmetric,6,2,tn_exact,ok,"[5, 0, 3, 1, 2, 4]",186.97445898351285,186.97445898351285,0.0,True,True,0.0131941999998161,264.02734375,264.0703125,0.04296875,10.0,,True,"{""finite_edges"": true, ""instance_metadata"": {""complete"": true, ""high"": 100.0, ""instance_type"": ""random_asymmetric"", ""low"": 1.0, ""n"": 6, ""seed"": 2, ""symmetric"": false}, ""n_layers"": null, ""normalization_factor"": 96.77615929687398, ""normalize"": true, ""optimum_status"": ""ok"", ""seed"": 0, ""tau"": 10.0, ""valid_route"": true}"
tau_sweep,tau_sweep_random_asymmetric_n6_seed2,random_asymmetric,6,2,tn_exact,ok,"[5, 0, 3, 1, 2, 4]",186.97445898351285,186.97445898351285,0.0,True,True,0.0143596999996589,264.0703125,264.08203125,0.01171875,12.0,,True,"{""finite_edges"": true, ""instance_metadata"": {""complete"": true, ""high"": 100.0, ""instance_type"": ""random_asymmetric"", ""low"": 1.0, ""n"": 6, ""seed"": 2, ""symmetric"": false}, ""n_layers"": null, ""normalization_factor"": 96.77615929687398, ""normalize"": true, ""optimum_status"": ""ok"", ""seed"": 0, ""tau"": 12.0, ""valid_route"": true}"
tau_sweep,tau_sweep_random_asymmetric_n6_seed2,random_asymmetric,6,2,tn_exact,ok,"[5, 0, 3, 1, 2, 4]",186.97445898351285,186.97445898351285,0.0,True,True,0.0134149000000434,264.08203125,264.08203125,0.0,14.0,,True,"{""finite_edges"": true, ""instance_metadata"": {""complete"": true, ""high"": 100.0, ""instance_type"": ""random_asymmetric"", ""low"": 1.0, ""n"": 6, ""seed"": 2, ""symmetric"": false}, ""n_layers"": null, ""normalization_factor"": 96.77615929687398, ""normalize"": true, ""optimum_status"": ""ok"", ""seed"": 0, ""tau"": 14.0, ""valid_route"": true}"
tau_sweep,tau_sweep_random_asymmetric_n6_seed2,random_asymmetric,6,2,tn_exact,ok,"[5, 0, 3, 1, 2, 4]",186.97445898351285,186.97445898351285,0.0,True,True,0.0134600999999747,264.08203125,264.15625,0.07421875,16.0,,True,"{""finite_edges"": true, ""instance_metadata"": {""complete"": true, ""high"": 100.0, ""instance_type"": ""random_asymmetric"", ""low"": 1.0, ""n"": 6, ""seed"": 2, ""symmetric"": false}, ""n_layers"": null, ""normalization_factor"": 96.77615929687398, ""normalize"": true, ""optimum_status"": ""ok"", ""seed"": 0, ""tau"": 16.0, ""valid_route"": true}"
tau_sweep,tau_sweep_random_asymmetric_n6_seed2,random_asymmetric,6,2,tn_exact,ok,"[5, 0, 3, 1, 2, 4]",186.97445898351285,186.97445898351285,0.0,True,True,0.0145825999998123,264.15625,264.15625,0.0,18.0,,True,"{""finite_edges"": true, ""instance_metadata"": {""complete"": true, ""high"": 100.0, ""instance_type"": ""random_asymmetric"", ""low"": 1.0, ""n"": 6, ""seed"": 2, ""symmetric"": false}, ""n_layers"": null, ""normalization_factor"": 96.77615929687398, ""normalize"": true, ""optimum_status"": ""ok"", ""seed"": 0, ""tau"": 18.0, ""valid_route"": true}"
tau_sweep,tau_sweep_random_asymmetric_n6_seed2,random_asymmetric,6,2,tn_exact,ok,"[5, 0, 3, 1, 2, 4]",186.97445898351285,186.97445898351285,0.0,True,True,0.013711499999772,264.15625,264.16015625,0.00390625,20.0,,True,"{""finite_edges"": true, ""instance_metadata"": {""complete"": true, ""high"": 100.0, ""instance_type"": ""random_asymmetric"", ""low"": 1.0, ""n"": 6, ""seed"": 2, ""symmetric"": false}, ""n_layers"": null, ""normalization_factor"": 96.77615929687398, ""normalize"": true, ""optimum_status"": ""ok"", ""seed"": 0, ""tau"": 20.0, ""valid_route"": true}"
tau_sweep,tau_sweep_random_asymmetric_n6_seed2,random_asymmetric,6,2,tn_exact,ok,"[5, 0, 3, 1, 2, 4]",186.97445898351285,186.97445898351285,0.0,True,True,0.0143795000003592,264.16015625,264.17578125,0.015625,22.0,,True,"{""finite_edges"": true, ""instance_metadata"": {""complete"": true, ""high"": 100.0, ""instance_type"": ""random_asymmetric"", ""low"": 1.0, ""n"": 6, ""seed"": 2, ""symmetric"": false}, ""n_layers"": null, ""normalization_factor"": 96.77615929687398, ""normalize"": true, ""optimum_status"": ""ok"", ""seed"": 0, ""tau"": 22.0, ""valid_route"": true}"
tau_sweep,tau_sweep_random_asymmetric_n6_seed2,random_asymmetric,6,2,tn_exact,ok,"[5, 0, 3, 1, 2, 4]",186.97445898351285,186.97445898351285,0.0,True,True,0.0144121000002996,264.17578125,264.17578125,0.0,24.0,,True,"{""finite_edges"": true, ""instance_metadata"": {""complete"": true, ""high"": 100.0, ""instance_type"": ""random_asymmetric"", ""low"": 1.0, ""n"": 6, ""seed"": 2, ""symmetric"": false}, ""n_layers"": null, ""normalization_factor"": 96.77615929687398, ""normalize"": true, ""optimum_status"": ""ok"", ""seed"": 0, ""tau"": 24.0, ""valid_route"": true}"
tau_sweep,tau_sweep_random_asymmetric_n6_seed2,random_asymmetric,6,2,tn_exact,ok,"[5, 0, 3, 1, 2, 4]",186.97445898351285,186.97445898351285,0.0,True,True,0.0143098999997164,264.17578125,264.17578125,0.0,26.0,,True,"{""finite_edges"": true, ""instance_metadata"": {""complete"": true, ""high"": 100.0, ""instance_type"": ""random_asymmetric"", ""low"": 1.0, ""n"": 6, ""seed"": 2, ""symmetric"": false}, ""n_layers"": null, ""normalization_factor"": 96.77615929687398, ""normalize"": true, ""optimum_status"": ""ok"", ""seed"": 0, ""tau"": 26.0, ""valid_route"": true}"
tau_sweep,tau_sweep_random_asymmetric_n6_seed2,random_asymmetric,6,2,tn_exact,ok,"[5, 0, 3, 1, 2, 4]",186.97445898351285,186.97445898351285,0.0,True,True,0.0137913000003209,264.17578125,264.1875,0.01171875,28.0,,True,"{""finite_edges"": true, ""instance_metadata"": {""complete"": true, ""high"": 100.0, ""instance_type"": ""random_asymmetric"", ""low"": 1.0, ""n"": 6, ""seed"": 2, ""symmetric"": false}, ""n_layers"": null, ""normalization_factor"": 96.77615929687398, ""normalize"": true, ""optimum_status"": ""ok"", ""seed"": 0, ""tau"": 28.0, ""valid_route"": true}"
tau_sweep,tau_sweep_random_asymmetric_n6_seed2,random_asymmetric,6,2,tn_exact,ok,"[5, 0, 3, 1, 2, 4]",186.97445898351285,186.97445898351285,0.0,True,True,0.0134941999999682,264.1875,264.1875,0.0,30.0,,True,"{""finite_edges"": true, ""instance_metadata"": {""complete"": true, ""high"": 100.0, ""instance_type"": ""random_asymmetric"", ""low"": 1.0, ""n"": 6, ""seed"": 2, ""symmetric"": false}, ""n_layers"": null, ""normalization_factor"": 96.77615929687398, ""normalize"": true, ""optimum_status"": ""ok"", ""seed"": 0, ""tau"": 30.0, ""valid_route"": true}"
tau_sweep,tau_sweep_euclidean_n6_seed3,euclidean,6,3,tn_exact,ok,"[5, 1, 4, 3, 0, 2]",2054.1127084378963,2054.1127084378963,0.0,True,True,0.0139016000002811,264.1875,264.2734375,0.0859375,10.0,,True,"{""finite_edges"": true, ""instance_metadata"": {""complete"": true, ""instance_type"": ""euclidean"", ""n"": 6, ""points"": [[85.64916714362437, 236.8105065960997], [801.2744652063969, 582.1620360643678], [94.12864224039919, 433.1269402364738], [479.05129814083404, 159.73891463707858], [734.5771514092145, 113.6720199214034], [391.22819049566203, 516.7401826213637]], ""scale"": 1000.0, ""seed"": 3, ""symmetric"": true}, ""n_layers"": null, ""normalization_factor"": 794.5987957035325, ""normalize"": true, ""optimum_status"": ""ok"", ""seed"": 0, ""tau"": 10.0, ""valid_route"": true}"
tau_sweep,tau_sweep_euclidean_n6_seed3,euclidean,6,3,tn_exact,ok,"[5, 1, 4, 3, 0, 2]",2054.1127084378963,2054.1127084378963,0.0,True,True,0.0144251000001531,264.2734375,264.27734375,0.00390625,12.0,,True,"{""finite_edges"": true, ""instance_metadata"": {""complete"": true, ""instance_type"": ""euclidean"", ""n"": 6, ""points"": [[85.64916714362437, 236.8105065960997], [801.2744652063969, 582.1620360643678], [94.12864224039919, 433.1269402364738], [479.05129814083404, 159.73891463707858], [734.5771514092145, 113.6720199214034], [391.22819049566203, 516.7401826213637]], ""scale"": 1000.0, ""seed"": 3, ""symmetric"": true}, ""n_layers"": null, ""normalization_factor"": 794.5987957035325, ""normalize"": true, ""optimum_status"": ""ok"", ""seed"": 0, ""tau"": 12.0, ""valid_route"": true}"
tau_sweep,tau_sweep_euclidean_n6_seed3,euclidean,6,3,tn_exact,ok,"[5, 1, 4, 3, 0, 2]",2054.1127084378963,2054.1127084378963,0.0,True,True,0.0149736000003031,264.27734375,264.27734375,0.0,14.0,,True,"{""finite_edges"": true, ""instance_metadata"": {""complete"": true, ""instance_type"": ""euclidean"", ""n"": 6, ""points"": [[85.64916714362437, 236.8105065960997], [801.2744652063969, 582.1620360643678], [94.12864224039919, 433.1269402364738], [479.05129814083404, 159.73891463707858], [734.5771514092145, 113.6720199214034], [391.22819049566203, 516.7401826213637]], ""scale"": 1000.0, ""seed"": 3, ""symmetric"": true}, ""n_layers"": null, ""normalization_factor"": 794.5987957035325, ""normalize"": true, ""optimum_status"": ""ok"", ""seed"": 0, ""tau"": 14.0, ""valid_route"": true}"
tau_sweep,tau_sweep_euclidean_n6_seed3,euclidean,6,3,tn_exact,ok,"[5, 1, 4, 3, 0, 2]",2054.1127084378963,2054.1127084378963,0.0,True,True,0.0188233999997464,264.27734375,264.3046875,0.02734375,16.0,,True,"{""finite_edges"": true, ""instance_metadata"": {""complete"": true, ""instance_type"": ""euclidean"", ""n"": 6, ""points"": [[85.64916714362437, 236.8105065960997], [801.2744652063969, 582.1620360643678], [94.12864224039919, 433.1269402364738], [479.05129814083404, 159.73891463707858], [734.5771514092145, 113.6720199214034], [391.22819049566203, 516.7401826213637]], ""scale"": 1000.0, ""seed"": 3, ""symmetric"": true}, ""n_layers"": null, ""normalization_factor"": 794.5987957035325, ""normalize"": true, ""optimum_status"": ""ok"", ""seed"": 0, ""tau"": 16.0, ""valid_route"": true}"
tau_sweep,tau_sweep_euclidean_n6_seed3,euclidean,6,3,tn_exact,ok,"[5, 1, 4, 3, 0, 2]",2054.1127084378963,2054.1127084378963,0.0,True,True,0.0188142000001789,264.3046875,264.3046875,0.0,18.0,,True,"{""finite_edges"": true, ""instance_metadata"": {""complete"": true, ""instance_type"": ""euclidean"", ""n"": 6, ""points"": [[85.64916714362437, 236.8105065960997], [801.2744652063969, 582.1620360643678], [94.12864224039919, 433.1269402364738], [479.05129814083404, 159.73891463707858], [734.5771514092145, 113.6720199214034], [391.22819049566203, 516.7401826213637]], ""scale"": 1000.0, ""seed"": 3, ""symmetric"": true}, ""n_layers"": null, ""normalization_factor"": 794.5987957035325, ""normalize"": true, ""optimum_status"": ""ok"", ""seed"": 0, ""tau"": 18.0, ""valid_route"": true}"
tau_sweep,tau_sweep_euclidean_n6_seed3,euclidean,6,3,tn_exact,ok,"[5, 1, 4, 3, 0, 2]",2054.1127084378963,2054.1127084378963,0.0,True,True,0.0164251000001058,264.3046875,264.3046875,0.0,20.0,,True,"{""finite_edges"": true, ""instance_metadata"": {""complete"": true, ""instance_type"": ""euclidean"", ""n"": 6, ""points"": [[85.64916714362437, 236.8105065960997], [801.2744652063969, 582.1620360643678], [94.12864224039919, 433.1269402364738], [479.05129814083404, 159.73891463707858], [734.5771514092145, 113.6720199214034], [391.22819049566203, 516.7401826213637]], ""scale"": 1000.0, ""seed"": 3, ""symmetric"": true}, ""n_layers"": null, ""normalization_factor"": 794.5987957035325, ""normalize"": true, ""optimum_status"": ""ok"", ""seed"": 0, ""tau"": 20.0, ""valid_route"": true}"
tau_sweep,tau_sweep_euclidean_n6_seed3,euclidean,6,3,tn_exact,ok,"[5, 1, 4, 3, 0, 2]",2054.1127084378963,2054.1127084378963,0.0,True,True,0.0158188000000336,264.3046875,264.3671875,0.0625,22.0,,True,"{""finite_edges"": true, ""instance_metadata"": {""complete"": true, ""instance_type"": ""euclidean"", ""n"": 6, ""points"": [[85.64916714362437, 236.8105065960997], [801.2744652063969, 582.1620360643678], [94.12864224039919, 433.1269402364738], [479.05129814083404, 159.73891463707858], [734.5771514092145, 113.6720199214034], [391.22819049566203, 516.7401826213637]], ""scale"": 1000.0, ""seed"": 3, ""symmetric"": true}, ""n_layers"": null, ""normalization_factor"": 794.5987957035325, ""normalize"": true, ""optimum_status"": ""ok"", ""seed"": 0, ""tau"": 22.0, ""valid_route"": true}"
tau_sweep,tau_sweep_euclidean_n6_seed3,euclidean,6,3,tn_exact,ok,"[5, 1, 4, 3, 0, 2]",2054.1127084378963,2054.1127084378963,0.0,True,True,0.0140476999999918,264.3671875,264.3671875,0.0,24.0,,True,"{""finite_edges"": true, ""instance_metadata"": {""complete"": true, ""instance_type"": ""euclidean"", ""n"": 6, ""points"": [[85.64916714362437, 236.8105065960997], [801.2744652063969, 582.1620360643678], [94.12864224039919, 433.1269402364738], [479.05129814083404, 159.73891463707858], [734.5771514092145, 113.6720199214034], [391.22819049566203, 516.7401826213637]], ""scale"": 1000.0, ""seed"": 3, ""symmetric"": true}, ""n_layers"": null, ""normalization_factor"": 794.5987957035325, ""normalize"": true, ""optimum_status"": ""ok"", ""seed"": 0, ""tau"": 24.0, ""valid_route"": true}"
tau_sweep,tau_sweep_euclidean_n6_seed3,euclidean,6,3,tn_exact,ok,"[5, 1, 4, 3, 0, 2]",2054.1127084378963,2054.1127084378963,0.0,True,True,0.0139176000002407,264.3671875,264.390625,0.0234375,26.0,,True,"{""finite_edges"": true, ""instance_metadata"": {""complete"": true, ""instance_type"": ""euclidean"", ""n"": 6, ""points"": [[85.64916714362437, 236.8105065960997], [801.2744652063969, 582.1620360643678], [94.12864224039919, 433.1269402364738], [479.05129814083404, 159.73891463707858], [734.5771514092145, 113.6720199214034], [391.22819049566203, 516.7401826213637]], ""scale"": 1000.0, ""seed"": 3, ""symmetric"": true}, ""n_layers"": null, ""normalization_factor"": 794.5987957035325, ""normalize"": true, ""optimum_status"": ""ok"", ""seed"": 0, ""tau"": 26.0, ""valid_route"": true}"
tau_sweep,tau_sweep_euclidean_n6_seed3,euclidean,6,3,tn_exact,ok,"[5, 1, 4, 3, 0, 2]",2054.1127084378963,2054.1127084378963,0.0,True,True,0.013549900000271,264.390625,264.4453125,0.0546875,28.0,,True,"{""finite_edges"": true, ""instance_metadata"": {""complete"": true, ""instance_type"": ""euclidean"", ""n"": 6, ""points"": [[85.64916714362437, 236.8105065960997], [801.2744652063969, 582.1620360643678], [94.12864224039919, 433.1269402364738], [479.05129814083404, 159.73891463707858], [734.5771514092145, 113.6720199214034], [391.22819049566203, 516.7401826213637]], ""scale"": 1000.0, ""seed"": 3, ""symmetric"": true}, ""n_layers"": null, ""normalization_factor"": 794.5987957035325, ""normalize"": true, ""optimum_status"": ""ok"", ""seed"": 0, ""tau"": 28.0, ""valid_route"": true}"
tau_sweep,tau_sweep_euclidean_n6_seed3,euclidean,6,3,tn_exact,ok,"[5, 1, 4, 3, 0, 2]",2054.1127084378963,2054.1127084378963,0.0,True,True,0.0135367000002588,264.4453125,264.4453125,0.0,30.0,,True,"{""finite_edges"": true, ""instance_metadata"": {""complete"": true, ""instance_type"": ""euclidean"", ""n"": 6, ""points"": [[85.64916714362437, 236.8105065960997], [801.2744652063969, 582.1620360643678], [94.12864224039919, 433.1269402364738], [479.05129814083404, 159.73891463707858], [734.5771514092145, 113.6720199214034], [391.22819049566203, 516.7401826213637]], ""scale"": 1000.0, ""seed"": 3, ""symmetric"": true}, ""n_layers"": null, ""normalization_factor"": 794.5987957035325, ""normalize"": true, ""optimum_status"": ""ok"", ""seed"": 0, ""tau"": 30.0, ""valid_route"": true}"
tau_sweep,tau_sweep_random_symmetric_n6_seed3,random_symmetric,6,3,tn_exact,ok,"[5, 0, 4, 2, 3, 1]",229.76298377741077,229.76298377741077,0.0,True,True,0.0137485000000197,264.4453125,264.5078125,0.0625,10.0,,True,"{""finite_edges"": true, ""instance_metadata"": {""complete"": true, ""high"": 100.0, ""instance_type"": ""random_symmetric"", ""low"": 1.0, ""n"": 6, ""seed"": 3, ""symmetric"": true}, ""n_layers"": null, ""normalization_factor"": 66.40809828094409, ""normalize"": true, ""optimum_status"": ""ok"", ""seed"": 0, ""tau"": 10.0, ""valid_route"": true}"
tau_sweep,tau_sweep_random_symmetric_n6_seed3,random_symmetric,6,3,tn_exact,ok,"[5, 0, 4, 2, 3, 1]",229.76298377741077,229.76298377741077,0.0,True,True,0.0135235999996439,264.5078125,264.5078125,0.0,12.0,,True,"{""finite_edges"": true, ""instance_metadata"": {""complete"": true, ""high"": 100.0, ""instance_type"": ""random_symmetric"", ""low"": 1.0, ""n"": 6, ""seed"": 3, ""symmetric"": true}, ""n_layers"": null, ""normalization_factor"": 66.40809828094409, ""normalize"": true, ""optimum_status"": ""ok"", ""seed"": 0, ""tau"": 12.0, ""valid_route"": true}"
tau_sweep,tau_sweep_random_symmetric_n6_seed3,random_symmetric,6,3,tn_exact,ok,"[5, 0, 4, 2, 3, 1]",229.76298377741077,229.76298377741077,0.0,True,True,0.0139549999998962,264.5078125,264.5078125,0.0,14.0,,True,"{""finite_edges"": true, ""instance_metadata"": {""complete"": true, ""high"": 100.0, ""instance_type"": ""random_symmetric"", ""low"": 1.0, ""n"": 6, ""seed"": 3, ""symmetric"": true}, ""n_layers"": null, ""normalization_factor"": 66.40809828094409, ""normalize"": true, ""optimum_status"": ""ok"", ""seed"": 0, ""tau"": 14.0, ""valid_route"": true}"
tau_sweep,tau_sweep_random_symmetric_n6_seed3,random_symmetric,6,3,tn_exact,ok,"[5, 0, 4, 2, 3, 1]",229.76298377741077,229.76298377741077,0.0,True,True,0.0133187000001271,264.5078125,264.52734375,0.01953125,16.0,,True,"{""finite_edges"": true, ""instance_metadata"": {""complete"": true, ""high"": 100.0, ""instance_type"": ""random_symmetric"", ""low"": 1.0, ""n"": 6, ""seed"": 3, ""symmetric"": true}, ""n_layers"": null, ""normalization_factor"": 66.40809828094409, ""normalize"": true, ""optimum_status"": ""ok"", ""seed"": 0, ""tau"": 16.0, ""valid_route"": true}"
tau_sweep,tau_sweep_random_symmetric_n6_seed3,random_symmetric,6,3,tn_exact,ok,"[5, 0, 4, 2, 3, 1]",229.76298377741077,229.76298377741077,0.0,True,True,0.0134391000001414,264.52734375,264.52734375,0.0,18.0,,True,"{""finite_edges"": true, ""instance_metadata"": {""complete"": true, ""high"": 100.0, ""instance_type"": ""random_symmetric"", ""low"": 1.0, ""n"": 6, ""seed"": 3, ""symmetric"": true}, ""n_layers"": null, ""normalization_factor"": 66.40809828094409, ""normalize"": true, ""optimum_status"": ""ok"", ""seed"": 0, ""tau"": 18.0, ""valid_route"": true}"
tau_sweep,tau_sweep_random_symmetric_n6_seed3,random_symmetric,6,3,tn_exact,ok,"[5, 0, 4, 2, 3, 1]",229.76298377741077,229.76298377741077,0.0,True,True,0.0130351000002519,264.53125,264.53515625,0.00390625,20.0,,True,"{""finite_edges"": true, ""instance_metadata"": {""complete"": true, ""high"": 100.0, ""instance_type"": ""random_symmetric"", ""low"": 1.0, ""n"": 6, ""seed"": 3, ""symmetric"": true}, ""n_layers"": null, ""normalization_factor"": 66.40809828094409, ""normalize"": true, ""optimum_status"": ""ok"", ""seed"": 0, ""tau"": 20.0, ""valid_route"": true}"
tau_sweep,tau_sweep_random_symmetric_n6_seed3,random_symmetric,6,3,tn_exact,ok,"[5, 0, 4, 2, 3, 1]",229.76298377741077,229.76298377741077,0.0,True,True,0.0139853999999104,264.53515625,264.58203125,0.046875,22.0,,True,"{""finite_edges"": true, ""instance_metadata"": {""complete"": true, ""high"": 100.0, ""instance_type"": ""random_symmetric"", ""low"": 1.0, ""n"": 6, ""seed"": 3, ""symmetric"": true}, ""n_layers"": null, ""normalization_factor"": 66.40809828094409, ""normalize"": true, ""optimum_status"": ""ok"", ""seed"": 0, ""tau"": 22.0, ""valid_route"": true}"
tau_sweep,tau_sweep_random_symmetric_n6_seed3,random_symmetric,6,3,tn_exact,ok,"[5, 0, 4, 2, 3, 1]",229.76298377741077,229.76298377741077,0.0,True,True,0.0131590999999389,264.58203125,264.58203125,0.0,24.0,,True,"{""finite_edges"": true, ""instance_metadata"": {""complete"": true, ""high"": 100.0, ""instance_type"": ""random_symmetric"", ""low"": 1.0, ""n"": 6, ""seed"": 3, ""symmetric"": true}, ""n_layers"": null, ""normalization_factor"": 66.40809828094409, ""normalize"": true, ""optimum_status"": ""ok"", ""seed"": 0, ""tau"": 24.0, ""valid_route"": true}"
tau_sweep,tau_sweep_random_symmetric_n6_seed3,random_symmetric,6,3,tn_exact,ok,"[5, 0, 4, 2, 3, 1]",229.76298377741077,229.76298377741077,0.0,True,True,0.0141902999998819,264.58203125,264.625,0.04296875,26.0,,True,"{""finite_edges"": true, ""instance_metadata"": {""complete"": true, ""high"": 100.0, ""instance_type"": ""random_symmetric"", ""low"": 1.0, ""n"": 6, ""seed"": 3, ""symmetric"": true}, ""n_layers"": null, ""normalization_factor"": 66.40809828094409, ""normalize"": true, ""optimum_status"": ""ok"", ""seed"": 0, ""tau"": 26.0, ""valid_route"": true}"
tau_sweep,tau_sweep_random_symmetric_n6_seed3,random_symmetric,6,3,tn_exact,ok,"[5, 0, 4, 2, 3, 1]",229.76298377741077,229.76298377741077,0.0,True,True,0.0148280999997041,264.625,264.640625,0.015625,28.0,,True,"{""finite_edges"": true, ""instance_metadata"": {""complete"": true, ""high"": 100.0, ""instance_type"": ""random_symmetric"", ""low"": 1.0, ""n"": 6, ""seed"": 3, ""symmetric"": true}, ""n_layers"": null, ""normalization_factor"": 66.40809828094409, ""normalize"": true, ""optimum_status"": ""ok"", ""seed"": 0, ""tau"": 28.0, ""valid_route"": true}"
tau_sweep,tau_sweep_random_symmetric_n6_seed3,random_symmetric,6,3,tn_exact,ok,"[5, 0, 4, 2, 3, 1]",229.76298377741077,229.76298377741077,0.0,True,True,0.0135583000001133,264.640625,264.640625,0.0,30.0,,True,"{""finite_edges"": true, ""instance_metadata"": {""complete"": true, ""high"": 100.0, ""instance_type"": ""random_symmetric"", ""low"": 1.0, ""n"": 6, ""seed"": 3, ""symmetric"": true}, ""n_layers"": null, ""normalization_factor"": 66.40809828094409, ""normalize"": true, ""optimum_status"": ""ok"", ""seed"": 0, ""tau"": 30.0, ""valid_route"": true}"
tau_sweep,tau_sweep_random_asymmetric_n6_seed3,random_asymmetric,6,3,tn_exact,ok,"[5, 1, 3, 2, 0, 4]",148.33592094922508,148.33592094922508,0.0,True,True,0.014675200000056,264.640625,264.7734375,0.1328125,10.0,,True,"{""finite_edges"": true, ""instance_metadata"": {""complete"": true, ""high"": 100.0, ""instance_type"": ""random_asymmetric"", ""low"": 1.0, ""n"": 6, ""seed"": 3, ""symmetric"": false}, ""n_layers"": null, ""normalization_factor"": 95.67045822877375, ""normalize"": true, ""optimum_status"": ""ok"", ""seed"": 0, ""tau"": 10.0, ""valid_route"": true}"
tau_sweep,tau_sweep_random_asymmetric_n6_seed3,random_asymmetric,6,3,tn_exact,ok,"[5, 1, 3, 2, 0, 4]",148.33592094922508,148.33592094922508,0.0,True,True,0.0138508000000001,264.7734375,264.7734375,0.0,12.0,,True,"{""finite_edges"": true, ""instance_metadata"": {""complete"": true, ""high"": 100.0, ""instance_type"": ""random_asymmetric"", ""low"": 1.0, ""n"": 6, ""seed"": 3, ""symmetric"": false}, ""n_layers"": null, ""normalization_factor"": 95.67045822877375, ""normalize"": true, ""optimum_status"": ""ok"", ""seed"": 0, ""tau"": 12.0, ""valid_route"": true}"
tau_sweep,tau_sweep_random_asymmetric_n6_seed3,random_asymmetric,6,3,tn_exact,ok,"[5, 1, 3, 2, 0, 4]",148.33592094922508,148.33592094922508,0.0,True,True,0.0140545000003839,264.7734375,264.7734375,0.0,14.0,,True,"{""finite_edges"": true, ""instance_metadata"": {""complete"": true, ""high"": 100.0, ""instance_type"": ""random_asymmetric"", ""low"": 1.0, ""n"": 6, ""seed"": 3, ""symmetric"": false}, ""n_layers"": null, ""normalization_factor"": 95.67045822877375, ""normalize"": true, ""optimum_status"": ""ok"", ""seed"": 0, ""tau"": 14.0, ""valid_route"": true}"
tau_sweep,tau_sweep_random_asymmetric_n6_seed3,random_asymmetric,6,3,tn_exact,ok,"[5, 1, 3, 2, 0, 4]",148.33592094922508,148.33592094922508,0.0,True,True,0.0137490000001889,264.77734375,264.78515625,0.0078125,16.0,,True,"{""finite_edges"": true, ""instance_metadata"": {""complete"": true, ""high"": 100.0, ""instance_type"": ""random_asymmetric"", ""low"": 1.0, ""n"": 6, ""seed"": 3, ""symmetric"": false}, ""n_layers"": null, ""normalization_factor"": 95.67045822877375, ""normalize"": true, ""optimum_status"": ""ok"", ""seed"": 0, ""tau"": 16.0, ""valid_route"": true}"
tau_sweep,tau_sweep_random_asymmetric_n6_seed3,random_asymmetric,6,3,tn_exact,ok,"[5, 1, 3, 2, 0, 4]",148.33592094922508,148.33592094922508,0.0,True,True,0.0135516000000279,264.78515625,264.78515625,0.0,18.0,,True,"{""finite_edges"": true, ""instance_metadata"": {""complete"": true, ""high"": 100.0, ""instance_type"": ""random_asymmetric"", ""low"": 1.0, ""n"": 6, ""seed"": 3, ""symmetric"": false}, ""n_layers"": null, ""normalization_factor"": 95.67045822877375, ""normalize"": true, ""optimum_status"": ""ok"", ""seed"": 0, ""tau"": 18.0, ""valid_route"": true}"
tau_sweep,tau_sweep_random_asymmetric_n6_seed3,random_asymmetric,6,3,tn_exact,ok,"[5, 1, 3, 2, 0, 4]",148.33592094922508,148.33592094922508,0.0,True,True,0.0139154999997117,264.78515625,264.7890625,0.00390625,20.0,,True,"{""finite_edges"": true, ""instance_metadata"": {""complete"": true, ""high"": 100.0, ""instance_type"": ""random_asymmetric"", ""low"": 1.0, ""n"": 6, ""seed"": 3, ""symmetric"": false}, ""n_layers"": null, ""normalization_factor"": 95.67045822877375, ""normalize"": true, ""optimum_status"": ""ok"", ""seed"": 0, ""tau"": 20.0, ""valid_route"": true}"
tau_sweep,tau_sweep_random_asymmetric_n6_seed3,random_asymmetric,6,3,tn_exact,ok,"[5, 1, 3, 2, 0, 4]",148.33592094922508,148.33592094922508,0.0,True,True,0.0140928000000712,264.7890625,264.7890625,0.0,22.0,,True,"{""finite_edges"": true, ""instance_metadata"": {""complete"": true, ""high"": 100.0, ""instance_type"": ""random_asymmetric"", ""low"": 1.0, ""n"": 6, ""seed"": 3, ""symmetric"": false}, ""n_layers"": null, ""normalization_factor"": 95.67045822877375, ""normalize"": true, ""optimum_status"": ""ok"", ""seed"": 0, ""tau"": 22.0, ""valid_route"": true}"
tau_sweep,tau_sweep_random_asymmetric_n6_seed3,random_asymmetric,6,3,tn_exact,ok,"[5, 1, 3, 2, 0, 4]",148.33592094922508,148.33592094922508,0.0,True,True,0.0134535999995932,264.7890625,264.7890625,0.0,24.0,,True,"{""finite_edges"": true, ""instance_metadata"": {""complete"": true, ""high"": 100.0, ""instance_type"": ""random_asymmetric"", ""low"": 1.0, ""n"": 6, ""seed"": 3, ""symmetric"": false}, ""n_layers"": null, ""normalization_factor"": 95.67045822877375, ""normalize"": true, ""optimum_status"": ""ok"", ""seed"": 0, ""tau"": 24.0, ""valid_route"": true}"
tau_sweep,tau_sweep_random_asymmetric_n6_seed3,random_asymmetric,6,3,tn_exact,ok,"[5, 1, 3, 2, 0, 4]",148.33592094922508,148.33592094922508,0.0,True,True,0.0143325000003642,264.7890625,264.83984375,0.05078125,26.0,,True,"{""finite_edges"": true, ""instance_metadata"": {""complete"": true, ""high"": 100.0, ""instance_type"": ""random_asymmetric"", ""low"": 1.0, ""n"": 6, ""seed"": 3, ""symmetric"": false}, ""n_layers"": null, ""normalization_factor"": 95.67045822877375, ""normalize"": true, ""optimum_status"": ""ok"", ""seed"": 0, ""tau"": 26.0, ""valid_route"": true}"
tau_sweep,tau_sweep_random_asymmetric_n6_seed3,random_asymmetric,6,3,tn_exact,ok,"[5, 1, 3, 2, 0, 4]",148.33592094922508,148.33592094922508,0.0,True,True,0.0128915000000233,264.83984375,264.83984375,0.0,28.0,,True,"{""finite_edges"": true, ""instance_metadata"": {""complete"": true, ""high"": 100.0, ""instance_type"": ""random_asymmetric"", ""low"": 1.0, ""n"": 6, ""seed"": 3, ""symmetric"": false}, ""n_layers"": null, ""normalization_factor"": 95.67045822877375, ""normalize"": true, ""optimum_status"": ""ok"", ""seed"": 0, ""tau"": 28.0, ""valid_route"": true}"
tau_sweep,tau_sweep_random_asymmetric_n6_seed3,random_asymmetric,6,3,tn_exact,ok,"[5, 1, 3, 2, 0, 4]",148.33592094922508,148.33592094922508,0.0,True,True,0.0138868999997612,264.83984375,264.83984375,0.0,30.0,,True,"{""finite_edges"": true, ""instance_metadata"": {""complete"": true, ""high"": 100.0, ""instance_type"": ""random_asymmetric"", ""low"": 1.0, ""n"": 6, ""seed"": 3, ""symmetric"": false}, ""n_layers"": null, ""normalization_factor"": 95.67045822877375, ""normalize"": true, ""optimum_status"": ""ok"", ""seed"": 0, ""tau"": 30.0, ""valid_route"": true}"
tau_sweep,tau_sweep_euclidean_n6_seed4,euclidean,6,4,tn_exact,ok,"[5, 0, 4, 2, 3, 1]",1326.1478576171369,1326.1478576171369,0.0,True,True,0.0140691999999944,264.83984375,264.8671875,0.02734375,10.0,,True,"{""finite_edges"": true, ""instance_metadata"": {""complete"": true, ""instance_type"": ""euclidean"", ""n"": 6, ""points"": [[943.0561055723676, 511.3275528143616], [976.2437057077042, 80.83602389560218], [607.3558319950296, 376.48658437727255], [801.9012069858072, 174.52781614402846], [871.6352741876564, 543.9414007634982], [902.2150797159884, 477.1535238392063]], ""scale"": 1000.0, ""seed"": 4, ""symmetric"": true}, ""n_layers"": null, ""normalization_factor"": 474.7731184777004, ""normalize"": true, ""optimum_status"": ""ok"", ""seed"": 0, ""tau"": 10.0, ""valid_route"": true}"
tau_sweep,tau_sweep_euclidean_n6_seed4,euclidean,6,4,tn_exact,ok,"[5, 0, 4, 2, 3, 1]",1326.1478576171369,1326.1478576171369,0.0,True,True,0.0133850000001984,264.8671875,264.8671875,0.0,12.0,,True,"{""finite_edges"": true, ""instance_metadata"": {""complete"": true, ""instance_type"": ""euclidean"", ""n"": 6, ""points"": [[943.0561055723676, 511.3275528143616], [976.2437057077042, 80.83602389560218], [607.3558319950296, 376.48658437727255], [801.9012069858072, 174.52781614402846], [871.6352741876564, 543.9414007634982], [902.2150797159884, 477.1535238392063]], ""scale"": 1000.0, ""seed"": 4, ""symmetric"": true}, ""n_layers"": null, ""normalization_factor"": 474.7731184777004, ""normalize"": true, ""optimum_status"": ""ok"", ""seed"": 0, ""tau"": 12.0, ""valid_route"": true}"
tau_sweep,tau_sweep_euclidean_n6_seed4,euclidean,6,4,tn_exact,ok,"[5, 0, 4, 2, 3, 1]",1326.1478576171369,1326.1478576171369,0.0,True,True,0.0138852000000042,264.8671875,264.87109375,0.00390625,14.0,,True,"{""finite_edges"": true, ""instance_metadata"": {""complete"": true, ""instance_type"": ""euclidean"", ""n"": 6, ""points"": [[943.0561055723676, 511.3275528143616], [976.2437057077042, 80.83602389560218], [607.3558319950296, 376.48658437727255], [801.9012069858072, 174.52781614402846], [871.6352741876564, 543.9414007634982], [902.2150797159884, 477.1535238392063]], ""scale"": 1000.0, ""seed"": 4, ""symmetric"": true}, ""n_layers"": null, ""normalization_factor"": 474.7731184777004, ""normalize"": true, ""optimum_status"": ""ok"", ""seed"": 0, ""tau"": 14.0, ""valid_route"": true}"
tau_sweep,tau_sweep_euclidean_n6_seed4,euclidean,6,4,tn_exact,ok,"[5, 0, 4, 2, 3, 1]",1326.1478576171369,1326.1478576171369,0.0,True,True,0.0150207000001501,264.87109375,264.9375,0.06640625,16.0,,True,"{""finite_edges"": true, ""instance_metadata"": {""complete"": true, ""instance_type"": ""euclidean"", ""n"": 6, ""points"": [[943.0561055723676, 511.3275528143616], [976.2437057077042, 80.83602389560218], [607.3558319950296, 376.48658437727255], [801.9012069858072, 174.52781614402846], [871.6352741876564, 543.9414007634982], [902.2150797159884, 477.1535238392063]], ""scale"": 1000.0, ""seed"": 4, ""symmetric"": true}, ""n_layers"": null, ""normalization_factor"": 474.7731184777004, ""normalize"": true, ""optimum_status"": ""ok"", ""seed"": 0, ""tau"": 16.0, ""valid_route"": true}"
tau_sweep,tau_sweep_euclidean_n6_seed4,euclidean,6,4,tn_exact,ok,"[5, 0, 4, 2, 3, 1]",1326.1478576171369,1326.1478576171369,0.0,True,True,0.0138230000002295,264.9375,264.9375,0.0,18.0,,True,"{""finite_edges"": true, ""instance_metadata"": {""complete"": true, ""instance_type"": ""euclidean"", ""n"": 6, ""points"": [[943.0561055723676, 511.3275528143616], [976.2437057077042, 80.83602389560218], [607.3558319950296, 376.48658437727255], [801.9012069858072, 174.52781614402846], [871.6352741876564, 543.9414007634982], [902.2150797159884, 477.1535238392063]], ""scale"": 1000.0, ""seed"": 4, ""symmetric"": true}, ""n_layers"": null, ""normalization_factor"": 474.7731184777004, ""normalize"": true, ""optimum_status"": ""ok"", ""seed"": 0, ""tau"": 18.0, ""valid_route"": true}"
tau_sweep,tau_sweep_euclidean_n6_seed4,euclidean,6,4,tn_exact,ok,"[5, 0, 4, 2, 3, 1]",1326.1478576171369,1326.1478576171369,0.0,True,True,0.013830599999892,264.9375,264.95703125,0.01953125,20.0,,True,"{""finite_edges"": true, ""instance_metadata"": {""complete"": true, ""instance_type"": ""euclidean"", ""n"": 6, ""points"": [[943.0561055723676, 511.3275528143616], [976.2437057077042, 80.83602389560218], [607.3558319950296, 376.48658437727255], [801.9012069858072, 174.52781614402846], [871.6352741876564, 543.9414007634982], [902.2150797159884, 477.1535238392063]], ""scale"": 1000.0, ""seed"": 4, ""symmetric"": true}, ""n_layers"": null, ""normalization_factor"": 474.7731184777004, ""normalize"": true, ""optimum_status"": ""ok"", ""seed"": 0, ""tau"": 20.0, ""valid_route"": true}"
tau_sweep,tau_sweep_euclidean_n6_seed4,euclidean,6,4,tn_exact,ok,"[5, 0, 4, 2, 3, 1]",1326.1478576171369,1326.1478576171369,0.0,True,True,0.013925200000358,264.95703125,264.98828125,0.03125,22.0,,True,"{""finite_edges"": true, ""instance_metadata"": {""complete"": true, ""instance_type"": ""euclidean"", ""n"": 6, ""points"": [[943.0561055723676, 511.3275528143616], [976.2437057077042, 80.83602389560218], [607.3558319950296, 376.48658437727255], [801.9012069858072, 174.52781614402846], [871.6352741876564, 543.9414007634982], [902.2150797159884, 477.1535238392063]], ""scale"": 1000.0, ""seed"": 4, ""symmetric"": true}, ""n_layers"": null, ""normalization_factor"": 474.7731184777004, ""normalize"": true, ""optimum_status"": ""ok"", ""seed"": 0, ""tau"": 22.0, ""valid_route"": true}"
tau_sweep,tau_sweep_euclidean_n6_seed4,euclidean,6,4,tn_exact,ok,"[5, 0, 4, 2, 3, 1]",1326.1478576171369,1326.1478576171369,0.0,True,True,0.0147634999998444,264.98828125,264.98828125,0.0,24.0,,True,"{""finite_edges"": true, ""instance_metadata"": {""complete"": true, ""instance_type"": ""euclidean"", ""n"": 6, ""points"": [[943.0561055723676, 511.3275528143616], [976.2437057077042, 80.83602389560218], [607.3558319950296, 376.48658437727255], [801.9012069858072, 174.52781614402846], [871.6352741876564, 543.9414007634982], [902.2150797159884, 477.1535238392063]], ""scale"": 1000.0, ""seed"": 4, ""symmetric"": true}, ""n_layers"": null, ""normalization_factor"": 474.7731184777004, ""normalize"": true, ""optimum_status"": ""ok"", ""seed"": 0, ""tau"": 24.0, ""valid_route"": true}"
tau_sweep,tau_sweep_euclidean_n6_seed4,euclidean,6,4,tn_exact,ok,"[5, 0, 4, 2, 3, 1]",1326.1478576171369,1326.1478576171369,0.0,True,True,0.0157019999996919,264.98828125,265.05078125,0.0625,26.0,,True,"{""finite_edges"": true, ""instance_metadata"": {""complete"": true, ""instance_type"": ""euclidean"", ""n"": 6, ""points"": [[943.0561055723676, 511.3275528143616], [976.2437057077042, 80.83602389560218], [607.3558319950296, 376.48658437727255], [801.9012069858072, 174.52781614402846], [871.6352741876564, 543.9414007634982], [902.2150797159884, 477.1535238392063]], ""scale"": 1000.0, ""seed"": 4, ""symmetric"": true}, ""n_layers"": null, ""normalization_factor"": 474.7731184777004, ""normalize"": true, ""optimum_status"": ""ok"", ""seed"": 0, ""tau"": 26.0, ""valid_route"": true}"
tau_sweep,tau_sweep_euclidean_n6_seed4,euclidean,6,4,tn_exact,ok,"[5, 0, 4, 2, 3, 1]",1326.1478576171369,1326.1478576171369,0.0,True,True,0.0134060000000317,265.05078125,265.05078125,0.0,28.0,,True,"{""finite_edges"": true, ""instance_metadata"": {""complete"": true, ""instance_type"": ""euclidean"", ""n"": 6, ""points"": [[943.0561055723676, 511.3275528143616], [976.2437057077042, 80.83602389560218], [607.3558319950296, 376.48658437727255], [801.9012069858072, 174.52781614402846], [871.6352741876564, 543.9414007634982], [902.2150797159884, 477.1535238392063]], ""scale"": 1000.0, ""seed"": 4, ""symmetric"": true}, ""n_layers"": null, ""normalization_factor"": 474.7731184777004, ""normalize"": true, ""optimum_status"": ""ok"", ""seed"": 0, ""tau"": 28.0, ""valid_route"": true}"
tau_sweep,tau_sweep_euclidean_n6_seed4,euclidean,6,4,tn_exact,ok,"[5, 0, 4, 2, 3, 1]",1326.1478576171369,1326.1478576171369,0.0,True,True,0.0140293999997993,265.05078125,265.05078125,0.0,30.0,,True,"{""finite_edges"": true, ""instance_metadata"": {""complete"": true, ""instance_type"": ""euclidean"", ""n"": 6, ""points"": [[943.0561055723676, 511.3275528143616], [976.2437057077042, 80.83602389560218], [607.3558319950296, 376.48658437727255], [801.9012069858072, 174.52781614402846], [871.6352741876564, 543.9414007634982], [902.2150797159884, 477.1535238392063]], ""scale"": 1000.0, ""seed"": 4, ""symmetric"": true}, ""n_layers"": null, ""normalization_factor"": 474.7731184777004, ""normalize"": true, ""optimum_status"": ""ok"", ""seed"": 0, ""tau"": 30.0, ""valid_route"": true}"
tau_sweep,tau_sweep_random_symmetric_n6_seed4,random_symmetric,6,4,tn_exact,ok,"[5, 4, 2, 3, 0, 1]",289.4090795850902,288.5882509854286,0.0028442897341064,True,True,0.0141421999996964,265.05078125,265.078125,0.02734375,10.0,,True,"{""finite_edges"": true, ""instance_metadata"": {""complete"": true, ""high"": 100.0, ""instance_type"": ""random_symmetric"", ""low"": 1.0, ""n"": 6, ""seed"": 4, ""symmetric"": true}, ""n_layers"": null, ""normalization_factor"": 93.47260533887669, ""normalize"": true, ""optimum_status"": ""ok"", ""seed"": 0, ""tau"": 10.0, ""valid_route"": true}"
tau_sweep,tau_sweep_random_symmetric_n6_seed4,random_symmetric,6,4,tn_exact,ok,"[5, 4, 2, 3, 0, 1]",289.4090795850902,288.5882509854286,0.0028442897341064,True,True,0.0133872999999766,265.08203125,265.08203125,0.0,12.0,,True,"{""finite_edges"": true, ""instance_metadata"": {""complete"": true, ""high"": 100.0, ""instance_type"": ""random_symmetric"", ""low"": 1.0, ""n"": 6, ""seed"": 4, ""symmetric"": true}, ""n_layers"": null, ""normalization_factor"": 93.47260533887669, ""normalize"": true, ""optimum_status"": ""ok"", ""seed"": 0, ""tau"": 12.0, ""valid_route"": true}"
tau_sweep,tau_sweep_random_symmetric_n6_seed4,random_symmetric,6,4,tn_exact,ok,"[5, 4, 2, 3, 0, 1]",289.4090795850902,288.5882509854286,0.0028442897341064,True,True,0.0138569999999162,265.08203125,265.08203125,0.0,14.0,,True,"{""finite_edges"": true, ""instance_metadata"": {""complete"": true, ""high"": 100.0, ""instance_type"": ""random_symmetric"", ""low"": 1.0, ""n"": 6, ""seed"": 4, ""symmetric"": true}, ""n_layers"": null, ""normalization_factor"": 93.47260533887669, ""normalize"": true, ""optimum_status"": ""ok"", ""seed"": 0, ""tau"": 14.0, ""valid_route"": true}"
tau_sweep,tau_sweep_random_symmetric_n6_seed4,random_symmetric,6,4,tn_exact,ok,"[5, 4, 2, 3, 0, 1]",289.4090795850902,288.5882509854286,0.0028442897341064,True,True,0.0137060000001838,265.08203125,265.1328125,0.05078125,16.0,,True,"{""finite_edges"": true, ""instance_metadata"": {""complete"": true, ""high"": 100.0, ""instance_type"": ""random_symmetric"", ""low"": 1.0, ""n"": 6, ""seed"": 4, ""symmetric"": true}, ""n_layers"": null, ""normalization_factor"": 93.47260533887669, ""normalize"": true, ""optimum_status"": ""ok"", ""seed"": 0, ""tau"": 16.0, ""valid_route"": true}"
tau_sweep,tau_sweep_random_symmetric_n6_seed4,random_symmetric,6,4,tn_exact,ok,"[5, 4, 2, 3, 0, 1]",289.4090795850902,288.5882509854286,0.0028442897341064,True,True,0.01323020000018,265.1328125,265.1328125,0.0,18.0,,True,"{""finite_edges"": true, ""instance_metadata"": {""complete"": true, ""high"": 100.0, ""instance_type"": ""random_symmetric"", ""low"": 1.0, ""n"": 6, ""seed"": 4, ""symmetric"": true}, ""n_layers"": null, ""normalization_factor"": 93.47260533887669, ""normalize"": true, ""optimum_status"": ""ok"", ""seed"": 0, ""tau"": 18.0, ""valid_route"": true}"
tau_sweep,tau_sweep_random_symmetric_n6_seed4,random_symmetric,6,4,tn_exact,ok,"[5, 4, 2, 3, 0, 1]",289.4090795850902,288.5882509854286,0.0028442897341064,True,True,0.0173657000000275,265.1328125,265.17578125,0.04296875,20.0,,True,"{""finite_edges"": true, ""instance_metadata"": {""complete"": true, ""high"": 100.0, ""instance_type"": ""random_symmetric"", ""low"": 1.0, ""n"": 6, ""seed"": 4, ""symmetric"": true}, ""n_layers"": null, ""normalization_factor"": 93.47260533887669, ""normalize"": true, ""optimum_status"": ""ok"", ""seed"": 0, ""tau"": 20.0, ""valid_route"": true}"
tau_sweep,tau_sweep_random_symmetric_n6_seed4,random_symmetric,6,4,tn_exact,ok,"[5, 4, 2, 3, 0, 1]",289.4090795850902,288.5882509854286,0.0028442897341064,True,True,0.017926499999703,265.17578125,265.1953125,0.01953125,22.0,,True,"{""finite_edges"": true, ""instance_metadata"": {""complete"": true, ""high"": 100.0, ""instance_type"": ""random_symmetric"", ""low"": 1.0, ""n"": 6, ""seed"": 4, ""symmetric"": true}, ""n_layers"": null, ""normalization_factor"": 93.47260533887669, ""normalize"": true, ""optimum_status"": ""ok"", ""seed"": 0, ""tau"": 22.0, ""valid_route"": true}"
tau_sweep,tau_sweep_random_symmetric_n6_seed4,random_symmetric,6,4,tn_exact,ok,"[5, 4, 2, 3, 0, 1]",289.4090795850902,288.5882509854286,0.0028442897341064,True,True,0.0133381000000554,265.1953125,265.1953125,0.0,24.0,,True,"{""finite_edges"": true, ""instance_metadata"": {""complete"": true, ""high"": 100.0, ""instance_type"": ""random_symmetric"", ""low"": 1.0, ""n"": 6, ""seed"": 4, ""symmetric"": true}, ""n_layers"": null, ""normalization_factor"": 93.47260533887669, ""normalize"": true, ""optimum_status"": ""ok"", ""seed"": 0, ""tau"": 24.0, ""valid_route"": true}"
tau_sweep,tau_sweep_random_symmetric_n6_seed4,random_symmetric,6,4,tn_exact,ok,"[5, 4, 0, 3, 2, 1]",288.5882509854286,288.5882509854286,0.0,True,True,0.0146445999998832,265.1953125,265.2578125,0.0625,26.0,,True,"{""finite_edges"": true, ""instance_metadata"": {""complete"": true, ""high"": 100.0, ""instance_type"": ""random_symmetric"", ""low"": 1.0, ""n"": 6, ""seed"": 4, ""symmetric"": true}, ""n_layers"": null, ""normalization_factor"": 93.47260533887669, ""normalize"": true, ""optimum_status"": ""ok"", ""seed"": 0, ""tau"": 26.0, ""valid_route"": true}"
tau_sweep,tau_sweep_random_symmetric_n6_seed4,random_symmetric,6,4,tn_exact,ok,"[5, 4, 0, 3, 2, 1]",288.5882509854286,288.5882509854286,0.0,True,True,0.0138598999997157,265.2578125,265.2578125,0.0,28.0,,True,"{""finite_edges"": true, ""instance_metadata"": {""complete"": true, ""high"": 100.0, ""instance_type"": ""random_symmetric"", ""low"": 1.0, ""n"": 6, ""seed"": 4, ""symmetric"": true}, ""n_layers"": null, ""normalization_factor"": 93.47260533887669, ""normalize"": true, ""optimum_status"": ""ok"", ""seed"": 0, ""tau"": 28.0, ""valid_route"": true}"
tau_sweep,tau_sweep_random_symmetric_n6_seed4,random_symmetric,6,4,tn_exact,ok,"[5, 4, 0, 3, 2, 1]",288.5882509854286,288.5882509854286,0.0,True,True,0.0145191999999951,265.26171875,265.26171875,0.0,30.0,,True,"{""finite_edges"": true, ""instance_metadata"": {""complete"": true, ""high"": 100.0, ""instance_type"": ""random_symmetric"", ""low"": 1.0, ""n"": 6, ""seed"": 4, ""symmetric"": true}, ""n_layers"": null, ""normalization_factor"": 93.47260533887669, ""normalize"": true, ""optimum_status"": ""ok"", ""seed"": 0, ""tau"": 30.0, ""valid_route"": true}"
tau_sweep,tau_sweep_random_asymmetric_n6_seed4,random_asymmetric,6,4,tn_exact,ok,"[5, 4, 2, 3, 0, 1]",234.0919444361229,231.5038389956948,0.011179535733212,True,True,0.0138059999999313,265.26171875,265.27734375,0.015625,10.0,,True,"{""finite_edges"": true, ""instance_metadata"": {""complete"": true, ""high"": 100.0, ""instance_type"": ""random_asymmetric"", ""low"": 1.0, ""n"": 6, ""seed"": 4, ""symmetric"": false}, ""n_layers"": null, ""normalization_factor"": 97.64812686506271, ""normalize"": true, ""optimum_status"": ""ok"", ""seed"": 0, ""tau"": 10.0, ""valid_route"": true}"
tau_sweep,tau_sweep_random_asymmetric_n6_seed4,random_asymmetric,6,4,tn_exact,ok,"[5, 4, 2, 3, 0, 1]",234.0919444361229,231.5038389956948,0.011179535733212,True,True,0.0138519000001906,265.27734375,265.27734375,0.0,12.0,,True,"{""finite_edges"": true, ""instance_metadata"": {""complete"": true, ""high"": 100.0, ""instance_type"": ""random_asymmetric"", ""low"": 1.0, ""n"": 6, ""seed"": 4, ""symmetric"": false}, ""n_layers"": null, ""normalization_factor"": 97.64812686506271, ""normalize"": true, ""optimum_status"": ""ok"", ""seed"": 0, ""tau"": 12.0, ""valid_route"": true}"
tau_sweep,tau_sweep_random_asymmetric_n6_seed4,random_asymmetric,6,4,tn_exact,ok,"[5, 4, 2, 3, 0, 1]",234.0919444361229,231.5038389956948,0.011179535733212,True,True,0.0136476000002403,265.27734375,265.28125,0.00390625,14.0,,True,"{""finite_edges"": true, ""instance_metadata"": {""complete"": true, ""high"": 100.0, ""instance_type"": ""random_asymmetric"", ""low"": 1.0, ""n"": 6, ""seed"": 4, ""symmetric"": false}, ""n_layers"": null, ""normalization_factor"": 97.64812686506271, ""normalize"": true, ""optimum_status"": ""ok"", ""seed"": 0, ""tau"": 14.0, ""valid_route"": true}"
tau_sweep,tau_sweep_random_asymmetric_n6_seed4,random_asymmetric,6,4,tn_exact,ok,"[5, 4, 2, 3, 0, 1]",234.0919444361229,231.5038389956948,0.011179535733212,True,True,0.0136967999997068,265.28125,265.296875,0.015625,16.0,,True,"{""finite_edges"": true, ""instance_metadata"": {""complete"": true, ""high"": 100.0, ""instance_type"": ""random_asymmetric"", ""low"": 1.0, ""n"": 6, ""seed"": 4, ""symmetric"": false}, ""n_layers"": null, ""normalization_factor"": 97.64812686506271, ""normalize"": true, ""optimum_status"": ""ok"", ""seed"": 0, ""tau"": 16.0, ""valid_route"": true}"
tau_sweep,tau_sweep_random_asymmetric_n6_seed4,random_asymmetric,6,4,tn_exact,ok,"[5, 4, 1, 2, 0, 3]",231.5038389956948,231.5038389956948,0.0,True,True,0.0141421000002992,265.296875,265.296875,0.0,18.0,,True,"{""finite_edges"": true, ""instance_metadata"": {""complete"": true, ""high"": 100.0, ""instance_type"": ""random_asymmetric"", ""low"": 1.0, ""n"": 6, ""seed"": 4, ""symmetric"": false}, ""n_layers"": null, ""normalization_factor"": 97.64812686506271, ""normalize"": true, ""optimum_status"": ""ok"", ""seed"": 0, ""tau"": 18.0, ""valid_route"": true}"
tau_sweep,tau_sweep_random_asymmetric_n6_seed4,random_asymmetric,6,4,tn_exact,ok,"[5, 4, 1, 2, 0, 3]",231.5038389956948,231.5038389956948,0.0,True,True,0.0145849000000453,265.296875,265.375,0.078125,20.0,,True,"{""finite_edges"": true, ""instance_metadata"": {""complete"": true, ""high"": 100.0, ""instance_type"": ""random_asymmetric"", ""low"": 1.0, ""n"": 6, ""seed"": 4, ""symmetric"": false}, ""n_layers"": null, ""normalization_factor"": 97.64812686506271, ""normalize"": true, ""optimum_status"": ""ok"", ""seed"": 0, ""tau"": 20.0, ""valid_route"": true}"
tau_sweep,tau_sweep_random_asymmetric_n6_seed4,random_asymmetric,6,4,tn_exact,ok,"[5, 4, 1, 2, 0, 3]",231.5038389956948,231.5038389956948,0.0,True,True,0.0138457999996717,265.375,265.37890625,0.00390625,22.0,,True,"{""finite_edges"": true, ""instance_metadata"": {""complete"": true, ""high"": 100.0, ""instance_type"": ""random_asymmetric"", ""low"": 1.0, ""n"": 6, ""seed"": 4, ""symmetric"": false}, ""n_layers"": null, ""normalization_factor"": 97.64812686506271, ""normalize"": true, ""optimum_status"": ""ok"", ""seed"": 0, ""tau"": 22.0, ""valid_route"": true}"
tau_sweep,tau_sweep_random_asymmetric_n6_seed4,random_asymmetric,6,4,tn_exact,ok,"[5, 4, 1, 2, 0, 3]",231.5038389956948,231.5038389956948,0.0,True,True,0.0144863000000441,265.37890625,265.37890625,0.0,24.0,,True,"{""finite_edges"": true, ""instance_metadata"": {""complete"": true, ""high"": 100.0, ""instance_type"": ""random_asymmetric"", ""low"": 1.0, ""n"": 6, ""seed"": 4, ""symmetric"": false}, ""n_layers"": null, ""normalization_factor"": 97.64812686506271, ""normalize"": true, ""optimum_status"": ""ok"", ""seed"": 0, ""tau"": 24.0, ""valid_route"": true}"
tau_sweep,tau_sweep_random_asymmetric_n6_seed4,random_asymmetric,6,4,tn_exact,ok,"[5, 4, 1, 2, 0, 3]",231.5038389956948,231.5038389956948,0.0,True,True,0.0136222000000998,265.3828125,265.4140625,0.03125,26.0,,True,"{""finite_edges"": true, ""instance_metadata"": {""complete"": true, ""high"": 100.0, ""instance_type"": ""random_asymmetric"", ""low"": 1.0, ""n"": 6, ""seed"": 4, ""symmetric"": false}, ""n_layers"": null, ""normalization_factor"": 97.64812686506271, ""normalize"": true, ""optimum_status"": ""ok"", ""seed"": 0, ""tau"": 26.0, ""valid_route"": true}"
tau_sweep,tau_sweep_random_asymmetric_n6_seed4,random_asymmetric,6,4,tn_exact,ok,"[5, 4, 1, 2, 0, 3]",231.5038389956948,231.5038389956948,0.0,True,True,0.0141757000001234,265.4140625,265.4140625,0.0,28.0,,True,"{""finite_edges"": true, ""instance_metadata"": {""complete"": true, ""high"": 100.0, ""instance_type"": ""random_asymmetric"", ""low"": 1.0, ""n"": 6, ""seed"": 4, ""symmetric"": false}, ""n_layers"": null, ""normalization_factor"": 97.64812686506271, ""normalize"": true, ""optimum_status"": ""ok"", ""seed"": 0, ""tau"": 28.0, ""valid_route"": true}"
tau_sweep,tau_sweep_random_asymmetric_n6_seed4,random_asymmetric,6,4,tn_exact,ok,"[5, 4, 1, 2, 0, 3]",231.5038389956948,231.5038389956948,0.0,True,True,0.013676999999916,265.4140625,265.41796875,0.00390625,30.0,,True,"{""finite_edges"": true, ""instance_metadata"": {""complete"": true, ""high"": 100.0, ""instance_type"": ""random_asymmetric"", ""low"": 1.0, ""n"": 6, ""seed"": 4, ""symmetric"": false}, ""n_layers"": null, ""normalization_factor"": 97.64812686506271, ""normalize"": true, ""optimum_status"": ""ok"", ""seed"": 0, ""tau"": 30.0, ""valid_route"": true}"
tau_sweep,tau_sweep_euclidean_n7_seed0,euclidean,7,0,tn_exact,ok,"[6, 5, 1, 3, 4, 2, 0]",3212.235848983952,3204.390913430396,0.0024481830605235,True,True,0.022985300000073,265.41796875,265.5546875,0.13671875,10.0,,True,"{""finite_edges"": true, ""instance_metadata"": {""complete"": true, ""instance_type"": ""euclidean"", ""n"": 7, ""points"": [[636.9616873214543, 269.7867137638703], [40.97352393619469, 16.527635528529096], [813.2702392002724, 912.7555772777217], [606.6357757671799, 729.4965609839984], [543.6249914654229, 935.0724237877682], [815.8535541215322, 2.738500170148095], [857.4042765875694, 33.58557530546435]], ""scale"": 1000.0, ""seed"": 0, ""symmetric"": true}, ""n_layers"": null, ""normalization_factor"": 1183.0751201760934, ""normalize"": true, ""optimum_status"": ""ok"", ""seed"": 0, ""tau"": 10.0, ""valid_route"": true}"
tau_sweep,tau_sweep_euclidean_n7_seed0,euclidean,7,0,tn_exact,ok,"[6, 5, 1, 3, 4, 2, 0]",3212.235848983952,3204.390913430396,0.0024481830605235,True,True,0.0222063999999591,265.5546875,265.65625,0.1015625,12.0,,True,"{""finite_edges"": true, ""instance_metadata"": {""complete"": true, ""instance_type"": ""euclidean"", ""n"": 7, ""points"": [[636.9616873214543, 269.7867137638703], [40.97352393619469, 16.527635528529096], [813.2702392002724, 912.7555772777217], [606.6357757671799, 729.4965609839984], [543.6249914654229, 935.0724237877682], [815.8535541215322, 2.738500170148095], [857.4042765875694, 33.58557530546435]], ""scale"": 1000.0, ""seed"": 0, ""symmetric"": true}, ""n_layers"": null, ""normalization_factor"": 1183.0751201760934, ""normalize"": true, ""optimum_status"": ""ok"", ""seed"": 0, ""tau"": 12.0, ""valid_route"": true}"
tau_sweep,tau_sweep_euclidean_n7_seed0,euclidean,7,0,tn_exact,ok,"[6, 5, 1, 3, 4, 2, 0]",3212.235848983952,3204.390913430396,0.0024481830605235,True,True,0.0223496000003251,265.65625,265.66015625,0.00390625,14.0,,True,"{""finite_edges"": true, ""instance_metadata"": {""complete"": true, ""instance_type"": ""euclidean"", ""n"": 7, ""points"": [[636.9616873214543, 269.7867137638703], [40.97352393619469, 16.527635528529096], [813.2702392002724, 912.7555772777217], [606.6357757671799, 729.4965609839984], [543.6249914654229, 935.0724237877682], [815.8535541215322, 2.738500170148095], [857.4042765875694, 33.58557530546435]], ""scale"": 1000.0, ""seed"": 0, ""symmetric"": true}, ""n_layers"": null, ""normalization_factor"": 1183.0751201760934, ""normalize"": true, ""optimum_status"": ""ok"", ""seed"": 0, ""tau"": 14.0, ""valid_route"": true}"
tau_sweep,tau_sweep_euclidean_n7_seed0,euclidean,7,0,tn_exact,ok,"[6, 5, 1, 3, 4, 2, 0]",3212.235848983952,3204.390913430396,0.0024481830605235,True,True,0.0231427999997322,265.66015625,265.73828125,0.078125,16.0,,True,"{""finite_edges"": true, ""instance_metadata"": {""complete"": true, ""instance_type"": ""euclidean"", ""n"": 7, ""points"": [[636.9616873214543, 269.7867137638703], [40.97352393619469, 16.527635528529096], [813.2702392002724, 912.7555772777217], [606.6357757671799, 729.4965609839984], [543.6249914654229, 935.0724237877682], [815.8535541215322, 2.738500170148095], [857.4042765875694, 33.58557530546435]], ""scale"": 1000.0, ""seed"": 0, ""symmetric"": true}, ""n_layers"": null, ""normalization_factor"": 1183.0751201760934, ""normalize"": true, ""optimum_status"": ""ok"", ""seed"": 0, ""tau"": 16.0, ""valid_route"": true}"
tau_sweep,tau_sweep_euclidean_n7_seed0,euclidean,7,0,tn_exact,ok,"[6, 5, 1, 3, 4, 2, 0]",3212.235848983952,3204.390913430396,0.0024481830605235,True,True,0.0212092000001575,265.73828125,265.73828125,0.0,18.0,,True,"{""finite_edges"": true, ""instance_metadata"": {""complete"": true, ""instance_type"": ""euclidean"", ""n"": 7, ""points"": [[636.9616873214543, 269.7867137638703], [40.97352393619469, 16.527635528529096], [813.2702392002724, 912.7555772777217], [606.6357757671799, 729.4965609839984], [543.6249914654229, 935.0724237877682], [815.8535541215322, 2.738500170148095], [857.4042765875694, 33.58557530546435]], ""scale"": 1000.0, ""seed"": 0, ""symmetric"": true}, ""n_layers"": null, ""normalization_factor"": 1183.0751201760934, ""normalize"": true, ""optimum_status"": ""ok"", ""seed"": 0, ""tau"": 18.0, ""valid_route"": true}"
tau_sweep,tau_sweep_euclidean_n7_seed0,euclidean,7,0,tn_exact,ok,"[6, 5, 1, 3, 4, 2, 0]",3212.235848983952,3204.390913430396,0.0024481830605235,True,True,0.0220690999999533,265.73828125,265.73828125,0.0,20.0,,True,"{""finite_edges"": true, ""instance_metadata"": {""complete"": true, ""instance_type"": ""euclidean"", ""n"": 7, ""points"": [[636.9616873214543, 269.7867137638703], [40.97352393619469, 16.527635528529096], [813.2702392002724, 912.7555772777217], [606.6357757671799, 729.4965609839984], [543.6249914654229, 935.0724237877682], [815.8535541215322, 2.738500170148095], [857.4042765875694, 33.58557530546435]], ""scale"": 1000.0, ""seed"": 0, ""symmetric"": true}, ""n_layers"": null, ""normalization_factor"": 1183.0751201760934, ""normalize"": true, ""optimum_status"": ""ok"", ""seed"": 0, ""tau"": 20.0, ""valid_route"": true}"
tau_sweep,tau_sweep_euclidean_n7_seed0,euclidean,7,0,tn_exact,ok,"[6, 5, 1, 3, 4, 2, 0]",3212.235848983952,3204.390913430396,0.0024481830605235,True,True,0.0222192999999606,265.73828125,265.8125,0.07421875,22.0,,True,"{""finite_edges"": true, ""instance_metadata"": {""complete"": true, ""instance_type"": ""euclidean"", ""n"": 7, ""points"": [[636.9616873214543, 269.7867137638703], [40.97352393619469, 16.527635528529096], [813.2702392002724, 912.7555772777217], [606.6357757671799, 729.4965609839984], [543.6249914654229, 935.0724237877682], [815.8535541215322, 2.738500170148095], [857.4042765875694, 33.58557530546435]], ""scale"": 1000.0, ""seed"": 0, ""symmetric"": true}, ""n_layers"": null, ""normalization_factor"": 1183.0751201760934, ""normalize"": true, ""optimum_status"": ""ok"", ""seed"": 0, ""tau"": 22.0, ""valid_route"": true}"
tau_sweep,tau_sweep_euclidean_n7_seed0,euclidean,7,0,tn_exact,ok,"[6, 5, 1, 3, 4, 2, 0]",3212.235848983952,3204.390913430396,0.0024481830605235,True,True,0.022751199999675,265.8125,265.83203125,0.01953125,24.0,,True,"{""finite_edges"": true, ""instance_metadata"": {""complete"": true, ""instance_type"": ""euclidean"", ""n"": 7, ""points"": [[636.9616873214543, 269.7867137638703], [40.97352393619469, 16.527635528529096], [813.2702392002724, 912.7555772777217], [606.6357757671799, 729.4965609839984], [543.6249914654229, 935.0724237877682], [815.8535541215322, 2.738500170148095], [857.4042765875694, 33.58557530546435]], ""scale"": 1000.0, ""seed"": 0, ""symmetric"": true}, ""n_layers"": null, ""normalization_factor"": 1183.0751201760934, ""normalize"": true, ""optimum_status"": ""ok"", ""seed"": 0, ""tau"": 24.0, ""valid_route"": true}"
tau_sweep,tau_sweep_euclidean_n7_seed0,euclidean,7,0,tn_exact,ok,"[6, 5, 1, 3, 4, 2, 0]",3212.235848983952,3204.390913430396,0.0024481830605235,True,True,0.0224981999999727,265.83203125,265.91796875,0.0859375,26.0,,True,"{""finite_edges"": true, ""instance_metadata"": {""complete"": true, ""instance_type"": ""euclidean"", ""n"": 7, ""points"": [[636.9616873214543, 269.7867137638703], [40.97352393619469, 16.527635528529096], [813.2702392002724, 912.7555772777217], [606.6357757671799, 729.4965609839984], [543.6249914654229, 935.0724237877682], [815.8535541215322, 2.738500170148095], [857.4042765875694, 33.58557530546435]], ""scale"": 1000.0, ""seed"": 0, ""symmetric"": true}, ""n_layers"": null, ""normalization_factor"": 1183.0751201760934, ""normalize"": true, ""optimum_status"": ""ok"", ""seed"": 0, ""tau"": 26.0, ""valid_route"": true}"
tau_sweep,tau_sweep_euclidean_n7_seed0,euclidean,7,0,tn_exact,ok,"[6, 5, 1, 4, 2, 3, 0]",3204.390913430396,3204.390913430396,0.0,True,True,0.0230255999999826,265.91796875,266.0078125,0.08984375,28.0,,True,"{""finite_edges"": true, ""instance_metadata"": {""complete"": true, ""instance_type"": ""euclidean"", ""n"": 7, ""points"": [[636.9616873214543, 269.7867137638703], [40.97352393619469, 16.527635528529096], [813.2702392002724, 912.7555772777217], [606.6357757671799, 729.4965609839984], [543.6249914654229, 935.0724237877682], [815.8535541215322, 2.738500170148095], [857.4042765875694, 33.58557530546435]], ""scale"": 1000.0, ""seed"": 0, ""symmetric"": true}, ""n_layers"": null, ""normalization_factor"": 1183.0751201760934, ""normalize"": true, ""optimum_status"": ""ok"", ""seed"": 0, ""tau"": 28.0, ""valid_route"": true}"
tau_sweep,tau_sweep_euclidean_n7_seed0,euclidean,7,0,tn_exact,ok,"[6, 5, 1, 4, 2, 3, 0]",3204.390913430396,3204.390913430396,0.0,True,True,0.0218716999997923,266.0078125,266.0078125,0.0,30.0,,True,"{""finite_edges"": true, ""instance_metadata"": {""complete"": true, ""instance_type"": ""euclidean"", ""n"": 7, ""points"": [[636.9616873214543, 269.7867137638703], [40.97352393619469, 16.527635528529096], [813.2702392002724, 912.7555772777217], [606.6357757671799, 729.4965609839984], [543.6249914654229, 935.0724237877682], [815.8535541215322, 2.738500170148095], [857.4042765875694, 33.58557530546435]], ""scale"": 1000.0, ""seed"": 0, ""symmetric"": true}, ""n_layers"": null, ""normalization_factor"": 1183.0751201760934, ""normalize"": true, ""optimum_status"": ""ok"", ""seed"": 0, ""tau"": 30.0, ""valid_route"": true}"
tau_sweep,tau_sweep_random_symmetric_n7_seed0,random_symmetric,7,0,tn_exact,ok,"[6, 1, 4, 3, 0, 5, 2]",249.2141745550418,249.21417455504175,1.1404531656816634e-16,True,True,0.0217312999998284,266.01953125,266.0625,0.04296875,10.0,,True,"{""finite_edges"": true, ""instance_metadata"": {""complete"": true, ""high"": 100.0, ""instance_type"": ""random_symmetric"", ""low"": 1.0, ""n"": 7, ""seed"": 0, ""symmetric"": true}, ""n_layers"": null, ""normalization_factor"": 96.5970458614003, ""normalize"": true, ""optimum_status"": ""ok"", ""seed"": 0, ""tau"": 10.0, ""valid_route"": true}"
tau_sweep,tau_sweep_random_symmetric_n7_seed0,random_symmetric,7,0,tn_exact,ok,"[6, 1, 4, 3, 0, 5, 2]",249.2141745550418,249.21417455504175,1.1404531656816634e-16,True,True,0.0220581999997193,266.0625,266.078125,0.015625,12.0,,True,"{""finite_edges"": true, ""instance_metadata"": {""complete"": true, ""high"": 100.0, ""instance_type"": ""random_symmetric"", ""low"": 1.0, ""n"": 7, ""seed"": 0, ""symmetric"": true}, ""n_layers"": null, ""normalization_factor"": 96.5970458614003, ""normalize"": true, ""optimum_status"": ""ok"", ""seed"": 0, ""tau"": 12.0, ""valid_route"": true}"
tau_sweep,tau_sweep_random_symmetric_n7_seed0,random_symmetric,7,0,tn_exact,ok,"[6, 1, 4, 3, 0, 5, 2]",249.2141745550418,249.21417455504175,1.1404531656816634e-16,True,True,0.0225507000000106,266.078125,266.09765625,0.01953125,14.0,,True,"{""finite_edges"": true, ""instance_metadata"": {""complete"": true, ""high"": 100.0, ""instance_type"": ""random_symmetric"", ""low"": 1.0, ""n"": 7, ""seed"": 0, ""symmetric"": true}, ""n_layers"": null, ""normalization_factor"": 96.5970458614003, ""normalize"": true, ""optimum_status"": ""ok"", ""seed"": 0, ""tau"": 14.0, ""valid_route"": true}"
tau_sweep,tau_sweep_random_symmetric_n7_seed0,random_symmetric,7,0,tn_exact,ok,"[6, 1, 4, 3, 0, 5, 2]",249.2141745550418,249.21417455504175,1.1404531656816634e-16,True,True,0.0218684999999823,266.09765625,266.15234375,0.0546875,16.0,,True,"{""finite_edges"": true, ""instance_metadata"": {""complete"": true, ""high"": 100.0, ""instance_type"": ""random_symmetric"", ""low"": 1.0, ""n"": 7, ""seed"": 0, ""symmetric"": true}, ""n_layers"": null, ""normalization_factor"": 96.5970458614003, ""normalize"": true, ""optimum_status"": ""ok"", ""seed"": 0, ""tau"": 16.0, ""valid_route"": true}"
tau_sweep,tau_sweep_random_symmetric_n7_seed0,random_symmetric,7,0,tn_exact,ok,"[6, 1, 4, 3, 0, 5, 2]",249.2141745550418,249.21417455504175,1.1404531656816634e-16,True,True,0.0216578999998091,266.15234375,266.171875,0.01953125,18.0,,True,"{""finite_edges"": true, ""instance_metadata"": {""complete"": true, ""high"": 100.0, ""instance_type"": ""random_symmetric"", ""low"": 1.0, ""n"": 7, ""seed"": 0, ""symmetric"": true}, ""n_layers"": null, ""normalization_factor"": 96.5970458614003, ""normalize"": true, ""optimum_status"": ""ok"", ""seed"": 0, ""tau"": 18.0, ""valid_route"": true}"
tau_sweep,tau_sweep_random_symmetric_n7_seed0,random_symmetric,7,0,tn_exact,ok,"[6, 1, 4, 3, 0, 5, 2]",249.2141745550418,249.21417455504175,1.1404531656816634e-16,True,True,0.0221386000002894,266.171875,266.25,0.078125,20.0,,True,"{""finite_edges"": true, ""instance_metadata"": {""complete"": true, ""high"": 100.0, ""instance_type"": ""random_symmetric"", ""low"": 1.0, ""n"": 7, ""seed"": 0, ""symmetric"": true}, ""n_layers"": null, ""normalization_factor"": 96.5970458614003, ""normalize"": true, ""optimum_status"": ""ok"", ""seed"": 0, ""tau"": 20.0, ""valid_route"": true}"
tau_sweep,tau_sweep_random_symmetric_n7_seed0,random_symmetric,7,0,tn_exact,ok,"[6, 1, 4, 3, 0, 5, 2]",249.2141745550418,249.21417455504175,1.1404531656816634e-16,True,True,0.0220419000002038,266.25390625,266.33984375,0.0859375,22.0,,True,"{""finite_edges"": true, ""instance_metadata"": {""complete"": true, ""high"": 100.0, ""instance_type"": ""random_symmetric"", ""low"": 1.0, ""n"": 7, ""seed"": 0, ""symmetric"": true}, ""n_layers"": null, ""normalization_factor"": 96.5970458614003, ""normalize"": true, ""optimum_status"": ""ok"", ""seed"": 0, ""tau"": 22.0, ""valid_route"": true}"
tau_sweep,tau_sweep_random_symmetric_n7_seed0,random_symmetric,7,0,tn_exact,ok,"[6, 1, 4, 3, 0, 5, 2]",249.2141745550418,249.21417455504175,1.1404531656816634e-16,True,True,0.0221242000002348,266.33984375,266.33984375,0.0,24.0,,True,"{""finite_edges"": true, ""instance_metadata"": {""complete"": true, ""high"": 100.0, ""instance_type"": ""random_symmetric"", ""low"": 1.0, ""n"": 7, ""seed"": 0, ""symmetric"": true}, ""n_layers"": null, ""normalization_factor"": 96.5970458614003, ""normalize"": true, ""optimum_status"": ""ok"", ""seed"": 0, ""tau"": 24.0, ""valid_route"": true}"
tau_sweep,tau_sweep_random_symmetric_n7_seed0,random_symmetric,7,0,tn_exact,ok,"[6, 1, 4, 3, 0, 5, 2]",249.2141745550418,249.21417455504175,1.1404531656816634e-16,True,True,0.0224834999999075,266.33984375,266.3515625,0.01171875,26.0,,True,"{""finite_edges"": true, ""instance_metadata"": {""complete"": true, ""high"": 100.0, ""instance_type"": ""random_symmetric"", ""low"": 1.0, ""n"": 7, ""seed"": 0, ""symmetric"": true}, ""n_layers"": null, ""normalization_factor"": 96.5970458614003, ""normalize"": true, ""optimum_status"": ""ok"", ""seed"": 0, ""tau"": 26.0, ""valid_route"": true}"
tau_sweep,tau_sweep_random_symmetric_n7_seed0,random_symmetric,7,0,tn_exact,ok,"[6, 1, 4, 3, 0, 5, 2]",249.2141745550418,249.21417455504175,1.1404531656816634e-16,True,True,0.0227558999999928,266.3515625,266.359375,0.0078125,28.0,,True,"{""finite_edges"": true, ""instance_metadata"": {""complete"": true, ""high"": 100.0, ""instance_type"": ""random_symmetric"", ""low"": 1.0, ""n"": 7, ""seed"": 0, ""symmetric"": true}, ""n_layers"": null, ""normalization_factor"": 96.5970458614003, ""normalize"": true, ""optimum_status"": ""ok"", ""seed"": 0, ""tau"": 28.0, ""valid_route"": true}"
tau_sweep,tau_sweep_random_symmetric_n7_seed0,random_symmetric,7,0,tn_exact,ok,"[6, 1, 4, 3, 0, 5, 2]",249.2141745550418,249.21417455504175,1.1404531656816634e-16,True,True,0.0230871999997361,266.359375,266.38671875,0.02734375,30.0,,True,"{""finite_edges"": true, ""instance_metadata"": {""complete"": true, ""high"": 100.0, ""instance_type"": ""random_symmetric"", ""low"": 1.0, ""n"": 7, ""seed"": 0, ""symmetric"": true}, ""n_layers"": null, ""normalization_factor"": 96.5970458614003, ""normalize"": true, ""optimum_status"": ""ok"", ""seed"": 0, ""tau"": 30.0, ""valid_route"": true}"
tau_sweep,tau_sweep_random_asymmetric_n7_seed0,random_asymmetric,7,0,tn_exact,ok,"[6, 1, 4, 3, 0, 2, 5]",169.29907167420868,169.29907167420868,0.0,True,True,0.0234069000002818,266.38671875,266.44921875,0.0625,10.0,,True,"{""finite_edges"": true, ""instance_metadata"": {""complete"": true, ""high"": 100.0, ""instance_type"": ""random_asymmetric"", ""low"": 1.0, ""n"": 7, ""seed"": 0, ""symmetric"": false}, ""n_layers"": null, ""normalization_factor"": 99.7237836431319, ""normalize"": true, ""optimum_status"": ""ok"", ""seed"": 0, ""tau"": 10.0, ""valid_route"": true}"
tau_sweep,tau_sweep_random_asymmetric_n7_seed0,random_asymmetric,7,0,tn_exact,ok,"[6, 1, 4, 3, 0, 2, 5]",169.29907167420868,169.29907167420868,0.0,True,True,0.0247315000001435,266.44921875,266.46484375,0.015625,12.0,,True,"{""finite_edges"": true, ""instance_metadata"": {""complete"": true, ""high"": 100.0, ""instance_type"": ""random_asymmetric"", ""low"": 1.0, ""n"": 7, ""seed"": 0, ""symmetric"": false}, ""n_layers"": null, ""normalization_factor"": 99.7237836431319, ""normalize"": true, ""optimum_status"": ""ok"", ""seed"": 0, ""tau"": 12.0, ""valid_route"": true}"
tau_sweep,tau_sweep_random_asymmetric_n7_seed0,random_asymmetric,7,0,tn_exact,ok,"[6, 1, 4, 3, 0, 2, 5]",169.29907167420868,169.29907167420868,0.0,True,True,0.0241132000001016,266.46484375,266.54296875,0.078125,14.0,,True,"{""finite_edges"": true, ""instance_metadata"": {""complete"": true, ""high"": 100.0, ""instance_type"": ""random_asymmetric"", ""low"": 1.0, ""n"": 7, ""seed"": 0, ""symmetric"": false}, ""n_layers"": null, ""normalization_factor"": 99.7237836431319, ""normalize"": true, ""optimum_status"": ""ok"", ""seed"": 0, ""tau"": 14.0, ""valid_route"": true}"
tau_sweep,tau_sweep_random_asymmetric_n7_seed0,random_asymmetric,7,0,tn_exact,ok,"[6, 1, 4, 3, 0, 2, 5]",169.29907167420868,169.29907167420868,0.0,True,True,0.0235450999998647,266.54296875,266.65234375,0.109375,16.0,,True,"{""finite_edges"": true, ""instance_metadata"": {""complete"": true, ""high"": 100.0, ""instance_type"": ""random_asymmetric"", ""low"": 1.0, ""n"": 7, ""seed"": 0, ""symmetric"": false}, ""n_layers"": null, ""normalization_factor"": 99.7237836431319, ""normalize"": true, ""optimum_status"": ""ok"", ""seed"": 0, ""tau"": 16.0, ""valid_route"": true}"
tau_sweep,tau_sweep_random_asymmetric_n7_seed0,random_asymmetric,7,0,tn_exact,ok,"[6, 1, 4, 3, 0, 2, 5]",169.29907167420868,169.29907167420868,0.0,True,True,0.0223143000002892,266.65625,266.65625,0.0,18.0,,True,"{""finite_edges"": true, ""instance_metadata"": {""complete"": true, ""high"": 100.0, ""instance_type"": ""random_asymmetric"", ""low"": 1.0, ""n"": 7, ""seed"": 0, ""symmetric"": false}, ""n_layers"": null, ""normalization_factor"": 99.7237836431319, ""normalize"": true, ""optimum_status"": ""ok"", ""seed"": 0, ""tau"": 18.0, ""valid_route"": true}"
tau_sweep,tau_sweep_random_asymmetric_n7_seed0,random_asymmetric,7,0,tn_exact,ok,"[6, 1, 4, 3, 0, 2, 5]",169.29907167420868,169.29907167420868,0.0,True,True,0.0241166000000703,266.65625,266.67578125,0.01953125,20.0,,True,"{""finite_edges"": true, ""instance_metadata"": {""complete"": true, ""high"": 100.0, ""instance_type"": ""random_asymmetric"", ""low"": 1.0, ""n"": 7, ""seed"": 0, ""symmetric"": false}, ""n_layers"": null, ""normalization_factor"": 99.7237836431319, ""normalize"": true, ""optimum_status"": ""ok"", ""seed"": 0, ""tau"": 20.0, ""valid_route"": true}"
tau_sweep,tau_sweep_random_asymmetric_n7_seed0,random_asymmetric,7,0,tn_exact,ok,"[6, 1, 4, 3, 0, 2, 5]",169.29907167420868,169.29907167420868,0.0,True,True,0.0215213000001313,266.67578125,266.69140625,0.015625,22.0,,True,"{""finite_edges"": true, ""instance_metadata"": {""complete"": true, ""high"": 100.0, ""instance_type"": ""random_asymmetric"", ""low"": 1.0, ""n"": 7, ""seed"": 0, ""symmetric"": false}, ""n_layers"": null, ""normalization_factor"": 99.7237836431319, ""normalize"": true, ""optimum_status"": ""ok"", ""seed"": 0, ""tau"": 22.0, ""valid_route"": true}"
tau_sweep,tau_sweep_random_asymmetric_n7_seed0,random_asymmetric,7,0,tn_exact,ok,"[6, 1, 4, 3, 0, 2, 5]",169.29907167420868,169.29907167420868,0.0,True,True,0.0217935000000579,266.69140625,266.703125,0.01171875,24.0,,True,"{""finite_edges"": true, ""instance_metadata"": {""complete"": true, ""high"": 100.0, ""instance_type"": ""random_asymmetric"", ""low"": 1.0, ""n"": 7, ""seed"": 0, ""symmetric"": false}, ""n_layers"": null, ""normalization_factor"": 99.7237836431319, ""normalize"": true, ""optimum_status"": ""ok"", ""seed"": 0, ""tau"": 24.0, ""valid_route"": true}"
tau_sweep,tau_sweep_random_asymmetric_n7_seed0,random_asymmetric,7,0,tn_exact,ok,"[6, 1, 4, 3, 0, 2, 5]",169.29907167420868,169.29907167420868,0.0,True,True,0.021990100000039,266.703125,266.75390625,0.05078125,26.0,,True,"{""finite_edges"": true, ""instance_metadata"": {""complete"": true, ""high"": 100.0, ""instance_type"": ""random_asymmetric"", ""low"": 1.0, ""n"": 7, ""seed"": 0, ""symmetric"": false}, ""n_layers"": null, ""normalization_factor"": 99.7237836431319, ""normalize"": true, ""optimum_status"": ""ok"", ""seed"": 0, ""tau"": 26.0, ""valid_route"": true}"
tau_sweep,tau_sweep_random_asymmetric_n7_seed0,random_asymmetric,7,0,tn_exact,ok,"[6, 1, 4, 3, 0, 2, 5]",169.29907167420868,169.29907167420868,0.0,True,True,0.0212590000001,266.75390625,266.765625,0.01171875,28.0,,True,"{""finite_edges"": true, ""instance_metadata"": {""complete"": true, ""high"": 100.0, ""instance_type"": ""random_asymmetric"", ""low"": 1.0, ""n"": 7, ""seed"": 0, ""symmetric"": false}, ""n_layers"": null, ""normalization_factor"": 99.7237836431319, ""normalize"": true, ""optimum_status"": ""ok"", ""seed"": 0, ""tau"": 28.0, ""valid_route"": true}"
tau_sweep,tau_sweep_random_asymmetric_n7_seed0,random_asymmetric,7,0,tn_exact,ok,"[6, 1, 4, 3, 0, 2, 5]",169.29907167420868,169.29907167420868,0.0,True,True,0.0225713999998333,266.765625,266.84765625,0.08203125,30.0,,True,"{""finite_edges"": true, ""instance_metadata"": {""complete"": true, ""high"": 100.0, ""instance_type"": ""random_asymmetric"", ""low"": 1.0, ""n"": 7, ""seed"": 0, ""symmetric"": false}, ""n_layers"": null, ""normalization_factor"": 99.7237836431319, ""normalize"": true, ""optimum_status"": ""ok"", ""seed"": 0, ""tau"": 30.0, ""valid_route"": true}"
tau_sweep,tau_sweep_euclidean_n7_seed1,euclidean,7,1,tn_exact,ok,"[6, 1, 0, 5, 3, 4, 2]",2538.9933653413536,2538.9933653413536,0.0,True,True,0.0215275000000474,266.84765625,266.9375,0.08984375,10.0,,True,"{""finite_edges"": true, ""instance_metadata"": {""complete"": true, ""instance_type"": ""euclidean"", ""n"": 7, ""points"": [[511.82162470025673, 950.4636963259353], [144.15961271963374, 948.6494471372439], [311.83145201048546, 423.32644897257563], [827.7025938204417, 409.1991363691613], [549.5936876730595, 27.559113243068367], [753.5131086748066, 538.1433132192782], [329.73171649909216, 788.4287034284043]], ""scale"": 1000.0, ""seed"": 1, ""symmetric"": true}, ""n_layers"": null, ""normalization_factor"": 1006.3717962694622, ""normalize"": true, ""optimum_status"": ""ok"", ""seed"": 0, ""tau"": 10.0, ""valid_route"": true}"
tau_sweep,tau_sweep_euclidean_n7_seed1,euclidean,7,1,tn_exact,ok,"[6, 1, 0, 5, 3, 4, 2]",2538.9933653413536,2538.9933653413536,0.0,True,True,0.0213995000003706,266.9375,266.9375,0.0,12.0,,True,"{""finite_edges"": true, ""instance_metadata"": {""complete"": true, ""instance_type"": ""euclidean"", ""n"": 7, ""points"": [[511.82162470025673, 950.4636963259353], [144.15961271963374, 948.6494471372439], [311.83145201048546, 423.32644897257563], [827.7025938204417, 409.1991363691613], [549.5936876730595, 27.559113243068367], [753.5131086748066, 538.1433132192782], [329.73171649909216, 788.4287034284043]], ""scale"": 1000.0, ""seed"": 1, ""symmetric"": true}, ""n_layers"": null, ""normalization_factor"": 1006.3717962694622, ""normalize"": true, ""optimum_status"": ""ok"", ""seed"": 0, ""tau"": 12.0, ""valid_route"": true}"
tau_sweep,tau_sweep_euclidean_n7_seed1,euclidean,7,1,tn_exact,ok,"[6, 1, 0, 5, 3, 4, 2]",2538.9933653413536,2538.9933653413536,0.0,True,True,0.0222327999999834,266.9375,266.9765625,0.0390625,14.0,,True,"{""finite_edges"": true, ""instance_metadata"": {""complete"": true, ""instance_type"": ""euclidean"", ""n"": 7, ""points"": [[511.82162470025673, 950.4636963259353], [144.15961271963374, 948.6494471372439], [311.83145201048546, 423.32644897257563], [827.7025938204417, 409.1991363691613], [549.5936876730595, 27.559113243068367], [753.5131086748066, 538.1433132192782], [329.73171649909216, 788.4287034284043]], ""scale"": 1000.0, ""seed"": 1, ""symmetric"": true}, ""n_layers"": null, ""normalization_factor"": 1006.3717962694622, ""normalize"": true, ""optimum_status"": ""ok"", ""seed"": 0, ""tau"": 14.0, ""valid_route"": true}"
tau_sweep,tau_sweep_euclidean_n7_seed1,euclidean,7,1,tn_exact,ok,"[6, 1, 0, 5, 3, 4, 2]",2538.9933653413536,2538.9933653413536,0.0,True,True,0.0215640000001258,266.9765625,266.98046875,0.00390625,16.0,,True,"{""finite_edges"": true, ""instance_metadata"": {""complete"": true, ""instance_type"": ""euclidean"", ""n"": 7, ""points"": [[511.82162470025673, 950.4636963259353], [144.15961271963374, 948.6494471372439], [311.83145201048546, 423.32644897257563], [827.7025938204417, 409.1991363691613], [549.5936876730595, 27.559113243068367], [753.5131086748066, 538.1433132192782], [329.73171649909216, 788.4287034284043]], ""scale"": 1000.0, ""seed"": 1, ""symmetric"": true}, ""n_layers"": null, ""normalization_factor"": 1006.3717962694622, ""normalize"": true, ""optimum_status"": ""ok"", ""seed"": 0, ""tau"": 16.0, ""valid_route"": true}"
tau_sweep,tau_sweep_euclidean_n7_seed1,euclidean,7,1,tn_exact,ok,"[6, 1, 0, 5, 3, 4, 2]",2538.9933653413536,2538.9933653413536,0.0,True,True,0.0224668999999266,266.98046875,267.0078125,0.02734375,18.0,,True,"{""finite_edges"": true, ""instance_metadata"": {""complete"": true, ""instance_type"": ""euclidean"", ""n"": 7, ""points"": [[511.82162470025673, 950.4636963259353], [144.15961271963374, 948.6494471372439], [311.83145201048546, 423.32644897257563], [827.7025938204417, 409.1991363691613], [549.5936876730595, 27.559113243068367], [753.5131086748066, 538.1433132192782], [329.73171649909216, 788.4287034284043]], ""scale"": 1000.0, ""seed"": 1, ""symmetric"": true}, ""n_layers"": null, ""normalization_factor"": 1006.3717962694622, ""normalize"": true, ""optimum_status"": ""ok"", ""seed"": 0, ""tau"": 18.0, ""valid_route"": true}"
tau_sweep,tau_sweep_euclidean_n7_seed1,euclidean,7,1,tn_exact,ok,"[6, 1, 0, 5, 3, 4, 2]",2538.9933653413536,2538.9933653413536,0.0,True,True,0.0215686999999888,267.0078125,267.06640625,0.05859375,20.0,,True,"{""finite_edges"": true, ""instance_metadata"": {""complete"": true, ""instance_type"": ""euclidean"", ""n"": 7, ""points"": [[511.82162470025673, 950.4636963259353], [144.15961271963374, 948.6494471372439], [311.83145201048546, 423.32644897257563], [827.7025938204417, 409.1991363691613], [549.5936876730595, 27.559113243068367], [753.5131086748066, 538.1433132192782], [329.73171649909216, 788.4287034284043]], ""scale"": 1000.0, ""seed"": 1, ""symmetric"": true}, ""n_layers"": null, ""normalization_factor"": 1006.3717962694622, ""normalize"": true, ""optimum_status"": ""ok"", ""seed"": 0, ""tau"": 20.0, ""valid_route"": true}"
tau_sweep,tau_sweep_euclidean_n7_seed1,euclidean,7,1,tn_exact,ok,"[6, 1, 0, 5, 3, 4, 2]",2538.9933653413536,2538.9933653413536,0.0,True,True,0.0217213000000811,267.06640625,267.0859375,0.01953125,22.0,,True,"{""finite_edges"": true, ""instance_metadata"": {""complete"": true, ""instance_type"": ""euclidean"", ""n"": 7, ""points"": [[511.82162470025673, 950.4636963259353], [144.15961271963374, 948.6494471372439], [311.83145201048546, 423.32644897257563], [827.7025938204417, 409.1991363691613], [549.5936876730595, 27.559113243068367], [753.5131086748066, 538.1433132192782], [329.73171649909216, 788.4287034284043]], ""scale"": 1000.0, ""seed"": 1, ""symmetric"": true}, ""n_layers"": null, ""normalization_factor"": 1006.3717962694622, ""normalize"": true, ""optimum_status"": ""ok"", ""seed"": 0, ""tau"": 22.0, ""valid_route"": true}"
tau_sweep,tau_sweep_euclidean_n7_seed1,euclidean,7,1,tn_exact,ok,"[6, 1, 0, 5, 3, 4, 2]",2538.9933653413536,2538.9933653413536,0.0,True,True,0.0221016000000418,267.0859375,267.25390625,0.16796875,24.0,,True,"{""finite_edges"": true, ""instance_metadata"": {""complete"": true, ""instance_type"": ""euclidean"", ""n"": 7, ""points"": [[511.82162470025673, 950.4636963259353], [144.15961271963374, 948.6494471372439], [311.83145201048546, 423.32644897257563], [827.7025938204417, 409.1991363691613], [549.5936876730595, 27.559113243068367], [753.5131086748066, 538.1433132192782], [329.73171649909216, 788.4287034284043]], ""scale"": 1000.0, ""seed"": 1, ""symmetric"": true}, ""n_layers"": null, ""normalization_factor"": 1006.3717962694622, ""normalize"": true, ""optimum_status"": ""ok"", ""seed"": 0, ""tau"": 24.0, ""valid_route"": true}"
tau_sweep,tau_sweep_euclidean_n7_seed1,euclidean,7,1,tn_exact,ok,"[6, 1, 0, 5, 3, 4, 2]",2538.9933653413536,2538.9933653413536,0.0,True,True,0.0217890000003535,267.25390625,267.3046875,0.05078125,26.0,,True,"{""finite_edges"": true, ""instance_metadata"": {""complete"": true, ""instance_type"": ""euclidean"", ""n"": 7, ""points"": [[511.82162470025673, 950.4636963259353], [144.15961271963374, 948.6494471372439], [311.83145201048546, 423.32644897257563], [827.7025938204417, 409.1991363691613], [549.5936876730595, 27.559113243068367], [753.5131086748066, 538.1433132192782], [329.73171649909216, 788.4287034284043]], ""scale"": 1000.0, ""seed"": 1, ""symmetric"": true}, ""n_layers"": null, ""normalization_factor"": 1006.3717962694622, ""normalize"": true, ""optimum_status"": ""ok"", ""seed"": 0, ""tau"": 26.0, ""valid_route"": true}"
tau_sweep,tau_sweep_euclidean_n7_seed1,euclidean,7,1,tn_exact,ok,"[6, 1, 0, 5, 3, 4, 2]",2538.9933653413536,2538.9933653413536,0.0,True,True,0.0236290999996526,267.3046875,267.3046875,0.0,28.0,,True,"{""finite_edges"": true, ""instance_metadata"": {""complete"": true, ""instance_type"": ""euclidean"", ""n"": 7, ""points"": [[511.82162470025673, 950.4636963259353], [144.15961271963374, 948.6494471372439], [311.83145201048546, 423.32644897257563], [827.7025938204417, 409.1991363691613], [549.5936876730595, 27.559113243068367], [753.5131086748066, 538.1433132192782], [329.73171649909216, 788.4287034284043]], ""scale"": 1000.0, ""seed"": 1, ""symmetric"": true}, ""n_layers"": null, ""normalization_factor"": 1006.3717962694622, ""normalize"": true, ""optimum_status"": ""ok"", ""seed"": 0, ""tau"": 28.0, ""valid_route"": true}"
tau_sweep,tau_sweep_euclidean_n7_seed1,euclidean,7,1,tn_exact,ok,"[6, 1, 0, 5, 3, 4, 2]",2538.9933653413536,2538.9933653413536,0.0,True,True,0.0220721999999113,267.3046875,267.31640625,0.01171875,30.0,,True,"{""finite_edges"": true, ""instance_metadata"": {""complete"": true, ""instance_type"": ""euclidean"", ""n"": 7, ""points"": [[511.82162470025673, 950.4636963259353], [144.15961271963374, 948.6494471372439], [311.83145201048546, 423.32644897257563], [827.7025938204417, 409.1991363691613], [549.5936876730595, 27.559113243068367], [753.5131086748066, 538.1433132192782], [329.73171649909216, 788.4287034284043]], ""scale"": 1000.0, ""seed"": 1, ""symmetric"": true}, ""n_layers"": null, ""normalization_factor"": 1006.3717962694622, ""normalize"": true, ""optimum_status"": ""ok"", ""seed"": 0, ""tau"": 30.0, ""valid_route"": true}"
tau_sweep,tau_sweep_random_symmetric_n7_seed1,random_symmetric,7,1,tn_exact,ok,"[6, 3, 5, 1, 2, 0, 4]",238.71254465605827,238.71254465605827,0.0,True,True,0.0214736000002631,267.328125,267.328125,0.0,10.0,,True,"{""finite_edges"": true, ""instance_metadata"": {""complete"": true, ""high"": 100.0, ""instance_type"": ""random_symmetric"", ""low"": 1.0, ""n"": 7, ""seed"": 1, ""symmetric"": true}, ""n_layers"": null, ""normalization_factor"": 80.48032078605031, ""normalize"": true, ""optimum_status"": ""ok"", ""seed"": 0, ""tau"": 10.0, ""valid_route"": true}"
tau_sweep,tau_sweep_random_symmetric_n7_seed1,random_symmetric,7,1,tn_exact,ok,"[6, 3, 5, 1, 2, 0, 4]",238.71254465605827,238.71254465605827,0.0,True,True,0.0219669000002795,267.328125,267.34375,0.015625,12.0,,True,"{""finite_edges"": true, ""instance_metadata"": {""complete"": true, ""high"": 100.0, ""instance_type"": ""random_symmetric"", ""low"": 1.0, ""n"": 7, ""seed"": 1, ""symmetric"": true}, ""n_layers"": null, ""normalization_factor"": 80.48032078605031, ""normalize"": true, ""optimum_status"": ""ok"", ""seed"": 0, ""tau"": 12.0, ""valid_route"": true}"
tau_sweep,tau_sweep_random_symmetric_n7_seed1,random_symmetric,7,1,tn_exact,ok,"[6, 3, 5, 1, 2, 0, 4]",238.71254465605827,238.71254465605827,0.0,True,True,0.021917200000189,267.34765625,267.3984375,0.05078125,14.0,,True,"{""finite_edges"": true, ""instance_metadata"": {""complete"": true, ""high"": 100.0, ""instance_type"": ""random_symmetric"", ""low"": 1.0, ""n"": 7, ""seed"": 1, ""symmetric"": true}, ""n_layers"": null, ""normalization_factor"": 80.48032078605031, ""normalize"": true, ""optimum_status"": ""ok"", ""seed"": 0, ""tau"": 14.0, ""valid_route"": true}"
tau_sweep,tau_sweep_random_symmetric_n7_seed1,random_symmetric,7,1,tn_exact,ok,"[6, 3, 5, 1, 2, 0, 4]",238.71254465605827,238.71254465605827,0.0,True,True,0.0224029999999402,267.3984375,267.4140625,0.015625,16.0,,True,"{""finite_edges"": true, ""instance_metadata"": {""complete"": true, ""high"": 100.0, ""instance_type"": ""random_symmetric"", ""low"": 1.0, ""n"": 7, ""seed"": 1, ""symmetric"": true}, ""n_layers"": null, ""normalization_factor"": 80.48032078605031, ""normalize"": true, ""optimum_status"": ""ok"", ""seed"": 0, ""tau"": 16.0, ""valid_route"": true}"
tau_sweep,tau_sweep_random_symmetric_n7_seed1,random_symmetric,7,1,tn_exact,ok,"[6, 3, 5, 1, 2, 0, 4]",238.71254465605827,238.71254465605827,0.0,True,True,0.0218190999999023,267.4140625,267.7578125,0.34375,18.0,,True,"{""finite_edges"": true, ""instance_metadata"": {""complete"": true, ""high"": 100.0, ""instance_type"": ""random_symmetric"", ""low"": 1.0, ""n"": 7, ""seed"": 1, ""symmetric"": true}, ""n_layers"": null, ""normalization_factor"": 80.48032078605031, ""normalize"": true, ""optimum_status"": ""ok"", ""seed"": 0, ""tau"": 18.0, ""valid_route"": true}"
tau_sweep,tau_sweep_random_symmetric_n7_seed1,random_symmetric,7,1,tn_exact,ok,"[6, 3, 5, 1, 2, 0, 4]",238.71254465605827,238.71254465605827,0.0,True,True,0.0220182999996723,267.7578125,267.84375,0.0859375,20.0,,True,"{""finite_edges"": true, ""instance_metadata"": {""complete"": true, ""high"": 100.0, ""instance_type"": ""random_symmetric"", ""low"": 1.0, ""n"": 7, ""seed"": 1, ""symmetric"": true}, ""n_layers"": null, ""normalization_factor"": 80.48032078605031, ""normalize"": true, ""optimum_status"": ""ok"", ""seed"": 0, ""tau"": 20.0, ""valid_route"": true}"
tau_sweep,tau_sweep_random_symmetric_n7_seed1,random_symmetric,7,1,tn_exact,ok,"[6, 3, 5, 1, 2, 0, 4]",238.71254465605827,238.71254465605827,0.0,True,True,0.0266981000004307,267.84375,267.84375,0.0,22.0,,True,"{""finite_edges"": true, ""instance_metadata"": {""complete"": true, ""high"": 100.0, ""instance_type"": ""random_symmetric"", ""low"": 1.0, ""n"": 7, ""seed"": 1, ""symmetric"": true}, ""n_layers"": null, ""normalization_factor"": 80.48032078605031, ""normalize"": true, ""optimum_status"": ""ok"", ""seed"": 0, ""tau"": 22.0, ""valid_route"": true}"
tau_sweep,tau_sweep_random_symmetric_n7_seed1,random_symmetric,7,1,tn_exact,ok,"[6, 3, 5, 1, 2, 0, 4]",238.71254465605827,238.71254465605827,0.0,True,True,0.0217400000001362,267.84375,267.86328125,0.01953125,24.0,,True,"{""finite_edges"": true, ""instance_metadata"": {""complete"": true, ""high"": 100.0, ""instance_type"": ""random_symmetric"", ""low"": 1.0, ""n"": 7, ""seed"": 1, ""symmetric"": true}, ""n_layers"": null, ""normalization_factor"": 80.48032078605031, ""normalize"": true, ""optimum_status"": ""ok"", ""seed"": 0, ""tau"": 24.0, ""valid_route"": true}"
tau_sweep,tau_sweep_random_symmetric_n7_seed1,random_symmetric,7,1,tn_exact,ok,"[6, 3, 5, 1, 2, 0, 4]",238.71254465605827,238.71254465605827,0.0,True,True,0.0216519000000516,267.86328125,268.125,0.26171875,26.0,,True,"{""finite_edges"": true, ""instance_metadata"": {""complete"": true, ""high"": 100.0, ""instance_type"": ""random_symmetric"", ""low"": 1.0, ""n"": 7, ""seed"": 1, ""symmetric"": true}, ""n_layers"": null, ""normalization_factor"": 80.48032078605031, ""normalize"": true, ""optimum_status"": ""ok"", ""seed"": 0, ""tau"": 26.0, ""valid_route"": true}"
tau_sweep,tau_sweep_random_symmetric_n7_seed1,random_symmetric,7,1,tn_exact,ok,"[6, 3, 5, 1, 2, 0, 4]",238.71254465605827,238.71254465605827,0.0,True,True,0.0218027000000802,268.125,268.13671875,0.01171875,28.0,,True,"{""finite_edges"": true, ""instance_metadata"": {""complete"": true, ""high"": 100.0, ""instance_type"": ""random_symmetric"", ""low"": 1.0, ""n"": 7, ""seed"": 1, ""symmetric"": true}, ""n_layers"": null, ""normalization_factor"": 80.48032078605031, ""normalize"": true, ""optimum_status"": ""ok"", ""seed"": 0, ""tau"": 28.0, ""valid_route"": true}"
tau_sweep,tau_sweep_random_symmetric_n7_seed1,random_symmetric,7,1,tn_exact,ok,"[6, 3, 5, 1, 2, 0, 4]",238.71254465605827,238.71254465605827,0.0,True,True,0.0217728999996325,268.13671875,268.2109375,0.07421875,30.0,,True,"{""finite_edges"": true, ""instance_metadata"": {""complete"": true, ""high"": 100.0, ""instance_type"": ""random_symmetric"", ""low"": 1.0, ""n"": 7, ""seed"": 1, ""symmetric"": true}, ""n_layers"": null, ""normalization_factor"": 80.48032078605031, ""normalize"": true, ""optimum_status"": ""ok"", ""seed"": 0, ""tau"": 30.0, ""valid_route"": true}"
tau_sweep,tau_sweep_random_asymmetric_n7_seed1,random_asymmetric,7,1,tn_exact,ok,"[6, 1, 2, 0, 5, 4, 3]",152.45913925614238,152.45913925614238,0.0,True,True,0.0218245999999453,268.21875,268.2421875,0.0234375,10.0,,True,"{""finite_edges"": true, ""instance_metadata"": {""complete"": true, ""high"": 100.0, ""instance_type"": ""random_asymmetric"", ""low"": 1.0, ""n"": 7, ""seed"": 1, ""symmetric"": false}, ""n_layers"": null, ""normalization_factor"": 98.09298278032263, ""normalize"": true, ""optimum_status"": ""ok"", ""seed"": 0, ""tau"": 10.0, ""valid_route"": true}"
tau_sweep,tau_sweep_random_asymmetric_n7_seed1,random_asymmetric,7,1,tn_exact,ok,"[6, 1, 2, 0, 5, 4, 3]",152.45913925614238,152.45913925614238,0.0,True,True,0.0234731000000465,268.2421875,268.328125,0.0859375,12.0,,True,"{""finite_edges"": true, ""instance_metadata"": {""complete"": true, ""high"": 100.0, ""instance_type"": ""random_asymmetric"", ""low"": 1.0, ""n"": 7, ""seed"": 1, ""symmetric"": false}, ""n_layers"": null, ""normalization_factor"": 98.09298278032263, ""normalize"": true, ""optimum_status"": ""ok"", ""seed"": 0, ""tau"": 12.0, ""valid_route"": true}"
tau_sweep,tau_sweep_random_asymmetric_n7_seed1,random_asymmetric,7,1,tn_exact,ok,"[6, 1, 2, 0, 5, 4, 3]",152.45913925614238,152.45913925614238,0.0,True,True,0.0225673999998434,268.328125,268.4140625,0.0859375,14.0,,True,"{""finite_edges"": true, ""instance_metadata"": {""complete"": true, ""high"": 100.0, ""instance_type"": ""random_asymmetric"", ""low"": 1.0, ""n"": 7, ""seed"": 1, ""symmetric"": false}, ""n_layers"": null, ""normalization_factor"": 98.09298278032263, ""normalize"": true, ""optimum_status"": ""ok"", ""seed"": 0, ""tau"": 14.0, ""valid_route"": true}"
tau_sweep,tau_sweep_random_asymmetric_n7_seed1,random_asymmetric,7,1,tn_exact,ok,"[6, 1, 2, 0, 5, 4, 3]",152.45913925614238,152.45913925614238,0.0,True,True,0.0216479999999137,268.4140625,268.4140625,0.0,16.0,,True,"{""finite_edges"": true, ""instance_metadata"": {""complete"": true, ""high"": 100.0, ""instance_type"": ""random_asymmetric"", ""low"": 1.0, ""n"": 7, ""seed"": 1, ""symmetric"": false}, ""n_layers"": null, ""normalization_factor"": 98.09298278032263, ""normalize"": true, ""optimum_status"": ""ok"", ""seed"": 0, ""tau"": 16.0, ""valid_route"": true}"
tau_sweep,tau_sweep_random_asymmetric_n7_seed1,random_asymmetric,7,1,tn_exact,ok,"[6, 1, 2, 0, 5, 4, 3]",152.45913925614238,152.45913925614238,0.0,True,True,0.021962700000131,268.4140625,268.43359375,0.01953125,18.0,,True,"{""finite_edges"": true, ""instance_metadata"": {""complete"": true, ""high"": 100.0, ""instance_type"": ""random_asymmetric"", ""low"": 1.0, ""n"": 7, ""seed"": 1, ""symmetric"": false}, ""n_layers"": null, ""normalization_factor"": 98.09298278032263, ""normalize"": true, ""optimum_status"": ""ok"", ""seed"": 0, ""tau"": 18.0, ""valid_route"": true}"
tau_sweep,tau_sweep_random_asymmetric_n7_seed1,random_asymmetric,7,1,tn_exact,ok,"[6, 1, 2, 0, 5, 4, 3]",152.45913925614238,152.45913925614238,0.0,True,True,0.0215174999998453,268.43359375,268.43359375,0.0,20.0,,True,"{""finite_edges"": true, ""instance_metadata"": {""complete"": true, ""high"": 100.0, ""instance_type"": ""random_asymmetric"", ""low"": 1.0, ""n"": 7, ""seed"": 1, ""symmetric"": false}, ""n_layers"": null, ""normalization_factor"": 98.09298278032263, ""normalize"": true, ""optimum_status"": ""ok"", ""seed"": 0, ""tau"": 20.0, ""valid_route"": true}"
tau_sweep,tau_sweep_random_asymmetric_n7_seed1,random_asymmetric,7,1,tn_exact,ok,"[6, 1, 2, 0, 5, 4, 3]",152.45913925614238,152.45913925614238,0.0,True,True,0.0220691999998052,268.43359375,268.45703125,0.0234375,22.0,,True,"{""finite_edges"": true, ""instance_metadata"": {""complete"": true, ""high"": 100.0, ""instance_type"": ""random_asymmetric"", ""low"": 1.0, ""n"": 7, ""seed"": 1, ""symmetric"": false}, ""n_layers"": null, ""normalization_factor"": 98.09298278032263, ""normalize"": true, ""optimum_status"": ""ok"", ""seed"": 0, ""tau"": 22.0, ""valid_route"": true}"
tau_sweep,tau_sweep_random_asymmetric_n7_seed1,random_asymmetric,7,1,tn_exact,ok,"[6, 1, 2, 0, 5, 4, 3]",152.45913925614238,152.45913925614238,0.0,True,True,0.0224279999997634,268.45703125,268.51171875,0.0546875,24.0,,True,"{""finite_edges"": true, ""instance_metadata"": {""complete"": true, ""high"": 100.0, ""instance_type"": ""random_asymmetric"", ""low"": 1.0, ""n"": 7, ""seed"": 1, ""symmetric"": false}, ""n_layers"": null, ""normalization_factor"": 98.09298278032263, ""normalize"": true, ""optimum_status"": ""ok"", ""seed"": 0, ""tau"": 24.0, ""valid_route"": true}"
tau_sweep,tau_sweep_random_asymmetric_n7_seed1,random_asymmetric,7,1,tn_exact,ok,"[6, 1, 2, 0, 5, 4, 3]",152.45913925614238,152.45913925614238,0.0,True,True,0.0214461000000483,268.51171875,268.53125,0.01953125,26.0,,True,"{""finite_edges"": true, ""instance_metadata"": {""complete"": true, ""high"": 100.0, ""instance_type"": ""random_asymmetric"", ""low"": 1.0, ""n"": 7, ""seed"": 1, ""symmetric"": false}, ""n_layers"": null, ""normalization_factor"": 98.09298278032263, ""normalize"": true, ""optimum_status"": ""ok"", ""seed"": 0, ""tau"": 26.0, ""valid_route"": true}"
tau_sweep,tau_sweep_random_asymmetric_n7_seed1,random_asymmetric,7,1,tn_exact,ok,"[6, 1, 2, 0, 5, 4, 3]",152.45913925614238,152.45913925614238,0.0,True,True,0.0226104999997005,268.53515625,268.6328125,0.09765625,28.0,,True,"{""finite_edges"": true, ""instance_metadata"": {""complete"": true, ""high"": 100.0, ""instance_type"": ""random_asymmetric"", ""low"": 1.0, ""n"": 7, ""seed"": 1, ""symmetric"": false}, ""n_layers"": null, ""normalization_factor"": 98.09298278032263, ""normalize"": true, ""optimum_status"": ""ok"", ""seed"": 0, ""tau"": 28.0, ""valid_route"": true}"
tau_sweep,tau_sweep_random_asymmetric_n7_seed1,random_asymmetric,7,1,tn_exact,ok,"[6, 1, 2, 0, 5, 4, 3]",152.45913925614238,152.45913925614238,0.0,True,True,0.0218651999998655,268.6328125,268.71484375,0.08203125,30.0,,True,"{""finite_edges"": true, ""instance_metadata"": {""complete"": true, ""high"": 100.0, ""instance_type"": ""random_asymmetric"", ""low"": 1.0, ""n"": 7, ""seed"": 1, ""symmetric"": false}, ""n_layers"": null, ""normalization_factor"": 98.09298278032263, ""normalize"": true, ""optimum_status"": ""ok"", ""seed"": 0, ""tau"": 30.0, ""valid_route"": true}"
tau_sweep,tau_sweep_euclidean_n7_seed2,euclidean,7,2,tn_exact,ok,"[6, 2, 1, 5, 3, 0, 4]",2265.6881653206246,2265.688165320624,2.0071047633428915e-16,True,True,0.0221004999998513,268.71484375,268.73046875,0.015625,10.0,,True,"{""finite_edges"": true, ""instance_metadata"": {""complete"": true, ""instance_type"": ""euclidean"", ""n"": 7, ""points"": [[261.6121342493164, 298.4911434141233], [814.2257405942803, 91.91594213509691], [600.100525965654, 728.5605268117946], [187.90107336660344, 55.14662733306819], [274.9693679060381, 657.4330148755926], [562.265662780428, 150.06226330533613], [432.6307908047872, 669.2972985745203]], ""scale"": 1000.0, ""seed"": 2, ""symmetric"": true}, ""n_layers"": null, ""normalization_factor"": 789.553461606053, ""normalize"": true, ""optimum_status"": ""ok"", ""seed"": 0, ""tau"": 10.0, ""valid_route"": true}"
tau_sweep,tau_sweep_euclidean_n7_seed2,euclidean,7,2,tn_exact,ok,"[6, 2, 1, 5, 3, 0, 4]",2265.6881653206246,2265.688165320624,2.0071047633428915e-16,True,True,0.0225193999999646,268.73046875,268.80859375,0.078125,12.0,,True,"{""finite_edges"": true, ""instance_metadata"": {""complete"": true, ""instance_type"": ""euclidean"", ""n"": 7, ""points"": [[261.6121342493164, 298.4911434141233], [814.2257405942803, 91.91594213509691], [600.100525965654, 728.5605268117946], [187.90107336660344, 55.14662733306819], [274.9693679060381, 657.4330148755926], [562.265662780428, 150.06226330533613], [432.6307908047872, 669.2972985745203]], ""scale"": 1000.0, ""seed"": 2, ""symmetric"": true}, ""n_layers"": null, ""normalization_factor"": 789.553461606053, ""normalize"": true, ""optimum_status"": ""ok"", ""seed"": 0, ""tau"": 12.0, ""valid_route"": true}"
tau_sweep,tau_sweep_euclidean_n7_seed2,euclidean,7,2,tn_exact,ok,"[6, 2, 1, 5, 3, 0, 4]",2265.6881653206246,2265.688165320624,2.0071047633428915e-16,True,True,0.0216992999999092,268.80859375,268.81640625,0.0078125,14.0,,True,"{""finite_edges"": true, ""instance_metadata"": {""complete"": true, ""instance_type"": ""euclidean"", ""n"": 7, ""points"": [[261.6121342493164, 298.4911434141233], [814.2257405942803, 91.91594213509691], [600.100525965654, 728.5605268117946], [187.90107336660344, 55.14662733306819], [274.9693679060381, 657.4330148755926], [562.265662780428, 150.06226330533613], [432.6307908047872, 669.2972985745203]], ""scale"": 1000.0, ""seed"": 2, ""symmetric"": true}, ""n_layers"": null, ""normalization_factor"": 789.553461606053, ""normalize"": true, ""optimum_status"": ""ok"", ""seed"": 0, ""tau"": 14.0, ""valid_route"": true}"
tau_sweep,tau_sweep_euclidean_n7_seed2,euclidean,7,2,tn_exact,ok,"[6, 2, 1, 5, 3, 0, 4]",2265.6881653206246,2265.688165320624,2.0071047633428915e-16,True,True,0.0215985999998338,268.81640625,268.83203125,0.015625,16.0,,True,"{""finite_edges"": true, ""instance_metadata"": {""complete"": true, ""instance_type"": ""euclidean"", ""n"": 7, ""points"": [[261.6121342493164, 298.4911434141233], [814.2257405942803, 91.91594213509691], [600.100525965654, 728.5605268117946], [187.90107336660344, 55.14662733306819], [274.9693679060381, 657.4330148755926], [562.265662780428, 150.06226330533613], [432.6307908047872, 669.2972985745203]], ""scale"": 1000.0, ""seed"": 2, ""symmetric"": true}, ""n_layers"": null, ""normalization_factor"": 789.553461606053, ""normalize"": true, ""optimum_status"": ""ok"", ""seed"": 0, ""tau"": 16.0, ""valid_route"": true}"
tau_sweep,tau_sweep_euclidean_n7_seed2,euclidean,7,2,tn_exact,ok,"[6, 2, 1, 5, 3, 0, 4]",2265.6881653206246,2265.688165320624,2.0071047633428915e-16,True,True,0.0226862999998047,268.83203125,268.90625,0.07421875,18.0,,True,"{""finite_edges"": true, ""instance_metadata"": {""complete"": true, ""instance_type"": ""euclidean"", ""n"": 7, ""points"": [[261.6121342493164, 298.4911434141233], [814.2257405942803, 91.91594213509691], [600.100525965654, 728.5605268117946], [187.90107336660344, 55.14662733306819], [274.9693679060381, 657.4330148755926], [562.265662780428, 150.06226330533613], [432.6307908047872, 669.2972985745203]], ""scale"": 1000.0, ""seed"": 2, ""symmetric"": true}, ""n_layers"": null, ""normalization_factor"": 789.553461606053, ""normalize"": true, ""optimum_status"": ""ok"", ""seed"": 0, ""tau"": 18.0, ""valid_route"": true}"
tau_sweep,tau_sweep_euclidean_n7_seed2,euclidean,7,2,tn_exact,ok,"[6, 2, 1, 5, 3, 0, 4]",2265.6881653206246,2265.688165320624,2.0071047633428915e-16,True,True,0.0220664999997097,268.90625,268.921875,0.015625,20.0,,True,"{""finite_edges"": true, ""instance_metadata"": {""complete"": true, ""instance_type"": ""euclidean"", ""n"": 7, ""points"": [[261.6121342493164, 298.4911434141233], [814.2257405942803, 91.91594213509691], [600.100525965654, 728.5605268117946], [187.90107336660344, 55.14662733306819], [274.9693679060381, 657.4330148755926], [562.265662780428, 150.06226330533613], [432.6307908047872, 669.2972985745203]], ""scale"": 1000.0, ""seed"": 2, ""symmetric"": true}, ""n_layers"": null, ""normalization_factor"": 789.553461606053, ""normalize"": true, ""optimum_status"": ""ok"", ""seed"": 0, ""tau"": 20.0, ""valid_route"": true}"
tau_sweep,tau_sweep_euclidean_n7_seed2,euclidean,7,2,tn_exact,ok,"[6, 2, 1, 5, 3, 0, 4]",2265.6881653206246,2265.688165320624,2.0071047633428915e-16,True,True,0.0221987000004446,268.921875,269.02734375,0.10546875,22.0,,True,"{""finite_edges"": true, ""instance_metadata"": {""complete"": true, ""instance_type"": ""euclidean"", ""n"": 7, ""points"": [[261.6121342493164, 298.4911434141233], [814.2257405942803, 91.91594213509691], [600.100525965654, 728.5605268117946], [187.90107336660344, 55.14662733306819], [274.9693679060381, 657.4330148755926], [562.265662780428, 150.06226330533613], [432.6307908047872, 669.2972985745203]], ""scale"": 1000.0, ""seed"": 2, ""symmetric"": true}, ""n_layers"": null, ""normalization_factor"": 789.553461606053, ""normalize"": true, ""optimum_status"": ""ok"", ""seed"": 0, ""tau"": 22.0, ""valid_route"": true}"
tau_sweep,tau_sweep_euclidean_n7_seed2,euclidean,7,2,tn_exact,ok,"[6, 2, 1, 5, 3, 0, 4]",2265.6881653206246,2265.688165320624,2.0071047633428915e-16,True,True,0.0212397999998756,269.02734375,269.11328125,0.0859375,24.0,,True,"{""finite_edges"": true, ""instance_metadata"": {""complete"": true, ""instance_type"": ""euclidean"", ""n"": 7, ""points"": [[261.6121342493164, 298.4911434141233], [814.2257405942803, 91.91594213509691], [600.100525965654, 728.5605268117946], [187.90107336660344, 55.14662733306819], [274.9693679060381, 657.4330148755926], [562.265662780428, 150.06226330533613], [432.6307908047872, 669.2972985745203]], ""scale"": 1000.0, ""seed"": 2, ""symmetric"": true}, ""n_layers"": null, ""normalization_factor"": 789.553461606053, ""normalize"": true, ""optimum_status"": ""ok"", ""seed"": 0, ""tau"": 24.0, ""valid_route"": true}"
tau_sweep,tau_sweep_euclidean_n7_seed2,euclidean,7,2,tn_exact,ok,"[6, 2, 1, 5, 3, 0, 4]",2265.6881653206246,2265.688165320624,2.0071047633428915e-16,True,True,0.0205128000002332,269.11328125,269.11328125,0.0,26.0,,True,"{""finite_edges"": true, ""instance_metadata"": {""complete"": true, ""instance_type"": ""euclidean"", ""n"": 7, ""points"": [[261.6121342493164, 298.4911434141233], [814.2257405942803, 91.91594213509691], [600.100525965654, 728.5605268117946], [187.90107336660344, 55.14662733306819], [274.9693679060381, 657.4330148755926], [562.265662780428, 150.06226330533613], [432.6307908047872, 669.2972985745203]], ""scale"": 1000.0, ""seed"": 2, ""symmetric"": true}, ""n_layers"": null, ""normalization_factor"": 789.553461606053, ""normalize"": true, ""optimum_status"": ""ok"", ""seed"": 0, ""tau"": 26.0, ""valid_route"": true}"
tau_sweep,tau_sweep_euclidean_n7_seed2,euclidean,7,2,tn_exact,ok,"[6, 2, 1, 5, 3, 0, 4]",2265.6881653206246,2265.688165320624,2.0071047633428915e-16,True,True,0.0217400000001362,269.11328125,269.1328125,0.01953125,28.0,,True,"{""finite_edges"": true, ""instance_metadata"": {""complete"": true, ""instance_type"": ""euclidean"", ""n"": 7, ""points"": [[261.6121342493164, 298.4911434141233], [814.2257405942803, 91.91594213509691], [600.100525965654, 728.5605268117946], [187.90107336660344, 55.14662733306819], [274.9693679060381, 657.4330148755926], [562.265662780428, 150.06226330533613], [432.6307908047872, 669.2972985745203]], ""scale"": 1000.0, ""seed"": 2, ""symmetric"": true}, ""n_layers"": null, ""normalization_factor"": 789.553461606053, ""normalize"": true, ""optimum_status"": ""ok"", ""seed"": 0, ""tau"": 28.0, ""valid_route"": true}"
tau_sweep,tau_sweep_euclidean_n7_seed2,euclidean,7,2,tn_exact,ok,"[6, 2, 1, 5, 3, 0, 4]",2265.6881653206246,2265.688165320624,2.0071047633428915e-16,True,True,0.0220113999998829,269.1328125,269.14453125,0.01171875,30.0,,True,"{""finite_edges"": true, ""instance_metadata"": {""complete"": true, ""instance_type"": ""euclidean"", ""n"": 7, ""points"": [[261.6121342493164, 298.4911434141233], [814.2257405942803, 91.91594213509691], [600.100525965654, 728.5605268117946], [187.90107336660344, 55.14662733306819], [274.9693679060381, 657.4330148755926], [562.265662780428, 150.06226330533613], [432.6307908047872, 669.2972985745203]], ""scale"": 1000.0, ""seed"": 2, ""symmetric"": true}, ""n_layers"": null, ""normalization_factor"": 789.553461606053, ""normalize"": true, ""optimum_status"": ""ok"", ""seed"": 0, ""tau"": 30.0, ""valid_route"": true}"
tau_sweep,tau_sweep_random_symmetric_n7_seed2,random_symmetric,7,2,tn_exact,ok,"[6, 5, 2, 4, 1, 0, 3]",227.1848319161639,227.1848319161639,0.0,True,True,0.0658879999996315,269.15625,269.1796875,0.0234375,10.0,,True,"{""finite_edges"": true, ""instance_metadata"": {""complete"": true, ""high"": 100.0, ""instance_type"": ""random_symmetric"", ""low"": 1.0, ""n"": 7, ""seed"": 2, ""symmetric"": true}, ""n_layers"": null, ""normalization_factor"": 90.52899522465833, ""normalize"": true, ""optimum_status"": ""ok"", ""seed"": 0, ""tau"": 10.0, ""valid_route"": true}"
tau_sweep,tau_sweep_random_symmetric_n7_seed2,random_symmetric,7,2,tn_exact,ok,"[6, 5, 2, 4, 1, 0, 3]",227.1848319161639,227.1848319161639,0.0,True,True,0.0209039000001212,269.1796875,269.1796875,0.0,12.0,,True,"{""finite_edges"": true, ""instance_metadata"": {""complete"": true, ""high"": 100.0, ""instance_type"": ""random_symmetric"", ""low"": 1.0, ""n"": 7, ""seed"": 2, ""symmetric"": true}, ""n_layers"": null, ""normalization_factor"": 90.52899522465833, ""normalize"": true, ""optimum_status"": ""ok"", ""seed"": 0, ""tau"": 12.0, ""valid_route"": true}"
tau_sweep,tau_sweep_random_symmetric_n7_seed2,random_symmetric,7,2,tn_exact,ok,"[6, 5, 2, 4, 1, 0, 3]",227.1848319161639,227.1848319161639,0.0,True,True,0.0220890000000508,269.1796875,269.18359375,0.00390625,14.0,,True,"{""finite_edges"": true, ""instance_metadata"": {""complete"": true, ""high"": 100.0, ""instance_type"": ""random_symmetric"", ""low"": 1.0, ""n"": 7, ""seed"": 2, ""symmetric"": true}, ""n_layers"": null, ""normalization_factor"": 90.52899522465833, ""normalize"": true, ""optimum_status"": ""ok"", ""seed"": 0, ""tau"": 14.0, ""valid_route"": true}"
tau_sweep,tau_sweep_random_symmetric_n7_seed2,random_symmetric,7,2,tn_exact,ok,"[6, 5, 2, 4, 1, 0, 3]",227.1848319161639,227.1848319161639,0.0,True,True,0.0214427000000796,269.18359375,269.1875,0.00390625,16.0,,True,"{""finite_edges"": true, ""instance_metadata"": {""complete"": true, ""high"": 100.0, ""instance_type"": ""random_symmetric"", ""low"": 1.0, ""n"": 7, ""seed"": 2, ""symmetric"": true}, ""n_layers"": null, ""normalization_factor"": 90.52899522465833, ""normalize"": true, ""optimum_status"": ""ok"", ""seed"": 0, ""tau"": 16.0, ""valid_route"": true}"
tau_sweep,tau_sweep_random_symmetric_n7_seed2,random_symmetric,7,2,tn_exact,ok,"[6, 5, 2, 4, 1, 0, 3]",227.1848319161639,227.1848319161639,0.0,True,True,0.0212173999998412,269.1875,269.1875,0.0,18.0,,True,"{""finite_edges"": true, ""instance_metadata"": {""complete"": true, ""high"": 100.0, ""instance_type"": ""random_symmetric"", ""low"": 1.0, ""n"": 7, ""seed"": 2, ""symmetric"": true}, ""n_layers"": null, ""normalization_factor"": 90.52899522465833, ""normalize"": true, ""optimum_status"": ""ok"", ""seed"": 0, ""tau"": 18.0, ""valid_route"": true}"
tau_sweep,tau_sweep_random_symmetric_n7_seed2,random_symmetric,7,2,tn_exact,ok,"[6, 5, 2, 4, 1, 0, 3]",227.1848319161639,227.1848319161639,0.0,True,True,0.021077299999888,269.1875,269.1875,0.0,20.0,,True,"{""finite_edges"": true, ""instance_metadata"": {""complete"": true, ""high"": 100.0, ""instance_type"": ""random_symmetric"", ""low"": 1.0, ""n"": 7, ""seed"": 2, ""symmetric"": true}, ""n_layers"": null, ""normalization_factor"": 90.52899522465833, ""normalize"": true, ""optimum_status"": ""ok"", ""seed"": 0, ""tau"": 20.0, ""valid_route"": true}"
tau_sweep,tau_sweep_random_symmetric_n7_seed2,random_symmetric,7,2,tn_exact,ok,"[6, 5, 2, 4, 1, 0, 3]",227.1848319161639,227.1848319161639,0.0,True,True,0.0230690999997023,269.1875,269.1875,0.0,22.0,,True,"{""finite_edges"": true, ""instance_metadata"": {""complete"": true, ""high"": 100.0, ""instance_type"": ""random_symmetric"", ""low"": 1.0, ""n"": 7, ""seed"": 2, ""symmetric"": true}, ""n_layers"": null, ""normalization_factor"": 90.52899522465833, ""normalize"": true, ""optimum_status"": ""ok"", ""seed"": 0, ""tau"": 22.0, ""valid_route"": true}"
tau_sweep,tau_sweep_random_symmetric_n7_seed2,random_symmetric,7,2,tn_exact,ok,"[6, 5, 2, 4, 1, 0, 3]",227.1848319161639,227.1848319161639,0.0,True,True,0.0214004000004024,269.19140625,269.19140625,0.0,24.0,,True,"{""finite_edges"": true, ""instance_metadata"": {""complete"": true, ""high"": 100.0, ""instance_type"": ""random_symmetric"", ""low"": 1.0, ""n"": 7, ""seed"": 2, ""symmetric"": true}, ""n_layers"": null, ""normalization_factor"": 90.52899522465833, ""normalize"": true, ""optimum_status"": ""ok"", ""seed"": 0, ""tau"": 24.0, ""valid_route"": true}"
tau_sweep,tau_sweep_random_symmetric_n7_seed2,random_symmetric,7,2,tn_exact,ok,"[6, 5, 2, 4, 1, 0, 3]",227.1848319161639,227.1848319161639,0.0,True,True,0.0216838000001189,269.19140625,269.20703125,0.015625,26.0,,True,"{""finite_edges"": true, ""instance_metadata"": {""complete"": true, ""high"": 100.0, ""instance_type"": ""random_symmetric"", ""low"": 1.0, ""n"": 7, ""seed"": 2, ""symmetric"": true}, ""n_layers"": null, ""normalization_factor"": 90.52899522465833, ""normalize"": true, ""optimum_status"": ""ok"", ""seed"": 0, ""tau"": 26.0, ""valid_route"": true}"
tau_sweep,tau_sweep_random_symmetric_n7_seed2,random_symmetric,7,2,tn_exact,ok,"[6, 5, 2, 4, 1, 0, 3]",227.1848319161639,227.1848319161639,0.0,True,True,0.0214787999998407,269.20703125,269.20703125,0.0,28.0,,True,"{""finite_edges"": true, ""instance_metadata"": {""complete"": true, ""high"": 100.0, ""instance_type"": ""random_symmetric"", ""low"": 1.0, ""n"": 7, ""seed"": 2, ""symmetric"": true}, ""n_layers"": null, ""normalization_factor"": 90.52899522465833, ""normalize"": true, ""optimum_status"": ""ok"", ""seed"": 0, ""tau"": 28.0, ""valid_route"": true}"
tau_sweep,tau_sweep_random_symmetric_n7_seed2,random_symmetric,7,2,tn_exact,ok,"[6, 5, 2, 4, 1, 0, 3]",227.1848319161639,227.1848319161639,0.0,True,True,0.021286599999712,269.20703125,269.2109375,0.00390625,30.0,,True,"{""finite_edges"": true, ""instance_metadata"": {""complete"": true, ""high"": 100.0, ""instance_type"": ""random_symmetric"", ""low"": 1.0, ""n"": 7, ""seed"": 2, ""symmetric"": true}, ""n_layers"": null, ""normalization_factor"": 90.52899522465833, ""normalize"": true, ""optimum_status"": ""ok"", ""seed"": 0, ""tau"": 30.0, ""valid_route"": true}"
tau_sweep,tau_sweep_random_asymmetric_n7_seed2,random_asymmetric,7,2,tn_exact,ok,"[6, 5, 4, 1, 0, 3, 2]",207.7264890192432,207.7264890192432,0.0,True,True,0.0221333999998023,269.2109375,269.21484375,0.00390625,10.0,,True,"{""finite_edges"": true, ""instance_metadata"": {""complete"": true, ""high"": 100.0, ""instance_type"": ""random_asymmetric"", ""low"": 1.0, ""n"": 7, ""seed"": 2, ""symmetric"": false}, ""n_layers"": null, ""normalization_factor"": 92.49747275417559, ""normalize"": true, ""optimum_status"": ""ok"", ""seed"": 0, ""tau"": 10.0, ""valid_route"": true}"
tau_sweep,tau_sweep_random_asymmetric_n7_seed2,random_asymmetric,7,2,tn_exact,ok,"[6, 5, 4, 1, 0, 3, 2]",207.7264890192432,207.7264890192432,0.0,True,True,0.0234666000001197,269.21484375,269.21484375,0.0,12.0,,True,"{""finite_edges"": true, ""instance_metadata"": {""complete"": true, ""high"": 100.0, ""instance_type"": ""random_asymmetric"", ""low"": 1.0, ""n"": 7, ""seed"": 2, ""symmetric"": false}, ""n_layers"": null, ""normalization_factor"": 92.49747275417559, ""normalize"": true, ""optimum_status"": ""ok"", ""seed"": 0, ""tau"": 12.0, ""valid_route"": true}"
tau_sweep,tau_sweep_random_asymmetric_n7_seed2,random_asymmetric,7,2,tn_exact,ok,"[6, 5, 4, 1, 0, 3, 2]",207.7264890192432,207.7264890192432,0.0,True,True,0.0216245999999955,269.21484375,269.21484375,0.0,14.0,,True,"{""finite_edges"": true, ""instance_metadata"": {""complete"": true, ""high"": 100.0, ""instance_type"": ""random_asymmetric"", ""low"": 1.0, ""n"": 7, ""seed"": 2, ""symmetric"": false}, ""n_layers"": null, ""normalization_factor"": 92.49747275417559, ""normalize"": true, ""optimum_status"": ""ok"", ""seed"": 0, ""tau"": 14.0, ""valid_route"": true}"
tau_sweep,tau_sweep_random_asymmetric_n7_seed2,random_asymmetric,7,2,tn_exact,ok,"[6, 5, 4, 1, 0, 3, 2]",207.7264890192432,207.7264890192432,0.0,True,True,0.022084299999733,269.21484375,269.21875,0.00390625,16.0,,True,"{""finite_edges"": true, ""instance_metadata"": {""complete"": true, ""high"": 100.0, ""instance_type"": ""random_asymmetric"", ""low"": 1.0, ""n"": 7, ""seed"": 2, ""symmetric"": false}, ""n_layers"": null, ""normalization_factor"": 92.49747275417559, ""normalize"": true, ""optimum_status"": ""ok"", ""seed"": 0, ""tau"": 16.0, ""valid_route"": true}"
tau_sweep,tau_sweep_random_asymmetric_n7_seed2,random_asymmetric,7,2,tn_exact,ok,"[6, 5, 4, 1, 0, 3, 2]",207.7264890192432,207.7264890192432,0.0,True,True,0.0216675000001487,269.21875,269.21875,0.0,18.0,,True,"{""finite_edges"": true, ""instance_metadata"": {""complete"": true, ""high"": 100.0, ""instance_type"": ""random_asymmetric"", ""low"": 1.0, ""n"": 7, ""seed"": 2, ""symmetric"": false}, ""n_layers"": null, ""normalization_factor"": 92.49747275417559, ""normalize"": true, ""optimum_status"": ""ok"", ""seed"": 0, ""tau"": 18.0, ""valid_route"": true}"
tau_sweep,tau_sweep_random_asymmetric_n7_seed2,random_asymmetric,7,2,tn_exact,ok,"[6, 5, 4, 1, 0, 3, 2]",207.7264890192432,207.7264890192432,0.0,True,True,0.0214703999999983,269.22265625,269.22265625,0.0,20.0,,True,"{""finite_edges"": true, ""instance_metadata"": {""complete"": true, ""high"": 100.0, ""instance_type"": ""random_asymmetric"", ""low"": 1.0, ""n"": 7, ""seed"": 2, ""symmetric"": false}, ""n_layers"": null, ""normalization_factor"": 92.49747275417559, ""normalize"": true, ""optimum_status"": ""ok"", ""seed"": 0, ""tau"": 20.0, ""valid_route"": true}"
tau_sweep,tau_sweep_random_asymmetric_n7_seed2,random_asymmetric,7,2,tn_exact,ok,"[6, 5, 4, 1, 0, 3, 2]",207.7264890192432,207.7264890192432,0.0,True,True,0.0209530000001905,269.22265625,269.2265625,0.00390625,22.0,,True,"{""finite_edges"": true, ""instance_metadata"": {""complete"": true, ""high"": 100.0, ""instance_type"": ""random_asymmetric"", ""low"": 1.0, ""n"": 7, ""seed"": 2, ""symmetric"": false}, ""n_layers"": null, ""normalization_factor"": 92.49747275417559, ""normalize"": true, ""optimum_status"": ""ok"", ""seed"": 0, ""tau"": 22.0, ""valid_route"": true}"
tau_sweep,tau_sweep_random_asymmetric_n7_seed2,random_asymmetric,7,2,tn_exact,ok,"[6, 5, 4, 1, 0, 3, 2]",207.7264890192432,207.7264890192432,0.0,True,True,0.0212799000000813,269.2265625,269.2265625,0.0,24.0,,True,"{""finite_edges"": true, ""instance_metadata"": {""complete"": true, ""high"": 100.0, ""instance_type"": ""random_asymmetric"", ""low"": 1.0, ""n"": 7, ""seed"": 2, ""symmetric"": false}, ""n_layers"": null, ""normalization_factor"": 92.49747275417559, ""normalize"": true, ""optimum_status"": ""ok"", ""seed"": 0, ""tau"": 24.0, ""valid_route"": true}"
tau_sweep,tau_sweep_random_asymmetric_n7_seed2,random_asymmetric,7,2,tn_exact,ok,"[6, 5, 4, 1, 0, 3, 2]",207.7264890192432,207.7264890192432,0.0,True,True,0.0211778000002595,269.2265625,269.2265625,0.0,26.0,,True,"{""finite_edges"": true, ""instance_metadata"": {""complete"": true, ""high"": 100.0, ""instance_type"": ""random_asymmetric"", ""low"": 1.0, ""n"": 7, ""seed"": 2, ""symmetric"": false}, ""n_layers"": null, ""normalization_factor"": 92.49747275417559, ""normalize"": true, ""optimum_status"": ""ok"", ""seed"": 0, ""tau"": 26.0, ""valid_route"": true}"
tau_sweep,tau_sweep_random_asymmetric_n7_seed2,random_asymmetric,7,2,tn_exact,ok,"[6, 5, 4, 1, 0, 3, 2]",207.7264890192432,207.7264890192432,0.0,True,True,0.0208794000000125,269.2265625,269.2265625,0.0,28.0,,True,"{""finite_edges"": true, ""instance_metadata"": {""complete"": true, ""high"": 100.0, ""instance_type"": ""random_asymmetric"", ""low"": 1.0, ""n"": 7, ""seed"": 2, ""symmetric"": false}, ""n_layers"": null, ""normalization_factor"": 92.49747275417559, ""normalize"": true, ""optimum_status"": ""ok"", ""seed"": 0, ""tau"": 28.0, ""valid_route"": true}"
tau_sweep,tau_sweep_random_asymmetric_n7_seed2,random_asymmetric,7,2,tn_exact,ok,"[6, 5, 4, 1, 0, 3, 2]",207.7264890192432,207.7264890192432,0.0,True,True,0.0210496999998213,269.2265625,269.2265625,0.0,30.0,,True,"{""finite_edges"": true, ""instance_metadata"": {""complete"": true, ""high"": 100.0, ""instance_type"": ""random_asymmetric"", ""low"": 1.0, ""n"": 7, ""seed"": 2, ""symmetric"": false}, ""n_layers"": null, ""normalization_factor"": 92.49747275417559, ""normalize"": true, ""optimum_status"": ""ok"", ""seed"": 0, ""tau"": 30.0, ""valid_route"": true}"
tau_sweep,tau_sweep_euclidean_n7_seed3,euclidean,7,3,tn_exact,ok,"[6, 5, 2, 0, 3, 4, 1]",2089.933115227256,2089.933115227256,0.0,True,True,0.0213534999998046,269.2265625,269.234375,0.0078125,10.0,,True,"{""finite_edges"": true, ""instance_metadata"": {""complete"": true, ""instance_type"": ""euclidean"", ""n"": 7, ""points"": [[85.64916714362437, 236.8105065960997], [801.2744652063969, 582.1620360643678], [94.12864224039919, 433.1269402364738], [479.05129814083404, 159.73891463707858], [734.5771514092145, 113.6720199214034], [391.22819049566203, 516.7401826213637], [430.6280204141778, 586.7985714381407]], ""scale"": 1000.0, ""seed"": 3, ""symmetric"": true}, ""n_layers"": null, ""normalization_factor"": 794.5987957035325, ""normalize"": true, ""optimum_status"": ""ok"", ""seed"": 0, ""tau"": 10.0, ""valid_route"": true}"
tau_sweep,tau_sweep_euclidean_n7_seed3,euclidean,7,3,tn_exact,ok,"[6, 5, 2, 0, 3, 4, 1]",2089.933115227256,2089.933115227256,0.0,True,True,0.021658699999989,269.234375,269.23828125,0.00390625,12.0,,True,"{""finite_edges"": true, ""instance_metadata"": {""complete"": true, ""instance_type"": ""euclidean"", ""n"": 7, ""points"": [[85.64916714362437, 236.8105065960997], [801.2744652063969, 582.1620360643678], [94.12864224039919, 433.1269402364738], [479.05129814083404, 159.73891463707858], [734.5771514092145, 113.6720199214034], [391.22819049566203, 516.7401826213637], [430.6280204141778, 586.7985714381407]], ""scale"": 1000.0, ""seed"": 3, ""symmetric"": true}, ""n_layers"": null, ""normalization_factor"": 794.5987957035325, ""normalize"": true, ""optimum_status"": ""ok"", ""seed"": 0, ""tau"": 12.0, ""valid_route"": true}"
tau_sweep,tau_sweep_euclidean_n7_seed3,euclidean,7,3,tn_exact,ok,"[6, 5, 2, 0, 3, 4, 1]",2089.933115227256,2089.933115227256,0.0,True,True,0.0221258999999918,269.23828125,269.23828125,0.0,14.0,,True,"{""finite_edges"": true, ""instance_metadata"": {""complete"": true, ""instance_type"": ""euclidean"", ""n"": 7, ""points"": [[85.64916714362437, 236.8105065960997], [801.2744652063969, 582.1620360643678], [94.12864224039919, 433.1269402364738], [479.05129814083404, 159.73891463707858], [734.5771514092145, 113.6720199214034], [391.22819049566203, 516.7401826213637], [430.6280204141778, 586.7985714381407]], ""scale"": 1000.0, ""seed"": 3, ""symmetric"": true}, ""n_layers"": null, ""normalization_factor"": 794.5987957035325, ""normalize"": true, ""optimum_status"": ""ok"", ""seed"": 0, ""tau"": 14.0, ""valid_route"": true}"
tau_sweep,tau_sweep_euclidean_n7_seed3,euclidean,7,3,tn_exact,ok,"[6, 5, 2, 0, 3, 4, 1]",2089.933115227256,2089.933115227256,0.0,True,True,0.0216149000002587,269.23828125,269.23828125,0.0,16.0,,True,"{""finite_edges"": true, ""instance_metadata"": {""complete"": true, ""instance_type"": ""euclidean"", ""n"": 7, ""points"": [[85.64916714362437, 236.8105065960997], [801.2744652063969, 582.1620360643678], [94.12864224039919, 433.1269402364738], [479.05129814083404, 159.73891463707858], [734.5771514092145, 113.6720199214034], [391.22819049566203, 516.7401826213637], [430.6280204141778, 586.7985714381407]], ""scale"": 1000.0, ""seed"": 3, ""symmetric"": true}, ""n_layers"": null, ""normalization_factor"": 794.5987957035325, ""normalize"": true, ""optimum_status"": ""ok"", ""seed"": 0, ""tau"": 16.0, ""valid_route"": true}"
tau_sweep,tau_sweep_euclidean_n7_seed3,euclidean,7,3,tn_exact,ok,"[6, 5, 2, 0, 3, 4, 1]",2089.933115227256,2089.933115227256,0.0,True,True,0.021222200000011,269.23828125,269.23828125,0.0,18.0,,True,"{""finite_edges"": true, ""instance_metadata"": {""complete"": true, ""instance_type"": ""euclidean"", ""n"": 7, ""points"": [[85.64916714362437, 236.8105065960997], [801.2744652063969, 582.1620360643678], [94.12864224039919, 433.1269402364738], [479.05129814083404, 159.73891463707858], [734.5771514092145, 113.6720199214034], [391.22819049566203, 516.7401826213637], [430.6280204141778, 586.7985714381407]], ""scale"": 1000.0, ""seed"": 3, ""symmetric"": true}, ""n_layers"": null, ""normalization_factor"": 794.5987957035325, ""normalize"": true, ""optimum_status"": ""ok"", ""seed"": 0, ""tau"": 18.0, ""valid_route"": true}"
tau_sweep,tau_sweep_euclidean_n7_seed3,euclidean,7,3,tn_exact,ok,"[6, 5, 2, 0, 3, 4, 1]",2089.933115227256,2089.933115227256,0.0,True,True,0.0213004000002001,269.23828125,269.23828125,0.0,20.0,,True,"{""finite_edges"": true, ""instance_metadata"": {""complete"": true, ""instance_type"": ""euclidean"", ""n"": 7, ""points"": [[85.64916714362437, 236.8105065960997], [801.2744652063969, 582.1620360643678], [94.12864224039919, 433.1269402364738], [479.05129814083404, 159.73891463707858], [734.5771514092145, 113.6720199214034], [391.22819049566203, 516.7401826213637], [430.6280204141778, 586.7985714381407]], ""scale"": 1000.0, ""seed"": 3, ""symmetric"": true}, ""n_layers"": null, ""normalization_factor"": 794.5987957035325, ""normalize"": true, ""optimum_status"": ""ok"", ""seed"": 0, ""tau"": 20.0, ""valid_route"": true}"
tau_sweep,tau_sweep_euclidean_n7_seed3,euclidean,7,3,tn_exact,ok,"[6, 5, 2, 0, 3, 4, 1]",2089.933115227256,2089.933115227256,0.0,True,True,0.0202435000001059,269.23828125,269.23828125,0.0,22.0,,True,"{""finite_edges"": true, ""instance_metadata"": {""complete"": true, ""instance_type"": ""euclidean"", ""n"": 7, ""points"": [[85.64916714362437, 236.8105065960997], [801.2744652063969, 582.1620360643678], [94.12864224039919, 433.1269402364738], [479.05129814083404, 159.73891463707858], [734.5771514092145, 113.6720199214034], [391.22819049566203, 516.7401826213637], [430.6280204141778, 586.7985714381407]], ""scale"": 1000.0, ""seed"": 3, ""symmetric"": true}, ""n_layers"": null, ""normalization_factor"": 794.5987957035325, ""normalize"": true, ""optimum_status"": ""ok"", ""seed"": 0, ""tau"": 22.0, ""valid_route"": true}"
tau_sweep,tau_sweep_euclidean_n7_seed3,euclidean,7,3,tn_exact,ok,"[6, 5, 2, 0, 3, 4, 1]",2089.933115227256,2089.933115227256,0.0,True,True,0.0206844999997883,269.23828125,269.23828125,0.0,24.0,,True,"{""finite_edges"": true, ""instance_metadata"": {""complete"": true, ""instance_type"": ""euclidean"", ""n"": 7, ""points"": [[85.64916714362437, 236.8105065960997], [801.2744652063969, 582.1620360643678], [94.12864224039919, 433.1269402364738], [479.05129814083404, 159.73891463707858], [734.5771514092145, 113.6720199214034], [391.22819049566203, 516.7401826213637], [430.6280204141778, 586.7985714381407]], ""scale"": 1000.0, ""seed"": 3, ""symmetric"": true}, ""n_layers"": null, ""normalization_factor"": 794.5987957035325, ""normalize"": true, ""optimum_status"": ""ok"", ""seed"": 0, ""tau"": 24.0, ""valid_route"": true}"
tau_sweep,tau_sweep_euclidean_n7_seed3,euclidean,7,3,tn_exact,ok,"[6, 5, 2, 0, 3, 4, 1]",2089.933115227256,2089.933115227256,0.0,True,True,0.0204264999997576,269.23828125,269.23828125,0.0,26.0,,True,"{""finite_edges"": true, ""instance_metadata"": {""complete"": true, ""instance_type"": ""euclidean"", ""n"": 7, ""points"": [[85.64916714362437, 236.8105065960997], [801.2744652063969, 582.1620360643678], [94.12864224039919, 433.1269402364738], [479.05129814083404, 159.73891463707858], [734.5771514092145, 113.6720199214034], [391.22819049566203, 516.7401826213637], [430.6280204141778, 586.7985714381407]], ""scale"": 1000.0, ""seed"": 3, ""symmetric"": true}, ""n_layers"": null, ""normalization_factor"": 794.5987957035325, ""normalize"": true, ""optimum_status"": ""ok"", ""seed"": 0, ""tau"": 26.0, ""valid_route"": true}"
tau_sweep,tau_sweep_euclidean_n7_seed3,euclidean,7,3,tn_exact,ok,"[6, 5, 2, 0, 3, 4, 1]",2089.933115227256,2089.933115227256,0.0,True,True,0.0207798000001275,269.23828125,269.23828125,0.0,28.0,,True,"{""finite_edges"": true, ""instance_metadata"": {""complete"": true, ""instance_type"": ""euclidean"", ""n"": 7, ""points"": [[85.64916714362437, 236.8105065960997], [801.2744652063969, 582.1620360643678], [94.12864224039919, 433.1269402364738], [479.05129814083404, 159.73891463707858], [734.5771514092145, 113.6720199214034], [391.22819049566203, 516.7401826213637], [430.6280204141778, 586.7985714381407]], ""scale"": 1000.0, ""seed"": 3, ""symmetric"": true}, ""n_layers"": null, ""normalization_factor"": 794.5987957035325, ""normalize"": true, ""optimum_status"": ""ok"", ""seed"": 0, ""tau"": 28.0, ""valid_route"": true}"
tau_sweep,tau_sweep_euclidean_n7_seed3,euclidean,7,3,tn_exact,ok,"[6, 5, 2, 0, 3, 4, 1]",2089.933115227256,2089.933115227256,0.0,True,True,0.025414499999897,269.23828125,269.23828125,0.0,30.0,,True,"{""finite_edges"": true, ""instance_metadata"": {""complete"": true, ""instance_type"": ""euclidean"", ""n"": 7, ""points"": [[85.64916714362437, 236.8105065960997], [801.2744652063969, 582.1620360643678], [94.12864224039919, 433.1269402364738], [479.05129814083404, 159.73891463707858], [734.5771514092145, 113.6720199214034], [391.22819049566203, 516.7401826213637], [430.6280204141778, 586.7985714381407]], ""scale"": 1000.0, ""seed"": 3, ""symmetric"": true}, ""n_layers"": null, ""normalization_factor"": 794.5987957035325, ""normalize"": true, ""optimum_status"": ""ok"", ""seed"": 0, ""tau"": 30.0, ""valid_route"": true}"
tau_sweep,tau_sweep_random_symmetric_n7_seed3,random_symmetric,7,3,tn_exact,ok,"[6, 2, 3, 4, 0, 1, 5]",208.88075868331995,208.88075868331995,0.0,True,True,0.0288936999995712,269.23828125,269.23828125,0.0,10.0,,True,"{""finite_edges"": true, ""instance_metadata"": {""complete"": true, ""high"": 100.0, ""instance_type"": ""random_symmetric"", ""low"": 1.0, ""n"": 7, ""seed"": 3, ""symmetric"": true}, ""n_layers"": null, ""normalization_factor"": 78.00330438612363, ""normalize"": true, ""optimum_status"": ""ok"", ""seed"": 0, ""tau"": 10.0, ""valid_route"": true}"
tau_sweep,tau_sweep_random_symmetric_n7_seed3,random_symmetric,7,3,tn_exact,ok,"[6, 2, 3, 4, 0, 1, 5]",208.88075868331995,208.88075868331995,0.0,True,True,0.02465200000006,269.23828125,269.23828125,0.0,12.0,,True,"{""finite_edges"": true, ""instance_metadata"": {""complete"": true, ""high"": 100.0, ""instance_type"": ""random_symmetric"", ""low"": 1.0, ""n"": 7, ""seed"": 3, ""symmetric"": true}, ""n_layers"": null, ""normalization_factor"": 78.00330438612363, ""normalize"": true, ""optimum_status"": ""ok"", ""seed"": 0, ""tau"": 12.0, ""valid_route"": true}"
tau_sweep,tau_sweep_random_symmetric_n7_seed3,random_symmetric,7,3,tn_exact,ok,"[6, 2, 3, 4, 0, 1, 5]",208.88075868331995,208.88075868331995,0.0,True,True,0.02606569999989,269.23828125,269.23828125,0.0,14.0,,True,"{""finite_edges"": true, ""instance_metadata"": {""complete"": true, ""high"": 100.0, ""instance_type"": ""random_symmetric"", ""low"": 1.0, ""n"": 7, ""seed"": 3, ""symmetric"": true}, ""n_layers"": null, ""normalization_factor"": 78.00330438612363, ""normalize"": true, ""optimum_status"": ""ok"", ""seed"": 0, ""tau"": 14.0, ""valid_route"": true}"
tau_sweep,tau_sweep_random_symmetric_n7_seed3,random_symmetric,7,3,tn_exact,ok,"[6, 2, 3, 4, 0, 1, 5]",208.88075868331995,208.88075868331995,0.0,True,True,0.0247475000001031,269.23828125,269.23828125,0.0,16.0,,True,"{""finite_edges"": true, ""instance_metadata"": {""complete"": true, ""high"": 100.0, ""instance_type"": ""random_symmetric"", ""low"": 1.0, ""n"": 7, ""seed"": 3, ""symmetric"": true}, ""n_layers"": null, ""normalization_factor"": 78.00330438612363, ""normalize"": true, ""optimum_status"": ""ok"", ""seed"": 0, ""tau"": 16.0, ""valid_route"": true}"
tau_sweep,tau_sweep_random_symmetric_n7_seed3,random_symmetric,7,3,tn_exact,ok,"[6, 2, 3, 4, 0, 1, 5]",208.88075868331995,208.88075868331995,0.0,True,True,0.0249091000000589,269.23828125,269.23828125,0.0,18.0,,True,"{""finite_edges"": true, ""instance_metadata"": {""complete"": true, ""high"": 100.0, ""instance_type"": ""random_symmetric"", ""low"": 1.0, ""n"": 7, ""seed"": 3, ""symmetric"": true}, ""n_layers"": null, ""normalization_factor"": 78.00330438612363, ""normalize"": true, ""optimum_status"": ""ok"", ""seed"": 0, ""tau"": 18.0, ""valid_route"": true}"
tau_sweep,tau_sweep_random_symmetric_n7_seed3,random_symmetric,7,3,tn_exact,ok,"[6, 2, 3, 4, 0, 1, 5]",208.88075868331995,208.88075868331995,0.0,True,True,0.0232323000000178,269.23828125,269.23828125,0.0,20.0,,True,"{""finite_edges"": true, ""instance_metadata"": {""complete"": true, ""high"": 100.0, ""instance_type"": ""random_symmetric"", ""low"": 1.0, ""n"": 7, ""seed"": 3, ""symmetric"": true}, ""n_layers"": null, ""normalization_factor"": 78.00330438612363, ""normalize"": true, ""optimum_status"": ""ok"", ""seed"": 0, ""tau"": 20.0, ""valid_route"": true}"
tau_sweep,tau_sweep_random_symmetric_n7_seed3,random_symmetric,7,3,tn_exact,ok,"[6, 2, 3, 4, 0, 1, 5]",208.88075868331995,208.88075868331995,0.0,True,True,0.0224502999999458,269.23828125,269.23828125,0.0,22.0,,True,"{""finite_edges"": true, ""instance_metadata"": {""complete"": true, ""high"": 100.0, ""instance_type"": ""random_symmetric"", ""low"": 1.0, ""n"": 7, ""seed"": 3, ""symmetric"": true}, ""n_layers"": null, ""normalization_factor"": 78.00330438612363, ""normalize"": true, ""optimum_status"": ""ok"", ""seed"": 0, ""tau"": 22.0, ""valid_route"": true}"
tau_sweep,tau_sweep_random_symmetric_n7_seed3,random_symmetric,7,3,tn_exact,ok,"[6, 2, 3, 4, 0, 1, 5]",208.88075868331995,208.88075868331995,0.0,True,True,0.0231790000002547,269.23828125,269.23828125,0.0,24.0,,True,"{""finite_edges"": true, ""instance_metadata"": {""complete"": true, ""high"": 100.0, ""instance_type"": ""random_symmetric"", ""low"": 1.0, ""n"": 7, ""seed"": 3, ""symmetric"": true}, ""n_layers"": null, ""normalization_factor"": 78.00330438612363, ""normalize"": true, ""optimum_status"": ""ok"", ""seed"": 0, ""tau"": 24.0, ""valid_route"": true}"
tau_sweep,tau_sweep_random_symmetric_n7_seed3,random_symmetric,7,3,tn_exact,ok,"[6, 2, 3, 4, 0, 1, 5]",208.88075868331995,208.88075868331995,0.0,True,True,0.023278399999981,269.23828125,269.2421875,0.00390625,26.0,,True,"{""finite_edges"": true, ""instance_metadata"": {""complete"": true, ""high"": 100.0, ""instance_type"": ""random_symmetric"", ""low"": 1.0, ""n"": 7, ""seed"": 3, ""symmetric"": true}, ""n_layers"": null, ""normalization_factor"": 78.00330438612363, ""normalize"": true, ""optimum_status"": ""ok"", ""seed"": 0, ""tau"": 26.0, ""valid_route"": true}"
tau_sweep,tau_sweep_random_symmetric_n7_seed3,random_symmetric,7,3,tn_exact,ok,"[6, 2, 3, 4, 0, 1, 5]",208.88075868331995,208.88075868331995,0.0,True,True,0.0235043000002406,269.2421875,269.2421875,0.0,28.0,,True,"{""finite_edges"": true, ""instance_metadata"": {""complete"": true, ""high"": 100.0, ""instance_type"": ""random_symmetric"", ""low"": 1.0, ""n"": 7, ""seed"": 3, ""symmetric"": true}, ""n_layers"": null, ""normalization_factor"": 78.00330438612363, ""normalize"": true, ""optimum_status"": ""ok"", ""seed"": 0, ""tau"": 28.0, ""valid_route"": true}"
tau_sweep,tau_sweep_random_symmetric_n7_seed3,random_symmetric,7,3,tn_exact,ok,"[6, 2, 3, 4, 0, 1, 5]",208.88075868331995,208.88075868331995,0.0,True,True,0.0233819000000039,269.2421875,269.2421875,0.0,30.0,,True,"{""finite_edges"": true, ""instance_metadata"": {""complete"": true, ""high"": 100.0, ""instance_type"": ""random_symmetric"", ""low"": 1.0, ""n"": 7, ""seed"": 3, ""symmetric"": true}, ""n_layers"": null, ""normalization_factor"": 78.00330438612363, ""normalize"": true, ""optimum_status"": ""ok"", ""seed"": 0, ""tau"": 30.0, ""valid_route"": true}"
tau_sweep,tau_sweep_random_asymmetric_n7_seed3,random_asymmetric,7,3,tn_exact,ok,"[6, 5, 1, 0, 4, 3, 2]",112.00725748193636,112.00725748193636,0.0,True,True,0.0223810000002231,269.2421875,269.2421875,0.0,10.0,,True,"{""finite_edges"": true, ""instance_metadata"": {""complete"": true, ""high"": 100.0, ""instance_type"": ""random_asymmetric"", ""low"": 1.0, ""n"": 7, ""seed"": 3, ""symmetric"": false}, ""n_layers"": null, ""normalization_factor"": 97.37256720187486, ""normalize"": true, ""optimum_status"": ""ok"", ""seed"": 0, ""tau"": 10.0, ""valid_route"": true}"
tau_sweep,tau_sweep_random_asymmetric_n7_seed3,random_asymmetric,7,3,tn_exact,ok,"[6, 5, 1, 0, 4, 3, 2]",112.00725748193636,112.00725748193636,0.0,True,True,0.0231119000000035,269.2421875,269.2421875,0.0,12.0,,True,"{""finite_edges"": true, ""instance_metadata"": {""complete"": true, ""high"": 100.0, ""instance_type"": ""random_asymmetric"", ""low"": 1.0, ""n"": 7, ""seed"": 3, ""symmetric"": false}, ""n_layers"": null, ""normalization_factor"": 97.37256720187486, ""normalize"": true, ""optimum_status"": ""ok"", ""seed"": 0, ""tau"": 12.0, ""valid_route"": true}"
tau_sweep,tau_sweep_random_asymmetric_n7_seed3,random_asymmetric,7,3,tn_exact,ok,"[6, 5, 1, 0, 4, 3, 2]",112.00725748193636,112.00725748193636,0.0,True,True,0.0240260000000489,269.2421875,269.2421875,0.0,14.0,,True,"{""finite_edges"": true, ""instance_metadata"": {""complete"": true, ""high"": 100.0, ""instance_type"": ""random_asymmetric"", ""low"": 1.0, ""n"": 7, ""seed"": 3, ""symmetric"": false}, ""n_layers"": null, ""normalization_factor"": 97.37256720187486, ""normalize"": true, ""optimum_status"": ""ok"", ""seed"": 0, ""tau"": 14.0, ""valid_route"": true}"
tau_sweep,tau_sweep_random_asymmetric_n7_seed3,random_asymmetric,7,3,tn_exact,ok,"[6, 5, 1, 0, 4, 3, 2]",112.00725748193636,112.00725748193636,0.0,True,True,0.0228142000000843,269.2421875,269.2421875,0.0,16.0,,True,"{""finite_edges"": true, ""instance_metadata"": {""complete"": true, ""high"": 100.0, ""instance_type"": ""random_asymmetric"", ""low"": 1.0, ""n"": 7, ""seed"": 3, ""symmetric"": false}, ""n_layers"": null, ""normalization_factor"": 97.37256720187486, ""normalize"": true, ""optimum_status"": ""ok"", ""seed"": 0, ""tau"": 16.0, ""valid_route"": true}"
tau_sweep,tau_sweep_random_asymmetric_n7_seed3,random_asymmetric,7,3,tn_exact,ok,"[6, 5, 1, 0, 4, 3, 2]",112.00725748193636,112.00725748193636,0.0,True,True,0.0234988999995948,269.2421875,269.2421875,0.0,18.0,,True,"{""finite_edges"": true, ""instance_metadata"": {""complete"": true, ""high"": 100.0, ""instance_type"": ""random_asymmetric"", ""low"": 1.0, ""n"": 7, ""seed"": 3, ""symmetric"": false}, ""n_layers"": null, ""normalization_factor"": 97.37256720187486, ""normalize"": true, ""optimum_status"": ""ok"", ""seed"": 0, ""tau"": 18.0, ""valid_route"": true}"
tau_sweep,tau_sweep_random_asymmetric_n7_seed3,random_asymmetric,7,3,tn_exact,ok,"[6, 5, 1, 0, 4, 3, 2]",112.00725748193636,112.00725748193636,0.0,True,True,0.0215699000000313,269.2421875,269.2421875,0.0,20.0,,True,"{""finite_edges"": true, ""instance_metadata"": {""complete"": true, ""high"": 100.0, ""instance_type"": ""random_asymmetric"", ""low"": 1.0, ""n"": 7, ""seed"": 3, ""symmetric"": false}, ""n_layers"": null, ""normalization_factor"": 97.37256720187486, ""normalize"": true, ""optimum_status"": ""ok"", ""seed"": 0, ""tau"": 20.0, ""valid_route"": true}"
tau_sweep,tau_sweep_random_asymmetric_n7_seed3,random_asymmetric,7,3,tn_exact,ok,"[6, 5, 1, 0, 4, 3, 2]",112.00725748193636,112.00725748193636,0.0,True,True,0.0213079999998626,269.2421875,269.2421875,0.0,22.0,,True,"{""finite_edges"": true, ""instance_metadata"": {""complete"": true, ""high"": 100.0, ""instance_type"": ""random_asymmetric"", ""low"": 1.0, ""n"": 7, ""seed"": 3, ""symmetric"": false}, ""n_layers"": null, ""normalization_factor"": 97.37256720187486, ""normalize"": true, ""optimum_status"": ""ok"", ""seed"": 0, ""tau"": 22.0, ""valid_route"": true}"
tau_sweep,tau_sweep_random_asymmetric_n7_seed3,random_asymmetric,7,3,tn_exact,ok,"[6, 5, 1, 0, 4, 3, 2]",112.00725748193636,112.00725748193636,0.0,True,True,0.0214115999997375,269.2421875,269.2421875,0.0,24.0,,True,"{""finite_edges"": true, ""instance_metadata"": {""complete"": true, ""high"": 100.0, ""instance_type"": ""random_asymmetric"", ""low"": 1.0, ""n"": 7, ""seed"": 3, ""symmetric"": false}, ""n_layers"": null, ""normalization_factor"": 97.37256720187486, ""normalize"": true, ""optimum_status"": ""ok"", ""seed"": 0, ""tau"": 24.0, ""valid_route"": true}"
tau_sweep,tau_sweep_random_asymmetric_n7_seed3,random_asymmetric,7,3,tn_exact,ok,"[6, 5, 1, 0, 4, 3, 2]",112.00725748193636,112.00725748193636,0.0,True,True,0.0219640000000254,269.2421875,269.24609375,0.00390625,26.0,,True,"{""finite_edges"": true, ""instance_metadata"": {""complete"": true, ""high"": 100.0, ""instance_type"": ""random_asymmetric"", ""low"": 1.0, ""n"": 7, ""seed"": 3, ""symmetric"": false}, ""n_layers"": null, ""normalization_factor"": 97.37256720187486, ""normalize"": true, ""optimum_status"": ""ok"", ""seed"": 0, ""tau"": 26.0, ""valid_route"": true}"
tau_sweep,tau_sweep_random_asymmetric_n7_seed3,random_asymmetric,7,3,tn_exact,ok,"[6, 5, 1, 0, 4, 3, 2]",112.00725748193636,112.00725748193636,0.0,True,True,0.0215696000000207,269.24609375,269.24609375,0.0,28.0,,True,"{""finite_edges"": true, ""instance_metadata"": {""complete"": true, ""high"": 100.0, ""instance_type"": ""random_asymmetric"", ""low"": 1.0, ""n"": 7, ""seed"": 3, ""symmetric"": false}, ""n_layers"": null, ""normalization_factor"": 97.37256720187486, ""normalize"": true, ""optimum_status"": ""ok"", ""seed"": 0, ""tau"": 28.0, ""valid_route"": true}"
tau_sweep,tau_sweep_random_asymmetric_n7_seed3,random_asymmetric,7,3,tn_exact,ok,"[6, 5, 1, 0, 4, 3, 2]",112.00725748193636,112.00725748193636,0.0,True,True,0.0235554000000774,269.24609375,269.12109375,-0.125,30.0,,True,"{""finite_edges"": true, ""instance_metadata"": {""complete"": true, ""high"": 100.0, ""instance_type"": ""random_asymmetric"", ""low"": 1.0, ""n"": 7, ""seed"": 3, ""symmetric"": false}, ""n_layers"": null, ""normalization_factor"": 97.37256720187486, ""normalize"": true, ""optimum_status"": ""ok"", ""seed"": 0, ""tau"": 30.0, ""valid_route"": true}"
tau_sweep,tau_sweep_euclidean_n7_seed4,euclidean,7,4,tn_exact,ok,"[6, 2, 3, 1, 5, 0, 4]",1966.67153712534,1966.67153712534,0.0,True,True,0.0213883999999779,269.12109375,269.12890625,0.0078125,10.0,,True,"{""finite_edges"": true, ""instance_metadata"": {""complete"": true, ""instance_type"": ""euclidean"", ""n"": 7, ""points"": [[943.0561055723676, 511.3275528143616], [976.2437057077042, 80.83602389560218], [607.3558319950296, 376.48658437727255], [801.9012069858072, 174.52781614402846], [871.6352741876564, 543.9414007634982], [902.2150797159884, 477.1535238392063], [430.4962777294131, 788.9467175443294]], ""scale"": 1000.0, ""seed"": 4, ""symmetric"": true}, ""n_layers"": null, ""normalization_factor"": 894.0139873651874, ""normalize"": true, ""optimum_status"": ""ok"", ""seed"": 0, ""tau"": 10.0, ""valid_route"": true}"
tau_sweep,tau_sweep_euclidean_n7_seed4,euclidean,7,4,tn_exact,ok,"[6, 2, 3, 1, 5, 0, 4]",1966.67153712534,1966.67153712534,0.0,True,True,0.0213496000001214,269.12890625,269.1328125,0.00390625,12.0,,True,"{""finite_edges"": true, ""instance_metadata"": {""complete"": true, ""instance_type"": ""euclidean"", ""n"": 7, ""points"": [[943.0561055723676, 511.3275528143616], [976.2437057077042, 80.83602389560218], [607.3558319950296, 376.48658437727255], [801.9012069858072, 174.52781614402846], [871.6352741876564, 543.9414007634982], [902.2150797159884, 477.1535238392063], [430.4962777294131, 788.9467175443294]], ""scale"": 1000.0, ""seed"": 4, ""symmetric"": true}, ""n_layers"": null, ""normalization_factor"": 894.0139873651874, ""normalize"": true, ""optimum_status"": ""ok"", ""seed"": 0, ""tau"": 12.0, ""valid_route"": true}"
tau_sweep,tau_sweep_euclidean_n7_seed4,euclidean,7,4,tn_exact,ok,"[6, 2, 3, 1, 5, 0, 4]",1966.67153712534,1966.67153712534,0.0,True,True,0.0214396999999735,269.1328125,269.25390625,0.12109375,14.0,,True,"{""finite_edges"": true, ""instance_metadata"": {""complete"": true, ""instance_type"": ""euclidean"", ""n"": 7, ""points"": [[943.0561055723676, 511.3275528143616], [976.2437057077042, 80.83602389560218], [607.3558319950296, 376.48658437727255], [801.9012069858072, 174.52781614402846], [871.6352741876564, 543.9414007634982], [902.2150797159884, 477.1535238392063], [430.4962777294131, 788.9467175443294]], ""scale"": 1000.0, ""seed"": 4, ""symmetric"": true}, ""n_layers"": null, ""normalization_factor"": 894.0139873651874, ""normalize"": true, ""optimum_status"": ""ok"", ""seed"": 0, ""tau"": 14.0, ""valid_route"": true}"
tau_sweep,tau_sweep_euclidean_n7_seed4,euclidean,7,4,tn_exact,ok,"[6, 2, 3, 1, 5, 0, 4]",1966.67153712534,1966.67153712534,0.0,True,True,0.0220592999999098,269.25390625,269.25390625,0.0,16.0,,True,"{""finite_edges"": true, ""instance_metadata"": {""complete"": true, ""instance_type"": ""euclidean"", ""n"": 7, ""points"": [[943.0561055723676, 511.3275528143616], [976.2437057077042, 80.83602389560218], [607.3558319950296, 376.48658437727255], [801.9012069858072, 174.52781614402846], [871.6352741876564, 543.9414007634982], [902.2150797159884, 477.1535238392063], [430.4962777294131, 788.9467175443294]], ""scale"": 1000.0, ""seed"": 4, ""symmetric"": true}, ""n_layers"": null, ""normalization_factor"": 894.0139873651874, ""normalize"": true, ""optimum_status"": ""ok"", ""seed"": 0, ""tau"": 16.0, ""valid_route"": true}"
tau_sweep,tau_sweep_euclidean_n7_seed4,euclidean,7,4,tn_exact,ok,"[6, 2, 3, 1, 5, 0, 4]",1966.67153712534,1966.67153712534,0.0,True,True,0.0218653000001722,269.25390625,269.2578125,0.00390625,18.0,,True,"{""finite_edges"": true, ""instance_metadata"": {""complete"": true, ""instance_type"": ""euclidean"", ""n"": 7, ""points"": [[943.0561055723676, 511.3275528143616], [976.2437057077042, 80.83602389560218], [607.3558319950296, 376.48658437727255], [801.9012069858072, 174.52781614402846], [871.6352741876564, 543.9414007634982], [902.2150797159884, 477.1535238392063], [430.4962777294131, 788.9467175443294]], ""scale"": 1000.0, ""seed"": 4, ""symmetric"": true}, ""n_layers"": null, ""normalization_factor"": 894.0139873651874, ""normalize"": true, ""optimum_status"": ""ok"", ""seed"": 0, ""tau"": 18.0, ""valid_route"": true}"
tau_sweep,tau_sweep_euclidean_n7_seed4,euclidean,7,4,tn_exact,ok,"[6, 2, 3, 1, 5, 0, 4]",1966.67153712534,1966.67153712534,0.0,True,True,0.0214252000000669,269.2578125,269.2578125,0.0,20.0,,True,"{""finite_edges"": true, ""instance_metadata"": {""complete"": true, ""instance_type"": ""euclidean"", ""n"": 7, ""points"": [[943.0561055723676, 511.3275528143616], [976.2437057077042, 80.83602389560218], [607.3558319950296, 376.48658437727255], [801.9012069858072, 174.52781614402846], [871.6352741876564, 543.9414007634982], [902.2150797159884, 477.1535238392063], [430.4962777294131, 788.9467175443294]], ""scale"": 1000.0, ""seed"": 4, ""symmetric"": true}, ""n_layers"": null, ""normalization_factor"": 894.0139873651874, ""normalize"": true, ""optimum_status"": ""ok"", ""seed"": 0, ""tau"": 20.0, ""valid_route"": true}"
tau_sweep,tau_sweep_euclidean_n7_seed4,euclidean,7,4,tn_exact,ok,"[6, 2, 3, 1, 5, 0, 4]",1966.67153712534,1966.67153712534,0.0,True,True,0.0215110999997705,269.2578125,269.2578125,0.0,22.0,,True,"{""finite_edges"": true, ""instance_metadata"": {""complete"": true, ""instance_type"": ""euclidean"", ""n"": 7, ""points"": [[943.0561055723676, 511.3275528143616], [976.2437057077042, 80.83602389560218], [607.3558319950296, 376.48658437727255], [801.9012069858072, 174.52781614402846], [871.6352741876564, 543.9414007634982], [902.2150797159884, 477.1535238392063], [430.4962777294131, 788.9467175443294]], ""scale"": 1000.0, ""seed"": 4, ""symmetric"": true}, ""n_layers"": null, ""normalization_factor"": 894.0139873651874, ""normalize"": true, ""optimum_status"": ""ok"", ""seed"": 0, ""tau"": 22.0, ""valid_route"": true}"
tau_sweep,tau_sweep_euclidean_n7_seed4,euclidean,7,4,tn_exact,ok,"[6, 2, 3, 1, 5, 0, 4]",1966.67153712534,1966.67153712534,0.0,True,True,0.021867999999813,269.2578125,269.26171875,0.00390625,24.0,,True,"{""finite_edges"": true, ""instance_metadata"": {""complete"": true, ""instance_type"": ""euclidean"", ""n"": 7, ""points"": [[943.0561055723676, 511.3275528143616], [976.2437057077042, 80.83602389560218], [607.3558319950296, 376.48658437727255], [801.9012069858072, 174.52781614402846], [871.6352741876564, 543.9414007634982], [902.2150797159884, 477.1535238392063], [430.4962777294131, 788.9467175443294]], ""scale"": 1000.0, ""seed"": 4, ""symmetric"": true}, ""n_layers"": null, ""normalization_factor"": 894.0139873651874, ""normalize"": true, ""optimum_status"": ""ok"", ""seed"": 0, ""tau"": 24.0, ""valid_route"": true}"
tau_sweep,tau_sweep_euclidean_n7_seed4,euclidean,7,4,tn_exact,ok,"[6, 2, 3, 1, 5, 0, 4]",1966.67153712534,1966.67153712534,0.0,True,True,0.0212879999999131,269.26171875,269.26171875,0.0,26.0,,True,"{""finite_edges"": true, ""instance_metadata"": {""complete"": true, ""instance_type"": ""euclidean"", ""n"": 7, ""points"": [[943.0561055723676, 511.3275528143616], [976.2437057077042, 80.83602389560218], [607.3558319950296, 376.48658437727255], [801.9012069858072, 174.52781614402846], [871.6352741876564, 543.9414007634982], [902.2150797159884, 477.1535238392063], [430.4962777294131, 788.9467175443294]], ""scale"": 1000.0, ""seed"": 4, ""symmetric"": true}, ""n_layers"": null, ""normalization_factor"": 894.0139873651874, ""normalize"": true, ""optimum_status"": ""ok"", ""seed"": 0, ""tau"": 26.0, ""valid_route"": true}"
tau_sweep,tau_sweep_euclidean_n7_seed4,euclidean,7,4,tn_exact,ok,"[6, 2, 3, 1, 5, 0, 4]",1966.67153712534,1966.67153712534,0.0,True,True,0.0222095999997691,269.26171875,269.265625,0.00390625,28.0,,True,"{""finite_edges"": true, ""instance_metadata"": {""complete"": true, ""instance_type"": ""euclidean"", ""n"": 7, ""points"": [[943.0561055723676, 511.3275528143616], [976.2437057077042, 80.83602389560218], [607.3558319950296, 376.48658437727255], [801.9012069858072, 174.52781614402846], [871.6352741876564, 543.9414007634982], [902.2150797159884, 477.1535238392063], [430.4962777294131, 788.9467175443294]], ""scale"": 1000.0, ""seed"": 4, ""symmetric"": true}, ""n_layers"": null, ""normalization_factor"": 894.0139873651874, ""normalize"": true, ""optimum_status"": ""ok"", ""seed"": 0, ""tau"": 28.0, ""valid_route"": true}"
tau_sweep,tau_sweep_euclidean_n7_seed4,euclidean,7,4,tn_exact,ok,"[6, 2, 3, 1, 5, 0, 4]",1966.67153712534,1966.67153712534,0.0,True,True,0.022664099999929,269.265625,269.26953125,0.00390625,30.0,,True,"{""finite_edges"": true, ""instance_metadata"": {""complete"": true, ""instance_type"": ""euclidean"", ""n"": 7, ""points"": [[943.0561055723676, 511.3275528143616], [976.2437057077042, 80.83602389560218], [607.3558319950296, 376.48658437727255], [801.9012069858072, 174.52781614402846], [871.6352741876564, 543.9414007634982], [902.2150797159884, 477.1535238392063], [430.4962777294131, 788.9467175443294]], ""scale"": 1000.0, ""seed"": 4, ""symmetric"": true}, ""n_layers"": null, ""normalization_factor"": 894.0139873651874, ""normalize"": true, ""optimum_status"": ""ok"", ""seed"": 0, ""tau"": 30.0, ""valid_route"": true}"
tau_sweep,tau_sweep_random_symmetric_n7_seed4,random_symmetric,7,4,tn_exact,ok,"[6, 4, 2, 3, 5, 1, 0]",295.5067169729812,295.5067169729811,1.923591431121525e-16,True,True,0.0211079999999128,269.27734375,269.28125,0.00390625,10.0,,True,"{""finite_edges"": true, ""instance_metadata"": {""complete"": true, ""high"": 100.0, ""instance_type"": ""random_symmetric"", ""low"": 1.0, ""n"": 7, ""seed"": 4, ""symmetric"": true}, ""n_layers"": null, ""normalization_factor"": 98.03963692912185, ""normalize"": true, ""optimum_status"": ""ok"", ""seed"": 0, ""tau"": 10.0, ""valid_route"": true}"
tau_sweep,tau_sweep_random_symmetric_n7_seed4,random_symmetric,7,4,tn_exact,ok,"[6, 4, 2, 3, 5, 1, 0]",295.5067169729812,295.5067169729811,1.923591431121525e-16,True,True,0.0214461000000483,269.28125,269.29296875,0.01171875,12.0,,True,"{""finite_edges"": true, ""instance_metadata"": {""complete"": true, ""high"": 100.0, ""instance_type"": ""random_symmetric"", ""low"": 1.0, ""n"": 7, ""seed"": 4, ""symmetric"": true}, ""n_layers"": null, ""normalization_factor"": 98.03963692912185, ""normalize"": true, ""optimum_status"": ""ok"", ""seed"": 0, ""tau"": 12.0, ""valid_route"": true}"
tau_sweep,tau_sweep_random_symmetric_n7_seed4,random_symmetric,7,4,tn_exact,ok,"[6, 4, 2, 3, 5, 1, 0]",295.5067169729812,295.5067169729811,1.923591431121525e-16,True,True,0.0212285999996311,269.29296875,269.29296875,0.0,14.0,,True,"{""finite_edges"": true, ""instance_metadata"": {""complete"": true, ""high"": 100.0, ""instance_type"": ""random_symmetric"", ""low"": 1.0, ""n"": 7, ""seed"": 4, ""symmetric"": true}, ""n_layers"": null, ""normalization_factor"": 98.03963692912185, ""normalize"": true, ""optimum_status"": ""ok"", ""seed"": 0, ""tau"": 14.0, ""valid_route"": true}"
tau_sweep,tau_sweep_random_symmetric_n7_seed4,random_symmetric,7,4,tn_exact,ok,"[6, 4, 2, 3, 5, 1, 0]",295.5067169729812,295.5067169729811,1.923591431121525e-16,True,True,0.0216181000000688,269.29296875,269.29296875,0.0,16.0,,True,"{""finite_edges"": true, ""instance_metadata"": {""complete"": true, ""high"": 100.0, ""instance_type"": ""random_symmetric"", ""low"": 1.0, ""n"": 7, ""seed"": 4, ""symmetric"": true}, ""n_layers"": null, ""normalization_factor"": 98.03963692912185, ""normalize"": true, ""optimum_status"": ""ok"", ""seed"": 0, ""tau"": 16.0, ""valid_route"": true}"
tau_sweep,tau_sweep_random_symmetric_n7_seed4,random_symmetric,7,4,tn_exact,ok,"[6, 4, 2, 3, 5, 1, 0]",295.5067169729812,295.5067169729811,1.923591431121525e-16,True,True,0.0218771999998352,269.29296875,269.29296875,0.0,18.0,,True,"{""finite_edges"": true, ""instance_metadata"": {""complete"": true, ""high"": 100.0, ""instance_type"": ""random_symmetric"", ""low"": 1.0, ""n"": 7, ""seed"": 4, ""symmetric"": true}, ""n_layers"": null, ""normalization_factor"": 98.03963692912185, ""normalize"": true, ""optimum_status"": ""ok"", ""seed"": 0, ""tau"": 18.0, ""valid_route"": true}"
tau_sweep,tau_sweep_random_symmetric_n7_seed4,random_symmetric,7,4,tn_exact,ok,"[6, 4, 2, 3, 5, 1, 0]",295.5067169729812,295.5067169729811,1.923591431121525e-16,True,True,0.0212485000001834,269.29296875,269.29296875,0.0,20.0,,True,"{""finite_edges"": true, ""instance_metadata"": {""complete"": true, ""high"": 100.0, ""instance_type"": ""random_symmetric"", ""low"": 1.0, ""n"": 7, ""seed"": 4, ""symmetric"": true}, ""n_layers"": null, ""normalization_factor"": 98.03963692912185, ""normalize"": true, ""optimum_status"": ""ok"", ""seed"": 0, ""tau"": 20.0, ""valid_route"": true}"
tau_sweep,tau_sweep_random_symmetric_n7_seed4,random_symmetric,7,4,tn_exact,ok,"[6, 4, 2, 3, 5, 1, 0]",295.5067169729812,295.5067169729811,1.923591431121525e-16,True,True,0.021068600000035,269.29296875,269.296875,0.00390625,22.0,,True,"{""finite_edges"": true, ""instance_metadata"": {""complete"": true, ""high"": 100.0, ""instance_type"": ""random_symmetric"", ""low"": 1.0, ""n"": 7, ""seed"": 4, ""symmetric"": true}, ""n_layers"": null, ""normalization_factor"": 98.03963692912185, ""normalize"": true, ""optimum_status"": ""ok"", ""seed"": 0, ""tau"": 22.0, ""valid_route"": true}"
tau_sweep,tau_sweep_random_symmetric_n7_seed4,random_symmetric,7,4,tn_exact,ok,"[6, 4, 2, 3, 5, 1, 0]",295.5067169729812,295.5067169729811,1.923591431121525e-16,True,True,0.0214869999999791,269.296875,269.296875,0.0,24.0,,True,"{""finite_edges"": true, ""instance_metadata"": {""complete"": true, ""high"": 100.0, ""instance_type"": ""random_symmetric"", ""low"": 1.0, ""n"": 7, ""seed"": 4, ""symmetric"": true}, ""n_layers"": null, ""normalization_factor"": 98.03963692912185, ""normalize"": true, ""optimum_status"": ""ok"", ""seed"": 0, ""tau"": 24.0, ""valid_route"": true}"
tau_sweep,tau_sweep_random_symmetric_n7_seed4,random_symmetric,7,4,tn_exact,ok,"[6, 4, 2, 3, 5, 1, 0]",295.5067169729812,295.5067169729811,1.923591431121525e-16,True,True,0.0216338000000178,269.296875,269.296875,0.0,26.0,,True,"{""finite_edges"": true, ""instance_metadata"": {""complete"": true, ""high"": 100.0, ""instance_type"": ""random_symmetric"", ""low"": 1.0, ""n"": 7, ""seed"": 4, ""symmetric"": true}, ""n_layers"": null, ""normalization_factor"": 98.03963692912185, ""normalize"": true, ""optimum_status"": ""ok"", ""seed"": 0, ""tau"": 26.0, ""valid_route"": true}"
tau_sweep,tau_sweep_random_symmetric_n7_seed4,random_symmetric,7,4,tn_exact,ok,"[6, 4, 2, 3, 5, 1, 0]",295.5067169729812,295.5067169729811,1.923591431121525e-16,True,True,0.0213216000001921,269.296875,269.3046875,0.0078125,28.0,,True,"{""finite_edges"": true, ""instance_metadata"": {""complete"": true, ""high"": 100.0, ""instance_type"": ""random_symmetric"", ""low"": 1.0, ""n"": 7, ""seed"": 4, ""symmetric"": true}, ""n_layers"": null, ""normalization_factor"": 98.03963692912185, ""normalize"": true, ""optimum_status"": ""ok"", ""seed"": 0, ""tau"": 28.0, ""valid_route"": true}"
tau_sweep,tau_sweep_random_symmetric_n7_seed4,random_symmetric,7,4,tn_exact,ok,"[6, 4, 2, 3, 5, 1, 0]",295.5067169729812,295.5067169729811,1.923591431121525e-16,True,True,0.0213593000003129,269.3046875,269.3125,0.0078125,30.0,,True,"{""finite_edges"": true, ""instance_metadata"": {""complete"": true, ""high"": 100.0, ""instance_type"": ""random_symmetric"", ""low"": 1.0, ""n"": 7, ""seed"": 4, ""symmetric"": true}, ""n_layers"": null, ""normalization_factor"": 98.03963692912185, ""normalize"": true, ""optimum_status"": ""ok"", ""seed"": 0, ""tau"": 30.0, ""valid_route"": true}"
tau_sweep,tau_sweep_random_asymmetric_n7_seed4,random_asymmetric,7,4,tn_exact,ok,"[6, 0, 3, 2, 1, 5, 4]",174.31552139842458,174.31552139842458,0.0,True,True,0.021321799999896,269.3125,269.3125,0.0,10.0,,True,"{""finite_edges"": true, ""instance_metadata"": {""complete"": true, ""high"": 100.0, ""instance_type"": ""random_asymmetric"", ""low"": 1.0, ""n"": 7, ""seed"": 4, ""symmetric"": false}, ""n_layers"": null, ""normalization_factor"": 98.43114699318102, ""normalize"": true, ""optimum_status"": ""ok"", ""seed"": 0, ""tau"": 10.0, ""valid_route"": true}"
tau_sweep,tau_sweep_random_asymmetric_n7_seed4,random_asymmetric,7,4,tn_exact,ok,"[6, 0, 3, 2, 1, 5, 4]",174.31552139842458,174.31552139842458,0.0,True,True,0.0212776999997004,269.3125,269.31640625,0.00390625,12.0,,True,"{""finite_edges"": true, ""instance_metadata"": {""complete"": true, ""high"": 100.0, ""instance_type"": ""random_asymmetric"", ""low"": 1.0, ""n"": 7, ""seed"": 4, ""symmetric"": false}, ""n_layers"": null, ""normalization_factor"": 98.43114699318102, ""normalize"": true, ""optimum_status"": ""ok"", ""seed"": 0, ""tau"": 12.0, ""valid_route"": true}"
tau_sweep,tau_sweep_random_asymmetric_n7_seed4,random_asymmetric,7,4,tn_exact,ok,"[6, 0, 3, 2, 1, 5, 4]",174.31552139842458,174.31552139842458,0.0,True,True,0.0215495000002192,269.31640625,269.31640625,0.0,14.0,,True,"{""finite_edges"": true, ""instance_metadata"": {""complete"": true, ""high"": 100.0, ""instance_type"": ""random_asymmetric"", ""low"": 1.0, ""n"": 7, ""seed"": 4, ""symmetric"": false}, ""n_layers"": null, ""normalization_factor"": 98.43114699318102, ""normalize"": true, ""optimum_status"": ""ok"", ""seed"": 0, ""tau"": 14.0, ""valid_route"": true}"
tau_sweep,tau_sweep_random_asymmetric_n7_seed4,random_asymmetric,7,4,tn_exact,ok,"[6, 0, 3, 2, 1, 5, 4]",174.31552139842458,174.31552139842458,0.0,True,True,0.0221149000003606,269.31640625,269.3359375,0.01953125,16.0,,True,"{""finite_edges"": true, ""instance_metadata"": {""complete"": true, ""high"": 100.0, ""instance_type"": ""random_asymmetric"", ""low"": 1.0, ""n"": 7, ""seed"": 4, ""symmetric"": false}, ""n_layers"": null, ""normalization_factor"": 98.43114699318102, ""normalize"": true, ""optimum_status"": ""ok"", ""seed"": 0, ""tau"": 16.0, ""valid_route"": true}"
tau_sweep,tau_sweep_random_asymmetric_n7_seed4,random_asymmetric,7,4,tn_exact,ok,"[6, 0, 3, 2, 1, 5, 4]",174.31552139842458,174.31552139842458,0.0,True,True,0.0225062999998044,269.3359375,269.34375,0.0078125,18.0,,True,"{""finite_edges"": true, ""instance_metadata"": {""complete"": true, ""high"": 100.0, ""instance_type"": ""random_asymmetric"", ""low"": 1.0, ""n"": 7, ""seed"": 4, ""symmetric"": false}, ""n_layers"": null, ""normalization_factor"": 98.43114699318102, ""normalize"": true, ""optimum_status"": ""ok"", ""seed"": 0, ""tau"": 18.0, ""valid_route"": true}"
tau_sweep,tau_sweep_random_asymmetric_n7_seed4,random_asymmetric,7,4,tn_exact,ok,"[6, 0, 3, 2, 1, 5, 4]",174.31552139842458,174.31552139842458,0.0,True,True,0.0219763999998576,269.34375,269.34375,0.0,20.0,,True,"{""finite_edges"": true, ""instance_metadata"": {""complete"": true, ""high"": 100.0, ""instance_type"": ""random_asymmetric"", ""low"": 1.0, ""n"": 7, ""seed"": 4, ""symmetric"": false}, ""n_layers"": null, ""normalization_factor"": 98.43114699318102, ""normalize"": true, ""optimum_status"": ""ok"", ""seed"": 0, ""tau"": 20.0, ""valid_route"": true}"
tau_sweep,tau_sweep_random_asymmetric_n7_seed4,random_asymmetric,7,4,tn_exact,ok,"[6, 0, 3, 2, 1, 5, 4]",174.31552139842458,174.31552139842458,0.0,True,True,0.0219248000003062,269.34375,269.3515625,0.0078125,22.0,,True,"{""finite_edges"": true, ""instance_metadata"": {""complete"": true, ""high"": 100.0, ""instance_type"": ""random_asymmetric"", ""low"": 1.0, ""n"": 7, ""seed"": 4, ""symmetric"": false}, ""n_layers"": null, ""normalization_factor"": 98.43114699318102, ""normalize"": true, ""optimum_status"": ""ok"", ""seed"": 0, ""tau"": 22.0, ""valid_route"": true}"
tau_sweep,tau_sweep_random_asymmetric_n7_seed4,random_asymmetric,7,4,tn_exact,ok,"[6, 0, 3, 2, 1, 5, 4]",174.31552139842458,174.31552139842458,0.0,True,True,0.0218214999999872,269.3515625,269.36328125,0.01171875,24.0,,True,"{""finite_edges"": true, ""instance_metadata"": {""complete"": true, ""high"": 100.0, ""instance_type"": ""random_asymmetric"", ""low"": 1.0, ""n"": 7, ""seed"": 4, ""symmetric"": false}, ""n_layers"": null, ""normalization_factor"": 98.43114699318102, ""normalize"": true, ""optimum_status"": ""ok"", ""seed"": 0, ""tau"": 24.0, ""valid_route"": true}"
tau_sweep,tau_sweep_random_asymmetric_n7_seed4,random_asymmetric,7,4,tn_exact,ok,"[6, 0, 3, 2, 1, 5, 4]",174.31552139842458,174.31552139842458,0.0,True,True,0.0218798999999307,269.36328125,269.36328125,0.0,26.0,,True,"{""finite_edges"": true, ""instance_metadata"": {""complete"": true, ""high"": 100.0, ""instance_type"": ""random_asymmetric"", ""low"": 1.0, ""n"": 7, ""seed"": 4, ""symmetric"": false}, ""n_layers"": null, ""normalization_factor"": 98.43114699318102, ""normalize"": true, ""optimum_status"": ""ok"", ""seed"": 0, ""tau"": 26.0, ""valid_route"": true}"
tau_sweep,tau_sweep_random_asymmetric_n7_seed4,random_asymmetric,7,4,tn_exact,ok,"[6, 0, 3, 2, 1, 5, 4]",174.31552139842458,174.31552139842458,0.0,True,True,0.0214377000002059,269.36328125,269.3671875,0.00390625,28.0,,True,"{""finite_edges"": true, ""instance_metadata"": {""complete"": true, ""high"": 100.0, ""instance_type"": ""random_asymmetric"", ""low"": 1.0, ""n"": 7, ""seed"": 4, ""symmetric"": false}, ""n_layers"": null, ""normalization_factor"": 98.43114699318102, ""normalize"": true, ""optimum_status"": ""ok"", ""seed"": 0, ""tau"": 28.0, ""valid_route"": true}"
tau_sweep,tau_sweep_random_asymmetric_n7_seed4,random_asymmetric,7,4,tn_exact,ok,"[6, 0, 3, 2, 1, 5, 4]",174.31552139842458,174.31552139842458,0.0,True,True,0.0215179000001626,269.3671875,269.37890625,0.01171875,30.0,,True,"{""finite_edges"": true, ""instance_metadata"": {""complete"": true, ""high"": 100.0, ""instance_type"": ""random_asymmetric"", ""low"": 1.0, ""n"": 7, ""seed"": 4, ""symmetric"": false}, ""n_layers"": null, ""normalization_factor"": 98.43114699318102, ""normalize"": true, ""optimum_status"": ""ok"", ""seed"": 0, ""tau"": 30.0, ""valid_route"": true}"
tau_sweep,tau_sweep_euclidean_n8_seed0,euclidean,8,0,tn_exact,ok,"[7, 0, 3, 2, 4, 1, 5, 6]",3204.471168142345,3204.471168142345,0.0,True,True,0.0328482999998414,269.39453125,269.55078125,0.15625,10.0,,True,"{""finite_edges"": true, ""instance_metadata"": {""complete"": true, ""instance_type"": ""euclidean"", ""n"": 8, ""points"": [[636.9616873214543, 269.7867137638703], [40.97352393619469, 16.527635528529096], [813.2702392002724, 912.7555772777217], [606.6357757671799, 729.4965609839984], [543.6249914654229, 935.0724237877682], [815.8535541215322, 2.738500170148095], [857.4042765875694, 33.58557530546435], [729.655446429944, 175.65562060255903]], ""scale"": 1000.0, ""seed"": 0, ""symmetric"": true}, ""n_layers"": null, ""normalization_factor"": 1183.0751201760934, ""normalize"": true, ""optimum_status"": ""ok"", ""seed"": 0, ""tau"": 10.0, ""valid_route"": true}"
tau_sweep,tau_sweep_euclidean_n8_seed0,euclidean,8,0,tn_exact,ok,"[7, 0, 3, 2, 4, 1, 5, 6]",3204.471168142345,3204.471168142345,0.0,True,True,0.0327260999997633,269.55078125,269.5625,0.01171875,12.0,,True,"{""finite_edges"": true, ""instance_metadata"": {""complete"": true, ""instance_type"": ""euclidean"", ""n"": 8, ""points"": [[636.9616873214543, 269.7867137638703], [40.97352393619469, 16.527635528529096], [813.2702392002724, 912.7555772777217], [606.6357757671799, 729.4965609839984], [543.6249914654229, 935.0724237877682], [815.8535541215322, 2.738500170148095], [857.4042765875694, 33.58557530546435], [729.655446429944, 175.65562060255903]], ""scale"": 1000.0, ""seed"": 0, ""symmetric"": true}, ""n_layers"": null, ""normalization_factor"": 1183.0751201760934, ""normalize"": true, ""optimum_status"": ""ok"", ""seed"": 0, ""tau"": 12.0, ""valid_route"": true}"
tau_sweep,tau_sweep_euclidean_n8_seed0,euclidean,8,0,tn_exact,ok,"[7, 0, 3, 2, 4, 1, 5, 6]",3204.471168142345,3204.471168142345,0.0,True,True,0.034243300000071,269.5625,269.57421875,0.01171875,14.0,,True,"{""finite_edges"": true, ""instance_metadata"": {""complete"": true, ""instance_type"": ""euclidean"", ""n"": 8, ""points"": [[636.9616873214543, 269.7867137638703], [40.97352393619469, 16.527635528529096], [813.2702392002724, 912.7555772777217], [606.6357757671799, 729.4965609839984], [543.6249914654229, 935.0724237877682], [815.8535541215322, 2.738500170148095], [857.4042765875694, 33.58557530546435], [729.655446429944, 175.65562060255903]], ""scale"": 1000.0, ""seed"": 0, ""symmetric"": true}, ""n_layers"": null, ""normalization_factor"": 1183.0751201760934, ""normalize"": true, ""optimum_status"": ""ok"", ""seed"": 0, ""tau"": 14.0, ""valid_route"": true}"
tau_sweep,tau_sweep_euclidean_n8_seed0,euclidean,8,0,tn_exact,ok,"[7, 0, 3, 2, 4, 1, 5, 6]",3204.471168142345,3204.471168142345,0.0,True,True,0.0333903999999165,269.57421875,269.5859375,0.01171875,16.0,,True,"{""finite_edges"": true, ""instance_metadata"": {""complete"": true, ""instance_type"": ""euclidean"", ""n"": 8, ""points"": [[636.9616873214543, 269.7867137638703], [40.97352393619469, 16.527635528529096], [813.2702392002724, 912.7555772777217], [606.6357757671799, 729.4965609839984], [543.6249914654229, 935.0724237877682], [815.8535541215322, 2.738500170148095], [857.4042765875694, 33.58557530546435], [729.655446429944, 175.65562060255903]], ""scale"": 1000.0, ""seed"": 0, ""symmetric"": true}, ""n_layers"": null, ""normalization_factor"": 1183.0751201760934, ""normalize"": true, ""optimum_status"": ""ok"", ""seed"": 0, ""tau"": 16.0, ""valid_route"": true}"
tau_sweep,tau_sweep_euclidean_n8_seed0,euclidean,8,0,tn_exact,ok,"[7, 0, 3, 2, 4, 1, 5, 6]",3204.471168142345,3204.471168142345,0.0,True,True,0.034438499999851,269.5859375,269.609375,0.0234375,18.0,,True,"{""finite_edges"": true, ""instance_metadata"": {""complete"": true, ""instance_type"": ""euclidean"", ""n"": 8, ""points"": [[636.9616873214543, 269.7867137638703], [40.97352393619469, 16.527635528529096], [813.2702392002724, 912.7555772777217], [606.6357757671799, 729.4965609839984], [543.6249914654229, 935.0724237877682], [815.8535541215322, 2.738500170148095], [857.4042765875694, 33.58557530546435], [729.655446429944, 175.65562060255903]], ""scale"": 1000.0, ""seed"": 0, ""symmetric"": true}, ""n_layers"": null, ""normalization_factor"": 1183.0751201760934, ""normalize"": true, ""optimum_status"": ""ok"", ""seed"": 0, ""tau"": 18.0, ""valid_route"": true}"
tau_sweep,tau_sweep_euclidean_n8_seed0,euclidean,8,0,tn_exact,ok,"[7, 0, 3, 2, 4, 1, 5, 6]",3204.471168142345,3204.471168142345,0.0,True,True,0.0318903000002137,269.609375,269.62109375,0.01171875,20.0,,True,"{""finite_edges"": true, ""instance_metadata"": {""complete"": true, ""instance_type"": ""euclidean"", ""n"": 8, ""points"": [[636.9616873214543, 269.7867137638703], [40.97352393619469, 16.527635528529096], [813.2702392002724, 912.7555772777217], [606.6357757671799, 729.4965609839984], [543.6249914654229, 935.0724237877682], [815.8535541215322, 2.738500170148095], [857.4042765875694, 33.58557530546435], [729.655446429944, 175.65562060255903]], ""scale"": 1000.0, ""seed"": 0, ""symmetric"": true}, ""n_layers"": null, ""normalization_factor"": 1183.0751201760934, ""normalize"": true, ""optimum_status"": ""ok"", ""seed"": 0, ""tau"": 20.0, ""valid_route"": true}"
tau_sweep,tau_sweep_euclidean_n8_seed0,euclidean,8,0,tn_exact,ok,"[7, 0, 3, 2, 4, 1, 5, 6]",3204.471168142345,3204.471168142345,0.0,True,True,0.033935499999643,269.62109375,269.64453125,0.0234375,22.0,,True,"{""finite_edges"": true, ""instance_metadata"": {""complete"": true, ""instance_type"": ""euclidean"", ""n"": 8, ""points"": [[636.9616873214543, 269.7867137638703], [40.97352393619469, 16.527635528529096], [813.2702392002724, 912.7555772777217], [606.6357757671799, 729.4965609839984], [543.6249914654229, 935.0724237877682], [815.8535541215322, 2.738500170148095], [857.4042765875694, 33.58557530546435], [729.655446429944, 175.65562060255903]], ""scale"": 1000.0, ""seed"": 0, ""symmetric"": true}, ""n_layers"": null, ""normalization_factor"": 1183.0751201760934, ""normalize"": true, ""optimum_status"": ""ok"", ""seed"": 0, ""tau"": 22.0, ""valid_route"": true}"
tau_sweep,tau_sweep_euclidean_n8_seed0,euclidean,8,0,tn_exact,ok,"[7, 0, 3, 2, 4, 1, 5, 6]",3204.471168142345,3204.471168142345,0.0,True,True,0.0329015999996045,269.64453125,269.66015625,0.015625,24.0,,True,"{""finite_edges"": true, ""instance_metadata"": {""complete"": true, ""instance_type"": ""euclidean"", ""n"": 8, ""points"": [[636.9616873214543, 269.7867137638703], [40.97352393619469, 16.527635528529096], [813.2702392002724, 912.7555772777217], [606.6357757671799, 729.4965609839984], [543.6249914654229, 935.0724237877682], [815.8535541215322, 2.738500170148095], [857.4042765875694, 33.58557530546435], [729.655446429944, 175.65562060255903]], ""scale"": 1000.0, ""seed"": 0, ""symmetric"": true}, ""n_layers"": null, ""normalization_factor"": 1183.0751201760934, ""normalize"": true, ""optimum_status"": ""ok"", ""seed"": 0, ""tau"": 24.0, ""valid_route"": true}"
tau_sweep,tau_sweep_euclidean_n8_seed0,euclidean,8,0,tn_exact,ok,"[7, 0, 3, 2, 4, 1, 5, 6]",3204.471168142345,3204.471168142345,0.0,True,True,0.0342791999996734,269.66015625,269.6875,0.02734375,26.0,,True,"{""finite_edges"": true, ""instance_metadata"": {""complete"": true, ""instance_type"": ""euclidean"", ""n"": 8, ""points"": [[636.9616873214543, 269.7867137638703], [40.97352393619469, 16.527635528529096], [813.2702392002724, 912.7555772777217], [606.6357757671799, 729.4965609839984], [543.6249914654229, 935.0724237877682], [815.8535541215322, 2.738500170148095], [857.4042765875694, 33.58557530546435], [729.655446429944, 175.65562060255903]], ""scale"": 1000.0, ""seed"": 0, ""symmetric"": true}, ""n_layers"": null, ""normalization_factor"": 1183.0751201760934, ""normalize"": true, ""optimum_status"": ""ok"", ""seed"": 0, ""tau"": 26.0, ""valid_route"": true}"
tau_sweep,tau_sweep_euclidean_n8_seed0,euclidean,8,0,tn_exact,ok,"[7, 0, 3, 2, 4, 1, 5, 6]",3204.471168142345,3204.471168142345,0.0,True,True,0.0336861000000681,269.6875,269.79296875,0.10546875,28.0,,True,"{""finite_edges"": true, ""instance_metadata"": {""complete"": true, ""instance_type"": ""euclidean"", ""n"": 8, ""points"": [[636.9616873214543, 269.7867137638703], [40.97352393619469, 16.527635528529096], [813.2702392002724, 912.7555772777217], [606.6357757671799, 729.4965609839984], [543.6249914654229, 935.0724237877682], [815.8535541215322, 2.738500170148095], [857.4042765875694, 33.58557530546435], [729.655446429944, 175.65562060255903]], ""scale"": 1000.0, ""seed"": 0, ""symmetric"": true}, ""n_layers"": null, ""normalization_factor"": 1183.0751201760934, ""normalize"": true, ""optimum_status"": ""ok"", ""seed"": 0, ""tau"": 28.0, ""valid_route"": true}"
tau_sweep,tau_sweep_euclidean_n8_seed0,euclidean,8,0,tn_exact,ok,"[7, 0, 3, 2, 4, 1, 5, 6]",3204.471168142345,3204.471168142345,0.0,True,True,0.0757154000002628,269.79296875,269.84375,0.05078125,30.0,,True,"{""finite_edges"": true, ""instance_metadata"": {""complete"": true, ""instance_type"": ""euclidean"", ""n"": 8, ""points"": [[636.9616873214543, 269.7867137638703], [40.97352393619469, 16.527635528529096], [813.2702392002724, 912.7555772777217], [606.6357757671799, 729.4965609839984], [543.6249914654229, 935.0724237877682], [815.8535541215322, 2.738500170148095], [857.4042765875694, 33.58557530546435], [729.655446429944, 175.65562060255903]], ""scale"": 1000.0, ""seed"": 0, ""symmetric"": true}, ""n_layers"": null, ""normalization_factor"": 1183.0751201760934, ""normalize"": true, ""optimum_status"": ""ok"", ""seed"": 0, ""tau"": 30.0, ""valid_route"": true}"
tau_sweep,tau_sweep_random_symmetric_n8_seed0,random_symmetric,8,0,tn_exact,ok,"[7, 6, 5, 1, 3, 0, 2, 4]",211.97541156312445,211.9754115631244,2.681604363526877e-16,True,True,0.0350102000002152,269.84375,269.8515625,0.0078125,10.0,,True,"{""finite_edges"": true, ""instance_metadata"": {""complete"": true, ""high"": 100.0, ""instance_type"": ""random_symmetric"", ""low"": 1.0, ""n"": 8, ""seed"": 0, ""symmetric"": true}, ""n_layers"": null, ""normalization_factor"": 90.6211234649642, ""normalize"": true, ""optimum_status"": ""ok"", ""seed"": 0, ""tau"": 10.0, ""valid_route"": true}"
tau_sweep,tau_sweep_random_symmetric_n8_seed0,random_symmetric,8,0,tn_exact,ok,"[7, 6, 5, 1, 3, 0, 2, 4]",211.97541156312445,211.9754115631244,2.681604363526877e-16,True,True,0.0342072999997071,269.8515625,269.8515625,0.0,12.0,,True,"{""finite_edges"": true, ""instance_metadata"": {""complete"": true, ""high"": 100.0, ""instance_type"": ""random_symmetric"", ""low"": 1.0, ""n"": 8, ""seed"": 0, ""symmetric"": true}, ""n_layers"": null, ""normalization_factor"": 90.6211234649642, ""normalize"": true, ""optimum_status"": ""ok"", ""seed"": 0, ""tau"": 12.0, ""valid_route"": true}"
tau_sweep,tau_sweep_random_symmetric_n8_seed0,random_symmetric,8,0,tn_exact,ok,"[7, 6, 5, 1, 3, 0, 2, 4]",211.97541156312445,211.9754115631244,2.681604363526877e-16,True,True,0.0332801999998082,269.8515625,269.8515625,0.0,14.0,,True,"{""finite_edges"": true, ""instance_metadata"": {""complete"": true, ""high"": 100.0, ""instance_type"": ""random_symmetric"", ""low"": 1.0, ""n"": 8, ""seed"": 0, ""symmetric"": true}, ""n_layers"": null, ""normalization_factor"": 90.6211234649642, ""normalize"": true, ""optimum_status"": ""ok"", ""seed"": 0, ""tau"": 14.0, ""valid_route"": true}"
tau_sweep,tau_sweep_random_symmetric_n8_seed0,random_symmetric,8,0,tn_exact,ok,"[7, 6, 5, 1, 3, 0, 2, 4]",211.97541156312445,211.9754115631244,2.681604363526877e-16,True,True,0.0332034000002749,269.8515625,269.8515625,0.0,16.0,,True,"{""finite_edges"": true, ""instance_metadata"": {""complete"": true, ""high"": 100.0, ""instance_type"": ""random_symmetric"", ""low"": 1.0, ""n"": 8, ""seed"": 0, ""symmetric"": true}, ""n_layers"": null, ""normalization_factor"": 90.6211234649642, ""normalize"": true, ""optimum_status"": ""ok"", ""seed"": 0, ""tau"": 16.0, ""valid_route"": true}"
tau_sweep,tau_sweep_random_symmetric_n8_seed0,random_symmetric,8,0,tn_exact,ok,"[7, 6, 5, 1, 3, 0, 2, 4]",211.97541156312445,211.9754115631244,2.681604363526877e-16,True,True,0.032930099999703,269.8515625,269.85546875,0.00390625,18.0,,True,"{""finite_edges"": true, ""instance_metadata"": {""complete"": true, ""high"": 100.0, ""instance_type"": ""random_symmetric"", ""low"": 1.0, ""n"": 8, ""seed"": 0, ""symmetric"": true}, ""n_layers"": null, ""normalization_factor"": 90.6211234649642, ""normalize"": true, ""optimum_status"": ""ok"", ""seed"": 0, ""tau"": 18.0, ""valid_route"": true}"
tau_sweep,tau_sweep_random_symmetric_n8_seed0,random_symmetric,8,0,tn_exact,ok,"[7, 6, 5, 1, 3, 0, 2, 4]",211.97541156312445,211.9754115631244,2.681604363526877e-16,True,True,0.0337610999999924,269.85546875,269.859375,0.00390625,20.0,,True,"{""finite_edges"": true, ""instance_metadata"": {""complete"": true, ""high"": 100.0, ""instance_type"": ""random_symmetric"", ""low"": 1.0, ""n"": 8, ""seed"": 0, ""symmetric"": true}, ""n_layers"": null, ""normalization_factor"": 90.6211234649642, ""normalize"": true, ""optimum_status"": ""ok"", ""seed"": 0, ""tau"": 20.0, ""valid_route"": true}"
tau_sweep,tau_sweep_random_symmetric_n8_seed0,random_symmetric,8,0,tn_exact,ok,"[7, 6, 5, 1, 3, 0, 2, 4]",211.97541156312445,211.9754115631244,2.681604363526877e-16,True,True,0.0323726000001443,269.859375,269.859375,0.0,22.0,,True,"{""finite_edges"": true, ""instance_metadata"": {""complete"": true, ""high"": 100.0, ""instance_type"": ""random_symmetric"", ""low"": 1.0, ""n"": 8, ""seed"": 0, ""symmetric"": true}, ""n_layers"": null, ""normalization_factor"": 90.6211234649642, ""normalize"": true, ""optimum_status"": ""ok"", ""seed"": 0, ""tau"": 22.0, ""valid_route"": true}"
tau_sweep,tau_sweep_random_symmetric_n8_seed0,random_symmetric,8,0,tn_exact,ok,"[7, 6, 5, 1, 3, 0, 2, 4]",211.97541156312445,211.9754115631244,2.681604363526877e-16,True,True,0.0332430000003114,269.859375,269.86328125,0.00390625,24.0,,True,"{""finite_edges"": true, ""instance_metadata"": {""complete"": true, ""high"": 100.0, ""instance_type"": ""random_symmetric"", ""low"": 1.0, ""n"": 8, ""seed"": 0, ""symmetric"": true}, ""n_layers"": null, ""normalization_factor"": 90.6211234649642, ""normalize"": true, ""optimum_status"": ""ok"", ""seed"": 0, ""tau"": 24.0, ""valid_route"": true}"
tau_sweep,tau_sweep_random_symmetric_n8_seed0,random_symmetric,8,0,tn_exact,ok,"[7, 6, 5, 1, 3, 0, 2, 4]",211.97541156312445,211.9754115631244,2.681604363526877e-16,True,True,0.0325696999998399,269.86328125,269.86328125,0.0,26.0,,True,"{""finite_edges"": true, ""instance_metadata"": {""complete"": true, ""high"": 100.0, ""instance_type"": ""random_symmetric"", ""low"": 1.0, ""n"": 8, ""seed"": 0, ""symmetric"": true}, ""n_layers"": null, ""normalization_factor"": 90.6211234649642, ""normalize"": true, ""optimum_status"": ""ok"", ""seed"": 0, ""tau"": 26.0, ""valid_route"": true}"
tau_sweep,tau_sweep_random_symmetric_n8_seed0,random_symmetric,8,0,tn_exact,ok,"[7, 6, 5, 1, 3, 0, 2, 4]",211.97541156312445,211.9754115631244,2.681604363526877e-16,True,True,0.0330348000002231,269.86328125,269.8671875,0.00390625,28.0,,True,"{""finite_edges"": true, ""instance_metadata"": {""complete"": true, ""high"": 100.0, ""instance_type"": ""random_symmetric"", ""low"": 1.0, ""n"": 8, ""seed"": 0, ""symmetric"": true}, ""n_layers"": null, ""normalization_factor"": 90.6211234649642, ""normalize"": true, ""optimum_status"": ""ok"", ""seed"": 0, ""tau"": 28.0, ""valid_route"": true}"
tau_sweep,tau_sweep_random_symmetric_n8_seed0,random_symmetric,8,0,tn_exact,ok,"[7, 6, 5, 1, 3, 0, 2, 4]",211.97541156312445,211.9754115631244,2.681604363526877e-16,True,True,0.0339002999999138,269.8671875,269.87109375,0.00390625,30.0,,True,"{""finite_edges"": true, ""instance_metadata"": {""complete"": true, ""high"": 100.0, ""instance_type"": ""random_symmetric"", ""low"": 1.0, ""n"": 8, ""seed"": 0, ""symmetric"": true}, ""n_layers"": null, ""normalization_factor"": 90.6211234649642, ""normalize"": true, ""optimum_status"": ""ok"", ""seed"": 0, ""tau"": 30.0, ""valid_route"": true}"
tau_sweep,tau_sweep_random_asymmetric_n8_seed0,random_asymmetric,8,0,tn_exact,ok,"[7, 2, 4, 0, 3, 1, 5, 6]",127.323334857886,127.323334857886,0.0,True,True,0.0350894999996853,269.87109375,269.89453125,0.0234375,10.0,,True,"{""finite_edges"": true, ""instance_metadata"": {""complete"": true, ""high"": 100.0, ""instance_type"": ""random_asymmetric"", ""low"": 1.0, ""n"": 8, ""seed"": 0, ""symmetric"": false}, ""n_layers"": null, ""normalization_factor"": 99.7237836431319, ""normalize"": true, ""optimum_status"": ""ok"", ""seed"": 0, ""tau"": 10.0, ""valid_route"": true}"
tau_sweep,tau_sweep_random_asymmetric_n8_seed0,random_asymmetric,8,0,tn_exact,ok,"[7, 2, 4, 0, 3, 1, 5, 6]",127.323334857886,127.323334857886,0.0,True,True,0.0332769000001462,269.89453125,269.8984375,0.00390625,12.0,,True,"{""finite_edges"": true, ""instance_metadata"": {""complete"": true, ""high"": 100.0, ""instance_type"": ""random_asymmetric"", ""low"": 1.0, ""n"": 8, ""seed"": 0, ""symmetric"": false}, ""n_layers"": null, ""normalization_factor"": 99.7237836431319, ""normalize"": true, ""optimum_status"": ""ok"", ""seed"": 0, ""tau"": 12.0, ""valid_route"": true}"
tau_sweep,tau_sweep_random_asymmetric_n8_seed0,random_asymmetric,8,0,tn_exact,ok,"[7, 2, 4, 0, 3, 1, 5, 6]",127.323334857886,127.323334857886,0.0,True,True,0.0332852999999886,269.8984375,269.90625,0.0078125,14.0,,True,"{""finite_edges"": true, ""instance_metadata"": {""complete"": true, ""high"": 100.0, ""instance_type"": ""random_asymmetric"", ""low"": 1.0, ""n"": 8, ""seed"": 0, ""symmetric"": false}, ""n_layers"": null, ""normalization_factor"": 99.7237836431319, ""normalize"": true, ""optimum_status"": ""ok"", ""seed"": 0, ""tau"": 14.0, ""valid_route"": true}"
tau_sweep,tau_sweep_random_asymmetric_n8_seed0,random_asymmetric,8,0,tn_exact,ok,"[7, 2, 4, 0, 3, 1, 5, 6]",127.323334857886,127.323334857886,0.0,True,True,0.0335709000000861,269.90625,269.9140625,0.0078125,16.0,,True,"{""finite_edges"": true, ""instance_metadata"": {""complete"": true, ""high"": 100.0, ""instance_type"": ""random_asymmetric"", ""low"": 1.0, ""n"": 8, ""seed"": 0, ""symmetric"": false}, ""n_layers"": null, ""normalization_factor"": 99.7237836431319, ""normalize"": true, ""optimum_status"": ""ok"", ""seed"": 0, ""tau"": 16.0, ""valid_route"": true}"
tau_sweep,tau_sweep_random_asymmetric_n8_seed0,random_asymmetric,8,0,tn_exact,ok,"[7, 2, 4, 0, 3, 1, 5, 6]",127.323334857886,127.323334857886,0.0,True,True,0.0333486000004086,269.9140625,269.93359375,0.01953125,18.0,,True,"{""finite_edges"": true, ""instance_metadata"": {""complete"": true, ""high"": 100.0, ""instance_type"": ""random_asymmetric"", ""low"": 1.0, ""n"": 8, ""seed"": 0, ""symmetric"": false}, ""n_layers"": null, ""normalization_factor"": 99.7237836431319, ""normalize"": true, ""optimum_status"": ""ok"", ""seed"": 0, ""tau"": 18.0, ""valid_route"": true}"
tau_sweep,tau_sweep_random_asymmetric_n8_seed0,random_asymmetric,8,0,tn_exact,ok,"[7, 2, 4, 0, 3, 1, 5, 6]",127.323334857886,127.323334857886,0.0,True,True,0.0352152999998907,269.93359375,269.9375,0.00390625,20.0,,True,"{""finite_edges"": true, ""instance_metadata"": {""complete"": true, ""high"": 100.0, ""instance_type"": ""random_asymmetric"", ""low"": 1.0, ""n"": 8, ""seed"": 0, ""symmetric"": false}, ""n_layers"": null, ""normalization_factor"": 99.7237836431319, ""normalize"": true, ""optimum_status"": ""ok"", ""seed"": 0, ""tau"": 20.0, ""valid_route"": true}"
tau_sweep,tau_sweep_random_asymmetric_n8_seed0,random_asymmetric,8,0,tn_exact,ok,"[7, 2, 4, 0, 3, 1, 5, 6]",127.323334857886,127.323334857886,0.0,True,True,0.0510584999997263,269.9375,269.9453125,0.0078125,22.0,,True,"{""finite_edges"": true, ""instance_metadata"": {""complete"": true, ""high"": 100.0, ""instance_type"": ""random_asymmetric"", ""low"": 1.0, ""n"": 8, ""seed"": 0, ""symmetric"": false}, ""n_layers"": null, ""normalization_factor"": 99.7237836431319, ""normalize"": true, ""optimum_status"": ""ok"", ""seed"": 0, ""tau"": 22.0, ""valid_route"": true}"
tau_sweep,tau_sweep_random_asymmetric_n8_seed0,random_asymmetric,8,0,tn_exact,ok,"[7, 2, 4, 0, 3, 1, 5, 6]",127.323334857886,127.323334857886,0.0,True,True,0.0350613000000521,269.9453125,269.953125,0.0078125,24.0,,True,"{""finite_edges"": true, ""instance_metadata"": {""complete"": true, ""high"": 100.0, ""instance_type"": ""random_asymmetric"", ""low"": 1.0, ""n"": 8, ""seed"": 0, ""symmetric"": false}, ""n_layers"": null, ""normalization_factor"": 99.7237836431319, ""normalize"": true, ""optimum_status"": ""ok"", ""seed"": 0, ""tau"": 24.0, ""valid_route"": true}"
tau_sweep,tau_sweep_random_asymmetric_n8_seed0,random_asymmetric,8,0,tn_exact,ok,"[7, 2, 4, 0, 3, 1, 5, 6]",127.323334857886,127.323334857886,0.0,True,True,0.0340305999998236,269.953125,269.97265625,0.01953125,26.0,,True,"{""finite_edges"": true, ""instance_metadata"": {""complete"": true, ""high"": 100.0, ""instance_type"": ""random_asymmetric"", ""low"": 1.0, ""n"": 8, ""seed"": 0, ""symmetric"": false}, ""n_layers"": null, ""normalization_factor"": 99.7237836431319, ""normalize"": true, ""optimum_status"": ""ok"", ""seed"": 0, ""tau"": 26.0, ""valid_route"": true}"
tau_sweep,tau_sweep_random_asymmetric_n8_seed0,random_asymmetric,8,0,tn_exact,ok,"[7, 2, 4, 0, 3, 1, 5, 6]",127.323334857886,127.323334857886,0.0,True,True,0.0339724999998907,269.97265625,269.9765625,0.00390625,28.0,,True,"{""finite_edges"": true, ""instance_metadata"": {""complete"": true, ""high"": 100.0, ""instance_type"": ""random_asymmetric"", ""low"": 1.0, ""n"": 8, ""seed"": 0, ""symmetric"": false}, ""n_layers"": null, ""normalization_factor"": 99.7237836431319, ""normalize"": true, ""optimum_status"": ""ok"", ""seed"": 0, ""tau"": 28.0, ""valid_route"": true}"
tau_sweep,tau_sweep_random_asymmetric_n8_seed0,random_asymmetric,8,0,tn_exact,ok,"[7, 2, 4, 0, 3, 1, 5, 6]",127.323334857886,127.323334857886,0.0,True,True,0.034610000000157,269.9765625,269.98828125,0.01171875,30.0,,True,"{""finite_edges"": true, ""instance_metadata"": {""complete"": true, ""high"": 100.0, ""instance_type"": ""random_asymmetric"", ""low"": 1.0, ""n"": 8, ""seed"": 0, ""symmetric"": false}, ""n_layers"": null, ""normalization_factor"": 99.7237836431319, ""normalize"": true, ""optimum_status"": ""ok"", ""seed"": 0, ""tau"": 30.0, ""valid_route"": true}"
tau_sweep,tau_sweep_euclidean_n8_seed1,euclidean,8,1,tn_exact,ok,"[7, 2, 4, 3, 5, 0, 1, 6]",2540.816236279214,2540.816236279214,0.0,True,True,0.0329947000000174,269.98828125,269.8828125,-0.10546875,10.0,,True,"{""finite_edges"": true, ""instance_metadata"": {""complete"": true, ""instance_type"": ""euclidean"", ""n"": 8, ""points"": [[511.82162470025673, 950.4636963259353], [144.15961271963374, 948.6494471372439], [311.83145201048546, 423.32644897257563], [827.7025938204417, 409.1991363691613], [549.5936876730595, 27.559113243068367], [753.5131086748066, 538.1433132192782], [329.73171649909216, 788.4287034284043], [303.19482929164496, 453.4978894806515]], ""scale"": 1000.0, ""seed"": 1, ""symmetric"": true}, ""n_layers"": null, ""normalization_factor"": 1006.3717962694622, ""normalize"": true, ""optimum_status"": ""ok"", ""seed"": 0, ""tau"": 10.0, ""valid_route"": true}"
tau_sweep,tau_sweep_euclidean_n8_seed1,euclidean,8,1,tn_exact,ok,"[7, 2, 4, 3, 5, 0, 1, 6]",2540.816236279214,2540.816236279214,0.0,True,True,0.0339088000000629,269.8828125,269.91015625,0.02734375,12.0,,True,"{""finite_edges"": true, ""instance_metadata"": {""complete"": true, ""instance_type"": ""euclidean"", ""n"": 8, ""points"": [[511.82162470025673, 950.4636963259353], [144.15961271963374, 948.6494471372439], [311.83145201048546, 423.32644897257563], [827.7025938204417, 409.1991363691613], [549.5936876730595, 27.559113243068367], [753.5131086748066, 538.1433132192782], [329.73171649909216, 788.4287034284043], [303.19482929164496, 453.4978894806515]], ""scale"": 1000.0, ""seed"": 1, ""symmetric"": true}, ""n_layers"": null, ""normalization_factor"": 1006.3717962694622, ""normalize"": true, ""optimum_status"": ""ok"", ""seed"": 0, ""tau"": 12.0, ""valid_route"": true}"
tau_sweep,tau_sweep_euclidean_n8_seed1,euclidean,8,1,tn_exact,ok,"[7, 2, 4, 3, 5, 0, 1, 6]",2540.816236279214,2540.816236279214,0.0,True,True,0.0336735999999291,269.91015625,269.921875,0.01171875,14.0,,True,"{""finite_edges"": true, ""instance_metadata"": {""complete"": true, ""instance_type"": ""euclidean"", ""n"": 8, ""points"": [[511.82162470025673, 950.4636963259353], [144.15961271963374, 948.6494471372439], [311.83145201048546, 423.32644897257563], [827.7025938204417, 409.1991363691613], [549.5936876730595, 27.559113243068367], [753.5131086748066, 538.1433132192782], [329.73171649909216, 788.4287034284043], [303.19482929164496, 453.4978894806515]], ""scale"": 1000.0, ""seed"": 1, ""symmetric"": true}, ""n_layers"": null, ""normalization_factor"": 1006.3717962694622, ""normalize"": true, ""optimum_status"": ""ok"", ""seed"": 0, ""tau"": 14.0, ""valid_route"": true}"
tau_sweep,tau_sweep_euclidean_n8_seed1,euclidean,8,1,tn_exact,ok,"[7, 2, 4, 3, 5, 0, 1, 6]",2540.816236279214,2540.816236279214,0.0,True,True,0.0330747000002702,269.921875,269.9375,0.015625,16.0,,True,"{""finite_edges"": true, ""instance_metadata"": {""complete"": true, ""instance_type"": ""euclidean"", ""n"": 8, ""points"": [[511.82162470025673, 950.4636963259353], [144.15961271963374, 948.6494471372439], [311.83145201048546, 423.32644897257563], [827.7025938204417, 409.1991363691613], [549.5936876730595, 27.559113243068367], [753.5131086748066, 538.1433132192782], [329.73171649909216, 788.4287034284043], [303.19482929164496, 453.4978894806515]], ""scale"": 1000.0, ""seed"": 1, ""symmetric"": true}, ""n_layers"": null, ""normalization_factor"": 1006.3717962694622, ""normalize"": true, ""optimum_status"": ""ok"", ""seed"": 0, ""tau"": 16.0, ""valid_route"": true}"
tau_sweep,tau_sweep_euclidean_n8_seed1,euclidean,8,1,tn_exact,ok,"[7, 2, 4, 3, 5, 0, 1, 6]",2540.816236279214,2540.816236279214,0.0,True,True,0.0334422000000813,269.9375,269.94921875,0.01171875,18.0,,True,"{""finite_edges"": true, ""instance_metadata"": {""complete"": true, ""instance_type"": ""euclidean"", ""n"": 8, ""points"": [[511.82162470025673, 950.4636963259353], [144.15961271963374, 948.6494471372439], [311.83145201048546, 423.32644897257563], [827.7025938204417, 409.1991363691613], [549.5936876730595, 27.559113243068367], [753.5131086748066, 538.1433132192782], [329.73171649909216, 788.4287034284043], [303.19482929164496, 453.4978894806515]], ""scale"": 1000.0, ""seed"": 1, ""symmetric"": true}, ""n_layers"": null, ""normalization_factor"": 1006.3717962694622, ""normalize"": true, ""optimum_status"": ""ok"", ""seed"": 0, ""tau"": 18.0, ""valid_route"": true}"
tau_sweep,tau_sweep_euclidean_n8_seed1,euclidean,8,1,tn_exact,ok,"[7, 2, 4, 3, 5, 0, 1, 6]",2540.816236279214,2540.816236279214,0.0,True,True,0.0345705999998244,269.94921875,269.97265625,0.0234375,20.0,,True,"{""finite_edges"": true, ""instance_metadata"": {""complete"": true, ""instance_type"": ""euclidean"", ""n"": 8, ""points"": [[511.82162470025673, 950.4636963259353], [144.15961271963374, 948.6494471372439], [311.83145201048546, 423.32644897257563], [827.7025938204417, 409.1991363691613], [549.5936876730595, 27.559113243068367], [753.5131086748066, 538.1433132192782], [329.73171649909216, 788.4287034284043], [303.19482929164496, 453.4978894806515]], ""scale"": 1000.0, ""seed"": 1, ""symmetric"": true}, ""n_layers"": null, ""normalization_factor"": 1006.3717962694622, ""normalize"": true, ""optimum_status"": ""ok"", ""seed"": 0, ""tau"": 20.0, ""valid_route"": true}"
tau_sweep,tau_sweep_euclidean_n8_seed1,euclidean,8,1,tn_exact,ok,"[7, 2, 4, 3, 5, 0, 1, 6]",2540.816236279214,2540.816236279214,0.0,True,True,0.0335261000000173,269.97265625,269.98046875,0.0078125,22.0,,True,"{""finite_edges"": true, ""instance_metadata"": {""complete"": true, ""instance_type"": ""euclidean"", ""n"": 8, ""points"": [[511.82162470025673, 950.4636963259353], [144.15961271963374, 948.6494471372439], [311.83145201048546, 423.32644897257563], [827.7025938204417, 409.1991363691613], [549.5936876730595, 27.559113243068367], [753.5131086748066, 538.1433132192782], [329.73171649909216, 788.4287034284043], [303.19482929164496, 453.4978894806515]], ""scale"": 1000.0, ""seed"": 1, ""symmetric"": true}, ""n_layers"": null, ""normalization_factor"": 1006.3717962694622, ""normalize"": true, ""optimum_status"": ""ok"", ""seed"": 0, ""tau"": 22.0, ""valid_route"": true}"
tau_sweep,tau_sweep_euclidean_n8_seed1,euclidean,8,1,tn_exact,ok,"[7, 2, 4, 3, 5, 0, 1, 6]",2540.816236279214,2540.816236279214,0.0,True,True,0.0326119999999718,269.98046875,269.99609375,0.015625,24.0,,True,"{""finite_edges"": true, ""instance_metadata"": {""complete"": true, ""instance_type"": ""euclidean"", ""n"": 8, ""points"": [[511.82162470025673, 950.4636963259353], [144.15961271963374, 948.6494471372439], [311.83145201048546, 423.32644897257563], [827.7025938204417, 409.1991363691613], [549.5936876730595, 27.559113243068367], [753.5131086748066, 538.1433132192782], [329.73171649909216, 788.4287034284043], [303.19482929164496, 453.4978894806515]], ""scale"": 1000.0, ""seed"": 1, ""symmetric"": true}, ""n_layers"": null, ""normalization_factor"": 1006.3717962694622, ""normalize"": true, ""optimum_status"": ""ok"", ""seed"": 0, ""tau"": 24.0, ""valid_route"": true}"
tau_sweep,tau_sweep_euclidean_n8_seed1,euclidean,8,1,tn_exact,ok,"[7, 2, 4, 3, 5, 0, 1, 6]",2540.816236279214,2540.816236279214,0.0,True,True,0.0336284999998497,269.99609375,270.0078125,0.01171875,26.0,,True,"{""finite_edges"": true, ""instance_metadata"": {""complete"": true, ""instance_type"": ""euclidean"", ""n"": 8, ""points"": [[511.82162470025673, 950.4636963259353], [144.15961271963374, 948.6494471372439], [311.83145201048546, 423.32644897257563], [827.7025938204417, 409.1991363691613], [549.5936876730595, 27.559113243068367], [753.5131086748066, 538.1433132192782], [329.73171649909216, 788.4287034284043], [303.19482929164496, 453.4978894806515]], ""scale"": 1000.0, ""seed"": 1, ""symmetric"": true}, ""n_layers"": null, ""normalization_factor"": 1006.3717962694622, ""normalize"": true, ""optimum_status"": ""ok"", ""seed"": 0, ""tau"": 26.0, ""valid_route"": true}"
tau_sweep,tau_sweep_euclidean_n8_seed1,euclidean,8,1,tn_exact,ok,"[7, 2, 4, 3, 5, 0, 1, 6]",2540.816236279214,2540.816236279214,0.0,True,True,0.039910299999974,270.0078125,270.03125,0.0234375,28.0,,True,"{""finite_edges"": true, ""instance_metadata"": {""complete"": true, ""instance_type"": ""euclidean"", ""n"": 8, ""points"": [[511.82162470025673, 950.4636963259353], [144.15961271963374, 948.6494471372439], [311.83145201048546, 423.32644897257563], [827.7025938204417, 409.1991363691613], [549.5936876730595, 27.559113243068367], [753.5131086748066, 538.1433132192782], [329.73171649909216, 788.4287034284043], [303.19482929164496, 453.4978894806515]], ""scale"": 1000.0, ""seed"": 1, ""symmetric"": true}, ""n_layers"": null, ""normalization_factor"": 1006.3717962694622, ""normalize"": true, ""optimum_status"": ""ok"", ""seed"": 0, ""tau"": 28.0, ""valid_route"": true}"
tau_sweep,tau_sweep_euclidean_n8_seed1,euclidean,8,1,tn_exact,ok,"[7, 2, 4, 3, 5, 0, 1, 6]",2540.816236279214,2540.816236279214,0.0,True,True,0.0352736999998342,270.03125,270.0390625,0.0078125,30.0,,True,"{""finite_edges"": true, ""instance_metadata"": {""complete"": true, ""instance_type"": ""euclidean"", ""n"": 8, ""points"": [[511.82162470025673, 950.4636963259353], [144.15961271963374, 948.6494471372439], [311.83145201048546, 423.32644897257563], [827.7025938204417, 409.1991363691613], [549.5936876730595, 27.559113243068367], [753.5131086748066, 538.1433132192782], [329.73171649909216, 788.4287034284043], [303.19482929164496, 453.4978894806515]], ""scale"": 1000.0, ""seed"": 1, ""symmetric"": true}, ""n_layers"": null, ""normalization_factor"": 1006.3717962694622, ""normalize"": true, ""optimum_status"": ""ok"", ""seed"": 0, ""tau"": 30.0, ""valid_route"": true}"
tau_sweep,tau_sweep_random_symmetric_n8_seed1,random_symmetric,8,1,tn_exact,ok,"[7, 4, 6, 1, 3, 2, 0, 5]",318.841342086089,318.841342086089,0.0,True,True,0.0361393999996835,270.0390625,270.0546875,0.015625,10.0,,True,"{""finite_edges"": true, ""instance_metadata"": {""complete"": true, ""high"": 100.0, ""instance_type"": ""random_symmetric"", ""low"": 1.0, ""n"": 8, ""seed"": 1, ""symmetric"": true}, ""n_layers"": null, ""normalization_factor"": 95.56017871965102, ""normalize"": true, ""optimum_status"": ""ok"", ""seed"": 0, ""tau"": 10.0, ""valid_route"": true}"
tau_sweep,tau_sweep_random_symmetric_n8_seed1,random_symmetric,8,1,tn_exact,ok,"[7, 4, 6, 1, 3, 2, 0, 5]",318.841342086089,318.841342086089,0.0,True,True,0.0368843000001106,270.0546875,270.06640625,0.01171875,12.0,,True,"{""finite_edges"": true, ""instance_metadata"": {""complete"": true, ""high"": 100.0, ""instance_type"": ""random_symmetric"", ""low"": 1.0, ""n"": 8, ""seed"": 1, ""symmetric"": true}, ""n_layers"": null, ""normalization_factor"": 95.56017871965102, ""normalize"": true, ""optimum_status"": ""ok"", ""seed"": 0, ""tau"": 12.0, ""valid_route"": true}"
tau_sweep,tau_sweep_random_symmetric_n8_seed1,random_symmetric,8,1,tn_exact,ok,"[7, 4, 6, 1, 3, 2, 0, 5]",318.841342086089,318.841342086089,0.0,True,True,0.0353360999997676,270.06640625,270.09765625,0.03125,14.0,,True,"{""finite_edges"": true, ""instance_metadata"": {""complete"": true, ""high"": 100.0, ""instance_type"": ""random_symmetric"", ""low"": 1.0, ""n"": 8, ""seed"": 1, ""symmetric"": true}, ""n_layers"": null, ""normalization_factor"": 95.56017871965102, ""normalize"": true, ""optimum_status"": ""ok"", ""seed"": 0, ""tau"": 14.0, ""valid_route"": true}"
tau_sweep,tau_sweep_random_symmetric_n8_seed1,random_symmetric,8,1,tn_exact,ok,"[7, 4, 6, 1, 3, 2, 0, 5]",318.841342086089,318.841342086089,0.0,True,True,0.0359988000000157,270.09765625,270.1171875,0.01953125,16.0,,True,"{""finite_edges"": true, ""instance_metadata"": {""complete"": true, ""high"": 100.0, ""instance_type"": ""random_symmetric"", ""low"": 1.0, ""n"": 8, ""seed"": 1, ""symmetric"": true}, ""n_layers"": null, ""normalization_factor"": 95.56017871965102, ""normalize"": true, ""optimum_status"": ""ok"", ""seed"": 0, ""tau"": 16.0, ""valid_route"": true}"
tau_sweep,tau_sweep_random_symmetric_n8_seed1,random_symmetric,8,1,tn_exact,ok,"[7, 4, 6, 1, 3, 2, 0, 5]",318.841342086089,318.841342086089,0.0,True,True,0.0822019000002001,270.1171875,270.12890625,0.01171875,18.0,,True,"{""finite_edges"": true, ""instance_metadata"": {""complete"": true, ""high"": 100.0, ""instance_type"": ""random_symmetric"", ""low"": 1.0, ""n"": 8, ""seed"": 1, ""symmetric"": true}, ""n_layers"": null, ""normalization_factor"": 95.56017871965102, ""normalize"": true, ""optimum_status"": ""ok"", ""seed"": 0, ""tau"": 18.0, ""valid_route"": true}"
tau_sweep,tau_sweep_random_symmetric_n8_seed1,random_symmetric,8,1,tn_exact,ok,"[7, 4, 6, 1, 3, 2, 0, 5]",318.841342086089,318.841342086089,0.0,True,True,0.0330062999996698,270.12890625,270.13671875,0.0078125,20.0,,True,"{""finite_edges"": true, ""instance_metadata"": {""complete"": true, ""high"": 100.0, ""instance_type"": ""random_symmetric"", ""low"": 1.0, ""n"": 8, ""seed"": 1, ""symmetric"": true}, ""n_layers"": null, ""normalization_factor"": 95.56017871965102, ""normalize"": true, ""optimum_status"": ""ok"", ""seed"": 0, ""tau"": 20.0, ""valid_route"": true}"
tau_sweep,tau_sweep_random_symmetric_n8_seed1,random_symmetric,8,1,tn_exact,ok,"[7, 4, 6, 1, 3, 2, 0, 5]",318.841342086089,318.841342086089,0.0,True,True,0.0337140000001454,270.13671875,269.96484375,-0.171875,22.0,,True,"{""finite_edges"": true, ""instance_metadata"": {""complete"": true, ""high"": 100.0, ""instance_type"": ""random_symmetric"", ""low"": 1.0, ""n"": 8, ""seed"": 1, ""symmetric"": true}, ""n_layers"": null, ""normalization_factor"": 95.56017871965102, ""normalize"": true, ""optimum_status"": ""ok"", ""seed"": 0, ""tau"": 22.0, ""valid_route"": true}"
tau_sweep,tau_sweep_random_symmetric_n8_seed1,random_symmetric,8,1,tn_exact,ok,"[7, 4, 6, 1, 3, 2, 0, 5]",318.841342086089,318.841342086089,0.0,True,True,0.033082199999626,269.96484375,269.98828125,0.0234375,24.0,,True,"{""finite_edges"": true, ""instance_metadata"": {""complete"": true, ""high"": 100.0, ""instance_type"": ""random_symmetric"", ""low"": 1.0, ""n"": 8, ""seed"": 1, ""symmetric"": true}, ""n_layers"": null, ""normalization_factor"": 95.56017871965102, ""normalize"": true, ""optimum_status"": ""ok"", ""seed"": 0, ""tau"": 24.0, ""valid_route"": true}"
tau_sweep,tau_sweep_random_symmetric_n8_seed1,random_symmetric,8,1,tn_exact,ok,"[7, 4, 6, 1, 3, 2, 0, 5]",318.841342086089,318.841342086089,0.0,True,True,0.0350401000000601,269.98828125,269.99609375,0.0078125,26.0,,True,"{""finite_edges"": true, ""instance_metadata"": {""complete"": true, ""high"": 100.0, ""instance_type"": ""random_symmetric"", ""low"": 1.0, ""n"": 8, ""seed"": 1, ""symmetric"": true}, ""n_layers"": null, ""normalization_factor"": 95.56017871965102, ""normalize"": true, ""optimum_status"": ""ok"", ""seed"": 0, ""tau"": 26.0, ""valid_route"": true}"
tau_sweep,tau_sweep_random_symmetric_n8_seed1,random_symmetric,8,1,tn_exact,ok,"[7, 4, 6, 1, 3, 2, 0, 5]",318.841342086089,318.841342086089,0.0,True,True,0.0352926999998999,269.99609375,270.00390625,0.0078125,28.0,,True,"{""finite_edges"": true, ""instance_metadata"": {""complete"": true, ""high"": 100.0, ""instance_type"": ""random_symmetric"", ""low"": 1.0, ""n"": 8, ""seed"": 1, ""symmetric"": true}, ""n_layers"": null, ""normalization_factor"": 95.56017871965102, ""normalize"": true, ""optimum_status"": ""ok"", ""seed"": 0, ""tau"": 28.0, ""valid_route"": true}"
tau_sweep,tau_sweep_random_symmetric_n8_seed1,random_symmetric,8,1,tn_exact,ok,"[7, 4, 6, 1, 3, 2, 0, 5]",318.841342086089,318.841342086089,0.0,True,True,0.0376553000000967,270.00390625,270.0078125,0.00390625,30.0,,True,"{""finite_edges"": true, ""instance_metadata"": {""complete"": true, ""high"": 100.0, ""instance_type"": ""random_symmetric"", ""low"": 1.0, ""n"": 8, ""seed"": 1, ""symmetric"": true}, ""n_layers"": null, ""normalization_factor"": 95.56017871965102, ""normalize"": true, ""optimum_status"": ""ok"", ""seed"": 0, ""tau"": 30.0, ""valid_route"": true}"
tau_sweep,tau_sweep_random_asymmetric_n8_seed1,random_asymmetric,8,1,tn_exact,ok,"[7, 5, 3, 6, 0, 2, 1, 4]",193.1828454564066,193.1828454564066,0.0,True,True,0.0356096999998953,270.0078125,270.015625,0.0078125,10.0,,True,"{""finite_edges"": true, ""instance_metadata"": {""complete"": true, ""high"": 100.0, ""instance_type"": ""random_asymmetric"", ""low"": 1.0, ""n"": 8, ""seed"": 1, ""symmetric"": false}, ""n_layers"": null, ""normalization_factor"": 98.09298278032263, ""normalize"": true, ""optimum_status"": ""ok"", ""seed"": 0, ""tau"": 10.0, ""valid_route"": true}"
tau_sweep,tau_sweep_random_asymmetric_n8_seed1,random_asymmetric,8,1,tn_exact,ok,"[7, 5, 3, 6, 0, 2, 1, 4]",193.1828454564066,193.1828454564066,0.0,True,True,0.0327116999997088,270.015625,270.015625,0.0,12.0,,True,"{""finite_edges"": true, ""instance_metadata"": {""complete"": true, ""high"": 100.0, ""instance_type"": ""random_asymmetric"", ""low"": 1.0, ""n"": 8, ""seed"": 1, ""symmetric"": false}, ""n_layers"": null, ""normalization_factor"": 98.09298278032263, ""normalize"": true, ""optimum_status"": ""ok"", ""seed"": 0, ""tau"": 12.0, ""valid_route"": true}"
tau_sweep,tau_sweep_random_asymmetric_n8_seed1,random_asymmetric,8,1,tn_exact,ok,"[7, 5, 3, 6, 0, 2, 1, 4]",193.1828454564066,193.1828454564066,0.0,True,True,0.0355473000004167,270.015625,270.0234375,0.0078125,14.0,,True,"{""finite_edges"": true, ""instance_metadata"": {""complete"": true, ""high"": 100.0, ""instance_type"": ""random_asymmetric"", ""low"": 1.0, ""n"": 8, ""seed"": 1, ""symmetric"": false}, ""n_layers"": null, ""normalization_factor"": 98.09298278032263, ""normalize"": true, ""optimum_status"": ""ok"", ""seed"": 0, ""tau"": 14.0, ""valid_route"": true}"
tau_sweep,tau_sweep_random_asymmetric_n8_seed1,random_asymmetric,8,1,tn_exact,ok,"[7, 5, 3, 6, 0, 2, 1, 4]",193.1828454564066,193.1828454564066,0.0,True,True,0.0351380000001881,270.0234375,270.02734375,0.00390625,16.0,,True,"{""finite_edges"": true, ""instance_metadata"": {""complete"": true, ""high"": 100.0, ""instance_type"": ""random_asymmetric"", ""low"": 1.0, ""n"": 8, ""seed"": 1, ""symmetric"": false}, ""n_layers"": null, ""normalization_factor"": 98.09298278032263, ""normalize"": true, ""optimum_status"": ""ok"", ""seed"": 0, ""tau"": 16.0, ""valid_route"": true}"
tau_sweep,tau_sweep_random_asymmetric_n8_seed1,random_asymmetric,8,1,tn_exact,ok,"[7, 5, 3, 6, 0, 2, 1, 4]",193.1828454564066,193.1828454564066,0.0,True,True,0.0338729000000057,270.02734375,269.99609375,-0.03125,18.0,,True,"{""finite_edges"": true, ""instance_metadata"": {""complete"": true, ""high"": 100.0, ""instance_type"": ""random_asymmetric"", ""low"": 1.0, ""n"": 8, ""seed"": 1, ""symmetric"": false}, ""n_layers"": null, ""normalization_factor"": 98.09298278032263, ""normalize"": true, ""optimum_status"": ""ok"", ""seed"": 0, ""tau"": 18.0, ""valid_route"": true}"
tau_sweep,tau_sweep_random_asymmetric_n8_seed1,random_asymmetric,8,1,tn_exact,ok,"[7, 5, 3, 6, 0, 2, 1, 4]",193.1828454564066,193.1828454564066,0.0,True,True,0.034595900000113,269.99609375,270.0,0.00390625,20.0,,True,"{""finite_edges"": true, ""instance_metadata"": {""complete"": true, ""high"": 100.0, ""instance_type"": ""random_asymmetric"", ""low"": 1.0, ""n"": 8, ""seed"": 1, ""symmetric"": false}, ""n_layers"": null, ""normalization_factor"": 98.09298278032263, ""normalize"": true, ""optimum_status"": ""ok"", ""seed"": 0, ""tau"": 20.0, ""valid_route"": true}"
tau_sweep,tau_sweep_random_asymmetric_n8_seed1,random_asymmetric,8,1,tn_exact,ok,"[7, 5, 3, 6, 0, 2, 1, 4]",193.1828454564066,193.1828454564066,0.0,True,True,0.0329343000003063,270.0,270.00390625,0.00390625,22.0,,True,"{""finite_edges"": true, ""instance_metadata"": {""complete"": true, ""high"": 100.0, ""instance_type"": ""random_asymmetric"", ""low"": 1.0, ""n"": 8, ""seed"": 1, ""symmetric"": false}, ""n_layers"": null, ""normalization_factor"": 98.09298278032263, ""normalize"": true, ""optimum_status"": ""ok"", ""seed"": 0, ""tau"": 22.0, ""valid_route"": true}"
tau_sweep,tau_sweep_random_asymmetric_n8_seed1,random_asymmetric,8,1,tn_exact,ok,"[7, 5, 3, 6, 0, 2, 1, 4]",193.1828454564066,193.1828454564066,0.0,True,True,0.0349073000002135,270.00390625,270.01171875,0.0078125,24.0,,True,"{""finite_edges"": true, ""instance_metadata"": {""complete"": true, ""high"": 100.0, ""instance_type"": ""random_asymmetric"", ""low"": 1.0, ""n"": 8, ""seed"": 1, ""symmetric"": false}, ""n_layers"": null, ""normalization_factor"": 98.09298278032263, ""normalize"": true, ""optimum_status"": ""ok"", ""seed"": 0, ""tau"": 24.0, ""valid_route"": true}"
tau_sweep,tau_sweep_random_asymmetric_n8_seed1,random_asymmetric,8,1,tn_exact,ok,"[7, 5, 3, 6, 0, 2, 1, 4]",193.1828454564066,193.1828454564066,0.0,True,True,0.0345303999997668,270.01171875,270.01953125,0.0078125,26.0,,True,"{""finite_edges"": true, ""instance_metadata"": {""complete"": true, ""high"": 100.0, ""instance_type"": ""random_asymmetric"", ""low"": 1.0, ""n"": 8, ""seed"": 1, ""symmetric"": false}, ""n_layers"": null, ""normalization_factor"": 98.09298278032263, ""normalize"": true, ""optimum_status"": ""ok"", ""seed"": 0, ""tau"": 26.0, ""valid_route"": true}"
tau_sweep,tau_sweep_random_asymmetric_n8_seed1,random_asymmetric,8,1,tn_exact,ok,"[7, 5, 3, 6, 0, 2, 1, 4]",193.1828454564066,193.1828454564066,0.0,True,True,0.0336511000000427,270.01953125,270.0234375,0.00390625,28.0,,True,"{""finite_edges"": true, ""instance_metadata"": {""complete"": true, ""high"": 100.0, ""instance_type"": ""random_asymmetric"", ""low"": 1.0, ""n"": 8, ""seed"": 1, ""symmetric"": false}, ""n_layers"": null, ""normalization_factor"": 98.09298278032263, ""normalize"": true, ""optimum_status"": ""ok"", ""seed"": 0, ""tau"": 28.0, ""valid_route"": true}"
tau_sweep,tau_sweep_random_asymmetric_n8_seed1,random_asymmetric,8,1,tn_exact,ok,"[7, 5, 3, 6, 0, 2, 1, 4]",193.1828454564066,193.1828454564066,0.0,True,True,0.0336512999997467,270.0234375,270.02734375,0.00390625,30.0,,True,"{""finite_edges"": true, ""instance_metadata"": {""complete"": true, ""high"": 100.0, ""instance_type"": ""random_asymmetric"", ""low"": 1.0, ""n"": 8, ""seed"": 1, ""symmetric"": false}, ""n_layers"": null, ""normalization_factor"": 98.09298278032263, ""normalize"": true, ""optimum_status"": ""ok"", ""seed"": 0, ""tau"": 30.0, ""valid_route"": true}"
tau_sweep,tau_sweep_euclidean_n8_seed2,euclidean,8,2,tn_exact,ok,"[7, 6, 2, 1, 5, 3, 0, 4]",2294.803126824912,2294.803126824912,0.0,True,True,0.0330642999997508,270.02734375,270.03515625,0.0078125,10.0,,True,"{""finite_edges"": true, ""instance_metadata"": {""complete"": true, ""instance_type"": ""euclidean"", ""n"": 8, ""points"": [[261.6121342493164, 298.4911434141233], [814.2257405942803, 91.91594213509691], [600.100525965654, 728.5605268117946], [187.90107336660344, 55.14662733306819], [274.9693679060381, 657.4330148755926], [562.265662780428, 150.06226330533613], [432.6307908047872, 669.2972985745203], [422.7846732701278, 633.1843992741165]], ""scale"": 1000.0, ""seed"": 2, ""symmetric"": true}, ""n_layers"": null, ""normalization_factor"": 789.553461606053, ""normalize"": true, ""optimum_status"": ""ok"", ""seed"": 0, ""tau"": 10.0, ""valid_route"": true}"
tau_sweep,tau_sweep_euclidean_n8_seed2,euclidean,8,2,tn_exact,ok,"[7, 6, 2, 1, 5, 3, 0, 4]",2294.803126824912,2294.803126824912,0.0,True,True,0.0340602999999646,270.03515625,270.0390625,0.00390625,12.0,,True,"{""finite_edges"": true, ""instance_metadata"": {""complete"": true, ""instance_type"": ""euclidean"", ""n"": 8, ""points"": [[261.6121342493164, 298.4911434141233], [814.2257405942803, 91.91594213509691], [600.100525965654, 728.5605268117946], [187.90107336660344, 55.14662733306819], [274.9693679060381, 657.4330148755926], [562.265662780428, 150.06226330533613], [432.6307908047872, 669.2972985745203], [422.7846732701278, 633.1843992741165]], ""scale"": 1000.0, ""seed"": 2, ""symmetric"": true}, ""n_layers"": null, ""normalization_factor"": 789.553461606053, ""normalize"": true, ""optimum_status"": ""ok"", ""seed"": 0, ""tau"": 12.0, ""valid_route"": true}"
tau_sweep,tau_sweep_euclidean_n8_seed2,euclidean,8,2,tn_exact,ok,"[7, 6, 2, 1, 5, 3, 0, 4]",2294.803126824912,2294.803126824912,0.0,True,True,0.03233900000032,270.0390625,270.046875,0.0078125,14.0,,True,"{""finite_edges"": true, ""instance_metadata"": {""complete"": true, ""instance_type"": ""euclidean"", ""n"": 8, ""points"": [[261.6121342493164, 298.4911434141233], [814.2257405942803, 91.91594213509691], [600.100525965654, 728.5605268117946], [187.90107336660344, 55.14662733306819], [274.9693679060381, 657.4330148755926], [562.265662780428, 150.06226330533613], [432.6307908047872, 669.2972985745203], [422.7846732701278, 633.1843992741165]], ""scale"": 1000.0, ""seed"": 2, ""symmetric"": true}, ""n_layers"": null, ""normalization_factor"": 789.553461606053, ""normalize"": true, ""optimum_status"": ""ok"", ""seed"": 0, ""tau"": 14.0, ""valid_route"": true}"
tau_sweep,tau_sweep_euclidean_n8_seed2,euclidean,8,2,tn_exact,ok,"[7, 6, 2, 1, 5, 3, 0, 4]",2294.803126824912,2294.803126824912,0.0,True,True,0.034878099999787,270.046875,270.05078125,0.00390625,16.0,,True,"{""finite_edges"": true, ""instance_metadata"": {""complete"": true, ""instance_type"": ""euclidean"", ""n"": 8, ""points"": [[261.6121342493164, 298.4911434141233], [814.2257405942803, 91.91594213509691], [600.100525965654, 728.5605268117946], [187.90107336660344, 55.14662733306819], [274.9693679060381, 657.4330148755926], [562.265662780428, 150.06226330533613], [432.6307908047872, 669.2972985745203], [422.7846732701278, 633.1843992741165]], ""scale"": 1000.0, ""seed"": 2, ""symmetric"": true}, ""n_layers"": null, ""normalization_factor"": 789.553461606053, ""normalize"": true, ""optimum_status"": ""ok"", ""seed"": 0, ""tau"": 16.0, ""valid_route"": true}"
tau_sweep,tau_sweep_euclidean_n8_seed2,euclidean,8,2,tn_exact,ok,"[7, 6, 2, 1, 5, 3, 0, 4]",2294.803126824912,2294.803126824912,0.0,True,True,0.0339945000000625,270.05078125,270.0546875,0.00390625,18.0,,True,"{""finite_edges"": true, ""instance_metadata"": {""complete"": true, ""instance_type"": ""euclidean"", ""n"": 8, ""points"": [[261.6121342493164, 298.4911434141233], [814.2257405942803, 91.91594213509691], [600.100525965654, 728.5605268117946], [187.90107336660344, 55.14662733306819], [274.9693679060381, 657.4330148755926], [562.265662780428, 150.06226330533613], [432.6307908047872, 669.2972985745203], [422.7846732701278, 633.1843992741165]], ""scale"": 1000.0, ""seed"": 2, ""symmetric"": true}, ""n_layers"": null, ""normalization_factor"": 789.553461606053, ""normalize"": true, ""optimum_status"": ""ok"", ""seed"": 0, ""tau"": 18.0, ""valid_route"": true}"
tau_sweep,tau_sweep_euclidean_n8_seed2,euclidean,8,2,tn_exact,ok,"[7, 6, 2, 1, 5, 3, 0, 4]",2294.803126824912,2294.803126824912,0.0,True,True,0.0346683000002485,270.0546875,270.1171875,0.0625,20.0,,True,"{""finite_edges"": true, ""instance_metadata"": {""complete"": true, ""instance_type"": ""euclidean"", ""n"": 8, ""points"": [[261.6121342493164, 298.4911434141233], [814.2257405942803, 91.91594213509691], [600.100525965654, 728.5605268117946], [187.90107336660344, 55.14662733306819], [274.9693679060381, 657.4330148755926], [562.265662780428, 150.06226330533613], [432.6307908047872, 669.2972985745203], [422.7846732701278, 633.1843992741165]], ""scale"": 1000.0, ""seed"": 2, ""symmetric"": true}, ""n_layers"": null, ""normalization_factor"": 789.553461606053, ""normalize"": true, ""optimum_status"": ""ok"", ""seed"": 0, ""tau"": 20.0, ""valid_route"": true}"
tau_sweep,tau_sweep_euclidean_n8_seed2,euclidean,8,2,tn_exact,ok,"[7, 6, 2, 1, 5, 3, 0, 4]",2294.803126824912,2294.803126824912,0.0,True,True,0.033517600000323,270.1171875,270.1171875,0.0,22.0,,True,"{""finite_edges"": true, ""instance_metadata"": {""complete"": true, ""instance_type"": ""euclidean"", ""n"": 8, ""points"": [[261.6121342493164, 298.4911434141233], [814.2257405942803, 91.91594213509691], [600.100525965654, 728.5605268117946], [187.90107336660344, 55.14662733306819], [274.9693679060381, 657.4330148755926], [562.265662780428, 150.06226330533613], [432.6307908047872, 669.2972985745203], [422.7846732701278, 633.1843992741165]], ""scale"": 1000.0, ""seed"": 2, ""symmetric"": true}, ""n_layers"": null, ""normalization_factor"": 789.553461606053, ""normalize"": true, ""optimum_status"": ""ok"", ""seed"": 0, ""tau"": 22.0, ""valid_route"": true}"
tau_sweep,tau_sweep_euclidean_n8_seed2,euclidean,8,2,tn_exact,ok,"[7, 6, 2, 1, 5, 3, 0, 4]",2294.803126824912,2294.803126824912,0.0,True,True,0.0345345999999153,270.1171875,270.1171875,0.0,24.0,,True,"{""finite_edges"": true, ""instance_metadata"": {""complete"": true, ""instance_type"": ""euclidean"", ""n"": 8, ""points"": [[261.6121342493164, 298.4911434141233], [814.2257405942803, 91.91594213509691], [600.100525965654, 728.5605268117946], [187.90107336660344, 55.14662733306819], [274.9693679060381, 657.4330148755926], [562.265662780428, 150.06226330533613], [432.6307908047872, 669.2972985745203], [422.7846732701278, 633.1843992741165]], ""scale"": 1000.0, ""seed"": 2, ""symmetric"": true}, ""n_layers"": null, ""normalization_factor"": 789.553461606053, ""normalize"": true, ""optimum_status"": ""ok"", ""seed"": 0, ""tau"": 24.0, ""valid_route"": true}"
tau_sweep,tau_sweep_euclidean_n8_seed2,euclidean,8,2,tn_exact,ok,"[7, 6, 2, 1, 5, 3, 0, 4]",2294.803126824912,2294.803126824912,0.0,True,True,0.0336131999997633,270.1171875,270.1171875,0.0,26.0,,True,"{""finite_edges"": true, ""instance_metadata"": {""complete"": true, ""instance_type"": ""euclidean"", ""n"": 8, ""points"": [[261.6121342493164, 298.4911434141233], [814.2257405942803, 91.91594213509691], [600.100525965654, 728.5605268117946], [187.90107336660344, 55.14662733306819], [274.9693679060381, 657.4330148755926], [562.265662780428, 150.06226330533613], [432.6307908047872, 669.2972985745203], [422.7846732701278, 633.1843992741165]], ""scale"": 1000.0, ""seed"": 2, ""symmetric"": true}, ""n_layers"": null, ""normalization_factor"": 789.553461606053, ""normalize"": true, ""optimum_status"": ""ok"", ""seed"": 0, ""tau"": 26.0, ""valid_route"": true}"
tau_sweep,tau_sweep_euclidean_n8_seed2,euclidean,8,2,tn_exact,ok,"[7, 6, 2, 1, 5, 3, 0, 4]",2294.803126824912,2294.803126824912,0.0,True,True,0.03361330000007,270.1171875,270.1171875,0.0,28.0,,True,"{""finite_edges"": true, ""instance_metadata"": {""complete"": true, ""instance_type"": ""euclidean"", ""n"": 8, ""points"": [[261.6121342493164, 298.4911434141233], [814.2257405942803, 91.91594213509691], [600.100525965654, 728.5605268117946], [187.90107336660344, 55.14662733306819], [274.9693679060381, 657.4330148755926], [562.265662780428, 150.06226330533613], [432.6307908047872, 669.2972985745203], [422.7846732701278, 633.1843992741165]], ""scale"": 1000.0, ""seed"": 2, ""symmetric"": true}, ""n_layers"": null, ""normalization_factor"": 789.553461606053, ""normalize"": true, ""optimum_status"": ""ok"", ""seed"": 0, ""tau"": 28.0, ""valid_route"": true}"
tau_sweep,tau_sweep_euclidean_n8_seed2,euclidean,8,2,tn_exact,ok,"[7, 6, 2, 1, 5, 3, 0, 4]",2294.803126824912,2294.803126824912,0.0,True,True,0.0337875000000167,270.1171875,270.1171875,0.0,30.0,,True,"{""finite_edges"": true, ""instance_metadata"": {""complete"": true, ""instance_type"": ""euclidean"", ""n"": 8, ""points"": [[261.6121342493164, 298.4911434141233], [814.2257405942803, 91.91594213509691], [600.100525965654, 728.5605268117946], [187.90107336660344, 55.14662733306819], [274.9693679060381, 657.4330148755926], [562.265662780428, 150.06226330533613], [432.6307908047872, 669.2972985745203], [422.7846732701278, 633.1843992741165]], ""scale"": 1000.0, ""seed"": 2, ""symmetric"": true}, ""n_layers"": null, ""normalization_factor"": 789.553461606053, ""normalize"": true, ""optimum_status"": ""ok"", ""seed"": 0, ""tau"": 30.0, ""valid_route"": true}"
tau_sweep,tau_sweep_random_symmetric_n8_seed2,random_symmetric,8,2,tn_exact,ok,"[7, 5, 3, 0, 6, 1, 2, 4]",255.78590472523757,255.78590472523751,1.1111522920285348e-16,True,True,0.0338041999998495,270.1171875,270.1171875,0.0,10.0,,True,"{""finite_edges"": true, ""instance_metadata"": {""complete"": true, ""high"": 100.0, ""instance_type"": ""random_symmetric"", ""low"": 1.0, ""n"": 8, ""seed"": 2, ""symmetric"": true}, ""n_layers"": null, ""normalization_factor"": 89.19225380785386, ""normalize"": true, ""optimum_status"": ""ok"", ""seed"": 0, ""tau"": 10.0, ""valid_route"": true}"
tau_sweep,tau_sweep_random_symmetric_n8_seed2,random_symmetric,8,2,tn_exact,ok,"[7, 5, 3, 0, 6, 1, 2, 4]",255.78590472523757,255.78590472523751,1.1111522920285348e-16,True,True,0.0323376000001189,270.1171875,270.1171875,0.0,12.0,,True,"{""finite_edges"": true, ""instance_metadata"": {""complete"": true, ""high"": 100.0, ""instance_type"": ""random_symmetric"", ""low"": 1.0, ""n"": 8, ""seed"": 2, ""symmetric"": true}, ""n_layers"": null, ""normalization_factor"": 89.19225380785386, ""normalize"": true, ""optimum_status"": ""ok"", ""seed"": 0, ""tau"": 12.0, ""valid_route"": true}"
tau_sweep,tau_sweep_random_symmetric_n8_seed2,random_symmetric,8,2,tn_exact,ok,"[7, 5, 3, 0, 6, 1, 2, 4]",255.78590472523757,255.78590472523751,1.1111522920285348e-16,True,True,0.0319527999999991,270.1171875,270.1171875,0.0,14.0,,True,"{""finite_edges"": true, ""instance_metadata"": {""complete"": true, ""high"": 100.0, ""instance_type"": ""random_symmetric"", ""low"": 1.0, ""n"": 8, ""seed"": 2, ""symmetric"": true}, ""n_layers"": null, ""normalization_factor"": 89.19225380785386, ""normalize"": true, ""optimum_status"": ""ok"", ""seed"": 0, ""tau"": 14.0, ""valid_route"": true}"
tau_sweep,tau_sweep_random_symmetric_n8_seed2,random_symmetric,8,2,tn_exact,ok,"[7, 5, 3, 0, 6, 1, 2, 4]",255.78590472523757,255.78590472523751,1.1111522920285348e-16,True,True,0.0331406999998762,270.1171875,270.1171875,0.0,16.0,,True,"{""finite_edges"": true, ""instance_metadata"": {""complete"": true, ""high"": 100.0, ""instance_type"": ""random_symmetric"", ""low"": 1.0, ""n"": 8, ""seed"": 2, ""symmetric"": true}, ""n_layers"": null, ""normalization_factor"": 89.19225380785386, ""normalize"": true, ""optimum_status"": ""ok"", ""seed"": 0, ""tau"": 16.0, ""valid_route"": true}"
tau_sweep,tau_sweep_random_symmetric_n8_seed2,random_symmetric,8,2,tn_exact,ok,"[7, 5, 3, 0, 6, 1, 2, 4]",255.78590472523757,255.78590472523751,1.1111522920285348e-16,True,True,0.0343017999998664,270.1171875,270.1171875,0.0,18.0,,True,"{""finite_edges"": true, ""instance_metadata"": {""complete"": true, ""high"": 100.0, ""instance_type"": ""random_symmetric"", ""low"": 1.0, ""n"": 8, ""seed"": 2, ""symmetric"": true}, ""n_layers"": null, ""normalization_factor"": 89.19225380785386, ""normalize"": true, ""optimum_status"": ""ok"", ""seed"": 0, ""tau"": 18.0, ""valid_route"": true}"
tau_sweep,tau_sweep_random_symmetric_n8_seed2,random_symmetric,8,2,tn_exact,ok,"[7, 5, 3, 0, 6, 1, 2, 4]",255.78590472523757,255.78590472523751,1.1111522920285348e-16,True,True,0.0333279000001311,270.1171875,270.1171875,0.0,20.0,,True,"{""finite_edges"": true, ""instance_metadata"": {""complete"": true, ""high"": 100.0, ""instance_type"": ""random_symmetric"", ""low"": 1.0, ""n"": 8, ""seed"": 2, ""symmetric"": true}, ""n_layers"": null, ""normalization_factor"": 89.19225380785386, ""normalize"": true, ""optimum_status"": ""ok"", ""seed"": 0, ""tau"": 20.0, ""valid_route"": true}"
tau_sweep,tau_sweep_random_symmetric_n8_seed2,random_symmetric,8,2,tn_exact,ok,"[7, 5, 3, 0, 6, 1, 2, 4]",255.78590472523757,255.78590472523751,1.1111522920285348e-16,True,True,0.0335919999997713,270.1171875,270.1796875,0.0625,22.0,,True,"{""finite_edges"": true, ""instance_metadata"": {""complete"": true, ""high"": 100.0, ""instance_type"": ""random_symmetric"", ""low"": 1.0, ""n"": 8, ""seed"": 2, ""symmetric"": true}, ""n_layers"": null, ""normalization_factor"": 89.19225380785386, ""normalize"": true, ""optimum_status"": ""ok"", ""seed"": 0, ""tau"": 22.0, ""valid_route"": true}"
tau_sweep,tau_sweep_random_symmetric_n8_seed2,random_symmetric,8,2,tn_exact,ok,"[7, 5, 3, 0, 6, 1, 2, 4]",255.78590472523757,255.78590472523751,1.1111522920285348e-16,True,True,0.0330933999998706,270.1796875,270.1796875,0.0,24.0,,True,"{""finite_edges"": true, ""instance_metadata"": {""complete"": true, ""high"": 100.0, ""instance_type"": ""random_symmetric"", ""low"": 1.0, ""n"": 8, ""seed"": 2, ""symmetric"": true}, ""n_layers"": null, ""normalization_factor"": 89.19225380785386, ""normalize"": true, ""optimum_status"": ""ok"", ""seed"": 0, ""tau"": 24.0, ""valid_route"": true}"
tau_sweep,tau_sweep_random_symmetric_n8_seed2,random_symmetric,8,2,tn_exact,ok,"[7, 5, 3, 0, 6, 1, 2, 4]",255.78590472523757,255.78590472523751,1.1111522920285348e-16,True,True,0.0341250000001309,270.1796875,270.1796875,0.0,26.0,,True,"{""finite_edges"": true, ""instance_metadata"": {""complete"": true, ""high"": 100.0, ""instance_type"": ""random_symmetric"", ""low"": 1.0, ""n"": 8, ""seed"": 2, ""symmetric"": true}, ""n_layers"": null, ""normalization_factor"": 89.19225380785386, ""normalize"": true, ""optimum_status"": ""ok"", ""seed"": 0, ""tau"": 26.0, ""valid_route"": true}"
tau_sweep,tau_sweep_random_symmetric_n8_seed2,random_symmetric,8,2,tn_exact,ok,"[7, 5, 3, 0, 6, 1, 2, 4]",255.78590472523757,255.78590472523751,1.1111522920285348e-16,True,True,0.0746828000001187,270.1796875,270.1171875,-0.0625,28.0,,True,"{""finite_edges"": true, ""instance_metadata"": {""complete"": true, ""high"": 100.0, ""instance_type"": ""random_symmetric"", ""low"": 1.0, ""n"": 8, ""seed"": 2, ""symmetric"": true}, ""n_layers"": null, ""normalization_factor"": 89.19225380785386, ""normalize"": true, ""optimum_status"": ""ok"", ""seed"": 0, ""tau"": 28.0, ""valid_route"": true}"
tau_sweep,tau_sweep_random_symmetric_n8_seed2,random_symmetric,8,2,tn_exact,ok,"[7, 5, 3, 0, 6, 1, 2, 4]",255.78590472523757,255.78590472523751,1.1111522920285348e-16,True,True,0.0332135999997262,270.1171875,270.1171875,0.0,30.0,,True,"{""finite_edges"": true, ""instance_metadata"": {""complete"": true, ""high"": 100.0, ""instance_type"": ""random_symmetric"", ""low"": 1.0, ""n"": 8, ""seed"": 2, ""symmetric"": true}, ""n_layers"": null, ""normalization_factor"": 89.19225380785386, ""normalize"": true, ""optimum_status"": ""ok"", ""seed"": 0, ""tau"": 30.0, ""valid_route"": true}"
tau_sweep,tau_sweep_random_asymmetric_n8_seed2,random_asymmetric,8,2,tn_exact,ok,"[7, 4, 2, 3, 5, 6, 1, 0]",205.9562461108989,205.9562461108989,0.0,True,True,0.0314040000002933,270.1171875,270.1171875,0.0,10.0,,True,"{""finite_edges"": true, ""instance_metadata"": {""complete"": true, ""high"": 100.0, ""instance_type"": ""random_asymmetric"", ""low"": 1.0, ""n"": 8, ""seed"": 2, ""symmetric"": false}, ""n_layers"": null, ""normalization_factor"": 97.39419820081707, ""normalize"": true, ""optimum_status"": ""ok"", ""seed"": 0, ""tau"": 10.0, ""valid_route"": true}"
tau_sweep,tau_sweep_random_asymmetric_n8_seed2,random_asymmetric,8,2,tn_exact,ok,"[7, 4, 2, 3, 5, 6, 1, 0]",205.9562461108989,205.9562461108989,0.0,True,True,0.0322408000001814,270.1171875,270.1171875,0.0,12.0,,True,"{""finite_edges"": true, ""instance_metadata"": {""complete"": true, ""high"": 100.0, ""instance_type"": ""random_asymmetric"", ""low"": 1.0, ""n"": 8, ""seed"": 2, ""symmetric"": false}, ""n_layers"": null, ""normalization_factor"": 97.39419820081707, ""normalize"": true, ""optimum_status"": ""ok"", ""seed"": 0, ""tau"": 12.0, ""valid_route"": true}"
tau_sweep,tau_sweep_random_asymmetric_n8_seed2,random_asymmetric,8,2,tn_exact,ok,"[7, 4, 2, 3, 5, 6, 1, 0]",205.9562461108989,205.9562461108989,0.0,True,True,0.0327661999999691,270.1171875,270.1171875,0.0,14.0,,True,"{""finite_edges"": true, ""instance_metadata"": {""complete"": true, ""high"": 100.0, ""instance_type"": ""random_asymmetric"", ""low"": 1.0, ""n"": 8, ""seed"": 2, ""symmetric"": false}, ""n_layers"": null, ""normalization_factor"": 97.39419820081707, ""normalize"": true, ""optimum_status"": ""ok"", ""seed"": 0, ""tau"": 14.0, ""valid_route"": true}"
tau_sweep,tau_sweep_random_asymmetric_n8_seed2,random_asymmetric,8,2,tn_exact,ok,"[7, 4, 2, 3, 5, 6, 1, 0]",205.9562461108989,205.9562461108989,0.0,True,True,0.0327188000001115,270.1171875,270.1171875,0.0,16.0,,True,"{""finite_edges"": true, ""instance_metadata"": {""complete"": true, ""high"": 100.0, ""instance_type"": ""random_asymmetric"", ""low"": 1.0, ""n"": 8, ""seed"": 2, ""symmetric"": false}, ""n_layers"": null, ""normalization_factor"": 97.39419820081707, ""normalize"": true, ""optimum_status"": ""ok"", ""seed"": 0, ""tau"": 16.0, ""valid_route"": true}"
tau_sweep,tau_sweep_random_asymmetric_n8_seed2,random_asymmetric,8,2,tn_exact,ok,"[7, 4, 2, 3, 5, 6, 1, 0]",205.9562461108989,205.9562461108989,0.0,True,True,0.033034999999927,270.1171875,270.1171875,0.0,18.0,,True,"{""finite_edges"": true, ""instance_metadata"": {""complete"": true, ""high"": 100.0, ""instance_type"": ""random_asymmetric"", ""low"": 1.0, ""n"": 8, ""seed"": 2, ""symmetric"": false}, ""n_layers"": null, ""normalization_factor"": 97.39419820081707, ""normalize"": true, ""optimum_status"": ""ok"", ""seed"": 0, ""tau"": 18.0, ""valid_route"": true}"
tau_sweep,tau_sweep_random_asymmetric_n8_seed2,random_asymmetric,8,2,tn_exact,ok,"[7, 4, 2, 3, 5, 6, 1, 0]",205.9562461108989,205.9562461108989,0.0,True,True,0.0338931000001139,270.1171875,270.1171875,0.0,20.0,,True,"{""finite_edges"": true, ""instance_metadata"": {""complete"": true, ""high"": 100.0, ""instance_type"": ""random_asymmetric"", ""low"": 1.0, ""n"": 8, ""seed"": 2, ""symmetric"": false}, ""n_layers"": null, ""normalization_factor"": 97.39419820081707, ""normalize"": true, ""optimum_status"": ""ok"", ""seed"": 0, ""tau"": 20.0, ""valid_route"": true}"
tau_sweep,tau_sweep_random_asymmetric_n8_seed2,random_asymmetric,8,2,tn_exact,ok,"[7, 4, 2, 3, 5, 6, 1, 0]",205.9562461108989,205.9562461108989,0.0,True,True,0.0324163000000226,270.1171875,270.1171875,0.0,22.0,,True,"{""finite_edges"": true, ""instance_metadata"": {""complete"": true, ""high"": 100.0, ""instance_type"": ""random_asymmetric"", ""low"": 1.0, ""n"": 8, ""seed"": 2, ""symmetric"": false}, ""n_layers"": null, ""normalization_factor"": 97.39419820081707, ""normalize"": true, ""optimum_status"": ""ok"", ""seed"": 0, ""tau"": 22.0, ""valid_route"": true}"
tau_sweep,tau_sweep_random_asymmetric_n8_seed2,random_asymmetric,8,2,tn_exact,ok,"[7, 4, 2, 3, 5, 6, 1, 0]",205.9562461108989,205.9562461108989,0.0,True,True,0.0360293999997338,270.1171875,270.1171875,0.0,24.0,,True,"{""finite_edges"": true, ""instance_metadata"": {""complete"": true, ""high"": 100.0, ""instance_type"": ""random_asymmetric"", ""low"": 1.0, ""n"": 8, ""seed"": 2, ""symmetric"": false}, ""n_layers"": null, ""normalization_factor"": 97.39419820081707, ""normalize"": true, ""optimum_status"": ""ok"", ""seed"": 0, ""tau"": 24.0, ""valid_route"": true}"
tau_sweep,tau_sweep_random_asymmetric_n8_seed2,random_asymmetric,8,2,tn_exact,ok,"[7, 4, 2, 3, 5, 6, 1, 0]",205.9562461108989,205.9562461108989,0.0,True,True,0.0378570000002582,270.1171875,270.1171875,0.0,26.0,,True,"{""finite_edges"": true, ""instance_metadata"": {""complete"": true, ""high"": 100.0, ""instance_type"": ""random_asymmetric"", ""low"": 1.0, ""n"": 8, ""seed"": 2, ""symmetric"": false}, ""n_layers"": null, ""normalization_factor"": 97.39419820081707, ""normalize"": true, ""optimum_status"": ""ok"", ""seed"": 0, ""tau"": 26.0, ""valid_route"": true}"
tau_sweep,tau_sweep_random_asymmetric_n8_seed2,random_asymmetric,8,2,tn_exact,ok,"[7, 4, 2, 3, 5, 6, 1, 0]",205.9562461108989,205.9562461108989,0.0,True,True,0.0363786999996591,270.1171875,270.1171875,0.0,28.0,,True,"{""finite_edges"": true, ""instance_metadata"": {""complete"": true, ""high"": 100.0, ""instance_type"": ""random_asymmetric"", ""low"": 1.0, ""n"": 8, ""seed"": 2, ""symmetric"": false}, ""n_layers"": null, ""normalization_factor"": 97.39419820081707, ""normalize"": true, ""optimum_status"": ""ok"", ""seed"": 0, ""tau"": 28.0, ""valid_route"": true}"
tau_sweep,tau_sweep_random_asymmetric_n8_seed2,random_asymmetric,8,2,tn_exact,ok,"[7, 4, 2, 3, 5, 6, 1, 0]",205.9562461108989,205.9562461108989,0.0,True,True,0.0357687000000623,270.1171875,270.1171875,0.0,30.0,,True,"{""finite_edges"": true, ""instance_metadata"": {""complete"": true, ""high"": 100.0, ""instance_type"": ""random_asymmetric"", ""low"": 1.0, ""n"": 8, ""seed"": 2, ""symmetric"": false}, ""n_layers"": null, ""normalization_factor"": 97.39419820081707, ""normalize"": true, ""optimum_status"": ""ok"", ""seed"": 0, ""tau"": 30.0, ""valid_route"": true}"
tau_sweep,tau_sweep_euclidean_n8_seed3,euclidean,8,3,tn_exact,ok,"[7, 1, 4, 3, 0, 2, 5, 6]",2579.208113007827,2579.208113007827,0.0,True,True,0.0361695999999938,270.1171875,270.1171875,0.0,10.0,,True,"{""finite_edges"": true, ""instance_metadata"": {""complete"": true, ""instance_type"": ""euclidean"", ""n"": 8, ""points"": [[85.64916714362437, 236.8105065960997], [801.2744652063969, 582.1620360643678], [94.12864224039919, 433.1269402364738], [479.05129814083404, 159.73891463707858], [734.5771514092145, 113.6720199214034], [391.22819049566203, 516.7401826213637], [430.6280204141778, 586.7985714381407], [737.8377872921602, 956.2672548360986]], ""scale"": 1000.0, ""seed"": 3, ""symmetric"": true}, ""n_layers"": null, ""normalization_factor"": 971.065398847742, ""normalize"": true, ""optimum_status"": ""ok"", ""seed"": 0, ""tau"": 10.0, ""valid_route"": true}"
tau_sweep,tau_sweep_euclidean_n8_seed3,euclidean,8,3,tn_exact,ok,"[7, 1, 4, 3, 0, 2, 5, 6]",2579.208113007827,2579.208113007827,0.0,True,True,0.0353626000000986,270.1171875,270.1171875,0.0,12.0,,True,"{""finite_edges"": true, ""instance_metadata"": {""complete"": true, ""instance_type"": ""euclidean"", ""n"": 8, ""points"": [[85.64916714362437, 236.8105065960997], [801.2744652063969, 582.1620360643678], [94.12864224039919, 433.1269402364738], [479.05129814083404, 159.73891463707858], [734.5771514092145, 113.6720199214034], [391.22819049566203, 516.7401826213637], [430.6280204141778, 586.7985714381407], [737.8377872921602, 956.2672548360986]], ""scale"": 1000.0, ""seed"": 3, ""symmetric"": true}, ""n_layers"": null, ""normalization_factor"": 971.065398847742, ""normalize"": true, ""optimum_status"": ""ok"", ""seed"": 0, ""tau"": 12.0, ""valid_route"": true}"
tau_sweep,tau_sweep_euclidean_n8_seed3,euclidean,8,3,tn_exact,ok,"[7, 1, 4, 3, 0, 2, 5, 6]",2579.208113007827,2579.208113007827,0.0,True,True,0.0354400000001078,270.1171875,270.19140625,0.07421875,14.0,,True,"{""finite_edges"": true, ""instance_metadata"": {""complete"": true, ""instance_type"": ""euclidean"", ""n"": 8, ""points"": [[85.64916714362437, 236.8105065960997], [801.2744652063969, 582.1620360643678], [94.12864224039919, 433.1269402364738], [479.05129814083404, 159.73891463707858], [734.5771514092145, 113.6720199214034], [391.22819049566203, 516.7401826213637], [430.6280204141778, 586.7985714381407], [737.8377872921602, 956.2672548360986]], ""scale"": 1000.0, ""seed"": 3, ""symmetric"": true}, ""n_layers"": null, ""normalization_factor"": 971.065398847742, ""normalize"": true, ""optimum_status"": ""ok"", ""seed"": 0, ""tau"": 14.0, ""valid_route"": true}"
tau_sweep,tau_sweep_euclidean_n8_seed3,euclidean,8,3,tn_exact,ok,"[7, 1, 4, 3, 0, 2, 5, 6]",2579.208113007827,2579.208113007827,0.0,True,True,0.0348379000001841,270.19140625,270.19921875,0.0078125,16.0,,True,"{""finite_edges"": true, ""instance_metadata"": {""complete"": true, ""instance_type"": ""euclidean"", ""n"": 8, ""points"": [[85.64916714362437, 236.8105065960997], [801.2744652063969, 582.1620360643678], [94.12864224039919, 433.1269402364738], [479.05129814083404, 159.73891463707858], [734.5771514092145, 113.6720199214034], [391.22819049566203, 516.7401826213637], [430.6280204141778, 586.7985714381407], [737.8377872921602, 956.2672548360986]], ""scale"": 1000.0, ""seed"": 3, ""symmetric"": true}, ""n_layers"": null, ""normalization_factor"": 971.065398847742, ""normalize"": true, ""optimum_status"": ""ok"", ""seed"": 0, ""tau"": 16.0, ""valid_route"": true}"
tau_sweep,tau_sweep_euclidean_n8_seed3,euclidean,8,3,tn_exact,ok,"[7, 1, 4, 3, 0, 2, 5, 6]",2579.208113007827,2579.208113007827,0.0,True,True,0.0344104000000697,270.19921875,270.203125,0.00390625,18.0,,True,"{""finite_edges"": true, ""instance_metadata"": {""complete"": true, ""instance_type"": ""euclidean"", ""n"": 8, ""points"": [[85.64916714362437, 236.8105065960997], [801.2744652063969, 582.1620360643678], [94.12864224039919, 433.1269402364738], [479.05129814083404, 159.73891463707858], [734.5771514092145, 113.6720199214034], [391.22819049566203, 516.7401826213637], [430.6280204141778, 586.7985714381407], [737.8377872921602, 956.2672548360986]], ""scale"": 1000.0, ""seed"": 3, ""symmetric"": true}, ""n_layers"": null, ""normalization_factor"": 971.065398847742, ""normalize"": true, ""optimum_status"": ""ok"", ""seed"": 0, ""tau"": 18.0, ""valid_route"": true}"
tau_sweep,tau_sweep_euclidean_n8_seed3,euclidean,8,3,tn_exact,ok,"[7, 1, 4, 3, 0, 2, 5, 6]",2579.208113007827,2579.208113007827,0.0,True,True,0.0344512000001486,270.203125,270.203125,0.0,20.0,,True,"{""finite_edges"": true, ""instance_metadata"": {""complete"": true, ""instance_type"": ""euclidean"", ""n"": 8, ""points"": [[85.64916714362437, 236.8105065960997], [801.2744652063969, 582.1620360643678], [94.12864224039919, 433.1269402364738], [479.05129814083404, 159.73891463707858], [734.5771514092145, 113.6720199214034], [391.22819049566203, 516.7401826213637], [430.6280204141778, 586.7985714381407], [737.8377872921602, 956.2672548360986]], ""scale"": 1000.0, ""seed"": 3, ""symmetric"": true}, ""n_layers"": null, ""normalization_factor"": 971.065398847742, ""normalize"": true, ""optimum_status"": ""ok"", ""seed"": 0, ""tau"": 20.0, ""valid_route"": true}"
tau_sweep,tau_sweep_euclidean_n8_seed3,euclidean,8,3,tn_exact,ok,"[7, 1, 4, 3, 0, 2, 5, 6]",2579.208113007827,2579.208113007827,0.0,True,True,0.0340095999999903,270.203125,270.203125,0.0,22.0,,True,"{""finite_edges"": true, ""instance_metadata"": {""complete"": true, ""instance_type"": ""euclidean"", ""n"": 8, ""points"": [[85.64916714362437, 236.8105065960997], [801.2744652063969, 582.1620360643678], [94.12864224039919, 433.1269402364738], [479.05129814083404, 159.73891463707858], [734.5771514092145, 113.6720199214034], [391.22819049566203, 516.7401826213637], [430.6280204141778, 586.7985714381407], [737.8377872921602, 956.2672548360986]], ""scale"": 1000.0, ""seed"": 3, ""symmetric"": true}, ""n_layers"": null, ""normalization_factor"": 971.065398847742, ""normalize"": true, ""optimum_status"": ""ok"", ""seed"": 0, ""tau"": 22.0, ""valid_route"": true}"
tau_sweep,tau_sweep_euclidean_n8_seed3,euclidean,8,3,tn_exact,ok,"[7, 1, 4, 3, 0, 2, 5, 6]",2579.208113007827,2579.208113007827,0.0,True,True,0.033698700000059,270.203125,270.203125,0.0,24.0,,True,"{""finite_edges"": true, ""instance_metadata"": {""complete"": true, ""instance_type"": ""euclidean"", ""n"": 8, ""points"": [[85.64916714362437, 236.8105065960997], [801.2744652063969, 582.1620360643678], [94.12864224039919, 433.1269402364738], [479.05129814083404, 159.73891463707858], [734.5771514092145, 113.6720199214034], [391.22819049566203, 516.7401826213637], [430.6280204141778, 586.7985714381407], [737.8377872921602, 956.2672548360986]], ""scale"": 1000.0, ""seed"": 3, ""symmetric"": true}, ""n_layers"": null, ""normalization_factor"": 971.065398847742, ""normalize"": true, ""optimum_status"": ""ok"", ""seed"": 0, ""tau"": 24.0, ""valid_route"": true}"
tau_sweep,tau_sweep_euclidean_n8_seed3,euclidean,8,3,tn_exact,ok,"[7, 1, 4, 3, 0, 2, 5, 6]",2579.208113007827,2579.208113007827,0.0,True,True,0.0365750999999363,270.203125,270.203125,0.0,26.0,,True,"{""finite_edges"": true, ""instance_metadata"": {""complete"": true, ""instance_type"": ""euclidean"", ""n"": 8, ""points"": [[85.64916714362437, 236.8105065960997], [801.2744652063969, 582.1620360643678], [94.12864224039919, 433.1269402364738], [479.05129814083404, 159.73891463707858], [734.5771514092145, 113.6720199214034], [391.22819049566203, 516.7401826213637], [430.6280204141778, 586.7985714381407], [737.8377872921602, 956.2672548360986]], ""scale"": 1000.0, ""seed"": 3, ""symmetric"": true}, ""n_layers"": null, ""normalization_factor"": 971.065398847742, ""normalize"": true, ""optimum_status"": ""ok"", ""seed"": 0, ""tau"": 26.0, ""valid_route"": true}"
tau_sweep,tau_sweep_euclidean_n8_seed3,euclidean,8,3,tn_exact,ok,"[7, 1, 4, 3, 0, 2, 5, 6]",2579.208113007827,2579.208113007827,0.0,True,True,0.0353800000002593,270.203125,270.203125,0.0,28.0,,True,"{""finite_edges"": true, ""instance_metadata"": {""complete"": true, ""instance_type"": ""euclidean"", ""n"": 8, ""points"": [[85.64916714362437, 236.8105065960997], [801.2744652063969, 582.1620360643678], [94.12864224039919, 433.1269402364738], [479.05129814083404, 159.73891463707858], [734.5771514092145, 113.6720199214034], [391.22819049566203, 516.7401826213637], [430.6280204141778, 586.7985714381407], [737.8377872921602, 956.2672548360986]], ""scale"": 1000.0, ""seed"": 3, ""symmetric"": true}, ""n_layers"": null, ""normalization_factor"": 971.065398847742, ""normalize"": true, ""optimum_status"": ""ok"", ""seed"": 0, ""tau"": 28.0, ""valid_route"": true}"
tau_sweep,tau_sweep_euclidean_n8_seed3,euclidean,8,3,tn_exact,ok,"[7, 1, 4, 3, 0, 2, 5, 6]",2579.208113007827,2579.208113007827,0.0,True,True,0.033906399999978,270.203125,270.203125,0.0,30.0,,True,"{""finite_edges"": true, ""instance_metadata"": {""complete"": true, ""instance_type"": ""euclidean"", ""n"": 8, ""points"": [[85.64916714362437, 236.8105065960997], [801.2744652063969, 582.1620360643678], [94.12864224039919, 433.1269402364738], [479.05129814083404, 159.73891463707858], [734.5771514092145, 113.6720199214034], [391.22819049566203, 516.7401826213637], [430.6280204141778, 586.7985714381407], [737.8377872921602, 956.2672548360986]], ""scale"": 1000.0, ""seed"": 3, ""symmetric"": true}, ""n_layers"": null, ""normalization_factor"": 971.065398847742, ""normalize"": true, ""optimum_status"": ""ok"", ""seed"": 0, ""tau"": 30.0, ""valid_route"": true}"
tau_sweep,tau_sweep_random_symmetric_n8_seed3,random_symmetric,8,3,tn_exact,ok,"[7, 3, 6, 2, 4, 0, 1, 5]",285.9169685033527,285.9169685033527,0.0,True,True,0.0370335000002342,270.203125,270.203125,0.0,10.0,,True,"{""finite_edges"": true, ""instance_metadata"": {""complete"": true, ""high"": 100.0, ""instance_type"": ""random_symmetric"", ""low"": 1.0, ""n"": 8, ""seed"": 3, ""symmetric"": true}, ""n_layers"": null, ""normalization_factor"": 82.98482954002478, ""normalize"": true, ""optimum_status"": ""ok"", ""seed"": 0, ""tau"": 10.0, ""valid_route"": true}"
tau_sweep,tau_sweep_random_symmetric_n8_seed3,random_symmetric,8,3,tn_exact,ok,"[7, 3, 6, 2, 4, 0, 1, 5]",285.9169685033527,285.9169685033527,0.0,True,True,0.0337223000001358,270.203125,270.203125,0.0,12.0,,True,"{""finite_edges"": true, ""instance_metadata"": {""complete"": true, ""high"": 100.0, ""instance_type"": ""random_symmetric"", ""low"": 1.0, ""n"": 8, ""seed"": 3, ""symmetric"": true}, ""n_layers"": null, ""normalization_factor"": 82.98482954002478, ""normalize"": true, ""optimum_status"": ""ok"", ""seed"": 0, ""tau"": 12.0, ""valid_route"": true}"
tau_sweep,tau_sweep_random_symmetric_n8_seed3,random_symmetric,8,3,tn_exact,ok,"[7, 3, 6, 2, 4, 0, 1, 5]",285.9169685033527,285.9169685033527,0.0,True,True,0.0350874999999177,270.203125,270.203125,0.0,14.0,,True,"{""finite_edges"": true, ""instance_metadata"": {""complete"": true, ""high"": 100.0, ""instance_type"": ""random_symmetric"", ""low"": 1.0, ""n"": 8, ""seed"": 3, ""symmetric"": true}, ""n_layers"": null, ""normalization_factor"": 82.98482954002478, ""normalize"": true, ""optimum_status"": ""ok"", ""seed"": 0, ""tau"": 14.0, ""valid_route"": true}"
tau_sweep,tau_sweep_random_symmetric_n8_seed3,random_symmetric,8,3,tn_exact,ok,"[7, 3, 6, 2, 4, 0, 1, 5]",285.9169685033527,285.9169685033527,0.0,True,True,0.0333826000000954,270.203125,270.203125,0.0,16.0,,True,"{""finite_edges"": true, ""instance_metadata"": {""complete"": true, ""high"": 100.0, ""instance_type"": ""random_symmetric"", ""low"": 1.0, ""n"": 8, ""seed"": 3, ""symmetric"": true}, ""n_layers"": null, ""normalization_factor"": 82.98482954002478, ""normalize"": true, ""optimum_status"": ""ok"", ""seed"": 0, ""tau"": 16.0, ""valid_route"": true}"
tau_sweep,tau_sweep_random_symmetric_n8_seed3,random_symmetric,8,3,tn_exact,ok,"[7, 3, 6, 2, 4, 0, 1, 5]",285.9169685033527,285.9169685033527,0.0,True,True,0.0327971000001525,270.203125,270.203125,0.0,18.0,,True,"{""finite_edges"": true, ""instance_metadata"": {""complete"": true, ""high"": 100.0, ""instance_type"": ""random_symmetric"", ""low"": 1.0, ""n"": 8, ""seed"": 3, ""symmetric"": true}, ""n_layers"": null, ""normalization_factor"": 82.98482954002478, ""normalize"": true, ""optimum_status"": ""ok"", ""seed"": 0, ""tau"": 18.0, ""valid_route"": true}"
tau_sweep,tau_sweep_random_symmetric_n8_seed3,random_symmetric,8,3,tn_exact,ok,"[7, 3, 6, 2, 4, 0, 1, 5]",285.9169685033527,285.9169685033527,0.0,True,True,0.0324153999999907,270.203125,270.2109375,0.0078125,20.0,,True,"{""finite_edges"": true, ""instance_metadata"": {""complete"": true, ""high"": 100.0, ""instance_type"": ""random_symmetric"", ""low"": 1.0, ""n"": 8, ""seed"": 3, ""symmetric"": true}, ""n_layers"": null, ""normalization_factor"": 82.98482954002478, ""normalize"": true, ""optimum_status"": ""ok"", ""seed"": 0, ""tau"": 20.0, ""valid_route"": true}"
tau_sweep,tau_sweep_random_symmetric_n8_seed3,random_symmetric,8,3,tn_exact,ok,"[7, 3, 6, 2, 4, 0, 1, 5]",285.9169685033527,285.9169685033527,0.0,True,True,0.0336104999996678,270.2109375,270.21484375,0.00390625,22.0,,True,"{""finite_edges"": true, ""instance_metadata"": {""complete"": true, ""high"": 100.0, ""instance_type"": ""random_symmetric"", ""low"": 1.0, ""n"": 8, ""seed"": 3, ""symmetric"": true}, ""n_layers"": null, ""normalization_factor"": 82.98482954002478, ""normalize"": true, ""optimum_status"": ""ok"", ""seed"": 0, ""tau"": 22.0, ""valid_route"": true}"
tau_sweep,tau_sweep_random_symmetric_n8_seed3,random_symmetric,8,3,tn_exact,ok,"[7, 3, 6, 2, 4, 0, 1, 5]",285.9169685033527,285.9169685033527,0.0,True,True,0.0340746000001672,270.21484375,270.22265625,0.0078125,24.0,,True,"{""finite_edges"": true, ""instance_metadata"": {""complete"": true, ""high"": 100.0, ""instance_type"": ""random_symmetric"", ""low"": 1.0, ""n"": 8, ""seed"": 3, ""symmetric"": true}, ""n_layers"": null, ""normalization_factor"": 82.98482954002478, ""normalize"": true, ""optimum_status"": ""ok"", ""seed"": 0, ""tau"": 24.0, ""valid_route"": true}"
tau_sweep,tau_sweep_random_symmetric_n8_seed3,random_symmetric,8,3,tn_exact,ok,"[7, 3, 6, 2, 4, 0, 1, 5]",285.9169685033527,285.9169685033527,0.0,True,True,0.0345002999997632,270.22265625,270.22265625,0.0,26.0,,True,"{""finite_edges"": true, ""instance_metadata"": {""complete"": true, ""high"": 100.0, ""instance_type"": ""random_symmetric"", ""low"": 1.0, ""n"": 8, ""seed"": 3, ""symmetric"": true}, ""n_layers"": null, ""normalization_factor"": 82.98482954002478, ""normalize"": true, ""optimum_status"": ""ok"", ""seed"": 0, ""tau"": 26.0, ""valid_route"": true}"
tau_sweep,tau_sweep_random_symmetric_n8_seed3,random_symmetric,8,3,tn_exact,ok,"[7, 3, 6, 2, 4, 0, 1, 5]",285.9169685033527,285.9169685033527,0.0,True,True,0.0370962000001782,270.22265625,270.23046875,0.0078125,28.0,,True,"{""finite_edges"": true, ""instance_metadata"": {""complete"": true, ""high"": 100.0, ""instance_type"": ""random_symmetric"", ""low"": 1.0, ""n"": 8, ""seed"": 3, ""symmetric"": true}, ""n_layers"": null, ""normalization_factor"": 82.98482954002478, ""normalize"": true, ""optimum_status"": ""ok"", ""seed"": 0, ""tau"": 28.0, ""valid_route"": true}"
tau_sweep,tau_sweep_random_symmetric_n8_seed3,random_symmetric,8,3,tn_exact,ok,"[7, 3, 6, 2, 4, 0, 1, 5]",285.9169685033527,285.9169685033527,0.0,True,True,0.0353092999998807,270.23046875,270.234375,0.00390625,30.0,,True,"{""finite_edges"": true, ""instance_metadata"": {""complete"": true, ""high"": 100.0, ""instance_type"": ""random_symmetric"", ""low"": 1.0, ""n"": 8, ""seed"": 3, ""symmetric"": true}, ""n_layers"": null, ""normalization_factor"": 82.98482954002478, ""normalize"": true, ""optimum_status"": ""ok"", ""seed"": 0, ""tau"": 30.0, ""valid_route"": true}"
tau_sweep,tau_sweep_random_asymmetric_n8_seed3,random_asymmetric,8,3,tn_exact,ok,"[7, 3, 4, 2, 0, 1, 6, 5]",214.6451166951947,214.6451166951947,0.0,True,True,0.0353049000000282,270.234375,270.234375,0.0,10.0,,True,"{""finite_edges"": true, ""instance_metadata"": {""complete"": true, ""high"": 100.0, ""instance_type"": ""random_asymmetric"", ""low"": 1.0, ""n"": 8, ""seed"": 3, ""symmetric"": false}, ""n_layers"": null, ""normalization_factor"": 97.37256720187486, ""normalize"": true, ""optimum_status"": ""ok"", ""seed"": 0, ""tau"": 10.0, ""valid_route"": true}"
tau_sweep,tau_sweep_random_asymmetric_n8_seed3,random_asymmetric,8,3,tn_exact,ok,"[7, 3, 4, 2, 0, 1, 6, 5]",214.6451166951947,214.6451166951947,0.0,True,True,0.0345923999998376,270.234375,270.234375,0.0,12.0,,True,"{""finite_edges"": true, ""instance_metadata"": {""complete"": true, ""high"": 100.0, ""instance_type"": ""random_asymmetric"", ""low"": 1.0, ""n"": 8, ""seed"": 3, ""symmetric"": false}, ""n_layers"": null, ""normalization_factor"": 97.37256720187486, ""normalize"": true, ""optimum_status"": ""ok"", ""seed"": 0, ""tau"": 12.0, ""valid_route"": true}"
tau_sweep,tau_sweep_random_asymmetric_n8_seed3,random_asymmetric,8,3,tn_exact,ok,"[7, 3, 4, 2, 0, 1, 6, 5]",214.6451166951947,214.6451166951947,0.0,True,True,0.0352941999999529,270.234375,270.234375,0.0,14.0,,True,"{""finite_edges"": true, ""instance_metadata"": {""complete"": true, ""high"": 100.0, ""instance_type"": ""random_asymmetric"", ""low"": 1.0, ""n"": 8, ""seed"": 3, ""symmetric"": false}, ""n_layers"": null, ""normalization_factor"": 97.37256720187486, ""normalize"": true, ""optimum_status"": ""ok"", ""seed"": 0, ""tau"": 14.0, ""valid_route"": true}"
tau_sweep,tau_sweep_random_asymmetric_n8_seed3,random_asymmetric,8,3,tn_exact,ok,"[7, 3, 4, 2, 0, 1, 6, 5]",214.6451166951947,214.6451166951947,0.0,True,True,0.0813167000001158,270.234375,270.140625,-0.09375,16.0,,True,"{""finite_edges"": true, ""instance_metadata"": {""complete"": true, ""high"": 100.0, ""instance_type"": ""random_asymmetric"", ""low"": 1.0, ""n"": 8, ""seed"": 3, ""symmetric"": false}, ""n_layers"": null, ""normalization_factor"": 97.37256720187486, ""normalize"": true, ""optimum_status"": ""ok"", ""seed"": 0, ""tau"": 16.0, ""valid_route"": true}"
tau_sweep,tau_sweep_random_asymmetric_n8_seed3,random_asymmetric,8,3,tn_exact,ok,"[7, 3, 4, 2, 0, 1, 6, 5]",214.6451166951947,214.6451166951947,0.0,True,True,0.0324773000002096,270.140625,270.140625,0.0,18.0,,True,"{""finite_edges"": true, ""instance_metadata"": {""complete"": true, ""high"": 100.0, ""instance_type"": ""random_asymmetric"", ""low"": 1.0, ""n"": 8, ""seed"": 3, ""symmetric"": false}, ""n_layers"": null, ""normalization_factor"": 97.37256720187486, ""normalize"": true, ""optimum_status"": ""ok"", ""seed"": 0, ""tau"": 18.0, ""valid_route"": true}"
tau_sweep,tau_sweep_random_asymmetric_n8_seed3,random_asymmetric,8,3,tn_exact,ok,"[7, 3, 4, 2, 0, 1, 6, 5]",214.6451166951947,214.6451166951947,0.0,True,True,0.0333850000001803,270.140625,270.14453125,0.00390625,20.0,,True,"{""finite_edges"": true, ""instance_metadata"": {""complete"": true, ""high"": 100.0, ""instance_type"": ""random_asymmetric"", ""low"": 1.0, ""n"": 8, ""seed"": 3, ""symmetric"": false}, ""n_layers"": null, ""normalization_factor"": 97.37256720187486, ""normalize"": true, ""optimum_status"": ""ok"", ""seed"": 0, ""tau"": 20.0, ""valid_route"": true}"
tau_sweep,tau_sweep_random_asymmetric_n8_seed3,random_asymmetric,8,3,tn_exact,ok,"[7, 3, 4, 2, 0, 1, 6, 5]",214.6451166951947,214.6451166951947,0.0,True,True,0.0354603999999199,270.14453125,270.1484375,0.00390625,22.0,,True,"{""finite_edges"": true, ""instance_metadata"": {""complete"": true, ""high"": 100.0, ""instance_type"": ""random_asymmetric"", ""low"": 1.0, ""n"": 8, ""seed"": 3, ""symmetric"": false}, ""n_layers"": null, ""normalization_factor"": 97.37256720187486, ""normalize"": true, ""optimum_status"": ""ok"", ""seed"": 0, ""tau"": 22.0, ""valid_route"": true}"
tau_sweep,tau_sweep_random_asymmetric_n8_seed3,random_asymmetric,8,3,tn_exact,ok,"[7, 3, 4, 2, 0, 1, 6, 5]",214.6451166951947,214.6451166951947,0.0,True,True,0.0326325999999426,270.1484375,270.15234375,0.00390625,24.0,,True,"{""finite_edges"": true, ""instance_metadata"": {""complete"": true, ""high"": 100.0, ""instance_type"": ""random_asymmetric"", ""low"": 1.0, ""n"": 8, ""seed"": 3, ""symmetric"": false}, ""n_layers"": null, ""normalization_factor"": 97.37256720187486, ""normalize"": true, ""optimum_status"": ""ok"", ""seed"": 0, ""tau"": 24.0, ""valid_route"": true}"
tau_sweep,tau_sweep_random_asymmetric_n8_seed3,random_asymmetric,8,3,tn_exact,ok,"[7, 3, 4, 2, 0, 1, 6, 5]",214.6451166951947,214.6451166951947,0.0,True,True,0.0335444000002098,270.15234375,270.16015625,0.0078125,26.0,,True,"{""finite_edges"": true, ""instance_metadata"": {""complete"": true, ""high"": 100.0, ""instance_type"": ""random_asymmetric"", ""low"": 1.0, ""n"": 8, ""seed"": 3, ""symmetric"": false}, ""n_layers"": null, ""normalization_factor"": 97.37256720187486, ""normalize"": true, ""optimum_status"": ""ok"", ""seed"": 0, ""tau"": 26.0, ""valid_route"": true}"
tau_sweep,tau_sweep_random_asymmetric_n8_seed3,random_asymmetric,8,3,tn_exact,ok,"[7, 3, 4, 2, 0, 1, 6, 5]",214.6451166951947,214.6451166951947,0.0,True,True,0.0340378000000782,270.16015625,270.1640625,0.00390625,28.0,,True,"{""finite_edges"": true, ""instance_metadata"": {""complete"": true, ""high"": 100.0, ""instance_type"": ""random_asymmetric"", ""low"": 1.0, ""n"": 8, ""seed"": 3, ""symmetric"": false}, ""n_layers"": null, ""normalization_factor"": 97.37256720187486, ""normalize"": true, ""optimum_status"": ""ok"", ""seed"": 0, ""tau"": 28.0, ""valid_route"": true}"
tau_sweep,tau_sweep_random_asymmetric_n8_seed3,random_asymmetric,8,3,tn_exact,ok,"[7, 3, 4, 2, 0, 1, 6, 5]",214.6451166951947,214.6451166951947,0.0,True,True,0.0327760999998645,270.1640625,270.171875,0.0078125,30.0,,True,"{""finite_edges"": true, ""instance_metadata"": {""complete"": true, ""high"": 100.0, ""instance_type"": ""random_asymmetric"", ""low"": 1.0, ""n"": 8, ""seed"": 3, ""symmetric"": false}, ""n_layers"": null, ""normalization_factor"": 97.37256720187486, ""normalize"": true, ""optimum_status"": ""ok"", ""seed"": 0, ""tau"": 30.0, ""valid_route"": true}"
tau_sweep,tau_sweep_euclidean_n8_seed4,euclidean,8,4,tn_exact,ok,"[7, 1, 3, 2, 6, 4, 0, 5]",1987.60675126796,1987.60675126796,0.0,True,True,0.0330834000001232,270.171875,270.1796875,0.0078125,10.0,,True,"{""finite_edges"": true, ""instance_metadata"": {""complete"": true, ""instance_type"": ""euclidean"", ""n"": 8, ""points"": [[943.0561055723676, 511.3275528143616], [976.2437057077042, 80.83602389560218], [607.3558319950296, 376.48658437727255], [801.9012069858072, 174.52781614402846], [871.6352741876564, 543.9414007634982], [902.2150797159884, 477.1535238392063], [430.4962777294131, 788.9467175443294], [984.1529999311214, 369.72579265242877]], ""scale"": 1000.0, ""seed"": 4, ""symmetric"": true}, ""n_layers"": null, ""normalization_factor"": 894.0139873651874, ""normalize"": true, ""optimum_status"": ""ok"", ""seed"": 0, ""tau"": 10.0, ""valid_route"": true}"
tau_sweep,tau_sweep_euclidean_n8_seed4,euclidean,8,4,tn_exact,ok,"[7, 1, 3, 2, 6, 4, 0, 5]",1987.60675126796,1987.60675126796,0.0,True,True,0.0333494999999857,270.1796875,270.1875,0.0078125,12.0,,True,"{""finite_edges"": true, ""instance_metadata"": {""complete"": true, ""instance_type"": ""euclidean"", ""n"": 8, ""points"": [[943.0561055723676, 511.3275528143616], [976.2437057077042, 80.83602389560218], [607.3558319950296, 376.48658437727255], [801.9012069858072, 174.52781614402846], [871.6352741876564, 543.9414007634982], [902.2150797159884, 477.1535238392063], [430.4962777294131, 788.9467175443294], [984.1529999311214, 369.72579265242877]], ""scale"": 1000.0, ""seed"": 4, ""symmetric"": true}, ""n_layers"": null, ""normalization_factor"": 894.0139873651874, ""normalize"": true, ""optimum_status"": ""ok"", ""seed"": 0, ""tau"": 12.0, ""valid_route"": true}"
tau_sweep,tau_sweep_euclidean_n8_seed4,euclidean,8,4,tn_exact,ok,"[7, 1, 3, 2, 6, 4, 0, 5]",1987.60675126796,1987.60675126796,0.0,True,True,0.0327818000000661,270.1875,270.19140625,0.00390625,14.0,,True,"{""finite_edges"": true, ""instance_metadata"": {""complete"": true, ""instance_type"": ""euclidean"", ""n"": 8, ""points"": [[943.0561055723676, 511.3275528143616], [976.2437057077042, 80.83602389560218], [607.3558319950296, 376.48658437727255], [801.9012069858072, 174.52781614402846], [871.6352741876564, 543.9414007634982], [902.2150797159884, 477.1535238392063], [430.4962777294131, 788.9467175443294], [984.1529999311214, 369.72579265242877]], ""scale"": 1000.0, ""seed"": 4, ""symmetric"": true}, ""n_layers"": null, ""normalization_factor"": 894.0139873651874, ""normalize"": true, ""optimum_status"": ""ok"", ""seed"": 0, ""tau"": 14.0, ""valid_route"": true}"
tau_sweep,tau_sweep_euclidean_n8_seed4,euclidean,8,4,tn_exact,ok,"[7, 1, 3, 2, 6, 4, 0, 5]",1987.60675126796,1987.60675126796,0.0,True,True,0.0326362000000699,270.19140625,270.19140625,0.0,16.0,,True,"{""finite_edges"": true, ""instance_metadata"": {""complete"": true, ""instance_type"": ""euclidean"", ""n"": 8, ""points"": [[943.0561055723676, 511.3275528143616], [976.2437057077042, 80.83602389560218], [607.3558319950296, 376.48658437727255], [801.9012069858072, 174.52781614402846], [871.6352741876564, 543.9414007634982], [902.2150797159884, 477.1535238392063], [430.4962777294131, 788.9467175443294], [984.1529999311214, 369.72579265242877]], ""scale"": 1000.0, ""seed"": 4, ""symmetric"": true}, ""n_layers"": null, ""normalization_factor"": 894.0139873651874, ""normalize"": true, ""optimum_status"": ""ok"", ""seed"": 0, ""tau"": 16.0, ""valid_route"": true}"
tau_sweep,tau_sweep_euclidean_n8_seed4,euclidean,8,4,tn_exact,ok,"[7, 1, 3, 2, 6, 4, 0, 5]",1987.60675126796,1987.60675126796,0.0,True,True,0.0334896999997909,270.19140625,270.19140625,0.0,18.0,,True,"{""finite_edges"": true, ""instance_metadata"": {""complete"": true, ""instance_type"": ""euclidean"", ""n"": 8, ""points"": [[943.0561055723676, 511.3275528143616], [976.2437057077042, 80.83602389560218], [607.3558319950296, 376.48658437727255], [801.9012069858072, 174.52781614402846], [871.6352741876564, 543.9414007634982], [902.2150797159884, 477.1535238392063], [430.4962777294131, 788.9467175443294], [984.1529999311214, 369.72579265242877]], ""scale"": 1000.0, ""seed"": 4, ""symmetric"": true}, ""n_layers"": null, ""normalization_factor"": 894.0139873651874, ""normalize"": true, ""optimum_status"": ""ok"", ""seed"": 0, ""tau"": 18.0, ""valid_route"": true}"
tau_sweep,tau_sweep_euclidean_n8_seed4,euclidean,8,4,tn_exact,ok,"[7, 1, 3, 2, 6, 4, 0, 5]",1987.60675126796,1987.60675126796,0.0,True,True,0.0331372000000556,270.19140625,270.19140625,0.0,20.0,,True,"{""finite_edges"": true, ""instance_metadata"": {""complete"": true, ""instance_type"": ""euclidean"", ""n"": 8, ""points"": [[943.0561055723676, 511.3275528143616], [976.2437057077042, 80.83602389560218], [607.3558319950296, 376.48658437727255], [801.9012069858072, 174.52781614402846], [871.6352741876564, 543.9414007634982], [902.2150797159884, 477.1535238392063], [430.4962777294131, 788.9467175443294], [984.1529999311214, 369.72579265242877]], ""scale"": 1000.0, ""seed"": 4, ""symmetric"": true}, ""n_layers"": null, ""normalization_factor"": 894.0139873651874, ""normalize"": true, ""optimum_status"": ""ok"", ""seed"": 0, ""tau"": 20.0, ""valid_route"": true}"
tau_sweep,tau_sweep_euclidean_n8_seed4,euclidean,8,4,tn_exact,ok,"[7, 1, 3, 2, 6, 4, 0, 5]",1987.60675126796,1987.60675126796,0.0,True,True,0.033108699999957,270.19140625,270.19140625,0.0,22.0,,True,"{""finite_edges"": true, ""instance_metadata"": {""complete"": true, ""instance_type"": ""euclidean"", ""n"": 8, ""points"": [[943.0561055723676, 511.3275528143616], [976.2437057077042, 80.83602389560218], [607.3558319950296, 376.48658437727255], [801.9012069858072, 174.52781614402846], [871.6352741876564, 543.9414007634982], [902.2150797159884, 477.1535238392063], [430.4962777294131, 788.9467175443294], [984.1529999311214, 369.72579265242877]], ""scale"": 1000.0, ""seed"": 4, ""symmetric"": true}, ""n_layers"": null, ""normalization_factor"": 894.0139873651874, ""normalize"": true, ""optimum_status"": ""ok"", ""seed"": 0, ""tau"": 22.0, ""valid_route"": true}"
tau_sweep,tau_sweep_euclidean_n8_seed4,euclidean,8,4,tn_exact,ok,"[7, 1, 3, 2, 6, 4, 0, 5]",1987.60675126796,1987.60675126796,0.0,True,True,0.0344746999999188,270.19140625,270.19140625,0.0,24.0,,True,"{""finite_edges"": true, ""instance_metadata"": {""complete"": true, ""instance_type"": ""euclidean"", ""n"": 8, ""points"": [[943.0561055723676, 511.3275528143616], [976.2437057077042, 80.83602389560218], [607.3558319950296, 376.48658437727255], [801.9012069858072, 174.52781614402846], [871.6352741876564, 543.9414007634982], [902.2150797159884, 477.1535238392063], [430.4962777294131, 788.9467175443294], [984.1529999311214, 369.72579265242877]], ""scale"": 1000.0, ""seed"": 4, ""symmetric"": true}, ""n_layers"": null, ""normalization_factor"": 894.0139873651874, ""normalize"": true, ""optimum_status"": ""ok"", ""seed"": 0, ""tau"": 24.0, ""valid_route"": true}"
tau_sweep,tau_sweep_euclidean_n8_seed4,euclidean,8,4,tn_exact,ok,"[7, 1, 3, 2, 6, 4, 0, 5]",1987.60675126796,1987.60675126796,0.0,True,True,0.0332523000001856,270.19140625,270.19140625,0.0,26.0,,True,"{""finite_edges"": true, ""instance_metadata"": {""complete"": true, ""instance_type"": ""euclidean"", ""n"": 8, ""points"": [[943.0561055723676, 511.3275528143616], [976.2437057077042, 80.83602389560218], [607.3558319950296, 376.48658437727255], [801.9012069858072, 174.52781614402846], [871.6352741876564, 543.9414007634982], [902.2150797159884, 477.1535238392063], [430.4962777294131, 788.9467175443294], [984.1529999311214, 369.72579265242877]], ""scale"": 1000.0, ""seed"": 4, ""symmetric"": true}, ""n_layers"": null, ""normalization_factor"": 894.0139873651874, ""normalize"": true, ""optimum_status"": ""ok"", ""seed"": 0, ""tau"": 26.0, ""valid_route"": true}"
tau_sweep,tau_sweep_euclidean_n8_seed4,euclidean,8,4,tn_exact,ok,"[7, 1, 3, 2, 6, 4, 0, 5]",1987.60675126796,1987.60675126796,0.0,True,True,0.0354749999996784,270.19140625,270.19140625,0.0,28.0,,True,"{""finite_edges"": true, ""instance_metadata"": {""complete"": true, ""instance_type"": ""euclidean"", ""n"": 8, ""points"": [[943.0561055723676, 511.3275528143616], [976.2437057077042, 80.83602389560218], [607.3558319950296, 376.48658437727255], [801.9012069858072, 174.52781614402846], [871.6352741876564, 543.9414007634982], [902.2150797159884, 477.1535238392063], [430.4962777294131, 788.9467175443294], [984.1529999311214, 369.72579265242877]], ""scale"": 1000.0, ""seed"": 4, ""symmetric"": true}, ""n_layers"": null, ""normalization_factor"": 894.0139873651874, ""normalize"": true, ""optimum_status"": ""ok"", ""seed"": 0, ""tau"": 28.0, ""valid_route"": true}"
tau_sweep,tau_sweep_euclidean_n8_seed4,euclidean,8,4,tn_exact,ok,"[7, 1, 3, 2, 6, 4, 0, 5]",1987.60675126796,1987.60675126796,0.0,True,True,0.0375607999999374,270.19140625,270.19140625,0.0,30.0,,True,"{""finite_edges"": true, ""instance_metadata"": {""complete"": true, ""instance_type"": ""euclidean"", ""n"": 8, ""points"": [[943.0561055723676, 511.3275528143616], [976.2437057077042, 80.83602389560218], [607.3558319950296, 376.48658437727255], [801.9012069858072, 174.52781614402846], [871.6352741876564, 543.9414007634982], [902.2150797159884, 477.1535238392063], [430.4962777294131, 788.9467175443294], [984.1529999311214, 369.72579265242877]], ""scale"": 1000.0, ""seed"": 4, ""symmetric"": true}, ""n_layers"": null, ""normalization_factor"": 894.0139873651874, ""normalize"": true, ""optimum_status"": ""ok"", ""seed"": 0, ""tau"": 30.0, ""valid_route"": true}"
tau_sweep,tau_sweep_random_symmetric_n8_seed4,random_symmetric,8,4,tn_exact,ok,"[7, 0, 3, 6, 5, 2, 4, 1]",319.28098327624605,319.280983276246,1.7803571724666847e-16,True,True,0.0352874000000156,270.19140625,270.19140625,0.0,10.0,,True,"{""finite_edges"": true, ""instance_metadata"": {""complete"": true, ""high"": 100.0, ""instance_type"": ""random_symmetric"", ""low"": 1.0, ""n"": 8, ""seed"": 4, ""symmetric"": true}, ""n_layers"": null, ""normalization_factor"": 97.28624046368498, ""normalize"": true, ""optimum_status"": ""ok"", ""seed"": 0, ""tau"": 10.0, ""valid_route"": true}"
tau_sweep,tau_sweep_random_symmetric_n8_seed4,random_symmetric,8,4,tn_exact,ok,"[7, 0, 3, 6, 5, 2, 4, 1]",319.28098327624605,319.280983276246,1.7803571724666847e-16,True,True,0.0364432999999735,270.19140625,270.19140625,0.0,12.0,,True,"{""finite_edges"": true, ""instance_metadata"": {""complete"": true, ""high"": 100.0, ""instance_type"": ""random_symmetric"", ""low"": 1.0, ""n"": 8, ""seed"": 4, ""symmetric"": true}, ""n_layers"": null, ""normalization_factor"": 97.28624046368498, ""normalize"": true, ""optimum_status"": ""ok"", ""seed"": 0, ""tau"": 12.0, ""valid_route"": true}"
tau_sweep,tau_sweep_random_symmetric_n8_seed4,random_symmetric,8,4,tn_exact,ok,"[7, 0, 3, 6, 5, 2, 4, 1]",319.28098327624605,319.280983276246,1.7803571724666847e-16,True,True,0.035185800000363,270.19140625,270.19140625,0.0,14.0,,True,"{""finite_edges"": true, ""instance_metadata"": {""complete"": true, ""high"": 100.0, ""instance_type"": ""random_symmetric"", ""low"": 1.0, ""n"": 8, ""seed"": 4, ""symmetric"": true}, ""n_layers"": null, ""normalization_factor"": 97.28624046368498, ""normalize"": true, ""optimum_status"": ""ok"", ""seed"": 0, ""tau"": 14.0, ""valid_route"": true}"
tau_sweep,tau_sweep_random_symmetric_n8_seed4,random_symmetric,8,4,tn_exact,ok,"[7, 1, 4, 2, 5, 6, 3, 0]",319.280983276246,319.280983276246,0.0,True,True,0.034004200000254,270.19140625,270.21484375,0.0234375,16.0,,True,"{""finite_edges"": true, ""instance_metadata"": {""complete"": true, ""high"": 100.0, ""instance_type"": ""random_symmetric"", ""low"": 1.0, ""n"": 8, ""seed"": 4, ""symmetric"": true}, ""n_layers"": null, ""normalization_factor"": 97.28624046368498, ""normalize"": true, ""optimum_status"": ""ok"", ""seed"": 0, ""tau"": 16.0, ""valid_route"": true}"
tau_sweep,tau_sweep_random_symmetric_n8_seed4,random_symmetric,8,4,tn_exact,ok,"[7, 1, 4, 2, 5, 6, 3, 0]",319.280983276246,319.280983276246,0.0,True,True,0.0349304999999731,270.21484375,270.21484375,0.0,18.0,,True,"{""finite_edges"": true, ""instance_metadata"": {""complete"": true, ""high"": 100.0, ""instance_type"": ""random_symmetric"", ""low"": 1.0, ""n"": 8, ""seed"": 4, ""symmetric"": true}, ""n_layers"": null, ""normalization_factor"": 97.28624046368498, ""normalize"": true, ""optimum_status"": ""ok"", ""seed"": 0, ""tau"": 18.0, ""valid_route"": true}"
tau_sweep,tau_sweep_random_symmetric_n8_seed4,random_symmetric,8,4,tn_exact,ok,"[7, 1, 4, 2, 5, 6, 3, 0]",319.280983276246,319.280983276246,0.0,True,True,0.0339531999998143,270.21484375,270.21875,0.00390625,20.0,,True,"{""finite_edges"": true, ""instance_metadata"": {""complete"": true, ""high"": 100.0, ""instance_type"": ""random_symmetric"", ""low"": 1.0, ""n"": 8, ""seed"": 4, ""symmetric"": true}, ""n_layers"": null, ""normalization_factor"": 97.28624046368498, ""normalize"": true, ""optimum_status"": ""ok"", ""seed"": 0, ""tau"": 20.0, ""valid_route"": true}"
tau_sweep,tau_sweep_random_symmetric_n8_seed4,random_symmetric,8,4,tn_exact,ok,"[7, 1, 4, 2, 5, 6, 3, 0]",319.280983276246,319.280983276246,0.0,True,True,0.0380599000000074,270.21875,270.22265625,0.00390625,22.0,,True,"{""finite_edges"": true, ""instance_metadata"": {""complete"": true, ""high"": 100.0, ""instance_type"": ""random_symmetric"", ""low"": 1.0, ""n"": 8, ""seed"": 4, ""symmetric"": true}, ""n_layers"": null, ""normalization_factor"": 97.28624046368498, ""normalize"": true, ""optimum_status"": ""ok"", ""seed"": 0, ""tau"": 22.0, ""valid_route"": true}"
tau_sweep,tau_sweep_random_symmetric_n8_seed4,random_symmetric,8,4,tn_exact,ok,"[7, 1, 4, 2, 5, 6, 3, 0]",319.280983276246,319.280983276246,0.0,True,True,0.0381880999998429,270.22265625,270.23046875,0.0078125,24.0,,True,"{""finite_edges"": true, ""instance_metadata"": {""complete"": true, ""high"": 100.0, ""instance_type"": ""random_symmetric"", ""low"": 1.0, ""n"": 8, ""seed"": 4, ""symmetric"": true}, ""n_layers"": null, ""normalization_factor"": 97.28624046368498, ""normalize"": true, ""optimum_status"": ""ok"", ""seed"": 0, ""tau"": 24.0, ""valid_route"": true}"
tau_sweep,tau_sweep_random_symmetric_n8_seed4,random_symmetric,8,4,tn_exact,ok,"[7, 1, 4, 2, 5, 6, 3, 0]",319.280983276246,319.280983276246,0.0,True,True,0.0359432000000197,270.23046875,270.23046875,0.0,26.0,,True,"{""finite_edges"": true, ""instance_metadata"": {""complete"": true, ""high"": 100.0, ""instance_type"": ""random_symmetric"", ""low"": 1.0, ""n"": 8, ""seed"": 4, ""symmetric"": true}, ""n_layers"": null, ""normalization_factor"": 97.28624046368498, ""normalize"": true, ""optimum_status"": ""ok"", ""seed"": 0, ""tau"": 26.0, ""valid_route"": true}"
tau_sweep,tau_sweep_random_symmetric_n8_seed4,random_symmetric,8,4,tn_exact,ok,"[7, 1, 4, 2, 5, 6, 3, 0]",319.280983276246,319.280983276246,0.0,True,True,0.035992300000089,270.23046875,270.23828125,0.0078125,28.0,,True,"{""finite_edges"": true, ""instance_metadata"": {""complete"": true, ""high"": 100.0, ""instance_type"": ""random_symmetric"", ""low"": 1.0, ""n"": 8, ""seed"": 4, ""symmetric"": true}, ""n_layers"": null, ""normalization_factor"": 97.28624046368498, ""normalize"": true, ""optimum_status"": ""ok"", ""seed"": 0, ""tau"": 28.0, ""valid_route"": true}"
tau_sweep,tau_sweep_random_symmetric_n8_seed4,random_symmetric,8,4,tn_exact,ok,"[7, 0, 3, 6, 5, 2, 4, 1]",319.28098327624605,319.280983276246,1.7803571724666847e-16,True,True,0.0362228999997569,270.23828125,270.2421875,0.00390625,30.0,,True,"{""finite_edges"": true, ""instance_metadata"": {""complete"": true, ""high"": 100.0, ""instance_type"": ""random_symmetric"", ""low"": 1.0, ""n"": 8, ""seed"": 4, ""symmetric"": true}, ""n_layers"": null, ""normalization_factor"": 97.28624046368498, ""normalize"": true, ""optimum_status"": ""ok"", ""seed"": 0, ""tau"": 30.0, ""valid_route"": true}"
tau_sweep,tau_sweep_random_asymmetric_n8_seed4,random_asymmetric,8,4,tn_exact,ok,"[7, 0, 3, 5, 6, 1, 4, 2]",217.49388944423853,217.49388944423853,0.0,True,True,0.0362599999998565,270.2421875,270.25,0.0078125,10.0,,True,"{""finite_edges"": true, ""instance_metadata"": {""complete"": true, ""high"": 100.0, ""instance_type"": ""random_asymmetric"", ""low"": 1.0, ""n"": 8, ""seed"": 4, ""symmetric"": false}, ""n_layers"": null, ""normalization_factor"": 98.43114699318102, ""normalize"": true, ""optimum_status"": ""ok"", ""seed"": 0, ""tau"": 10.0, ""valid_route"": true}"
tau_sweep,tau_sweep_random_asymmetric_n8_seed4,random_asymmetric,8,4,tn_exact,ok,"[7, 0, 3, 5, 6, 1, 4, 2]",217.49388944423853,217.49388944423853,0.0,True,True,0.0357460999998693,270.25,270.25390625,0.00390625,12.0,,True,"{""finite_edges"": true, ""instance_metadata"": {""complete"": true, ""high"": 100.0, ""instance_type"": ""random_asymmetric"", ""low"": 1.0, ""n"": 8, ""seed"": 4, ""symmetric"": false}, ""n_layers"": null, ""normalization_factor"": 98.43114699318102, ""normalize"": true, ""optimum_status"": ""ok"", ""seed"": 0, ""tau"": 12.0, ""valid_route"": true}"
tau_sweep,tau_sweep_random_asymmetric_n8_seed4,random_asymmetric,8,4,tn_exact,ok,"[7, 0, 3, 5, 6, 1, 4, 2]",217.49388944423853,217.49388944423853,0.0,True,True,0.0361569000001509,270.25390625,270.2578125,0.00390625,14.0,,True,"{""finite_edges"": true, ""instance_metadata"": {""complete"": true, ""high"": 100.0, ""instance_type"": ""random_asymmetric"", ""low"": 1.0, ""n"": 8, ""seed"": 4, ""symmetric"": false}, ""n_layers"": null, ""normalization_factor"": 98.43114699318102, ""normalize"": true, ""optimum_status"": ""ok"", ""seed"": 0, ""tau"": 14.0, ""valid_route"": true}"
tau_sweep,tau_sweep_random_asymmetric_n8_seed4,random_asymmetric,8,4,tn_exact,ok,"[7, 0, 3, 5, 6, 1, 4, 2]",217.49388944423853,217.49388944423853,0.0,True,True,0.036419399999886,270.2578125,270.26171875,0.00390625,16.0,,True,"{""finite_edges"": true, ""instance_metadata"": {""complete"": true, ""high"": 100.0, ""instance_type"": ""random_asymmetric"", ""low"": 1.0, ""n"": 8, ""seed"": 4, ""symmetric"": false}, ""n_layers"": null, ""normalization_factor"": 98.43114699318102, ""normalize"": true, ""optimum_status"": ""ok"", ""seed"": 0, ""tau"": 16.0, ""valid_route"": true}"
tau_sweep,tau_sweep_random_asymmetric_n8_seed4,random_asymmetric,8,4,tn_exact,ok,"[7, 0, 3, 5, 6, 1, 4, 2]",217.49388944423853,217.49388944423853,0.0,True,True,0.0340933000002223,270.26171875,270.26953125,0.0078125,18.0,,True,"{""finite_edges"": true, ""instance_metadata"": {""complete"": true, ""high"": 100.0, ""instance_type"": ""random_asymmetric"", ""low"": 1.0, ""n"": 8, ""seed"": 4, ""symmetric"": false}, ""n_layers"": null, ""normalization_factor"": 98.43114699318102, ""normalize"": true, ""optimum_status"": ""ok"", ""seed"": 0, ""tau"": 18.0, ""valid_route"": true}"
tau_sweep,tau_sweep_random_asymmetric_n8_seed4,random_asymmetric,8,4,tn_exact,ok,"[7, 0, 3, 5, 6, 1, 4, 2]",217.49388944423853,217.49388944423853,0.0,True,True,0.0346574999998665,270.26953125,270.32421875,0.0546875,20.0,,True,"{""finite_edges"": true, ""instance_metadata"": {""complete"": true, ""high"": 100.0, ""instance_type"": ""random_asymmetric"", ""low"": 1.0, ""n"": 8, ""seed"": 4, ""symmetric"": false}, ""n_layers"": null, ""normalization_factor"": 98.43114699318102, ""normalize"": true, ""optimum_status"": ""ok"", ""seed"": 0, ""tau"": 20.0, ""valid_route"": true}"
tau_sweep,tau_sweep_random_asymmetric_n8_seed4,random_asymmetric,8,4,tn_exact,ok,"[7, 0, 3, 5, 6, 1, 4, 2]",217.49388944423853,217.49388944423853,0.0,True,True,0.0350673000002643,270.32421875,270.32421875,0.0,22.0,,True,"{""finite_edges"": true, ""instance_metadata"": {""complete"": true, ""high"": 100.0, ""instance_type"": ""random_asymmetric"", ""low"": 1.0, ""n"": 8, ""seed"": 4, ""symmetric"": false}, ""n_layers"": null, ""normalization_factor"": 98.43114699318102, ""normalize"": true, ""optimum_status"": ""ok"", ""seed"": 0, ""tau"": 22.0, ""valid_route"": true}"
tau_sweep,tau_sweep_random_asymmetric_n8_seed4,random_asymmetric,8,4,tn_exact,ok,"[7, 0, 3, 5, 6, 1, 4, 2]",217.49388944423853,217.49388944423853,0.0,True,True,0.035300499999721,270.32421875,270.32421875,0.0,24.0,,True,"{""finite_edges"": true, ""instance_metadata"": {""complete"": true, ""high"": 100.0, ""instance_type"": ""random_asymmetric"", ""low"": 1.0, ""n"": 8, ""seed"": 4, ""symmetric"": false}, ""n_layers"": null, ""normalization_factor"": 98.43114699318102, ""normalize"": true, ""optimum_status"": ""ok"", ""seed"": 0, ""tau"": 24.0, ""valid_route"": true}"
tau_sweep,tau_sweep_random_asymmetric_n8_seed4,random_asymmetric,8,4,tn_exact,ok,"[7, 0, 3, 5, 6, 1, 4, 2]",217.49388944423853,217.49388944423853,0.0,True,True,0.0770141000002695,270.32421875,270.375,0.05078125,26.0,,True,"{""finite_edges"": true, ""instance_metadata"": {""complete"": true, ""high"": 100.0, ""instance_type"": ""random_asymmetric"", ""low"": 1.0, ""n"": 8, ""seed"": 4, ""symmetric"": false}, ""n_layers"": null, ""normalization_factor"": 98.43114699318102, ""normalize"": true, ""optimum_status"": ""ok"", ""seed"": 0, ""tau"": 26.0, ""valid_route"": true}"
tau_sweep,tau_sweep_random_asymmetric_n8_seed4,random_asymmetric,8,4,tn_exact,ok,"[7, 0, 3, 5, 6, 1, 4, 2]",217.49388944423853,217.49388944423853,0.0,True,True,0.0327072999998563,270.375,270.375,0.0,28.0,,True,"{""finite_edges"": true, ""instance_metadata"": {""complete"": true, ""high"": 100.0, ""instance_type"": ""random_asymmetric"", ""low"": 1.0, ""n"": 8, ""seed"": 4, ""symmetric"": false}, ""n_layers"": null, ""normalization_factor"": 98.43114699318102, ""normalize"": true, ""optimum_status"": ""ok"", ""seed"": 0, ""tau"": 28.0, ""valid_route"": true}"
tau_sweep,tau_sweep_random_asymmetric_n8_seed4,random_asymmetric,8,4,tn_exact,ok,"[7, 0, 3, 5, 6, 1, 4, 2]",217.49388944423853,217.49388944423853,0.0,True,True,0.0342723000003388,270.375,270.375,0.0,30.0,,True,"{""finite_edges"": true, ""instance_metadata"": {""complete"": true, ""high"": 100.0, ""instance_type"": ""random_asymmetric"", ""low"": 1.0, ""n"": 8, ""seed"": 4, ""symmetric"": false}, ""n_layers"": null, ""normalization_factor"": 98.43114699318102, ""normalize"": true, ""optimum_status"": ""ok"", ""seed"": 0, ""tau"": 30.0, ""valid_route"": true}"
tau_sweep,tau_sweep_euclidean_n9_seed0,euclidean,9,0,tn_exact,ok,"[8, 2, 4, 3, 1, 0, 7, 5, 6]",3302.8697607375248,3273.773087016747,0.0088878101650265,True,True,0.0950092999996741,270.41015625,272.87109375,2.4609375,10.0,,True,"{""finite_edges"": true, ""instance_metadata"": {""complete"": true, ""instance_type"": ""euclidean"", ""n"": 9, ""points"": [[636.9616873214543, 269.7867137638703], [40.97352393619469, 16.527635528529096], [813.2702392002724, 912.7555772777217], [606.6357757671799, 729.4965609839984], [543.6249914654229, 935.0724237877682], [815.8535541215322, 2.738500170148095], [857.4042765875694, 33.58557530546435], [729.655446429944, 175.65562060255903], [863.1789223498865, 541.4612202490918]], ""scale"": 1000.0, ""seed"": 0, ""symmetric"": true}, ""n_layers"": null, ""normalization_factor"": 1183.0751201760934, ""normalize"": true, ""optimum_status"": ""ok"", ""seed"": 0, ""tau"": 10.0, ""valid_route"": true}"
tau_sweep,tau_sweep_euclidean_n9_seed0,euclidean,9,0,tn_exact,ok,"[8, 2, 4, 3, 1, 0, 7, 5, 6]",3302.8697607375248,3273.773087016747,0.0088878101650265,True,True,0.0787557999997261,272.87109375,272.89453125,0.0234375,12.0,,True,"{""finite_edges"": true, ""instance_metadata"": {""complete"": true, ""instance_type"": ""euclidean"", ""n"": 9, ""points"": [[636.9616873214543, 269.7867137638703], [40.97352393619469, 16.527635528529096], [813.2702392002724, 912.7555772777217], [606.6357757671799, 729.4965609839984], [543.6249914654229, 935.0724237877682], [815.8535541215322, 2.738500170148095], [857.4042765875694, 33.58557530546435], [729.655446429944, 175.65562060255903], [863.1789223498865, 541.4612202490918]], ""scale"": 1000.0, ""seed"": 0, ""symmetric"": true}, ""n_layers"": null, ""normalization_factor"": 1183.0751201760934, ""normalize"": true, ""optimum_status"": ""ok"", ""seed"": 0, ""tau"": 12.0, ""valid_route"": true}"
tau_sweep,tau_sweep_euclidean_n9_seed0,euclidean,9,0,tn_exact,ok,"[8, 2, 4, 3, 1, 0, 7, 5, 6]",3302.8697607375248,3273.773087016747,0.0088878101650265,True,True,0.1032812000003104,272.89453125,272.90625,0.01171875,14.0,,True,"{""finite_edges"": true, ""instance_metadata"": {""complete"": true, ""instance_type"": ""euclidean"", ""n"": 9, ""points"": [[636.9616873214543, 269.7867137638703], [40.97352393619469, 16.527635528529096], [813.2702392002724, 912.7555772777217], [606.6357757671799, 729.4965609839984], [543.6249914654229, 935.0724237877682], [815.8535541215322, 2.738500170148095], [857.4042765875694, 33.58557530546435], [729.655446429944, 175.65562060255903], [863.1789223498865, 541.4612202490918]], ""scale"": 1000.0, ""seed"": 0, ""symmetric"": true}, ""n_layers"": null, ""normalization_factor"": 1183.0751201760934, ""normalize"": true, ""optimum_status"": ""ok"", ""seed"": 0, ""tau"": 14.0, ""valid_route"": true}"
tau_sweep,tau_sweep_euclidean_n9_seed0,euclidean,9,0,tn_exact,ok,"[8, 2, 4, 3, 1, 0, 7, 5, 6]",3302.8697607375248,3273.773087016747,0.0088878101650265,True,True,0.101858799999718,272.90625,272.921875,0.015625,16.0,,True,"{""finite_edges"": true, ""instance_metadata"": {""complete"": true, ""instance_type"": ""euclidean"", ""n"": 9, ""points"": [[636.9616873214543, 269.7867137638703], [40.97352393619469, 16.527635528529096], [813.2702392002724, 912.7555772777217], [606.6357757671799, 729.4965609839984], [543.6249914654229, 935.0724237877682], [815.8535541215322, 2.738500170148095], [857.4042765875694, 33.58557530546435], [729.655446429944, 175.65562060255903], [863.1789223498865, 541.4612202490918]], ""scale"": 1000.0, ""seed"": 0, ""symmetric"": true}, ""n_layers"": null, ""normalization_factor"": 1183.0751201760934, ""normalize"": true, ""optimum_status"": ""ok"", ""seed"": 0, ""tau"": 16.0, ""valid_route"": true}"
tau_sweep,tau_sweep_euclidean_n9_seed0,euclidean,9,0,tn_exact,ok,"[8, 2, 4, 3, 1, 0, 7, 5, 6]",3302.8697607375248,3273.773087016747,0.0088878101650265,True,True,0.0793745999999373,272.921875,272.921875,0.0,18.0,,True,"{""finite_edges"": true, ""instance_metadata"": {""complete"": true, ""instance_type"": ""euclidean"", ""n"": 9, ""points"": [[636.9616873214543, 269.7867137638703], [40.97352393619469, 16.527635528529096], [813.2702392002724, 912.7555772777217], [606.6357757671799, 729.4965609839984], [543.6249914654229, 935.0724237877682], [815.8535541215322, 2.738500170148095], [857.4042765875694, 33.58557530546435], [729.655446429944, 175.65562060255903], [863.1789223498865, 541.4612202490918]], ""scale"": 1000.0, ""seed"": 0, ""symmetric"": true}, ""n_layers"": null, ""normalization_factor"": 1183.0751201760934, ""normalize"": true, ""optimum_status"": ""ok"", ""seed"": 0, ""tau"": 18.0, ""valid_route"": true}"
tau_sweep,tau_sweep_euclidean_n9_seed0,euclidean,9,0,tn_exact,ok,"[8, 2, 4, 3, 1, 0, 7, 5, 6]",3302.8697607375248,3273.773087016747,0.0088878101650265,True,True,0.0953835000000253,272.921875,272.93359375,0.01171875,20.0,,True,"{""finite_edges"": true, ""instance_metadata"": {""complete"": true, ""instance_type"": ""euclidean"", ""n"": 9, ""points"": [[636.9616873214543, 269.7867137638703], [40.97352393619469, 16.527635528529096], [813.2702392002724, 912.7555772777217], [606.6357757671799, 729.4965609839984], [543.6249914654229, 935.0724237877682], [815.8535541215322, 2.738500170148095], [857.4042765875694, 33.58557530546435], [729.655446429944, 175.65562060255903], [863.1789223498865, 541.4612202490918]], ""scale"": 1000.0, ""seed"": 0, ""symmetric"": true}, ""n_layers"": null, ""normalization_factor"": 1183.0751201760934, ""normalize"": true, ""optimum_status"": ""ok"", ""seed"": 0, ""tau"": 20.0, ""valid_route"": true}"
tau_sweep,tau_sweep_euclidean_n9_seed0,euclidean,9,0,tn_exact,ok,"[8, 2, 4, 3, 1, 0, 7, 5, 6]",3302.8697607375248,3273.773087016747,0.0088878101650265,True,True,0.065243399999872,272.93359375,272.93359375,0.0,22.0,,True,"{""finite_edges"": true, ""instance_metadata"": {""complete"": true, ""instance_type"": ""euclidean"", ""n"": 9, ""points"": [[636.9616873214543, 269.7867137638703], [40.97352393619469, 16.527635528529096], [813.2702392002724, 912.7555772777217], [606.6357757671799, 729.4965609839984], [543.6249914654229, 935.0724237877682], [815.8535541215322, 2.738500170148095], [857.4042765875694, 33.58557530546435], [729.655446429944, 175.65562060255903], [863.1789223498865, 541.4612202490918]], ""scale"": 1000.0, ""seed"": 0, ""symmetric"": true}, ""n_layers"": null, ""normalization_factor"": 1183.0751201760934, ""normalize"": true, ""optimum_status"": ""ok"", ""seed"": 0, ""tau"": 22.0, ""valid_route"": true}"
tau_sweep,tau_sweep_euclidean_n9_seed0,euclidean,9,0,tn_exact,ok,"[8, 2, 4, 3, 1, 0, 7, 5, 6]",3302.8697607375248,3273.773087016747,0.0088878101650265,True,True,0.0672920000001795,272.93359375,273.00390625,0.0703125,24.0,,True,"{""finite_edges"": true, ""instance_metadata"": {""complete"": true, ""instance_type"": ""euclidean"", ""n"": 9, ""points"": [[636.9616873214543, 269.7867137638703], [40.97352393619469, 16.527635528529096], [813.2702392002724, 912.7555772777217], [606.6357757671799, 729.4965609839984], [543.6249914654229, 935.0724237877682], [815.8535541215322, 2.738500170148095], [857.4042765875694, 33.58557530546435], [729.655446429944, 175.65562060255903], [863.1789223498865, 541.4612202490918]], ""scale"": 1000.0, ""seed"": 0, ""symmetric"": true}, ""n_layers"": null, ""normalization_factor"": 1183.0751201760934, ""normalize"": true, ""optimum_status"": ""ok"", ""seed"": 0, ""tau"": 24.0, ""valid_route"": true}"
tau_sweep,tau_sweep_euclidean_n9_seed0,euclidean,9,0,tn_exact,ok,"[8, 2, 4, 3, 1, 5, 6, 7, 0]",3273.773087016747,3273.773087016747,0.0,True,True,0.0926905999999689,273.00390625,273.00390625,0.0,26.0,,True,"{""finite_edges"": true, ""instance_metadata"": {""complete"": true, ""instance_type"": ""euclidean"", ""n"": 9, ""points"": [[636.9616873214543, 269.7867137638703], [40.97352393619469, 16.527635528529096], [813.2702392002724, 912.7555772777217], [606.6357757671799, 729.4965609839984], [543.6249914654229, 935.0724237877682], [815.8535541215322, 2.738500170148095], [857.4042765875694, 33.58557530546435], [729.655446429944, 175.65562060255903], [863.1789223498865, 541.4612202490918]], ""scale"": 1000.0, ""seed"": 0, ""symmetric"": true}, ""n_layers"": null, ""normalization_factor"": 1183.0751201760934, ""normalize"": true, ""optimum_status"": ""ok"", ""seed"": 0, ""tau"": 26.0, ""valid_route"": true}"
tau_sweep,tau_sweep_euclidean_n9_seed0,euclidean,9,0,tn_exact,ok,"[8, 2, 4, 3, 1, 5, 6, 7, 0]",3273.773087016747,3273.773087016747,0.0,True,True,0.1142969999996239,273.00390625,273.01171875,0.0078125,28.0,,True,"{""finite_edges"": true, ""instance_metadata"": {""complete"": true, ""instance_type"": ""euclidean"", ""n"": 9, ""points"": [[636.9616873214543, 269.7867137638703], [40.97352393619469, 16.527635528529096], [813.2702392002724, 912.7555772777217], [606.6357757671799, 729.4965609839984], [543.6249914654229, 935.0724237877682], [815.8535541215322, 2.738500170148095], [857.4042765875694, 33.58557530546435], [729.655446429944, 175.65562060255903], [863.1789223498865, 541.4612202490918]], ""scale"": 1000.0, ""seed"": 0, ""symmetric"": true}, ""n_layers"": null, ""normalization_factor"": 1183.0751201760934, ""normalize"": true, ""optimum_status"": ""ok"", ""seed"": 0, ""tau"": 28.0, ""valid_route"": true}"
tau_sweep,tau_sweep_euclidean_n9_seed0,euclidean,9,0,tn_exact,ok,"[8, 2, 4, 3, 1, 5, 6, 7, 0]",3273.773087016747,3273.773087016747,0.0,True,True,0.078234600000087,273.01171875,273.01171875,0.0,30.0,,True,"{""finite_edges"": true, ""instance_metadata"": {""complete"": true, ""instance_type"": ""euclidean"", ""n"": 9, ""points"": [[636.9616873214543, 269.7867137638703], [40.97352393619469, 16.527635528529096], [813.2702392002724, 912.7555772777217], [606.6357757671799, 729.4965609839984], [543.6249914654229, 935.0724237877682], [815.8535541215322, 2.738500170148095], [857.4042765875694, 33.58557530546435], [729.655446429944, 175.65562060255903], [863.1789223498865, 541.4612202490918]], ""scale"": 1000.0, ""seed"": 0, ""symmetric"": true}, ""n_layers"": null, ""normalization_factor"": 1183.0751201760934, ""normalize"": true, ""optimum_status"": ""ok"", ""seed"": 0, ""tau"": 30.0, ""valid_route"": true}"
tau_sweep,tau_sweep_random_symmetric_n9_seed0,random_symmetric,9,0,tn_exact,ok,"[8, 0, 2, 1, 6, 7, 3, 5, 4]",280.77402284609394,280.5098921946555,0.0009416090440588,True,True,0.1019005000002835,273.0703125,273.078125,0.0078125,10.0,,True,"{""finite_edges"": true, ""instance_metadata"": {""complete"": true, ""high"": 100.0, ""instance_type"": ""random_symmetric"", ""low"": 1.0, ""n"": 9, ""seed"": 0, ""symmetric"": true}, ""n_layers"": null, ""normalization_factor"": 90.24998149948445, ""normalize"": true, ""optimum_status"": ""ok"", ""seed"": 0, ""tau"": 10.0, ""valid_route"": true}"
tau_sweep,tau_sweep_random_symmetric_n9_seed0,random_symmetric,9,0,tn_exact,ok,"[8, 0, 2, 1, 6, 7, 3, 5, 4]",280.77402284609394,280.5098921946555,0.0009416090440588,True,True,0.0998148000003311,273.078125,273.078125,0.0,12.0,,True,"{""finite_edges"": true, ""instance_metadata"": {""complete"": true, ""high"": 100.0, ""instance_type"": ""random_symmetric"", ""low"": 1.0, ""n"": 9, ""seed"": 0, ""symmetric"": true}, ""n_layers"": null, ""normalization_factor"": 90.24998149948445, ""normalize"": true, ""optimum_status"": ""ok"", ""seed"": 0, ""tau"": 12.0, ""valid_route"": true}"
tau_sweep,tau_sweep_random_symmetric_n9_seed0,random_symmetric,9,0,tn_exact,ok,"[8, 0, 2, 1, 6, 7, 3, 5, 4]",280.77402284609394,280.5098921946555,0.0009416090440588,True,True,0.1134768000001713,273.078125,273.08203125,0.00390625,14.0,,True,"{""finite_edges"": true, ""instance_metadata"": {""complete"": true, ""high"": 100.0, ""instance_type"": ""random_symmetric"", ""low"": 1.0, ""n"": 9, ""seed"": 0, ""symmetric"": true}, ""n_layers"": null, ""normalization_factor"": 90.24998149948445, ""normalize"": true, ""optimum_status"": ""ok"", ""seed"": 0, ""tau"": 14.0, ""valid_route"": true}"
tau_sweep,tau_sweep_random_symmetric_n9_seed0,random_symmetric,9,0,tn_exact,ok,"[8, 0, 2, 1, 6, 7, 3, 5, 4]",280.77402284609394,280.5098921946555,0.0009416090440588,True,True,0.0935168999999405,273.08203125,272.87109375,-0.2109375,16.0,,True,"{""finite_edges"": true, ""instance_metadata"": {""complete"": true, ""high"": 100.0, ""instance_type"": ""random_symmetric"", ""low"": 1.0, ""n"": 9, ""seed"": 0, ""symmetric"": true}, ""n_layers"": null, ""normalization_factor"": 90.24998149948445, ""normalize"": true, ""optimum_status"": ""ok"", ""seed"": 0, ""tau"": 16.0, ""valid_route"": true}"
tau_sweep,tau_sweep_random_symmetric_n9_seed0,random_symmetric,9,0,tn_exact,ok,"[8, 0, 2, 1, 6, 7, 3, 5, 4]",280.77402284609394,280.5098921946555,0.0009416090440588,True,True,0.0939318000000639,272.87109375,273.15234375,0.28125,18.0,,True,"{""finite_edges"": true, ""instance_metadata"": {""complete"": true, ""high"": 100.0, ""instance_type"": ""random_symmetric"", ""low"": 1.0, ""n"": 9, ""seed"": 0, ""symmetric"": true}, ""n_layers"": null, ""normalization_factor"": 90.24998149948445, ""normalize"": true, ""optimum_status"": ""ok"", ""seed"": 0, ""tau"": 18.0, ""valid_route"": true}"
tau_sweep,tau_sweep_random_symmetric_n9_seed0,random_symmetric,9,0,tn_exact,ok,"[8, 0, 2, 1, 6, 7, 3, 5, 4]",280.77402284609394,280.5098921946555,0.0009416090440588,True,True,0.1079251999999542,273.15234375,273.17578125,0.0234375,20.0,,True,"{""finite_edges"": true, ""instance_metadata"": {""complete"": true, ""high"": 100.0, ""instance_type"": ""random_symmetric"", ""low"": 1.0, ""n"": 9, ""seed"": 0, ""symmetric"": true}, ""n_layers"": null, ""normalization_factor"": 90.24998149948445, ""normalize"": true, ""optimum_status"": ""ok"", ""seed"": 0, ""tau"": 20.0, ""valid_route"": true}"
tau_sweep,tau_sweep_random_symmetric_n9_seed0,random_symmetric,9,0,tn_exact,ok,"[8, 0, 2, 1, 6, 7, 3, 5, 4]",280.77402284609394,280.5098921946555,0.0009416090440588,True,True,0.0747699000003194,273.17578125,273.1796875,0.00390625,22.0,,True,"{""finite_edges"": true, ""instance_metadata"": {""complete"": true, ""high"": 100.0, ""instance_type"": ""random_symmetric"", ""low"": 1.0, ""n"": 9, ""seed"": 0, ""symmetric"": true}, ""n_layers"": null, ""normalization_factor"": 90.24998149948445, ""normalize"": true, ""optimum_status"": ""ok"", ""seed"": 0, ""tau"": 22.0, ""valid_route"": true}"
tau_sweep,tau_sweep_random_symmetric_n9_seed0,random_symmetric,9,0,tn_exact,ok,"[8, 0, 2, 1, 6, 7, 3, 5, 4]",280.77402284609394,280.5098921946555,0.0009416090440588,True,True,0.1066955999999663,273.1796875,273.1875,0.0078125,24.0,,True,"{""finite_edges"": true, ""instance_metadata"": {""complete"": true, ""high"": 100.0, ""instance_type"": ""random_symmetric"", ""low"": 1.0, ""n"": 9, ""seed"": 0, ""symmetric"": true}, ""n_layers"": null, ""normalization_factor"": 90.24998149948445, ""normalize"": true, ""optimum_status"": ""ok"", ""seed"": 0, ""tau"": 24.0, ""valid_route"": true}"
tau_sweep,tau_sweep_random_symmetric_n9_seed0,random_symmetric,9,0,tn_exact,ok,"[8, 0, 2, 1, 6, 7, 3, 5, 4]",280.77402284609394,280.5098921946555,0.0009416090440588,True,True,0.1117155999995702,273.1875,273.19140625,0.00390625,26.0,,True,"{""finite_edges"": true, ""instance_metadata"": {""complete"": true, ""high"": 100.0, ""instance_type"": ""random_symmetric"", ""low"": 1.0, ""n"": 9, ""seed"": 0, ""symmetric"": true}, ""n_layers"": null, ""normalization_factor"": 90.24998149948445, ""normalize"": true, ""optimum_status"": ""ok"", ""seed"": 0, ""tau"": 26.0, ""valid_route"": true}"
tau_sweep,tau_sweep_random_symmetric_n9_seed0,random_symmetric,9,0,tn_exact,ok,"[8, 0, 2, 1, 6, 7, 3, 5, 4]",280.77402284609394,280.5098921946555,0.0009416090440588,True,True,0.0710984000002099,273.19140625,273.203125,0.01171875,28.0,,True,"{""finite_edges"": true, ""instance_metadata"": {""complete"": true, ""high"": 100.0, ""instance_type"": ""random_symmetric"", ""low"": 1.0, ""n"": 9, ""seed"": 0, ""symmetric"": true}, ""n_layers"": null, ""normalization_factor"": 90.24998149948445, ""normalize"": true, ""optimum_status"": ""ok"", ""seed"": 0, ""tau"": 28.0, ""valid_route"": true}"
tau_sweep,tau_sweep_random_symmetric_n9_seed0,random_symmetric,9,0,tn_exact,ok,"[8, 0, 2, 1, 6, 7, 3, 5, 4]",280.77402284609394,280.5098921946555,0.0009416090440588,True,True,0.1204864999999699,273.203125,273.203125,0.0,30.0,,True,"{""finite_edges"": true, ""instance_metadata"": {""complete"": true, ""high"": 100.0, ""instance_type"": ""random_symmetric"", ""low"": 1.0, ""n"": 9, ""seed"": 0, ""symmetric"": true}, ""n_layers"": null, ""normalization_factor"": 90.24998149948445, ""normalize"": true, ""optimum_status"": ""ok"", ""seed"": 0, ""tau"": 30.0, ""valid_route"": true}"
tau_sweep,tau_sweep_random_asymmetric_n9_seed0,random_asymmetric,9,0,tn_exact,ok,"[8, 0, 2, 3, 5, 1, 4, 7, 6]",161.02768479121897,161.02768479121897,0.0,True,True,0.1050696000002062,273.2265625,273.29296875,0.06640625,10.0,,True,"{""finite_edges"": true, ""instance_metadata"": {""complete"": true, ""high"": 100.0, ""instance_type"": ""random_asymmetric"", ""low"": 1.0, ""n"": 9, ""seed"": 0, ""symmetric"": false}, ""n_layers"": null, ""normalization_factor"": 99.7237836431319, ""normalize"": true, ""optimum_status"": ""ok"", ""seed"": 0, ""tau"": 10.0, ""valid_route"": true}"
tau_sweep,tau_sweep_random_asymmetric_n9_seed0,random_asymmetric,9,0,tn_exact,ok,"[8, 0, 2, 3, 5, 1, 4, 7, 6]",161.02768479121897,161.02768479121897,0.0,True,True,0.0753786000000218,273.29296875,273.3046875,0.01171875,12.0,,True,"{""finite_edges"": true, ""instance_metadata"": {""complete"": true, ""high"": 100.0, ""instance_type"": ""random_asymmetric"", ""low"": 1.0, ""n"": 9, ""seed"": 0, ""symmetric"": false}, ""n_layers"": null, ""normalization_factor"": 99.7237836431319, ""normalize"": true, ""optimum_status"": ""ok"", ""seed"": 0, ""tau"": 12.0, ""valid_route"": true}"
tau_sweep,tau_sweep_random_asymmetric_n9_seed0,random_asymmetric,9,0,tn_exact,ok,"[8, 0, 2, 3, 5, 1, 4, 7, 6]",161.02768479121897,161.02768479121897,0.0,True,True,0.0943225000000893,273.3046875,273.31640625,0.01171875,14.0,,True,"{""finite_edges"": true, ""instance_metadata"": {""complete"": true, ""high"": 100.0, ""instance_type"": ""random_asymmetric"", ""low"": 1.0, ""n"": 9, ""seed"": 0, ""symmetric"": false}, ""n_layers"": null, ""normalization_factor"": 99.7237836431319, ""normalize"": true, ""optimum_status"": ""ok"", ""seed"": 0, ""tau"": 14.0, ""valid_route"": true}"
tau_sweep,tau_sweep_random_asymmetric_n9_seed0,random_asymmetric,9,0,tn_exact,ok,"[8, 0, 2, 3, 5, 1, 4, 7, 6]",161.02768479121897,161.02768479121897,0.0,True,True,0.0983861999998225,273.31640625,273.3203125,0.00390625,16.0,,True,"{""finite_edges"": true, ""instance_metadata"": {""complete"": true, ""high"": 100.0, ""instance_type"": ""random_asymmetric"", ""low"": 1.0, ""n"": 9, ""seed"": 0, ""symmetric"": false}, ""n_layers"": null, ""normalization_factor"": 99.7237836431319, ""normalize"": true, ""optimum_status"": ""ok"", ""seed"": 0, ""tau"": 16.0, ""valid_route"": true}"
tau_sweep,tau_sweep_random_asymmetric_n9_seed0,random_asymmetric,9,0,tn_exact,ok,"[8, 0, 2, 3, 5, 1, 4, 7, 6]",161.02768479121897,161.02768479121897,0.0,True,True,0.0905218999996577,273.3203125,273.328125,0.0078125,18.0,,True,"{""finite_edges"": true, ""instance_metadata"": {""complete"": true, ""high"": 100.0, ""instance_type"": ""random_asymmetric"", ""low"": 1.0, ""n"": 9, ""seed"": 0, ""symmetric"": false}, ""n_layers"": null, ""normalization_factor"": 99.7237836431319, ""normalize"": true, ""optimum_status"": ""ok"", ""seed"": 0, ""tau"": 18.0, ""valid_route"": true}"
tau_sweep,tau_sweep_random_asymmetric_n9_seed0,random_asymmetric,9,0,tn_exact,ok,"[8, 0, 2, 3, 5, 1, 4, 7, 6]",161.02768479121897,161.02768479121897,0.0,True,True,0.0916454000002886,273.328125,273.328125,0.0,20.0,,True,"{""finite_edges"": true, ""instance_metadata"": {""complete"": true, ""high"": 100.0, ""instance_type"": ""random_asymmetric"", ""low"": 1.0, ""n"": 9, ""seed"": 0, ""symmetric"": false}, ""n_layers"": null, ""normalization_factor"": 99.7237836431319, ""normalize"": true, ""optimum_status"": ""ok"", ""seed"": 0, ""tau"": 20.0, ""valid_route"": true}"
tau_sweep,tau_sweep_random_asymmetric_n9_seed0,random_asymmetric,9,0,tn_exact,ok,"[8, 0, 2, 3, 5, 1, 4, 7, 6]",161.02768479121897,161.02768479121897,0.0,True,True,0.0928411999998388,273.328125,273.3359375,0.0078125,22.0,,True,"{""finite_edges"": true, ""instance_metadata"": {""complete"": true, ""high"": 100.0, ""instance_type"": ""random_asymmetric"", ""low"": 1.0, ""n"": 9, ""seed"": 0, ""symmetric"": false}, ""n_layers"": null, ""normalization_factor"": 99.7237836431319, ""normalize"": true, ""optimum_status"": ""ok"", ""seed"": 0, ""tau"": 22.0, ""valid_route"": true}"
tau_sweep,tau_sweep_random_asymmetric_n9_seed0,random_asymmetric,9,0,tn_exact,ok,"[8, 0, 2, 3, 5, 1, 4, 7, 6]",161.02768479121897,161.02768479121897,0.0,True,True,0.0978488999999172,273.3359375,273.38671875,0.05078125,24.0,,True,"{""finite_edges"": true, ""instance_metadata"": {""complete"": true, ""high"": 100.0, ""instance_type"": ""random_asymmetric"", ""low"": 1.0, ""n"": 9, ""seed"": 0, ""symmetric"": false}, ""n_layers"": null, ""normalization_factor"": 99.7237836431319, ""normalize"": true, ""optimum_status"": ""ok"", ""seed"": 0, ""tau"": 24.0, ""valid_route"": true}"
tau_sweep,tau_sweep_random_asymmetric_n9_seed0,random_asymmetric,9,0,tn_exact,ok,"[8, 0, 2, 3, 5, 1, 4, 7, 6]",161.02768479121897,161.02768479121897,0.0,True,True,0.190934599999764,273.38671875,273.39453125,0.0078125,26.0,,True,"{""finite_edges"": true, ""instance_metadata"": {""complete"": true, ""high"": 100.0, ""instance_type"": ""random_asymmetric"", ""low"": 1.0, ""n"": 9, ""seed"": 0, ""symmetric"": false}, ""n_layers"": null, ""normalization_factor"": 99.7237836431319, ""normalize"": true, ""optimum_status"": ""ok"", ""seed"": 0, ""tau"": 26.0, ""valid_route"": true}"
tau_sweep,tau_sweep_random_asymmetric_n9_seed0,random_asymmetric,9,0,tn_exact,ok,"[8, 0, 2, 3, 5, 1, 4, 7, 6]",161.02768479121897,161.02768479121897,0.0,True,True,0.0936925000000883,273.39453125,273.39453125,0.0,28.0,,True,"{""finite_edges"": true, ""instance_metadata"": {""complete"": true, ""high"": 100.0, ""instance_type"": ""random_asymmetric"", ""low"": 1.0, ""n"": 9, ""seed"": 0, ""symmetric"": false}, ""n_layers"": null, ""normalization_factor"": 99.7237836431319, ""normalize"": true, ""optimum_status"": ""ok"", ""seed"": 0, ""tau"": 28.0, ""valid_route"": true}"
tau_sweep,tau_sweep_random_asymmetric_n9_seed0,random_asymmetric,9,0,tn_exact,ok,"[8, 0, 2, 3, 5, 1, 4, 7, 6]",161.02768479121897,161.02768479121897,0.0,True,True,0.0654909999998381,273.39453125,273.3984375,0.00390625,30.0,,True,"{""finite_edges"": true, ""instance_metadata"": {""complete"": true, ""high"": 100.0, ""instance_type"": ""random_asymmetric"", ""low"": 1.0, ""n"": 9, ""seed"": 0, ""symmetric"": false}, ""n_layers"": null, ""normalization_factor"": 99.7237836431319, ""normalize"": true, ""optimum_status"": ""ok"", ""seed"": 0, ""tau"": 30.0, ""valid_route"": true}"
tau_sweep,tau_sweep_euclidean_n9_seed1,euclidean,9,1,tn_exact,ok,"[8, 7, 2, 4, 3, 5, 0, 6, 1]",2803.043157500547,2803.043157500547,0.0,True,True,0.0975312999999005,273.4296875,273.4296875,0.0,10.0,,True,"{""finite_edges"": true, ""instance_metadata"": {""complete"": true, ""instance_type"": ""euclidean"", ""n"": 9, ""points"": [[511.82162470025673, 950.4636963259353], [144.15961271963374, 948.6494471372439], [311.83145201048546, 423.32644897257563], [827.7025938204417, 409.1991363691613], [549.5936876730595, 27.559113243068367], [753.5131086748066, 538.1433132192782], [329.73171649909216, 788.4287034284043], [303.19482929164496, 453.4978894806515], [134.04169724716473, 403.11298644712923]], ""scale"": 1000.0, ""seed"": 1, ""symmetric"": true}, ""n_layers"": null, ""normalization_factor"": 1006.3717962694622, ""normalize"": true, ""optimum_status"": ""ok"", ""seed"": 0, ""tau"": 10.0, ""valid_route"": true}"
tau_sweep,tau_sweep_euclidean_n9_seed1,euclidean,9,1,tn_exact,ok,"[8, 7, 2, 4, 3, 5, 0, 6, 1]",2803.043157500547,2803.043157500547,0.0,True,True,0.0943974000001617,273.4296875,273.4296875,0.0,12.0,,True,"{""finite_edges"": true, ""instance_metadata"": {""complete"": true, ""instance_type"": ""euclidean"", ""n"": 9, ""points"": [[511.82162470025673, 950.4636963259353], [144.15961271963374, 948.6494471372439], [311.83145201048546, 423.32644897257563], [827.7025938204417, 409.1991363691613], [549.5936876730595, 27.559113243068367], [753.5131086748066, 538.1433132192782], [329.73171649909216, 788.4287034284043], [303.19482929164496, 453.4978894806515], [134.04169724716473, 403.11298644712923]], ""scale"": 1000.0, ""seed"": 1, ""symmetric"": true}, ""n_layers"": null, ""normalization_factor"": 1006.3717962694622, ""normalize"": true, ""optimum_status"": ""ok"", ""seed"": 0, ""tau"": 12.0, ""valid_route"": true}"
tau_sweep,tau_sweep_euclidean_n9_seed1,euclidean,9,1,tn_exact,ok,"[8, 7, 2, 4, 3, 5, 0, 6, 1]",2803.043157500547,2803.043157500547,0.0,True,True,0.1112309999998615,273.4296875,273.4296875,0.0,14.0,,True,"{""finite_edges"": true, ""instance_metadata"": {""complete"": true, ""instance_type"": ""euclidean"", ""n"": 9, ""points"": [[511.82162470025673, 950.4636963259353], [144.15961271963374, 948.6494471372439], [311.83145201048546, 423.32644897257563], [827.7025938204417, 409.1991363691613], [549.5936876730595, 27.559113243068367], [753.5131086748066, 538.1433132192782], [329.73171649909216, 788.4287034284043], [303.19482929164496, 453.4978894806515], [134.04169724716473, 403.11298644712923]], ""scale"": 1000.0, ""seed"": 1, ""symmetric"": true}, ""n_layers"": null, ""normalization_factor"": 1006.3717962694622, ""normalize"": true, ""optimum_status"": ""ok"", ""seed"": 0, ""tau"": 14.0, ""valid_route"": true}"
tau_sweep,tau_sweep_euclidean_n9_seed1,euclidean,9,1,tn_exact,ok,"[8, 7, 2, 4, 3, 5, 0, 6, 1]",2803.043157500547,2803.043157500547,0.0,True,True,0.0722003999999287,273.4296875,273.4296875,0.0,16.0,,True,"{""finite_edges"": true, ""instance_metadata"": {""complete"": true, ""instance_type"": ""euclidean"", ""n"": 9, ""points"": [[511.82162470025673, 950.4636963259353], [144.15961271963374, 948.6494471372439], [311.83145201048546, 423.32644897257563], [827.7025938204417, 409.1991363691613], [549.5936876730595, 27.559113243068367], [753.5131086748066, 538.1433132192782], [329.73171649909216, 788.4287034284043], [303.19482929164496, 453.4978894806515], [134.04169724716473, 403.11298644712923]], ""scale"": 1000.0, ""seed"": 1, ""symmetric"": true}, ""n_layers"": null, ""normalization_factor"": 1006.3717962694622, ""normalize"": true, ""optimum_status"": ""ok"", ""seed"": 0, ""tau"": 16.0, ""valid_route"": true}"
tau_sweep,tau_sweep_euclidean_n9_seed1,euclidean,9,1,tn_exact,ok,"[8, 7, 2, 4, 3, 5, 0, 6, 1]",2803.043157500547,2803.043157500547,0.0,True,True,0.0806541000001743,273.4296875,273.4296875,0.0,18.0,,True,"{""finite_edges"": true, ""instance_metadata"": {""complete"": true, ""instance_type"": ""euclidean"", ""n"": 9, ""points"": [[511.82162470025673, 950.4636963259353], [144.15961271963374, 948.6494471372439], [311.83145201048546, 423.32644897257563], [827.7025938204417, 409.1991363691613], [549.5936876730595, 27.559113243068367], [753.5131086748066, 538.1433132192782], [329.73171649909216, 788.4287034284043], [303.19482929164496, 453.4978894806515], [134.04169724716473, 403.11298644712923]], ""scale"": 1000.0, ""seed"": 1, ""symmetric"": true}, ""n_layers"": null, ""normalization_factor"": 1006.3717962694622, ""normalize"": true, ""optimum_status"": ""ok"", ""seed"": 0, ""tau"": 18.0, ""valid_route"": true}"
tau_sweep,tau_sweep_euclidean_n9_seed1,euclidean,9,1,tn_exact,ok,"[8, 7, 2, 4, 3, 5, 0, 6, 1]",2803.043157500547,2803.043157500547,0.0,True,True,0.0903905000000122,273.4296875,273.4296875,0.0,20.0,,True,"{""finite_edges"": true, ""instance_metadata"": {""complete"": true, ""instance_type"": ""euclidean"", ""n"": 9, ""points"": [[511.82162470025673, 950.4636963259353], [144.15961271963374, 948.6494471372439], [311.83145201048546, 423.32644897257563], [827.7025938204417, 409.1991363691613], [549.5936876730595, 27.559113243068367], [753.5131086748066, 538.1433132192782], [329.73171649909216, 788.4287034284043], [303.19482929164496, 453.4978894806515], [134.04169724716473, 403.11298644712923]], ""scale"": 1000.0, ""seed"": 1, ""symmetric"": true}, ""n_layers"": null, ""normalization_factor"": 1006.3717962694622, ""normalize"": true, ""optimum_status"": ""ok"", ""seed"": 0, ""tau"": 20.0, ""valid_route"": true}"
tau_sweep,tau_sweep_euclidean_n9_seed1,euclidean,9,1,tn_exact,ok,"[8, 7, 2, 4, 3, 5, 0, 6, 1]",2803.043157500547,2803.043157500547,0.0,True,True,0.1066683000003649,273.4296875,273.4296875,0.0,22.0,,True,"{""finite_edges"": true, ""instance_metadata"": {""complete"": true, ""instance_type"": ""euclidean"", ""n"": 9, ""points"": [[511.82162470025673, 950.4636963259353], [144.15961271963374, 948.6494471372439], [311.83145201048546, 423.32644897257563], [827.7025938204417, 409.1991363691613], [549.5936876730595, 27.559113243068367], [753.5131086748066, 538.1433132192782], [329.73171649909216, 788.4287034284043], [303.19482929164496, 453.4978894806515], [134.04169724716473, 403.11298644712923]], ""scale"": 1000.0, ""seed"": 1, ""symmetric"": true}, ""n_layers"": null, ""normalization_factor"": 1006.3717962694622, ""normalize"": true, ""optimum_status"": ""ok"", ""seed"": 0, ""tau"": 22.0, ""valid_route"": true}"
tau_sweep,tau_sweep_euclidean_n9_seed1,euclidean,9,1,tn_exact,ok,"[8, 7, 2, 4, 3, 5, 0, 6, 1]",2803.043157500547,2803.043157500547,0.0,True,True,0.1080289999999877,273.4296875,273.43359375,0.00390625,24.0,,True,"{""finite_edges"": true, ""instance_metadata"": {""complete"": true, ""instance_type"": ""euclidean"", ""n"": 9, ""points"": [[511.82162470025673, 950.4636963259353], [144.15961271963374, 948.6494471372439], [311.83145201048546, 423.32644897257563], [827.7025938204417, 409.1991363691613], [549.5936876730595, 27.559113243068367], [753.5131086748066, 538.1433132192782], [329.73171649909216, 788.4287034284043], [303.19482929164496, 453.4978894806515], [134.04169724716473, 403.11298644712923]], ""scale"": 1000.0, ""seed"": 1, ""symmetric"": true}, ""n_layers"": null, ""normalization_factor"": 1006.3717962694622, ""normalize"": true, ""optimum_status"": ""ok"", ""seed"": 0, ""tau"": 24.0, ""valid_route"": true}"
tau_sweep,tau_sweep_euclidean_n9_seed1,euclidean,9,1,tn_exact,ok,"[8, 7, 2, 4, 3, 5, 0, 6, 1]",2803.043157500547,2803.043157500547,0.0,True,True,0.10822300000018,273.43359375,273.19921875,-0.234375,26.0,,True,"{""finite_edges"": true, ""instance_metadata"": {""complete"": true, ""instance_type"": ""euclidean"", ""n"": 9, ""points"": [[511.82162470025673, 950.4636963259353], [144.15961271963374, 948.6494471372439], [311.83145201048546, 423.32644897257563], [827.7025938204417, 409.1991363691613], [549.5936876730595, 27.559113243068367], [753.5131086748066, 538.1433132192782], [329.73171649909216, 788.4287034284043], [303.19482929164496, 453.4978894806515], [134.04169724716473, 403.11298644712923]], ""scale"": 1000.0, ""seed"": 1, ""symmetric"": true}, ""n_layers"": null, ""normalization_factor"": 1006.3717962694622, ""normalize"": true, ""optimum_status"": ""ok"", ""seed"": 0, ""tau"": 26.0, ""valid_route"": true}"
tau_sweep,tau_sweep_euclidean_n9_seed1,euclidean,9,1,tn_exact,ok,"[8, 7, 2, 4, 3, 5, 0, 6, 1]",2803.043157500547,2803.043157500547,0.0,True,True,0.060805000000073,273.19921875,273.421875,0.22265625,28.0,,True,"{""finite_edges"": true, ""instance_metadata"": {""complete"": true, ""instance_type"": ""euclidean"", ""n"": 9, ""points"": [[511.82162470025673, 950.4636963259353], [144.15961271963374, 948.6494471372439], [311.83145201048546, 423.32644897257563], [827.7025938204417, 409.1991363691613], [549.5936876730595, 27.559113243068367], [753.5131086748066, 538.1433132192782], [329.73171649909216, 788.4287034284043], [303.19482929164496, 453.4978894806515], [134.04169724716473, 403.11298644712923]], ""scale"": 1000.0, ""seed"": 1, ""symmetric"": true}, ""n_layers"": null, ""normalization_factor"": 1006.3717962694622, ""normalize"": true, ""optimum_status"": ""ok"", ""seed"": 0, ""tau"": 28.0, ""valid_route"": true}"
tau_sweep,tau_sweep_euclidean_n9_seed1,euclidean,9,1,tn_exact,ok,"[8, 7, 2, 4, 3, 5, 0, 6, 1]",2803.043157500547,2803.043157500547,0.0,True,True,0.0953470999997989,273.421875,273.421875,0.0,30.0,,True,"{""finite_edges"": true, ""instance_metadata"": {""complete"": true, ""instance_type"": ""euclidean"", ""n"": 9, ""points"": [[511.82162470025673, 950.4636963259353], [144.15961271963374, 948.6494471372439], [311.83145201048546, 423.32644897257563], [827.7025938204417, 409.1991363691613], [549.5936876730595, 27.559113243068367], [753.5131086748066, 538.1433132192782], [329.73171649909216, 788.4287034284043], [303.19482929164496, 453.4978894806515], [134.04169724716473, 403.11298644712923]], ""scale"": 1000.0, ""seed"": 1, ""symmetric"": true}, ""n_layers"": null, ""normalization_factor"": 1006.3717962694622, ""normalize"": true, ""optimum_status"": ""ok"", ""seed"": 0, ""tau"": 30.0, ""valid_route"": true}"
tau_sweep,tau_sweep_random_symmetric_n9_seed1,random_symmetric,9,1,tn_exact,ok,"[8, 2, 0, 4, 3, 5, 7, 6, 1]",311.33160918650594,311.33160918650594,0.0,True,True,0.0906638999999813,273.421875,273.43359375,0.01171875,10.0,,True,"{""finite_edges"": true, ""instance_metadata"": {""complete"": true, ""high"": 100.0, ""instance_type"": ""random_symmetric"", ""low"": 1.0, ""n"": 9, ""seed"": 1, ""symmetric"": true}, ""n_layers"": null, ""normalization_factor"": 90.93576631356741, ""normalize"": true, ""optimum_status"": ""ok"", ""seed"": 0, ""tau"": 10.0, ""valid_route"": true}"
tau_sweep,tau_sweep_random_symmetric_n9_seed1,random_symmetric,9,1,tn_exact,ok,"[8, 2, 0, 4, 3, 5, 7, 6, 1]",311.33160918650594,311.33160918650594,0.0,True,True,0.0790262000000439,273.43359375,273.44140625,0.0078125,12.0,,True,"{""finite_edges"": true, ""instance_metadata"": {""complete"": true, ""high"": 100.0, ""instance_type"": ""random_symmetric"", ""low"": 1.0, ""n"": 9, ""seed"": 1, ""symmetric"": true}, ""n_layers"": null, ""normalization_factor"": 90.93576631356741, ""normalize"": true, ""optimum_status"": ""ok"", ""seed"": 0, ""tau"": 12.0, ""valid_route"": true}"
tau_sweep,tau_sweep_random_symmetric_n9_seed1,random_symmetric,9,1,tn_exact,ok,"[8, 1, 6, 7, 5, 3, 4, 0, 2]",311.33160918650594,311.33160918650594,0.0,True,True,0.0912619000000631,273.44140625,273.44921875,0.0078125,14.0,,True,"{""finite_edges"": true, ""instance_metadata"": {""complete"": true, ""high"": 100.0, ""instance_type"": ""random_symmetric"", ""low"": 1.0, ""n"": 9, ""seed"": 1, ""symmetric"": true}, ""n_layers"": null, ""normalization_factor"": 90.93576631356741, ""normalize"": true, ""optimum_status"": ""ok"", ""seed"": 0, ""tau"": 14.0, ""valid_route"": true}"
tau_sweep,tau_sweep_random_symmetric_n9_seed1,random_symmetric,9,1,tn_exact,ok,"[8, 1, 6, 7, 5, 3, 4, 0, 2]",311.33160918650594,311.33160918650594,0.0,True,True,0.0964546999998674,273.44921875,273.45703125,0.0078125,16.0,,True,"{""finite_edges"": true, ""instance_metadata"": {""complete"": true, ""high"": 100.0, ""instance_type"": ""random_symmetric"", ""low"": 1.0, ""n"": 9, ""seed"": 1, ""symmetric"": true}, ""n_layers"": null, ""normalization_factor"": 90.93576631356741, ""normalize"": true, ""optimum_status"": ""ok"", ""seed"": 0, ""tau"": 16.0, ""valid_route"": true}"
tau_sweep,tau_sweep_random_symmetric_n9_seed1,random_symmetric,9,1,tn_exact,ok,"[8, 1, 6, 7, 5, 3, 4, 0, 2]",311.33160918650594,311.33160918650594,0.0,True,True,0.0818245000000388,273.45703125,273.4609375,0.00390625,18.0,,True,"{""finite_edges"": true, ""instance_metadata"": {""complete"": true, ""high"": 100.0, ""instance_type"": ""random_symmetric"", ""low"": 1.0, ""n"": 9, ""seed"": 1, ""symmetric"": true}, ""n_layers"": null, ""normalization_factor"": 90.93576631356741, ""normalize"": true, ""optimum_status"": ""ok"", ""seed"": 0, ""tau"": 18.0, ""valid_route"": true}"
tau_sweep,tau_sweep_random_symmetric_n9_seed1,random_symmetric,9,1,tn_exact,ok,"[8, 1, 6, 7, 5, 3, 4, 0, 2]",311.33160918650594,311.33160918650594,0.0,True,True,0.0894897000002856,273.4609375,273.46875,0.0078125,20.0,,True,"{""finite_edges"": true, ""instance_metadata"": {""complete"": true, ""high"": 100.0, ""instance_type"": ""random_symmetric"", ""low"": 1.0, ""n"": 9, ""seed"": 1, ""symmetric"": true}, ""n_layers"": null, ""normalization_factor"": 90.93576631356741, ""normalize"": true, ""optimum_status"": ""ok"", ""seed"": 0, ""tau"": 20.0, ""valid_route"": true}"
tau_sweep,tau_sweep_random_symmetric_n9_seed1,random_symmetric,9,1,tn_exact,ok,"[8, 1, 6, 7, 5, 3, 4, 0, 2]",311.33160918650594,311.33160918650594,0.0,True,True,0.1067409000002044,273.46875,273.46875,0.0,22.0,,True,"{""finite_edges"": true, ""instance_metadata"": {""complete"": true, ""high"": 100.0, ""instance_type"": ""random_symmetric"", ""low"": 1.0, ""n"": 9, ""seed"": 1, ""symmetric"": true}, ""n_layers"": null, ""normalization_factor"": 90.93576631356741, ""normalize"": true, ""optimum_status"": ""ok"", ""seed"": 0, ""tau"": 22.0, ""valid_route"": true}"
tau_sweep,tau_sweep_random_symmetric_n9_seed1,random_symmetric,9,1,tn_exact,ok,"[8, 1, 6, 7, 5, 3, 4, 0, 2]",311.33160918650594,311.33160918650594,0.0,True,True,0.0906820000000152,273.46875,273.4765625,0.0078125,24.0,,True,"{""finite_edges"": true, ""instance_metadata"": {""complete"": true, ""high"": 100.0, ""instance_type"": ""random_symmetric"", ""low"": 1.0, ""n"": 9, ""seed"": 1, ""symmetric"": true}, ""n_layers"": null, ""normalization_factor"": 90.93576631356741, ""normalize"": true, ""optimum_status"": ""ok"", ""seed"": 0, ""tau"": 24.0, ""valid_route"": true}"
tau_sweep,tau_sweep_random_symmetric_n9_seed1,random_symmetric,9,1,tn_exact,ok,"[8, 1, 6, 7, 5, 3, 4, 0, 2]",311.33160918650594,311.33160918650594,0.0,True,True,0.1141024000003199,273.4765625,273.48828125,0.01171875,26.0,,True,"{""finite_edges"": true, ""instance_metadata"": {""complete"": true, ""high"": 100.0, ""instance_type"": ""random_symmetric"", ""low"": 1.0, ""n"": 9, ""seed"": 1, ""symmetric"": true}, ""n_layers"": null, ""normalization_factor"": 90.93576631356741, ""normalize"": true, ""optimum_status"": ""ok"", ""seed"": 0, ""tau"": 26.0, ""valid_route"": true}"
tau_sweep,tau_sweep_random_symmetric_n9_seed1,random_symmetric,9,1,tn_exact,ok,"[8, 1, 6, 7, 5, 3, 4, 0, 2]",311.33160918650594,311.33160918650594,0.0,True,True,0.1291876999998749,273.48828125,273.49609375,0.0078125,28.0,,True,"{""finite_edges"": true, ""instance_metadata"": {""complete"": true, ""high"": 100.0, ""instance_type"": ""random_symmetric"", ""low"": 1.0, ""n"": 9, ""seed"": 1, ""symmetric"": true}, ""n_layers"": null, ""normalization_factor"": 90.93576631356741, ""normalize"": true, ""optimum_status"": ""ok"", ""seed"": 0, ""tau"": 28.0, ""valid_route"": true}"
tau_sweep,tau_sweep_random_symmetric_n9_seed1,random_symmetric,9,1,tn_exact,ok,"[8, 1, 6, 7, 5, 3, 4, 0, 2]",311.33160918650594,311.33160918650594,0.0,True,True,0.1168797999998787,273.49609375,273.50390625,0.0078125,30.0,,True,"{""finite_edges"": true, ""instance_metadata"": {""complete"": true, ""high"": 100.0, ""instance_type"": ""random_symmetric"", ""low"": 1.0, ""n"": 9, ""seed"": 1, ""symmetric"": true}, ""n_layers"": null, ""normalization_factor"": 90.93576631356741, ""normalize"": true, ""optimum_status"": ""ok"", ""seed"": 0, ""tau"": 30.0, ""valid_route"": true}"
tau_sweep,tau_sweep_random_asymmetric_n9_seed1,random_asymmetric,9,1,tn_exact,ok,"[8, 3, 4, 0, 2, 1, 5, 6, 7]",223.43579263643807,223.43579263643807,0.0,True,True,0.1144876999996995,273.50390625,273.5078125,0.00390625,10.0,,True,"{""finite_edges"": true, ""instance_metadata"": {""complete"": true, ""high"": 100.0, ""instance_type"": ""random_asymmetric"", ""low"": 1.0, ""n"": 9, ""seed"": 1, ""symmetric"": false}, ""n_layers"": null, ""normalization_factor"": 98.09298278032263, ""normalize"": true, ""optimum_status"": ""ok"", ""seed"": 0, ""tau"": 10.0, ""valid_route"": true}"
tau_sweep,tau_sweep_random_asymmetric_n9_seed1,random_asymmetric,9,1,tn_exact,ok,"[8, 3, 4, 0, 2, 1, 5, 6, 7]",223.43579263643807,223.43579263643807,0.0,True,True,0.0935617000000093,273.5078125,273.53515625,0.02734375,12.0,,True,"{""finite_edges"": true, ""instance_metadata"": {""complete"": true, ""high"": 100.0, ""instance_type"": ""random_asymmetric"", ""low"": 1.0, ""n"": 9, ""seed"": 1, ""symmetric"": false}, ""n_layers"": null, ""normalization_factor"": 98.09298278032263, ""normalize"": true, ""optimum_status"": ""ok"", ""seed"": 0, ""tau"": 12.0, ""valid_route"": true}"
tau_sweep,tau_sweep_random_asymmetric_n9_seed1,random_asymmetric,9,1,tn_exact,ok,"[8, 3, 4, 0, 2, 1, 5, 6, 7]",223.43579263643807,223.43579263643807,0.0,True,True,0.0765502999997806,273.53515625,273.546875,0.01171875,14.0,,True,"{""finite_edges"": true, ""instance_metadata"": {""complete"": true, ""high"": 100.0, ""instance_type"": ""random_asymmetric"", ""low"": 1.0, ""n"": 9, ""seed"": 1, ""symmetric"": false}, ""n_layers"": null, ""normalization_factor"": 98.09298278032263, ""normalize"": true, ""optimum_status"": ""ok"", ""seed"": 0, ""tau"": 14.0, ""valid_route"": true}"
tau_sweep,tau_sweep_random_asymmetric_n9_seed1,random_asymmetric,9,1,tn_exact,ok,"[8, 3, 4, 0, 2, 1, 5, 6, 7]",223.43579263643807,223.43579263643807,0.0,True,True,0.100945799999863,273.546875,273.55859375,0.01171875,16.0,,True,"{""finite_edges"": true, ""instance_metadata"": {""complete"": true, ""high"": 100.0, ""instance_type"": ""random_asymmetric"", ""low"": 1.0, ""n"": 9, ""seed"": 1, ""symmetric"": false}, ""n_layers"": null, ""normalization_factor"": 98.09298278032263, ""normalize"": true, ""optimum_status"": ""ok"", ""seed"": 0, ""tau"": 16.0, ""valid_route"": true}"
tau_sweep,tau_sweep_random_asymmetric_n9_seed1,random_asymmetric,9,1,tn_exact,ok,"[8, 3, 4, 0, 2, 1, 5, 6, 7]",223.43579263643807,223.43579263643807,0.0,True,True,0.1231170999999449,273.55859375,273.5625,0.00390625,18.0,,True,"{""finite_edges"": true, ""instance_metadata"": {""complete"": true, ""high"": 100.0, ""instance_type"": ""random_asymmetric"", ""low"": 1.0, ""n"": 9, ""seed"": 1, ""symmetric"": false}, ""n_layers"": null, ""normalization_factor"": 98.09298278032263, ""normalize"": true, ""optimum_status"": ""ok"", ""seed"": 0, ""tau"": 18.0, ""valid_route"": true}"
tau_sweep,tau_sweep_random_asymmetric_n9_seed1,random_asymmetric,9,1,tn_exact,ok,"[8, 3, 4, 0, 2, 1, 5, 6, 7]",223.43579263643807,223.43579263643807,0.0,True,True,0.1137193999998089,273.5625,273.578125,0.015625,20.0,,True,"{""finite_edges"": true, ""instance_metadata"": {""complete"": true, ""high"": 100.0, ""instance_type"": ""random_asymmetric"", ""low"": 1.0, ""n"": 9, ""seed"": 1, ""symmetric"": false}, ""n_layers"": null, ""normalization_factor"": 98.09298278032263, ""normalize"": true, ""optimum_status"": ""ok"", ""seed"": 0, ""tau"": 20.0, ""valid_route"": true}"
tau_sweep,tau_sweep_random_asymmetric_n9_seed1,random_asymmetric,9,1,tn_exact,ok,"[8, 3, 4, 0, 2, 1, 5, 6, 7]",223.43579263643807,223.43579263643807,0.0,True,True,0.0985952000000907,273.578125,273.58203125,0.00390625,22.0,,True,"{""finite_edges"": true, ""instance_metadata"": {""complete"": true, ""high"": 100.0, ""instance_type"": ""random_asymmetric"", ""low"": 1.0, ""n"": 9, ""seed"": 1, ""symmetric"": false}, ""n_layers"": null, ""normalization_factor"": 98.09298278032263, ""normalize"": true, ""optimum_status"": ""ok"", ""seed"": 0, ""tau"": 22.0, ""valid_route"": true}"
tau_sweep,tau_sweep_random_asymmetric_n9_seed1,random_asymmetric,9,1,tn_exact,ok,"[8, 3, 4, 0, 2, 1, 5, 6, 7]",223.43579263643807,223.43579263643807,0.0,True,True,0.0999446000000716,273.58203125,273.58203125,0.0,24.0,,True,"{""finite_edges"": true, ""instance_metadata"": {""complete"": true, ""high"": 100.0, ""instance_type"": ""random_asymmetric"", ""low"": 1.0, ""n"": 9, ""seed"": 1, ""symmetric"": false}, ""n_layers"": null, ""normalization_factor"": 98.09298278032263, ""normalize"": true, ""optimum_status"": ""ok"", ""seed"": 0, ""tau"": 24.0, ""valid_route"": true}"
tau_sweep,tau_sweep_random_asymmetric_n9_seed1,random_asymmetric,9,1,tn_exact,ok,"[8, 3, 4, 0, 2, 1, 5, 6, 7]",223.43579263643807,223.43579263643807,0.0,True,True,0.1766253000000688,273.58203125,273.66015625,0.078125,26.0,,True,"{""finite_edges"": true, ""instance_metadata"": {""complete"": true, ""high"": 100.0, ""instance_type"": ""random_asymmetric"", ""low"": 1.0, ""n"": 9, ""seed"": 1, ""symmetric"": false}, ""n_layers"": null, ""normalization_factor"": 98.09298278032263, ""normalize"": true, ""optimum_status"": ""ok"", ""seed"": 0, ""tau"": 26.0, ""valid_route"": true}"
tau_sweep,tau_sweep_random_asymmetric_n9_seed1,random_asymmetric,9,1,tn_exact,ok,"[8, 3, 4, 0, 2, 1, 5, 6, 7]",223.43579263643807,223.43579263643807,0.0,True,True,0.0994479999999384,273.66015625,273.66015625,0.0,28.0,,True,"{""finite_edges"": true, ""instance_metadata"": {""complete"": true, ""high"": 100.0, ""instance_type"": ""random_asymmetric"", ""low"": 1.0, ""n"": 9, ""seed"": 1, ""symmetric"": false}, ""n_layers"": null, ""normalization_factor"": 98.09298278032263, ""normalize"": true, ""optimum_status"": ""ok"", ""seed"": 0, ""tau"": 28.0, ""valid_route"": true}"
tau_sweep,tau_sweep_random_asymmetric_n9_seed1,random_asymmetric,9,1,tn_exact,ok,"[8, 3, 4, 0, 2, 1, 5, 6, 7]",223.43579263643807,223.43579263643807,0.0,True,True,0.1214428999996926,273.66015625,273.66015625,0.0,30.0,,True,"{""finite_edges"": true, ""instance_metadata"": {""complete"": true, ""high"": 100.0, ""instance_type"": ""random_asymmetric"", ""low"": 1.0, ""n"": 9, ""seed"": 1, ""symmetric"": false}, ""n_layers"": null, ""normalization_factor"": 98.09298278032263, ""normalize"": true, ""optimum_status"": ""ok"", ""seed"": 0, ""tau"": 30.0, ""valid_route"": true}"
tau_sweep,tau_sweep_euclidean_n9_seed2,euclidean,9,2,tn_exact,ok,"[8, 2, 6, 7, 4, 0, 3, 5, 1]",2603.9366098683063,2603.936609868306,1.74638410613791e-16,True,True,0.1101112999999713,273.71875,273.71875,0.0,10.0,,True,"{""finite_edges"": true, ""instance_metadata"": {""complete"": true, ""instance_type"": ""euclidean"", ""n"": 9, ""points"": [[261.6121342493164, 298.4911434141233], [814.2257405942803, 91.91594213509691], [600.100525965654, 728.5605268117946], [187.90107336660344, 55.14662733306819], [274.9693679060381, 657.4330148755926], [562.265662780428, 150.06226330533613], [432.6307908047872, 669.2972985745203], [422.7846732701278, 633.1843992741165], [967.4359524936766, 683.0648223096252]], ""scale"": 1000.0, ""seed"": 2, ""symmetric"": true}, ""n_layers"": null, ""normalization_factor"": 1000.9774659592883, ""normalize"": true, ""optimum_status"": ""ok"", ""seed"": 0, ""tau"": 10.0, ""valid_route"": true}"
tau_sweep,tau_sweep_euclidean_n9_seed2,euclidean,9,2,tn_exact,ok,"[8, 2, 6, 7, 4, 0, 3, 5, 1]",2603.9366098683063,2603.936609868306,1.74638410613791e-16,True,True,0.0983931999999185,273.71875,273.7265625,0.0078125,12.0,,True,"{""finite_edges"": true, ""instance_metadata"": {""complete"": true, ""instance_type"": ""euclidean"", ""n"": 9, ""points"": [[261.6121342493164, 298.4911434141233], [814.2257405942803, 91.91594213509691], [600.100525965654, 728.5605268117946], [187.90107336660344, 55.14662733306819], [274.9693679060381, 657.4330148755926], [562.265662780428, 150.06226330533613], [432.6307908047872, 669.2972985745203], [422.7846732701278, 633.1843992741165], [967.4359524936766, 683.0648223096252]], ""scale"": 1000.0, ""seed"": 2, ""symmetric"": true}, ""n_layers"": null, ""normalization_factor"": 1000.9774659592883, ""normalize"": true, ""optimum_status"": ""ok"", ""seed"": 0, ""tau"": 12.0, ""valid_route"": true}"
tau_sweep,tau_sweep_euclidean_n9_seed2,euclidean,9,2,tn_exact,ok,"[8, 2, 6, 7, 4, 0, 3, 5, 1]",2603.9366098683063,2603.936609868306,1.74638410613791e-16,True,True,0.0826904000000468,273.7265625,273.6171875,-0.109375,14.0,,True,"{""finite_edges"": true, ""instance_metadata"": {""complete"": true, ""instance_type"": ""euclidean"", ""n"": 9, ""points"": [[261.6121342493164, 298.4911434141233], [814.2257405942803, 91.91594213509691], [600.100525965654, 728.5605268117946], [187.90107336660344, 55.14662733306819], [274.9693679060381, 657.4330148755926], [562.265662780428, 150.06226330533613], [432.6307908047872, 669.2972985745203], [422.7846732701278, 633.1843992741165], [967.4359524936766, 683.0648223096252]], ""scale"": 1000.0, ""seed"": 2, ""symmetric"": true}, ""n_layers"": null, ""normalization_factor"": 1000.9774659592883, ""normalize"": true, ""optimum_status"": ""ok"", ""seed"": 0, ""tau"": 14.0, ""valid_route"": true}"
tau_sweep,tau_sweep_euclidean_n9_seed2,euclidean,9,2,tn_exact,ok,"[8, 2, 6, 7, 4, 0, 3, 5, 1]",2603.9366098683063,2603.936609868306,1.74638410613791e-16,True,True,0.1100639999999657,273.6171875,273.6171875,0.0,16.0,,True,"{""finite_edges"": true, ""instance_metadata"": {""complete"": true, ""instance_type"": ""euclidean"", ""n"": 9, ""points"": [[261.6121342493164, 298.4911434141233], [814.2257405942803, 91.91594213509691], [600.100525965654, 728.5605268117946], [187.90107336660344, 55.14662733306819], [274.9693679060381, 657.4330148755926], [562.265662780428, 150.06226330533613], [432.6307908047872, 669.2972985745203], [422.7846732701278, 633.1843992741165], [967.4359524936766, 683.0648223096252]], ""scale"": 1000.0, ""seed"": 2, ""symmetric"": true}, ""n_layers"": null, ""normalization_factor"": 1000.9774659592883, ""normalize"": true, ""optimum_status"": ""ok"", ""seed"": 0, ""tau"": 16.0, ""valid_route"": true}"
tau_sweep,tau_sweep_euclidean_n9_seed2,euclidean,9,2,tn_exact,ok,"[8, 2, 6, 7, 4, 0, 3, 5, 1]",2603.9366098683063,2603.936609868306,1.74638410613791e-16,True,True,0.0859411000001273,273.6171875,273.6171875,0.0,18.0,,True,"{""finite_edges"": true, ""instance_metadata"": {""complete"": true, ""instance_type"": ""euclidean"", ""n"": 9, ""points"": [[261.6121342493164, 298.4911434141233], [814.2257405942803, 91.91594213509691], [600.100525965654, 728.5605268117946], [187.90107336660344, 55.14662733306819], [274.9693679060381, 657.4330148755926], [562.265662780428, 150.06226330533613], [432.6307908047872, 669.2972985745203], [422.7846732701278, 633.1843992741165], [967.4359524936766, 683.0648223096252]], ""scale"": 1000.0, ""seed"": 2, ""symmetric"": true}, ""n_layers"": null, ""normalization_factor"": 1000.9774659592883, ""normalize"": true, ""optimum_status"": ""ok"", ""seed"": 0, ""tau"": 18.0, ""valid_route"": true}"
tau_sweep,tau_sweep_euclidean_n9_seed2,euclidean,9,2,tn_exact,ok,"[8, 2, 6, 7, 4, 0, 3, 5, 1]",2603.9366098683063,2603.936609868306,1.74638410613791e-16,True,True,0.1032156999999642,273.6171875,273.6171875,0.0,20.0,,True,"{""finite_edges"": true, ""instance_metadata"": {""complete"": true, ""instance_type"": ""euclidean"", ""n"": 9, ""points"": [[261.6121342493164, 298.4911434141233], [814.2257405942803, 91.91594213509691], [600.100525965654, 728.5605268117946], [187.90107336660344, 55.14662733306819], [274.9693679060381, 657.4330148755926], [562.265662780428, 150.06226330533613], [432.6307908047872, 669.2972985745203], [422.7846732701278, 633.1843992741165], [967.4359524936766, 683.0648223096252]], ""scale"": 1000.0, ""seed"": 2, ""symmetric"": true}, ""n_layers"": null, ""normalization_factor"": 1000.9774659592883, ""normalize"": true, ""optimum_status"": ""ok"", ""seed"": 0, ""tau"": 20.0, ""valid_route"": true}"
tau_sweep,tau_sweep_euclidean_n9_seed2,euclidean,9,2,tn_exact,ok,"[8, 2, 6, 7, 4, 0, 3, 5, 1]",2603.9366098683063,2603.936609868306,1.74638410613791e-16,True,True,0.1131381000000146,273.6171875,273.6171875,0.0,22.0,,True,"{""finite_edges"": true, ""instance_metadata"": {""complete"": true, ""instance_type"": ""euclidean"", ""n"": 9, ""points"": [[261.6121342493164, 298.4911434141233], [814.2257405942803, 91.91594213509691], [600.100525965654, 728.5605268117946], [187.90107336660344, 55.14662733306819], [274.9693679060381, 657.4330148755926], [562.265662780428, 150.06226330533613], [432.6307908047872, 669.2972985745203], [422.7846732701278, 633.1843992741165], [967.4359524936766, 683.0648223096252]], ""scale"": 1000.0, ""seed"": 2, ""symmetric"": true}, ""n_layers"": null, ""normalization_factor"": 1000.9774659592883, ""normalize"": true, ""optimum_status"": ""ok"", ""seed"": 0, ""tau"": 22.0, ""valid_route"": true}"
tau_sweep,tau_sweep_euclidean_n9_seed2,euclidean,9,2,tn_exact,ok,"[8, 2, 6, 7, 4, 0, 3, 5, 1]",2603.9366098683063,2603.936609868306,1.74638410613791e-16,True,True,0.1085502999999334,273.6171875,273.6171875,0.0,24.0,,True,"{""finite_edges"": true, ""instance_metadata"": {""complete"": true, ""instance_type"": ""euclidean"", ""n"": 9, ""points"": [[261.6121342493164, 298.4911434141233], [814.2257405942803, 91.91594213509691], [600.100525965654, 728.5605268117946], [187.90107336660344, 55.14662733306819], [274.9693679060381, 657.4330148755926], [562.265662780428, 150.06226330533613], [432.6307908047872, 669.2972985745203], [422.7846732701278, 633.1843992741165], [967.4359524936766, 683.0648223096252]], ""scale"": 1000.0, ""seed"": 2, ""symmetric"": true}, ""n_layers"": null, ""normalization_factor"": 1000.9774659592883, ""normalize"": true, ""optimum_status"": ""ok"", ""seed"": 0, ""tau"": 24.0, ""valid_route"": true}"
tau_sweep,tau_sweep_euclidean_n9_seed2,euclidean,9,2,tn_exact,ok,"[8, 2, 6, 7, 4, 0, 3, 5, 1]",2603.9366098683063,2603.936609868306,1.74638410613791e-16,True,True,0.0759610999998585,273.6171875,273.6171875,0.0,26.0,,True,"{""finite_edges"": true, ""instance_metadata"": {""complete"": true, ""instance_type"": ""euclidean"", ""n"": 9, ""points"": [[261.6121342493164, 298.4911434141233], [814.2257405942803, 91.91594213509691], [600.100525965654, 728.5605268117946], [187.90107336660344, 55.14662733306819], [274.9693679060381, 657.4330148755926], [562.265662780428, 150.06226330533613], [432.6307908047872, 669.2972985745203], [422.7846732701278, 633.1843992741165], [967.4359524936766, 683.0648223096252]], ""scale"": 1000.0, ""seed"": 2, ""symmetric"": true}, ""n_layers"": null, ""normalization_factor"": 1000.9774659592883, ""normalize"": true, ""optimum_status"": ""ok"", ""seed"": 0, ""tau"": 26.0, ""valid_route"": true}"
tau_sweep,tau_sweep_euclidean_n9_seed2,euclidean,9,2,tn_exact,ok,"[8, 2, 6, 7, 4, 0, 3, 5, 1]",2603.9366098683063,2603.936609868306,1.74638410613791e-16,True,True,0.1061481000001549,273.6171875,273.6171875,0.0,28.0,,True,"{""finite_edges"": true, ""instance_metadata"": {""complete"": true, ""instance_type"": ""euclidean"", ""n"": 9, ""points"": [[261.6121342493164, 298.4911434141233], [814.2257405942803, 91.91594213509691], [600.100525965654, 728.5605268117946], [187.90107336660344, 55.14662733306819], [274.9693679060381, 657.4330148755926], [562.265662780428, 150.06226330533613], [432.6307908047872, 669.2972985745203], [422.7846732701278, 633.1843992741165], [967.4359524936766, 683.0648223096252]], ""scale"": 1000.0, ""seed"": 2, ""symmetric"": true}, ""n_layers"": null, ""normalization_factor"": 1000.9774659592883, ""normalize"": true, ""optimum_status"": ""ok"", ""seed"": 0, ""tau"": 28.0, ""valid_route"": true}"
tau_sweep,tau_sweep_euclidean_n9_seed2,euclidean,9,2,tn_exact,ok,"[8, 2, 6, 7, 4, 0, 3, 5, 1]",2603.9366098683063,2603.936609868306,1.74638410613791e-16,True,True,0.0667106000000785,273.6171875,273.6171875,0.0,30.0,,True,"{""finite_edges"": true, ""instance_metadata"": {""complete"": true, ""instance_type"": ""euclidean"", ""n"": 9, ""points"": [[261.6121342493164, 298.4911434141233], [814.2257405942803, 91.91594213509691], [600.100525965654, 728.5605268117946], [187.90107336660344, 55.14662733306819], [274.9693679060381, 657.4330148755926], [562.265662780428, 150.06226330533613], [432.6307908047872, 669.2972985745203], [422.7846732701278, 633.1843992741165], [967.4359524936766, 683.0648223096252]], ""scale"": 1000.0, ""seed"": 2, ""symmetric"": true}, ""n_layers"": null, ""normalization_factor"": 1000.9774659592883, ""normalize"": true, ""optimum_status"": ""ok"", ""seed"": 0, ""tau"": 30.0, ""valid_route"": true}"
tau_sweep,tau_sweep_random_symmetric_n9_seed2,random_symmetric,9,2,tn_exact,ok,"[8, 3, 1, 2, 6, 0, 7, 4, 5]",311.1481014945948,311.14810149459475,1.8268926786877887e-16,True,True,0.1021498999998584,273.6171875,273.6328125,0.015625,10.0,,True,"{""finite_edges"": true, ""instance_metadata"": {""complete"": true, ""high"": 100.0, ""instance_type"": ""random_symmetric"", ""low"": 1.0, ""n"": 9, ""seed"": 2, ""symmetric"": true}, ""n_layers"": null, ""normalization_factor"": 87.9820861044146, ""normalize"": true, ""optimum_status"": ""ok"", ""seed"": 0, ""tau"": 10.0, ""valid_route"": true}"
tau_sweep,tau_sweep_random_symmetric_n9_seed2,random_symmetric,9,2,tn_exact,ok,"[8, 3, 1, 2, 6, 0, 7, 4, 5]",311.1481014945948,311.14810149459475,1.8268926786877887e-16,True,True,0.0980512000000999,273.6328125,273.63671875,0.00390625,12.0,,True,"{""finite_edges"": true, ""instance_metadata"": {""complete"": true, ""high"": 100.0, ""instance_type"": ""random_symmetric"", ""low"": 1.0, ""n"": 9, ""seed"": 2, ""symmetric"": true}, ""n_layers"": null, ""normalization_factor"": 87.9820861044146, ""normalize"": true, ""optimum_status"": ""ok"", ""seed"": 0, ""tau"": 12.0, ""valid_route"": true}"
tau_sweep,tau_sweep_random_symmetric_n9_seed2,random_symmetric,9,2,tn_exact,ok,"[8, 3, 1, 2, 6, 0, 7, 4, 5]",311.1481014945948,311.14810149459475,1.8268926786877887e-16,True,True,0.0997431000000688,273.63671875,273.64453125,0.0078125,14.0,,True,"{""finite_edges"": true, ""instance_metadata"": {""complete"": true, ""high"": 100.0, ""instance_type"": ""random_symmetric"", ""low"": 1.0, ""n"": 9, ""seed"": 2, ""symmetric"": true}, ""n_layers"": null, ""normalization_factor"": 87.9820861044146, ""normalize"": true, ""optimum_status"": ""ok"", ""seed"": 0, ""tau"": 14.0, ""valid_route"": true}"
tau_sweep,tau_sweep_random_symmetric_n9_seed2,random_symmetric,9,2,tn_exact,ok,"[8, 3, 1, 2, 6, 0, 7, 4, 5]",311.1481014945948,311.14810149459475,1.8268926786877887e-16,True,True,0.1166269000000284,273.64453125,273.6484375,0.00390625,16.0,,True,"{""finite_edges"": true, ""instance_metadata"": {""complete"": true, ""high"": 100.0, ""instance_type"": ""random_symmetric"", ""low"": 1.0, ""n"": 9, ""seed"": 2, ""symmetric"": true}, ""n_layers"": null, ""normalization_factor"": 87.9820861044146, ""normalize"": true, ""optimum_status"": ""ok"", ""seed"": 0, ""tau"": 16.0, ""valid_route"": true}"
tau_sweep,tau_sweep_random_symmetric_n9_seed2,random_symmetric,9,2,tn_exact,ok,"[8, 3, 1, 2, 6, 0, 7, 4, 5]",311.1481014945948,311.14810149459475,1.8268926786877887e-16,True,True,0.0744230999998762,273.6484375,273.65625,0.0078125,18.0,,True,"{""finite_edges"": true, ""instance_metadata"": {""complete"": true, ""high"": 100.0, ""instance_type"": ""random_symmetric"", ""low"": 1.0, ""n"": 9, ""seed"": 2, ""symmetric"": true}, ""n_layers"": null, ""normalization_factor"": 87.9820861044146, ""normalize"": true, ""optimum_status"": ""ok"", ""seed"": 0, ""tau"": 18.0, ""valid_route"": true}"
tau_sweep,tau_sweep_random_symmetric_n9_seed2,random_symmetric,9,2,tn_exact,ok,"[8, 3, 1, 2, 6, 0, 7, 4, 5]",311.1481014945948,311.14810149459475,1.8268926786877887e-16,True,True,0.0837885000000824,273.65625,273.65625,0.0,20.0,,True,"{""finite_edges"": true, ""instance_metadata"": {""complete"": true, ""high"": 100.0, ""instance_type"": ""random_symmetric"", ""low"": 1.0, ""n"": 9, ""seed"": 2, ""symmetric"": true}, ""n_layers"": null, ""normalization_factor"": 87.9820861044146, ""normalize"": true, ""optimum_status"": ""ok"", ""seed"": 0, ""tau"": 20.0, ""valid_route"": true}"
tau_sweep,tau_sweep_random_symmetric_n9_seed2,random_symmetric,9,2,tn_exact,ok,"[8, 3, 1, 2, 6, 0, 7, 4, 5]",311.1481014945948,311.14810149459475,1.8268926786877887e-16,True,True,0.0789912000000185,273.65625,273.6640625,0.0078125,22.0,,True,"{""finite_edges"": true, ""instance_metadata"": {""complete"": true, ""high"": 100.0, ""instance_type"": ""random_symmetric"", ""low"": 1.0, ""n"": 9, ""seed"": 2, ""symmetric"": true}, ""n_layers"": null, ""normalization_factor"": 87.9820861044146, ""normalize"": true, ""optimum_status"": ""ok"", ""seed"": 0, ""tau"": 22.0, ""valid_route"": true}"
tau_sweep,tau_sweep_random_symmetric_n9_seed2,random_symmetric,9,2,tn_exact,ok,"[8, 3, 1, 2, 6, 0, 7, 4, 5]",311.1481014945948,311.14810149459475,1.8268926786877887e-16,True,True,0.1175851999996666,273.6640625,273.6640625,0.0,24.0,,True,"{""finite_edges"": true, ""instance_metadata"": {""complete"": true, ""high"": 100.0, ""instance_type"": ""random_symmetric"", ""low"": 1.0, ""n"": 9, ""seed"": 2, ""symmetric"": true}, ""n_layers"": null, ""normalization_factor"": 87.9820861044146, ""normalize"": true, ""optimum_status"": ""ok"", ""seed"": 0, ""tau"": 24.0, ""valid_route"": true}"
tau_sweep,tau_sweep_random_symmetric_n9_seed2,random_symmetric,9,2,tn_exact,ok,"[8, 3, 1, 2, 6, 0, 7, 4, 5]",311.1481014945948,311.14810149459475,1.8268926786877887e-16,True,True,0.1125142000000778,273.6640625,273.671875,0.0078125,26.0,,True,"{""finite_edges"": true, ""instance_metadata"": {""complete"": true, ""high"": 100.0, ""instance_type"": ""random_symmetric"", ""low"": 1.0, ""n"": 9, ""seed"": 2, ""symmetric"": true}, ""n_layers"": null, ""normalization_factor"": 87.9820861044146, ""normalize"": true, ""optimum_status"": ""ok"", ""seed"": 0, ""tau"": 26.0, ""valid_route"": true}"
tau_sweep,tau_sweep_random_symmetric_n9_seed2,random_symmetric,9,2,tn_exact,ok,"[8, 3, 1, 2, 6, 0, 7, 4, 5]",311.1481014945948,311.14810149459475,1.8268926786877887e-16,True,True,0.1020533000000796,273.671875,273.671875,0.0,28.0,,True,"{""finite_edges"": true, ""instance_metadata"": {""complete"": true, ""high"": 100.0, ""instance_type"": ""random_symmetric"", ""low"": 1.0, ""n"": 9, ""seed"": 2, ""symmetric"": true}, ""n_layers"": null, ""normalization_factor"": 87.9820861044146, ""normalize"": true, ""optimum_status"": ""ok"", ""seed"": 0, ""tau"": 28.0, ""valid_route"": true}"
tau_sweep,tau_sweep_random_symmetric_n9_seed2,random_symmetric,9,2,tn_exact,ok,"[8, 0, 7, 4, 5, 6, 2, 1, 3]",313.2845719459999,311.14810149459475,0.0068664100508492,True,True,0.1033878000002914,273.671875,273.67578125,0.00390625,30.0,,True,"{""finite_edges"": true, ""instance_metadata"": {""complete"": true, ""high"": 100.0, ""instance_type"": ""random_symmetric"", ""low"": 1.0, ""n"": 9, ""seed"": 2, ""symmetric"": true}, ""n_layers"": null, ""normalization_factor"": 87.9820861044146, ""normalize"": true, ""optimum_status"": ""ok"", ""seed"": 0, ""tau"": 30.0, ""valid_route"": true}"
tau_sweep,tau_sweep_random_asymmetric_n9_seed2,random_asymmetric,9,2,tn_exact,ok,"[8, 5, 4, 3, 1, 2, 6, 7, 0]",191.91645712512536,191.91645712512536,0.0,True,True,0.0884287000003496,273.67578125,273.67578125,0.0,10.0,,True,"{""finite_edges"": true, ""instance_metadata"": {""complete"": true, ""high"": 100.0, ""instance_type"": ""random_asymmetric"", ""low"": 1.0, ""n"": 9, ""seed"": 2, ""symmetric"": false}, ""n_layers"": null, ""normalization_factor"": 97.39419820081707, ""normalize"": true, ""optimum_status"": ""ok"", ""seed"": 0, ""tau"": 10.0, ""valid_route"": true}"
tau_sweep,tau_sweep_random_asymmetric_n9_seed2,random_asymmetric,9,2,tn_exact,ok,"[8, 5, 4, 3, 1, 2, 6, 7, 0]",191.91645712512536,191.91645712512536,0.0,True,True,0.1075323000000025,273.67578125,273.68359375,0.0078125,12.0,,True,"{""finite_edges"": true, ""instance_metadata"": {""complete"": true, ""high"": 100.0, ""instance_type"": ""random_asymmetric"", ""low"": 1.0, ""n"": 9, ""seed"": 2, ""symmetric"": false}, ""n_layers"": null, ""normalization_factor"": 97.39419820081707, ""normalize"": true, ""optimum_status"": ""ok"", ""seed"": 0, ""tau"": 12.0, ""valid_route"": true}"
tau_sweep,tau_sweep_random_asymmetric_n9_seed2,random_asymmetric,9,2,tn_exact,ok,"[8, 5, 4, 3, 1, 2, 6, 7, 0]",191.91645712512536,191.91645712512536,0.0,True,True,0.127303700000084,273.68359375,273.68359375,0.0,14.0,,True,"{""finite_edges"": true, ""instance_metadata"": {""complete"": true, ""high"": 100.0, ""instance_type"": ""random_asymmetric"", ""low"": 1.0, ""n"": 9, ""seed"": 2, ""symmetric"": false}, ""n_layers"": null, ""normalization_factor"": 97.39419820081707, ""normalize"": true, ""optimum_status"": ""ok"", ""seed"": 0, ""tau"": 14.0, ""valid_route"": true}"
tau_sweep,tau_sweep_random_asymmetric_n9_seed2,random_asymmetric,9,2,tn_exact,ok,"[8, 5, 4, 3, 1, 2, 6, 7, 0]",191.91645712512536,191.91645712512536,0.0,True,True,0.0843012999998791,273.68359375,273.69140625,0.0078125,16.0,,True,"{""finite_edges"": true, ""instance_metadata"": {""complete"": true, ""high"": 100.0, ""instance_type"": ""random_asymmetric"", ""low"": 1.0, ""n"": 9, ""seed"": 2, ""symmetric"": false}, ""n_layers"": null, ""normalization_factor"": 97.39419820081707, ""normalize"": true, ""optimum_status"": ""ok"", ""seed"": 0, ""tau"": 16.0, ""valid_route"": true}"
tau_sweep,tau_sweep_random_asymmetric_n9_seed2,random_asymmetric,9,2,tn_exact,ok,"[8, 5, 4, 3, 1, 2, 6, 7, 0]",191.91645712512536,191.91645712512536,0.0,True,True,0.1249752000003354,273.69140625,273.69921875,0.0078125,18.0,,True,"{""finite_edges"": true, ""instance_metadata"": {""complete"": true, ""high"": 100.0, ""instance_type"": ""random_asymmetric"", ""low"": 1.0, ""n"": 9, ""seed"": 2, ""symmetric"": false}, ""n_layers"": null, ""normalization_factor"": 97.39419820081707, ""normalize"": true, ""optimum_status"": ""ok"", ""seed"": 0, ""tau"": 18.0, ""valid_route"": true}"
tau_sweep,tau_sweep_random_asymmetric_n9_seed2,random_asymmetric,9,2,tn_exact,ok,"[8, 5, 4, 3, 1, 2, 6, 7, 0]",191.91645712512536,191.91645712512536,0.0,True,True,0.1270549000000755,273.69921875,273.7109375,0.01171875,20.0,,True,"{""finite_edges"": true, ""instance_metadata"": {""complete"": true, ""high"": 100.0, ""instance_type"": ""random_asymmetric"", ""low"": 1.0, ""n"": 9, ""seed"": 2, ""symmetric"": false}, ""n_layers"": null, ""normalization_factor"": 97.39419820081707, ""normalize"": true, ""optimum_status"": ""ok"", ""seed"": 0, ""tau"": 20.0, ""valid_route"": true}"
tau_sweep,tau_sweep_random_asymmetric_n9_seed2,random_asymmetric,9,2,tn_exact,ok,"[8, 5, 4, 3, 1, 2, 6, 7, 0]",191.91645712512536,191.91645712512536,0.0,True,True,0.0850299999997332,273.7109375,273.71484375,0.00390625,22.0,,True,"{""finite_edges"": true, ""instance_metadata"": {""complete"": true, ""high"": 100.0, ""instance_type"": ""random_asymmetric"", ""low"": 1.0, ""n"": 9, ""seed"": 2, ""symmetric"": false}, ""n_layers"": null, ""normalization_factor"": 97.39419820081707, ""normalize"": true, ""optimum_status"": ""ok"", ""seed"": 0, ""tau"": 22.0, ""valid_route"": true}"
tau_sweep,tau_sweep_random_asymmetric_n9_seed2,random_asymmetric,9,2,tn_exact,ok,"[8, 5, 4, 3, 1, 2, 6, 7, 0]",191.91645712512536,191.91645712512536,0.0,True,True,0.0809174999999413,273.71484375,273.734375,0.01953125,24.0,,True,"{""finite_edges"": true, ""instance_metadata"": {""complete"": true, ""high"": 100.0, ""instance_type"": ""random_asymmetric"", ""low"": 1.0, ""n"": 9, ""seed"": 2, ""symmetric"": false}, ""n_layers"": null, ""normalization_factor"": 97.39419820081707, ""normalize"": true, ""optimum_status"": ""ok"", ""seed"": 0, ""tau"": 24.0, ""valid_route"": true}"
tau_sweep,tau_sweep_random_asymmetric_n9_seed2,random_asymmetric,9,2,tn_exact,ok,"[8, 5, 4, 3, 1, 2, 6, 7, 0]",191.91645712512536,191.91645712512536,0.0,True,True,0.0967212000000472,273.734375,273.7109375,-0.0234375,26.0,,True,"{""finite_edges"": true, ""instance_metadata"": {""complete"": true, ""high"": 100.0, ""instance_type"": ""random_asymmetric"", ""low"": 1.0, ""n"": 9, ""seed"": 2, ""symmetric"": false}, ""n_layers"": null, ""normalization_factor"": 97.39419820081707, ""normalize"": true, ""optimum_status"": ""ok"", ""seed"": 0, ""tau"": 26.0, ""valid_route"": true}"
tau_sweep,tau_sweep_random_asymmetric_n9_seed2,random_asymmetric,9,2,tn_exact,ok,"[8, 5, 4, 3, 1, 2, 6, 7, 0]",191.91645712512536,191.91645712512536,0.0,True,True,0.1720208000001548,273.7109375,273.80859375,0.09765625,28.0,,True,"{""finite_edges"": true, ""instance_metadata"": {""complete"": true, ""high"": 100.0, ""instance_type"": ""random_asymmetric"", ""low"": 1.0, ""n"": 9, ""seed"": 2, ""symmetric"": false}, ""n_layers"": null, ""normalization_factor"": 97.39419820081707, ""normalize"": true, ""optimum_status"": ""ok"", ""seed"": 0, ""tau"": 28.0, ""valid_route"": true}"
tau_sweep,tau_sweep_random_asymmetric_n9_seed2,random_asymmetric,9,2,tn_exact,ok,"[8, 5, 4, 3, 1, 2, 6, 7, 0]",191.91645712512536,191.91645712512536,0.0,True,True,0.0786445000003368,273.80859375,273.80859375,0.0,30.0,,True,"{""finite_edges"": true, ""instance_metadata"": {""complete"": true, ""high"": 100.0, ""instance_type"": ""random_asymmetric"", ""low"": 1.0, ""n"": 9, ""seed"": 2, ""symmetric"": false}, ""n_layers"": null, ""normalization_factor"": 97.39419820081707, ""normalize"": true, ""optimum_status"": ""ok"", ""seed"": 0, ""tau"": 30.0, ""valid_route"": true}"
tau_sweep,tau_sweep_euclidean_n9_seed3,euclidean,9,3,tn_exact,ok,"[8, 5, 6, 7, 1, 4, 3, 0, 2]",2727.6411359085246,2727.6411359085246,0.0,True,True,0.1115090999996937,273.83984375,273.84375,0.00390625,10.0,,True,"{""finite_edges"": true, ""instance_metadata"": {""complete"": true, ""instance_type"": ""euclidean"", ""n"": 9, ""points"": [[85.64916714362437, 236.8105065960997], [801.2744652063969, 582.1620360643678], [94.12864224039919, 433.1269402364738], [479.05129814083404, 159.73891463707858], [734.5771514092145, 113.6720199214034], [391.22819049566203, 516.7401826213637], [430.6280204141778, 586.7985714381407], [737.8377872921602, 956.2672548360986], [284.20116374879143, 648.5472070798251]], ""scale"": 1000.0, ""seed"": 3, ""symmetric"": true}, ""n_layers"": null, ""normalization_factor"": 971.065398847742, ""normalize"": true, ""optimum_status"": ""ok"", ""seed"": 0, ""tau"": 10.0, ""valid_route"": true}"
tau_sweep,tau_sweep_euclidean_n9_seed3,euclidean,9,3,tn_exact,ok,"[8, 5, 6, 7, 1, 4, 3, 0, 2]",2727.6411359085246,2727.6411359085246,0.0,True,True,0.0814448000000993,273.84375,273.84375,0.0,12.0,,True,"{""finite_edges"": true, ""instance_metadata"": {""complete"": true, ""instance_type"": ""euclidean"", ""n"": 9, ""points"": [[85.64916714362437, 236.8105065960997], [801.2744652063969, 582.1620360643678], [94.12864224039919, 433.1269402364738], [479.05129814083404, 159.73891463707858], [734.5771514092145, 113.6720199214034], [391.22819049566203, 516.7401826213637], [430.6280204141778, 586.7985714381407], [737.8377872921602, 956.2672548360986], [284.20116374879143, 648.5472070798251]], ""scale"": 1000.0, ""seed"": 3, ""symmetric"": true}, ""n_layers"": null, ""normalization_factor"": 971.065398847742, ""normalize"": true, ""optimum_status"": ""ok"", ""seed"": 0, ""tau"": 12.0, ""valid_route"": true}"
tau_sweep,tau_sweep_euclidean_n9_seed3,euclidean,9,3,tn_exact,ok,"[8, 2, 0, 3, 4, 1, 7, 6, 5]",2727.6411359085246,2727.6411359085246,0.0,True,True,0.0852595999999721,273.84375,273.84375,0.0,14.0,,True,"{""finite_edges"": true, ""instance_metadata"": {""complete"": true, ""instance_type"": ""euclidean"", ""n"": 9, ""points"": [[85.64916714362437, 236.8105065960997], [801.2744652063969, 582.1620360643678], [94.12864224039919, 433.1269402364738], [479.05129814083404, 159.73891463707858], [734.5771514092145, 113.6720199214034], [391.22819049566203, 516.7401826213637], [430.6280204141778, 586.7985714381407], [737.8377872921602, 956.2672548360986], [284.20116374879143, 648.5472070798251]], ""scale"": 1000.0, ""seed"": 3, ""symmetric"": true}, ""n_layers"": null, ""normalization_factor"": 971.065398847742, ""normalize"": true, ""optimum_status"": ""ok"", ""seed"": 0, ""tau"": 14.0, ""valid_route"": true}"
tau_sweep,tau_sweep_euclidean_n9_seed3,euclidean,9,3,tn_exact,ok,"[8, 2, 0, 3, 4, 1, 7, 6, 5]",2727.6411359085246,2727.6411359085246,0.0,True,True,0.1075756000000183,273.84375,273.84375,0.0,16.0,,True,"{""finite_edges"": true, ""instance_metadata"": {""complete"": true, ""instance_type"": ""euclidean"", ""n"": 9, ""points"": [[85.64916714362437, 236.8105065960997], [801.2744652063969, 582.1620360643678], [94.12864224039919, 433.1269402364738], [479.05129814083404, 159.73891463707858], [734.5771514092145, 113.6720199214034], [391.22819049566203, 516.7401826213637], [430.6280204141778, 586.7985714381407], [737.8377872921602, 956.2672548360986], [284.20116374879143, 648.5472070798251]], ""scale"": 1000.0, ""seed"": 3, ""symmetric"": true}, ""n_layers"": null, ""normalization_factor"": 971.065398847742, ""normalize"": true, ""optimum_status"": ""ok"", ""seed"": 0, ""tau"": 16.0, ""valid_route"": true}"
tau_sweep,tau_sweep_euclidean_n9_seed3,euclidean,9,3,tn_exact,ok,"[8, 2, 0, 3, 4, 1, 7, 6, 5]",2727.6411359085246,2727.6411359085246,0.0,True,True,0.0893415000000459,273.84375,273.84375,0.0,18.0,,True,"{""finite_edges"": true, ""instance_metadata"": {""complete"": true, ""instance_type"": ""euclidean"", ""n"": 9, ""points"": [[85.64916714362437, 236.8105065960997], [801.2744652063969, 582.1620360643678], [94.12864224039919, 433.1269402364738], [479.05129814083404, 159.73891463707858], [734.5771514092145, 113.6720199214034], [391.22819049566203, 516.7401826213637], [430.6280204141778, 586.7985714381407], [737.8377872921602, 956.2672548360986], [284.20116374879143, 648.5472070798251]], ""scale"": 1000.0, ""seed"": 3, ""symmetric"": true}, ""n_layers"": null, ""normalization_factor"": 971.065398847742, ""normalize"": true, ""optimum_status"": ""ok"", ""seed"": 0, ""tau"": 18.0, ""valid_route"": true}"
tau_sweep,tau_sweep_euclidean_n9_seed3,euclidean,9,3,tn_exact,ok,"[8, 2, 0, 3, 4, 1, 7, 6, 5]",2727.6411359085246,2727.6411359085246,0.0,True,True,0.0978111999997963,273.84375,273.84375,0.0,20.0,,True,"{""finite_edges"": true, ""instance_metadata"": {""complete"": true, ""instance_type"": ""euclidean"", ""n"": 9, ""points"": [[85.64916714362437, 236.8105065960997], [801.2744652063969, 582.1620360643678], [94.12864224039919, 433.1269402364738], [479.05129814083404, 159.73891463707858], [734.5771514092145, 113.6720199214034], [391.22819049566203, 516.7401826213637], [430.6280204141778, 586.7985714381407], [737.8377872921602, 956.2672548360986], [284.20116374879143, 648.5472070798251]], ""scale"": 1000.0, ""seed"": 3, ""symmetric"": true}, ""n_layers"": null, ""normalization_factor"": 971.065398847742, ""normalize"": true, ""optimum_status"": ""ok"", ""seed"": 0, ""tau"": 20.0, ""valid_route"": true}"
tau_sweep,tau_sweep_euclidean_n9_seed3,euclidean,9,3,tn_exact,ok,"[8, 2, 0, 3, 4, 1, 7, 6, 5]",2727.6411359085246,2727.6411359085246,0.0,True,True,0.1003097999996498,273.84375,273.84375,0.0,22.0,,True,"{""finite_edges"": true, ""instance_metadata"": {""complete"": true, ""instance_type"": ""euclidean"", ""n"": 9, ""points"": [[85.64916714362437, 236.8105065960997], [801.2744652063969, 582.1620360643678], [94.12864224039919, 433.1269402364738], [479.05129814083404, 159.73891463707858], [734.5771514092145, 113.6720199214034], [391.22819049566203, 516.7401826213637], [430.6280204141778, 586.7985714381407], [737.8377872921602, 956.2672548360986], [284.20116374879143, 648.5472070798251]], ""scale"": 1000.0, ""seed"": 3, ""symmetric"": true}, ""n_layers"": null, ""normalization_factor"": 971.065398847742, ""normalize"": true, ""optimum_status"": ""ok"", ""seed"": 0, ""tau"": 22.0, ""valid_route"": true}"
tau_sweep,tau_sweep_euclidean_n9_seed3,euclidean,9,3,tn_exact,ok,"[8, 2, 0, 3, 4, 1, 7, 6, 5]",2727.6411359085246,2727.6411359085246,0.0,True,True,0.1009125999999014,273.84375,273.84375,0.0,24.0,,True,"{""finite_edges"": true, ""instance_metadata"": {""complete"": true, ""instance_type"": ""euclidean"", ""n"": 9, ""points"": [[85.64916714362437, 236.8105065960997], [801.2744652063969, 582.1620360643678], [94.12864224039919, 433.1269402364738], [479.05129814083404, 159.73891463707858], [734.5771514092145, 113.6720199214034], [391.22819049566203, 516.7401826213637], [430.6280204141778, 586.7985714381407], [737.8377872921602, 956.2672548360986], [284.20116374879143, 648.5472070798251]], ""scale"": 1000.0, ""seed"": 3, ""symmetric"": true}, ""n_layers"": null, ""normalization_factor"": 971.065398847742, ""normalize"": true, ""optimum_status"": ""ok"", ""seed"": 0, ""tau"": 24.0, ""valid_route"": true}"
tau_sweep,tau_sweep_euclidean_n9_seed3,euclidean,9,3,tn_exact,ok,"[8, 2, 0, 3, 4, 1, 7, 6, 5]",2727.6411359085246,2727.6411359085246,0.0,True,True,0.1114660999996886,273.84375,273.84375,0.0,26.0,,True,"{""finite_edges"": true, ""instance_metadata"": {""complete"": true, ""instance_type"": ""euclidean"", ""n"": 9, ""points"": [[85.64916714362437, 236.8105065960997], [801.2744652063969, 582.1620360643678], [94.12864224039919, 433.1269402364738], [479.05129814083404, 159.73891463707858], [734.5771514092145, 113.6720199214034], [391.22819049566203, 516.7401826213637], [430.6280204141778, 586.7985714381407], [737.8377872921602, 956.2672548360986], [284.20116374879143, 648.5472070798251]], ""scale"": 1000.0, ""seed"": 3, ""symmetric"": true}, ""n_layers"": null, ""normalization_factor"": 971.065398847742, ""normalize"": true, ""optimum_status"": ""ok"", ""seed"": 0, ""tau"": 26.0, ""valid_route"": true}"
tau_sweep,tau_sweep_euclidean_n9_seed3,euclidean,9,3,tn_exact,ok,"[8, 2, 0, 3, 4, 1, 7, 6, 5]",2727.6411359085246,2727.6411359085246,0.0,True,True,0.085300300000199,273.84375,273.84375,0.0,28.0,,True,"{""finite_edges"": true, ""instance_metadata"": {""complete"": true, ""instance_type"": ""euclidean"", ""n"": 9, ""points"": [[85.64916714362437, 236.8105065960997], [801.2744652063969, 582.1620360643678], [94.12864224039919, 433.1269402364738], [479.05129814083404, 159.73891463707858], [734.5771514092145, 113.6720199214034], [391.22819049566203, 516.7401826213637], [430.6280204141778, 586.7985714381407], [737.8377872921602, 956.2672548360986], [284.20116374879143, 648.5472070798251]], ""scale"": 1000.0, ""seed"": 3, ""symmetric"": true}, ""n_layers"": null, ""normalization_factor"": 971.065398847742, ""normalize"": true, ""optimum_status"": ""ok"", ""seed"": 0, ""tau"": 28.0, ""valid_route"": true}"
tau_sweep,tau_sweep_euclidean_n9_seed3,euclidean,9,3,tn_exact,ok,"[8, 2, 0, 3, 4, 1, 7, 6, 5]",2727.6411359085246,2727.6411359085246,0.0,True,True,0.1177311000001282,273.84375,273.84375,0.0,30.0,,True,"{""finite_edges"": true, ""instance_metadata"": {""complete"": true, ""instance_type"": ""euclidean"", ""n"": 9, ""points"": [[85.64916714362437, 236.8105065960997], [801.2744652063969, 582.1620360643678], [94.12864224039919, 433.1269402364738], [479.05129814083404, 159.73891463707858], [734.5771514092145, 113.6720199214034], [391.22819049566203, 516.7401826213637], [430.6280204141778, 586.7985714381407], [737.8377872921602, 956.2672548360986], [284.20116374879143, 648.5472070798251]], ""scale"": 1000.0, ""seed"": 3, ""symmetric"": true}, ""n_layers"": null, ""normalization_factor"": 971.065398847742, ""normalize"": true, ""optimum_status"": ""ok"", ""seed"": 0, ""tau"": 30.0, ""valid_route"": true}"
tau_sweep,tau_sweep_random_symmetric_n9_seed3,random_symmetric,9,3,tn_exact,ok,"[8, 4, 3, 1, 0, 7, 2, 5, 6]",250.4371058000164,250.43710580001635,2.2697682389845083e-16,True,True,0.124107599999661,273.84375,273.84375,0.0,10.0,,True,"{""finite_edges"": true, ""instance_metadata"": {""complete"": true, ""high"": 100.0, ""instance_type"": ""random_symmetric"", ""low"": 1.0, ""n"": 9, ""seed"": 3, ""symmetric"": true}, ""n_layers"": null, ""normalization_factor"": 91.54543441727714, ""normalize"": true, ""optimum_status"": ""ok"", ""seed"": 0, ""tau"": 10.0, ""valid_route"": true}"
tau_sweep,tau_sweep_random_symmetric_n9_seed3,random_symmetric,9,3,tn_exact,ok,"[8, 4, 3, 1, 0, 7, 2, 5, 6]",250.4371058000164,250.43710580001635,2.2697682389845083e-16,True,True,0.1015596999995978,273.84375,273.84375,0.0,12.0,,True,"{""finite_edges"": true, ""instance_metadata"": {""complete"": true, ""high"": 100.0, ""instance_type"": ""random_symmetric"", ""low"": 1.0, ""n"": 9, ""seed"": 3, ""symmetric"": true}, ""n_layers"": null, ""normalization_factor"": 91.54543441727714, ""normalize"": true, ""optimum_status"": ""ok"", ""seed"": 0, ""tau"": 12.0, ""valid_route"": true}"
tau_sweep,tau_sweep_random_symmetric_n9_seed3,random_symmetric,9,3,tn_exact,ok,"[8, 4, 3, 1, 0, 7, 2, 5, 6]",250.4371058000164,250.43710580001635,2.2697682389845083e-16,True,True,0.09652159999996,273.84375,273.84375,0.0,14.0,,True,"{""finite_edges"": true, ""instance_metadata"": {""complete"": true, ""high"": 100.0, ""instance_type"": ""random_symmetric"", ""low"": 1.0, ""n"": 9, ""seed"": 3, ""symmetric"": true}, ""n_layers"": null, ""normalization_factor"": 91.54543441727714, ""normalize"": true, ""optimum_status"": ""ok"", ""seed"": 0, ""tau"": 14.0, ""valid_route"": true}"
tau_sweep,tau_sweep_random_symmetric_n9_seed3,random_symmetric,9,3,tn_exact,ok,"[8, 4, 3, 1, 0, 7, 2, 5, 6]",250.4371058000164,250.43710580001635,2.2697682389845083e-16,True,True,0.1047060000000783,273.84375,273.859375,0.015625,16.0,,True,"{""finite_edges"": true, ""instance_metadata"": {""complete"": true, ""high"": 100.0, ""instance_type"": ""random_symmetric"", ""low"": 1.0, ""n"": 9, ""seed"": 3, ""symmetric"": true}, ""n_layers"": null, ""normalization_factor"": 91.54543441727714, ""normalize"": true, ""optimum_status"": ""ok"", ""seed"": 0, ""tau"": 16.0, ""valid_route"": true}"
tau_sweep,tau_sweep_random_symmetric_n9_seed3,random_symmetric,9,3,tn_exact,ok,"[8, 4, 3, 1, 0, 7, 2, 5, 6]",250.4371058000164,250.43710580001635,2.2697682389845083e-16,True,True,0.094229699999687,273.859375,273.86328125,0.00390625,18.0,,True,"{""finite_edges"": true, ""instance_metadata"": {""complete"": true, ""high"": 100.0, ""instance_type"": ""random_symmetric"", ""low"": 1.0, ""n"": 9, ""seed"": 3, ""symmetric"": true}, ""n_layers"": null, ""normalization_factor"": 91.54543441727714, ""normalize"": true, ""optimum_status"": ""ok"", ""seed"": 0, ""tau"": 18.0, ""valid_route"": true}"
tau_sweep,tau_sweep_random_symmetric_n9_seed3,random_symmetric,9,3,tn_exact,ok,"[8, 4, 3, 1, 0, 7, 2, 5, 6]",250.4371058000164,250.43710580001635,2.2697682389845083e-16,True,True,0.1182600000001912,273.86328125,273.86328125,0.0,20.0,,True,"{""finite_edges"": true, ""instance_metadata"": {""complete"": true, ""high"": 100.0, ""instance_type"": ""random_symmetric"", ""low"": 1.0, ""n"": 9, ""seed"": 3, ""symmetric"": true}, ""n_layers"": null, ""normalization_factor"": 91.54543441727714, ""normalize"": true, ""optimum_status"": ""ok"", ""seed"": 0, ""tau"": 20.0, ""valid_route"": true}"
tau_sweep,tau_sweep_random_symmetric_n9_seed3,random_symmetric,9,3,tn_exact,ok,"[8, 4, 3, 1, 0, 7, 2, 5, 6]",250.4371058000164,250.43710580001635,2.2697682389845083e-16,True,True,0.0949639000000388,273.86328125,273.8671875,0.00390625,22.0,,True,"{""finite_edges"": true, ""instance_metadata"": {""complete"": true, ""high"": 100.0, ""instance_type"": ""random_symmetric"", ""low"": 1.0, ""n"": 9, ""seed"": 3, ""symmetric"": true}, ""n_layers"": null, ""normalization_factor"": 91.54543441727714, ""normalize"": true, ""optimum_status"": ""ok"", ""seed"": 0, ""tau"": 22.0, ""valid_route"": true}"
tau_sweep,tau_sweep_random_symmetric_n9_seed3,random_symmetric,9,3,tn_exact,ok,"[8, 4, 3, 1, 0, 7, 2, 5, 6]",250.4371058000164,250.43710580001635,2.2697682389845083e-16,True,True,0.1103565000003072,273.8671875,273.8671875,0.0,24.0,,True,"{""finite_edges"": true, ""instance_metadata"": {""complete"": true, ""high"": 100.0, ""instance_type"": ""random_symmetric"", ""low"": 1.0, ""n"": 9, ""seed"": 3, ""symmetric"": true}, ""n_layers"": null, ""normalization_factor"": 91.54543441727714, ""normalize"": true, ""optimum_status"": ""ok"", ""seed"": 0, ""tau"": 24.0, ""valid_route"": true}"
tau_sweep,tau_sweep_random_symmetric_n9_seed3,random_symmetric,9,3,tn_exact,ok,"[8, 4, 3, 1, 0, 7, 2, 5, 6]",250.4371058000164,250.43710580001635,2.2697682389845083e-16,True,True,0.1052196999999068,273.8671875,273.8671875,0.0,26.0,,True,"{""finite_edges"": true, ""instance_metadata"": {""complete"": true, ""high"": 100.0, ""instance_type"": ""random_symmetric"", ""low"": 1.0, ""n"": 9, ""seed"": 3, ""symmetric"": true}, ""n_layers"": null, ""normalization_factor"": 91.54543441727714, ""normalize"": true, ""optimum_status"": ""ok"", ""seed"": 0, ""tau"": 26.0, ""valid_route"": true}"
tau_sweep,tau_sweep_random_symmetric_n9_seed3,random_symmetric,9,3,tn_exact,ok,"[8, 4, 3, 1, 0, 7, 2, 5, 6]",250.4371058000164,250.43710580001635,2.2697682389845083e-16,True,True,0.1117947999996431,273.8671875,273.8671875,0.0,28.0,,True,"{""finite_edges"": true, ""instance_metadata"": {""complete"": true, ""high"": 100.0, ""instance_type"": ""random_symmetric"", ""low"": 1.0, ""n"": 9, ""seed"": 3, ""symmetric"": true}, ""n_layers"": null, ""normalization_factor"": 91.54543441727714, ""normalize"": true, ""optimum_status"": ""ok"", ""seed"": 0, ""tau"": 28.0, ""valid_route"": true}"
tau_sweep,tau_sweep_random_symmetric_n9_seed3,random_symmetric,9,3,tn_exact,ok,"[8, 4, 3, 1, 0, 7, 2, 5, 6]",250.4371058000164,250.43710580001635,2.2697682389845083e-16,True,True,0.0879561000001558,273.8671875,273.8671875,0.0,30.0,,True,"{""finite_edges"": true, ""instance_metadata"": {""complete"": true, ""high"": 100.0, ""instance_type"": ""random_symmetric"", ""low"": 1.0, ""n"": 9, ""seed"": 3, ""symmetric"": true}, ""n_layers"": null, ""normalization_factor"": 91.54543441727714, ""normalize"": true, ""optimum_status"": ""ok"", ""seed"": 0, ""tau"": 30.0, ""valid_route"": true}"
tau_sweep,tau_sweep_random_asymmetric_n9_seed3,random_asymmetric,9,3,tn_exact,ok,"[8, 2, 5, 6, 3, 1, 0, 7, 4]",188.72338315540503,188.72338315540503,0.0,True,True,0.0938704999998663,273.8671875,273.875,0.0078125,10.0,,True,"{""finite_edges"": true, ""instance_metadata"": {""complete"": true, ""high"": 100.0, ""instance_type"": ""random_asymmetric"", ""low"": 1.0, ""n"": 9, ""seed"": 3, ""symmetric"": false}, ""n_layers"": null, ""normalization_factor"": 97.37256720187486, ""normalize"": true, ""optimum_status"": ""ok"", ""seed"": 0, ""tau"": 10.0, ""valid_route"": true}"
tau_sweep,tau_sweep_random_asymmetric_n9_seed3,random_asymmetric,9,3,tn_exact,ok,"[8, 2, 5, 6, 3, 1, 0, 7, 4]",188.72338315540503,188.72338315540503,0.0,True,True,0.0612181000001328,273.875,273.87890625,0.00390625,12.0,,True,"{""finite_edges"": true, ""instance_metadata"": {""complete"": true, ""high"": 100.0, ""instance_type"": ""random_asymmetric"", ""low"": 1.0, ""n"": 9, ""seed"": 3, ""symmetric"": false}, ""n_layers"": null, ""normalization_factor"": 97.37256720187486, ""normalize"": true, ""optimum_status"": ""ok"", ""seed"": 0, ""tau"": 12.0, ""valid_route"": true}"
tau_sweep,tau_sweep_random_asymmetric_n9_seed3,random_asymmetric,9,3,tn_exact,ok,"[8, 2, 5, 6, 3, 1, 0, 7, 4]",188.72338315540503,188.72338315540503,0.0,True,True,0.0800167000002147,273.87890625,273.5234375,-0.35546875,14.0,,True,"{""finite_edges"": true, ""instance_metadata"": {""complete"": true, ""high"": 100.0, ""instance_type"": ""random_asymmetric"", ""low"": 1.0, ""n"": 9, ""seed"": 3, ""symmetric"": false}, ""n_layers"": null, ""normalization_factor"": 97.37256720187486, ""normalize"": true, ""optimum_status"": ""ok"", ""seed"": 0, ""tau"": 14.0, ""valid_route"": true}"
tau_sweep,tau_sweep_random_asymmetric_n9_seed3,random_asymmetric,9,3,tn_exact,ok,"[8, 2, 5, 6, 3, 1, 0, 7, 4]",188.72338315540503,188.72338315540503,0.0,True,True,0.0879153999999289,273.5234375,273.73828125,0.21484375,16.0,,True,"{""finite_edges"": true, ""instance_metadata"": {""complete"": true, ""high"": 100.0, ""instance_type"": ""random_asymmetric"", ""low"": 1.0, ""n"": 9, ""seed"": 3, ""symmetric"": false}, ""n_layers"": null, ""normalization_factor"": 97.37256720187486, ""normalize"": true, ""optimum_status"": ""ok"", ""seed"": 0, ""tau"": 16.0, ""valid_route"": true}"
tau_sweep,tau_sweep_random_asymmetric_n9_seed3,random_asymmetric,9,3,tn_exact,ok,"[8, 2, 5, 6, 3, 1, 0, 7, 4]",188.72338315540503,188.72338315540503,0.0,True,True,0.0900338999999803,273.73828125,273.73828125,0.0,18.0,,True,"{""finite_edges"": true, ""instance_metadata"": {""complete"": true, ""high"": 100.0, ""instance_type"": ""random_asymmetric"", ""low"": 1.0, ""n"": 9, ""seed"": 3, ""symmetric"": false}, ""n_layers"": null, ""normalization_factor"": 97.37256720187486, ""normalize"": true, ""optimum_status"": ""ok"", ""seed"": 0, ""tau"": 18.0, ""valid_route"": true}"
tau_sweep,tau_sweep_random_asymmetric_n9_seed3,random_asymmetric,9,3,tn_exact,ok,"[8, 2, 5, 6, 3, 1, 0, 7, 4]",188.72338315540503,188.72338315540503,0.0,True,True,0.1013802000002215,273.73828125,273.7421875,0.00390625,20.0,,True,"{""finite_edges"": true, ""instance_metadata"": {""complete"": true, ""high"": 100.0, ""instance_type"": ""random_asymmetric"", ""low"": 1.0, ""n"": 9, ""seed"": 3, ""symmetric"": false}, ""n_layers"": null, ""normalization_factor"": 97.37256720187486, ""normalize"": true, ""optimum_status"": ""ok"", ""seed"": 0, ""tau"": 20.0, ""valid_route"": true}"
tau_sweep,tau_sweep_random_asymmetric_n9_seed3,random_asymmetric,9,3,tn_exact,ok,"[8, 2, 5, 6, 3, 1, 0, 7, 4]",188.72338315540503,188.72338315540503,0.0,True,True,0.0950863000002755,273.7421875,273.7421875,0.0,22.0,,True,"{""finite_edges"": true, ""instance_metadata"": {""complete"": true, ""high"": 100.0, ""instance_type"": ""random_asymmetric"", ""low"": 1.0, ""n"": 9, ""seed"": 3, ""symmetric"": false}, ""n_layers"": null, ""normalization_factor"": 97.37256720187486, ""normalize"": true, ""optimum_status"": ""ok"", ""seed"": 0, ""tau"": 22.0, ""valid_route"": true}"
tau_sweep,tau_sweep_random_asymmetric_n9_seed3,random_asymmetric,9,3,tn_exact,ok,"[8, 2, 5, 6, 3, 1, 0, 7, 4]",188.72338315540503,188.72338315540503,0.0,True,True,0.1247342000001481,273.7421875,273.75,0.0078125,24.0,,True,"{""finite_edges"": true, ""instance_metadata"": {""complete"": true, ""high"": 100.0, ""instance_type"": ""random_asymmetric"", ""low"": 1.0, ""n"": 9, ""seed"": 3, ""symmetric"": false}, ""n_layers"": null, ""normalization_factor"": 97.37256720187486, ""normalize"": true, ""optimum_status"": ""ok"", ""seed"": 0, ""tau"": 24.0, ""valid_route"": true}"
tau_sweep,tau_sweep_random_asymmetric_n9_seed3,random_asymmetric,9,3,tn_exact,ok,"[8, 2, 5, 6, 3, 1, 0, 7, 4]",188.72338315540503,188.72338315540503,0.0,True,True,0.0793974999996862,273.75,273.7578125,0.0078125,26.0,,True,"{""finite_edges"": true, ""instance_metadata"": {""complete"": true, ""high"": 100.0, ""instance_type"": ""random_asymmetric"", ""low"": 1.0, ""n"": 9, ""seed"": 3, ""symmetric"": false}, ""n_layers"": null, ""normalization_factor"": 97.37256720187486, ""normalize"": true, ""optimum_status"": ""ok"", ""seed"": 0, ""tau"": 26.0, ""valid_route"": true}"
tau_sweep,tau_sweep_random_asymmetric_n9_seed3,random_asymmetric,9,3,tn_exact,ok,"[8, 2, 5, 6, 3, 1, 0, 7, 4]",188.72338315540503,188.72338315540503,0.0,True,True,0.1750101000002359,273.7578125,273.76171875,0.00390625,28.0,,True,"{""finite_edges"": true, ""instance_metadata"": {""complete"": true, ""high"": 100.0, ""instance_type"": ""random_asymmetric"", ""low"": 1.0, ""n"": 9, ""seed"": 3, ""symmetric"": false}, ""n_layers"": null, ""normalization_factor"": 97.37256720187486, ""normalize"": true, ""optimum_status"": ""ok"", ""seed"": 0, ""tau"": 28.0, ""valid_route"": true}"
tau_sweep,tau_sweep_random_asymmetric_n9_seed3,random_asymmetric,9,3,tn_exact,ok,"[8, 2, 5, 6, 3, 1, 0, 7, 4]",188.72338315540503,188.72338315540503,0.0,True,True,0.0947439000001395,273.76171875,273.76171875,0.0,30.0,,True,"{""finite_edges"": true, ""instance_metadata"": {""complete"": true, ""high"": 100.0, ""instance_type"": ""random_asymmetric"", ""low"": 1.0, ""n"": 9, ""seed"": 3, ""symmetric"": false}, ""n_layers"": null, ""normalization_factor"": 97.37256720187486, ""normalize"": true, ""optimum_status"": ""ok"", ""seed"": 0, ""tau"": 30.0, ""valid_route"": true}"
tau_sweep,tau_sweep_euclidean_n9_seed4,euclidean,9,4,tn_exact,ok,"[8, 6, 2, 3, 1, 7, 5, 0, 4]",2436.5433218299013,2436.5433218299013,0.0,True,True,0.0953432999999677,273.79296875,273.79296875,0.0,10.0,,True,"{""finite_edges"": true, ""instance_metadata"": {""complete"": true, ""instance_type"": ""euclidean"", ""n"": 9, ""points"": [[943.0561055723676, 511.3275528143616], [976.2437057077042, 80.83602389560218], [607.3558319950296, 376.48658437727255], [801.9012069858072, 174.52781614402846], [871.6352741876564, 543.9414007634982], [902.2150797159884, 477.1535238392063], [430.4962777294131, 788.9467175443294], [984.1529999311214, 369.72579265242877], [968.9328693162349, 929.0263877654195]], ""scale"": 1000.0, ""seed"": 4, ""symmetric"": true}, ""n_layers"": null, ""normalization_factor"": 894.0139873651874, ""normalize"": true, ""optimum_status"": ""ok"", ""seed"": 0, ""tau"": 10.0, ""valid_route"": true}"
tau_sweep,tau_sweep_euclidean_n9_seed4,euclidean,9,4,tn_exact,ok,"[8, 6, 2, 3, 1, 7, 5, 0, 4]",2436.5433218299013,2436.5433218299013,0.0,True,True,0.0903055000003405,273.79296875,273.79296875,0.0,12.0,,True,"{""finite_edges"": true, ""instance_metadata"": {""complete"": true, ""instance_type"": ""euclidean"", ""n"": 9, ""points"": [[943.0561055723676, 511.3275528143616], [976.2437057077042, 80.83602389560218], [607.3558319950296, 376.48658437727255], [801.9012069858072, 174.52781614402846], [871.6352741876564, 543.9414007634982], [902.2150797159884, 477.1535238392063], [430.4962777294131, 788.9467175443294], [984.1529999311214, 369.72579265242877], [968.9328693162349, 929.0263877654195]], ""scale"": 1000.0, ""seed"": 4, ""symmetric"": true}, ""n_layers"": null, ""normalization_factor"": 894.0139873651874, ""normalize"": true, ""optimum_status"": ""ok"", ""seed"": 0, ""tau"": 12.0, ""valid_route"": true}"
tau_sweep,tau_sweep_euclidean_n9_seed4,euclidean,9,4,tn_exact,ok,"[8, 6, 2, 3, 1, 7, 5, 0, 4]",2436.5433218299013,2436.5433218299013,0.0,True,True,0.0839083999999275,273.79296875,273.79296875,0.0,14.0,,True,"{""finite_edges"": true, ""instance_metadata"": {""complete"": true, ""instance_type"": ""euclidean"", ""n"": 9, ""points"": [[943.0561055723676, 511.3275528143616], [976.2437057077042, 80.83602389560218], [607.3558319950296, 376.48658437727255], [801.9012069858072, 174.52781614402846], [871.6352741876564, 543.9414007634982], [902.2150797159884, 477.1535238392063], [430.4962777294131, 788.9467175443294], [984.1529999311214, 369.72579265242877], [968.9328693162349, 929.0263877654195]], ""scale"": 1000.0, ""seed"": 4, ""symmetric"": true}, ""n_layers"": null, ""normalization_factor"": 894.0139873651874, ""normalize"": true, ""optimum_status"": ""ok"", ""seed"": 0, ""tau"": 14.0, ""valid_route"": true}"
tau_sweep,tau_sweep_euclidean_n9_seed4,euclidean,9,4,tn_exact,ok,"[8, 6, 2, 3, 1, 7, 5, 0, 4]",2436.5433218299013,2436.5433218299013,0.0,True,True,0.0835132000001976,273.79296875,273.79296875,0.0,16.0,,True,"{""finite_edges"": true, ""instance_metadata"": {""complete"": true, ""instance_type"": ""euclidean"", ""n"": 9, ""points"": [[943.0561055723676, 511.3275528143616], [976.2437057077042, 80.83602389560218], [607.3558319950296, 376.48658437727255], [801.9012069858072, 174.52781614402846], [871.6352741876564, 543.9414007634982], [902.2150797159884, 477.1535238392063], [430.4962777294131, 788.9467175443294], [984.1529999311214, 369.72579265242877], [968.9328693162349, 929.0263877654195]], ""scale"": 1000.0, ""seed"": 4, ""symmetric"": true}, ""n_layers"": null, ""normalization_factor"": 894.0139873651874, ""normalize"": true, ""optimum_status"": ""ok"", ""seed"": 0, ""tau"": 16.0, ""valid_route"": true}"
tau_sweep,tau_sweep_euclidean_n9_seed4,euclidean,9,4,tn_exact,ok,"[8, 6, 2, 3, 1, 7, 5, 0, 4]",2436.5433218299013,2436.5433218299013,0.0,True,True,0.1098260000003392,273.79296875,273.79296875,0.0,18.0,,True,"{""finite_edges"": true, ""instance_metadata"": {""complete"": true, ""instance_type"": ""euclidean"", ""n"": 9, ""points"": [[943.0561055723676, 511.3275528143616], [976.2437057077042, 80.83602389560218], [607.3558319950296, 376.48658437727255], [801.9012069858072, 174.52781614402846], [871.6352741876564, 543.9414007634982], [902.2150797159884, 477.1535238392063], [430.4962777294131, 788.9467175443294], [984.1529999311214, 369.72579265242877], [968.9328693162349, 929.0263877654195]], ""scale"": 1000.0, ""seed"": 4, ""symmetric"": true}, ""n_layers"": null, ""normalization_factor"": 894.0139873651874, ""normalize"": true, ""optimum_status"": ""ok"", ""seed"": 0, ""tau"": 18.0, ""valid_route"": true}"
tau_sweep,tau_sweep_euclidean_n9_seed4,euclidean,9,4,tn_exact,ok,"[8, 6, 2, 3, 1, 7, 5, 0, 4]",2436.5433218299013,2436.5433218299013,0.0,True,True,0.0668272000002616,273.79296875,273.79296875,0.0,20.0,,True,"{""finite_edges"": true, ""instance_metadata"": {""complete"": true, ""instance_type"": ""euclidean"", ""n"": 9, ""points"": [[943.0561055723676, 511.3275528143616], [976.2437057077042, 80.83602389560218], [607.3558319950296, 376.48658437727255], [801.9012069858072, 174.52781614402846], [871.6352741876564, 543.9414007634982], [902.2150797159884, 477.1535238392063], [430.4962777294131, 788.9467175443294], [984.1529999311214, 369.72579265242877], [968.9328693162349, 929.0263877654195]], ""scale"": 1000.0, ""seed"": 4, ""symmetric"": true}, ""n_layers"": null, ""normalization_factor"": 894.0139873651874, ""normalize"": true, ""optimum_status"": ""ok"", ""seed"": 0, ""tau"": 20.0, ""valid_route"": true}"
tau_sweep,tau_sweep_euclidean_n9_seed4,euclidean,9,4,tn_exact,ok,"[8, 6, 2, 3, 1, 7, 5, 0, 4]",2436.5433218299013,2436.5433218299013,0.0,True,True,0.1009398999999575,273.79296875,273.79296875,0.0,22.0,,True,"{""finite_edges"": true, ""instance_metadata"": {""complete"": true, ""instance_type"": ""euclidean"", ""n"": 9, ""points"": [[943.0561055723676, 511.3275528143616], [976.2437057077042, 80.83602389560218], [607.3558319950296, 376.48658437727255], [801.9012069858072, 174.52781614402846], [871.6352741876564, 543.9414007634982], [902.2150797159884, 477.1535238392063], [430.4962777294131, 788.9467175443294], [984.1529999311214, 369.72579265242877], [968.9328693162349, 929.0263877654195]], ""scale"": 1000.0, ""seed"": 4, ""symmetric"": true}, ""n_layers"": null, ""normalization_factor"": 894.0139873651874, ""normalize"": true, ""optimum_status"": ""ok"", ""seed"": 0, ""tau"": 22.0, ""valid_route"": true}"
tau_sweep,tau_sweep_euclidean_n9_seed4,euclidean,9,4,tn_exact,ok,"[8, 6, 2, 3, 1, 7, 5, 0, 4]",2436.5433218299013,2436.5433218299013,0.0,True,True,0.0738973000002261,273.79296875,273.79296875,0.0,24.0,,True,"{""finite_edges"": true, ""instance_metadata"": {""complete"": true, ""instance_type"": ""euclidean"", ""n"": 9, ""points"": [[943.0561055723676, 511.3275528143616], [976.2437057077042, 80.83602389560218], [607.3558319950296, 376.48658437727255], [801.9012069858072, 174.52781614402846], [871.6352741876564, 543.9414007634982], [902.2150797159884, 477.1535238392063], [430.4962777294131, 788.9467175443294], [984.1529999311214, 369.72579265242877], [968.9328693162349, 929.0263877654195]], ""scale"": 1000.0, ""seed"": 4, ""symmetric"": true}, ""n_layers"": null, ""normalization_factor"": 894.0139873651874, ""normalize"": true, ""optimum_status"": ""ok"", ""seed"": 0, ""tau"": 24.0, ""valid_route"": true}"
tau_sweep,tau_sweep_euclidean_n9_seed4,euclidean,9,4,tn_exact,ok,"[8, 6, 2, 3, 1, 7, 5, 0, 4]",2436.5433218299013,2436.5433218299013,0.0,True,True,0.1008538000000953,273.79296875,273.79296875,0.0,26.0,,True,"{""finite_edges"": true, ""instance_metadata"": {""complete"": true, ""instance_type"": ""euclidean"", ""n"": 9, ""points"": [[943.0561055723676, 511.3275528143616], [976.2437057077042, 80.83602389560218], [607.3558319950296, 376.48658437727255], [801.9012069858072, 174.52781614402846], [871.6352741876564, 543.9414007634982], [902.2150797159884, 477.1535238392063], [430.4962777294131, 788.9467175443294], [984.1529999311214, 369.72579265242877], [968.9328693162349, 929.0263877654195]], ""scale"": 1000.0, ""seed"": 4, ""symmetric"": true}, ""n_layers"": null, ""normalization_factor"": 894.0139873651874, ""normalize"": true, ""optimum_status"": ""ok"", ""seed"": 0, ""tau"": 26.0, ""valid_route"": true}"
tau_sweep,tau_sweep_euclidean_n9_seed4,euclidean,9,4,tn_exact,ok,"[8, 6, 2, 3, 1, 7, 5, 0, 4]",2436.5433218299013,2436.5433218299013,0.0,True,True,0.0899391999996623,273.79296875,273.79296875,0.0,28.0,,True,"{""finite_edges"": true, ""instance_metadata"": {""complete"": true, ""instance_type"": ""euclidean"", ""n"": 9, ""points"": [[943.0561055723676, 511.3275528143616], [976.2437057077042, 80.83602389560218], [607.3558319950296, 376.48658437727255], [801.9012069858072, 174.52781614402846], [871.6352741876564, 543.9414007634982], [902.2150797159884, 477.1535238392063], [430.4962777294131, 788.9467175443294], [984.1529999311214, 369.72579265242877], [968.9328693162349, 929.0263877654195]], ""scale"": 1000.0, ""seed"": 4, ""symmetric"": true}, ""n_layers"": null, ""normalization_factor"": 894.0139873651874, ""normalize"": true, ""optimum_status"": ""ok"", ""seed"": 0, ""tau"": 28.0, ""valid_route"": true}"
tau_sweep,tau_sweep_euclidean_n9_seed4,euclidean,9,4,tn_exact,ok,"[8, 6, 2, 3, 1, 7, 5, 0, 4]",2436.5433218299013,2436.5433218299013,0.0,True,True,0.0831733999998505,273.79296875,273.79296875,0.0,30.0,,True,"{""finite_edges"": true, ""instance_metadata"": {""complete"": true, ""instance_type"": ""euclidean"", ""n"": 9, ""points"": [[943.0561055723676, 511.3275528143616], [976.2437057077042, 80.83602389560218], [607.3558319950296, 376.48658437727255], [801.9012069858072, 174.52781614402846], [871.6352741876564, 543.9414007634982], [902.2150797159884, 477.1535238392063], [430.4962777294131, 788.9467175443294], [984.1529999311214, 369.72579265242877], [968.9328693162349, 929.0263877654195]], ""scale"": 1000.0, ""seed"": 4, ""symmetric"": true}, ""n_layers"": null, ""normalization_factor"": 894.0139873651874, ""normalize"": true, ""optimum_status"": ""ok"", ""seed"": 0, ""tau"": 30.0, ""valid_route"": true}"
tau_sweep,tau_sweep_random_symmetric_n9_seed4,random_symmetric,9,4,tn_exact,ok,"[8, 4, 3, 7, 0, 5, 6, 1, 2]",292.3514670061684,292.3514670061683,1.9443520993041119e-16,True,True,0.0820309000000634,273.79296875,273.79296875,0.0,10.0,,True,"{""finite_edges"": true, ""instance_metadata"": {""complete"": true, ""high"": 100.0, ""instance_type"": ""random_symmetric"", ""low"": 1.0, ""n"": 9, ""seed"": 4, ""symmetric"": true}, ""n_layers"": null, ""normalization_factor"": 93.74425657014328, ""normalize"": true, ""optimum_status"": ""ok"", ""seed"": 0, ""tau"": 10.0, ""valid_route"": true}"
tau_sweep,tau_sweep_random_symmetric_n9_seed4,random_symmetric,9,4,tn_exact,ok,"[8, 4, 3, 7, 0, 5, 6, 1, 2]",292.3514670061684,292.3514670061683,1.9443520993041119e-16,True,True,0.0938786000001528,273.79296875,273.79296875,0.0,12.0,,True,"{""finite_edges"": true, ""instance_metadata"": {""complete"": true, ""high"": 100.0, ""instance_type"": ""random_symmetric"", ""low"": 1.0, ""n"": 9, ""seed"": 4, ""symmetric"": true}, ""n_layers"": null, ""normalization_factor"": 93.74425657014328, ""normalize"": true, ""optimum_status"": ""ok"", ""seed"": 0, ""tau"": 12.0, ""valid_route"": true}"
tau_sweep,tau_sweep_random_symmetric_n9_seed4,random_symmetric,9,4,tn_exact,ok,"[8, 4, 3, 7, 0, 5, 6, 1, 2]",292.3514670061684,292.3514670061683,1.9443520993041119e-16,True,True,0.0689020999998319,273.79296875,273.79296875,0.0,14.0,,True,"{""finite_edges"": true, ""instance_metadata"": {""complete"": true, ""high"": 100.0, ""instance_type"": ""random_symmetric"", ""low"": 1.0, ""n"": 9, ""seed"": 4, ""symmetric"": true}, ""n_layers"": null, ""normalization_factor"": 93.74425657014328, ""normalize"": true, ""optimum_status"": ""ok"", ""seed"": 0, ""tau"": 14.0, ""valid_route"": true}"
tau_sweep,tau_sweep_random_symmetric_n9_seed4,random_symmetric,9,4,tn_exact,ok,"[8, 4, 3, 7, 0, 5, 6, 1, 2]",292.3514670061684,292.3514670061683,1.9443520993041119e-16,True,True,0.0947277000000212,273.79296875,273.79296875,0.0,16.0,,True,"{""finite_edges"": true, ""instance_metadata"": {""complete"": true, ""high"": 100.0, ""instance_type"": ""random_symmetric"", ""low"": 1.0, ""n"": 9, ""seed"": 4, ""symmetric"": true}, ""n_layers"": null, ""normalization_factor"": 93.74425657014328, ""normalize"": true, ""optimum_status"": ""ok"", ""seed"": 0, ""tau"": 16.0, ""valid_route"": true}"
tau_sweep,tau_sweep_random_symmetric_n9_seed4,random_symmetric,9,4,tn_exact,ok,"[8, 4, 3, 7, 0, 5, 6, 1, 2]",292.3514670061684,292.3514670061683,1.9443520993041119e-16,True,True,0.1168098000002828,273.79296875,273.79296875,0.0,18.0,,True,"{""finite_edges"": true, ""instance_metadata"": {""complete"": true, ""high"": 100.0, ""instance_type"": ""random_symmetric"", ""low"": 1.0, ""n"": 9, ""seed"": 4, ""symmetric"": true}, ""n_layers"": null, ""normalization_factor"": 93.74425657014328, ""normalize"": true, ""optimum_status"": ""ok"", ""seed"": 0, ""tau"": 18.0, ""valid_route"": true}"
tau_sweep,tau_sweep_random_symmetric_n9_seed4,random_symmetric,9,4,tn_exact,ok,"[8, 4, 3, 7, 0, 5, 6, 1, 2]",292.3514670061684,292.3514670061683,1.9443520993041119e-16,True,True,0.1194040000000313,273.79296875,273.79296875,0.0,20.0,,True,"{""finite_edges"": true, ""instance_metadata"": {""complete"": true, ""high"": 100.0, ""instance_type"": ""random_symmetric"", ""low"": 1.0, ""n"": 9, ""seed"": 4, ""symmetric"": true}, ""n_layers"": null, ""normalization_factor"": 93.74425657014328, ""normalize"": true, ""optimum_status"": ""ok"", ""seed"": 0, ""tau"": 20.0, ""valid_route"": true}"
tau_sweep,tau_sweep_random_symmetric_n9_seed4,random_symmetric,9,4,tn_exact,ok,"[8, 4, 3, 7, 0, 5, 6, 1, 2]",292.3514670061684,292.3514670061683,1.9443520993041119e-16,True,True,0.1135971999997309,273.79296875,273.79296875,0.0,22.0,,True,"{""finite_edges"": true, ""instance_metadata"": {""complete"": true, ""high"": 100.0, ""instance_type"": ""random_symmetric"", ""low"": 1.0, ""n"": 9, ""seed"": 4, ""symmetric"": true}, ""n_layers"": null, ""normalization_factor"": 93.74425657014328, ""normalize"": true, ""optimum_status"": ""ok"", ""seed"": 0, ""tau"": 22.0, ""valid_route"": true}"
tau_sweep,tau_sweep_random_symmetric_n9_seed4,random_symmetric,9,4,tn_exact,ok,"[8, 4, 3, 7, 0, 5, 6, 1, 2]",292.3514670061684,292.3514670061683,1.9443520993041119e-16,True,True,0.0919722000003275,273.79296875,273.79296875,0.0,24.0,,True,"{""finite_edges"": true, ""instance_metadata"": {""complete"": true, ""high"": 100.0, ""instance_type"": ""random_symmetric"", ""low"": 1.0, ""n"": 9, ""seed"": 4, ""symmetric"": true}, ""n_layers"": null, ""normalization_factor"": 93.74425657014328, ""normalize"": true, ""optimum_status"": ""ok"", ""seed"": 0, ""tau"": 24.0, ""valid_route"": true}"
tau_sweep,tau_sweep_random_symmetric_n9_seed4,random_symmetric,9,4,tn_exact,ok,"[8, 4, 3, 7, 0, 5, 6, 1, 2]",292.3514670061684,292.3514670061683,1.9443520993041119e-16,True,True,0.1136136000000078,273.79296875,273.79296875,0.0,26.0,,True,"{""finite_edges"": true, ""instance_metadata"": {""complete"": true, ""high"": 100.0, ""instance_type"": ""random_symmetric"", ""low"": 1.0, ""n"": 9, ""seed"": 4, ""symmetric"": true}, ""n_layers"": null, ""normalization_factor"": 93.74425657014328, ""normalize"": true, ""optimum_status"": ""ok"", ""seed"": 0, ""tau"": 26.0, ""valid_route"": true}"
tau_sweep,tau_sweep_random_symmetric_n9_seed4,random_symmetric,9,4,tn_exact,ok,"[8, 4, 3, 7, 0, 5, 6, 1, 2]",292.3514670061684,292.3514670061683,1.9443520993041119e-16,True,True,0.1114375000001928,273.79296875,273.80078125,0.0078125,28.0,,True,"{""finite_edges"": true, ""instance_metadata"": {""complete"": true, ""high"": 100.0, ""instance_type"": ""random_symmetric"", ""low"": 1.0, ""n"": 9, ""seed"": 4, ""symmetric"": true}, ""n_layers"": null, ""normalization_factor"": 93.74425657014328, ""normalize"": true, ""optimum_status"": ""ok"", ""seed"": 0, ""tau"": 28.0, ""valid_route"": true}"
tau_sweep,tau_sweep_random_symmetric_n9_seed4,random_symmetric,9,4,tn_exact,ok,"[8, 4, 3, 7, 0, 5, 6, 1, 2]",292.3514670061684,292.3514670061683,1.9443520993041119e-16,True,True,0.079753200000141,273.80078125,273.80078125,0.0,30.0,,True,"{""finite_edges"": true, ""instance_metadata"": {""complete"": true, ""high"": 100.0, ""instance_type"": ""random_symmetric"", ""low"": 1.0, ""n"": 9, ""seed"": 4, ""symmetric"": true}, ""n_layers"": null, ""normalization_factor"": 93.74425657014328, ""normalize"": true, ""optimum_status"": ""ok"", ""seed"": 0, ""tau"": 30.0, ""valid_route"": true}"
tau_sweep,tau_sweep_random_asymmetric_n9_seed4,random_asymmetric,9,4,tn_exact,ok,"[8, 4, 6, 1, 2, 5, 0, 3, 7]",181.93455118506083,181.93455118506083,0.0,True,True,0.1082760999997844,273.80078125,273.80078125,0.0,10.0,,True,"{""finite_edges"": true, ""instance_metadata"": {""complete"": true, ""high"": 100.0, ""instance_type"": ""random_asymmetric"", ""low"": 1.0, ""n"": 9, ""seed"": 4, ""symmetric"": false}, ""n_layers"": null, ""normalization_factor"": 98.43114699318102, ""normalize"": true, ""optimum_status"": ""ok"", ""seed"": 0, ""tau"": 10.0, ""valid_route"": true}"
tau_sweep,tau_sweep_random_asymmetric_n9_seed4,random_asymmetric,9,4,tn_exact,ok,"[8, 4, 6, 1, 2, 5, 0, 3, 7]",181.93455118506083,181.93455118506083,0.0,True,True,0.0971854000003986,273.80078125,273.80078125,0.0,12.0,,True,"{""finite_edges"": true, ""instance_metadata"": {""complete"": true, ""high"": 100.0, ""instance_type"": ""random_asymmetric"", ""low"": 1.0, ""n"": 9, ""seed"": 4, ""symmetric"": false}, ""n_layers"": null, ""normalization_factor"": 98.43114699318102, ""normalize"": true, ""optimum_status"": ""ok"", ""seed"": 0, ""tau"": 12.0, ""valid_route"": true}"
tau_sweep,tau_sweep_random_asymmetric_n9_seed4,random_asymmetric,9,4,tn_exact,ok,"[8, 4, 6, 1, 2, 5, 0, 3, 7]",181.93455118506083,181.93455118506083,0.0,True,True,0.0890626000000338,273.80078125,273.80078125,0.0,14.0,,True,"{""finite_edges"": true, ""instance_metadata"": {""complete"": true, ""high"": 100.0, ""instance_type"": ""random_asymmetric"", ""low"": 1.0, ""n"": 9, ""seed"": 4, ""symmetric"": false}, ""n_layers"": null, ""normalization_factor"": 98.43114699318102, ""normalize"": true, ""optimum_status"": ""ok"", ""seed"": 0, ""tau"": 14.0, ""valid_route"": true}"
tau_sweep,tau_sweep_random_asymmetric_n9_seed4,random_asymmetric,9,4,tn_exact,ok,"[8, 4, 6, 1, 2, 5, 0, 3, 7]",181.93455118506083,181.93455118506083,0.0,True,True,0.0775097999999161,273.80078125,273.80078125,0.0,16.0,,True,"{""finite_edges"": true, ""instance_metadata"": {""complete"": true, ""high"": 100.0, ""instance_type"": ""random_asymmetric"", ""low"": 1.0, ""n"": 9, ""seed"": 4, ""symmetric"": false}, ""n_layers"": null, ""normalization_factor"": 98.43114699318102, ""normalize"": true, ""optimum_status"": ""ok"", ""seed"": 0, ""tau"": 16.0, ""valid_route"": true}"
tau_sweep,tau_sweep_random_asymmetric_n9_seed4,random_asymmetric,9,4,tn_exact,ok,"[8, 4, 6, 1, 2, 5, 0, 3, 7]",181.93455118506083,181.93455118506083,0.0,True,True,0.0804283999996187,273.80078125,273.80078125,0.0,18.0,,True,"{""finite_edges"": true, ""instance_metadata"": {""complete"": true, ""high"": 100.0, ""instance_type"": ""random_asymmetric"", ""low"": 1.0, ""n"": 9, ""seed"": 4, ""symmetric"": false}, ""n_layers"": null, ""normalization_factor"": 98.43114699318102, ""normalize"": true, ""optimum_status"": ""ok"", ""seed"": 0, ""tau"": 18.0, ""valid_route"": true}"
tau_sweep,tau_sweep_random_asymmetric_n9_seed4,random_asymmetric,9,4,tn_exact,ok,"[8, 4, 6, 1, 2, 5, 0, 3, 7]",181.93455118506083,181.93455118506083,0.0,True,True,0.0824251000003641,273.80078125,273.80078125,0.0,20.0,,True,"{""finite_edges"": true, ""instance_metadata"": {""complete"": true, ""high"": 100.0, ""instance_type"": ""random_asymmetric"", ""low"": 1.0, ""n"": 9, ""seed"": 4, ""symmetric"": false}, ""n_layers"": null, ""normalization_factor"": 98.43114699318102, ""normalize"": true, ""optimum_status"": ""ok"", ""seed"": 0, ""tau"": 20.0, ""valid_route"": true}"
tau_sweep,tau_sweep_random_asymmetric_n9_seed4,random_asymmetric,9,4,tn_exact,ok,"[8, 4, 6, 1, 2, 5, 0, 3, 7]",181.93455118506083,181.93455118506083,0.0,True,True,0.1120544000000336,273.80078125,273.80078125,0.0,22.0,,True,"{""finite_edges"": true, ""instance_metadata"": {""complete"": true, ""high"": 100.0, ""instance_type"": ""random_asymmetric"", ""low"": 1.0, ""n"": 9, ""seed"": 4, ""symmetric"": false}, ""n_layers"": null, ""normalization_factor"": 98.43114699318102, ""normalize"": true, ""optimum_status"": ""ok"", ""seed"": 0, ""tau"": 22.0, ""valid_route"": true}"
tau_sweep,tau_sweep_random_asymmetric_n9_seed4,random_asymmetric,9,4,tn_exact,ok,"[8, 4, 6, 1, 2, 5, 0, 3, 7]",181.93455118506083,181.93455118506083,0.0,True,True,0.1118649999998524,273.80078125,273.8203125,0.01953125,24.0,,True,"{""finite_edges"": true, ""instance_metadata"": {""complete"": true, ""high"": 100.0, ""instance_type"": ""random_asymmetric"", ""low"": 1.0, ""n"": 9, ""seed"": 4, ""symmetric"": false}, ""n_layers"": null, ""normalization_factor"": 98.43114699318102, ""normalize"": true, ""optimum_status"": ""ok"", ""seed"": 0, ""tau"": 24.0, ""valid_route"": true}"
tau_sweep,tau_sweep_random_asymmetric_n9_seed4,random_asymmetric,9,4,tn_exact,ok,"[8, 4, 6, 1, 2, 5, 0, 3, 7]",181.93455118506083,181.93455118506083,0.0,True,True,0.1152866000002177,273.8203125,273.82421875,0.00390625,26.0,,True,"{""finite_edges"": true, ""instance_metadata"": {""complete"": true, ""high"": 100.0, ""instance_type"": ""random_asymmetric"", ""low"": 1.0, ""n"": 9, ""seed"": 4, ""symmetric"": false}, ""n_layers"": null, ""normalization_factor"": 98.43114699318102, ""normalize"": true, ""optimum_status"": ""ok"", ""seed"": 0, ""tau"": 26.0, ""valid_route"": true}"
tau_sweep,tau_sweep_random_asymmetric_n9_seed4,random_asymmetric,9,4,tn_exact,ok,"[8, 4, 6, 1, 2, 5, 0, 3, 7]",181.93455118506083,181.93455118506083,0.0,True,True,0.1786498999999821,273.82421875,273.78515625,-0.0390625,28.0,,True,"{""finite_edges"": true, ""instance_metadata"": {""complete"": true, ""high"": 100.0, ""instance_type"": ""random_asymmetric"", ""low"": 1.0, ""n"": 9, ""seed"": 4, ""symmetric"": false}, ""n_layers"": null, ""normalization_factor"": 98.43114699318102, ""normalize"": true, ""optimum_status"": ""ok"", ""seed"": 0, ""tau"": 28.0, ""valid_route"": true}"
tau_sweep,tau_sweep_random_asymmetric_n9_seed4,random_asymmetric,9,4,tn_exact,ok,"[8, 4, 6, 1, 2, 5, 0, 3, 7]",181.93455118506083,181.93455118506083,0.0,True,True,0.0855239999996229,273.78515625,273.7890625,0.00390625,30.0,,True,"{""finite_edges"": true, ""instance_metadata"": {""complete"": true, ""high"": 100.0, ""instance_type"": ""random_asymmetric"", ""low"": 1.0, ""n"": 9, ""seed"": 4, ""symmetric"": false}, ""n_layers"": null, ""normalization_factor"": 98.43114699318102, ""normalize"": true, ""optimum_status"": ""ok"", ""seed"": 0, ""tau"": 30.0, ""valid_route"": true}"
tau_sweep,tau_sweep_euclidean_n10_seed0,euclidean,10,0,tn_exact,ok,"[9, 1, 0, 7, 5, 6, 8, 2, 4, 3]",3308.3071930002297,3279.2105192794525,0.0088730728172861,True,True,0.1293964999999843,273.859375,274.2265625,0.3671875,10.0,,True,"{""finite_edges"": true, ""instance_metadata"": {""complete"": true, ""instance_type"": ""euclidean"", ""n"": 10, ""points"": [[636.9616873214543, 269.7867137638703], [40.97352393619469, 16.527635528529096], [813.2702392002724, 912.7555772777217], [606.6357757671799, 729.4965609839984], [543.6249914654229, 935.0724237877682], [815.8535541215322, 2.738500170148095], [857.4042765875694, 33.58557530546435], [729.655446429944, 175.65562060255903], [863.1789223498865, 541.4612202490918], [299.71189053738476, 422.68722119765846]], ""scale"": 1000.0, ""seed"": 0, ""symmetric"": true}, ""n_layers"": null, ""normalization_factor"": 1183.0751201760934, ""normalize"": true, ""optimum_status"": ""ok"", ""seed"": 0, ""tau"": 10.0, ""valid_route"": true}"
tau_sweep,tau_sweep_euclidean_n10_seed0,euclidean,10,0,tn_exact,ok,"[9, 1, 0, 7, 5, 6, 8, 2, 4, 3]",3308.3071930002297,3279.2105192794525,0.0088730728172861,True,True,0.1548508999999285,274.2265625,274.26171875,0.03515625,12.0,,True,"{""finite_edges"": true, ""instance_metadata"": {""complete"": true, ""instance_type"": ""euclidean"", ""n"": 10, ""points"": [[636.9616873214543, 269.7867137638703], [40.97352393619469, 16.527635528529096], [813.2702392002724, 912.7555772777217], [606.6357757671799, 729.4965609839984], [543.6249914654229, 935.0724237877682], [815.8535541215322, 2.738500170148095], [857.4042765875694, 33.58557530546435], [729.655446429944, 175.65562060255903], [863.1789223498865, 541.4612202490918], [299.71189053738476, 422.68722119765846]], ""scale"": 1000.0, ""seed"": 0, ""symmetric"": true}, ""n_layers"": null, ""normalization_factor"": 1183.0751201760934, ""normalize"": true, ""optimum_status"": ""ok"", ""seed"": 0, ""tau"": 12.0, ""valid_route"": true}"
tau_sweep,tau_sweep_euclidean_n10_seed0,euclidean,10,0,tn_exact,ok,"[9, 1, 0, 7, 5, 6, 8, 2, 4, 3]",3308.3071930002297,3279.2105192794525,0.0088730728172861,True,True,0.1166785999998865,274.26171875,274.3046875,0.04296875,14.0,,True,"{""finite_edges"": true, ""instance_metadata"": {""complete"": true, ""instance_type"": ""euclidean"", ""n"": 10, ""points"": [[636.9616873214543, 269.7867137638703], [40.97352393619469, 16.527635528529096], [813.2702392002724, 912.7555772777217], [606.6357757671799, 729.4965609839984], [543.6249914654229, 935.0724237877682], [815.8535541215322, 2.738500170148095], [857.4042765875694, 33.58557530546435], [729.655446429944, 175.65562060255903], [863.1789223498865, 541.4612202490918], [299.71189053738476, 422.68722119765846]], ""scale"": 1000.0, ""seed"": 0, ""symmetric"": true}, ""n_layers"": null, ""normalization_factor"": 1183.0751201760934, ""normalize"": true, ""optimum_status"": ""ok"", ""seed"": 0, ""tau"": 14.0, ""valid_route"": true}"
tau_sweep,tau_sweep_euclidean_n10_seed0,euclidean,10,0,tn_exact,ok,"[9, 1, 0, 7, 5, 6, 8, 2, 4, 3]",3308.3071930002297,3279.2105192794525,0.0088730728172861,True,True,0.1534824000000298,274.3046875,274.34375,0.0390625,16.0,,True,"{""finite_edges"": true, ""instance_metadata"": {""complete"": true, ""instance_type"": ""euclidean"", ""n"": 10, ""points"": [[636.9616873214543, 269.7867137638703], [40.97352393619469, 16.527635528529096], [813.2702392002724, 912.7555772777217], [606.6357757671799, 729.4965609839984], [543.6249914654229, 935.0724237877682], [815.8535541215322, 2.738500170148095], [857.4042765875694, 33.58557530546435], [729.655446429944, 175.65562060255903], [863.1789223498865, 541.4612202490918], [299.71189053738476, 422.68722119765846]], ""scale"": 1000.0, ""seed"": 0, ""symmetric"": true}, ""n_layers"": null, ""normalization_factor"": 1183.0751201760934, ""normalize"": true, ""optimum_status"": ""ok"", ""seed"": 0, ""tau"": 16.0, ""valid_route"": true}"
tau_sweep,tau_sweep_euclidean_n10_seed0,euclidean,10,0,tn_exact,ok,"[9, 1, 0, 7, 5, 6, 8, 2, 4, 3]",3308.3071930002297,3279.2105192794525,0.0088730728172861,True,True,0.161353500000132,274.34375,274.3515625,0.0078125,18.0,,True,"{""finite_edges"": true, ""instance_metadata"": {""complete"": true, ""instance_type"": ""euclidean"", ""n"": 10, ""points"": [[636.9616873214543, 269.7867137638703], [40.97352393619469, 16.527635528529096], [813.2702392002724, 912.7555772777217], [606.6357757671799, 729.4965609839984], [543.6249914654229, 935.0724237877682], [815.8535541215322, 2.738500170148095], [857.4042765875694, 33.58557530546435], [729.655446429944, 175.65562060255903], [863.1789223498865, 541.4612202490918], [299.71189053738476, 422.68722119765846]], ""scale"": 1000.0, ""seed"": 0, ""symmetric"": true}, ""n_layers"": null, ""normalization_factor"": 1183.0751201760934, ""normalize"": true, ""optimum_status"": ""ok"", ""seed"": 0, ""tau"": 18.0, ""valid_route"": true}"
tau_sweep,tau_sweep_euclidean_n10_seed0,euclidean,10,0,tn_exact,ok,"[9, 1, 0, 7, 5, 6, 8, 2, 4, 3]",3308.3071930002297,3279.2105192794525,0.0088730728172861,True,True,0.1604262999999264,274.3515625,274.36328125,0.01171875,20.0,,True,"{""finite_edges"": true, ""instance_metadata"": {""complete"": true, ""instance_type"": ""euclidean"", ""n"": 10, ""points"": [[636.9616873214543, 269.7867137638703], [40.97352393619469, 16.527635528529096], [813.2702392002724, 912.7555772777217], [606.6357757671799, 729.4965609839984], [543.6249914654229, 935.0724237877682], [815.8535541215322, 2.738500170148095], [857.4042765875694, 33.58557530546435], [729.655446429944, 175.65562060255903], [863.1789223498865, 541.4612202490918], [299.71189053738476, 422.68722119765846]], ""scale"": 1000.0, ""seed"": 0, ""symmetric"": true}, ""n_layers"": null, ""normalization_factor"": 1183.0751201760934, ""normalize"": true, ""optimum_status"": ""ok"", ""seed"": 0, ""tau"": 20.0, ""valid_route"": true}"
tau_sweep,tau_sweep_euclidean_n10_seed0,euclidean,10,0,tn_exact,ok,"[9, 1, 0, 7, 5, 6, 8, 2, 4, 3]",3308.3071930002297,3279.2105192794525,0.0088730728172861,True,True,0.1442294999997102,274.36328125,274.1328125,-0.23046875,22.0,,True,"{""finite_edges"": true, ""instance_metadata"": {""complete"": true, ""instance_type"": ""euclidean"", ""n"": 10, ""points"": [[636.9616873214543, 269.7867137638703], [40.97352393619469, 16.527635528529096], [813.2702392002724, 912.7555772777217], [606.6357757671799, 729.4965609839984], [543.6249914654229, 935.0724237877682], [815.8535541215322, 2.738500170148095], [857.4042765875694, 33.58557530546435], [729.655446429944, 175.65562060255903], [863.1789223498865, 541.4612202490918], [299.71189053738476, 422.68722119765846]], ""scale"": 1000.0, ""seed"": 0, ""symmetric"": true}, ""n_layers"": null, ""normalization_factor"": 1183.0751201760934, ""normalize"": true, ""optimum_status"": ""ok"", ""seed"": 0, ""tau"": 22.0, ""valid_route"": true}"
tau_sweep,tau_sweep_euclidean_n10_seed0,euclidean,10,0,tn_exact,ok,"[9, 1, 0, 7, 5, 6, 8, 2, 4, 3]",3308.3071930002297,3279.2105192794525,0.0088730728172861,True,True,0.1599409000000378,274.1328125,274.4140625,0.28125,24.0,,True,"{""finite_edges"": true, ""instance_metadata"": {""complete"": true, ""instance_type"": ""euclidean"", ""n"": 10, ""points"": [[636.9616873214543, 269.7867137638703], [40.97352393619469, 16.527635528529096], [813.2702392002724, 912.7555772777217], [606.6357757671799, 729.4965609839984], [543.6249914654229, 935.0724237877682], [815.8535541215322, 2.738500170148095], [857.4042765875694, 33.58557530546435], [729.655446429944, 175.65562060255903], [863.1789223498865, 541.4612202490918], [299.71189053738476, 422.68722119765846]], ""scale"": 1000.0, ""seed"": 0, ""symmetric"": true}, ""n_layers"": null, ""normalization_factor"": 1183.0751201760934, ""normalize"": true, ""optimum_status"": ""ok"", ""seed"": 0, ""tau"": 24.0, ""valid_route"": true}"
tau_sweep,tau_sweep_euclidean_n10_seed0,euclidean,10,0,tn_exact,ok,"[9, 1, 5, 6, 7, 0, 8, 2, 4, 3]",3279.2105192794525,3279.2105192794525,0.0,True,True,0.1466220999996039,274.4140625,274.50390625,0.08984375,26.0,,True,"{""finite_edges"": true, ""instance_metadata"": {""complete"": true, ""instance_type"": ""euclidean"", ""n"": 10, ""points"": [[636.9616873214543, 269.7867137638703], [40.97352393619469, 16.527635528529096], [813.2702392002724, 912.7555772777217], [606.6357757671799, 729.4965609839984], [543.6249914654229, 935.0724237877682], [815.8535541215322, 2.738500170148095], [857.4042765875694, 33.58557530546435], [729.655446429944, 175.65562060255903], [863.1789223498865, 541.4612202490918], [299.71189053738476, 422.68722119765846]], ""scale"": 1000.0, ""seed"": 0, ""symmetric"": true}, ""n_layers"": null, ""normalization_factor"": 1183.0751201760934, ""normalize"": true, ""optimum_status"": ""ok"", ""seed"": 0, ""tau"": 26.0, ""valid_route"": true}"
tau_sweep,tau_sweep_euclidean_n10_seed0,euclidean,10,0,tn_exact,ok,"[9, 1, 5, 6, 7, 0, 8, 2, 4, 3]",3279.2105192794525,3279.2105192794525,0.0,True,True,0.1585179999997308,274.50390625,274.5390625,0.03515625,28.0,,True,"{""finite_edges"": true, ""instance_metadata"": {""complete"": true, ""instance_type"": ""euclidean"", ""n"": 10, ""points"": [[636.9616873214543, 269.7867137638703], [40.97352393619469, 16.527635528529096], [813.2702392002724, 912.7555772777217], [606.6357757671799, 729.4965609839984], [543.6249914654229, 935.0724237877682], [815.8535541215322, 2.738500170148095], [857.4042765875694, 33.58557530546435], [729.655446429944, 175.65562060255903], [863.1789223498865, 541.4612202490918], [299.71189053738476, 422.68722119765846]], ""scale"": 1000.0, ""seed"": 0, ""symmetric"": true}, ""n_layers"": null, ""normalization_factor"": 1183.0751201760934, ""normalize"": true, ""optimum_status"": ""ok"", ""seed"": 0, ""tau"": 28.0, ""valid_route"": true}"
tau_sweep,tau_sweep_euclidean_n10_seed0,euclidean,10,0,tn_exact,ok,"[9, 1, 5, 6, 7, 0, 8, 2, 4, 3]",3279.2105192794525,3279.2105192794525,0.0,True,True,0.1304853000001458,274.5390625,274.59375,0.0546875,30.0,,True,"{""finite_edges"": true, ""instance_metadata"": {""complete"": true, ""instance_type"": ""euclidean"", ""n"": 10, ""points"": [[636.9616873214543, 269.7867137638703], [40.97352393619469, 16.527635528529096], [813.2702392002724, 912.7555772777217], [606.6357757671799, 729.4965609839984], [543.6249914654229, 935.0724237877682], [815.8535541215322, 2.738500170148095], [857.4042765875694, 33.58557530546435], [729.655446429944, 175.65562060255903], [863.1789223498865, 541.4612202490918], [299.71189053738476, 422.68722119765846]], ""scale"": 1000.0, ""seed"": 0, ""symmetric"": true}, ""n_layers"": null, ""normalization_factor"": 1183.0751201760934, ""normalize"": true, ""optimum_status"": ""ok"", ""seed"": 0, ""tau"": 30.0, ""valid_route"": true}"
tau_sweep,tau_sweep_random_symmetric_n10_seed0,random_symmetric,10,0,tn_exact,ok,"[9, 6, 4, 8, 1, 3, 5, 7, 0, 2]",316.0016784917155,316.0016784917155,0.0,True,True,0.1105018000002928,274.59375,274.6328125,0.0390625,10.0,,True,"{""finite_edges"": true, ""instance_metadata"": {""complete"": true, ""high"": 100.0, ""instance_type"": ""random_symmetric"", ""low"": 1.0, ""n"": 10, ""seed"": 0, ""symmetric"": true}, ""n_layers"": null, ""normalization_factor"": 94.1096663967816, ""normalize"": true, ""optimum_status"": ""ok"", ""seed"": 0, ""tau"": 10.0, ""valid_route"": true}"
tau_sweep,tau_sweep_random_symmetric_n10_seed0,random_symmetric,10,0,tn_exact,ok,"[9, 6, 4, 8, 1, 3, 5, 7, 0, 2]",316.0016784917155,316.0016784917155,0.0,True,True,0.1474096000001736,274.6328125,274.8046875,0.171875,12.0,,True,"{""finite_edges"": true, ""instance_metadata"": {""complete"": true, ""high"": 100.0, ""instance_type"": ""random_symmetric"", ""low"": 1.0, ""n"": 10, ""seed"": 0, ""symmetric"": true}, ""n_layers"": null, ""normalization_factor"": 94.1096663967816, ""normalize"": true, ""optimum_status"": ""ok"", ""seed"": 0, ""tau"": 12.0, ""valid_route"": true}"
tau_sweep,tau_sweep_random_symmetric_n10_seed0,random_symmetric,10,0,tn_exact,ok,"[9, 6, 4, 8, 1, 3, 5, 7, 0, 2]",316.0016784917155,316.0016784917155,0.0,True,True,0.141761100000167,274.8046875,274.875,0.0703125,14.0,,True,"{""finite_edges"": true, ""instance_metadata"": {""complete"": true, ""high"": 100.0, ""instance_type"": ""random_symmetric"", ""low"": 1.0, ""n"": 10, ""seed"": 0, ""symmetric"": true}, ""n_layers"": null, ""normalization_factor"": 94.1096663967816, ""normalize"": true, ""optimum_status"": ""ok"", ""seed"": 0, ""tau"": 14.0, ""valid_route"": true}"
tau_sweep,tau_sweep_random_symmetric_n10_seed0,random_symmetric,10,0,tn_exact,ok,"[9, 6, 4, 8, 1, 3, 5, 7, 0, 2]",316.0016784917155,316.0016784917155,0.0,True,True,0.1653479999999945,274.875,274.8828125,0.0078125,16.0,,True,"{""finite_edges"": true, ""instance_metadata"": {""complete"": true, ""high"": 100.0, ""instance_type"": ""random_symmetric"", ""low"": 1.0, ""n"": 10, ""seed"": 0, ""symmetric"": true}, ""n_layers"": null, ""normalization_factor"": 94.1096663967816, ""normalize"": true, ""optimum_status"": ""ok"", ""seed"": 0, ""tau"": 16.0, ""valid_route"": true}"
tau_sweep,tau_sweep_random_symmetric_n10_seed0,random_symmetric,10,0,tn_exact,ok,"[9, 6, 4, 8, 1, 3, 5, 7, 0, 2]",316.0016784917155,316.0016784917155,0.0,True,True,0.1623336999996354,274.8828125,274.890625,0.0078125,18.0,,True,"{""finite_edges"": true, ""instance_metadata"": {""complete"": true, ""high"": 100.0, ""instance_type"": ""random_symmetric"", ""low"": 1.0, ""n"": 10, ""seed"": 0, ""symmetric"": true}, ""n_layers"": null, ""normalization_factor"": 94.1096663967816, ""normalize"": true, ""optimum_status"": ""ok"", ""seed"": 0, ""tau"": 18.0, ""valid_route"": true}"
tau_sweep,tau_sweep_random_symmetric_n10_seed0,random_symmetric,10,0,tn_exact,ok,"[9, 6, 4, 8, 1, 3, 5, 7, 0, 2]",316.0016784917155,316.0016784917155,0.0,True,True,0.2205229999999574,274.890625,274.625,-0.265625,20.0,,True,"{""finite_edges"": true, ""instance_metadata"": {""complete"": true, ""high"": 100.0, ""instance_type"": ""random_symmetric"", ""low"": 1.0, ""n"": 10, ""seed"": 0, ""symmetric"": true}, ""n_layers"": null, ""normalization_factor"": 94.1096663967816, ""normalize"": true, ""optimum_status"": ""ok"", ""seed"": 0, ""tau"": 20.0, ""valid_route"": true}"
tau_sweep,tau_sweep_random_symmetric_n10_seed0,random_symmetric,10,0,tn_exact,ok,"[9, 6, 4, 8, 1, 3, 5, 7, 0, 2]",316.0016784917155,316.0016784917155,0.0,True,True,0.1664434000003893,274.625,274.8125,0.1875,22.0,,True,"{""finite_edges"": true, ""instance_metadata"": {""complete"": true, ""high"": 100.0, ""instance_type"": ""random_symmetric"", ""low"": 1.0, ""n"": 10, ""seed"": 0, ""symmetric"": true}, ""n_layers"": null, ""normalization_factor"": 94.1096663967816, ""normalize"": true, ""optimum_status"": ""ok"", ""seed"": 0, ""tau"": 22.0, ""valid_route"": true}"
tau_sweep,tau_sweep_random_symmetric_n10_seed0,random_symmetric,10,0,tn_exact,ok,"[9, 6, 4, 8, 1, 3, 5, 7, 0, 2]",316.0016784917155,316.0016784917155,0.0,True,True,0.1459851999998136,274.8125,274.8125,0.0,24.0,,True,"{""finite_edges"": true, ""instance_metadata"": {""complete"": true, ""high"": 100.0, ""instance_type"": ""random_symmetric"", ""low"": 1.0, ""n"": 10, ""seed"": 0, ""symmetric"": true}, ""n_layers"": null, ""normalization_factor"": 94.1096663967816, ""normalize"": true, ""optimum_status"": ""ok"", ""seed"": 0, ""tau"": 24.0, ""valid_route"": true}"
tau_sweep,tau_sweep_random_symmetric_n10_seed0,random_symmetric,10,0,tn_exact,ok,"[9, 6, 4, 8, 1, 3, 5, 7, 0, 2]",316.0016784917155,316.0016784917155,0.0,True,True,0.1561584000000948,274.8125,274.8125,0.0,26.0,,True,"{""finite_edges"": true, ""instance_metadata"": {""complete"": true, ""high"": 100.0, ""instance_type"": ""random_symmetric"", ""low"": 1.0, ""n"": 10, ""seed"": 0, ""symmetric"": true}, ""n_layers"": null, ""normalization_factor"": 94.1096663967816, ""normalize"": true, ""optimum_status"": ""ok"", ""seed"": 0, ""tau"": 26.0, ""valid_route"": true}"
tau_sweep,tau_sweep_random_symmetric_n10_seed0,random_symmetric,10,0,tn_exact,ok,"[9, 6, 4, 8, 1, 3, 5, 7, 0, 2]",316.0016784917155,316.0016784917155,0.0,True,True,0.1783671000002868,274.8125,274.8125,0.0,28.0,,True,"{""finite_edges"": true, ""instance_metadata"": {""complete"": true, ""high"": 100.0, ""instance_type"": ""random_symmetric"", ""low"": 1.0, ""n"": 10, ""seed"": 0, ""symmetric"": true}, ""n_layers"": null, ""normalization_factor"": 94.1096663967816, ""normalize"": true, ""optimum_status"": ""ok"", ""seed"": 0, ""tau"": 28.0, ""valid_route"": true}"
tau_sweep,tau_sweep_random_symmetric_n10_seed0,random_symmetric,10,0,tn_exact,ok,"[9, 2, 0, 7, 5, 3, 1, 8, 4, 6]",316.0016784917155,316.0016784917155,0.0,True,True,0.177093700000114,274.8125,274.8125,0.0,30.0,,True,"{""finite_edges"": true, ""instance_metadata"": {""complete"": true, ""high"": 100.0, ""instance_type"": ""random_symmetric"", ""low"": 1.0, ""n"": 10, ""seed"": 0, ""symmetric"": true}, ""n_layers"": null, ""normalization_factor"": 94.1096663967816, ""normalize"": true, ""optimum_status"": ""ok"", ""seed"": 0, ""tau"": 30.0, ""valid_route"": true}"
tau_sweep,tau_sweep_random_asymmetric_n10_seed0,random_asymmetric,10,0,tn_exact,ok,"[9, 6, 2, 0, 3, 4, 8, 1, 7, 5]",248.57691935115795,246.91846540479636,0.0067166055954655,True,True,0.1522330000002512,274.8125,274.8125,0.0,10.0,,True,"{""finite_edges"": true, ""instance_metadata"": {""complete"": true, ""high"": 100.0, ""instance_type"": ""random_asymmetric"", ""low"": 1.0, ""n"": 10, ""seed"": 0, ""symmetric"": false}, ""n_layers"": null, ""normalization_factor"": 99.7237836431319, ""normalize"": true, ""optimum_status"": ""ok"", ""seed"": 0, ""tau"": 10.0, ""valid_route"": true}"
tau_sweep,tau_sweep_random_asymmetric_n10_seed0,random_asymmetric,10,0,tn_exact,ok,"[9, 6, 2, 0, 3, 4, 8, 1, 7, 5]",248.57691935115795,246.91846540479636,0.0067166055954655,True,True,0.1436968999996679,274.8125,274.8125,0.0,12.0,,True,"{""finite_edges"": true, ""instance_metadata"": {""complete"": true, ""high"": 100.0, ""instance_type"": ""random_asymmetric"", ""low"": 1.0, ""n"": 10, ""seed"": 0, ""symmetric"": false}, ""n_layers"": null, ""normalization_factor"": 99.7237836431319, ""normalize"": true, ""optimum_status"": ""ok"", ""seed"": 0, ""tau"": 12.0, ""valid_route"": true}"
tau_sweep,tau_sweep_random_asymmetric_n10_seed0,random_asymmetric,10,0,tn_exact,ok,"[9, 6, 2, 0, 3, 4, 8, 1, 7, 5]",248.57691935115795,246.91846540479636,0.0067166055954655,True,True,0.1674982999998064,274.8125,274.8125,0.0,14.0,,True,"{""finite_edges"": true, ""instance_metadata"": {""complete"": true, ""high"": 100.0, ""instance_type"": ""random_asymmetric"", ""low"": 1.0, ""n"": 10, ""seed"": 0, ""symmetric"": false}, ""n_layers"": null, ""normalization_factor"": 99.7237836431319, ""normalize"": true, ""optimum_status"": ""ok"", ""seed"": 0, ""tau"": 14.0, ""valid_route"": true}"
tau_sweep,tau_sweep_random_asymmetric_n10_seed0,random_asymmetric,10,0,tn_exact,ok,"[9, 6, 2, 0, 3, 4, 8, 1, 7, 5]",248.57691935115795,246.91846540479636,0.0067166055954655,True,True,0.162964500000271,274.8125,274.65625,-0.15625,16.0,,True,"{""finite_edges"": true, ""instance_metadata"": {""complete"": true, ""high"": 100.0, ""instance_type"": ""random_asymmetric"", ""low"": 1.0, ""n"": 10, ""seed"": 0, ""symmetric"": false}, ""n_layers"": null, ""normalization_factor"": 99.7237836431319, ""normalize"": true, ""optimum_status"": ""ok"", ""seed"": 0, ""tau"": 16.0, ""valid_route"": true}"
tau_sweep,tau_sweep_random_asymmetric_n10_seed0,random_asymmetric,10,0,tn_exact,ok,"[9, 6, 2, 0, 3, 4, 8, 1, 7, 5]",248.57691935115795,246.91846540479636,0.0067166055954655,True,True,0.1337525999997524,274.65625,274.59765625,-0.05859375,18.0,,True,"{""finite_edges"": true, ""instance_metadata"": {""complete"": true, ""high"": 100.0, ""instance_type"": ""random_asymmetric"", ""low"": 1.0, ""n"": 10, ""seed"": 0, ""symmetric"": false}, ""n_layers"": null, ""normalization_factor"": 99.7237836431319, ""normalize"": true, ""optimum_status"": ""ok"", ""seed"": 0, ""tau"": 18.0, ""valid_route"": true}"
tau_sweep,tau_sweep_random_asymmetric_n10_seed0,random_asymmetric,10,0,tn_exact,ok,"[9, 6, 2, 0, 3, 4, 8, 1, 7, 5]",248.57691935115795,246.91846540479636,0.0067166055954655,True,True,0.1490506000000095,274.59765625,274.859375,0.26171875,20.0,,True,"{""finite_edges"": true, ""instance_metadata"": {""complete"": true, ""high"": 100.0, ""instance_type"": ""random_asymmetric"", ""low"": 1.0, ""n"": 10, ""seed"": 0, ""symmetric"": false}, ""n_layers"": null, ""normalization_factor"": 99.7237836431319, ""normalize"": true, ""optimum_status"": ""ok"", ""seed"": 0, ""tau"": 20.0, ""valid_route"": true}"
tau_sweep,tau_sweep_random_asymmetric_n10_seed0,random_asymmetric,10,0,tn_exact,ok,"[9, 6, 2, 0, 3, 4, 8, 1, 7, 5]",248.57691935115795,246.91846540479636,0.0067166055954655,True,True,0.120960599999762,274.859375,274.875,0.015625,22.0,,True,"{""finite_edges"": true, ""instance_metadata"": {""complete"": true, ""high"": 100.0, ""instance_type"": ""random_asymmetric"", ""low"": 1.0, ""n"": 10, ""seed"": 0, ""symmetric"": false}, ""n_layers"": null, ""normalization_factor"": 99.7237836431319, ""normalize"": true, ""optimum_status"": ""ok"", ""seed"": 0, ""tau"": 22.0, ""valid_route"": true}"
tau_sweep,tau_sweep_random_asymmetric_n10_seed0,random_asymmetric,10,0,tn_exact,ok,"[9, 6, 2, 0, 3, 4, 8, 1, 7, 5]",248.57691935115795,246.91846540479636,0.0067166055954655,True,True,0.1473017000002983,274.875,274.8828125,0.0078125,24.0,,True,"{""finite_edges"": true, ""instance_metadata"": {""complete"": true, ""high"": 100.0, ""instance_type"": ""random_asymmetric"", ""low"": 1.0, ""n"": 10, ""seed"": 0, ""symmetric"": false}, ""n_layers"": null, ""normalization_factor"": 99.7237836431319, ""normalize"": true, ""optimum_status"": ""ok"", ""seed"": 0, ""tau"": 24.0, ""valid_route"": true}"
tau_sweep,tau_sweep_random_asymmetric_n10_seed0,random_asymmetric,10,0,tn_exact,ok,"[9, 6, 2, 0, 3, 4, 8, 1, 7, 5]",248.57691935115795,246.91846540479636,0.0067166055954655,True,True,0.1286115999996582,274.8828125,274.8828125,0.0,26.0,,True,"{""finite_edges"": true, ""instance_metadata"": {""complete"": true, ""high"": 100.0, ""instance_type"": ""random_asymmetric"", ""low"": 1.0, ""n"": 10, ""seed"": 0, ""symmetric"": false}, ""n_layers"": null, ""normalization_factor"": 99.7237836431319, ""normalize"": true, ""optimum_status"": ""ok"", ""seed"": 0, ""tau"": 26.0, ""valid_route"": true}"
tau_sweep,tau_sweep_random_asymmetric_n10_seed0,random_asymmetric,10,0,tn_exact,ok,"[9, 6, 2, 0, 3, 4, 8, 1, 7, 5]",248.57691935115795,246.91846540479636,0.0067166055954655,True,True,0.1566655000001446,274.8828125,274.8828125,0.0,28.0,,True,"{""finite_edges"": true, ""instance_metadata"": {""complete"": true, ""high"": 100.0, ""instance_type"": ""random_asymmetric"", ""low"": 1.0, ""n"": 10, ""seed"": 0, ""symmetric"": false}, ""n_layers"": null, ""normalization_factor"": 99.7237836431319, ""normalize"": true, ""optimum_status"": ""ok"", ""seed"": 0, ""tau"": 28.0, ""valid_route"": true}"
tau_sweep,tau_sweep_random_asymmetric_n10_seed0,random_asymmetric,10,0,tn_exact,ok,"[9, 6, 2, 0, 3, 4, 8, 1, 7, 5]",248.57691935115795,246.91846540479636,0.0067166055954655,True,True,0.172435299999961,274.8828125,274.96875,0.0859375,30.0,,True,"{""finite_edges"": true, ""instance_metadata"": {""complete"": true, ""high"": 100.0, ""instance_type"": ""random_asymmetric"", ""low"": 1.0, ""n"": 10, ""seed"": 0, ""symmetric"": false}, ""n_layers"": null, ""normalization_factor"": 99.7237836431319, ""normalize"": true, ""optimum_status"": ""ok"", ""seed"": 0, ""tau"": 30.0, ""valid_route"": true}"
tau_sweep,tau_sweep_euclidean_n10_seed1,euclidean,10,1,tn_exact,ok,"[9, 8, 2, 7, 6, 1, 0, 5, 3, 4]",2833.2721574374555,2833.2721574374555,0.0,True,True,0.165965000000142,274.96875,274.98046875,0.01171875,10.0,,True,"{""finite_edges"": true, ""instance_metadata"": {""complete"": true, ""instance_type"": ""euclidean"", ""n"": 10, ""points"": [[511.82162470025673, 950.4636963259353], [144.15961271963374, 948.6494471372439], [311.83145201048546, 423.32644897257563], [827.7025938204417, 409.1991363691613], [549.5936876730595, 27.559113243068367], [753.5131086748066, 538.1433132192782], [329.73171649909216, 788.4287034284043], [303.19482929164496, 453.4978894806515], [134.04169724716473, 403.11298644712923], [203.45524067614963, 262.3133404418495]], ""scale"": 1000.0, ""seed"": 1, ""symmetric"": true}, ""n_layers"": null, ""normalization_factor"": 1006.3717962694622, ""normalize"": true, ""optimum_status"": ""ok"", ""seed"": 0, ""tau"": 10.0, ""valid_route"": true}"
tau_sweep,tau_sweep_euclidean_n10_seed1,euclidean,10,1,tn_exact,ok,"[9, 8, 2, 7, 6, 1, 0, 5, 3, 4]",2833.2721574374555,2833.2721574374555,0.0,True,True,0.1555183000000397,274.98046875,274.98828125,0.0078125,12.0,,True,"{""finite_edges"": true, ""instance_metadata"": {""complete"": true, ""instance_type"": ""euclidean"", ""n"": 10, ""points"": [[511.82162470025673, 950.4636963259353], [144.15961271963374, 948.6494471372439], [311.83145201048546, 423.32644897257563], [827.7025938204417, 409.1991363691613], [549.5936876730595, 27.559113243068367], [753.5131086748066, 538.1433132192782], [329.73171649909216, 788.4287034284043], [303.19482929164496, 453.4978894806515], [134.04169724716473, 403.11298644712923], [203.45524067614963, 262.3133404418495]], ""scale"": 1000.0, ""seed"": 1, ""symmetric"": true}, ""n_layers"": null, ""normalization_factor"": 1006.3717962694622, ""normalize"": true, ""optimum_status"": ""ok"", ""seed"": 0, ""tau"": 12.0, ""valid_route"": true}"
tau_sweep,tau_sweep_euclidean_n10_seed1,euclidean,10,1,tn_exact,ok,"[9, 8, 2, 7, 6, 1, 0, 5, 3, 4]",2833.2721574374555,2833.2721574374555,0.0,True,True,0.1164467000003242,274.98828125,274.78515625,-0.203125,14.0,,True,"{""finite_edges"": true, ""instance_metadata"": {""complete"": true, ""instance_type"": ""euclidean"", ""n"": 10, ""points"": [[511.82162470025673, 950.4636963259353], [144.15961271963374, 948.6494471372439], [311.83145201048546, 423.32644897257563], [827.7025938204417, 409.1991363691613], [549.5936876730595, 27.559113243068367], [753.5131086748066, 538.1433132192782], [329.73171649909216, 788.4287034284043], [303.19482929164496, 453.4978894806515], [134.04169724716473, 403.11298644712923], [203.45524067614963, 262.3133404418495]], ""scale"": 1000.0, ""seed"": 1, ""symmetric"": true}, ""n_layers"": null, ""normalization_factor"": 1006.3717962694622, ""normalize"": true, ""optimum_status"": ""ok"", ""seed"": 0, ""tau"": 14.0, ""valid_route"": true}"
tau_sweep,tau_sweep_euclidean_n10_seed1,euclidean,10,1,tn_exact,ok,"[9, 8, 2, 7, 6, 1, 0, 5, 3, 4]",2833.2721574374555,2833.2721574374555,0.0,True,True,0.1379446000000825,274.78515625,275.08203125,0.296875,16.0,,True,"{""finite_edges"": true, ""instance_metadata"": {""complete"": true, ""instance_type"": ""euclidean"", ""n"": 10, ""points"": [[511.82162470025673, 950.4636963259353], [144.15961271963374, 948.6494471372439], [311.83145201048546, 423.32644897257563], [827.7025938204417, 409.1991363691613], [549.5936876730595, 27.559113243068367], [753.5131086748066, 538.1433132192782], [329.73171649909216, 788.4287034284043], [303.19482929164496, 453.4978894806515], [134.04169724716473, 403.11298644712923], [203.45524067614963, 262.3133404418495]], ""scale"": 1000.0, ""seed"": 1, ""symmetric"": true}, ""n_layers"": null, ""normalization_factor"": 1006.3717962694622, ""normalize"": true, ""optimum_status"": ""ok"", ""seed"": 0, ""tau"": 16.0, ""valid_route"": true}"
tau_sweep,tau_sweep_euclidean_n10_seed1,euclidean,10,1,tn_exact,ok,"[9, 4, 3, 5, 0, 1, 6, 7, 2, 8]",2833.2721574374555,2833.2721574374555,0.0,True,True,0.2554601000001639,275.08203125,274.66796875,-0.4140625,18.0,,True,"{""finite_edges"": true, ""instance_metadata"": {""complete"": true, ""instance_type"": ""euclidean"", ""n"": 10, ""points"": [[511.82162470025673, 950.4636963259353], [144.15961271963374, 948.6494471372439], [311.83145201048546, 423.32644897257563], [827.7025938204417, 409.1991363691613], [549.5936876730595, 27.559113243068367], [753.5131086748066, 538.1433132192782], [329.73171649909216, 788.4287034284043], [303.19482929164496, 453.4978894806515], [134.04169724716473, 403.11298644712923], [203.45524067614963, 262.3133404418495]], ""scale"": 1000.0, ""seed"": 1, ""symmetric"": true}, ""n_layers"": null, ""normalization_factor"": 1006.3717962694622, ""normalize"": true, ""optimum_status"": ""ok"", ""seed"": 0, ""tau"": 18.0, ""valid_route"": true}"
tau_sweep,tau_sweep_euclidean_n10_seed1,euclidean,10,1,tn_exact,ok,"[9, 4, 3, 5, 0, 1, 6, 7, 2, 8]",2833.2721574374555,2833.2721574374555,0.0,True,True,0.1404284999998708,274.66796875,274.9375,0.26953125,20.0,,True,"{""finite_edges"": true, ""instance_metadata"": {""complete"": true, ""instance_type"": ""euclidean"", ""n"": 10, ""points"": [[511.82162470025673, 950.4636963259353], [144.15961271963374, 948.6494471372439], [311.83145201048546, 423.32644897257563], [827.7025938204417, 409.1991363691613], [549.5936876730595, 27.559113243068367], [753.5131086748066, 538.1433132192782], [329.73171649909216, 788.4287034284043], [303.19482929164496, 453.4978894806515], [134.04169724716473, 403.11298644712923], [203.45524067614963, 262.3133404418495]], ""scale"": 1000.0, ""seed"": 1, ""symmetric"": true}, ""n_layers"": null, ""normalization_factor"": 1006.3717962694622, ""normalize"": true, ""optimum_status"": ""ok"", ""seed"": 0, ""tau"": 20.0, ""valid_route"": true}"
tau_sweep,tau_sweep_euclidean_n10_seed1,euclidean,10,1,tn_exact,ok,"[9, 4, 3, 5, 0, 1, 6, 7, 2, 8]",2833.2721574374555,2833.2721574374555,0.0,True,True,0.1507250999998177,274.9375,274.9375,0.0,22.0,,True,"{""finite_edges"": true, ""instance_metadata"": {""complete"": true, ""instance_type"": ""euclidean"", ""n"": 10, ""points"": [[511.82162470025673, 950.4636963259353], [144.15961271963374, 948.6494471372439], [311.83145201048546, 423.32644897257563], [827.7025938204417, 409.1991363691613], [549.5936876730595, 27.559113243068367], [753.5131086748066, 538.1433132192782], [329.73171649909216, 788.4287034284043], [303.19482929164496, 453.4978894806515], [134.04169724716473, 403.11298644712923], [203.45524067614963, 262.3133404418495]], ""scale"": 1000.0, ""seed"": 1, ""symmetric"": true}, ""n_layers"": null, ""normalization_factor"": 1006.3717962694622, ""normalize"": true, ""optimum_status"": ""ok"", ""seed"": 0, ""tau"": 22.0, ""valid_route"": true}"
tau_sweep,tau_sweep_euclidean_n10_seed1,euclidean,10,1,tn_exact,ok,"[9, 4, 3, 5, 0, 1, 6, 7, 2, 8]",2833.2721574374555,2833.2721574374555,0.0,True,True,0.1517786999997952,274.9375,274.9375,0.0,24.0,,True,"{""finite_edges"": true, ""instance_metadata"": {""complete"": true, ""instance_type"": ""euclidean"", ""n"": 10, ""points"": [[511.82162470025673, 950.4636963259353], [144.15961271963374, 948.6494471372439], [311.83145201048546, 423.32644897257563], [827.7025938204417, 409.1991363691613], [549.5936876730595, 27.559113243068367], [753.5131086748066, 538.1433132192782], [329.73171649909216, 788.4287034284043], [303.19482929164496, 453.4978894806515], [134.04169724716473, 403.11298644712923], [203.45524067614963, 262.3133404418495]], ""scale"": 1000.0, ""seed"": 1, ""symmetric"": true}, ""n_layers"": null, ""normalization_factor"": 1006.3717962694622, ""normalize"": true, ""optimum_status"": ""ok"", ""seed"": 0, ""tau"": 24.0, ""valid_route"": true}"
tau_sweep,tau_sweep_euclidean_n10_seed1,euclidean,10,1,tn_exact,ok,"[9, 4, 3, 5, 0, 1, 6, 7, 2, 8]",2833.2721574374555,2833.2721574374555,0.0,True,True,0.1350420999997368,274.9375,274.60546875,-0.33203125,26.0,,True,"{""finite_edges"": true, ""instance_metadata"": {""complete"": true, ""instance_type"": ""euclidean"", ""n"": 10, ""points"": [[511.82162470025673, 950.4636963259353], [144.15961271963374, 948.6494471372439], [311.83145201048546, 423.32644897257563], [827.7025938204417, 409.1991363691613], [549.5936876730595, 27.559113243068367], [753.5131086748066, 538.1433132192782], [329.73171649909216, 788.4287034284043], [303.19482929164496, 453.4978894806515], [134.04169724716473, 403.11298644712923], [203.45524067614963, 262.3133404418495]], ""scale"": 1000.0, ""seed"": 1, ""symmetric"": true}, ""n_layers"": null, ""normalization_factor"": 1006.3717962694622, ""normalize"": true, ""optimum_status"": ""ok"", ""seed"": 0, ""tau"": 26.0, ""valid_route"": true}"
tau_sweep,tau_sweep_euclidean_n10_seed1,euclidean,10,1,tn_exact,ok,"[9, 4, 3, 5, 0, 1, 6, 7, 2, 8]",2833.2721574374555,2833.2721574374555,0.0,True,True,0.1402060000000347,274.60546875,274.72265625,0.1171875,28.0,,True,"{""finite_edges"": true, ""instance_metadata"": {""complete"": true, ""instance_type"": ""euclidean"", ""n"": 10, ""points"": [[511.82162470025673, 950.4636963259353], [144.15961271963374, 948.6494471372439], [311.83145201048546, 423.32644897257563], [827.7025938204417, 409.1991363691613], [549.5936876730595, 27.559113243068367], [753.5131086748066, 538.1433132192782], [329.73171649909216, 788.4287034284043], [303.19482929164496, 453.4978894806515], [134.04169724716473, 403.11298644712923], [203.45524067614963, 262.3133404418495]], ""scale"": 1000.0, ""seed"": 1, ""symmetric"": true}, ""n_layers"": null, ""normalization_factor"": 1006.3717962694622, ""normalize"": true, ""optimum_status"": ""ok"", ""seed"": 0, ""tau"": 28.0, ""valid_route"": true}"
tau_sweep,tau_sweep_euclidean_n10_seed1,euclidean,10,1,tn_exact,ok,"[9, 4, 3, 5, 0, 1, 6, 7, 2, 8]",2833.2721574374555,2833.2721574374555,0.0,True,True,0.1672260000000278,274.72265625,274.97265625,0.25,30.0,,True,"{""finite_edges"": true, ""instance_metadata"": {""complete"": true, ""instance_type"": ""euclidean"", ""n"": 10, ""points"": [[511.82162470025673, 950.4636963259353], [144.15961271963374, 948.6494471372439], [311.83145201048546, 423.32644897257563], [827.7025938204417, 409.1991363691613], [549.5936876730595, 27.559113243068367], [753.5131086748066, 538.1433132192782], [329.73171649909216, 788.4287034284043], [303.19482929164496, 453.4978894806515], [134.04169724716473, 403.11298644712923], [203.45524067614963, 262.3133404418495]], ""scale"": 1000.0, ""seed"": 1, ""symmetric"": true}, ""n_layers"": null, ""normalization_factor"": 1006.3717962694622, ""normalize"": true, ""optimum_status"": ""ok"", ""seed"": 0, ""tau"": 30.0, ""valid_route"": true}"
tau_sweep,tau_sweep_random_symmetric_n10_seed1,random_symmetric,10,1,tn_exact,ok,"[9, 3, 6, 1, 2, 0, 7, 5, 4, 8]",321.6595227649204,321.6595227649203,1.767192165560449e-16,True,True,0.1302086000000599,275.00390625,275.01953125,0.015625,10.0,,True,"{""finite_edges"": true, ""instance_metadata"": {""complete"": true, ""high"": 100.0, ""instance_type"": ""random_symmetric"", ""low"": 1.0, ""n"": 10, ""seed"": 1, ""symmetric"": true}, ""n_layers"": null, ""normalization_factor"": 86.12326236330892, ""normalize"": true, ""optimum_status"": ""ok"", ""seed"": 0, ""tau"": 10.0, ""valid_route"": true}"
tau_sweep,tau_sweep_random_symmetric_n10_seed1,random_symmetric,10,1,tn_exact,ok,"[9, 3, 6, 1, 2, 0, 7, 5, 4, 8]",321.6595227649204,321.6595227649203,1.767192165560449e-16,True,True,0.1451815999998871,275.01953125,275.03125,0.01171875,12.0,,True,"{""finite_edges"": true, ""instance_metadata"": {""complete"": true, ""high"": 100.0, ""instance_type"": ""random_symmetric"", ""low"": 1.0, ""n"": 10, ""seed"": 1, ""symmetric"": true}, ""n_layers"": null, ""normalization_factor"": 86.12326236330892, ""normalize"": true, ""optimum_status"": ""ok"", ""seed"": 0, ""tau"": 12.0, ""valid_route"": true}"
tau_sweep,tau_sweep_random_symmetric_n10_seed1,random_symmetric,10,1,tn_exact,ok,"[9, 3, 6, 1, 2, 0, 7, 5, 4, 8]",321.6595227649204,321.6595227649203,1.767192165560449e-16,True,True,0.1471375999999509,275.03125,275.04296875,0.01171875,14.0,,True,"{""finite_edges"": true, ""instance_metadata"": {""complete"": true, ""high"": 100.0, ""instance_type"": ""random_symmetric"", ""low"": 1.0, ""n"": 10, ""seed"": 1, ""symmetric"": true}, ""n_layers"": null, ""normalization_factor"": 86.12326236330892, ""normalize"": true, ""optimum_status"": ""ok"", ""seed"": 0, ""tau"": 14.0, ""valid_route"": true}"
tau_sweep,tau_sweep_random_symmetric_n10_seed1,random_symmetric,10,1,tn_exact,ok,"[9, 3, 6, 1, 2, 0, 7, 5, 4, 8]",321.6595227649204,321.6595227649203,1.767192165560449e-16,True,True,0.1407259000002341,275.04296875,275.0546875,0.01171875,16.0,,True,"{""finite_edges"": true, ""instance_metadata"": {""complete"": true, ""high"": 100.0, ""instance_type"": ""random_symmetric"", ""low"": 1.0, ""n"": 10, ""seed"": 1, ""symmetric"": true}, ""n_layers"": null, ""normalization_factor"": 86.12326236330892, ""normalize"": true, ""optimum_status"": ""ok"", ""seed"": 0, ""tau"": 16.0, ""valid_route"": true}"
tau_sweep,tau_sweep_random_symmetric_n10_seed1,random_symmetric,10,1,tn_exact,ok,"[9, 3, 6, 1, 2, 0, 7, 5, 4, 8]",321.6595227649204,321.6595227649203,1.767192165560449e-16,True,True,0.1536568000001352,275.0546875,275.0625,0.0078125,18.0,,True,"{""finite_edges"": true, ""instance_metadata"": {""complete"": true, ""high"": 100.0, ""instance_type"": ""random_symmetric"", ""low"": 1.0, ""n"": 10, ""seed"": 1, ""symmetric"": true}, ""n_layers"": null, ""normalization_factor"": 86.12326236330892, ""normalize"": true, ""optimum_status"": ""ok"", ""seed"": 0, ""tau"": 18.0, ""valid_route"": true}"
tau_sweep,tau_sweep_random_symmetric_n10_seed1,random_symmetric,10,1,tn_exact,ok,"[9, 3, 6, 1, 2, 0, 7, 5, 4, 8]",321.6595227649204,321.6595227649203,1.767192165560449e-16,True,True,0.1510867000001781,275.0625,275.0703125,0.0078125,20.0,,True,"{""finite_edges"": true, ""instance_metadata"": {""complete"": true, ""high"": 100.0, ""instance_type"": ""random_symmetric"", ""low"": 1.0, ""n"": 10, ""seed"": 1, ""symmetric"": true}, ""n_layers"": null, ""normalization_factor"": 86.12326236330892, ""normalize"": true, ""optimum_status"": ""ok"", ""seed"": 0, ""tau"": 20.0, ""valid_route"": true}"
tau_sweep,tau_sweep_random_symmetric_n10_seed1,random_symmetric,10,1,tn_exact,ok,"[9, 3, 6, 1, 2, 0, 7, 5, 4, 8]",321.6595227649204,321.6595227649203,1.767192165560449e-16,True,True,0.1578471000002537,275.0703125,275.08203125,0.01171875,22.0,,True,"{""finite_edges"": true, ""instance_metadata"": {""complete"": true, ""high"": 100.0, ""instance_type"": ""random_symmetric"", ""low"": 1.0, ""n"": 10, ""seed"": 1, ""symmetric"": true}, ""n_layers"": null, ""normalization_factor"": 86.12326236330892, ""normalize"": true, ""optimum_status"": ""ok"", ""seed"": 0, ""tau"": 22.0, ""valid_route"": true}"
tau_sweep,tau_sweep_random_symmetric_n10_seed1,random_symmetric,10,1,tn_exact,ok,"[9, 3, 6, 1, 2, 0, 7, 5, 4, 8]",321.6595227649204,321.6595227649203,1.767192165560449e-16,True,True,0.170834399999876,275.08203125,275.23046875,0.1484375,24.0,,True,"{""finite_edges"": true, ""instance_metadata"": {""complete"": true, ""high"": 100.0, ""instance_type"": ""random_symmetric"", ""low"": 1.0, ""n"": 10, ""seed"": 1, ""symmetric"": true}, ""n_layers"": null, ""normalization_factor"": 86.12326236330892, ""normalize"": true, ""optimum_status"": ""ok"", ""seed"": 0, ""tau"": 24.0, ""valid_route"": true}"
tau_sweep,tau_sweep_random_symmetric_n10_seed1,random_symmetric,10,1,tn_exact,ok,"[9, 3, 6, 1, 2, 0, 7, 5, 4, 8]",321.6595227649204,321.6595227649203,1.767192165560449e-16,True,True,0.1711629999999786,275.23046875,275.23046875,0.0,26.0,,True,"{""finite_edges"": true, ""instance_metadata"": {""complete"": true, ""high"": 100.0, ""instance_type"": ""random_symmetric"", ""low"": 1.0, ""n"": 10, ""seed"": 1, ""symmetric"": true}, ""n_layers"": null, ""normalization_factor"": 86.12326236330892, ""normalize"": true, ""optimum_status"": ""ok"", ""seed"": 0, ""tau"": 26.0, ""valid_route"": true}"
tau_sweep,tau_sweep_random_symmetric_n10_seed1,random_symmetric,10,1,tn_exact,ok,"[9, 0, 7, 5, 4, 8, 2, 1, 6, 3]",324.4502552676712,321.6595227649203,0.0086760450266241,True,True,0.1403779000002032,275.23046875,275.234375,0.00390625,28.0,,True,"{""finite_edges"": true, ""instance_metadata"": {""complete"": true, ""high"": 100.0, ""instance_type"": ""random_symmetric"", ""low"": 1.0, ""n"": 10, ""seed"": 1, ""symmetric"": true}, ""n_layers"": null, ""normalization_factor"": 86.12326236330892, ""normalize"": true, ""optimum_status"": ""ok"", ""seed"": 0, ""tau"": 28.0, ""valid_route"": true}"
tau_sweep,tau_sweep_random_symmetric_n10_seed1,random_symmetric,10,1,tn_exact,ok,"[9, 0, 7, 5, 4, 8, 2, 1, 6, 3]",324.4502552676712,321.6595227649203,0.0086760450266241,True,True,0.1811701000001448,275.234375,275.234375,0.0,30.0,,True,"{""finite_edges"": true, ""instance_metadata"": {""complete"": true, ""high"": 100.0, ""instance_type"": ""random_symmetric"", ""low"": 1.0, ""n"": 10, ""seed"": 1, ""symmetric"": true}, ""n_layers"": null, ""normalization_factor"": 86.12326236330892, ""normalize"": true, ""optimum_status"": ""ok"", ""seed"": 0, ""tau"": 30.0, ""valid_route"": true}"
tau_sweep,tau_sweep_random_asymmetric_n10_seed1,random_asymmetric,10,1,tn_exact,ok,"[9, 3, 6, 1, 4, 8, 5, 2, 7, 0]",130.08061398049472,130.08061398049472,0.0,True,True,0.2182947000001149,275.234375,274.83984375,-0.39453125,10.0,,True,"{""finite_edges"": true, ""instance_metadata"": {""complete"": true, ""high"": 100.0, ""instance_type"": ""random_asymmetric"", ""low"": 1.0, ""n"": 10, ""seed"": 1, ""symmetric"": false}, ""n_layers"": null, ""normalization_factor"": 98.09298278032263, ""normalize"": true, ""optimum_status"": ""ok"", ""seed"": 0, ""tau"": 10.0, ""valid_route"": true}"
tau_sweep,tau_sweep_random_asymmetric_n10_seed1,random_asymmetric,10,1,tn_exact,ok,"[9, 3, 6, 1, 4, 8, 5, 2, 7, 0]",130.08061398049472,130.08061398049472,0.0,True,True,0.1279294999999365,274.83984375,275.06640625,0.2265625,12.0,,True,"{""finite_edges"": true, ""instance_metadata"": {""complete"": true, ""high"": 100.0, ""instance_type"": ""random_asymmetric"", ""low"": 1.0, ""n"": 10, ""seed"": 1, ""symmetric"": false}, ""n_layers"": null, ""normalization_factor"": 98.09298278032263, ""normalize"": true, ""optimum_status"": ""ok"", ""seed"": 0, ""tau"": 12.0, ""valid_route"": true}"
tau_sweep,tau_sweep_random_asymmetric_n10_seed1,random_asymmetric,10,1,tn_exact,ok,"[9, 3, 6, 1, 4, 8, 5, 2, 7, 0]",130.08061398049472,130.08061398049472,0.0,True,True,0.1337068000002546,275.06640625,275.06640625,0.0,14.0,,True,"{""finite_edges"": true, ""instance_metadata"": {""complete"": true, ""high"": 100.0, ""instance_type"": ""random_asymmetric"", ""low"": 1.0, ""n"": 10, ""seed"": 1, ""symmetric"": false}, ""n_layers"": null, ""normalization_factor"": 98.09298278032263, ""normalize"": true, ""optimum_status"": ""ok"", ""seed"": 0, ""tau"": 14.0, ""valid_route"": true}"
tau_sweep,tau_sweep_random_asymmetric_n10_seed1,random_asymmetric,10,1,tn_exact,ok,"[9, 3, 6, 1, 4, 8, 5, 2, 7, 0]",130.08061398049472,130.08061398049472,0.0,True,True,0.1514150999996673,275.06640625,274.72265625,-0.34375,16.0,,True,"{""finite_edges"": true, ""instance_metadata"": {""complete"": true, ""high"": 100.0, ""instance_type"": ""random_asymmetric"", ""low"": 1.0, ""n"": 10, ""seed"": 1, ""symmetric"": false}, ""n_layers"": null, ""normalization_factor"": 98.09298278032263, ""normalize"": true, ""optimum_status"": ""ok"", ""seed"": 0, ""tau"": 16.0, ""valid_route"": true}"
tau_sweep,tau_sweep_random_asymmetric_n10_seed1,random_asymmetric,10,1,tn_exact,ok,"[9, 3, 6, 1, 4, 8, 5, 2, 7, 0]",130.08061398049472,130.08061398049472,0.0,True,True,0.1270711000001938,274.72265625,274.79296875,0.0703125,18.0,,True,"{""finite_edges"": true, ""instance_metadata"": {""complete"": true, ""high"": 100.0, ""instance_type"": ""random_asymmetric"", ""low"": 1.0, ""n"": 10, ""seed"": 1, ""symmetric"": false}, ""n_layers"": null, ""normalization_factor"": 98.09298278032263, ""normalize"": true, ""optimum_status"": ""ok"", ""seed"": 0, ""tau"": 18.0, ""valid_route"": true}"
tau_sweep,tau_sweep_random_asymmetric_n10_seed1,random_asymmetric,10,1,tn_exact,ok,"[9, 3, 6, 1, 4, 8, 5, 2, 7, 0]",130.08061398049472,130.08061398049472,0.0,True,True,0.1628178000000844,274.79296875,274.73828125,-0.0546875,20.0,,True,"{""finite_edges"": true, ""instance_metadata"": {""complete"": true, ""high"": 100.0, ""instance_type"": ""random_asymmetric"", ""low"": 1.0, ""n"": 10, ""seed"": 1, ""symmetric"": false}, ""n_layers"": null, ""normalization_factor"": 98.09298278032263, ""normalize"": true, ""optimum_status"": ""ok"", ""seed"": 0, ""tau"": 20.0, ""valid_route"": true}"
tau_sweep,tau_sweep_random_asymmetric_n10_seed1,random_asymmetric,10,1,tn_exact,ok,"[9, 3, 6, 1, 4, 8, 5, 2, 7, 0]",130.08061398049472,130.08061398049472,0.0,True,True,0.172344399999929,274.73828125,274.99609375,0.2578125,22.0,,True,"{""finite_edges"": true, ""instance_metadata"": {""complete"": true, ""high"": 100.0, ""instance_type"": ""random_asymmetric"", ""low"": 1.0, ""n"": 10, ""seed"": 1, ""symmetric"": false}, ""n_layers"": null, ""normalization_factor"": 98.09298278032263, ""normalize"": true, ""optimum_status"": ""ok"", ""seed"": 0, ""tau"": 22.0, ""valid_route"": true}"
tau_sweep,tau_sweep_random_asymmetric_n10_seed1,random_asymmetric,10,1,tn_exact,ok,"[9, 3, 6, 1, 4, 8, 5, 2, 7, 0]",130.08061398049472,130.08061398049472,0.0,True,True,0.1235705999997662,274.99609375,275.00390625,0.0078125,24.0,,True,"{""finite_edges"": true, ""instance_metadata"": {""complete"": true, ""high"": 100.0, ""instance_type"": ""random_asymmetric"", ""low"": 1.0, ""n"": 10, ""seed"": 1, ""symmetric"": false}, ""n_layers"": null, ""normalization_factor"": 98.09298278032263, ""normalize"": true, ""optimum_status"": ""ok"", ""seed"": 0, ""tau"": 24.0, ""valid_route"": true}"
tau_sweep,tau_sweep_random_asymmetric_n10_seed1,random_asymmetric,10,1,tn_exact,ok,"[9, 3, 6, 1, 4, 8, 5, 2, 7, 0]",130.08061398049472,130.08061398049472,0.0,True,True,0.1553343999999015,275.00390625,275.00390625,0.0,26.0,,True,"{""finite_edges"": true, ""instance_metadata"": {""complete"": true, ""high"": 100.0, ""instance_type"": ""random_asymmetric"", ""low"": 1.0, ""n"": 10, ""seed"": 1, ""symmetric"": false}, ""n_layers"": null, ""normalization_factor"": 98.09298278032263, ""normalize"": true, ""optimum_status"": ""ok"", ""seed"": 0, ""tau"": 26.0, ""valid_route"": true}"
tau_sweep,tau_sweep_random_asymmetric_n10_seed1,random_asymmetric,10,1,tn_exact,ok,"[9, 3, 6, 1, 4, 8, 5, 2, 7, 0]",130.08061398049472,130.08061398049472,0.0,True,True,0.1272801000000072,275.00390625,275.0078125,0.00390625,28.0,,True,"{""finite_edges"": true, ""instance_metadata"": {""complete"": true, ""high"": 100.0, ""instance_type"": ""random_asymmetric"", ""low"": 1.0, ""n"": 10, ""seed"": 1, ""symmetric"": false}, ""n_layers"": null, ""normalization_factor"": 98.09298278032263, ""normalize"": true, ""optimum_status"": ""ok"", ""seed"": 0, ""tau"": 28.0, ""valid_route"": true}"
tau_sweep,tau_sweep_random_asymmetric_n10_seed1,random_asymmetric,10,1,tn_exact,ok,"[9, 3, 6, 1, 4, 8, 5, 2, 7, 0]",130.08061398049472,130.08061398049472,0.0,True,True,0.1466337000001658,275.0078125,275.01953125,0.01171875,30.0,,True,"{""finite_edges"": true, ""instance_metadata"": {""complete"": true, ""high"": 100.0, ""instance_type"": ""random_asymmetric"", ""low"": 1.0, ""n"": 10, ""seed"": 1, ""symmetric"": false}, ""n_layers"": null, ""normalization_factor"": 98.09298278032263, ""normalize"": true, ""optimum_status"": ""ok"", ""seed"": 0, ""tau"": 30.0, ""valid_route"": true}"
tau_sweep,tau_sweep_euclidean_n10_seed2,euclidean,10,2,tn_exact,ok,"[9, 3, 0, 4, 7, 6, 2, 8, 1, 5]",2635.180812604283,2635.180812604283,0.0,True,True,0.152498899999955,275.01953125,275.02734375,0.0078125,10.0,,True,"{""finite_edges"": true, ""instance_metadata"": {""complete"": true, ""instance_type"": ""euclidean"", ""n"": 10, ""points"": [[261.6121342493164, 298.4911434141233], [814.2257405942803, 91.91594213509691], [600.100525965654, 728.5605268117946], [187.90107336660344, 55.14662733306819], [274.9693679060381, 657.4330148755926], [562.265662780428, 150.06226330533613], [432.6307908047872, 669.2972985745203], [422.7846732701278, 633.1843992741165], [967.4359524936766, 683.0648223096252], [391.6248330800262, 187.25256972009808]], ""scale"": 1000.0, ""seed"": 2, ""symmetric"": true}, ""n_layers"": null, ""normalization_factor"": 1000.9774659592883, ""normalize"": true, ""optimum_status"": ""ok"", ""seed"": 0, ""tau"": 10.0, ""valid_route"": true}"
tau_sweep,tau_sweep_euclidean_n10_seed2,euclidean,10,2,tn_exact,ok,"[9, 3, 0, 4, 7, 6, 2, 8, 1, 5]",2635.180812604283,2635.180812604283,0.0,True,True,0.1273198999997475,275.02734375,275.02734375,0.0,12.0,,True,"{""finite_edges"": true, ""instance_metadata"": {""complete"": true, ""instance_type"": ""euclidean"", ""n"": 10, ""points"": [[261.6121342493164, 298.4911434141233], [814.2257405942803, 91.91594213509691], [600.100525965654, 728.5605268117946], [187.90107336660344, 55.14662733306819], [274.9693679060381, 657.4330148755926], [562.265662780428, 150.06226330533613], [432.6307908047872, 669.2972985745203], [422.7846732701278, 633.1843992741165], [967.4359524936766, 683.0648223096252], [391.6248330800262, 187.25256972009808]], ""scale"": 1000.0, ""seed"": 2, ""symmetric"": true}, ""n_layers"": null, ""normalization_factor"": 1000.9774659592883, ""normalize"": true, ""optimum_status"": ""ok"", ""seed"": 0, ""tau"": 12.0, ""valid_route"": true}"
tau_sweep,tau_sweep_euclidean_n10_seed2,euclidean,10,2,tn_exact,ok,"[9, 3, 0, 4, 7, 6, 2, 8, 1, 5]",2635.180812604283,2635.180812604283,0.0,True,True,0.1238910999995823,275.02734375,275.03515625,0.0078125,14.0,,True,"{""finite_edges"": true, ""instance_metadata"": {""complete"": true, ""instance_type"": ""euclidean"", ""n"": 10, ""points"": [[261.6121342493164, 298.4911434141233], [814.2257405942803, 91.91594213509691], [600.100525965654, 728.5605268117946], [187.90107336660344, 55.14662733306819], [274.9693679060381, 657.4330148755926], [562.265662780428, 150.06226330533613], [432.6307908047872, 669.2972985745203], [422.7846732701278, 633.1843992741165], [967.4359524936766, 683.0648223096252], [391.6248330800262, 187.25256972009808]], ""scale"": 1000.0, ""seed"": 2, ""symmetric"": true}, ""n_layers"": null, ""normalization_factor"": 1000.9774659592883, ""normalize"": true, ""optimum_status"": ""ok"", ""seed"": 0, ""tau"": 14.0, ""valid_route"": true}"
tau_sweep,tau_sweep_euclidean_n10_seed2,euclidean,10,2,tn_exact,ok,"[9, 3, 0, 4, 7, 6, 2, 8, 1, 5]",2635.180812604283,2635.180812604283,0.0,True,True,0.1613428999999087,275.03515625,274.8046875,-0.23046875,16.0,,True,"{""finite_edges"": true, ""instance_metadata"": {""complete"": true, ""instance_type"": ""euclidean"", ""n"": 10, ""points"": [[261.6121342493164, 298.4911434141233], [814.2257405942803, 91.91594213509691], [600.100525965654, 728.5605268117946], [187.90107336660344, 55.14662733306819], [274.9693679060381, 657.4330148755926], [562.265662780428, 150.06226330533613], [432.6307908047872, 669.2972985745203], [422.7846732701278, 633.1843992741165], [967.4359524936766, 683.0648223096252], [391.6248330800262, 187.25256972009808]], ""scale"": 1000.0, ""seed"": 2, ""symmetric"": true}, ""n_layers"": null, ""normalization_factor"": 1000.9774659592883, ""normalize"": true, ""optimum_status"": ""ok"", ""seed"": 0, ""tau"": 16.0, ""valid_route"": true}"
tau_sweep,tau_sweep_euclidean_n10_seed2,euclidean,10,2,tn_exact,ok,"[9, 3, 0, 4, 7, 6, 2, 8, 1, 5]",2635.180812604283,2635.180812604283,0.0,True,True,0.1475234999998065,274.8046875,275.0625,0.2578125,18.0,,True,"{""finite_edges"": true, ""instance_metadata"": {""complete"": true, ""instance_type"": ""euclidean"", ""n"": 10, ""points"": [[261.6121342493164, 298.4911434141233], [814.2257405942803, 91.91594213509691], [600.100525965654, 728.5605268117946], [187.90107336660344, 55.14662733306819], [274.9693679060381, 657.4330148755926], [562.265662780428, 150.06226330533613], [432.6307908047872, 669.2972985745203], [422.7846732701278, 633.1843992741165], [967.4359524936766, 683.0648223096252], [391.6248330800262, 187.25256972009808]], ""scale"": 1000.0, ""seed"": 2, ""symmetric"": true}, ""n_layers"": null, ""normalization_factor"": 1000.9774659592883, ""normalize"": true, ""optimum_status"": ""ok"", ""seed"": 0, ""tau"": 18.0, ""valid_route"": true}"
tau_sweep,tau_sweep_euclidean_n10_seed2,euclidean,10,2,tn_exact,ok,"[9, 3, 0, 4, 7, 6, 2, 8, 1, 5]",2635.180812604283,2635.180812604283,0.0,True,True,0.1100242000002253,275.0625,275.07421875,0.01171875,20.0,,True,"{""finite_edges"": true, ""instance_metadata"": {""complete"": true, ""instance_type"": ""euclidean"", ""n"": 10, ""points"": [[261.6121342493164, 298.4911434141233], [814.2257405942803, 91.91594213509691], [600.100525965654, 728.5605268117946], [187.90107336660344, 55.14662733306819], [274.9693679060381, 657.4330148755926], [562.265662780428, 150.06226330533613], [432.6307908047872, 669.2972985745203], [422.7846732701278, 633.1843992741165], [967.4359524936766, 683.0648223096252], [391.6248330800262, 187.25256972009808]], ""scale"": 1000.0, ""seed"": 2, ""symmetric"": true}, ""n_layers"": null, ""normalization_factor"": 1000.9774659592883, ""normalize"": true, ""optimum_status"": ""ok"", ""seed"": 0, ""tau"": 20.0, ""valid_route"": true}"
tau_sweep,tau_sweep_euclidean_n10_seed2,euclidean,10,2,tn_exact,ok,"[9, 3, 0, 4, 7, 6, 2, 8, 1, 5]",2635.180812604283,2635.180812604283,0.0,True,True,0.12139389999993,275.07421875,275.0859375,0.01171875,22.0,,True,"{""finite_edges"": true, ""instance_metadata"": {""complete"": true, ""instance_type"": ""euclidean"", ""n"": 10, ""points"": [[261.6121342493164, 298.4911434141233], [814.2257405942803, 91.91594213509691], [600.100525965654, 728.5605268117946], [187.90107336660344, 55.14662733306819], [274.9693679060381, 657.4330148755926], [562.265662780428, 150.06226330533613], [432.6307908047872, 669.2972985745203], [422.7846732701278, 633.1843992741165], [967.4359524936766, 683.0648223096252], [391.6248330800262, 187.25256972009808]], ""scale"": 1000.0, ""seed"": 2, ""symmetric"": true}, ""n_layers"": null, ""normalization_factor"": 1000.9774659592883, ""normalize"": true, ""optimum_status"": ""ok"", ""seed"": 0, ""tau"": 22.0, ""valid_route"": true}"
tau_sweep,tau_sweep_euclidean_n10_seed2,euclidean,10,2,tn_exact,ok,"[9, 3, 0, 4, 7, 6, 2, 8, 1, 5]",2635.180812604283,2635.180812604283,0.0,True,True,0.1771002999998927,275.0859375,274.8515625,-0.234375,24.0,,True,"{""finite_edges"": true, ""instance_metadata"": {""complete"": true, ""instance_type"": ""euclidean"", ""n"": 10, ""points"": [[261.6121342493164, 298.4911434141233], [814.2257405942803, 91.91594213509691], [600.100525965654, 728.5605268117946], [187.90107336660344, 55.14662733306819], [274.9693679060381, 657.4330148755926], [562.265662780428, 150.06226330533613], [432.6307908047872, 669.2972985745203], [422.7846732701278, 633.1843992741165], [967.4359524936766, 683.0648223096252], [391.6248330800262, 187.25256972009808]], ""scale"": 1000.0, ""seed"": 2, ""symmetric"": true}, ""n_layers"": null, ""normalization_factor"": 1000.9774659592883, ""normalize"": true, ""optimum_status"": ""ok"", ""seed"": 0, ""tau"": 24.0, ""valid_route"": true}"
tau_sweep,tau_sweep_euclidean_n10_seed2,euclidean,10,2,tn_exact,ok,"[9, 3, 0, 4, 7, 6, 2, 8, 1, 5]",2635.180812604283,2635.180812604283,0.0,True,True,0.1707178999999996,274.8515625,275.12109375,0.26953125,26.0,,True,"{""finite_edges"": true, ""instance_metadata"": {""complete"": true, ""instance_type"": ""euclidean"", ""n"": 10, ""points"": [[261.6121342493164, 298.4911434141233], [814.2257405942803, 91.91594213509691], [600.100525965654, 728.5605268117946], [187.90107336660344, 55.14662733306819], [274.9693679060381, 657.4330148755926], [562.265662780428, 150.06226330533613], [432.6307908047872, 669.2972985745203], [422.7846732701278, 633.1843992741165], [967.4359524936766, 683.0648223096252], [391.6248330800262, 187.25256972009808]], ""scale"": 1000.0, ""seed"": 2, ""symmetric"": true}, ""n_layers"": null, ""normalization_factor"": 1000.9774659592883, ""normalize"": true, ""optimum_status"": ""ok"", ""seed"": 0, ""tau"": 26.0, ""valid_route"": true}"
tau_sweep,tau_sweep_euclidean_n10_seed2,euclidean,10,2,tn_exact,ok,"[9, 3, 0, 4, 7, 6, 2, 8, 1, 5]",2635.180812604283,2635.180812604283,0.0,True,True,0.1303855999999541,275.12109375,275.12109375,0.0,28.0,,True,"{""finite_edges"": true, ""instance_metadata"": {""complete"": true, ""instance_type"": ""euclidean"", ""n"": 10, ""points"": [[261.6121342493164, 298.4911434141233], [814.2257405942803, 91.91594213509691], [600.100525965654, 728.5605268117946], [187.90107336660344, 55.14662733306819], [274.9693679060381, 657.4330148755926], [562.265662780428, 150.06226330533613], [432.6307908047872, 669.2972985745203], [422.7846732701278, 633.1843992741165], [967.4359524936766, 683.0648223096252], [391.6248330800262, 187.25256972009808]], ""scale"": 1000.0, ""seed"": 2, ""symmetric"": true}, ""n_layers"": null, ""normalization_factor"": 1000.9774659592883, ""normalize"": true, ""optimum_status"": ""ok"", ""seed"": 0, ""tau"": 28.0, ""valid_route"": true}"
tau_sweep,tau_sweep_euclidean_n10_seed2,euclidean,10,2,tn_exact,ok,"[9, 3, 0, 4, 7, 6, 2, 8, 1, 5]",2635.180812604283,2635.180812604283,0.0,True,True,0.1803046999998514,275.12109375,273.9765625,-1.14453125,30.0,,True,"{""finite_edges"": true, ""instance_metadata"": {""complete"": true, ""instance_type"": ""euclidean"", ""n"": 10, ""points"": [[261.6121342493164, 298.4911434141233], [814.2257405942803, 91.91594213509691], [600.100525965654, 728.5605268117946], [187.90107336660344, 55.14662733306819], [274.9693679060381, 657.4330148755926], [562.265662780428, 150.06226330533613], [432.6307908047872, 669.2972985745203], [422.7846732701278, 633.1843992741165], [967.4359524936766, 683.0648223096252], [391.6248330800262, 187.25256972009808]], ""scale"": 1000.0, ""seed"": 2, ""symmetric"": true}, ""n_layers"": null, ""normalization_factor"": 1000.9774659592883, ""normalize"": true, ""optimum_status"": ""ok"", ""seed"": 0, ""tau"": 30.0, ""valid_route"": true}"
tau_sweep,tau_sweep_random_symmetric_n10_seed2,random_symmetric,10,2,tn_exact,ok,"[9, 2, 1, 5, 4, 8, 6, 3, 0, 7]",298.8961155611272,298.8961155611272,0.0,True,True,0.1571564000000762,274.0078125,274.484375,0.4765625,10.0,,True,"{""finite_edges"": true, ""instance_metadata"": {""complete"": true, ""high"": 100.0, ""instance_type"": ""random_symmetric"", ""low"": 1.0, ""n"": 10, ""seed"": 2, ""symmetric"": true}, ""n_layers"": null, ""normalization_factor"": 91.18657665819998, ""normalize"": true, ""optimum_status"": ""ok"", ""seed"": 0, ""tau"": 10.0, ""valid_route"": true}"
tau_sweep,tau_sweep_random_symmetric_n10_seed2,random_symmetric,10,2,tn_exact,ok,"[9, 2, 1, 5, 4, 8, 6, 3, 0, 7]",298.8961155611272,298.8961155611272,0.0,True,True,0.1736402999999882,274.484375,274.73046875,0.24609375,12.0,,True,"{""finite_edges"": true, ""instance_metadata"": {""complete"": true, ""high"": 100.0, ""instance_type"": ""random_symmetric"", ""low"": 1.0, ""n"": 10, ""seed"": 2, ""symmetric"": true}, ""n_layers"": null, ""normalization_factor"": 91.18657665819998, ""normalize"": true, ""optimum_status"": ""ok"", ""seed"": 0, ""tau"": 12.0, ""valid_route"": true}"
tau_sweep,tau_sweep_random_symmetric_n10_seed2,random_symmetric,10,2,tn_exact,ok,"[9, 2, 1, 5, 4, 8, 6, 3, 0, 7]",298.8961155611272,298.8961155611272,0.0,True,True,0.118529099999705,274.73046875,274.73046875,0.0,14.0,,True,"{""finite_edges"": true, ""instance_metadata"": {""complete"": true, ""high"": 100.0, ""instance_type"": ""random_symmetric"", ""low"": 1.0, ""n"": 10, ""seed"": 2, ""symmetric"": true}, ""n_layers"": null, ""normalization_factor"": 91.18657665819998, ""normalize"": true, ""optimum_status"": ""ok"", ""seed"": 0, ""tau"": 14.0, ""valid_route"": true}"
tau_sweep,tau_sweep_random_symmetric_n10_seed2,random_symmetric,10,2,tn_exact,ok,"[9, 2, 1, 5, 4, 8, 6, 3, 0, 7]",298.8961155611272,298.8961155611272,0.0,True,True,0.1573358000000553,274.73046875,274.73046875,0.0,16.0,,True,"{""finite_edges"": true, ""instance_metadata"": {""complete"": true, ""high"": 100.0, ""instance_type"": ""random_symmetric"", ""low"": 1.0, ""n"": 10, ""seed"": 2, ""symmetric"": true}, ""n_layers"": null, ""normalization_factor"": 91.18657665819998, ""normalize"": true, ""optimum_status"": ""ok"", ""seed"": 0, ""tau"": 16.0, ""valid_route"": true}"
tau_sweep,tau_sweep_random_symmetric_n10_seed2,random_symmetric,10,2,tn_exact,ok,"[9, 2, 1, 5, 4, 8, 6, 3, 0, 7]",298.8961155611272,298.8961155611272,0.0,True,True,0.151800699999967,274.73046875,274.73046875,0.0,18.0,,True,"{""finite_edges"": true, ""instance_metadata"": {""complete"": true, ""high"": 100.0, ""instance_type"": ""random_symmetric"", ""low"": 1.0, ""n"": 10, ""seed"": 2, ""symmetric"": true}, ""n_layers"": null, ""normalization_factor"": 91.18657665819998, ""normalize"": true, ""optimum_status"": ""ok"", ""seed"": 0, ""tau"": 18.0, ""valid_route"": true}"
tau_sweep,tau_sweep_random_symmetric_n10_seed2,random_symmetric,10,2,tn_exact,ok,"[9, 2, 1, 5, 4, 8, 6, 3, 0, 7]",298.8961155611272,298.8961155611272,0.0,True,True,0.1540168999999878,274.73046875,274.74609375,0.015625,20.0,,True,"{""finite_edges"": true, ""instance_metadata"": {""complete"": true, ""high"": 100.0, ""instance_type"": ""random_symmetric"", ""low"": 1.0, ""n"": 10, ""seed"": 2, ""symmetric"": true}, ""n_layers"": null, ""normalization_factor"": 91.18657665819998, ""normalize"": true, ""optimum_status"": ""ok"", ""seed"": 0, ""tau"": 20.0, ""valid_route"": true}"
tau_sweep,tau_sweep_random_symmetric_n10_seed2,random_symmetric,10,2,tn_exact,ok,"[9, 2, 1, 5, 4, 8, 6, 3, 0, 7]",298.8961155611272,298.8961155611272,0.0,True,True,0.1198024000000259,274.74609375,274.5546875,-0.19140625,22.0,,True,"{""finite_edges"": true, ""instance_metadata"": {""complete"": true, ""high"": 100.0, ""instance_type"": ""random_symmetric"", ""low"": 1.0, ""n"": 10, ""seed"": 2, ""symmetric"": true}, ""n_layers"": null, ""normalization_factor"": 91.18657665819998, ""normalize"": true, ""optimum_status"": ""ok"", ""seed"": 0, ""tau"": 22.0, ""valid_route"": true}"
tau_sweep,tau_sweep_random_symmetric_n10_seed2,random_symmetric,10,2,tn_exact,ok,"[9, 2, 1, 5, 4, 8, 6, 3, 0, 7]",298.8961155611272,298.8961155611272,0.0,True,True,0.1758434999997007,274.5546875,274.81640625,0.26171875,24.0,,True,"{""finite_edges"": true, ""instance_metadata"": {""complete"": true, ""high"": 100.0, ""instance_type"": ""random_symmetric"", ""low"": 1.0, ""n"": 10, ""seed"": 2, ""symmetric"": true}, ""n_layers"": null, ""normalization_factor"": 91.18657665819998, ""normalize"": true, ""optimum_status"": ""ok"", ""seed"": 0, ""tau"": 24.0, ""valid_route"": true}"
tau_sweep,tau_sweep_random_symmetric_n10_seed2,random_symmetric,10,2,tn_exact,ok,"[9, 2, 1, 5, 4, 8, 6, 3, 0, 7]",298.8961155611272,298.8961155611272,0.0,True,True,0.1224419000000125,274.81640625,274.83203125,0.015625,26.0,,True,"{""finite_edges"": true, ""instance_metadata"": {""complete"": true, ""high"": 100.0, ""instance_type"": ""random_symmetric"", ""low"": 1.0, ""n"": 10, ""seed"": 2, ""symmetric"": true}, ""n_layers"": null, ""normalization_factor"": 91.18657665819998, ""normalize"": true, ""optimum_status"": ""ok"", ""seed"": 0, ""tau"": 26.0, ""valid_route"": true}"
tau_sweep,tau_sweep_random_symmetric_n10_seed2,random_symmetric,10,2,tn_exact,ok,"[9, 2, 1, 5, 4, 8, 6, 3, 0, 7]",298.8961155611272,298.8961155611272,0.0,True,True,0.1605231000003186,274.83203125,274.83984375,0.0078125,28.0,,True,"{""finite_edges"": true, ""instance_metadata"": {""complete"": true, ""high"": 100.0, ""instance_type"": ""random_symmetric"", ""low"": 1.0, ""n"": 10, ""seed"": 2, ""symmetric"": true}, ""n_layers"": null, ""normalization_factor"": 91.18657665819998, ""normalize"": true, ""optimum_status"": ""ok"", ""seed"": 0, ""tau"": 28.0, ""valid_route"": true}"
tau_sweep,tau_sweep_random_symmetric_n10_seed2,random_symmetric,10,2,tn_exact,ok,"[9, 2, 1, 5, 4, 8, 6, 3, 0, 7]",298.8961155611272,298.8961155611272,0.0,True,True,0.1872457999998005,274.83984375,274.98828125,0.1484375,30.0,,True,"{""finite_edges"": true, ""instance_metadata"": {""complete"": true, ""high"": 100.0, ""instance_type"": ""random_symmetric"", ""low"": 1.0, ""n"": 10, ""seed"": 2, ""symmetric"": true}, ""n_layers"": null, ""normalization_factor"": 91.18657665819998, ""normalize"": true, ""optimum_status"": ""ok"", ""seed"": 0, ""tau"": 30.0, ""valid_route"": true}"
tau_sweep,tau_sweep_random_asymmetric_n10_seed2,random_asymmetric,10,2,tn_exact,ok,"[9, 3, 0, 7, 5, 1, 2, 8, 6, 4]",195.84358249377016,195.84358249377016,0.0,True,True,0.1499107999998159,274.98828125,274.9921875,0.00390625,10.0,,True,"{""finite_edges"": true, ""instance_metadata"": {""complete"": true, ""high"": 100.0, ""instance_type"": ""random_asymmetric"", ""low"": 1.0, ""n"": 10, ""seed"": 2, ""symmetric"": false}, ""n_layers"": null, ""normalization_factor"": 98.20645097631477, ""normalize"": true, ""optimum_status"": ""ok"", ""seed"": 0, ""tau"": 10.0, ""valid_route"": true}"
tau_sweep,tau_sweep_random_asymmetric_n10_seed2,random_asymmetric,10,2,tn_exact,ok,"[9, 3, 0, 7, 5, 1, 2, 8, 6, 4]",195.84358249377016,195.84358249377016,0.0,True,True,0.1657930999999735,274.9921875,275.00390625,0.01171875,12.0,,True,"{""finite_edges"": true, ""instance_metadata"": {""complete"": true, ""high"": 100.0, ""instance_type"": ""random_asymmetric"", ""low"": 1.0, ""n"": 10, ""seed"": 2, ""symmetric"": false}, ""n_layers"": null, ""normalization_factor"": 98.20645097631477, ""normalize"": true, ""optimum_status"": ""ok"", ""seed"": 0, ""tau"": 12.0, ""valid_route"": true}"
tau_sweep,tau_sweep_random_asymmetric_n10_seed2,random_asymmetric,10,2,tn_exact,ok,"[9, 3, 0, 7, 5, 1, 2, 8, 6, 4]",195.84358249377016,195.84358249377016,0.0,True,True,0.1385442999999213,275.00390625,275.01953125,0.015625,14.0,,True,"{""finite_edges"": true, ""instance_metadata"": {""complete"": true, ""high"": 100.0, ""instance_type"": ""random_asymmetric"", ""low"": 1.0, ""n"": 10, ""seed"": 2, ""symmetric"": false}, ""n_layers"": null, ""normalization_factor"": 98.20645097631477, ""normalize"": true, ""optimum_status"": ""ok"", ""seed"": 0, ""tau"": 14.0, ""valid_route"": true}"
tau_sweep,tau_sweep_random_asymmetric_n10_seed2,random_asymmetric,10,2,tn_exact,ok,"[9, 3, 0, 7, 5, 1, 2, 8, 6, 4]",195.84358249377016,195.84358249377016,0.0,True,True,0.1378002999999807,275.01953125,274.75,-0.26953125,16.0,,True,"{""finite_edges"": true, ""instance_metadata"": {""complete"": true, ""high"": 100.0, ""instance_type"": ""random_asymmetric"", ""low"": 1.0, ""n"": 10, ""seed"": 2, ""symmetric"": false}, ""n_layers"": null, ""normalization_factor"": 98.20645097631477, ""normalize"": true, ""optimum_status"": ""ok"", ""seed"": 0, ""tau"": 16.0, ""valid_route"": true}"
tau_sweep,tau_sweep_random_asymmetric_n10_seed2,random_asymmetric,10,2,tn_exact,ok,"[9, 3, 0, 7, 5, 1, 2, 8, 6, 4]",195.84358249377016,195.84358249377016,0.0,True,True,0.1979456999997637,274.75,273.921875,-0.828125,18.0,,True,"{""finite_edges"": true, ""instance_metadata"": {""complete"": true, ""high"": 100.0, ""instance_type"": ""random_asymmetric"", ""low"": 1.0, ""n"": 10, ""seed"": 2, ""symmetric"": false}, ""n_layers"": null, ""normalization_factor"": 98.20645097631477, ""normalize"": true, ""optimum_status"": ""ok"", ""seed"": 0, ""tau"": 18.0, ""valid_route"": true}"
tau_sweep,tau_sweep_random_asymmetric_n10_seed2,random_asymmetric,10,2,tn_exact,ok,"[9, 3, 0, 7, 5, 1, 2, 8, 6, 4]",195.84358249377016,195.84358249377016,0.0,True,True,0.1520416999996996,273.921875,274.23046875,0.30859375,20.0,,True,"{""finite_edges"": true, ""instance_metadata"": {""complete"": true, ""high"": 100.0, ""instance_type"": ""random_asymmetric"", ""low"": 1.0, ""n"": 10, ""seed"": 2, ""symmetric"": false}, ""n_layers"": null, ""normalization_factor"": 98.20645097631477, ""normalize"": true, ""optimum_status"": ""ok"", ""seed"": 0, ""tau"": 20.0, ""valid_route"": true}"
tau_sweep,tau_sweep_random_asymmetric_n10_seed2,random_asymmetric,10,2,tn_exact,ok,"[9, 3, 0, 7, 5, 1, 2, 8, 6, 4]",195.84358249377016,195.84358249377016,0.0,True,True,0.1740692999997009,274.23046875,274.5859375,0.35546875,22.0,,True,"{""finite_edges"": true, ""instance_metadata"": {""complete"": true, ""high"": 100.0, ""instance_type"": ""random_asymmetric"", ""low"": 1.0, ""n"": 10, ""seed"": 2, ""symmetric"": false}, ""n_layers"": null, ""normalization_factor"": 98.20645097631477, ""normalize"": true, ""optimum_status"": ""ok"", ""seed"": 0, ""tau"": 22.0, ""valid_route"": true}"
tau_sweep,tau_sweep_random_asymmetric_n10_seed2,random_asymmetric,10,2,tn_exact,ok,"[9, 3, 0, 7, 5, 1, 2, 8, 6, 4]",195.84358249377016,195.84358249377016,0.0,True,True,0.1677988000001278,274.5859375,274.62109375,0.03515625,24.0,,True,"{""finite_edges"": true, ""instance_metadata"": {""complete"": true, ""high"": 100.0, ""instance_type"": ""random_asymmetric"", ""low"": 1.0, ""n"": 10, ""seed"": 2, ""symmetric"": false}, ""n_layers"": null, ""normalization_factor"": 98.20645097631477, ""normalize"": true, ""optimum_status"": ""ok"", ""seed"": 0, ""tau"": 24.0, ""valid_route"": true}"
tau_sweep,tau_sweep_random_asymmetric_n10_seed2,random_asymmetric,10,2,tn_exact,ok,"[9, 3, 0, 7, 5, 1, 2, 8, 6, 4]",195.84358249377016,195.84358249377016,0.0,True,True,0.1532842999999957,274.62109375,274.64453125,0.0234375,26.0,,True,"{""finite_edges"": true, ""instance_metadata"": {""complete"": true, ""high"": 100.0, ""instance_type"": ""random_asymmetric"", ""low"": 1.0, ""n"": 10, ""seed"": 2, ""symmetric"": false}, ""n_layers"": null, ""normalization_factor"": 98.20645097631477, ""normalize"": true, ""optimum_status"": ""ok"", ""seed"": 0, ""tau"": 26.0, ""valid_route"": true}"
tau_sweep,tau_sweep_random_asymmetric_n10_seed2,random_asymmetric,10,2,tn_exact,ok,"[9, 3, 0, 7, 5, 1, 2, 8, 6, 4]",195.84358249377016,195.84358249377016,0.0,True,True,0.1571651999997811,274.64453125,274.64453125,0.0,28.0,,True,"{""finite_edges"": true, ""instance_metadata"": {""complete"": true, ""high"": 100.0, ""instance_type"": ""random_asymmetric"", ""low"": 1.0, ""n"": 10, ""seed"": 2, ""symmetric"": false}, ""n_layers"": null, ""normalization_factor"": 98.20645097631477, ""normalize"": true, ""optimum_status"": ""ok"", ""seed"": 0, ""tau"": 28.0, ""valid_route"": true}"
tau_sweep,tau_sweep_random_asymmetric_n10_seed2,random_asymmetric,10,2,tn_exact,ok,"[9, 3, 0, 7, 5, 1, 2, 8, 6, 4]",195.84358249377016,195.84358249377016,0.0,True,True,0.1284661999998206,274.64453125,274.6640625,0.01953125,30.0,,True,"{""finite_edges"": true, ""instance_metadata"": {""complete"": true, ""high"": 100.0, ""instance_type"": ""random_asymmetric"", ""low"": 1.0, ""n"": 10, ""seed"": 2, ""symmetric"": false}, ""n_layers"": null, ""normalization_factor"": 98.20645097631477, ""normalize"": true, ""optimum_status"": ""ok"", ""seed"": 0, ""tau"": 30.0, ""valid_route"": true}"
tau_sweep,tau_sweep_euclidean_n10_seed3,euclidean,10,3,tn_exact,ok,"[9, 4, 3, 0, 2, 8, 5, 6, 7, 1]",2745.4573340863712,2745.457334086371,1.6563628406842252e-16,True,True,0.137886200000139,274.6640625,274.390625,-0.2734375,10.0,,True,"{""finite_edges"": true, ""instance_metadata"": {""complete"": true, ""instance_type"": ""euclidean"", ""n"": 10, ""points"": [[85.64916714362437, 236.8105065960997], [801.2744652063969, 582.1620360643678], [94.12864224039919, 433.1269402364738], [479.05129814083404, 159.73891463707858], [734.5771514092145, 113.6720199214034], [391.22819049566203, 516.7401826213637], [430.6280204141778, 586.7985714381407], [737.8377872921602, 956.2672548360986], [284.20116374879143, 648.5472070798251], [696.2159966701554, 292.72074901248715]], ""scale"": 1000.0, ""seed"": 3, ""symmetric"": true}, ""n_layers"": null, ""normalization_factor"": 971.065398847742, ""normalize"": true, ""optimum_status"": ""ok"", ""seed"": 0, ""tau"": 10.0, ""valid_route"": true}"
tau_sweep,tau_sweep_euclidean_n10_seed3,euclidean,10,3,tn_exact,ok,"[9, 4, 3, 0, 2, 8, 5, 6, 7, 1]",2745.4573340863712,2745.457334086371,1.6563628406842252e-16,True,True,0.1765135999999074,274.390625,274.66796875,0.27734375,12.0,,True,"{""finite_edges"": true, ""instance_metadata"": {""complete"": true, ""instance_type"": ""euclidean"", ""n"": 10, ""points"": [[85.64916714362437, 236.8105065960997], [801.2744652063969, 582.1620360643678], [94.12864224039919, 433.1269402364738], [479.05129814083404, 159.73891463707858], [734.5771514092145, 113.6720199214034], [391.22819049566203, 516.7401826213637], [430.6280204141778, 586.7985714381407], [737.8377872921602, 956.2672548360986], [284.20116374879143, 648.5472070798251], [696.2159966701554, 292.72074901248715]], ""scale"": 1000.0, ""seed"": 3, ""symmetric"": true}, ""n_layers"": null, ""normalization_factor"": 971.065398847742, ""normalize"": true, ""optimum_status"": ""ok"", ""seed"": 0, ""tau"": 12.0, ""valid_route"": true}"
tau_sweep,tau_sweep_euclidean_n10_seed3,euclidean,10,3,tn_exact,ok,"[9, 4, 3, 0, 2, 8, 5, 6, 7, 1]",2745.4573340863712,2745.457334086371,1.6563628406842252e-16,True,True,0.1501561999998557,274.66796875,274.703125,0.03515625,14.0,,True,"{""finite_edges"": true, ""instance_metadata"": {""complete"": true, ""instance_type"": ""euclidean"", ""n"": 10, ""points"": [[85.64916714362437, 236.8105065960997], [801.2744652063969, 582.1620360643678], [94.12864224039919, 433.1269402364738], [479.05129814083404, 159.73891463707858], [734.5771514092145, 113.6720199214034], [391.22819049566203, 516.7401826213637], [430.6280204141778, 586.7985714381407], [737.8377872921602, 956.2672548360986], [284.20116374879143, 648.5472070798251], [696.2159966701554, 292.72074901248715]], ""scale"": 1000.0, ""seed"": 3, ""symmetric"": true}, ""n_layers"": null, ""normalization_factor"": 971.065398847742, ""normalize"": true, ""optimum_status"": ""ok"", ""seed"": 0, ""tau"": 14.0, ""valid_route"": true}"
tau_sweep,tau_sweep_euclidean_n10_seed3,euclidean,10,3,tn_exact,ok,"[9, 4, 3, 0, 2, 8, 5, 6, 7, 1]",2745.4573340863712,2745.457334086371,1.6563628406842252e-16,True,True,0.1653814000001148,274.703125,274.7421875,0.0390625,16.0,,True,"{""finite_edges"": true, ""instance_metadata"": {""complete"": true, ""instance_type"": ""euclidean"", ""n"": 10, ""points"": [[85.64916714362437, 236.8105065960997], [801.2744652063969, 582.1620360643678], [94.12864224039919, 433.1269402364738], [479.05129814083404, 159.73891463707858], [734.5771514092145, 113.6720199214034], [391.22819049566203, 516.7401826213637], [430.6280204141778, 586.7985714381407], [737.8377872921602, 956.2672548360986], [284.20116374879143, 648.5472070798251], [696.2159966701554, 292.72074901248715]], ""scale"": 1000.0, ""seed"": 3, ""symmetric"": true}, ""n_layers"": null, ""normalization_factor"": 971.065398847742, ""normalize"": true, ""optimum_status"": ""ok"", ""seed"": 0, ""tau"": 16.0, ""valid_route"": true}"
tau_sweep,tau_sweep_euclidean_n10_seed3,euclidean,10,3,tn_exact,ok,"[9, 4, 3, 0, 2, 8, 5, 6, 7, 1]",2745.4573340863712,2745.457334086371,1.6563628406842252e-16,True,True,0.1557674000000588,274.7421875,274.79296875,0.05078125,18.0,,True,"{""finite_edges"": true, ""instance_metadata"": {""complete"": true, ""instance_type"": ""euclidean"", ""n"": 10, ""points"": [[85.64916714362437, 236.8105065960997], [801.2744652063969, 582.1620360643678], [94.12864224039919, 433.1269402364738], [479.05129814083404, 159.73891463707858], [734.5771514092145, 113.6720199214034], [391.22819049566203, 516.7401826213637], [430.6280204141778, 586.7985714381407], [737.8377872921602, 956.2672548360986], [284.20116374879143, 648.5472070798251], [696.2159966701554, 292.72074901248715]], ""scale"": 1000.0, ""seed"": 3, ""symmetric"": true}, ""n_layers"": null, ""normalization_factor"": 971.065398847742, ""normalize"": true, ""optimum_status"": ""ok"", ""seed"": 0, ""tau"": 18.0, ""valid_route"": true}"
tau_sweep,tau_sweep_euclidean_n10_seed3,euclidean,10,3,tn_exact,ok,"[9, 4, 3, 0, 2, 8, 5, 6, 7, 1]",2745.4573340863712,2745.457334086371,1.6563628406842252e-16,True,True,0.1589313999998012,274.79296875,274.88671875,0.09375,20.0,,True,"{""finite_edges"": true, ""instance_metadata"": {""complete"": true, ""instance_type"": ""euclidean"", ""n"": 10, ""points"": [[85.64916714362437, 236.8105065960997], [801.2744652063969, 582.1620360643678], [94.12864224039919, 433.1269402364738], [479.05129814083404, 159.73891463707858], [734.5771514092145, 113.6720199214034], [391.22819049566203, 516.7401826213637], [430.6280204141778, 586.7985714381407], [737.8377872921602, 956.2672548360986], [284.20116374879143, 648.5472070798251], [696.2159966701554, 292.72074901248715]], ""scale"": 1000.0, ""seed"": 3, ""symmetric"": true}, ""n_layers"": null, ""normalization_factor"": 971.065398847742, ""normalize"": true, ""optimum_status"": ""ok"", ""seed"": 0, ""tau"": 20.0, ""valid_route"": true}"
tau_sweep,tau_sweep_euclidean_n10_seed3,euclidean,10,3,tn_exact,ok,"[9, 4, 3, 0, 2, 8, 5, 6, 7, 1]",2745.4573340863712,2745.457334086371,1.6563628406842252e-16,True,True,0.1548533999998653,274.88671875,274.91015625,0.0234375,22.0,,True,"{""finite_edges"": true, ""instance_metadata"": {""complete"": true, ""instance_type"": ""euclidean"", ""n"": 10, ""points"": [[85.64916714362437, 236.8105065960997], [801.2744652063969, 582.1620360643678], [94.12864224039919, 433.1269402364738], [479.05129814083404, 159.73891463707858], [734.5771514092145, 113.6720199214034], [391.22819049566203, 516.7401826213637], [430.6280204141778, 586.7985714381407], [737.8377872921602, 956.2672548360986], [284.20116374879143, 648.5472070798251], [696.2159966701554, 292.72074901248715]], ""scale"": 1000.0, ""seed"": 3, ""symmetric"": true}, ""n_layers"": null, ""normalization_factor"": 971.065398847742, ""normalize"": true, ""optimum_status"": ""ok"", ""seed"": 0, ""tau"": 22.0, ""valid_route"": true}"
tau_sweep,tau_sweep_euclidean_n10_seed3,euclidean,10,3,tn_exact,ok,"[9, 4, 3, 0, 2, 8, 5, 6, 7, 1]",2745.4573340863712,2745.457334086371,1.6563628406842252e-16,True,True,0.1306947999996737,274.91015625,274.73828125,-0.171875,24.0,,True,"{""finite_edges"": true, ""instance_metadata"": {""complete"": true, ""instance_type"": ""euclidean"", ""n"": 10, ""points"": [[85.64916714362437, 236.8105065960997], [801.2744652063969, 582.1620360643678], [94.12864224039919, 433.1269402364738], [479.05129814083404, 159.73891463707858], [734.5771514092145, 113.6720199214034], [391.22819049566203, 516.7401826213637], [430.6280204141778, 586.7985714381407], [737.8377872921602, 956.2672548360986], [284.20116374879143, 648.5472070798251], [696.2159966701554, 292.72074901248715]], ""scale"": 1000.0, ""seed"": 3, ""symmetric"": true}, ""n_layers"": null, ""normalization_factor"": 971.065398847742, ""normalize"": true, ""optimum_status"": ""ok"", ""seed"": 0, ""tau"": 24.0, ""valid_route"": true}"
tau_sweep,tau_sweep_euclidean_n10_seed3,euclidean,10,3,tn_exact,ok,"[9, 4, 3, 0, 2, 8, 5, 6, 7, 1]",2745.4573340863712,2745.457334086371,1.6563628406842252e-16,True,True,0.1396323999997548,274.73828125,275.0390625,0.30078125,26.0,,True,"{""finite_edges"": true, ""instance_metadata"": {""complete"": true, ""instance_type"": ""euclidean"", ""n"": 10, ""points"": [[85.64916714362437, 236.8105065960997], [801.2744652063969, 582.1620360643678], [94.12864224039919, 433.1269402364738], [479.05129814083404, 159.73891463707858], [734.5771514092145, 113.6720199214034], [391.22819049566203, 516.7401826213637], [430.6280204141778, 586.7985714381407], [737.8377872921602, 956.2672548360986], [284.20116374879143, 648.5472070798251], [696.2159966701554, 292.72074901248715]], ""scale"": 1000.0, ""seed"": 3, ""symmetric"": true}, ""n_layers"": null, ""normalization_factor"": 971.065398847742, ""normalize"": true, ""optimum_status"": ""ok"", ""seed"": 0, ""tau"": 26.0, ""valid_route"": true}"
tau_sweep,tau_sweep_euclidean_n10_seed3,euclidean,10,3,tn_exact,ok,"[9, 4, 3, 0, 2, 8, 5, 6, 7, 1]",2745.4573340863712,2745.457334086371,1.6563628406842252e-16,True,True,0.115613100000246,275.0390625,275.05859375,0.01953125,28.0,,True,"{""finite_edges"": true, ""instance_metadata"": {""complete"": true, ""instance_type"": ""euclidean"", ""n"": 10, ""points"": [[85.64916714362437, 236.8105065960997], [801.2744652063969, 582.1620360643678], [94.12864224039919, 433.1269402364738], [479.05129814083404, 159.73891463707858], [734.5771514092145, 113.6720199214034], [391.22819049566203, 516.7401826213637], [430.6280204141778, 586.7985714381407], [737.8377872921602, 956.2672548360986], [284.20116374879143, 648.5472070798251], [696.2159966701554, 292.72074901248715]], ""scale"": 1000.0, ""seed"": 3, ""symmetric"": true}, ""n_layers"": null, ""normalization_factor"": 971.065398847742, ""normalize"": true, ""optimum_status"": ""ok"", ""seed"": 0, ""tau"": 28.0, ""valid_route"": true}"
tau_sweep,tau_sweep_euclidean_n10_seed3,euclidean,10,3,tn_exact,ok,"[9, 4, 3, 0, 2, 8, 5, 6, 7, 1]",2745.4573340863712,2745.457334086371,1.6563628406842252e-16,True,True,0.1424182000000655,275.05859375,274.79296875,-0.265625,30.0,,True,"{""finite_edges"": true, ""instance_metadata"": {""complete"": true, ""instance_type"": ""euclidean"", ""n"": 10, ""points"": [[85.64916714362437, 236.8105065960997], [801.2744652063969, 582.1620360643678], [94.12864224039919, 433.1269402364738], [479.05129814083404, 159.73891463707858], [734.5771514092145, 113.6720199214034], [391.22819049566203, 516.7401826213637], [430.6280204141778, 586.7985714381407], [737.8377872921602, 956.2672548360986], [284.20116374879143, 648.5472070798251], [696.2159966701554, 292.72074901248715]], ""scale"": 1000.0, ""seed"": 3, ""symmetric"": true}, ""n_layers"": null, ""normalization_factor"": 971.065398847742, ""normalize"": true, ""optimum_status"": ""ok"", ""seed"": 0, ""tau"": 30.0, ""valid_route"": true}"
tau_sweep,tau_sweep_random_symmetric_n10_seed3,random_symmetric,10,3,tn_exact,ok,"[9, 8, 2, 0, 1, 3, 4, 7, 6, 5]",312.1259180694656,312.1259180694656,1.821169456621579e-16,True,True,0.1408784000000196,274.80078125,274.88671875,0.0859375,10.0,,True,"{""finite_edges"": true, ""instance_metadata"": {""complete"": true, ""high"": 100.0, ""instance_type"": ""random_symmetric"", ""low"": 1.0, ""n"": 10, ""seed"": 3, ""symmetric"": true}, ""n_layers"": null, ""normalization_factor"": 90.84248803602469, ""normalize"": true, ""optimum_status"": ""ok"", ""seed"": 0, ""tau"": 10.0, ""valid_route"": true}"
tau_sweep,tau_sweep_random_symmetric_n10_seed3,random_symmetric,10,3,tn_exact,ok,"[9, 8, 2, 0, 1, 3, 4, 7, 6, 5]",312.1259180694656,312.1259180694656,1.821169456621579e-16,True,True,0.2021915999998782,274.88671875,274.8515625,-0.03515625,12.0,,True,"{""finite_edges"": true, ""instance_metadata"": {""complete"": true, ""high"": 100.0, ""instance_type"": ""random_symmetric"", ""low"": 1.0, ""n"": 10, ""seed"": 3, ""symmetric"": true}, ""n_layers"": null, ""normalization_factor"": 90.84248803602469, ""normalize"": true, ""optimum_status"": ""ok"", ""seed"": 0, ""tau"": 12.0, ""valid_route"": true}"
tau_sweep,tau_sweep_random_symmetric_n10_seed3,random_symmetric,10,3,tn_exact,ok,"[9, 8, 2, 0, 1, 3, 4, 7, 6, 5]",312.1259180694656,312.1259180694656,1.821169456621579e-16,True,True,0.1489646999998513,274.8515625,275.16015625,0.30859375,14.0,,True,"{""finite_edges"": true, ""instance_metadata"": {""complete"": true, ""high"": 100.0, ""instance_type"": ""random_symmetric"", ""low"": 1.0, ""n"": 10, ""seed"": 3, ""symmetric"": true}, ""n_layers"": null, ""normalization_factor"": 90.84248803602469, ""normalize"": true, ""optimum_status"": ""ok"", ""seed"": 0, ""tau"": 14.0, ""valid_route"": true}"
tau_sweep,tau_sweep_random_symmetric_n10_seed3,random_symmetric,10,3,tn_exact,ok,"[9, 8, 2, 0, 1, 3, 4, 7, 6, 5]",312.1259180694656,312.1259180694656,1.821169456621579e-16,True,True,0.149656899999627,275.16015625,275.16015625,0.0,16.0,,True,"{""finite_edges"": true, ""instance_metadata"": {""complete"": true, ""high"": 100.0, ""instance_type"": ""random_symmetric"", ""low"": 1.0, ""n"": 10, ""seed"": 3, ""symmetric"": true}, ""n_layers"": null, ""normalization_factor"": 90.84248803602469, ""normalize"": true, ""optimum_status"": ""ok"", ""seed"": 0, ""tau"": 16.0, ""valid_route"": true}"
tau_sweep,tau_sweep_random_symmetric_n10_seed3,random_symmetric,10,3,tn_exact,ok,"[9, 8, 2, 0, 1, 3, 4, 7, 6, 5]",312.1259180694656,312.1259180694656,1.821169456621579e-16,True,True,0.1297663000000284,275.16015625,275.16015625,0.0,18.0,,True,"{""finite_edges"": true, ""instance_metadata"": {""complete"": true, ""high"": 100.0, ""instance_type"": ""random_symmetric"", ""low"": 1.0, ""n"": 10, ""seed"": 3, ""symmetric"": true}, ""n_layers"": null, ""normalization_factor"": 90.84248803602469, ""normalize"": true, ""optimum_status"": ""ok"", ""seed"": 0, ""tau"": 18.0, ""valid_route"": true}"
tau_sweep,tau_sweep_random_symmetric_n10_seed3,random_symmetric,10,3,tn_exact,ok,"[9, 8, 2, 0, 1, 3, 4, 7, 6, 5]",312.1259180694656,312.1259180694656,1.821169456621579e-16,True,True,0.1435762999999497,275.16015625,275.16796875,0.0078125,20.0,,True,"{""finite_edges"": true, ""instance_metadata"": {""complete"": true, ""high"": 100.0, ""instance_type"": ""random_symmetric"", ""low"": 1.0, ""n"": 10, ""seed"": 3, ""symmetric"": true}, ""n_layers"": null, ""normalization_factor"": 90.84248803602469, ""normalize"": true, ""optimum_status"": ""ok"", ""seed"": 0, ""tau"": 20.0, ""valid_route"": true}"
tau_sweep,tau_sweep_random_symmetric_n10_seed3,random_symmetric,10,3,tn_exact,ok,"[9, 8, 2, 0, 1, 3, 4, 7, 6, 5]",312.1259180694656,312.1259180694656,1.821169456621579e-16,True,True,0.133529599999747,275.16796875,274.890625,-0.27734375,22.0,,True,"{""finite_edges"": true, ""instance_metadata"": {""complete"": true, ""high"": 100.0, ""instance_type"": ""random_symmetric"", ""low"": 1.0, ""n"": 10, ""seed"": 3, ""symmetric"": true}, ""n_layers"": null, ""normalization_factor"": 90.84248803602469, ""normalize"": true, ""optimum_status"": ""ok"", ""seed"": 0, ""tau"": 22.0, ""valid_route"": true}"
tau_sweep,tau_sweep_random_symmetric_n10_seed3,random_symmetric,10,3,tn_exact,ok,"[9, 8, 2, 0, 1, 3, 4, 7, 6, 5]",312.1259180694656,312.1259180694656,1.821169456621579e-16,True,True,0.1793572000001404,274.890625,275.1484375,0.2578125,24.0,,True,"{""finite_edges"": true, ""instance_metadata"": {""complete"": true, ""high"": 100.0, ""instance_type"": ""random_symmetric"", ""low"": 1.0, ""n"": 10, ""seed"": 3, ""symmetric"": true}, ""n_layers"": null, ""normalization_factor"": 90.84248803602469, ""normalize"": true, ""optimum_status"": ""ok"", ""seed"": 0, ""tau"": 24.0, ""valid_route"": true}"
tau_sweep,tau_sweep_random_symmetric_n10_seed3,random_symmetric,10,3,tn_exact,ok,"[9, 8, 2, 0, 1, 3, 4, 7, 6, 5]",312.1259180694656,312.1259180694656,1.821169456621579e-16,True,True,0.1242927999996936,275.1484375,275.15625,0.0078125,26.0,,True,"{""finite_edges"": true, ""instance_metadata"": {""complete"": true, ""high"": 100.0, ""instance_type"": ""random_symmetric"", ""low"": 1.0, ""n"": 10, ""seed"": 3, ""symmetric"": true}, ""n_layers"": null, ""normalization_factor"": 90.84248803602469, ""normalize"": true, ""optimum_status"": ""ok"", ""seed"": 0, ""tau"": 26.0, ""valid_route"": true}"
tau_sweep,tau_sweep_random_symmetric_n10_seed3,random_symmetric,10,3,tn_exact,ok,"[9, 8, 2, 0, 1, 3, 4, 7, 6, 5]",312.1259180694656,312.1259180694656,1.821169456621579e-16,True,True,0.1759259000000383,275.15625,275.15625,0.0,28.0,,True,"{""finite_edges"": true, ""instance_metadata"": {""complete"": true, ""high"": 100.0, ""instance_type"": ""random_symmetric"", ""low"": 1.0, ""n"": 10, ""seed"": 3, ""symmetric"": true}, ""n_layers"": null, ""normalization_factor"": 90.84248803602469, ""normalize"": true, ""optimum_status"": ""ok"", ""seed"": 0, ""tau"": 28.0, ""valid_route"": true}"
tau_sweep,tau_sweep_random_symmetric_n10_seed3,random_symmetric,10,3,tn_exact,ok,"[9, 5, 6, 7, 4, 3, 1, 0, 2, 8]",312.1259180694656,312.1259180694656,0.0,True,True,0.1650174000001243,275.15625,275.15625,0.0,30.0,,True,"{""finite_edges"": true, ""instance_metadata"": {""complete"": true, ""high"": 100.0, ""instance_type"": ""random_symmetric"", ""low"": 1.0, ""n"": 10, ""seed"": 3, ""symmetric"": true}, ""n_layers"": null, ""normalization_factor"": 90.84248803602469, ""normalize"": true, ""optimum_status"": ""ok"", ""seed"": 0, ""tau"": 30.0, ""valid_route"": true}"
tau_sweep,tau_sweep_random_asymmetric_n10_seed3,random_asymmetric,10,3,tn_exact,ok,"[9, 2, 8, 0, 4, 7, 6, 5, 3, 1]",199.0377019849326,199.0377019849326,0.0,True,True,0.1338276999999834,275.15625,275.16015625,0.00390625,10.0,,True,"{""finite_edges"": true, ""instance_metadata"": {""complete"": true, ""high"": 100.0, ""instance_type"": ""random_asymmetric"", ""low"": 1.0, ""n"": 10, ""seed"": 3, ""symmetric"": false}, ""n_layers"": null, ""normalization_factor"": 97.37256720187486, ""normalize"": true, ""optimum_status"": ""ok"", ""seed"": 0, ""tau"": 10.0, ""valid_route"": true}"
tau_sweep,tau_sweep_random_asymmetric_n10_seed3,random_asymmetric,10,3,tn_exact,ok,"[9, 2, 8, 0, 4, 7, 6, 5, 3, 1]",199.0377019849326,199.0377019849326,0.0,True,True,0.1265935999999783,275.16015625,275.16796875,0.0078125,12.0,,True,"{""finite_edges"": true, ""instance_metadata"": {""complete"": true, ""high"": 100.0, ""instance_type"": ""random_asymmetric"", ""low"": 1.0, ""n"": 10, ""seed"": 3, ""symmetric"": false}, ""n_layers"": null, ""normalization_factor"": 97.37256720187486, ""normalize"": true, ""optimum_status"": ""ok"", ""seed"": 0, ""tau"": 12.0, ""valid_route"": true}"
tau_sweep,tau_sweep_random_asymmetric_n10_seed3,random_asymmetric,10,3,tn_exact,ok,"[9, 2, 8, 0, 4, 7, 6, 5, 3, 1]",199.0377019849326,199.0377019849326,0.0,True,True,0.146526300000005,275.16796875,275.16796875,0.0,14.0,,True,"{""finite_edges"": true, ""instance_metadata"": {""complete"": true, ""high"": 100.0, ""instance_type"": ""random_asymmetric"", ""low"": 1.0, ""n"": 10, ""seed"": 3, ""symmetric"": false}, ""n_layers"": null, ""normalization_factor"": 97.37256720187486, ""normalize"": true, ""optimum_status"": ""ok"", ""seed"": 0, ""tau"": 14.0, ""valid_route"": true}"
tau_sweep,tau_sweep_random_asymmetric_n10_seed3,random_asymmetric,10,3,tn_exact,ok,"[9, 2, 8, 0, 4, 7, 6, 5, 3, 1]",199.0377019849326,199.0377019849326,0.0,True,True,0.1524383999999372,275.16796875,274.98828125,-0.1796875,16.0,,True,"{""finite_edges"": true, ""instance_metadata"": {""complete"": true, ""high"": 100.0, ""instance_type"": ""random_asymmetric"", ""low"": 1.0, ""n"": 10, ""seed"": 3, ""symmetric"": false}, ""n_layers"": null, ""normalization_factor"": 97.37256720187486, ""normalize"": true, ""optimum_status"": ""ok"", ""seed"": 0, ""tau"": 16.0, ""valid_route"": true}"
tau_sweep,tau_sweep_random_asymmetric_n10_seed3,random_asymmetric,10,3,tn_exact,ok,"[9, 2, 8, 0, 4, 7, 6, 5, 3, 1]",199.0377019849326,199.0377019849326,0.0,True,True,0.1257926000002953,274.98828125,275.2890625,0.30078125,18.0,,True,"{""finite_edges"": true, ""instance_metadata"": {""complete"": true, ""high"": 100.0, ""instance_type"": ""random_asymmetric"", ""low"": 1.0, ""n"": 10, ""seed"": 3, ""symmetric"": false}, ""n_layers"": null, ""normalization_factor"": 97.37256720187486, ""normalize"": true, ""optimum_status"": ""ok"", ""seed"": 0, ""tau"": 18.0, ""valid_route"": true}"
tau_sweep,tau_sweep_random_asymmetric_n10_seed3,random_asymmetric,10,3,tn_exact,ok,"[9, 2, 8, 0, 4, 7, 6, 5, 3, 1]",199.0377019849326,199.0377019849326,0.0,True,True,0.1492001000001437,275.2890625,275.30078125,0.01171875,20.0,,True,"{""finite_edges"": true, ""instance_metadata"": {""complete"": true, ""high"": 100.0, ""instance_type"": ""random_asymmetric"", ""low"": 1.0, ""n"": 10, ""seed"": 3, ""symmetric"": false}, ""n_layers"": null, ""normalization_factor"": 97.37256720187486, ""normalize"": true, ""optimum_status"": ""ok"", ""seed"": 0, ""tau"": 20.0, ""valid_route"": true}"
tau_sweep,tau_sweep_random_asymmetric_n10_seed3,random_asymmetric,10,3,tn_exact,ok,"[9, 2, 8, 0, 4, 7, 6, 5, 3, 1]",199.0377019849326,199.0377019849326,0.0,True,True,0.1313841999999567,275.30078125,275.13671875,-0.1640625,22.0,,True,"{""finite_edges"": true, ""instance_metadata"": {""complete"": true, ""high"": 100.0, ""instance_type"": ""random_asymmetric"", ""low"": 1.0, ""n"": 10, ""seed"": 3, ""symmetric"": false}, ""n_layers"": null, ""normalization_factor"": 97.37256720187486, ""normalize"": true, ""optimum_status"": ""ok"", ""seed"": 0, ""tau"": 22.0, ""valid_route"": true}"
tau_sweep,tau_sweep_random_asymmetric_n10_seed3,random_asymmetric,10,3,tn_exact,ok,"[9, 2, 8, 0, 4, 7, 6, 5, 3, 1]",199.0377019849326,199.0377019849326,0.0,True,True,0.1616388000002189,275.13671875,274.8984375,-0.23828125,24.0,,True,"{""finite_edges"": true, ""instance_metadata"": {""complete"": true, ""high"": 100.0, ""instance_type"": ""random_asymmetric"", ""low"": 1.0, ""n"": 10, ""seed"": 3, ""symmetric"": false}, ""n_layers"": null, ""normalization_factor"": 97.37256720187486, ""normalize"": true, ""optimum_status"": ""ok"", ""seed"": 0, ""tau"": 24.0, ""valid_route"": true}"
tau_sweep,tau_sweep_random_asymmetric_n10_seed3,random_asymmetric,10,3,tn_exact,ok,"[9, 2, 8, 0, 4, 7, 6, 5, 3, 1]",199.0377019849326,199.0377019849326,0.0,True,True,0.1320869999999558,274.8984375,275.15625,0.2578125,26.0,,True,"{""finite_edges"": true, ""instance_metadata"": {""complete"": true, ""high"": 100.0, ""instance_type"": ""random_asymmetric"", ""low"": 1.0, ""n"": 10, ""seed"": 3, ""symmetric"": false}, ""n_layers"": null, ""normalization_factor"": 97.37256720187486, ""normalize"": true, ""optimum_status"": ""ok"", ""seed"": 0, ""tau"": 26.0, ""valid_route"": true}"
tau_sweep,tau_sweep_random_asymmetric_n10_seed3,random_asymmetric,10,3,tn_exact,ok,"[9, 2, 8, 0, 4, 7, 6, 5, 3, 1]",199.0377019849326,199.0377019849326,0.0,True,True,0.1239835000001221,275.15625,275.16796875,0.01171875,28.0,,True,"{""finite_edges"": true, ""instance_metadata"": {""complete"": true, ""high"": 100.0, ""instance_type"": ""random_asymmetric"", ""low"": 1.0, ""n"": 10, ""seed"": 3, ""symmetric"": false}, ""n_layers"": null, ""normalization_factor"": 97.37256720187486, ""normalize"": true, ""optimum_status"": ""ok"", ""seed"": 0, ""tau"": 28.0, ""valid_route"": true}"
tau_sweep,tau_sweep_random_asymmetric_n10_seed3,random_asymmetric,10,3,tn_exact,ok,"[9, 2, 8, 0, 4, 7, 6, 5, 3, 1]",199.0377019849326,199.0377019849326,0.0,True,True,0.199209399999745,275.16796875,274.87109375,-0.296875,30.0,,True,"{""finite_edges"": true, ""instance_metadata"": {""complete"": true, ""high"": 100.0, ""instance_type"": ""random_asymmetric"", ""low"": 1.0, ""n"": 10, ""seed"": 3, ""symmetric"": false}, ""n_layers"": null, ""normalization_factor"": 97.37256720187486, ""normalize"": true, ""optimum_status"": ""ok"", ""seed"": 0, ""tau"": 30.0, ""valid_route"": true}"
tau_sweep,tau_sweep_euclidean_n10_seed4,euclidean,10,4,tn_exact,ok,"[9, 6, 8, 4, 0, 5, 7, 1, 3, 2]",2786.6285604215577,2786.6285604215573,1.6318907993165424e-16,True,True,0.1435169999999743,274.87109375,275.1171875,0.24609375,10.0,,True,"{""finite_edges"": true, ""instance_metadata"": {""complete"": true, ""instance_type"": ""euclidean"", ""n"": 10, ""points"": [[943.0561055723676, 511.3275528143616], [976.2437057077042, 80.83602389560218], [607.3558319950296, 376.48658437727255], [801.9012069858072, 174.52781614402846], [871.6352741876564, 543.9414007634982], [902.2150797159884, 477.1535238392063], [430.4962777294131, 788.9467175443294], [984.1529999311214, 369.72579265242877], [968.9328693162349, 929.0263877654195], [177.6925857619811, 608.8516168445476]], ""scale"": 1000.0, ""seed"": 4, ""symmetric"": true}, ""n_layers"": null, ""normalization_factor"": 957.331895198209, ""normalize"": true, ""optimum_status"": ""ok"", ""seed"": 0, ""tau"": 10.0, ""valid_route"": true}"
tau_sweep,tau_sweep_euclidean_n10_seed4,euclidean,10,4,tn_exact,ok,"[9, 6, 8, 4, 0, 5, 7, 1, 3, 2]",2786.6285604215577,2786.6285604215573,1.6318907993165424e-16,True,True,0.114111800000046,275.1171875,275.1171875,0.0,12.0,,True,"{""finite_edges"": true, ""instance_metadata"": {""complete"": true, ""instance_type"": ""euclidean"", ""n"": 10, ""points"": [[943.0561055723676, 511.3275528143616], [976.2437057077042, 80.83602389560218], [607.3558319950296, 376.48658437727255], [801.9012069858072, 174.52781614402846], [871.6352741876564, 543.9414007634982], [902.2150797159884, 477.1535238392063], [430.4962777294131, 788.9467175443294], [984.1529999311214, 369.72579265242877], [968.9328693162349, 929.0263877654195], [177.6925857619811, 608.8516168445476]], ""scale"": 1000.0, ""seed"": 4, ""symmetric"": true}, ""n_layers"": null, ""normalization_factor"": 957.331895198209, ""normalize"": true, ""optimum_status"": ""ok"", ""seed"": 0, ""tau"": 12.0, ""valid_route"": true}"
tau_sweep,tau_sweep_euclidean_n10_seed4,euclidean,10,4,tn_exact,ok,"[9, 6, 8, 4, 0, 5, 7, 1, 3, 2]",2786.6285604215577,2786.6285604215573,1.6318907993165424e-16,True,True,0.1483044999999947,275.1171875,275.125,0.0078125,14.0,,True,"{""finite_edges"": true, ""instance_metadata"": {""complete"": true, ""instance_type"": ""euclidean"", ""n"": 10, ""points"": [[943.0561055723676, 511.3275528143616], [976.2437057077042, 80.83602389560218], [607.3558319950296, 376.48658437727255], [801.9012069858072, 174.52781614402846], [871.6352741876564, 543.9414007634982], [902.2150797159884, 477.1535238392063], [430.4962777294131, 788.9467175443294], [984.1529999311214, 369.72579265242877], [968.9328693162349, 929.0263877654195], [177.6925857619811, 608.8516168445476]], ""scale"": 1000.0, ""seed"": 4, ""symmetric"": true}, ""n_layers"": null, ""normalization_factor"": 957.331895198209, ""normalize"": true, ""optimum_status"": ""ok"", ""seed"": 0, ""tau"": 14.0, ""valid_route"": true}"
tau_sweep,tau_sweep_euclidean_n10_seed4,euclidean,10,4,tn_exact,ok,"[9, 6, 8, 4, 0, 5, 7, 1, 3, 2]",2786.6285604215577,2786.6285604215573,1.6318907993165424e-16,True,True,0.12108279999984,275.125,275.140625,0.015625,16.0,,True,"{""finite_edges"": true, ""instance_metadata"": {""complete"": true, ""instance_type"": ""euclidean"", ""n"": 10, ""points"": [[943.0561055723676, 511.3275528143616], [976.2437057077042, 80.83602389560218], [607.3558319950296, 376.48658437727255], [801.9012069858072, 174.52781614402846], [871.6352741876564, 543.9414007634982], [902.2150797159884, 477.1535238392063], [430.4962777294131, 788.9467175443294], [984.1529999311214, 369.72579265242877], [968.9328693162349, 929.0263877654195], [177.6925857619811, 608.8516168445476]], ""scale"": 1000.0, ""seed"": 4, ""symmetric"": true}, ""n_layers"": null, ""normalization_factor"": 957.331895198209, ""normalize"": true, ""optimum_status"": ""ok"", ""seed"": 0, ""tau"": 16.0, ""valid_route"": true}"
tau_sweep,tau_sweep_euclidean_n10_seed4,euclidean,10,4,tn_exact,ok,"[9, 6, 8, 4, 0, 5, 7, 1, 3, 2]",2786.6285604215577,2786.6285604215573,1.6318907993165424e-16,True,True,0.1623732000002746,275.140625,275.1484375,0.0078125,18.0,,True,"{""finite_edges"": true, ""instance_metadata"": {""complete"": true, ""instance_type"": ""euclidean"", ""n"": 10, ""points"": [[943.0561055723676, 511.3275528143616], [976.2437057077042, 80.83602389560218], [607.3558319950296, 376.48658437727255], [801.9012069858072, 174.52781614402846], [871.6352741876564, 543.9414007634982], [902.2150797159884, 477.1535238392063], [430.4962777294131, 788.9467175443294], [984.1529999311214, 369.72579265242877], [968.9328693162349, 929.0263877654195], [177.6925857619811, 608.8516168445476]], ""scale"": 1000.0, ""seed"": 4, ""symmetric"": true}, ""n_layers"": null, ""normalization_factor"": 957.331895198209, ""normalize"": true, ""optimum_status"": ""ok"", ""seed"": 0, ""tau"": 18.0, ""valid_route"": true}"
tau_sweep,tau_sweep_euclidean_n10_seed4,euclidean,10,4,tn_exact,ok,"[9, 6, 8, 4, 0, 5, 7, 1, 3, 2]",2786.6285604215577,2786.6285604215573,1.6318907993165424e-16,True,True,0.147912400000223,275.1484375,275.16015625,0.01171875,20.0,,True,"{""finite_edges"": true, ""instance_metadata"": {""complete"": true, ""instance_type"": ""euclidean"", ""n"": 10, ""points"": [[943.0561055723676, 511.3275528143616], [976.2437057077042, 80.83602389560218], [607.3558319950296, 376.48658437727255], [801.9012069858072, 174.52781614402846], [871.6352741876564, 543.9414007634982], [902.2150797159884, 477.1535238392063], [430.4962777294131, 788.9467175443294], [984.1529999311214, 369.72579265242877], [968.9328693162349, 929.0263877654195], [177.6925857619811, 608.8516168445476]], ""scale"": 1000.0, ""seed"": 4, ""symmetric"": true}, ""n_layers"": null, ""normalization_factor"": 957.331895198209, ""normalize"": true, ""optimum_status"": ""ok"", ""seed"": 0, ""tau"": 20.0, ""valid_route"": true}"
tau_sweep,tau_sweep_euclidean_n10_seed4,euclidean,10,4,tn_exact,ok,"[9, 6, 8, 4, 0, 5, 7, 1, 3, 2]",2786.6285604215577,2786.6285604215573,1.6318907993165424e-16,True,True,0.1790628999997352,275.16015625,274.80078125,-0.359375,22.0,,True,"{""finite_edges"": true, ""instance_metadata"": {""complete"": true, ""instance_type"": ""euclidean"", ""n"": 10, ""points"": [[943.0561055723676, 511.3275528143616], [976.2437057077042, 80.83602389560218], [607.3558319950296, 376.48658437727255], [801.9012069858072, 174.52781614402846], [871.6352741876564, 543.9414007634982], [902.2150797159884, 477.1535238392063], [430.4962777294131, 788.9467175443294], [984.1529999311214, 369.72579265242877], [968.9328693162349, 929.0263877654195], [177.6925857619811, 608.8516168445476]], ""scale"": 1000.0, ""seed"": 4, ""symmetric"": true}, ""n_layers"": null, ""normalization_factor"": 957.331895198209, ""normalize"": true, ""optimum_status"": ""ok"", ""seed"": 0, ""tau"": 22.0, ""valid_route"": true}"
tau_sweep,tau_sweep_euclidean_n10_seed4,euclidean,10,4,tn_exact,ok,"[9, 6, 8, 4, 0, 5, 7, 1, 3, 2]",2786.6285604215577,2786.6285604215573,1.6318907993165424e-16,True,True,0.1479193000000123,274.80078125,275.18359375,0.3828125,24.0,,True,"{""finite_edges"": true, ""instance_metadata"": {""complete"": true, ""instance_type"": ""euclidean"", ""n"": 10, ""points"": [[943.0561055723676, 511.3275528143616], [976.2437057077042, 80.83602389560218], [607.3558319950296, 376.48658437727255], [801.9012069858072, 174.52781614402846], [871.6352741876564, 543.9414007634982], [902.2150797159884, 477.1535238392063], [430.4962777294131, 788.9467175443294], [984.1529999311214, 369.72579265242877], [968.9328693162349, 929.0263877654195], [177.6925857619811, 608.8516168445476]], ""scale"": 1000.0, ""seed"": 4, ""symmetric"": true}, ""n_layers"": null, ""normalization_factor"": 957.331895198209, ""normalize"": true, ""optimum_status"": ""ok"", ""seed"": 0, ""tau"": 24.0, ""valid_route"": true}"
tau_sweep,tau_sweep_euclidean_n10_seed4,euclidean,10,4,tn_exact,ok,"[9, 6, 8, 4, 0, 5, 7, 1, 3, 2]",2786.6285604215577,2786.6285604215573,1.6318907993165424e-16,True,True,0.1542521999999735,275.18359375,275.1953125,0.01171875,26.0,,True,"{""finite_edges"": true, ""instance_metadata"": {""complete"": true, ""instance_type"": ""euclidean"", ""n"": 10, ""points"": [[943.0561055723676, 511.3275528143616], [976.2437057077042, 80.83602389560218], [607.3558319950296, 376.48658437727255], [801.9012069858072, 174.52781614402846], [871.6352741876564, 543.9414007634982], [902.2150797159884, 477.1535238392063], [430.4962777294131, 788.9467175443294], [984.1529999311214, 369.72579265242877], [968.9328693162349, 929.0263877654195], [177.6925857619811, 608.8516168445476]], ""scale"": 1000.0, ""seed"": 4, ""symmetric"": true}, ""n_layers"": null, ""normalization_factor"": 957.331895198209, ""normalize"": true, ""optimum_status"": ""ok"", ""seed"": 0, ""tau"": 26.0, ""valid_route"": true}"
tau_sweep,tau_sweep_euclidean_n10_seed4,euclidean,10,4,tn_exact,ok,"[9, 6, 8, 4, 0, 5, 7, 1, 3, 2]",2786.6285604215577,2786.6285604215573,1.6318907993165424e-16,True,True,0.1467000999996344,275.1953125,275.20703125,0.01171875,28.0,,True,"{""finite_edges"": true, ""instance_metadata"": {""complete"": true, ""instance_type"": ""euclidean"", ""n"": 10, ""points"": [[943.0561055723676, 511.3275528143616], [976.2437057077042, 80.83602389560218], [607.3558319950296, 376.48658437727255], [801.9012069858072, 174.52781614402846], [871.6352741876564, 543.9414007634982], [902.2150797159884, 477.1535238392063], [430.4962777294131, 788.9467175443294], [984.1529999311214, 369.72579265242877], [968.9328693162349, 929.0263877654195], [177.6925857619811, 608.8516168445476]], ""scale"": 1000.0, ""seed"": 4, ""symmetric"": true}, ""n_layers"": null, ""normalization_factor"": 957.331895198209, ""normalize"": true, ""optimum_status"": ""ok"", ""seed"": 0, ""tau"": 28.0, ""valid_route"": true}"
tau_sweep,tau_sweep_euclidean_n10_seed4,euclidean,10,4,tn_exact,ok,"[9, 6, 8, 4, 0, 5, 7, 1, 3, 2]",2786.6285604215577,2786.6285604215573,1.6318907993165424e-16,True,True,0.1632919999997284,275.20703125,275.22265625,0.015625,30.0,,True,"{""finite_edges"": true, ""instance_metadata"": {""complete"": true, ""instance_type"": ""euclidean"", ""n"": 10, ""points"": [[943.0561055723676, 511.3275528143616], [976.2437057077042, 80.83602389560218], [607.3558319950296, 376.48658437727255], [801.9012069858072, 174.52781614402846], [871.6352741876564, 543.9414007634982], [902.2150797159884, 477.1535238392063], [430.4962777294131, 788.9467175443294], [984.1529999311214, 369.72579265242877], [968.9328693162349, 929.0263877654195], [177.6925857619811, 608.8516168445476]], ""scale"": 1000.0, ""seed"": 4, ""symmetric"": true}, ""n_layers"": null, ""normalization_factor"": 957.331895198209, ""normalize"": true, ""optimum_status"": ""ok"", ""seed"": 0, ""tau"": 30.0, ""valid_route"": true}"
tau_sweep,tau_sweep_random_symmetric_n10_seed4,random_symmetric,10,4,tn_exact,ok,"[9, 3, 0, 7, 6, 4, 2, 8, 1, 5]",301.6794063985891,301.6794063985891,0.0,True,True,0.1609628999999586,275.22265625,274.875,-0.34765625,10.0,,True,"{""finite_edges"": true, ""instance_metadata"": {""complete"": true, ""high"": 100.0, ""instance_type"": ""random_symmetric"", ""low"": 1.0, ""n"": 10, ""seed"": 4, ""symmetric"": true}, ""n_layers"": null, ""normalization_factor"": 96.28313406708058, ""normalize"": true, ""optimum_status"": ""ok"", ""seed"": 0, ""tau"": 10.0, ""valid_route"": true}"
tau_sweep,tau_sweep_random_symmetric_n10_seed4,random_symmetric,10,4,tn_exact,ok,"[9, 3, 0, 7, 6, 4, 2, 8, 1, 5]",301.6794063985891,301.6794063985891,0.0,True,True,0.1521361999998589,274.875,275.01171875,0.13671875,12.0,,True,"{""finite_edges"": true, ""instance_metadata"": {""complete"": true, ""high"": 100.0, ""instance_type"": ""random_symmetric"", ""low"": 1.0, ""n"": 10, ""seed"": 4, ""symmetric"": true}, ""n_layers"": null, ""normalization_factor"": 96.28313406708058, ""normalize"": true, ""optimum_status"": ""ok"", ""seed"": 0, ""tau"": 12.0, ""valid_route"": true}"
tau_sweep,tau_sweep_random_symmetric_n10_seed4,random_symmetric,10,4,tn_exact,ok,"[9, 3, 0, 7, 6, 4, 2, 8, 1, 5]",301.6794063985891,301.6794063985891,0.0,True,True,0.1679641000000629,275.01171875,275.2265625,0.21484375,14.0,,True,"{""finite_edges"": true, ""instance_metadata"": {""complete"": true, ""high"": 100.0, ""instance_type"": ""random_symmetric"", ""low"": 1.0, ""n"": 10, ""seed"": 4, ""symmetric"": true}, ""n_layers"": null, ""normalization_factor"": 96.28313406708058, ""normalize"": true, ""optimum_status"": ""ok"", ""seed"": 0, ""tau"": 14.0, ""valid_route"": true}"
tau_sweep,tau_sweep_random_symmetric_n10_seed4,random_symmetric,10,4,tn_exact,ok,"[9, 3, 0, 7, 6, 4, 2, 8, 1, 5]",301.6794063985891,301.6794063985891,0.0,True,True,0.1267480000001342,275.2265625,275.23828125,0.01171875,16.0,,True,"{""finite_edges"": true, ""instance_metadata"": {""complete"": true, ""high"": 100.0, ""instance_type"": ""random_symmetric"", ""low"": 1.0, ""n"": 10, ""seed"": 4, ""symmetric"": true}, ""n_layers"": null, ""normalization_factor"": 96.28313406708058, ""normalize"": true, ""optimum_status"": ""ok"", ""seed"": 0, ""tau"": 16.0, ""valid_route"": true}"
tau_sweep,tau_sweep_random_symmetric_n10_seed4,random_symmetric,10,4,tn_exact,ok,"[9, 3, 0, 7, 6, 4, 2, 8, 1, 5]",301.6794063985891,301.6794063985891,0.0,True,True,0.1365187000001242,275.23828125,275.25,0.01171875,18.0,,True,"{""finite_edges"": true, ""instance_metadata"": {""complete"": true, ""high"": 100.0, ""instance_type"": ""random_symmetric"", ""low"": 1.0, ""n"": 10, ""seed"": 4, ""symmetric"": true}, ""n_layers"": null, ""normalization_factor"": 96.28313406708058, ""normalize"": true, ""optimum_status"": ""ok"", ""seed"": 0, ""tau"": 18.0, ""valid_route"": true}"
tau_sweep,tau_sweep_random_symmetric_n10_seed4,random_symmetric,10,4,tn_exact,ok,"[9, 3, 0, 7, 6, 4, 2, 8, 1, 5]",301.6794063985891,301.6794063985891,0.0,True,True,0.1495801999999457,275.25,275.26171875,0.01171875,20.0,,True,"{""finite_edges"": true, ""instance_metadata"": {""complete"": true, ""high"": 100.0, ""instance_type"": ""random_symmetric"", ""low"": 1.0, ""n"": 10, ""seed"": 4, ""symmetric"": true}, ""n_layers"": null, ""normalization_factor"": 96.28313406708058, ""normalize"": true, ""optimum_status"": ""ok"", ""seed"": 0, ""tau"": 20.0, ""valid_route"": true}"
tau_sweep,tau_sweep_random_symmetric_n10_seed4,random_symmetric,10,4,tn_exact,ok,"[9, 3, 0, 7, 6, 4, 2, 8, 1, 5]",301.6794063985891,301.6794063985891,0.0,True,True,0.219842399999834,275.26171875,274.9296875,-0.33203125,22.0,,True,"{""finite_edges"": true, ""instance_metadata"": {""complete"": true, ""high"": 100.0, ""instance_type"": ""random_symmetric"", ""low"": 1.0, ""n"": 10, ""seed"": 4, ""symmetric"": true}, ""n_layers"": null, ""normalization_factor"": 96.28313406708058, ""normalize"": true, ""optimum_status"": ""ok"", ""seed"": 0, ""tau"": 22.0, ""valid_route"": true}"
tau_sweep,tau_sweep_random_symmetric_n10_seed4,random_symmetric,10,4,tn_exact,ok,"[9, 3, 0, 7, 6, 4, 2, 8, 1, 5]",301.6794063985891,301.6794063985891,0.0,True,True,0.1729245999999875,274.9296875,275.09375,0.1640625,24.0,,True,"{""finite_edges"": true, ""instance_metadata"": {""complete"": true, ""high"": 100.0, ""instance_type"": ""random_symmetric"", ""low"": 1.0, ""n"": 10, ""seed"": 4, ""symmetric"": true}, ""n_layers"": null, ""normalization_factor"": 96.28313406708058, ""normalize"": true, ""optimum_status"": ""ok"", ""seed"": 0, ""tau"": 24.0, ""valid_route"": true}"
tau_sweep,tau_sweep_random_symmetric_n10_seed4,random_symmetric,10,4,tn_exact,ok,"[9, 3, 0, 7, 6, 4, 2, 8, 1, 5]",301.6794063985891,301.6794063985891,0.0,True,True,0.1690604999998868,275.09375,275.09375,0.0,26.0,,True,"{""finite_edges"": true, ""instance_metadata"": {""complete"": true, ""high"": 100.0, ""instance_type"": ""random_symmetric"", ""low"": 1.0, ""n"": 10, ""seed"": 4, ""symmetric"": true}, ""n_layers"": null, ""normalization_factor"": 96.28313406708058, ""normalize"": true, ""optimum_status"": ""ok"", ""seed"": 0, ""tau"": 26.0, ""valid_route"": true}"
tau_sweep,tau_sweep_random_symmetric_n10_seed4,random_symmetric,10,4,tn_exact,ok,"[9, 3, 0, 7, 6, 4, 2, 8, 1, 5]",301.6794063985891,301.6794063985891,0.0,True,True,0.190770799999882,275.09375,275.09375,0.0,28.0,,True,"{""finite_edges"": true, ""instance_metadata"": {""complete"": true, ""high"": 100.0, ""instance_type"": ""random_symmetric"", ""low"": 1.0, ""n"": 10, ""seed"": 4, ""symmetric"": true}, ""n_layers"": null, ""normalization_factor"": 96.28313406708058, ""normalize"": true, ""optimum_status"": ""ok"", ""seed"": 0, ""tau"": 28.0, ""valid_route"": true}"
tau_sweep,tau_sweep_random_symmetric_n10_seed4,random_symmetric,10,4,tn_exact,ok,"[9, 3, 0, 7, 6, 4, 2, 8, 1, 5]",301.6794063985891,301.6794063985891,0.0,True,True,0.2033641000002717,275.09375,275.09375,0.0,30.0,,True,"{""finite_edges"": true, ""instance_metadata"": {""complete"": true, ""high"": 100.0, ""instance_type"": ""random_symmetric"", ""low"": 1.0, ""n"": 10, ""seed"": 4, ""symmetric"": true}, ""n_layers"": null, ""normalization_factor"": 96.28313406708058, ""normalize"": true, ""optimum_status"": ""ok"", ""seed"": 0, ""tau"": 30.0, ""valid_route"": true}"
tau_sweep,tau_sweep_random_asymmetric_n10_seed4,random_asymmetric,10,4,tn_exact,ok,"[9, 0, 7, 6, 4, 5, 1, 8, 2, 3]",181.89475198663715,181.89475198663715,0.0,True,True,0.1840286999999989,275.09375,275.09375,0.0,10.0,,True,"{""finite_edges"": true, ""instance_metadata"": {""complete"": true, ""high"": 100.0, ""instance_type"": ""random_asymmetric"", ""low"": 1.0, ""n"": 10, ""seed"": 4, ""symmetric"": false}, ""n_layers"": null, ""normalization_factor"": 98.43114699318102, ""normalize"": true, ""optimum_status"": ""ok"", ""seed"": 0, ""tau"": 10.0, ""valid_route"": true}"
tau_sweep,tau_sweep_random_asymmetric_n10_seed4,random_asymmetric,10,4,tn_exact,ok,"[9, 0, 7, 6, 4, 5, 1, 8, 2, 3]",181.89475198663715,181.89475198663715,0.0,True,True,0.1352043000001686,275.09375,275.09375,0.0,12.0,,True,"{""finite_edges"": true, ""instance_metadata"": {""complete"": true, ""high"": 100.0, ""instance_type"": ""random_asymmetric"", ""low"": 1.0, ""n"": 10, ""seed"": 4, ""symmetric"": false}, ""n_layers"": null, ""normalization_factor"": 98.43114699318102, ""normalize"": true, ""optimum_status"": ""ok"", ""seed"": 0, ""tau"": 12.0, ""valid_route"": true}"
tau_sweep,tau_sweep_random_asymmetric_n10_seed4,random_asymmetric,10,4,tn_exact,ok,"[9, 0, 7, 6, 4, 5, 1, 8, 2, 3]",181.89475198663715,181.89475198663715,0.0,True,True,0.1594895999996879,275.09375,275.09375,0.0,14.0,,True,"{""finite_edges"": true, ""instance_metadata"": {""complete"": true, ""high"": 100.0, ""instance_type"": ""random_asymmetric"", ""low"": 1.0, ""n"": 10, ""seed"": 4, ""symmetric"": false}, ""n_layers"": null, ""normalization_factor"": 98.43114699318102, ""normalize"": true, ""optimum_status"": ""ok"", ""seed"": 0, ""tau"": 14.0, ""valid_route"": true}"
tau_sweep,tau_sweep_random_asymmetric_n10_seed4,random_asymmetric,10,4,tn_exact,ok,"[9, 0, 7, 6, 4, 5, 1, 8, 2, 3]",181.89475198663715,181.89475198663715,0.0,True,True,0.1592419999997218,275.09375,275.09375,0.0,16.0,,True,"{""finite_edges"": true, ""instance_metadata"": {""complete"": true, ""high"": 100.0, ""instance_type"": ""random_asymmetric"", ""low"": 1.0, ""n"": 10, ""seed"": 4, ""symmetric"": false}, ""n_layers"": null, ""normalization_factor"": 98.43114699318102, ""normalize"": true, ""optimum_status"": ""ok"", ""seed"": 0, ""tau"": 16.0, ""valid_route"": true}"
tau_sweep,tau_sweep_random_asymmetric_n10_seed4,random_asymmetric,10,4,tn_exact,ok,"[9, 0, 7, 6, 4, 5, 1, 8, 2, 3]",181.89475198663715,181.89475198663715,0.0,True,True,0.1472389000000475,275.09375,274.8125,-0.28125,18.0,,True,"{""finite_edges"": true, ""instance_metadata"": {""complete"": true, ""high"": 100.0, ""instance_type"": ""random_asymmetric"", ""low"": 1.0, ""n"": 10, ""seed"": 4, ""symmetric"": false}, ""n_layers"": null, ""normalization_factor"": 98.43114699318102, ""normalize"": true, ""optimum_status"": ""ok"", ""seed"": 0, ""tau"": 18.0, ""valid_route"": true}"
tau_sweep,tau_sweep_random_asymmetric_n10_seed4,random_asymmetric,10,4,tn_exact,ok,"[9, 0, 7, 6, 4, 5, 1, 8, 2, 3]",181.89475198663715,181.89475198663715,0.0,True,True,0.1459587999997893,274.8125,275.0703125,0.2578125,20.0,,True,"{""finite_edges"": true, ""instance_metadata"": {""complete"": true, ""high"": 100.0, ""instance_type"": ""random_asymmetric"", ""low"": 1.0, ""n"": 10, ""seed"": 4, ""symmetric"": false}, ""n_layers"": null, ""normalization_factor"": 98.43114699318102, ""normalize"": true, ""optimum_status"": ""ok"", ""seed"": 0, ""tau"": 20.0, ""valid_route"": true}"
tau_sweep,tau_sweep_random_asymmetric_n10_seed4,random_asymmetric,10,4,tn_exact,ok,"[9, 0, 7, 6, 4, 5, 1, 8, 2, 3]",181.89475198663715,181.89475198663715,0.0,True,True,0.1515782000001309,275.0703125,274.7890625,-0.28125,22.0,,True,"{""finite_edges"": true, ""instance_metadata"": {""complete"": true, ""high"": 100.0, ""instance_type"": ""random_asymmetric"", ""low"": 1.0, ""n"": 10, ""seed"": 4, ""symmetric"": false}, ""n_layers"": null, ""normalization_factor"": 98.43114699318102, ""normalize"": true, ""optimum_status"": ""ok"", ""seed"": 0, ""tau"": 22.0, ""valid_route"": true}"
tau_sweep,tau_sweep_random_asymmetric_n10_seed4,random_asymmetric,10,4,tn_exact,ok,"[9, 0, 7, 6, 4, 5, 1, 8, 2, 3]",181.89475198663715,181.89475198663715,0.0,True,True,0.1264946999999665,274.7890625,274.90234375,0.11328125,24.0,,True,"{""finite_edges"": true, ""instance_metadata"": {""complete"": true, ""high"": 100.0, ""instance_type"": ""random_asymmetric"", ""low"": 1.0, ""n"": 10, ""seed"": 4, ""symmetric"": false}, ""n_layers"": null, ""normalization_factor"": 98.43114699318102, ""normalize"": true, ""optimum_status"": ""ok"", ""seed"": 0, ""tau"": 24.0, ""valid_route"": true}"
tau_sweep,tau_sweep_random_asymmetric_n10_seed4,random_asymmetric,10,4,tn_exact,ok,"[9, 0, 7, 6, 4, 5, 1, 8, 2, 3]",181.89475198663715,181.89475198663715,0.0,True,True,0.1486187999998947,274.90234375,275.19140625,0.2890625,26.0,,True,"{""finite_edges"": true, ""instance_metadata"": {""complete"": true, ""high"": 100.0, ""instance_type"": ""random_asymmetric"", ""low"": 1.0, ""n"": 10, ""seed"": 4, ""symmetric"": false}, ""n_layers"": null, ""normalization_factor"": 98.43114699318102, ""normalize"": true, ""optimum_status"": ""ok"", ""seed"": 0, ""tau"": 26.0, ""valid_route"": true}"
tau_sweep,tau_sweep_random_asymmetric_n10_seed4,random_asymmetric,10,4,tn_exact,ok,"[9, 0, 7, 6, 4, 5, 1, 8, 2, 3]",181.89475198663715,181.89475198663715,0.0,True,True,0.1511854999998831,275.19140625,274.90625,-0.28515625,28.0,,True,"{""finite_edges"": true, ""instance_metadata"": {""complete"": true, ""high"": 100.0, ""instance_type"": ""random_asymmetric"", ""low"": 1.0, ""n"": 10, ""seed"": 4, ""symmetric"": false}, ""n_layers"": null, ""normalization_factor"": 98.43114699318102, ""normalize"": true, ""optimum_status"": ""ok"", ""seed"": 0, ""tau"": 28.0, ""valid_route"": true}"
tau_sweep,tau_sweep_random_asymmetric_n10_seed4,random_asymmetric,10,4,tn_exact,ok,"[9, 0, 7, 6, 4, 5, 1, 8, 2, 3]",181.89475198663715,181.89475198663715,0.0,True,True,0.140385900000183,274.90625,275.20703125,0.30078125,30.0,,True,"{""finite_edges"": true, ""instance_metadata"": {""complete"": true, ""high"": 100.0, ""instance_type"": ""random_asymmetric"", ""low"": 1.0, ""n"": 10, ""seed"": 4, ""symmetric"": false}, ""n_layers"": null, ""normalization_factor"": 98.43114699318102, ""normalize"": true, ""optimum_status"": ""ok"", ""seed"": 0, ""tau"": 30.0, ""valid_route"": true}"
tau_sweep,tau_sweep_euclidean_n12_seed0,euclidean,12,0,tn_exact,ok,"[11, 3, 4, 2, 8, 0, 7, 6, 5, 1, 10, 9]",3413.3373855635264,3413.337385563526,1.332266047914825e-16,True,True,0.2837005000001227,276.609375,278.2109375,1.6015625,10.0,,True,"{""finite_edges"": true, ""instance_metadata"": {""complete"": true, ""instance_type"": ""euclidean"", ""n"": 12, ""points"": [[636.9616873214543, 269.7867137638703], [40.97352393619469, 16.527635528529096], [813.2702392002724, 912.7555772777217], [606.6357757671799, 729.4965609839984], [543.6249914654229, 935.0724237877682], [815.8535541215322, 2.738500170148095], [857.4042765875694, 33.58557530546435], [729.655446429944, 175.65562060255903], [863.1789223498865, 541.4612202490918], [299.71189053738476, 422.68722119765846], [28.319671145462966, 124.28327649956394], [670.6244146936303, 647.1895115742501]], ""scale"": 1000.0, ""seed"": 0, ""symmetric"": true}, ""n_layers"": null, ""normalization_factor"": 1183.0751201760934, ""normalize"": true, ""optimum_status"": ""ok"", ""seed"": 0, ""tau"": 10.0, ""valid_route"": true}"
tau_sweep,tau_sweep_euclidean_n12_seed0,euclidean,12,0,tn_exact,ok,"[11, 3, 4, 2, 8, 0, 7, 6, 5, 1, 10, 9]",3413.3373855635264,3413.337385563526,1.332266047914825e-16,True,True,0.2942204000000856,278.2109375,279.21875,1.0078125,12.0,,True,"{""finite_edges"": true, ""instance_metadata"": {""complete"": true, ""instance_type"": ""euclidean"", ""n"": 12, ""points"": [[636.9616873214543, 269.7867137638703], [40.97352393619469, 16.527635528529096], [813.2702392002724, 912.7555772777217], [606.6357757671799, 729.4965609839984], [543.6249914654229, 935.0724237877682], [815.8535541215322, 2.738500170148095], [857.4042765875694, 33.58557530546435], [729.655446429944, 175.65562060255903], [863.1789223498865, 541.4612202490918], [299.71189053738476, 422.68722119765846], [28.319671145462966, 124.28327649956394], [670.6244146936303, 647.1895115742501]], ""scale"": 1000.0, ""seed"": 0, ""symmetric"": true}, ""n_layers"": null, ""normalization_factor"": 1183.0751201760934, ""normalize"": true, ""optimum_status"": ""ok"", ""seed"": 0, ""tau"": 12.0, ""valid_route"": true}"
tau_sweep,tau_sweep_euclidean_n12_seed0,euclidean,12,0,tn_exact,ok,"[11, 3, 4, 2, 8, 0, 7, 6, 5, 1, 10, 9]",3413.3373855635264,3413.337385563526,1.332266047914825e-16,True,True,0.3169932000000699,279.21875,277.67578125,-1.54296875,14.0,,True,"{""finite_edges"": true, ""instance_metadata"": {""complete"": true, ""instance_type"": ""euclidean"", ""n"": 12, ""points"": [[636.9616873214543, 269.7867137638703], [40.97352393619469, 16.527635528529096], [813.2702392002724, 912.7555772777217], [606.6357757671799, 729.4965609839984], [543.6249914654229, 935.0724237877682], [815.8535541215322, 2.738500170148095], [857.4042765875694, 33.58557530546435], [729.655446429944, 175.65562060255903], [863.1789223498865, 541.4612202490918], [299.71189053738476, 422.68722119765846], [28.319671145462966, 124.28327649956394], [670.6244146936303, 647.1895115742501]], ""scale"": 1000.0, ""seed"": 0, ""symmetric"": true}, ""n_layers"": null, ""normalization_factor"": 1183.0751201760934, ""normalize"": true, ""optimum_status"": ""ok"", ""seed"": 0, ""tau"": 14.0, ""valid_route"": true}"
tau_sweep,tau_sweep_euclidean_n12_seed0,euclidean,12,0,tn_exact,ok,"[11, 3, 4, 2, 8, 0, 7, 6, 5, 1, 10, 9]",3413.3373855635264,3413.337385563526,1.332266047914825e-16,True,True,0.2892462999998315,277.67578125,277.671875,-0.00390625,16.0,,True,"{""finite_edges"": true, ""instance_metadata"": {""complete"": true, ""instance_type"": ""euclidean"", ""n"": 12, ""points"": [[636.9616873214543, 269.7867137638703], [40.97352393619469, 16.527635528529096], [813.2702392002724, 912.7555772777217], [606.6357757671799, 729.4965609839984], [543.6249914654229, 935.0724237877682], [815.8535541215322, 2.738500170148095], [857.4042765875694, 33.58557530546435], [729.655446429944, 175.65562060255903], [863.1789223498865, 541.4612202490918], [299.71189053738476, 422.68722119765846], [28.319671145462966, 124.28327649956394], [670.6244146936303, 647.1895115742501]], ""scale"": 1000.0, ""seed"": 0, ""symmetric"": true}, ""n_layers"": null, ""normalization_factor"": 1183.0751201760934, ""normalize"": true, ""optimum_status"": ""ok"", ""seed"": 0, ""tau"": 16.0, ""valid_route"": true}"
tau_sweep,tau_sweep_euclidean_n12_seed0,euclidean,12,0,tn_exact,ok,"[11, 3, 4, 2, 8, 0, 7, 6, 5, 1, 10, 9]",3413.3373855635264,3413.337385563526,1.332266047914825e-16,True,True,0.3064702000001489,277.671875,278.16015625,0.48828125,18.0,,True,"{""finite_edges"": true, ""instance_metadata"": {""complete"": true, ""instance_type"": ""euclidean"", ""n"": 12, ""points"": [[636.9616873214543, 269.7867137638703], [40.97352393619469, 16.527635528529096], [813.2702392002724, 912.7555772777217], [606.6357757671799, 729.4965609839984], [543.6249914654229, 935.0724237877682], [815.8535541215322, 2.738500170148095], [857.4042765875694, 33.58557530546435], [729.655446429944, 175.65562060255903], [863.1789223498865, 541.4612202490918], [299.71189053738476, 422.68722119765846], [28.319671145462966, 124.28327649956394], [670.6244146936303, 647.1895115742501]], ""scale"": 1000.0, ""seed"": 0, ""symmetric"": true}, ""n_layers"": null, ""normalization_factor"": 1183.0751201760934, ""normalize"": true, ""optimum_status"": ""ok"", ""seed"": 0, ""tau"": 18.0, ""valid_route"": true}"
tau_sweep,tau_sweep_euclidean_n12_seed0,euclidean,12,0,tn_exact,ok,"[11, 3, 4, 2, 8, 0, 7, 6, 5, 1, 10, 9]",3413.3373855635264,3413.337385563526,1.332266047914825e-16,True,True,0.2756893000000673,278.16015625,277.515625,-0.64453125,20.0,,True,"{""finite_edges"": true, ""instance_metadata"": {""complete"": true, ""instance_type"": ""euclidean"", ""n"": 12, ""points"": [[636.9616873214543, 269.7867137638703], [40.97352393619469, 16.527635528529096], [813.2702392002724, 912.7555772777217], [606.6357757671799, 729.4965609839984], [543.6249914654229, 935.0724237877682], [815.8535541215322, 2.738500170148095], [857.4042765875694, 33.58557530546435], [729.655446429944, 175.65562060255903], [863.1789223498865, 541.4612202490918], [299.71189053738476, 422.68722119765846], [28.319671145462966, 124.28327649956394], [670.6244146936303, 647.1895115742501]], ""scale"": 1000.0, ""seed"": 0, ""symmetric"": true}, ""n_layers"": null, ""normalization_factor"": 1183.0751201760934, ""normalize"": true, ""optimum_status"": ""ok"", ""seed"": 0, ""tau"": 20.0, ""valid_route"": true}"
tau_sweep,tau_sweep_euclidean_n12_seed0,euclidean,12,0,tn_exact,ok,"[11, 3, 4, 2, 8, 0, 7, 6, 5, 1, 10, 9]",3413.3373855635264,3413.337385563526,1.332266047914825e-16,True,True,0.2901043000001664,277.515625,279.4453125,1.9296875,22.0,,True,"{""finite_edges"": true, ""instance_metadata"": {""complete"": true, ""instance_type"": ""euclidean"", ""n"": 12, ""points"": [[636.9616873214543, 269.7867137638703], [40.97352393619469, 16.527635528529096], [813.2702392002724, 912.7555772777217], [606.6357757671799, 729.4965609839984], [543.6249914654229, 935.0724237877682], [815.8535541215322, 2.738500170148095], [857.4042765875694, 33.58557530546435], [729.655446429944, 175.65562060255903], [863.1789223498865, 541.4612202490918], [299.71189053738476, 422.68722119765846], [28.319671145462966, 124.28327649956394], [670.6244146936303, 647.1895115742501]], ""scale"": 1000.0, ""seed"": 0, ""symmetric"": true}, ""n_layers"": null, ""normalization_factor"": 1183.0751201760934, ""normalize"": true, ""optimum_status"": ""ok"", ""seed"": 0, ""tau"": 22.0, ""valid_route"": true}"
tau_sweep,tau_sweep_euclidean_n12_seed0,euclidean,12,0,tn_exact,ok,"[11, 3, 4, 2, 8, 0, 7, 6, 5, 1, 10, 9]",3413.3373855635264,3413.337385563526,1.332266047914825e-16,True,True,0.2644162000001415,279.4453125,279.015625,-0.4296875,24.0,,True,"{""finite_edges"": true, ""instance_metadata"": {""complete"": true, ""instance_type"": ""euclidean"", ""n"": 12, ""points"": [[636.9616873214543, 269.7867137638703], [40.97352393619469, 16.527635528529096], [813.2702392002724, 912.7555772777217], [606.6357757671799, 729.4965609839984], [543.6249914654229, 935.0724237877682], [815.8535541215322, 2.738500170148095], [857.4042765875694, 33.58557530546435], [729.655446429944, 175.65562060255903], [863.1789223498865, 541.4612202490918], [299.71189053738476, 422.68722119765846], [28.319671145462966, 124.28327649956394], [670.6244146936303, 647.1895115742501]], ""scale"": 1000.0, ""seed"": 0, ""symmetric"": true}, ""n_layers"": null, ""normalization_factor"": 1183.0751201760934, ""normalize"": true, ""optimum_status"": ""ok"", ""seed"": 0, ""tau"": 24.0, ""valid_route"": true}"
tau_sweep,tau_sweep_euclidean_n12_seed0,euclidean,12,0,tn_exact,ok,"[11, 3, 4, 2, 8, 0, 7, 6, 5, 1, 10, 9]",3413.3373855635264,3413.337385563526,1.332266047914825e-16,True,True,0.2394015999998373,279.015625,277.625,-1.390625,26.0,,True,"{""finite_edges"": true, ""instance_metadata"": {""complete"": true, ""instance_type"": ""euclidean"", ""n"": 12, ""points"": [[636.9616873214543, 269.7867137638703], [40.97352393619469, 16.527635528529096], [813.2702392002724, 912.7555772777217], [606.6357757671799, 729.4965609839984], [543.6249914654229, 935.0724237877682], [815.8535541215322, 2.738500170148095], [857.4042765875694, 33.58557530546435], [729.655446429944, 175.65562060255903], [863.1789223498865, 541.4612202490918], [299.71189053738476, 422.68722119765846], [28.319671145462966, 124.28327649956394], [670.6244146936303, 647.1895115742501]], ""scale"": 1000.0, ""seed"": 0, ""symmetric"": true}, ""n_layers"": null, ""normalization_factor"": 1183.0751201760934, ""normalize"": true, ""optimum_status"": ""ok"", ""seed"": 0, ""tau"": 26.0, ""valid_route"": true}"
tau_sweep,tau_sweep_euclidean_n12_seed0,euclidean,12,0,tn_exact,ok,"[11, 3, 4, 2, 8, 0, 7, 6, 5, 1, 10, 9]",3413.3373855635264,3413.337385563526,1.332266047914825e-16,True,True,0.4271765999997114,277.625,278.171875,0.546875,28.0,,True,"{""finite_edges"": true, ""instance_metadata"": {""complete"": true, ""instance_type"": ""euclidean"", ""n"": 12, ""points"": [[636.9616873214543, 269.7867137638703], [40.97352393619469, 16.527635528529096], [813.2702392002724, 912.7555772777217], [606.6357757671799, 729.4965609839984], [543.6249914654229, 935.0724237877682], [815.8535541215322, 2.738500170148095], [857.4042765875694, 33.58557530546435], [729.655446429944, 175.65562060255903], [863.1789223498865, 541.4612202490918], [299.71189053738476, 422.68722119765846], [28.319671145462966, 124.28327649956394], [670.6244146936303, 647.1895115742501]], ""scale"": 1000.0, ""seed"": 0, ""symmetric"": true}, ""n_layers"": null, ""normalization_factor"": 1183.0751201760934, ""normalize"": true, ""optimum_status"": ""ok"", ""seed"": 0, ""tau"": 28.0, ""valid_route"": true}"
tau_sweep,tau_sweep_euclidean_n12_seed0,euclidean,12,0,tn_exact,ok,"[11, 3, 4, 2, 8, 0, 7, 6, 5, 1, 10, 9]",3413.3373855635264,3413.337385563526,1.332266047914825e-16,True,True,0.383945500000209,278.171875,277.78515625,-0.38671875,30.0,,True,"{""finite_edges"": true, ""instance_metadata"": {""complete"": true, ""instance_type"": ""euclidean"", ""n"": 12, ""points"": [[636.9616873214543, 269.7867137638703], [40.97352393619469, 16.527635528529096], [813.2702392002724, 912.7555772777217], [606.6357757671799, 729.4965609839984], [543.6249914654229, 935.0724237877682], [815.8535541215322, 2.738500170148095], [857.4042765875694, 33.58557530546435], [729.655446429944, 175.65562060255903], [863.1789223498865, 541.4612202490918], [299.71189053738476, 422.68722119765846], [28.319671145462966, 124.28327649956394], [670.6244146936303, 647.1895115742501]], ""scale"": 1000.0, ""seed"": 0, ""symmetric"": true}, ""n_layers"": null, ""normalization_factor"": 1183.0751201760934, ""normalize"": true, ""optimum_status"": ""ok"", ""seed"": 0, ""tau"": 30.0, ""valid_route"": true}"
tau_sweep,tau_sweep_random_symmetric_n12_seed0,random_symmetric,12,0,tn_exact,ok,"[11, 2, 0, 3, 6, 1, 7, 4, 10, 8, 5, 9]",402.554866178713,402.554866178713,0.0,True,True,0.2520648999998229,278.359375,278.8515625,0.4921875,10.0,,True,"{""finite_edges"": true, ""instance_metadata"": {""complete"": true, ""high"": 100.0, ""instance_type"": ""random_symmetric"", ""low"": 1.0, ""n"": 12, ""seed"": 0, ""symmetric"": true}, ""n_layers"": null, ""normalization_factor"": 95.78650330925774, ""normalize"": true, ""optimum_status"": ""ok"", ""seed"": 0, ""tau"": 10.0, ""valid_route"": true}"
tau_sweep,tau_sweep_random_symmetric_n12_seed0,random_symmetric,12,0,tn_exact,ok,"[11, 2, 0, 3, 6, 1, 7, 4, 10, 8, 5, 9]",402.554866178713,402.554866178713,0.0,True,True,0.3240755000001627,278.8515625,278.734375,-0.1171875,12.0,,True,"{""finite_edges"": true, ""instance_metadata"": {""complete"": true, ""high"": 100.0, ""instance_type"": ""random_symmetric"", ""low"": 1.0, ""n"": 12, ""seed"": 0, ""symmetric"": true}, ""n_layers"": null, ""normalization_factor"": 95.78650330925774, ""normalize"": true, ""optimum_status"": ""ok"", ""seed"": 0, ""tau"": 12.0, ""valid_route"": true}"
tau_sweep,tau_sweep_random_symmetric_n12_seed0,random_symmetric,12,0,tn_exact,ok,"[11, 2, 0, 3, 6, 1, 7, 4, 10, 8, 5, 9]",402.554866178713,402.554866178713,0.0,True,True,0.2926488999996763,278.734375,278.9140625,0.1796875,14.0,,True,"{""finite_edges"": true, ""instance_metadata"": {""complete"": true, ""high"": 100.0, ""instance_type"": ""random_symmetric"", ""low"": 1.0, ""n"": 12, ""seed"": 0, ""symmetric"": true}, ""n_layers"": null, ""normalization_factor"": 95.78650330925774, ""normalize"": true, ""optimum_status"": ""ok"", ""seed"": 0, ""tau"": 14.0, ""valid_route"": true}"
tau_sweep,tau_sweep_random_symmetric_n12_seed0,random_symmetric,12,0,tn_exact,ok,"[11, 2, 0, 3, 6, 1, 7, 4, 10, 8, 5, 9]",402.554866178713,402.554866178713,0.0,True,True,0.2816447000000153,278.9140625,277.92578125,-0.98828125,16.0,,True,"{""finite_edges"": true, ""instance_metadata"": {""complete"": true, ""high"": 100.0, ""instance_type"": ""random_symmetric"", ""low"": 1.0, ""n"": 12, ""seed"": 0, ""symmetric"": true}, ""n_layers"": null, ""normalization_factor"": 95.78650330925774, ""normalize"": true, ""optimum_status"": ""ok"", ""seed"": 0, ""tau"": 16.0, ""valid_route"": true}"
tau_sweep,tau_sweep_random_symmetric_n12_seed0,random_symmetric,12,0,tn_exact,ok,"[11, 2, 0, 3, 6, 1, 7, 4, 10, 8, 5, 9]",402.554866178713,402.554866178713,0.0,True,True,0.295089199999893,277.92578125,278.9296875,1.00390625,18.0,,True,"{""finite_edges"": true, ""instance_metadata"": {""complete"": true, ""high"": 100.0, ""instance_type"": ""random_symmetric"", ""low"": 1.0, ""n"": 12, ""seed"": 0, ""symmetric"": true}, ""n_layers"": null, ""normalization_factor"": 95.78650330925774, ""normalize"": true, ""optimum_status"": ""ok"", ""seed"": 0, ""tau"": 18.0, ""valid_route"": true}"
tau_sweep,tau_sweep_random_symmetric_n12_seed0,random_symmetric,12,0,tn_exact,ok,"[11, 2, 0, 3, 6, 1, 7, 4, 10, 8, 5, 9]",402.554866178713,402.554866178713,0.0,True,True,0.3355853000002753,278.9296875,279.60546875,0.67578125,20.0,,True,"{""finite_edges"": true, ""instance_metadata"": {""complete"": true, ""high"": 100.0, ""instance_type"": ""random_symmetric"", ""low"": 1.0, ""n"": 12, ""seed"": 0, ""symmetric"": true}, ""n_layers"": null, ""normalization_factor"": 95.78650330925774, ""normalize"": true, ""optimum_status"": ""ok"", ""seed"": 0, ""tau"": 20.0, ""valid_route"": true}"
tau_sweep,tau_sweep_random_symmetric_n12_seed0,random_symmetric,12,0,tn_exact,ok,"[11, 2, 0, 3, 6, 1, 7, 4, 10, 8, 5, 9]",402.554866178713,402.554866178713,0.0,True,True,0.3392868999999336,279.60546875,278.4921875,-1.11328125,22.0,,True,"{""finite_edges"": true, ""instance_metadata"": {""complete"": true, ""high"": 100.0, ""instance_type"": ""random_symmetric"", ""low"": 1.0, ""n"": 12, ""seed"": 0, ""symmetric"": true}, ""n_layers"": null, ""normalization_factor"": 95.78650330925774, ""normalize"": true, ""optimum_status"": ""ok"", ""seed"": 0, ""tau"": 22.0, ""valid_route"": true}"
tau_sweep,tau_sweep_random_symmetric_n12_seed0,random_symmetric,12,0,tn_exact,ok,"[11, 2, 0, 3, 6, 1, 7, 4, 10, 8, 5, 9]",402.554866178713,402.554866178713,0.0,True,True,0.407127599999967,278.4921875,278.6015625,0.109375,24.0,,True,"{""finite_edges"": true, ""instance_metadata"": {""complete"": true, ""high"": 100.0, ""instance_type"": ""random_symmetric"", ""low"": 1.0, ""n"": 12, ""seed"": 0, ""symmetric"": true}, ""n_layers"": null, ""normalization_factor"": 95.78650330925774, ""normalize"": true, ""optimum_status"": ""ok"", ""seed"": 0, ""tau"": 24.0, ""valid_route"": true}"
tau_sweep,tau_sweep_random_symmetric_n12_seed0,random_symmetric,12,0,tn_exact,ok,"[11, 0, 3, 6, 1, 9, 5, 8, 10, 4, 7, 2]",417.1405070441911,402.554866178713,0.0362326780543816,True,True,0.4516263999998955,278.6015625,277.3671875,-1.234375,26.0,,True,"{""finite_edges"": true, ""instance_metadata"": {""complete"": true, ""high"": 100.0, ""instance_type"": ""random_symmetric"", ""low"": 1.0, ""n"": 12, ""seed"": 0, ""symmetric"": true}, ""n_layers"": null, ""normalization_factor"": 95.78650330925774, ""normalize"": true, ""optimum_status"": ""ok"", ""seed"": 0, ""tau"": 26.0, ""valid_route"": true}"
tau_sweep,tau_sweep_random_symmetric_n12_seed0,random_symmetric,12,0,tn_exact,ok,"[11, 0, 1, 9, 5, 4, 7, 8, 10, 3, 6, 2]",439.74735663505743,402.554866178713,0.0923911088428698,True,True,0.4498167000001558,277.3671875,278.53125,1.1640625,28.0,,True,"{""finite_edges"": true, ""instance_metadata"": {""complete"": true, ""high"": 100.0, ""instance_type"": ""random_symmetric"", ""low"": 1.0, ""n"": 12, ""seed"": 0, ""symmetric"": true}, ""n_layers"": null, ""normalization_factor"": 95.78650330925774, ""normalize"": true, ""optimum_status"": ""ok"", ""seed"": 0, ""tau"": 28.0, ""valid_route"": true}"
tau_sweep,tau_sweep_random_symmetric_n12_seed0,random_symmetric,12,0,tn_exact,ok,"[11, 0, 1, 2, 6, 3, 10, 8, 7, 4, 5, 9]",455.5375917568848,402.554866178713,0.1316161597575875,True,True,0.5640678999998272,278.53125,278.04296875,-0.48828125,30.0,,True,"{""finite_edges"": true, ""instance_metadata"": {""complete"": true, ""high"": 100.0, ""instance_type"": ""random_symmetric"", ""low"": 1.0, ""n"": 12, ""seed"": 0, ""symmetric"": true}, ""n_layers"": null, ""normalization_factor"": 95.78650330925774, ""normalize"": true, ""optimum_status"": ""ok"", ""seed"": 0, ""tau"": 30.0, ""valid_route"": true}"
tau_sweep,tau_sweep_random_asymmetric_n12_seed0,random_asymmetric,12,0,tn_exact,ok,"[11, 2, 1, 9, 5, 6, 7, 8, 0, 3, 10, 4]",228.80760405037705,228.80760405037705,0.0,True,True,0.3015816000001905,278.671875,278.78515625,0.11328125,10.0,,True,"{""finite_edges"": true, ""instance_metadata"": {""complete"": true, ""high"": 100.0, ""instance_type"": ""random_asymmetric"", ""low"": 1.0, ""n"": 12, ""seed"": 0, ""symmetric"": false}, ""n_layers"": null, ""normalization_factor"": 99.51455401829709, ""normalize"": true, ""optimum_status"": ""ok"", ""seed"": 0, ""tau"": 10.0, ""valid_route"": true}"
tau_sweep,tau_sweep_random_asymmetric_n12_seed0,random_asymmetric,12,0,tn_exact,ok,"[11, 2, 1, 9, 5, 6, 7, 8, 0, 3, 10, 4]",228.80760405037705,228.80760405037705,0.0,True,True,0.3836076999996294,278.78515625,279.6640625,0.87890625,12.0,,True,"{""finite_edges"": true, ""instance_metadata"": {""complete"": true, ""high"": 100.0, ""instance_type"": ""random_asymmetric"", ""low"": 1.0, ""n"": 12, ""seed"": 0, ""symmetric"": false}, ""n_layers"": null, ""normalization_factor"": 99.51455401829709, ""normalize"": true, ""optimum_status"": ""ok"", ""seed"": 0, ""tau"": 12.0, ""valid_route"": true}"
tau_sweep,tau_sweep_random_asymmetric_n12_seed0,random_asymmetric,12,0,tn_exact,ok,"[11, 2, 1, 9, 5, 6, 7, 8, 0, 3, 10, 4]",228.80760405037705,228.80760405037705,0.0,True,True,0.3336473000003934,279.6640625,278.72265625,-0.94140625,14.0,,True,"{""finite_edges"": true, ""instance_metadata"": {""complete"": true, ""high"": 100.0, ""instance_type"": ""random_asymmetric"", ""low"": 1.0, ""n"": 12, ""seed"": 0, ""symmetric"": false}, ""n_layers"": null, ""normalization_factor"": 99.51455401829709, ""normalize"": true, ""optimum_status"": ""ok"", ""seed"": 0, ""tau"": 14.0, ""valid_route"": true}"
tau_sweep,tau_sweep_random_asymmetric_n12_seed0,random_asymmetric,12,0,tn_exact,ok,"[11, 2, 1, 9, 5, 6, 7, 8, 0, 3, 10, 4]",228.80760405037705,228.80760405037705,0.0,True,True,0.3297508000000562,278.72265625,279.78125,1.05859375,16.0,,True,"{""finite_edges"": true, ""instance_metadata"": {""complete"": true, ""high"": 100.0, ""instance_type"": ""random_asymmetric"", ""low"": 1.0, ""n"": 12, ""seed"": 0, ""symmetric"": false}, ""n_layers"": null, ""normalization_factor"": 99.51455401829709, ""normalize"": true, ""optimum_status"": ""ok"", ""seed"": 0, ""tau"": 16.0, ""valid_route"": true}"
tau_sweep,tau_sweep_random_asymmetric_n12_seed0,random_asymmetric,12,0,tn_exact,ok,"[11, 2, 1, 9, 5, 6, 7, 8, 0, 3, 10, 4]",228.80760405037705,228.80760405037705,0.0,True,True,0.2582797000000028,279.78125,278.45703125,-1.32421875,18.0,,True,"{""finite_edges"": true, ""instance_metadata"": {""complete"": true, ""high"": 100.0, ""instance_type"": ""random_asymmetric"", ""low"": 1.0, ""n"": 12, ""seed"": 0, ""symmetric"": false}, ""n_layers"": null, ""normalization_factor"": 99.51455401829709, ""normalize"": true, ""optimum_status"": ""ok"", ""seed"": 0, ""tau"": 18.0, ""valid_route"": true}"
tau_sweep,tau_sweep_random_asymmetric_n12_seed0,random_asymmetric,12,0,tn_exact,ok,"[11, 2, 1, 9, 5, 6, 7, 8, 0, 3, 10, 4]",228.80760405037705,228.80760405037705,0.0,True,True,0.2649059999998826,278.45703125,279.0703125,0.61328125,20.0,,True,"{""finite_edges"": true, ""instance_metadata"": {""complete"": true, ""high"": 100.0, ""instance_type"": ""random_asymmetric"", ""low"": 1.0, ""n"": 12, ""seed"": 0, ""symmetric"": false}, ""n_layers"": null, ""normalization_factor"": 99.51455401829709, ""normalize"": true, ""optimum_status"": ""ok"", ""seed"": 0, ""tau"": 20.0, ""valid_route"": true}"
tau_sweep,tau_sweep_random_asymmetric_n12_seed0,random_asymmetric,12,0,tn_exact,ok,"[11, 2, 1, 9, 5, 6, 7, 8, 0, 3, 10, 4]",228.80760405037705,228.80760405037705,0.0,True,True,0.2930780000001505,279.0703125,279.70703125,0.63671875,22.0,,True,"{""finite_edges"": true, ""instance_metadata"": {""complete"": true, ""high"": 100.0, ""instance_type"": ""random_asymmetric"", ""low"": 1.0, ""n"": 12, ""seed"": 0, ""symmetric"": false}, ""n_layers"": null, ""normalization_factor"": 99.51455401829709, ""normalize"": true, ""optimum_status"": ""ok"", ""seed"": 0, ""tau"": 22.0, ""valid_route"": true}"
tau_sweep,tau_sweep_random_asymmetric_n12_seed0,random_asymmetric,12,0,tn_exact,ok,"[11, 2, 1, 9, 5, 6, 7, 8, 0, 3, 10, 4]",228.80760405037705,228.80760405037705,0.0,True,True,0.3098389000001589,279.70703125,279.26953125,-0.4375,24.0,,True,"{""finite_edges"": true, ""instance_metadata"": {""complete"": true, ""high"": 100.0, ""instance_type"": ""random_asymmetric"", ""low"": 1.0, ""n"": 12, ""seed"": 0, ""symmetric"": false}, ""n_layers"": null, ""normalization_factor"": 99.51455401829709, ""normalize"": true, ""optimum_status"": ""ok"", ""seed"": 0, ""tau"": 24.0, ""valid_route"": true}"
tau_sweep,tau_sweep_random_asymmetric_n12_seed0,random_asymmetric,12,0,tn_exact,ok,"[11, 2, 1, 9, 5, 6, 7, 8, 0, 3, 10, 4]",228.80760405037705,228.80760405037705,0.0,True,True,0.3106348999999682,279.26953125,280.8125,1.54296875,26.0,,True,"{""finite_edges"": true, ""instance_metadata"": {""complete"": true, ""high"": 100.0, ""instance_type"": ""random_asymmetric"", ""low"": 1.0, ""n"": 12, ""seed"": 0, ""symmetric"": false}, ""n_layers"": null, ""normalization_factor"": 99.51455401829709, ""normalize"": true, ""optimum_status"": ""ok"", ""seed"": 0, ""tau"": 26.0, ""valid_route"": true}"
tau_sweep,tau_sweep_random_asymmetric_n12_seed0,random_asymmetric,12,0,tn_exact,ok,"[11, 2, 1, 9, 5, 6, 7, 8, 0, 3, 10, 4]",228.80760405037705,228.80760405037705,0.0,True,True,0.2981638999999632,280.8125,279.60546875,-1.20703125,28.0,,True,"{""finite_edges"": true, ""instance_metadata"": {""complete"": true, ""high"": 100.0, ""instance_type"": ""random_asymmetric"", ""low"": 1.0, ""n"": 12, ""seed"": 0, ""symmetric"": false}, ""n_layers"": null, ""normalization_factor"": 99.51455401829709, ""normalize"": true, ""optimum_status"": ""ok"", ""seed"": 0, ""tau"": 28.0, ""valid_route"": true}"
tau_sweep,tau_sweep_random_asymmetric_n12_seed0,random_asymmetric,12,0,tn_exact,ok,"[11, 2, 1, 9, 5, 6, 7, 8, 0, 3, 10, 4]",228.80760405037705,228.80760405037705,0.0,True,True,0.3111962999996649,279.60546875,278.87890625,-0.7265625,30.0,,True,"{""finite_edges"": true, ""instance_metadata"": {""complete"": true, ""high"": 100.0, ""instance_type"": ""random_asymmetric"", ""low"": 1.0, ""n"": 12, ""seed"": 0, ""symmetric"": false}, ""n_layers"": null, ""normalization_factor"": 99.51455401829709, ""normalize"": true, ""optimum_status"": ""ok"", ""seed"": 0, ""tau"": 30.0, ""valid_route"": true}"
tau_sweep,tau_sweep_euclidean_n12_seed1,euclidean,12,1,tn_exact,ok,"[11, 0, 5, 3, 10, 4, 9, 8, 2, 7, 6, 1]",2849.3329717576507,2849.3329717576503,1.5959782706825834e-16,True,True,0.3198609999999462,278.87890625,279.20703125,0.328125,10.0,,True,"{""finite_edges"": true, ""instance_metadata"": {""complete"": true, ""instance_type"": ""euclidean"", ""n"": 12, ""points"": [[511.82162470025673, 950.4636963259353], [144.15961271963374, 948.6494471372439], [311.83145201048546, 423.32644897257563], [827.7025938204417, 409.1991363691613], [549.5936876730595, 27.559113243068367], [753.5131086748066, 538.1433132192782], [329.73171649909216, 788.4287034284043], [303.19482929164496, 453.4978894806515], [134.04169724716473, 403.11298644712923], [203.45524067614963, 262.3133404418495], [750.3646726300526, 280.4087579860399], [485.1909744316351, 980.7371998012386]], ""scale"": 1000.0, ""seed"": 1, ""symmetric"": true}, ""n_layers"": null, ""normalization_factor"": 1006.3717962694622, ""normalize"": true, ""optimum_status"": ""ok"", ""seed"": 0, ""tau"": 10.0, ""valid_route"": true}"
tau_sweep,tau_sweep_euclidean_n12_seed1,euclidean,12,1,tn_exact,ok,"[11, 0, 5, 3, 10, 4, 9, 8, 2, 7, 6, 1]",2849.3329717576507,2849.3329717576503,1.5959782706825834e-16,True,True,0.2923558000002231,279.20703125,278.71875,-0.48828125,12.0,,True,"{""finite_edges"": true, ""instance_metadata"": {""complete"": true, ""instance_type"": ""euclidean"", ""n"": 12, ""points"": [[511.82162470025673, 950.4636963259353], [144.15961271963374, 948.6494471372439], [311.83145201048546, 423.32644897257563], [827.7025938204417, 409.1991363691613], [549.5936876730595, 27.559113243068367], [753.5131086748066, 538.1433132192782], [329.73171649909216, 788.4287034284043], [303.19482929164496, 453.4978894806515], [134.04169724716473, 403.11298644712923], [203.45524067614963, 262.3133404418495], [750.3646726300526, 280.4087579860399], [485.1909744316351, 980.7371998012386]], ""scale"": 1000.0, ""seed"": 1, ""symmetric"": true}, ""n_layers"": null, ""normalization_factor"": 1006.3717962694622, ""normalize"": true, ""optimum_status"": ""ok"", ""seed"": 0, ""tau"": 12.0, ""valid_route"": true}"
tau_sweep,tau_sweep_euclidean_n12_seed1,euclidean,12,1,tn_exact,ok,"[11, 0, 5, 3, 10, 4, 9, 8, 2, 7, 6, 1]",2849.3329717576507,2849.3329717576503,1.5959782706825834e-16,True,True,0.2870095000002948,278.71875,278.875,0.15625,14.0,,True,"{""finite_edges"": true, ""instance_metadata"": {""complete"": true, ""instance_type"": ""euclidean"", ""n"": 12, ""points"": [[511.82162470025673, 950.4636963259353], [144.15961271963374, 948.6494471372439], [311.83145201048546, 423.32644897257563], [827.7025938204417, 409.1991363691613], [549.5936876730595, 27.559113243068367], [753.5131086748066, 538.1433132192782], [329.73171649909216, 788.4287034284043], [303.19482929164496, 453.4978894806515], [134.04169724716473, 403.11298644712923], [203.45524067614963, 262.3133404418495], [750.3646726300526, 280.4087579860399], [485.1909744316351, 980.7371998012386]], ""scale"": 1000.0, ""seed"": 1, ""symmetric"": true}, ""n_layers"": null, ""normalization_factor"": 1006.3717962694622, ""normalize"": true, ""optimum_status"": ""ok"", ""seed"": 0, ""tau"": 14.0, ""valid_route"": true}"
tau_sweep,tau_sweep_euclidean_n12_seed1,euclidean,12,1,tn_exact,ok,"[11, 0, 5, 3, 10, 4, 9, 8, 2, 7, 6, 1]",2849.3329717576507,2849.3329717576503,1.5959782706825834e-16,True,True,0.2725928999998359,278.875,279.296875,0.421875,16.0,,True,"{""finite_edges"": true, ""instance_metadata"": {""complete"": true, ""instance_type"": ""euclidean"", ""n"": 12, ""points"": [[511.82162470025673, 950.4636963259353], [144.15961271963374, 948.6494471372439], [311.83145201048546, 423.32644897257563], [827.7025938204417, 409.1991363691613], [549.5936876730595, 27.559113243068367], [753.5131086748066, 538.1433132192782], [329.73171649909216, 788.4287034284043], [303.19482929164496, 453.4978894806515], [134.04169724716473, 403.11298644712923], [203.45524067614963, 262.3133404418495], [750.3646726300526, 280.4087579860399], [485.1909744316351, 980.7371998012386]], ""scale"": 1000.0, ""seed"": 1, ""symmetric"": true}, ""n_layers"": null, ""normalization_factor"": 1006.3717962694622, ""normalize"": true, ""optimum_status"": ""ok"", ""seed"": 0, ""tau"": 16.0, ""valid_route"": true}"
tau_sweep,tau_sweep_euclidean_n12_seed1,euclidean,12,1,tn_exact,ok,"[11, 0, 5, 3, 10, 4, 9, 8, 2, 7, 6, 1]",2849.3329717576507,2849.3329717576503,1.5959782706825834e-16,True,True,0.267541500000334,279.296875,278.8828125,-0.4140625,18.0,,True,"{""finite_edges"": true, ""instance_metadata"": {""complete"": true, ""instance_type"": ""euclidean"", ""n"": 12, ""points"": [[511.82162470025673, 950.4636963259353], [144.15961271963374, 948.6494471372439], [311.83145201048546, 423.32644897257563], [827.7025938204417, 409.1991363691613], [549.5936876730595, 27.559113243068367], [753.5131086748066, 538.1433132192782], [329.73171649909216, 788.4287034284043], [303.19482929164496, 453.4978894806515], [134.04169724716473, 403.11298644712923], [203.45524067614963, 262.3133404418495], [750.3646726300526, 280.4087579860399], [485.1909744316351, 980.7371998012386]], ""scale"": 1000.0, ""seed"": 1, ""symmetric"": true}, ""n_layers"": null, ""normalization_factor"": 1006.3717962694622, ""normalize"": true, ""optimum_status"": ""ok"", ""seed"": 0, ""tau"": 18.0, ""valid_route"": true}"
tau_sweep,tau_sweep_euclidean_n12_seed1,euclidean,12,1,tn_exact,ok,"[11, 0, 5, 3, 10, 4, 9, 8, 2, 7, 6, 1]",2849.3329717576507,2849.3329717576503,1.5959782706825834e-16,True,True,0.2904542999999648,278.8828125,278.703125,-0.1796875,20.0,,True,"{""finite_edges"": true, ""instance_metadata"": {""complete"": true, ""instance_type"": ""euclidean"", ""n"": 12, ""points"": [[511.82162470025673, 950.4636963259353], [144.15961271963374, 948.6494471372439], [311.83145201048546, 423.32644897257563], [827.7025938204417, 409.1991363691613], [549.5936876730595, 27.559113243068367], [753.5131086748066, 538.1433132192782], [329.73171649909216, 788.4287034284043], [303.19482929164496, 453.4978894806515], [134.04169724716473, 403.11298644712923], [203.45524067614963, 262.3133404418495], [750.3646726300526, 280.4087579860399], [485.1909744316351, 980.7371998012386]], ""scale"": 1000.0, ""seed"": 1, ""symmetric"": true}, ""n_layers"": null, ""normalization_factor"": 1006.3717962694622, ""normalize"": true, ""optimum_status"": ""ok"", ""seed"": 0, ""tau"": 20.0, ""valid_route"": true}"
tau_sweep,tau_sweep_euclidean_n12_seed1,euclidean,12,1,tn_exact,ok,"[11, 0, 5, 3, 10, 4, 9, 8, 2, 7, 6, 1]",2849.3329717576507,2849.3329717576503,1.5959782706825834e-16,True,True,0.3286339999999654,278.703125,280.44140625,1.73828125,22.0,,True,"{""finite_edges"": true, ""instance_metadata"": {""complete"": true, ""instance_type"": ""euclidean"", ""n"": 12, ""points"": [[511.82162470025673, 950.4636963259353], [144.15961271963374, 948.6494471372439], [311.83145201048546, 423.32644897257563], [827.7025938204417, 409.1991363691613], [549.5936876730595, 27.559113243068367], [753.5131086748066, 538.1433132192782], [329.73171649909216, 788.4287034284043], [303.19482929164496, 453.4978894806515], [134.04169724716473, 403.11298644712923], [203.45524067614963, 262.3133404418495], [750.3646726300526, 280.4087579860399], [485.1909744316351, 980.7371998012386]], ""scale"": 1000.0, ""seed"": 1, ""symmetric"": true}, ""n_layers"": null, ""normalization_factor"": 1006.3717962694622, ""normalize"": true, ""optimum_status"": ""ok"", ""seed"": 0, ""tau"": 22.0, ""valid_route"": true}"
tau_sweep,tau_sweep_euclidean_n12_seed1,euclidean,12,1,tn_exact,ok,"[11, 0, 5, 3, 10, 4, 9, 8, 2, 7, 6, 1]",2849.3329717576507,2849.3329717576503,1.5959782706825834e-16,True,True,0.2996834999999009,280.44140625,279.9453125,-0.49609375,24.0,,True,"{""finite_edges"": true, ""instance_metadata"": {""complete"": true, ""instance_type"": ""euclidean"", ""n"": 12, ""points"": [[511.82162470025673, 950.4636963259353], [144.15961271963374, 948.6494471372439], [311.83145201048546, 423.32644897257563], [827.7025938204417, 409.1991363691613], [549.5936876730595, 27.559113243068367], [753.5131086748066, 538.1433132192782], [329.73171649909216, 788.4287034284043], [303.19482929164496, 453.4978894806515], [134.04169724716473, 403.11298644712923], [203.45524067614963, 262.3133404418495], [750.3646726300526, 280.4087579860399], [485.1909744316351, 980.7371998012386]], ""scale"": 1000.0, ""seed"": 1, ""symmetric"": true}, ""n_layers"": null, ""normalization_factor"": 1006.3717962694622, ""normalize"": true, ""optimum_status"": ""ok"", ""seed"": 0, ""tau"": 24.0, ""valid_route"": true}"
tau_sweep,tau_sweep_euclidean_n12_seed1,euclidean,12,1,tn_exact,ok,"[11, 0, 5, 3, 10, 4, 9, 8, 2, 7, 6, 1]",2849.3329717576507,2849.3329717576503,1.5959782706825834e-16,True,True,0.280837899999824,279.9453125,279.609375,-0.3359375,26.0,,True,"{""finite_edges"": true, ""instance_metadata"": {""complete"": true, ""instance_type"": ""euclidean"", ""n"": 12, ""points"": [[511.82162470025673, 950.4636963259353], [144.15961271963374, 948.6494471372439], [311.83145201048546, 423.32644897257563], [827.7025938204417, 409.1991363691613], [549.5936876730595, 27.559113243068367], [753.5131086748066, 538.1433132192782], [329.73171649909216, 788.4287034284043], [303.19482929164496, 453.4978894806515], [134.04169724716473, 403.11298644712923], [203.45524067614963, 262.3133404418495], [750.3646726300526, 280.4087579860399], [485.1909744316351, 980.7371998012386]], ""scale"": 1000.0, ""seed"": 1, ""symmetric"": true}, ""n_layers"": null, ""normalization_factor"": 1006.3717962694622, ""normalize"": true, ""optimum_status"": ""ok"", ""seed"": 0, ""tau"": 26.0, ""valid_route"": true}"
tau_sweep,tau_sweep_euclidean_n12_seed1,euclidean,12,1,tn_exact,ok,"[11, 0, 5, 3, 10, 4, 9, 8, 2, 7, 6, 1]",2849.3329717576507,2849.3329717576503,1.5959782706825834e-16,True,True,0.3291853999999148,279.609375,278.515625,-1.09375,28.0,,True,"{""finite_edges"": true, ""instance_metadata"": {""complete"": true, ""instance_type"": ""euclidean"", ""n"": 12, ""points"": [[511.82162470025673, 950.4636963259353], [144.15961271963374, 948.6494471372439], [311.83145201048546, 423.32644897257563], [827.7025938204417, 409.1991363691613], [549.5936876730595, 27.559113243068367], [753.5131086748066, 538.1433132192782], [329.73171649909216, 788.4287034284043], [303.19482929164496, 453.4978894806515], [134.04169724716473, 403.11298644712923], [203.45524067614963, 262.3133404418495], [750.3646726300526, 280.4087579860399], [485.1909744316351, 980.7371998012386]], ""scale"": 1000.0, ""seed"": 1, ""symmetric"": true}, ""n_layers"": null, ""normalization_factor"": 1006.3717962694622, ""normalize"": true, ""optimum_status"": ""ok"", ""seed"": 0, ""tau"": 28.0, ""valid_route"": true}"
tau_sweep,tau_sweep_euclidean_n12_seed1,euclidean,12,1,tn_exact,ok,"[11, 0, 5, 3, 10, 4, 9, 8, 2, 7, 6, 1]",2849.3329717576507,2849.3329717576503,1.5959782706825834e-16,True,True,0.4069845999997596,278.515625,279.40625,0.890625,30.0,,True,"{""finite_edges"": true, ""instance_metadata"": {""complete"": true, ""instance_type"": ""euclidean"", ""n"": 12, ""points"": [[511.82162470025673, 950.4636963259353], [144.15961271963374, 948.6494471372439], [311.83145201048546, 423.32644897257563], [827.7025938204417, 409.1991363691613], [549.5936876730595, 27.559113243068367], [753.5131086748066, 538.1433132192782], [329.73171649909216, 788.4287034284043], [303.19482929164496, 453.4978894806515], [134.04169724716473, 403.11298644712923], [203.45524067614963, 262.3133404418495], [750.3646726300526, 280.4087579860399], [485.1909744316351, 980.7371998012386]], ""scale"": 1000.0, ""seed"": 1, ""symmetric"": true}, ""n_layers"": null, ""normalization_factor"": 1006.3717962694622, ""normalize"": true, ""optimum_status"": ""ok"", ""seed"": 0, ""tau"": 30.0, ""valid_route"": true}"
tau_sweep,tau_sweep_random_symmetric_n12_seed1,random_symmetric,12,1,tn_exact,ok,"[11, 8, 0, 4, 2, 3, 6, 1, 5, 10, 7, 9]",342.9302908035091,339.0782486323965,0.0113603340428029,True,True,0.2997956999997768,279.40625,279.46484375,0.05859375,10.0,,True,"{""finite_edges"": true, ""instance_metadata"": {""complete"": true, ""high"": 100.0, ""instance_type"": ""random_symmetric"", ""low"": 1.0, ""n"": 12, ""seed"": 1, ""symmetric"": true}, ""n_layers"": null, ""normalization_factor"": 87.89236606888605, ""normalize"": true, ""optimum_status"": ""ok"", ""seed"": 0, ""tau"": 10.0, ""valid_route"": true}"
tau_sweep,tau_sweep_random_symmetric_n12_seed1,random_symmetric,12,1,tn_exact,ok,"[11, 8, 0, 4, 2, 3, 6, 1, 5, 10, 7, 9]",342.9302908035091,339.0782486323965,0.0113603340428029,True,True,0.2976376999999957,279.46484375,280.26171875,0.796875,12.0,,True,"{""finite_edges"": true, ""instance_metadata"": {""complete"": true, ""high"": 100.0, ""instance_type"": ""random_symmetric"", ""low"": 1.0, ""n"": 12, ""seed"": 1, ""symmetric"": true}, ""n_layers"": null, ""normalization_factor"": 87.89236606888605, ""normalize"": true, ""optimum_status"": ""ok"", ""seed"": 0, ""tau"": 12.0, ""valid_route"": true}"
tau_sweep,tau_sweep_random_symmetric_n12_seed1,random_symmetric,12,1,tn_exact,ok,"[11, 8, 0, 4, 2, 3, 9, 7, 10, 5, 1, 6]",339.0782486323965,339.0782486323965,0.0,True,True,0.2945528000000195,280.26171875,280.9453125,0.68359375,14.0,,True,"{""finite_edges"": true, ""instance_metadata"": {""complete"": true, ""high"": 100.0, ""instance_type"": ""random_symmetric"", ""low"": 1.0, ""n"": 12, ""seed"": 1, ""symmetric"": true}, ""n_layers"": null, ""normalization_factor"": 87.89236606888605, ""normalize"": true, ""optimum_status"": ""ok"", ""seed"": 0, ""tau"": 14.0, ""valid_route"": true}"
tau_sweep,tau_sweep_random_symmetric_n12_seed1,random_symmetric,12,1,tn_exact,ok,"[11, 8, 0, 4, 2, 3, 9, 7, 10, 5, 1, 6]",339.0782486323965,339.0782486323965,0.0,True,True,0.2509470999998484,280.9453125,279.4296875,-1.515625,16.0,,True,"{""finite_edges"": true, ""instance_metadata"": {""complete"": true, ""high"": 100.0, ""instance_type"": ""random_symmetric"", ""low"": 1.0, ""n"": 12, ""seed"": 1, ""symmetric"": true}, ""n_layers"": null, ""normalization_factor"": 87.89236606888605, ""normalize"": true, ""optimum_status"": ""ok"", ""seed"": 0, ""tau"": 16.0, ""valid_route"": true}"
tau_sweep,tau_sweep_random_symmetric_n12_seed1,random_symmetric,12,1,tn_exact,ok,"[11, 8, 0, 4, 2, 3, 9, 7, 10, 5, 1, 6]",339.0782486323965,339.0782486323965,0.0,True,True,0.3439688000003116,279.4296875,279.078125,-0.3515625,18.0,,True,"{""finite_edges"": true, ""instance_metadata"": {""complete"": true, ""high"": 100.0, ""instance_type"": ""random_symmetric"", ""low"": 1.0, ""n"": 12, ""seed"": 1, ""symmetric"": true}, ""n_layers"": null, ""normalization_factor"": 87.89236606888605, ""normalize"": true, ""optimum_status"": ""ok"", ""seed"": 0, ""tau"": 18.0, ""valid_route"": true}"
tau_sweep,tau_sweep_random_symmetric_n12_seed1,random_symmetric,12,1,tn_exact,ok,"[11, 8, 0, 4, 2, 3, 9, 7, 10, 5, 1, 6]",339.0782486323965,339.0782486323965,0.0,True,True,0.2901006000001871,279.078125,278.98828125,-0.08984375,20.0,,True,"{""finite_edges"": true, ""instance_metadata"": {""complete"": true, ""high"": 100.0, ""instance_type"": ""random_symmetric"", ""low"": 1.0, ""n"": 12, ""seed"": 1, ""symmetric"": true}, ""n_layers"": null, ""normalization_factor"": 87.89236606888605, ""normalize"": true, ""optimum_status"": ""ok"", ""seed"": 0, ""tau"": 20.0, ""valid_route"": true}"
tau_sweep,tau_sweep_random_symmetric_n12_seed1,random_symmetric,12,1,tn_exact,ok,"[11, 8, 0, 4, 2, 3, 9, 7, 10, 5, 1, 6]",339.0782486323965,339.0782486323965,0.0,True,True,0.3159980999998879,278.98828125,280.4921875,1.50390625,22.0,,True,"{""finite_edges"": true, ""instance_metadata"": {""complete"": true, ""high"": 100.0, ""instance_type"": ""random_symmetric"", ""low"": 1.0, ""n"": 12, ""seed"": 1, ""symmetric"": true}, ""n_layers"": null, ""normalization_factor"": 87.89236606888605, ""normalize"": true, ""optimum_status"": ""ok"", ""seed"": 0, ""tau"": 22.0, ""valid_route"": true}"
tau_sweep,tau_sweep_random_symmetric_n12_seed1,random_symmetric,12,1,tn_exact,ok,"[11, 8, 0, 4, 2, 3, 9, 7, 10, 5, 1, 6]",339.0782486323965,339.0782486323965,0.0,True,True,0.353178299999854,280.4921875,279.203125,-1.2890625,24.0,,True,"{""finite_edges"": true, ""instance_metadata"": {""complete"": true, ""high"": 100.0, ""instance_type"": ""random_symmetric"", ""low"": 1.0, ""n"": 12, ""seed"": 1, ""symmetric"": true}, ""n_layers"": null, ""normalization_factor"": 87.89236606888605, ""normalize"": true, ""optimum_status"": ""ok"", ""seed"": 0, ""tau"": 24.0, ""valid_route"": true}"
tau_sweep,tau_sweep_random_symmetric_n12_seed1,random_symmetric,12,1,tn_exact,ok,"[11, 8, 0, 4, 2, 3, 9, 7, 10, 5, 1, 6]",339.0782486323965,339.0782486323965,0.0,True,True,0.4246841999997741,279.203125,279.23828125,0.03515625,26.0,,True,"{""finite_edges"": true, ""instance_metadata"": {""complete"": true, ""high"": 100.0, ""instance_type"": ""random_symmetric"", ""low"": 1.0, ""n"": 12, ""seed"": 1, ""symmetric"": true}, ""n_layers"": null, ""normalization_factor"": 87.89236606888605, ""normalize"": true, ""optimum_status"": ""ok"", ""seed"": 0, ""tau"": 26.0, ""valid_route"": true}"
tau_sweep,tau_sweep_random_symmetric_n12_seed1,random_symmetric,12,1,tn_exact,ok,"[11, 0, 4, 2, 3, 6, 1, 5, 10, 7, 9, 8]",374.0149740885394,339.0782486323965,0.1030344045867086,True,True,0.455652199999804,279.23828125,278.7421875,-0.49609375,28.0,,True,"{""finite_edges"": true, ""instance_metadata"": {""complete"": true, ""high"": 100.0, ""instance_type"": ""random_symmetric"", ""low"": 1.0, ""n"": 12, ""seed"": 1, ""symmetric"": true}, ""n_layers"": null, ""normalization_factor"": 87.89236606888605, ""normalize"": true, ""optimum_status"": ""ok"", ""seed"": 0, ""tau"": 28.0, ""valid_route"": true}"
tau_sweep,tau_sweep_random_symmetric_n12_seed1,random_symmetric,12,1,tn_exact,ok,"[11, 0, 4, 2, 3, 6, 1, 5, 10, 7, 9, 8]",374.0149740885394,339.0782486323965,0.1030344045867086,True,True,0.5285890999998628,278.7421875,277.90234375,-0.83984375,30.0,,True,"{""finite_edges"": true, ""instance_metadata"": {""complete"": true, ""high"": 100.0, ""instance_type"": ""random_symmetric"", ""low"": 1.0, ""n"": 12, ""seed"": 1, ""symmetric"": true}, ""n_layers"": null, ""normalization_factor"": 87.89236606888605, ""normalize"": true, ""optimum_status"": ""ok"", ""seed"": 0, ""tau"": 30.0, ""valid_route"": true}"
tau_sweep,tau_sweep_random_asymmetric_n12_seed1,random_asymmetric,12,1,tn_exact,ok,"[11, 8, 5, 1, 4, 7, 9, 3, 0, 2, 10, 6]",202.88947993914016,191.7302210157304,0.0582029210851125,True,True,0.312288499999795,277.93359375,279.55078125,1.6171875,10.0,,True,"{""finite_edges"": true, ""instance_metadata"": {""complete"": true, ""high"": 100.0, ""instance_type"": ""random_asymmetric"", ""low"": 1.0, ""n"": 12, ""seed"": 1, ""symmetric"": false}, ""n_layers"": null, ""normalization_factor"": 99.61797782174416, ""normalize"": true, ""optimum_status"": ""ok"", ""seed"": 0, ""tau"": 10.0, ""valid_route"": true}"
tau_sweep,tau_sweep_random_asymmetric_n12_seed1,random_asymmetric,12,1,tn_exact,ok,"[11, 8, 5, 10, 6, 3, 0, 9, 2, 7, 1, 4]",200.25989866012392,191.7302210157304,0.0444879143163022,True,True,0.38562630000024,279.55078125,279.71484375,0.1640625,12.0,,True,"{""finite_edges"": true, ""instance_metadata"": {""complete"": true, ""high"": 100.0, ""instance_type"": ""random_asymmetric"", ""low"": 1.0, ""n"": 12, ""seed"": 1, ""symmetric"": false}, ""n_layers"": null, ""normalization_factor"": 99.61797782174416, ""normalize"": true, ""optimum_status"": ""ok"", ""seed"": 0, ""tau"": 12.0, ""valid_route"": true}"
tau_sweep,tau_sweep_random_asymmetric_n12_seed1,random_asymmetric,12,1,tn_exact,ok,"[11, 8, 5, 10, 6, 3, 0, 9, 2, 7, 1, 4]",200.25989866012392,191.7302210157304,0.0444879143163022,True,True,0.2881502999998702,279.71484375,279.71484375,0.0,14.0,,True,"{""finite_edges"": true, ""instance_metadata"": {""complete"": true, ""high"": 100.0, ""instance_type"": ""random_asymmetric"", ""low"": 1.0, ""n"": 12, ""seed"": 1, ""symmetric"": false}, ""n_layers"": null, ""normalization_factor"": 99.61797782174416, ""normalize"": true, ""optimum_status"": ""ok"", ""seed"": 0, ""tau"": 14.0, ""valid_route"": true}"
tau_sweep,tau_sweep_random_asymmetric_n12_seed1,random_asymmetric,12,1,tn_exact,ok,"[11, 8, 5, 10, 6, 3, 0, 9, 2, 7, 1, 4]",200.25989866012392,191.7302210157304,0.0444879143163022,True,True,0.2607318000000305,279.71484375,279.4453125,-0.26953125,16.0,,True,"{""finite_edges"": true, ""instance_metadata"": {""complete"": true, ""high"": 100.0, ""instance_type"": ""random_asymmetric"", ""low"": 1.0, ""n"": 12, ""seed"": 1, ""symmetric"": false}, ""n_layers"": null, ""normalization_factor"": 99.61797782174416, ""normalize"": true, ""optimum_status"": ""ok"", ""seed"": 0, ""tau"": 16.0, ""valid_route"": true}"
tau_sweep,tau_sweep_random_asymmetric_n12_seed1,random_asymmetric,12,1,tn_exact,ok,"[11, 8, 5, 1, 9, 3, 0, 2, 4, 7, 10, 6]",198.00738266334528,191.7302210157304,0.0327395525565051,True,True,0.2761882999998306,279.4453125,278.87109375,-0.57421875,18.0,,True,"{""finite_edges"": true, ""instance_metadata"": {""complete"": true, ""high"": 100.0, ""instance_type"": ""random_asymmetric"", ""low"": 1.0, ""n"": 12, ""seed"": 1, ""symmetric"": false}, ""n_layers"": null, ""normalization_factor"": 99.61797782174416, ""normalize"": true, ""optimum_status"": ""ok"", ""seed"": 0, ""tau"": 18.0, ""valid_route"": true}"
tau_sweep,tau_sweep_random_asymmetric_n12_seed1,random_asymmetric,12,1,tn_exact,ok,"[11, 10, 5, 1, 4, 6, 3, 0, 2, 7, 9, 8]",191.7302210157304,191.7302210157304,0.0,True,True,0.2729663000000073,278.87109375,278.7421875,-0.12890625,20.0,,True,"{""finite_edges"": true, ""instance_metadata"": {""complete"": true, ""high"": 100.0, ""instance_type"": ""random_asymmetric"", ""low"": 1.0, ""n"": 12, ""seed"": 1, ""symmetric"": false}, ""n_layers"": null, ""normalization_factor"": 99.61797782174416, ""normalize"": true, ""optimum_status"": ""ok"", ""seed"": 0, ""tau"": 20.0, ""valid_route"": true}"
tau_sweep,tau_sweep_random_asymmetric_n12_seed1,random_asymmetric,12,1,tn_exact,ok,"[11, 10, 5, 1, 4, 6, 3, 0, 2, 7, 9, 8]",191.7302210157304,191.7302210157304,0.0,True,True,0.3007856999997784,278.7421875,278.859375,0.1171875,22.0,,True,"{""finite_edges"": true, ""instance_metadata"": {""complete"": true, ""high"": 100.0, ""instance_type"": ""random_asymmetric"", ""low"": 1.0, ""n"": 12, ""seed"": 1, ""symmetric"": false}, ""n_layers"": null, ""normalization_factor"": 99.61797782174416, ""normalize"": true, ""optimum_status"": ""ok"", ""seed"": 0, ""tau"": 22.0, ""valid_route"": true}"
tau_sweep,tau_sweep_random_asymmetric_n12_seed1,random_asymmetric,12,1,tn_exact,ok,"[11, 10, 5, 1, 4, 6, 3, 0, 2, 7, 9, 8]",191.7302210157304,191.7302210157304,0.0,True,True,0.3904474999999365,278.859375,277.078125,-1.78125,24.0,,True,"{""finite_edges"": true, ""instance_metadata"": {""complete"": true, ""high"": 100.0, ""instance_type"": ""random_asymmetric"", ""low"": 1.0, ""n"": 12, ""seed"": 1, ""symmetric"": false}, ""n_layers"": null, ""normalization_factor"": 99.61797782174416, ""normalize"": true, ""optimum_status"": ""ok"", ""seed"": 0, ""tau"": 24.0, ""valid_route"": true}"
tau_sweep,tau_sweep_random_asymmetric_n12_seed1,random_asymmetric,12,1,tn_exact,ok,"[11, 10, 5, 1, 4, 6, 3, 0, 2, 7, 9, 8]",191.7302210157304,191.7302210157304,0.0,True,True,0.3190186000001631,277.078125,279.0859375,2.0078125,26.0,,True,"{""finite_edges"": true, ""instance_metadata"": {""complete"": true, ""high"": 100.0, ""instance_type"": ""random_asymmetric"", ""low"": 1.0, ""n"": 12, ""seed"": 1, ""symmetric"": false}, ""n_layers"": null, ""normalization_factor"": 99.61797782174416, ""normalize"": true, ""optimum_status"": ""ok"", ""seed"": 0, ""tau"": 26.0, ""valid_route"": true}"
tau_sweep,tau_sweep_random_asymmetric_n12_seed1,random_asymmetric,12,1,tn_exact,ok,"[11, 10, 5, 1, 4, 6, 3, 0, 2, 7, 9, 8]",191.7302210157304,191.7302210157304,0.0,True,True,0.2843315999998594,279.0859375,278.98828125,-0.09765625,28.0,,True,"{""finite_edges"": true, ""instance_metadata"": {""complete"": true, ""high"": 100.0, ""instance_type"": ""random_asymmetric"", ""low"": 1.0, ""n"": 12, ""seed"": 1, ""symmetric"": false}, ""n_layers"": null, ""normalization_factor"": 99.61797782174416, ""normalize"": true, ""optimum_status"": ""ok"", ""seed"": 0, ""tau"": 28.0, ""valid_route"": true}"
tau_sweep,tau_sweep_random_asymmetric_n12_seed1,random_asymmetric,12,1,tn_exact,ok,"[11, 10, 5, 1, 4, 6, 3, 0, 2, 7, 9, 8]",191.7302210157304,191.7302210157304,0.0,True,True,0.3269374000001335,278.98828125,278.30859375,-0.6796875,30.0,,True,"{""finite_edges"": true, ""instance_metadata"": {""complete"": true, ""high"": 100.0, ""instance_type"": ""random_asymmetric"", ""low"": 1.0, ""n"": 12, ""seed"": 1, ""symmetric"": false}, ""n_layers"": null, ""normalization_factor"": 99.61797782174416, ""normalize"": true, ""optimum_status"": ""ok"", ""seed"": 0, ""tau"": 30.0, ""valid_route"": true}"
tau_sweep,tau_sweep_euclidean_n12_seed2,euclidean,12,2,tn_exact,ok,"[11, 8, 1, 5, 9, 3, 0, 10, 4, 7, 6, 2]",2711.960830406868,2711.960830406868,0.0,True,True,0.2804184000001442,278.30859375,278.58984375,0.28125,10.0,,True,"{""finite_edges"": true, ""instance_metadata"": {""complete"": true, ""instance_type"": ""euclidean"", ""n"": 12, ""points"": [[261.6121342493164, 298.4911434141233], [814.2257405942803, 91.91594213509691], [600.100525965654, 728.5605268117946], [187.90107336660344, 55.14662733306819], [274.9693679060381, 657.4330148755926], [562.265662780428, 150.06226330533613], [432.6307908047872, 669.2972985745203], [422.7846732701278, 633.1843992741165], [967.4359524936766, 683.0648223096252], [391.6248330800262, 187.25256972009808], [345.9606655717331, 511.06597356957707], [891.2094095005791, 775.5639424726894]], ""scale"": 1000.0, ""seed"": 2, ""symmetric"": true}, ""n_layers"": null, ""normalization_factor"": 1006.7987503113627, ""normalize"": true, ""optimum_status"": ""ok"", ""seed"": 0, ""tau"": 10.0, ""valid_route"": true}"
tau_sweep,tau_sweep_euclidean_n12_seed2,euclidean,12,2,tn_exact,ok,"[11, 8, 1, 5, 9, 3, 0, 10, 4, 7, 6, 2]",2711.960830406868,2711.960830406868,0.0,True,True,0.2992755000000215,278.58984375,279.8828125,1.29296875,12.0,,True,"{""finite_edges"": true, ""instance_metadata"": {""complete"": true, ""instance_type"": ""euclidean"", ""n"": 12, ""points"": [[261.6121342493164, 298.4911434141233], [814.2257405942803, 91.91594213509691], [600.100525965654, 728.5605268117946], [187.90107336660344, 55.14662733306819], [274.9693679060381, 657.4330148755926], [562.265662780428, 150.06226330533613], [432.6307908047872, 669.2972985745203], [422.7846732701278, 633.1843992741165], [967.4359524936766, 683.0648223096252], [391.6248330800262, 187.25256972009808], [345.9606655717331, 511.06597356957707], [891.2094095005791, 775.5639424726894]], ""scale"": 1000.0, ""seed"": 2, ""symmetric"": true}, ""n_layers"": null, ""normalization_factor"": 1006.7987503113627, ""normalize"": true, ""optimum_status"": ""ok"", ""seed"": 0, ""tau"": 12.0, ""valid_route"": true}"
tau_sweep,tau_sweep_euclidean_n12_seed2,euclidean,12,2,tn_exact,ok,"[11, 8, 1, 5, 9, 3, 0, 10, 4, 7, 6, 2]",2711.960830406868,2711.960830406868,0.0,True,True,0.3103483999998389,279.8828125,280.71484375,0.83203125,14.0,,True,"{""finite_edges"": true, ""instance_metadata"": {""complete"": true, ""instance_type"": ""euclidean"", ""n"": 12, ""points"": [[261.6121342493164, 298.4911434141233], [814.2257405942803, 91.91594213509691], [600.100525965654, 728.5605268117946], [187.90107336660344, 55.14662733306819], [274.9693679060381, 657.4330148755926], [562.265662780428, 150.06226330533613], [432.6307908047872, 669.2972985745203], [422.7846732701278, 633.1843992741165], [967.4359524936766, 683.0648223096252], [391.6248330800262, 187.25256972009808], [345.9606655717331, 511.06597356957707], [891.2094095005791, 775.5639424726894]], ""scale"": 1000.0, ""seed"": 2, ""symmetric"": true}, ""n_layers"": null, ""normalization_factor"": 1006.7987503113627, ""normalize"": true, ""optimum_status"": ""ok"", ""seed"": 0, ""tau"": 14.0, ""valid_route"": true}"
tau_sweep,tau_sweep_euclidean_n12_seed2,euclidean,12,2,tn_exact,ok,"[11, 8, 1, 5, 9, 3, 0, 10, 4, 7, 6, 2]",2711.960830406868,2711.960830406868,0.0,True,True,0.3510138000001461,280.71484375,280.140625,-0.57421875,16.0,,True,"{""finite_edges"": true, ""instance_metadata"": {""complete"": true, ""instance_type"": ""euclidean"", ""n"": 12, ""points"": [[261.6121342493164, 298.4911434141233], [814.2257405942803, 91.91594213509691], [600.100525965654, 728.5605268117946], [187.90107336660344, 55.14662733306819], [274.9693679060381, 657.4330148755926], [562.265662780428, 150.06226330533613], [432.6307908047872, 669.2972985745203], [422.7846732701278, 633.1843992741165], [967.4359524936766, 683.0648223096252], [391.6248330800262, 187.25256972009808], [345.9606655717331, 511.06597356957707], [891.2094095005791, 775.5639424726894]], ""scale"": 1000.0, ""seed"": 2, ""symmetric"": true}, ""n_layers"": null, ""normalization_factor"": 1006.7987503113627, ""normalize"": true, ""optimum_status"": ""ok"", ""seed"": 0, ""tau"": 16.0, ""valid_route"": true}"
tau_sweep,tau_sweep_euclidean_n12_seed2,euclidean,12,2,tn_exact,ok,"[11, 8, 1, 5, 9, 3, 0, 10, 4, 7, 6, 2]",2711.960830406868,2711.960830406868,0.0,True,True,0.2860670000000027,280.140625,281.2890625,1.1484375,18.0,,True,"{""finite_edges"": true, ""instance_metadata"": {""complete"": true, ""instance_type"": ""euclidean"", ""n"": 12, ""points"": [[261.6121342493164, 298.4911434141233], [814.2257405942803, 91.91594213509691], [600.100525965654, 728.5605268117946], [187.90107336660344, 55.14662733306819], [274.9693679060381, 657.4330148755926], [562.265662780428, 150.06226330533613], [432.6307908047872, 669.2972985745203], [422.7846732701278, 633.1843992741165], [967.4359524936766, 683.0648223096252], [391.6248330800262, 187.25256972009808], [345.9606655717331, 511.06597356957707], [891.2094095005791, 775.5639424726894]], ""scale"": 1000.0, ""seed"": 2, ""symmetric"": true}, ""n_layers"": null, ""normalization_factor"": 1006.7987503113627, ""normalize"": true, ""optimum_status"": ""ok"", ""seed"": 0, ""tau"": 18.0, ""valid_route"": true}"
tau_sweep,tau_sweep_euclidean_n12_seed2,euclidean,12,2,tn_exact,ok,"[11, 8, 1, 5, 9, 3, 0, 10, 4, 7, 6, 2]",2711.960830406868,2711.960830406868,0.0,True,True,0.2706076999998004,281.2890625,280.50390625,-0.78515625,20.0,,True,"{""finite_edges"": true, ""instance_metadata"": {""complete"": true, ""instance_type"": ""euclidean"", ""n"": 12, ""points"": [[261.6121342493164, 298.4911434141233], [814.2257405942803, 91.91594213509691], [600.100525965654, 728.5605268117946], [187.90107336660344, 55.14662733306819], [274.9693679060381, 657.4330148755926], [562.265662780428, 150.06226330533613], [432.6307908047872, 669.2972985745203], [422.7846732701278, 633.1843992741165], [967.4359524936766, 683.0648223096252], [391.6248330800262, 187.25256972009808], [345.9606655717331, 511.06597356957707], [891.2094095005791, 775.5639424726894]], ""scale"": 1000.0, ""seed"": 2, ""symmetric"": true}, ""n_layers"": null, ""normalization_factor"": 1006.7987503113627, ""normalize"": true, ""optimum_status"": ""ok"", ""seed"": 0, ""tau"": 20.0, ""valid_route"": true}"
tau_sweep,tau_sweep_euclidean_n12_seed2,euclidean,12,2,tn_exact,ok,"[11, 8, 1, 5, 9, 3, 0, 10, 4, 7, 6, 2]",2711.960830406868,2711.960830406868,0.0,True,True,0.3207984999999098,280.50390625,279.58203125,-0.921875,22.0,,True,"{""finite_edges"": true, ""instance_metadata"": {""complete"": true, ""instance_type"": ""euclidean"", ""n"": 12, ""points"": [[261.6121342493164, 298.4911434141233], [814.2257405942803, 91.91594213509691], [600.100525965654, 728.5605268117946], [187.90107336660344, 55.14662733306819], [274.9693679060381, 657.4330148755926], [562.265662780428, 150.06226330533613], [432.6307908047872, 669.2972985745203], [422.7846732701278, 633.1843992741165], [967.4359524936766, 683.0648223096252], [391.6248330800262, 187.25256972009808], [345.9606655717331, 511.06597356957707], [891.2094095005791, 775.5639424726894]], ""scale"": 1000.0, ""seed"": 2, ""symmetric"": true}, ""n_layers"": null, ""normalization_factor"": 1006.7987503113627, ""normalize"": true, ""optimum_status"": ""ok"", ""seed"": 0, ""tau"": 22.0, ""valid_route"": true}"
tau_sweep,tau_sweep_euclidean_n12_seed2,euclidean,12,2,tn_exact,ok,"[11, 8, 1, 5, 9, 3, 0, 10, 4, 7, 6, 2]",2711.960830406868,2711.960830406868,0.0,True,True,0.2238509000003432,279.58203125,280.375,0.79296875,24.0,,True,"{""finite_edges"": true, ""instance_metadata"": {""complete"": true, ""instance_type"": ""euclidean"", ""n"": 12, ""points"": [[261.6121342493164, 298.4911434141233], [814.2257405942803, 91.91594213509691], [600.100525965654, 728.5605268117946], [187.90107336660344, 55.14662733306819], [274.9693679060381, 657.4330148755926], [562.265662780428, 150.06226330533613], [432.6307908047872, 669.2972985745203], [422.7846732701278, 633.1843992741165], [967.4359524936766, 683.0648223096252], [391.6248330800262, 187.25256972009808], [345.9606655717331, 511.06597356957707], [891.2094095005791, 775.5639424726894]], ""scale"": 1000.0, ""seed"": 2, ""symmetric"": true}, ""n_layers"": null, ""normalization_factor"": 1006.7987503113627, ""normalize"": true, ""optimum_status"": ""ok"", ""seed"": 0, ""tau"": 24.0, ""valid_route"": true}"
tau_sweep,tau_sweep_euclidean_n12_seed2,euclidean,12,2,tn_exact,ok,"[11, 8, 1, 5, 9, 3, 0, 10, 4, 7, 6, 2]",2711.960830406868,2711.960830406868,0.0,True,True,0.2793077999999696,280.375,280.30859375,-0.06640625,26.0,,True,"{""finite_edges"": true, ""instance_metadata"": {""complete"": true, ""instance_type"": ""euclidean"", ""n"": 12, ""points"": [[261.6121342493164, 298.4911434141233], [814.2257405942803, 91.91594213509691], [600.100525965654, 728.5605268117946], [187.90107336660344, 55.14662733306819], [274.9693679060381, 657.4330148755926], [562.265662780428, 150.06226330533613], [432.6307908047872, 669.2972985745203], [422.7846732701278, 633.1843992741165], [967.4359524936766, 683.0648223096252], [391.6248330800262, 187.25256972009808], [345.9606655717331, 511.06597356957707], [891.2094095005791, 775.5639424726894]], ""scale"": 1000.0, ""seed"": 2, ""symmetric"": true}, ""n_layers"": null, ""normalization_factor"": 1006.7987503113627, ""normalize"": true, ""optimum_status"": ""ok"", ""seed"": 0, ""tau"": 26.0, ""valid_route"": true}"
tau_sweep,tau_sweep_euclidean_n12_seed2,euclidean,12,2,tn_exact,ok,"[11, 8, 1, 5, 9, 3, 0, 10, 4, 7, 6, 2]",2711.960830406868,2711.960830406868,0.0,True,True,0.2966406000000461,280.30859375,280.8359375,0.52734375,28.0,,True,"{""finite_edges"": true, ""instance_metadata"": {""complete"": true, ""instance_type"": ""euclidean"", ""n"": 12, ""points"": [[261.6121342493164, 298.4911434141233], [814.2257405942803, 91.91594213509691], [600.100525965654, 728.5605268117946], [187.90107336660344, 55.14662733306819], [274.9693679060381, 657.4330148755926], [562.265662780428, 150.06226330533613], [432.6307908047872, 669.2972985745203], [422.7846732701278, 633.1843992741165], [967.4359524936766, 683.0648223096252], [391.6248330800262, 187.25256972009808], [345.9606655717331, 511.06597356957707], [891.2094095005791, 775.5639424726894]], ""scale"": 1000.0, ""seed"": 2, ""symmetric"": true}, ""n_layers"": null, ""normalization_factor"": 1006.7987503113627, ""normalize"": true, ""optimum_status"": ""ok"", ""seed"": 0, ""tau"": 28.0, ""valid_route"": true}"
tau_sweep,tau_sweep_euclidean_n12_seed2,euclidean,12,2,tn_exact,ok,"[11, 8, 1, 5, 9, 3, 0, 10, 4, 7, 6, 2]",2711.960830406868,2711.960830406868,0.0,True,True,0.3725080999997772,280.8359375,279.3203125,-1.515625,30.0,,True,"{""finite_edges"": true, ""instance_metadata"": {""complete"": true, ""instance_type"": ""euclidean"", ""n"": 12, ""points"": [[261.6121342493164, 298.4911434141233], [814.2257405942803, 91.91594213509691], [600.100525965654, 728.5605268117946], [187.90107336660344, 55.14662733306819], [274.9693679060381, 657.4330148755926], [562.265662780428, 150.06226330533613], [432.6307908047872, 669.2972985745203], [422.7846732701278, 633.1843992741165], [967.4359524936766, 683.0648223096252], [391.6248330800262, 187.25256972009808], [345.9606655717331, 511.06597356957707], [891.2094095005791, 775.5639424726894]], ""scale"": 1000.0, ""seed"": 2, ""symmetric"": true}, ""n_layers"": null, ""normalization_factor"": 1006.7987503113627, ""normalize"": true, ""optimum_status"": ""ok"", ""seed"": 0, ""tau"": 30.0, ""valid_route"": true}"
tau_sweep,tau_sweep_random_symmetric_n12_seed2,random_symmetric,12,2,tn_exact,ok,"[11, 8, 1, 7, 0, 10, 4, 2, 6, 5, 3, 9]",335.91257495858343,335.91257495858343,0.0,True,True,0.2590918999999303,279.3203125,278.7734375,-0.546875,10.0,,True,"{""finite_edges"": true, ""instance_metadata"": {""complete"": true, ""high"": 100.0, ""instance_type"": ""random_symmetric"", ""low"": 1.0, ""n"": 12, ""seed"": 2, ""symmetric"": true}, ""n_layers"": null, ""normalization_factor"": 87.90345599400854, ""normalize"": true, ""optimum_status"": ""ok"", ""seed"": 0, ""tau"": 10.0, ""valid_route"": true}"
tau_sweep,tau_sweep_random_symmetric_n12_seed2,random_symmetric,12,2,tn_exact,ok,"[11, 8, 1, 7, 0, 10, 4, 2, 6, 5, 3, 9]",335.91257495858343,335.91257495858343,0.0,True,True,0.2662153999999646,278.7734375,279.2890625,0.515625,12.0,,True,"{""finite_edges"": true, ""instance_metadata"": {""complete"": true, ""high"": 100.0, ""instance_type"": ""random_symmetric"", ""low"": 1.0, ""n"": 12, ""seed"": 2, ""symmetric"": true}, ""n_layers"": null, ""normalization_factor"": 87.90345599400854, ""normalize"": true, ""optimum_status"": ""ok"", ""seed"": 0, ""tau"": 12.0, ""valid_route"": true}"
tau_sweep,tau_sweep_random_symmetric_n12_seed2,random_symmetric,12,2,tn_exact,ok,"[11, 8, 1, 7, 0, 10, 4, 2, 6, 5, 3, 9]",335.91257495858343,335.91257495858343,0.0,True,True,0.2719821999999112,279.2890625,278.8203125,-0.46875,14.0,,True,"{""finite_edges"": true, ""instance_metadata"": {""complete"": true, ""high"": 100.0, ""instance_type"": ""random_symmetric"", ""low"": 1.0, ""n"": 12, ""seed"": 2, ""symmetric"": true}, ""n_layers"": null, ""normalization_factor"": 87.90345599400854, ""normalize"": true, ""optimum_status"": ""ok"", ""seed"": 0, ""tau"": 14.0, ""valid_route"": true}"
tau_sweep,tau_sweep_random_symmetric_n12_seed2,random_symmetric,12,2,tn_exact,ok,"[11, 8, 1, 7, 0, 10, 4, 2, 6, 5, 3, 9]",335.91257495858343,335.91257495858343,0.0,True,True,0.2865687000003163,278.8203125,279.453125,0.6328125,16.0,,True,"{""finite_edges"": true, ""instance_metadata"": {""complete"": true, ""high"": 100.0, ""instance_type"": ""random_symmetric"", ""low"": 1.0, ""n"": 12, ""seed"": 2, ""symmetric"": true}, ""n_layers"": null, ""normalization_factor"": 87.90345599400854, ""normalize"": true, ""optimum_status"": ""ok"", ""seed"": 0, ""tau"": 16.0, ""valid_route"": true}"
tau_sweep,tau_sweep_random_symmetric_n12_seed2,random_symmetric,12,2,tn_exact,ok,"[11, 8, 1, 7, 0, 10, 4, 2, 6, 5, 3, 9]",335.91257495858343,335.91257495858343,0.0,True,True,0.2815302999997584,279.453125,280.046875,0.59375,18.0,,True,"{""finite_edges"": true, ""instance_metadata"": {""complete"": true, ""high"": 100.0, ""instance_type"": ""random_symmetric"", ""low"": 1.0, ""n"": 12, ""seed"": 2, ""symmetric"": true}, ""n_layers"": null, ""normalization_factor"": 87.90345599400854, ""normalize"": true, ""optimum_status"": ""ok"", ""seed"": 0, ""tau"": 18.0, ""valid_route"": true}"
tau_sweep,tau_sweep_random_symmetric_n12_seed2,random_symmetric,12,2,tn_exact,ok,"[11, 8, 1, 7, 0, 10, 4, 2, 6, 5, 3, 9]",335.91257495858343,335.91257495858343,0.0,True,True,0.3586691000000428,280.046875,278.546875,-1.5,20.0,,True,"{""finite_edges"": true, ""instance_metadata"": {""complete"": true, ""high"": 100.0, ""instance_type"": ""random_symmetric"", ""low"": 1.0, ""n"": 12, ""seed"": 2, ""symmetric"": true}, ""n_layers"": null, ""normalization_factor"": 87.90345599400854, ""normalize"": true, ""optimum_status"": ""ok"", ""seed"": 0, ""tau"": 20.0, ""valid_route"": true}"
tau_sweep,tau_sweep_random_symmetric_n12_seed2,random_symmetric,12,2,tn_exact,ok,"[11, 8, 1, 7, 0, 10, 4, 2, 6, 5, 3, 9]",335.91257495858343,335.91257495858343,0.0,True,True,0.2762005999998109,278.546875,279.55078125,1.00390625,22.0,,True,"{""finite_edges"": true, ""instance_metadata"": {""complete"": true, ""high"": 100.0, ""instance_type"": ""random_symmetric"", ""low"": 1.0, ""n"": 12, ""seed"": 2, ""symmetric"": true}, ""n_layers"": null, ""normalization_factor"": 87.90345599400854, ""normalize"": true, ""optimum_status"": ""ok"", ""seed"": 0, ""tau"": 22.0, ""valid_route"": true}"
tau_sweep,tau_sweep_random_symmetric_n12_seed2,random_symmetric,12,2,tn_exact,ok,"[11, 8, 1, 7, 0, 10, 4, 2, 6, 5, 3, 9]",335.91257495858343,335.91257495858343,0.0,True,True,0.349880100000064,279.55078125,279.99609375,0.4453125,24.0,,True,"{""finite_edges"": true, ""instance_metadata"": {""complete"": true, ""high"": 100.0, ""instance_type"": ""random_symmetric"", ""low"": 1.0, ""n"": 12, ""seed"": 2, ""symmetric"": true}, ""n_layers"": null, ""normalization_factor"": 87.90345599400854, ""normalize"": true, ""optimum_status"": ""ok"", ""seed"": 0, ""tau"": 24.0, ""valid_route"": true}"
tau_sweep,tau_sweep_random_symmetric_n12_seed2,random_symmetric,12,2,tn_exact,ok,"[11, 8, 1, 7, 0, 10, 4, 2, 6, 5, 3, 9]",335.91257495858343,335.91257495858343,0.0,True,True,0.4050923000004331,279.99609375,279.34375,-0.65234375,26.0,,True,"{""finite_edges"": true, ""instance_metadata"": {""complete"": true, ""high"": 100.0, ""instance_type"": ""random_symmetric"", ""low"": 1.0, ""n"": 12, ""seed"": 2, ""symmetric"": true}, ""n_layers"": null, ""normalization_factor"": 87.90345599400854, ""normalize"": true, ""optimum_status"": ""ok"", ""seed"": 0, ""tau"": 26.0, ""valid_route"": true}"
tau_sweep,tau_sweep_random_symmetric_n12_seed2,random_symmetric,12,2,tn_exact,ok,"[11, 0, 7, 1, 8, 6, 5, 2, 4, 10, 3, 9]",379.5451595955236,335.91257495858343,0.1298926800889184,True,True,0.479842500000359,279.34375,278.92578125,-0.41796875,28.0,,True,"{""finite_edges"": true, ""instance_metadata"": {""complete"": true, ""high"": 100.0, ""instance_type"": ""random_symmetric"", ""low"": 1.0, ""n"": 12, ""seed"": 2, ""symmetric"": true}, ""n_layers"": null, ""normalization_factor"": 87.90345599400854, ""normalize"": true, ""optimum_status"": ""ok"", ""seed"": 0, ""tau"": 28.0, ""valid_route"": true}"
tau_sweep,tau_sweep_random_symmetric_n12_seed2,random_symmetric,12,2,tn_exact,ok,"[11, 0, 1, 2, 4, 10, 3, 9, 7, 5, 6, 8]",458.0483589699114,335.91257495858343,0.3635939619896242,True,True,0.5013174000000618,278.92578125,280.16796875,1.2421875,30.0,,True,"{""finite_edges"": true, ""instance_metadata"": {""complete"": true, ""high"": 100.0, ""instance_type"": ""random_symmetric"", ""low"": 1.0, ""n"": 12, ""seed"": 2, ""symmetric"": true}, ""n_layers"": null, ""normalization_factor"": 87.90345599400854, ""normalize"": true, ""optimum_status"": ""ok"", ""seed"": 0, ""tau"": 30.0, ""valid_route"": true}"
tau_sweep,tau_sweep_random_asymmetric_n12_seed2,random_asymmetric,12,2,tn_exact,ok,"[11, 9, 2, 4, 1, 7, 5, 6, 8, 10, 0, 3]",116.23146785087158,116.23146785087158,0.0,True,True,0.4459968000001026,280.265625,279.66015625,-0.60546875,10.0,,True,"{""finite_edges"": true, ""instance_metadata"": {""complete"": true, ""high"": 100.0, ""instance_type"": ""random_asymmetric"", ""low"": 1.0, ""n"": 12, ""seed"": 2, ""symmetric"": false}, ""n_layers"": null, ""normalization_factor"": 98.20645097631477, ""normalize"": true, ""optimum_status"": ""ok"", ""seed"": 0, ""tau"": 10.0, ""valid_route"": true}"
tau_sweep,tau_sweep_random_asymmetric_n12_seed2,random_asymmetric,12,2,tn_exact,ok,"[11, 9, 2, 4, 1, 7, 5, 6, 8, 10, 0, 3]",116.23146785087158,116.23146785087158,0.0,True,True,0.3076028999998925,279.66015625,279.5625,-0.09765625,12.0,,True,"{""finite_edges"": true, ""instance_metadata"": {""complete"": true, ""high"": 100.0, ""instance_type"": ""random_asymmetric"", ""low"": 1.0, ""n"": 12, ""seed"": 2, ""symmetric"": false}, ""n_layers"": null, ""normalization_factor"": 98.20645097631477, ""normalize"": true, ""optimum_status"": ""ok"", ""seed"": 0, ""tau"": 12.0, ""valid_route"": true}"
tau_sweep,tau_sweep_random_asymmetric_n12_seed2,random_asymmetric,12,2,tn_exact,ok,"[11, 9, 2, 4, 1, 7, 5, 6, 8, 10, 0, 3]",116.23146785087158,116.23146785087158,0.0,True,True,0.2853826999999,279.5625,279.75390625,0.19140625,14.0,,True,"{""finite_edges"": true, ""instance_metadata"": {""complete"": true, ""high"": 100.0, ""instance_type"": ""random_asymmetric"", ""low"": 1.0, ""n"": 12, ""seed"": 2, ""symmetric"": false}, ""n_layers"": null, ""normalization_factor"": 98.20645097631477, ""normalize"": true, ""optimum_status"": ""ok"", ""seed"": 0, ""tau"": 14.0, ""valid_route"": true}"
tau_sweep,tau_sweep_random_asymmetric_n12_seed2,random_asymmetric,12,2,tn_exact,ok,"[11, 9, 2, 4, 1, 7, 5, 6, 8, 10, 0, 3]",116.23146785087158,116.23146785087158,0.0,True,True,0.2754731999998512,279.75390625,278.83984375,-0.9140625,16.0,,True,"{""finite_edges"": true, ""instance_metadata"": {""complete"": true, ""high"": 100.0, ""instance_type"": ""random_asymmetric"", ""low"": 1.0, ""n"": 12, ""seed"": 2, ""symmetric"": false}, ""n_layers"": null, ""normalization_factor"": 98.20645097631477, ""normalize"": true, ""optimum_status"": ""ok"", ""seed"": 0, ""tau"": 16.0, ""valid_route"": true}"
tau_sweep,tau_sweep_random_asymmetric_n12_seed2,random_asymmetric,12,2,tn_exact,ok,"[11, 9, 2, 4, 1, 7, 5, 6, 8, 10, 0, 3]",116.23146785087158,116.23146785087158,0.0,True,True,0.2594595000000481,278.83984375,280.078125,1.23828125,18.0,,True,"{""finite_edges"": true, ""instance_metadata"": {""complete"": true, ""high"": 100.0, ""instance_type"": ""random_asymmetric"", ""low"": 1.0, ""n"": 12, ""seed"": 2, ""symmetric"": false}, ""n_layers"": null, ""normalization_factor"": 98.20645097631477, ""normalize"": true, ""optimum_status"": ""ok"", ""seed"": 0, ""tau"": 18.0, ""valid_route"": true}"
tau_sweep,tau_sweep_random_asymmetric_n12_seed2,random_asymmetric,12,2,tn_exact,ok,"[11, 9, 2, 4, 1, 7, 5, 6, 8, 10, 0, 3]",116.23146785087158,116.23146785087158,0.0,True,True,0.2843932999999197,280.078125,280.0546875,-0.0234375,20.0,,True,"{""finite_edges"": true, ""instance_metadata"": {""complete"": true, ""high"": 100.0, ""instance_type"": ""random_asymmetric"", ""low"": 1.0, ""n"": 12, ""seed"": 2, ""symmetric"": false}, ""n_layers"": null, ""normalization_factor"": 98.20645097631477, ""normalize"": true, ""optimum_status"": ""ok"", ""seed"": 0, ""tau"": 20.0, ""valid_route"": true}"
tau_sweep,tau_sweep_random_asymmetric_n12_seed2,random_asymmetric,12,2,tn_exact,ok,"[11, 9, 2, 4, 1, 7, 5, 6, 8, 10, 0, 3]",116.23146785087158,116.23146785087158,0.0,True,True,0.2877753000002485,280.0546875,279.53515625,-0.51953125,22.0,,True,"{""finite_edges"": true, ""instance_metadata"": {""complete"": true, ""high"": 100.0, ""instance_type"": ""random_asymmetric"", ""low"": 1.0, ""n"": 12, ""seed"": 2, ""symmetric"": false}, ""n_layers"": null, ""normalization_factor"": 98.20645097631477, ""normalize"": true, ""optimum_status"": ""ok"", ""seed"": 0, ""tau"": 22.0, ""valid_route"": true}"
tau_sweep,tau_sweep_random_asymmetric_n12_seed2,random_asymmetric,12,2,tn_exact,ok,"[11, 9, 2, 4, 1, 7, 5, 6, 8, 10, 0, 3]",116.23146785087158,116.23146785087158,0.0,True,True,0.31885020000027,279.53515625,279.22265625,-0.3125,24.0,,True,"{""finite_edges"": true, ""instance_metadata"": {""complete"": true, ""high"": 100.0, ""instance_type"": ""random_asymmetric"", ""low"": 1.0, ""n"": 12, ""seed"": 2, ""symmetric"": false}, ""n_layers"": null, ""normalization_factor"": 98.20645097631477, ""normalize"": true, ""optimum_status"": ""ok"", ""seed"": 0, ""tau"": 24.0, ""valid_route"": true}"
tau_sweep,tau_sweep_random_asymmetric_n12_seed2,random_asymmetric,12,2,tn_exact,ok,"[11, 9, 2, 4, 1, 7, 5, 6, 8, 10, 0, 3]",116.23146785087158,116.23146785087158,0.0,True,True,0.227761300000111,279.22265625,279.796875,0.57421875,26.0,,True,"{""finite_edges"": true, ""instance_metadata"": {""complete"": true, ""high"": 100.0, ""instance_type"": ""random_asymmetric"", ""low"": 1.0, ""n"": 12, ""seed"": 2, ""symmetric"": false}, ""n_layers"": null, ""normalization_factor"": 98.20645097631477, ""normalize"": true, ""optimum_status"": ""ok"", ""seed"": 0, ""tau"": 26.0, ""valid_route"": true}"
tau_sweep,tau_sweep_random_asymmetric_n12_seed2,random_asymmetric,12,2,tn_exact,ok,"[11, 9, 2, 4, 1, 7, 5, 6, 8, 10, 0, 3]",116.23146785087158,116.23146785087158,0.0,True,True,0.3126071000001502,279.796875,279.83984375,0.04296875,28.0,,True,"{""finite_edges"": true, ""instance_metadata"": {""complete"": true, ""high"": 100.0, ""instance_type"": ""random_asymmetric"", ""low"": 1.0, ""n"": 12, ""seed"": 2, ""symmetric"": false}, ""n_layers"": null, ""normalization_factor"": 98.20645097631477, ""normalize"": true, ""optimum_status"": ""ok"", ""seed"": 0, ""tau"": 28.0, ""valid_route"": true}"
tau_sweep,tau_sweep_random_asymmetric_n12_seed2,random_asymmetric,12,2,tn_exact,ok,"[11, 9, 2, 4, 1, 7, 5, 6, 8, 10, 0, 3]",116.23146785087158,116.23146785087158,0.0,True,True,0.2987782000000152,279.83984375,279.58984375,-0.25,30.0,,True,"{""finite_edges"": true, ""instance_metadata"": {""complete"": true, ""high"": 100.0, ""instance_type"": ""random_asymmetric"", ""low"": 1.0, ""n"": 12, ""seed"": 2, ""symmetric"": false}, ""n_layers"": null, ""normalization_factor"": 98.20645097631477, ""normalize"": true, ""optimum_status"": ""ok"", ""seed"": 0, ""tau"": 30.0, ""valid_route"": true}"
tau_sweep,tau_sweep_euclidean_n12_seed3,euclidean,12,3,tn_exact,ok,"[11, 0, 2, 10, 8, 5, 6, 7, 1, 9, 4, 3]",3500.0577989418166,3500.0577989418166,0.0,True,True,0.2481251999997766,279.58984375,279.74609375,0.15625,10.0,,True,"{""finite_edges"": true, ""instance_metadata"": {""complete"": true, ""instance_type"": ""euclidean"", ""n"": 12, ""points"": [[85.64916714362437, 236.8105065960997], [801.2744652063969, 582.1620360643678], [94.12864224039919, 433.1269402364738], [479.05129814083404, 159.73891463707858], [734.5771514092145, 113.6720199214034], [391.22819049566203, 516.7401826213637], [430.6280204141778, 586.7985714381407], [737.8377872921602, 956.2672548360986], [284.20116374879143, 648.5472070798251], [696.2159966701554, 292.72074901248715], [1.4900835088361708, 973.4602747664127], [298.40122301687563, 313.9860020343368]], ""scale"": 1000.0, ""seed"": 3, ""symmetric"": true}, ""n_layers"": null, ""normalization_factor"": 1129.8904780075814, ""normalize"": true, ""optimum_status"": ""ok"", ""seed"": 0, ""tau"": 10.0, ""valid_route"": true}"
tau_sweep,tau_sweep_euclidean_n12_seed3,euclidean,12,3,tn_exact,ok,"[11, 0, 2, 10, 8, 5, 6, 7, 1, 9, 4, 3]",3500.0577989418166,3500.0577989418166,0.0,True,True,0.2793907000000217,279.74609375,281.12890625,1.3828125,12.0,,True,"{""finite_edges"": true, ""instance_metadata"": {""complete"": true, ""instance_type"": ""euclidean"", ""n"": 12, ""points"": [[85.64916714362437, 236.8105065960997], [801.2744652063969, 582.1620360643678], [94.12864224039919, 433.1269402364738], [479.05129814083404, 159.73891463707858], [734.5771514092145, 113.6720199214034], [391.22819049566203, 516.7401826213637], [430.6280204141778, 586.7985714381407], [737.8377872921602, 956.2672548360986], [284.20116374879143, 648.5472070798251], [696.2159966701554, 292.72074901248715], [1.4900835088361708, 973.4602747664127], [298.40122301687563, 313.9860020343368]], ""scale"": 1000.0, ""seed"": 3, ""symmetric"": true}, ""n_layers"": null, ""normalization_factor"": 1129.8904780075814, ""normalize"": true, ""optimum_status"": ""ok"", ""seed"": 0, ""tau"": 12.0, ""valid_route"": true}"
tau_sweep,tau_sweep_euclidean_n12_seed3,euclidean,12,3,tn_exact,ok,"[11, 0, 2, 10, 8, 5, 6, 7, 1, 9, 4, 3]",3500.0577989418166,3500.0577989418166,0.0,True,True,0.280452200000127,281.12890625,280.68359375,-0.4453125,14.0,,True,"{""finite_edges"": true, ""instance_metadata"": {""complete"": true, ""instance_type"": ""euclidean"", ""n"": 12, ""points"": [[85.64916714362437, 236.8105065960997], [801.2744652063969, 582.1620360643678], [94.12864224039919, 433.1269402364738], [479.05129814083404, 159.73891463707858], [734.5771514092145, 113.6720199214034], [391.22819049566203, 516.7401826213637], [430.6280204141778, 586.7985714381407], [737.8377872921602, 956.2672548360986], [284.20116374879143, 648.5472070798251], [696.2159966701554, 292.72074901248715], [1.4900835088361708, 973.4602747664127], [298.40122301687563, 313.9860020343368]], ""scale"": 1000.0, ""seed"": 3, ""symmetric"": true}, ""n_layers"": null, ""normalization_factor"": 1129.8904780075814, ""normalize"": true, ""optimum_status"": ""ok"", ""seed"": 0, ""tau"": 14.0, ""valid_route"": true}"
tau_sweep,tau_sweep_euclidean_n12_seed3,euclidean,12,3,tn_exact,ok,"[11, 0, 2, 10, 8, 5, 6, 7, 1, 9, 4, 3]",3500.0577989418166,3500.0577989418166,0.0,True,True,0.3101445000002059,280.68359375,279.65234375,-1.03125,16.0,,True,"{""finite_edges"": true, ""instance_metadata"": {""complete"": true, ""instance_type"": ""euclidean"", ""n"": 12, ""points"": [[85.64916714362437, 236.8105065960997], [801.2744652063969, 582.1620360643678], [94.12864224039919, 433.1269402364738], [479.05129814083404, 159.73891463707858], [734.5771514092145, 113.6720199214034], [391.22819049566203, 516.7401826213637], [430.6280204141778, 586.7985714381407], [737.8377872921602, 956.2672548360986], [284.20116374879143, 648.5472070798251], [696.2159966701554, 292.72074901248715], [1.4900835088361708, 973.4602747664127], [298.40122301687563, 313.9860020343368]], ""scale"": 1000.0, ""seed"": 3, ""symmetric"": true}, ""n_layers"": null, ""normalization_factor"": 1129.8904780075814, ""normalize"": true, ""optimum_status"": ""ok"", ""seed"": 0, ""tau"": 16.0, ""valid_route"": true}"
tau_sweep,tau_sweep_euclidean_n12_seed3,euclidean,12,3,tn_exact,ok,"[11, 0, 2, 10, 8, 5, 6, 7, 1, 9, 4, 3]",3500.0577989418166,3500.0577989418166,0.0,True,True,0.2617772999997214,279.65234375,279.015625,-0.63671875,18.0,,True,"{""finite_edges"": true, ""instance_metadata"": {""complete"": true, ""instance_type"": ""euclidean"", ""n"": 12, ""points"": [[85.64916714362437, 236.8105065960997], [801.2744652063969, 582.1620360643678], [94.12864224039919, 433.1269402364738], [479.05129814083404, 159.73891463707858], [734.5771514092145, 113.6720199214034], [391.22819049566203, 516.7401826213637], [430.6280204141778, 586.7985714381407], [737.8377872921602, 956.2672548360986], [284.20116374879143, 648.5472070798251], [696.2159966701554, 292.72074901248715], [1.4900835088361708, 973.4602747664127], [298.40122301687563, 313.9860020343368]], ""scale"": 1000.0, ""seed"": 3, ""symmetric"": true}, ""n_layers"": null, ""normalization_factor"": 1129.8904780075814, ""normalize"": true, ""optimum_status"": ""ok"", ""seed"": 0, ""tau"": 18.0, ""valid_route"": true}"
tau_sweep,tau_sweep_euclidean_n12_seed3,euclidean,12,3,tn_exact,ok,"[11, 0, 2, 10, 8, 5, 6, 7, 1, 9, 4, 3]",3500.0577989418166,3500.0577989418166,0.0,True,True,0.2718492999997579,279.015625,280.41796875,1.40234375,20.0,,True,"{""finite_edges"": true, ""instance_metadata"": {""complete"": true, ""instance_type"": ""euclidean"", ""n"": 12, ""points"": [[85.64916714362437, 236.8105065960997], [801.2744652063969, 582.1620360643678], [94.12864224039919, 433.1269402364738], [479.05129814083404, 159.73891463707858], [734.5771514092145, 113.6720199214034], [391.22819049566203, 516.7401826213637], [430.6280204141778, 586.7985714381407], [737.8377872921602, 956.2672548360986], [284.20116374879143, 648.5472070798251], [696.2159966701554, 292.72074901248715], [1.4900835088361708, 973.4602747664127], [298.40122301687563, 313.9860020343368]], ""scale"": 1000.0, ""seed"": 3, ""symmetric"": true}, ""n_layers"": null, ""normalization_factor"": 1129.8904780075814, ""normalize"": true, ""optimum_status"": ""ok"", ""seed"": 0, ""tau"": 20.0, ""valid_route"": true}"
tau_sweep,tau_sweep_euclidean_n12_seed3,euclidean,12,3,tn_exact,ok,"[11, 0, 2, 10, 8, 5, 6, 7, 1, 9, 4, 3]",3500.0577989418166,3500.0577989418166,0.0,True,True,0.3015626999999767,280.41796875,279.51953125,-0.8984375,22.0,,True,"{""finite_edges"": true, ""instance_metadata"": {""complete"": true, ""instance_type"": ""euclidean"", ""n"": 12, ""points"": [[85.64916714362437, 236.8105065960997], [801.2744652063969, 582.1620360643678], [94.12864224039919, 433.1269402364738], [479.05129814083404, 159.73891463707858], [734.5771514092145, 113.6720199214034], [391.22819049566203, 516.7401826213637], [430.6280204141778, 586.7985714381407], [737.8377872921602, 956.2672548360986], [284.20116374879143, 648.5472070798251], [696.2159966701554, 292.72074901248715], [1.4900835088361708, 973.4602747664127], [298.40122301687563, 313.9860020343368]], ""scale"": 1000.0, ""seed"": 3, ""symmetric"": true}, ""n_layers"": null, ""normalization_factor"": 1129.8904780075814, ""normalize"": true, ""optimum_status"": ""ok"", ""seed"": 0, ""tau"": 22.0, ""valid_route"": true}"
tau_sweep,tau_sweep_euclidean_n12_seed3,euclidean,12,3,tn_exact,ok,"[11, 3, 4, 9, 1, 7, 10, 8, 6, 5, 2, 0]",3505.651708614339,3500.0577989418166,0.0015982335132332,True,True,0.289191800000026,279.51953125,279.21484375,-0.3046875,24.0,,True,"{""finite_edges"": true, ""instance_metadata"": {""complete"": true, ""instance_type"": ""euclidean"", ""n"": 12, ""points"": [[85.64916714362437, 236.8105065960997], [801.2744652063969, 582.1620360643678], [94.12864224039919, 433.1269402364738], [479.05129814083404, 159.73891463707858], [734.5771514092145, 113.6720199214034], [391.22819049566203, 516.7401826213637], [430.6280204141778, 586.7985714381407], [737.8377872921602, 956.2672548360986], [284.20116374879143, 648.5472070798251], [696.2159966701554, 292.72074901248715], [1.4900835088361708, 973.4602747664127], [298.40122301687563, 313.9860020343368]], ""scale"": 1000.0, ""seed"": 3, ""symmetric"": true}, ""n_layers"": null, ""normalization_factor"": 1129.8904780075814, ""normalize"": true, ""optimum_status"": ""ok"", ""seed"": 0, ""tau"": 24.0, ""valid_route"": true}"
tau_sweep,tau_sweep_euclidean_n12_seed3,euclidean,12,3,tn_exact,ok,"[11, 3, 4, 9, 1, 7, 10, 8, 6, 5, 2, 0]",3505.651708614339,3500.0577989418166,0.0015982335132332,True,True,0.2757403999999042,279.21484375,280.33203125,1.1171875,26.0,,True,"{""finite_edges"": true, ""instance_metadata"": {""complete"": true, ""instance_type"": ""euclidean"", ""n"": 12, ""points"": [[85.64916714362437, 236.8105065960997], [801.2744652063969, 582.1620360643678], [94.12864224039919, 433.1269402364738], [479.05129814083404, 159.73891463707858], [734.5771514092145, 113.6720199214034], [391.22819049566203, 516.7401826213637], [430.6280204141778, 586.7985714381407], [737.8377872921602, 956.2672548360986], [284.20116374879143, 648.5472070798251], [696.2159966701554, 292.72074901248715], [1.4900835088361708, 973.4602747664127], [298.40122301687563, 313.9860020343368]], ""scale"": 1000.0, ""seed"": 3, ""symmetric"": true}, ""n_layers"": null, ""normalization_factor"": 1129.8904780075814, ""normalize"": true, ""optimum_status"": ""ok"", ""seed"": 0, ""tau"": 26.0, ""valid_route"": true}"
tau_sweep,tau_sweep_euclidean_n12_seed3,euclidean,12,3,tn_exact,ok,"[11, 3, 4, 9, 1, 7, 10, 8, 6, 5, 2, 0]",3505.651708614339,3500.0577989418166,0.0015982335132332,True,True,0.4055711000000883,280.33203125,279.09765625,-1.234375,28.0,,True,"{""finite_edges"": true, ""instance_metadata"": {""complete"": true, ""instance_type"": ""euclidean"", ""n"": 12, ""points"": [[85.64916714362437, 236.8105065960997], [801.2744652063969, 582.1620360643678], [94.12864224039919, 433.1269402364738], [479.05129814083404, 159.73891463707858], [734.5771514092145, 113.6720199214034], [391.22819049566203, 516.7401826213637], [430.6280204141778, 586.7985714381407], [737.8377872921602, 956.2672548360986], [284.20116374879143, 648.5472070798251], [696.2159966701554, 292.72074901248715], [1.4900835088361708, 973.4602747664127], [298.40122301687563, 313.9860020343368]], ""scale"": 1000.0, ""seed"": 3, ""symmetric"": true}, ""n_layers"": null, ""normalization_factor"": 1129.8904780075814, ""normalize"": true, ""optimum_status"": ""ok"", ""seed"": 0, ""tau"": 28.0, ""valid_route"": true}"
tau_sweep,tau_sweep_euclidean_n12_seed3,euclidean,12,3,tn_exact,ok,"[11, 3, 4, 9, 1, 7, 10, 8, 6, 5, 2, 0]",3505.651708614339,3500.0577989418166,0.0015982335132332,True,True,0.4311851000002207,279.09765625,280.36328125,1.265625,30.0,,True,"{""finite_edges"": true, ""instance_metadata"": {""complete"": true, ""instance_type"": ""euclidean"", ""n"": 12, ""points"": [[85.64916714362437, 236.8105065960997], [801.2744652063969, 582.1620360643678], [94.12864224039919, 433.1269402364738], [479.05129814083404, 159.73891463707858], [734.5771514092145, 113.6720199214034], [391.22819049566203, 516.7401826213637], [430.6280204141778, 586.7985714381407], [737.8377872921602, 956.2672548360986], [284.20116374879143, 648.5472070798251], [696.2159966701554, 292.72074901248715], [1.4900835088361708, 973.4602747664127], [298.40122301687563, 313.9860020343368]], ""scale"": 1000.0, ""seed"": 3, ""symmetric"": true}, ""n_layers"": null, ""normalization_factor"": 1129.8904780075814, ""normalize"": true, ""optimum_status"": ""ok"", ""seed"": 0, ""tau"": 30.0, ""valid_route"": true}"
tau_sweep,tau_sweep_random_symmetric_n12_seed3,random_symmetric,12,3,tn_exact,ok,"[11, 3, 8, 10, 6, 2, 7, 5, 0, 9, 4, 1]",328.92302486819244,326.13866807577926,0.0085373402940562,True,True,0.2729862999999568,280.36328125,279.9296875,-0.43359375,10.0,,True,"{""finite_edges"": true, ""instance_metadata"": {""complete"": true, ""high"": 100.0, ""instance_type"": ""random_symmetric"", ""low"": 1.0, ""n"": 12, ""seed"": 3, ""symmetric"": true}, ""n_layers"": null, ""normalization_factor"": 92.12546250827725, ""normalize"": true, ""optimum_status"": ""ok"", ""seed"": 0, ""tau"": 10.0, ""valid_route"": true}"
tau_sweep,tau_sweep_random_symmetric_n12_seed3,random_symmetric,12,3,tn_exact,ok,"[11, 3, 8, 10, 6, 2, 7, 5, 0, 9, 4, 1]",328.92302486819244,326.13866807577926,0.0085373402940562,True,True,0.2589451999997436,279.9296875,281.36328125,1.43359375,12.0,,True,"{""finite_edges"": true, ""instance_metadata"": {""complete"": true, ""high"": 100.0, ""instance_type"": ""random_symmetric"", ""low"": 1.0, ""n"": 12, ""seed"": 3, ""symmetric"": true}, ""n_layers"": null, ""normalization_factor"": 92.12546250827725, ""normalize"": true, ""optimum_status"": ""ok"", ""seed"": 0, ""tau"": 12.0, ""valid_route"": true}"
tau_sweep,tau_sweep_random_symmetric_n12_seed3,random_symmetric,12,3,tn_exact,ok,"[11, 3, 4, 9, 0, 5, 7, 2, 6, 10, 8, 1]",326.13866807577926,326.13866807577926,0.0,True,True,0.2608379000002969,281.36328125,280.6171875,-0.74609375,14.0,,True,"{""finite_edges"": true, ""instance_metadata"": {""complete"": true, ""high"": 100.0, ""instance_type"": ""random_symmetric"", ""low"": 1.0, ""n"": 12, ""seed"": 3, ""symmetric"": true}, ""n_layers"": null, ""normalization_factor"": 92.12546250827725, ""normalize"": true, ""optimum_status"": ""ok"", ""seed"": 0, ""tau"": 14.0, ""valid_route"": true}"
tau_sweep,tau_sweep_random_symmetric_n12_seed3,random_symmetric,12,3,tn_exact,ok,"[11, 3, 4, 9, 0, 5, 7, 2, 6, 10, 8, 1]",326.13866807577926,326.13866807577926,0.0,True,True,0.2430432999999539,280.6171875,281.453125,0.8359375,16.0,,True,"{""finite_edges"": true, ""instance_metadata"": {""complete"": true, ""high"": 100.0, ""instance_type"": ""random_symmetric"", ""low"": 1.0, ""n"": 12, ""seed"": 3, ""symmetric"": true}, ""n_layers"": null, ""normalization_factor"": 92.12546250827725, ""normalize"": true, ""optimum_status"": ""ok"", ""seed"": 0, ""tau"": 16.0, ""valid_route"": true}"
tau_sweep,tau_sweep_random_symmetric_n12_seed3,random_symmetric,12,3,tn_exact,ok,"[11, 3, 4, 9, 0, 5, 7, 2, 6, 10, 8, 1]",326.13866807577926,326.13866807577926,0.0,True,True,0.2690973000003396,281.453125,280.27734375,-1.17578125,18.0,,True,"{""finite_edges"": true, ""instance_metadata"": {""complete"": true, ""high"": 100.0, ""instance_type"": ""random_symmetric"", ""low"": 1.0, ""n"": 12, ""seed"": 3, ""symmetric"": true}, ""n_layers"": null, ""normalization_factor"": 92.12546250827725, ""normalize"": true, ""optimum_status"": ""ok"", ""seed"": 0, ""tau"": 18.0, ""valid_route"": true}"
tau_sweep,tau_sweep_random_symmetric_n12_seed3,random_symmetric,12,3,tn_exact,ok,"[11, 3, 4, 9, 0, 5, 7, 2, 6, 10, 8, 1]",326.13866807577926,326.13866807577926,0.0,True,True,0.3432999999999993,280.27734375,280.6484375,0.37109375,20.0,,True,"{""finite_edges"": true, ""instance_metadata"": {""complete"": true, ""high"": 100.0, ""instance_type"": ""random_symmetric"", ""low"": 1.0, ""n"": 12, ""seed"": 3, ""symmetric"": true}, ""n_layers"": null, ""normalization_factor"": 92.12546250827725, ""normalize"": true, ""optimum_status"": ""ok"", ""seed"": 0, ""tau"": 20.0, ""valid_route"": true}"
tau_sweep,tau_sweep_random_symmetric_n12_seed3,random_symmetric,12,3,tn_exact,ok,"[11, 3, 4, 9, 0, 5, 7, 2, 6, 10, 8, 1]",326.13866807577926,326.13866807577926,0.0,True,True,0.2874406000000817,280.6484375,279.88671875,-0.76171875,22.0,,True,"{""finite_edges"": true, ""instance_metadata"": {""complete"": true, ""high"": 100.0, ""instance_type"": ""random_symmetric"", ""low"": 1.0, ""n"": 12, ""seed"": 3, ""symmetric"": true}, ""n_layers"": null, ""normalization_factor"": 92.12546250827725, ""normalize"": true, ""optimum_status"": ""ok"", ""seed"": 0, ""tau"": 22.0, ""valid_route"": true}"
tau_sweep,tau_sweep_random_symmetric_n12_seed3,random_symmetric,12,3,tn_exact,ok,"[11, 3, 4, 9, 0, 5, 7, 2, 6, 10, 8, 1]",326.13866807577926,326.13866807577926,0.0,True,True,0.378063099999963,279.88671875,279.90234375,0.015625,24.0,,True,"{""finite_edges"": true, ""instance_metadata"": {""complete"": true, ""high"": 100.0, ""instance_type"": ""random_symmetric"", ""low"": 1.0, ""n"": 12, ""seed"": 3, ""symmetric"": true}, ""n_layers"": null, ""normalization_factor"": 92.12546250827725, ""normalize"": true, ""optimum_status"": ""ok"", ""seed"": 0, ""tau"": 24.0, ""valid_route"": true}"
tau_sweep,tau_sweep_random_symmetric_n12_seed3,random_symmetric,12,3,tn_exact,ok,"[11, 3, 4, 9, 0, 5, 7, 2, 6, 10, 8, 1]",326.13866807577926,326.13866807577926,0.0,True,True,0.4639363999999659,279.90234375,278.0234375,-1.87890625,26.0,,True,"{""finite_edges"": true, ""instance_metadata"": {""complete"": true, ""high"": 100.0, ""instance_type"": ""random_symmetric"", ""low"": 1.0, ""n"": 12, ""seed"": 3, ""symmetric"": true}, ""n_layers"": null, ""normalization_factor"": 92.12546250827725, ""normalize"": true, ""optimum_status"": ""ok"", ""seed"": 0, ""tau"": 26.0, ""valid_route"": true}"
tau_sweep,tau_sweep_random_symmetric_n12_seed3,random_symmetric,12,3,tn_exact,ok,"[11, 3, 4, 9, 0, 5, 7, 2, 6, 10, 8, 1]",326.13866807577926,326.13866807577926,0.0,True,True,0.4482976000003873,278.0234375,279.14453125,1.12109375,28.0,,True,"{""finite_edges"": true, ""instance_metadata"": {""complete"": true, ""high"": 100.0, ""instance_type"": ""random_symmetric"", ""low"": 1.0, ""n"": 12, ""seed"": 3, ""symmetric"": true}, ""n_layers"": null, ""normalization_factor"": 92.12546250827725, ""normalize"": true, ""optimum_status"": ""ok"", ""seed"": 0, ""tau"": 28.0, ""valid_route"": true}"
tau_sweep,tau_sweep_random_symmetric_n12_seed3,random_symmetric,12,3,tn_exact,ok,"[11, 0, 9, 6, 2, 7, 5, 10, 8, 1, 4, 3]",358.82501539374164,326.13866807577926,0.1002222383221593,True,True,0.5175884999998743,279.14453125,280.01953125,0.875,30.0,,True,"{""finite_edges"": true, ""instance_metadata"": {""complete"": true, ""high"": 100.0, ""instance_type"": ""random_symmetric"", ""low"": 1.0, ""n"": 12, ""seed"": 3, ""symmetric"": true}, ""n_layers"": null, ""normalization_factor"": 92.12546250827725, ""normalize"": true, ""optimum_status"": ""ok"", ""seed"": 0, ""tau"": 30.0, ""valid_route"": true}"
tau_sweep,tau_sweep_random_asymmetric_n12_seed3,random_asymmetric,12,3,tn_exact,ok,"[11, 1, 8, 10, 6, 2, 7, 5, 0, 9, 4, 3]",198.256543396518,191.54048148367568,0.0350634072798583,True,True,0.2910511000000042,280.01953125,279.109375,-0.91015625,10.0,,True,"{""finite_edges"": true, ""instance_metadata"": {""complete"": true, ""high"": 100.0, ""instance_type"": ""random_asymmetric"", ""low"": 1.0, ""n"": 12, ""seed"": 3, ""symmetric"": false}, ""n_layers"": null, ""normalization_factor"": 97.37256720187486, ""normalize"": true, ""optimum_status"": ""ok"", ""seed"": 0, ""tau"": 10.0, ""valid_route"": true}"
tau_sweep,tau_sweep_random_asymmetric_n12_seed3,random_asymmetric,12,3,tn_exact,ok,"[11, 1, 8, 10, 6, 2, 7, 5, 0, 9, 4, 3]",198.256543396518,191.54048148367568,0.0350634072798583,True,True,0.3699970000002395,279.109375,279.62109375,0.51171875,12.0,,True,"{""finite_edges"": true, ""instance_metadata"": {""complete"": true, ""high"": 100.0, ""instance_type"": ""random_asymmetric"", ""low"": 1.0, ""n"": 12, ""seed"": 3, ""symmetric"": false}, ""n_layers"": null, ""normalization_factor"": 97.37256720187486, ""normalize"": true, ""optimum_status"": ""ok"", ""seed"": 0, ""tau"": 12.0, ""valid_route"": true}"
tau_sweep,tau_sweep_random_asymmetric_n12_seed3,random_asymmetric,12,3,tn_exact,ok,"[11, 1, 8, 10, 7, 5, 0, 9, 6, 2, 4, 3]",191.54048148367568,191.54048148367568,0.0,True,True,0.3046153000000231,279.62109375,279.82421875,0.203125,14.0,,True,"{""finite_edges"": true, ""instance_metadata"": {""complete"": true, ""high"": 100.0, ""instance_type"": ""random_asymmetric"", ""low"": 1.0, ""n"": 12, ""seed"": 3, ""symmetric"": false}, ""n_layers"": null, ""normalization_factor"": 97.37256720187486, ""normalize"": true, ""optimum_status"": ""ok"", ""seed"": 0, ""tau"": 14.0, ""valid_route"": true}"
tau_sweep,tau_sweep_random_asymmetric_n12_seed3,random_asymmetric,12,3,tn_exact,ok,"[11, 1, 8, 10, 7, 5, 0, 9, 6, 2, 4, 3]",191.54048148367568,191.54048148367568,0.0,True,True,0.2797881000001325,279.82421875,280.390625,0.56640625,16.0,,True,"{""finite_edges"": true, ""instance_metadata"": {""complete"": true, ""high"": 100.0, ""instance_type"": ""random_asymmetric"", ""low"": 1.0, ""n"": 12, ""seed"": 3, ""symmetric"": false}, ""n_layers"": null, ""normalization_factor"": 97.37256720187486, ""normalize"": true, ""optimum_status"": ""ok"", ""seed"": 0, ""tau"": 16.0, ""valid_route"": true}"
tau_sweep,tau_sweep_random_asymmetric_n12_seed3,random_asymmetric,12,3,tn_exact,ok,"[11, 1, 8, 10, 7, 5, 0, 9, 6, 2, 4, 3]",191.54048148367568,191.54048148367568,0.0,True,True,0.2501012000002447,280.390625,279.375,-1.015625,18.0,,True,"{""finite_edges"": true, ""instance_metadata"": {""complete"": true, ""high"": 100.0, ""instance_type"": ""random_asymmetric"", ""low"": 1.0, ""n"": 12, ""seed"": 3, ""symmetric"": false}, ""n_layers"": null, ""normalization_factor"": 97.37256720187486, ""normalize"": true, ""optimum_status"": ""ok"", ""seed"": 0, ""tau"": 18.0, ""valid_route"": true}"
tau_sweep,tau_sweep_random_asymmetric_n12_seed3,random_asymmetric,12,3,tn_exact,ok,"[11, 1, 8, 10, 7, 5, 0, 9, 6, 2, 4, 3]",191.54048148367568,191.54048148367568,0.0,True,True,0.3180670000001555,279.375,278.7265625,-0.6484375,20.0,,True,"{""finite_edges"": true, ""instance_metadata"": {""complete"": true, ""high"": 100.0, ""instance_type"": ""random_asymmetric"", ""low"": 1.0, ""n"": 12, ""seed"": 3, ""symmetric"": false}, ""n_layers"": null, ""normalization_factor"": 97.37256720187486, ""normalize"": true, ""optimum_status"": ""ok"", ""seed"": 0, ""tau"": 20.0, ""valid_route"": true}"
tau_sweep,tau_sweep_random_asymmetric_n12_seed3,random_asymmetric,12,3,tn_exact,ok,"[11, 1, 8, 10, 7, 5, 0, 9, 6, 2, 4, 3]",191.54048148367568,191.54048148367568,0.0,True,True,0.3303618999998434,278.7265625,279.12890625,0.40234375,22.0,,True,"{""finite_edges"": true, ""instance_metadata"": {""complete"": true, ""high"": 100.0, ""instance_type"": ""random_asymmetric"", ""low"": 1.0, ""n"": 12, ""seed"": 3, ""symmetric"": false}, ""n_layers"": null, ""normalization_factor"": 97.37256720187486, ""normalize"": true, ""optimum_status"": ""ok"", ""seed"": 0, ""tau"": 22.0, ""valid_route"": true}"
tau_sweep,tau_sweep_random_asymmetric_n12_seed3,random_asymmetric,12,3,tn_exact,ok,"[11, 1, 8, 10, 7, 5, 0, 9, 6, 2, 4, 3]",191.54048148367568,191.54048148367568,0.0,True,True,0.3627544000000853,279.12890625,279.62109375,0.4921875,24.0,,True,"{""finite_edges"": true, ""instance_metadata"": {""complete"": true, ""high"": 100.0, ""instance_type"": ""random_asymmetric"", ""low"": 1.0, ""n"": 12, ""seed"": 3, ""symmetric"": false}, ""n_layers"": null, ""normalization_factor"": 97.37256720187486, ""normalize"": true, ""optimum_status"": ""ok"", ""seed"": 0, ""tau"": 24.0, ""valid_route"": true}"
tau_sweep,tau_sweep_random_asymmetric_n12_seed3,random_asymmetric,12,3,tn_exact,ok,"[11, 1, 8, 10, 7, 5, 0, 9, 6, 2, 4, 3]",191.54048148367568,191.54048148367568,0.0,True,True,0.254941400000007,279.62109375,279.9609375,0.33984375,26.0,,True,"{""finite_edges"": true, ""instance_metadata"": {""complete"": true, ""high"": 100.0, ""instance_type"": ""random_asymmetric"", ""low"": 1.0, ""n"": 12, ""seed"": 3, ""symmetric"": false}, ""n_layers"": null, ""normalization_factor"": 97.37256720187486, ""normalize"": true, ""optimum_status"": ""ok"", ""seed"": 0, ""tau"": 26.0, ""valid_route"": true}"
tau_sweep,tau_sweep_random_asymmetric_n12_seed3,random_asymmetric,12,3,tn_exact,ok,"[11, 1, 8, 10, 7, 5, 0, 9, 6, 2, 4, 3]",191.54048148367568,191.54048148367568,0.0,True,True,0.3036849000000075,279.9609375,279.97265625,0.01171875,28.0,,True,"{""finite_edges"": true, ""instance_metadata"": {""complete"": true, ""high"": 100.0, ""instance_type"": ""random_asymmetric"", ""low"": 1.0, ""n"": 12, ""seed"": 3, ""symmetric"": false}, ""n_layers"": null, ""normalization_factor"": 97.37256720187486, ""normalize"": true, ""optimum_status"": ""ok"", ""seed"": 0, ""tau"": 28.0, ""valid_route"": true}"
tau_sweep,tau_sweep_random_asymmetric_n12_seed3,random_asymmetric,12,3,tn_exact,ok,"[11, 1, 8, 10, 7, 5, 0, 9, 6, 2, 4, 3]",191.54048148367568,191.54048148367568,0.0,True,True,0.3433376000002681,279.97265625,279.50390625,-0.46875,30.0,,True,"{""finite_edges"": true, ""instance_metadata"": {""complete"": true, ""high"": 100.0, ""instance_type"": ""random_asymmetric"", ""low"": 1.0, ""n"": 12, ""seed"": 3, ""symmetric"": false}, ""n_layers"": null, ""normalization_factor"": 97.37256720187486, ""normalize"": true, ""optimum_status"": ""ok"", ""seed"": 0, ""tau"": 30.0, ""valid_route"": true}"
tau_sweep,tau_sweep_euclidean_n12_seed4,euclidean,12,4,tn_exact,ok,"[11, 3, 1, 7, 5, 0, 4, 8, 10, 6, 9, 2]",2921.141212236162,2921.141212236162,0.0,True,True,0.2644476000000395,279.50390625,280.0390625,0.53515625,10.0,,True,"{""finite_edges"": true, ""instance_metadata"": {""complete"": true, ""instance_type"": ""euclidean"", ""n"": 12, ""points"": [[943.0561055723676, 511.3275528143616], [976.2437057077042, 80.83602389560218], [607.3558319950296, 376.48658437727255], [801.9012069858072, 174.52781614402846], [871.6352741876564, 543.9414007634982], [902.2150797159884, 477.1535238392063], [430.4962777294131, 788.9467175443294], [984.1529999311214, 369.72579265242877], [968.9328693162349, 929.0263877654195], [177.6925857619811, 608.8516168445476], [704.8647455647425, 942.8036791291672], [665.6574169657534, 133.39575545169313]], ""scale"": 1000.0, ""seed"": 4, ""symmetric"": true}, ""n_layers"": null, ""normalization_factor"": 957.331895198209, ""normalize"": true, ""optimum_status"": ""ok"", ""seed"": 0, ""tau"": 10.0, ""valid_route"": true}"
tau_sweep,tau_sweep_euclidean_n12_seed4,euclidean,12,4,tn_exact,ok,"[11, 3, 1, 7, 5, 0, 4, 8, 10, 6, 9, 2]",2921.141212236162,2921.141212236162,0.0,True,True,0.3011351000000104,280.0390625,280.8671875,0.828125,12.0,,True,"{""finite_edges"": true, ""instance_metadata"": {""complete"": true, ""instance_type"": ""euclidean"", ""n"": 12, ""points"": [[943.0561055723676, 511.3275528143616], [976.2437057077042, 80.83602389560218], [607.3558319950296, 376.48658437727255], [801.9012069858072, 174.52781614402846], [871.6352741876564, 543.9414007634982], [902.2150797159884, 477.1535238392063], [430.4962777294131, 788.9467175443294], [984.1529999311214, 369.72579265242877], [968.9328693162349, 929.0263877654195], [177.6925857619811, 608.8516168445476], [704.8647455647425, 942.8036791291672], [665.6574169657534, 133.39575545169313]], ""scale"": 1000.0, ""seed"": 4, ""symmetric"": true}, ""n_layers"": null, ""normalization_factor"": 957.331895198209, ""normalize"": true, ""optimum_status"": ""ok"", ""seed"": 0, ""tau"": 12.0, ""valid_route"": true}"
tau_sweep,tau_sweep_euclidean_n12_seed4,euclidean,12,4,tn_exact,ok,"[11, 3, 1, 7, 5, 0, 4, 8, 10, 6, 9, 2]",2921.141212236162,2921.141212236162,0.0,True,True,0.3693452000002253,280.8671875,276.85546875,-4.01171875,14.0,,True,"{""finite_edges"": true, ""instance_metadata"": {""complete"": true, ""instance_type"": ""euclidean"", ""n"": 12, ""points"": [[943.0561055723676, 511.3275528143616], [976.2437057077042, 80.83602389560218], [607.3558319950296, 376.48658437727255], [801.9012069858072, 174.52781614402846], [871.6352741876564, 543.9414007634982], [902.2150797159884, 477.1535238392063], [430.4962777294131, 788.9467175443294], [984.1529999311214, 369.72579265242877], [968.9328693162349, 929.0263877654195], [177.6925857619811, 608.8516168445476], [704.8647455647425, 942.8036791291672], [665.6574169657534, 133.39575545169313]], ""scale"": 1000.0, ""seed"": 4, ""symmetric"": true}, ""n_layers"": null, ""normalization_factor"": 957.331895198209, ""normalize"": true, ""optimum_status"": ""ok"", ""seed"": 0, ""tau"": 14.0, ""valid_route"": true}"
tau_sweep,tau_sweep_euclidean_n12_seed4,euclidean,12,4,tn_exact,ok,"[11, 3, 1, 7, 5, 0, 4, 8, 10, 6, 9, 2]",2921.141212236162,2921.141212236162,0.0,True,True,0.2864031999997678,276.85546875,277.6484375,0.79296875,16.0,,True,"{""finite_edges"": true, ""instance_metadata"": {""complete"": true, ""instance_type"": ""euclidean"", ""n"": 12, ""points"": [[943.0561055723676, 511.3275528143616], [976.2437057077042, 80.83602389560218], [607.3558319950296, 376.48658437727255], [801.9012069858072, 174.52781614402846], [871.6352741876564, 543.9414007634982], [902.2150797159884, 477.1535238392063], [430.4962777294131, 788.9467175443294], [984.1529999311214, 369.72579265242877], [968.9328693162349, 929.0263877654195], [177.6925857619811, 608.8516168445476], [704.8647455647425, 942.8036791291672], [665.6574169657534, 133.39575545169313]], ""scale"": 1000.0, ""seed"": 4, ""symmetric"": true}, ""n_layers"": null, ""normalization_factor"": 957.331895198209, ""normalize"": true, ""optimum_status"": ""ok"", ""seed"": 0, ""tau"": 16.0, ""valid_route"": true}"
tau_sweep,tau_sweep_euclidean_n12_seed4,euclidean,12,4,tn_exact,ok,"[11, 3, 1, 7, 5, 0, 4, 8, 10, 6, 9, 2]",2921.141212236162,2921.141212236162,0.0,True,True,0.2838514000000032,277.6484375,278.81640625,1.16796875,18.0,,True,"{""finite_edges"": true, ""instance_metadata"": {""complete"": true, ""instance_type"": ""euclidean"", ""n"": 12, ""points"": [[943.0561055723676, 511.3275528143616], [976.2437057077042, 80.83602389560218], [607.3558319950296, 376.48658437727255], [801.9012069858072, 174.52781614402846], [871.6352741876564, 543.9414007634982], [902.2150797159884, 477.1535238392063], [430.4962777294131, 788.9467175443294], [984.1529999311214, 369.72579265242877], [968.9328693162349, 929.0263877654195], [177.6925857619811, 608.8516168445476], [704.8647455647425, 942.8036791291672], [665.6574169657534, 133.39575545169313]], ""scale"": 1000.0, ""seed"": 4, ""symmetric"": true}, ""n_layers"": null, ""normalization_factor"": 957.331895198209, ""normalize"": true, ""optimum_status"": ""ok"", ""seed"": 0, ""tau"": 18.0, ""valid_route"": true}"
tau_sweep,tau_sweep_euclidean_n12_seed4,euclidean,12,4,tn_exact,ok,"[11, 3, 1, 7, 5, 0, 4, 8, 10, 6, 9, 2]",2921.141212236162,2921.141212236162,0.0,True,True,0.2928477000000384,278.81640625,278.7421875,-0.07421875,20.0,,True,"{""finite_edges"": true, ""instance_metadata"": {""complete"": true, ""instance_type"": ""euclidean"", ""n"": 12, ""points"": [[943.0561055723676, 511.3275528143616], [976.2437057077042, 80.83602389560218], [607.3558319950296, 376.48658437727255], [801.9012069858072, 174.52781614402846], [871.6352741876564, 543.9414007634982], [902.2150797159884, 477.1535238392063], [430.4962777294131, 788.9467175443294], [984.1529999311214, 369.72579265242877], [968.9328693162349, 929.0263877654195], [177.6925857619811, 608.8516168445476], [704.8647455647425, 942.8036791291672], [665.6574169657534, 133.39575545169313]], ""scale"": 1000.0, ""seed"": 4, ""symmetric"": true}, ""n_layers"": null, ""normalization_factor"": 957.331895198209, ""normalize"": true, ""optimum_status"": ""ok"", ""seed"": 0, ""tau"": 20.0, ""valid_route"": true}"
tau_sweep,tau_sweep_euclidean_n12_seed4,euclidean,12,4,tn_exact,ok,"[11, 3, 1, 7, 5, 0, 4, 8, 10, 6, 9, 2]",2921.141212236162,2921.141212236162,0.0,True,True,0.3093093000002227,278.7421875,279.0546875,0.3125,22.0,,True,"{""finite_edges"": true, ""instance_metadata"": {""complete"": true, ""instance_type"": ""euclidean"", ""n"": 12, ""points"": [[943.0561055723676, 511.3275528143616], [976.2437057077042, 80.83602389560218], [607.3558319950296, 376.48658437727255], [801.9012069858072, 174.52781614402846], [871.6352741876564, 543.9414007634982], [902.2150797159884, 477.1535238392063], [430.4962777294131, 788.9467175443294], [984.1529999311214, 369.72579265242877], [968.9328693162349, 929.0263877654195], [177.6925857619811, 608.8516168445476], [704.8647455647425, 942.8036791291672], [665.6574169657534, 133.39575545169313]], ""scale"": 1000.0, ""seed"": 4, ""symmetric"": true}, ""n_layers"": null, ""normalization_factor"": 957.331895198209, ""normalize"": true, ""optimum_status"": ""ok"", ""seed"": 0, ""tau"": 22.0, ""valid_route"": true}"
tau_sweep,tau_sweep_euclidean_n12_seed4,euclidean,12,4,tn_exact,ok,"[11, 3, 1, 7, 5, 0, 4, 8, 10, 6, 9, 2]",2921.141212236162,2921.141212236162,0.0,True,True,0.2684164000002056,279.0546875,279.38671875,0.33203125,24.0,,True,"{""finite_edges"": true, ""instance_metadata"": {""complete"": true, ""instance_type"": ""euclidean"", ""n"": 12, ""points"": [[943.0561055723676, 511.3275528143616], [976.2437057077042, 80.83602389560218], [607.3558319950296, 376.48658437727255], [801.9012069858072, 174.52781614402846], [871.6352741876564, 543.9414007634982], [902.2150797159884, 477.1535238392063], [430.4962777294131, 788.9467175443294], [984.1529999311214, 369.72579265242877], [968.9328693162349, 929.0263877654195], [177.6925857619811, 608.8516168445476], [704.8647455647425, 942.8036791291672], [665.6574169657534, 133.39575545169313]], ""scale"": 1000.0, ""seed"": 4, ""symmetric"": true}, ""n_layers"": null, ""normalization_factor"": 957.331895198209, ""normalize"": true, ""optimum_status"": ""ok"", ""seed"": 0, ""tau"": 24.0, ""valid_route"": true}"
tau_sweep,tau_sweep_euclidean_n12_seed4,euclidean,12,4,tn_exact,ok,"[11, 3, 1, 7, 5, 0, 4, 8, 10, 6, 9, 2]",2921.141212236162,2921.141212236162,0.0,True,True,0.2612702000001263,279.38671875,278.74609375,-0.640625,26.0,,True,"{""finite_edges"": true, ""instance_metadata"": {""complete"": true, ""instance_type"": ""euclidean"", ""n"": 12, ""points"": [[943.0561055723676, 511.3275528143616], [976.2437057077042, 80.83602389560218], [607.3558319950296, 376.48658437727255], [801.9012069858072, 174.52781614402846], [871.6352741876564, 543.9414007634982], [902.2150797159884, 477.1535238392063], [430.4962777294131, 788.9467175443294], [984.1529999311214, 369.72579265242877], [968.9328693162349, 929.0263877654195], [177.6925857619811, 608.8516168445476], [704.8647455647425, 942.8036791291672], [665.6574169657534, 133.39575545169313]], ""scale"": 1000.0, ""seed"": 4, ""symmetric"": true}, ""n_layers"": null, ""normalization_factor"": 957.331895198209, ""normalize"": true, ""optimum_status"": ""ok"", ""seed"": 0, ""tau"": 26.0, ""valid_route"": true}"
tau_sweep,tau_sweep_euclidean_n12_seed4,euclidean,12,4,tn_exact,ok,"[11, 3, 1, 7, 5, 0, 4, 8, 10, 6, 9, 2]",2921.141212236162,2921.141212236162,0.0,True,True,0.4574217000003955,278.74609375,278.9140625,0.16796875,28.0,,True,"{""finite_edges"": true, ""instance_metadata"": {""complete"": true, ""instance_type"": ""euclidean"", ""n"": 12, ""points"": [[943.0561055723676, 511.3275528143616], [976.2437057077042, 80.83602389560218], [607.3558319950296, 376.48658437727255], [801.9012069858072, 174.52781614402846], [871.6352741876564, 543.9414007634982], [902.2150797159884, 477.1535238392063], [430.4962777294131, 788.9467175443294], [984.1529999311214, 369.72579265242877], [968.9328693162349, 929.0263877654195], [177.6925857619811, 608.8516168445476], [704.8647455647425, 942.8036791291672], [665.6574169657534, 133.39575545169313]], ""scale"": 1000.0, ""seed"": 4, ""symmetric"": true}, ""n_layers"": null, ""normalization_factor"": 957.331895198209, ""normalize"": true, ""optimum_status"": ""ok"", ""seed"": 0, ""tau"": 28.0, ""valid_route"": true}"
tau_sweep,tau_sweep_euclidean_n12_seed4,euclidean,12,4,tn_exact,ok,"[11, 3, 1, 7, 5, 0, 4, 8, 10, 6, 9, 2]",2921.141212236162,2921.141212236162,0.0,True,True,0.4241949000002023,278.9140625,279.3984375,0.484375,30.0,,True,"{""finite_edges"": true, ""instance_metadata"": {""complete"": true, ""instance_type"": ""euclidean"", ""n"": 12, ""points"": [[943.0561055723676, 511.3275528143616], [976.2437057077042, 80.83602389560218], [607.3558319950296, 376.48658437727255], [801.9012069858072, 174.52781614402846], [871.6352741876564, 543.9414007634982], [902.2150797159884, 477.1535238392063], [430.4962777294131, 788.9467175443294], [984.1529999311214, 369.72579265242877], [968.9328693162349, 929.0263877654195], [177.6925857619811, 608.8516168445476], [704.8647455647425, 942.8036791291672], [665.6574169657534, 133.39575545169313]], ""scale"": 1000.0, ""seed"": 4, ""symmetric"": true}, ""n_layers"": null, ""normalization_factor"": 957.331895198209, ""normalize"": true, ""optimum_status"": ""ok"", ""seed"": 0, ""tau"": 30.0, ""valid_route"": true}"
tau_sweep,tau_sweep_random_symmetric_n12_seed4,random_symmetric,12,4,tn_exact,ok,"[11, 1, 0, 3, 10, 9, 8, 4, 7, 5, 2, 6]",387.95110612968966,384.7753592835675,0.0082535088838204,True,True,0.2480061000001114,279.3984375,280.35546875,0.95703125,10.0,,True,"{""finite_edges"": true, ""instance_metadata"": {""complete"": true, ""high"": 100.0, ""instance_type"": ""random_symmetric"", ""low"": 1.0, ""n"": 12, ""seed"": 4, ""symmetric"": true}, ""n_layers"": null, ""normalization_factor"": 94.30776323031522, ""normalize"": true, ""optimum_status"": ""ok"", ""seed"": 0, ""tau"": 10.0, ""valid_route"": true}"
tau_sweep,tau_sweep_random_symmetric_n12_seed4,random_symmetric,12,4,tn_exact,ok,"[11, 1, 6, 2, 9, 8, 4, 7, 0, 3, 10, 5]",387.7041263099934,384.7753592835675,0.0076116283326434,True,True,0.2284667999997509,280.35546875,281.484375,1.12890625,12.0,,True,"{""finite_edges"": true, ""instance_metadata"": {""complete"": true, ""high"": 100.0, ""instance_type"": ""random_symmetric"", ""low"": 1.0, ""n"": 12, ""seed"": 4, ""symmetric"": true}, ""n_layers"": null, ""normalization_factor"": 94.30776323031522, ""normalize"": true, ""optimum_status"": ""ok"", ""seed"": 0, ""tau"": 12.0, ""valid_route"": true}"
tau_sweep,tau_sweep_random_symmetric_n12_seed4,random_symmetric,12,4,tn_exact,ok,"[11, 1, 6, 2, 9, 8, 4, 7, 0, 3, 10, 5]",387.7041263099934,384.7753592835675,0.0076116283326434,True,True,0.2490756000001965,281.484375,281.42578125,-0.05859375,14.0,,True,"{""finite_edges"": true, ""instance_metadata"": {""complete"": true, ""high"": 100.0, ""instance_type"": ""random_symmetric"", ""low"": 1.0, ""n"": 12, ""seed"": 4, ""symmetric"": true}, ""n_layers"": null, ""normalization_factor"": 94.30776323031522, ""normalize"": true, ""optimum_status"": ""ok"", ""seed"": 0, ""tau"": 14.0, ""valid_route"": true}"
tau_sweep,tau_sweep_random_symmetric_n12_seed4,random_symmetric,12,4,tn_exact,ok,"[11, 1, 6, 2, 9, 8, 4, 7, 0, 3, 10, 5]",387.7041263099934,384.7753592835675,0.0076116283326434,True,True,0.2944397000001117,281.42578125,281.1796875,-0.24609375,16.0,,True,"{""finite_edges"": true, ""instance_metadata"": {""complete"": true, ""high"": 100.0, ""instance_type"": ""random_symmetric"", ""low"": 1.0, ""n"": 12, ""seed"": 4, ""symmetric"": true}, ""n_layers"": null, ""normalization_factor"": 94.30776323031522, ""normalize"": true, ""optimum_status"": ""ok"", ""seed"": 0, ""tau"": 16.0, ""valid_route"": true}"
tau_sweep,tau_sweep_random_symmetric_n12_seed4,random_symmetric,12,4,tn_exact,ok,"[11, 1, 6, 2, 5, 7, 0, 3, 10, 9, 8, 4]",384.7753592835676,384.7753592835675,1.4773144248802112e-16,True,True,0.2872591999998803,281.1796875,280.53515625,-0.64453125,18.0,,True,"{""finite_edges"": true, ""instance_metadata"": {""complete"": true, ""high"": 100.0, ""instance_type"": ""random_symmetric"", ""low"": 1.0, ""n"": 12, ""seed"": 4, ""symmetric"": true}, ""n_layers"": null, ""normalization_factor"": 94.30776323031522, ""normalize"": true, ""optimum_status"": ""ok"", ""seed"": 0, ""tau"": 18.0, ""valid_route"": true}"
tau_sweep,tau_sweep_random_symmetric_n12_seed4,random_symmetric,12,4,tn_exact,ok,"[11, 1, 6, 2, 5, 7, 0, 3, 10, 9, 8, 4]",384.7753592835676,384.7753592835675,1.4773144248802112e-16,True,True,0.3461575999999695,280.53515625,279.390625,-1.14453125,20.0,,True,"{""finite_edges"": true, ""instance_metadata"": {""complete"": true, ""high"": 100.0, ""instance_type"": ""random_symmetric"", ""low"": 1.0, ""n"": 12, ""seed"": 4, ""symmetric"": true}, ""n_layers"": null, ""normalization_factor"": 94.30776323031522, ""normalize"": true, ""optimum_status"": ""ok"", ""seed"": 0, ""tau"": 20.0, ""valid_route"": true}"
tau_sweep,tau_sweep_random_symmetric_n12_seed4,random_symmetric,12,4,tn_exact,ok,"[11, 1, 6, 2, 5, 7, 0, 3, 10, 9, 8, 4]",384.7753592835676,384.7753592835675,1.4773144248802112e-16,True,True,0.2920864000002439,279.390625,279.83984375,0.44921875,22.0,,True,"{""finite_edges"": true, ""instance_metadata"": {""complete"": true, ""high"": 100.0, ""instance_type"": ""random_symmetric"", ""low"": 1.0, ""n"": 12, ""seed"": 4, ""symmetric"": true}, ""n_layers"": null, ""normalization_factor"": 94.30776323031522, ""normalize"": true, ""optimum_status"": ""ok"", ""seed"": 0, ""tau"": 22.0, ""valid_route"": true}"
tau_sweep,tau_sweep_random_symmetric_n12_seed4,random_symmetric,12,4,tn_exact,ok,"[11, 1, 6, 2, 5, 7, 0, 3, 10, 9, 8, 4]",384.7753592835676,384.7753592835675,1.4773144248802112e-16,True,True,0.3753099000000475,279.83984375,280.32421875,0.484375,24.0,,True,"{""finite_edges"": true, ""instance_metadata"": {""complete"": true, ""high"": 100.0, ""instance_type"": ""random_symmetric"", ""low"": 1.0, ""n"": 12, ""seed"": 4, ""symmetric"": true}, ""n_layers"": null, ""normalization_factor"": 94.30776323031522, ""normalize"": true, ""optimum_status"": ""ok"", ""seed"": 0, ""tau"": 24.0, ""valid_route"": true}"
tau_sweep,tau_sweep_random_symmetric_n12_seed4,random_symmetric,12,4,tn_exact,ok,"[11, 0, 3, 10, 5, 7, 4, 8, 9, 2, 6, 1]",414.9029844842301,384.7753592835675,0.0782992581873192,True,True,0.3864804999998341,280.32421875,278.95703125,-1.3671875,26.0,,True,"{""finite_edges"": true, ""instance_metadata"": {""complete"": true, ""high"": 100.0, ""instance_type"": ""random_symmetric"", ""low"": 1.0, ""n"": 12, ""seed"": 4, ""symmetric"": true}, ""n_layers"": null, ""normalization_factor"": 94.30776323031522, ""normalize"": true, ""optimum_status"": ""ok"", ""seed"": 0, ""tau"": 26.0, ""valid_route"": true}"
tau_sweep,tau_sweep_random_symmetric_n12_seed4,random_symmetric,12,4,tn_exact,ok,"[11, 0, 3, 10, 5, 7, 4, 8, 9, 2, 6, 1]",414.9029844842301,384.7753592835675,0.0782992581873192,True,True,0.4606291999998575,278.95703125,279.68359375,0.7265625,28.0,,True,"{""finite_edges"": true, ""instance_metadata"": {""complete"": true, ""high"": 100.0, ""instance_type"": ""random_symmetric"", ""low"": 1.0, ""n"": 12, ""seed"": 4, ""symmetric"": true}, ""n_layers"": null, ""normalization_factor"": 94.30776323031522, ""normalize"": true, ""optimum_status"": ""ok"", ""seed"": 0, ""tau"": 28.0, ""valid_route"": true}"
tau_sweep,tau_sweep_random_symmetric_n12_seed4,random_symmetric,12,4,tn_exact,ok,"[11, 0, 1, 2, 6, 3, 10, 9, 8, 4, 7, 5]",466.26102312618434,384.7753592835675,0.2117746416879164,True,True,0.4546494000001075,279.68359375,279.78125,0.09765625,30.0,,True,"{""finite_edges"": true, ""instance_metadata"": {""complete"": true, ""high"": 100.0, ""instance_type"": ""random_symmetric"", ""low"": 1.0, ""n"": 12, ""seed"": 4, ""symmetric"": true}, ""n_layers"": null, ""normalization_factor"": 94.30776323031522, ""normalize"": true, ""optimum_status"": ""ok"", ""seed"": 0, ""tau"": 30.0, ""valid_route"": true}"
tau_sweep,tau_sweep_random_asymmetric_n12_seed4,random_asymmetric,12,4,tn_exact,ok,"[11, 4, 3, 10, 9, 8, 5, 0, 7, 6, 2, 1]",230.18295221374387,218.376347812864,0.0540653991108847,True,True,0.3615346000001409,279.78125,279.50390625,-0.27734375,10.0,,True,"{""finite_edges"": true, ""instance_metadata"": {""complete"": true, ""high"": 100.0, ""instance_type"": ""random_asymmetric"", ""low"": 1.0, ""n"": 12, ""seed"": 4, ""symmetric"": false}, ""n_layers"": null, ""normalization_factor"": 98.43114699318102, ""normalize"": true, ""optimum_status"": ""ok"", ""seed"": 0, ""tau"": 10.0, ""valid_route"": true}"
tau_sweep,tau_sweep_random_asymmetric_n12_seed4,random_asymmetric,12,4,tn_exact,ok,"[11, 4, 3, 10, 0, 7, 9, 8, 5, 6, 2, 1]",220.18614022427724,218.376347812864,0.0082874928056042,True,True,0.2734940000000279,279.50390625,279.44140625,-0.0625,12.0,,True,"{""finite_edges"": true, ""instance_metadata"": {""complete"": true, ""high"": 100.0, ""instance_type"": ""random_asymmetric"", ""low"": 1.0, ""n"": 12, ""seed"": 4, ""symmetric"": false}, ""n_layers"": null, ""normalization_factor"": 98.43114699318102, ""normalize"": true, ""optimum_status"": ""ok"", ""seed"": 0, ""tau"": 12.0, ""valid_route"": true}"
tau_sweep,tau_sweep_random_asymmetric_n12_seed4,random_asymmetric,12,4,tn_exact,ok,"[11, 1, 6, 2, 10, 0, 7, 4, 3, 9, 8, 5]",218.376347812864,218.376347812864,0.0,True,True,0.2688335999996525,279.44140625,279.484375,0.04296875,14.0,,True,"{""finite_edges"": true, ""instance_metadata"": {""complete"": true, ""high"": 100.0, ""instance_type"": ""random_asymmetric"", ""low"": 1.0, ""n"": 12, ""seed"": 4, ""symmetric"": false}, ""n_layers"": null, ""normalization_factor"": 98.43114699318102, ""normalize"": true, ""optimum_status"": ""ok"", ""seed"": 0, ""tau"": 14.0, ""valid_route"": true}"
tau_sweep,tau_sweep_random_asymmetric_n12_seed4,random_asymmetric,12,4,tn_exact,ok,"[11, 1, 6, 2, 10, 0, 7, 4, 3, 9, 8, 5]",218.376347812864,218.376347812864,0.0,True,True,0.304706299999907,279.484375,278.296875,-1.1875,16.0,,True,"{""finite_edges"": true, ""instance_metadata"": {""complete"": true, ""high"": 100.0, ""instance_type"": ""random_asymmetric"", ""low"": 1.0, ""n"": 12, ""seed"": 4, ""symmetric"": false}, ""n_layers"": null, ""normalization_factor"": 98.43114699318102, ""normalize"": true, ""optimum_status"": ""ok"", ""seed"": 0, ""tau"": 16.0, ""valid_route"": true}"
tau_sweep,tau_sweep_random_asymmetric_n12_seed4,random_asymmetric,12,4,tn_exact,ok,"[11, 1, 6, 2, 10, 0, 7, 4, 3, 9, 8, 5]",218.376347812864,218.376347812864,0.0,True,True,0.2901507000001402,278.296875,279.50390625,1.20703125,18.0,,True,"{""finite_edges"": true, ""instance_metadata"": {""complete"": true, ""high"": 100.0, ""instance_type"": ""random_asymmetric"", ""low"": 1.0, ""n"": 12, ""seed"": 4, ""symmetric"": false}, ""n_layers"": null, ""normalization_factor"": 98.43114699318102, ""normalize"": true, ""optimum_status"": ""ok"", ""seed"": 0, ""tau"": 18.0, ""valid_route"": true}"
tau_sweep,tau_sweep_random_asymmetric_n12_seed4,random_asymmetric,12,4,tn_exact,ok,"[11, 1, 6, 2, 10, 0, 7, 4, 3, 9, 8, 5]",218.376347812864,218.376347812864,0.0,True,True,0.2834067000003415,279.50390625,278.12890625,-1.375,20.0,,True,"{""finite_edges"": true, ""instance_metadata"": {""complete"": true, ""high"": 100.0, ""instance_type"": ""random_asymmetric"", ""low"": 1.0, ""n"": 12, ""seed"": 4, ""symmetric"": false}, ""n_layers"": null, ""normalization_factor"": 98.43114699318102, ""normalize"": true, ""optimum_status"": ""ok"", ""seed"": 0, ""tau"": 20.0, ""valid_route"": true}"
tau_sweep,tau_sweep_random_asymmetric_n12_seed4,random_asymmetric,12,4,tn_exact,ok,"[11, 1, 6, 2, 10, 0, 7, 4, 3, 9, 8, 5]",218.376347812864,218.376347812864,0.0,True,True,0.2093659000001935,278.12890625,278.796875,0.66796875,22.0,,True,"{""finite_edges"": true, ""instance_metadata"": {""complete"": true, ""high"": 100.0, ""instance_type"": ""random_asymmetric"", ""low"": 1.0, ""n"": 12, ""seed"": 4, ""symmetric"": false}, ""n_layers"": null, ""normalization_factor"": 98.43114699318102, ""normalize"": true, ""optimum_status"": ""ok"", ""seed"": 0, ""tau"": 22.0, ""valid_route"": true}"
tau_sweep,tau_sweep_random_asymmetric_n12_seed4,random_asymmetric,12,4,tn_exact,ok,"[11, 1, 6, 2, 10, 0, 7, 4, 3, 9, 8, 5]",218.376347812864,218.376347812864,0.0,True,True,0.338626799999929,278.796875,279.3046875,0.5078125,24.0,,True,"{""finite_edges"": true, ""instance_metadata"": {""complete"": true, ""high"": 100.0, ""instance_type"": ""random_asymmetric"", ""low"": 1.0, ""n"": 12, ""seed"": 4, ""symmetric"": false}, ""n_layers"": null, ""normalization_factor"": 98.43114699318102, ""normalize"": true, ""optimum_status"": ""ok"", ""seed"": 0, ""tau"": 24.0, ""valid_route"": true}"
tau_sweep,tau_sweep_random_asymmetric_n12_seed4,random_asymmetric,12,4,tn_exact,ok,"[11, 1, 6, 2, 10, 0, 7, 4, 3, 9, 8, 5]",218.376347812864,218.376347812864,0.0,True,True,0.3187877999998818,279.3046875,279.421875,0.1171875,26.0,,True,"{""finite_edges"": true, ""instance_metadata"": {""complete"": true, ""high"": 100.0, ""instance_type"": ""random_asymmetric"", ""low"": 1.0, ""n"": 12, ""seed"": 4, ""symmetric"": false}, ""n_layers"": null, ""normalization_factor"": 98.43114699318102, ""normalize"": true, ""optimum_status"": ""ok"", ""seed"": 0, ""tau"": 26.0, ""valid_route"": true}"
tau_sweep,tau_sweep_random_asymmetric_n12_seed4,random_asymmetric,12,4,tn_exact,ok,"[11, 1, 6, 2, 10, 0, 7, 4, 3, 9, 8, 5]",218.376347812864,218.376347812864,0.0,True,True,0.305125599999883,279.421875,279.44140625,0.01953125,28.0,,True,"{""finite_edges"": true, ""instance_metadata"": {""complete"": true, ""high"": 100.0, ""instance_type"": ""random_asymmetric"", ""low"": 1.0, ""n"": 12, ""seed"": 4, ""symmetric"": false}, ""n_layers"": null, ""normalization_factor"": 98.43114699318102, ""normalize"": true, ""optimum_status"": ""ok"", ""seed"": 0, ""tau"": 28.0, ""valid_route"": true}"
tau_sweep,tau_sweep_random_asymmetric_n12_seed4,random_asymmetric,12,4,tn_exact,ok,"[11, 1, 6, 2, 10, 0, 7, 4, 3, 9, 8, 5]",218.376347812864,218.376347812864,0.0,True,True,0.3160826000002998,279.44140625,279.77734375,0.3359375,30.0,,True,"{""finite_edges"": true, ""instance_metadata"": {""complete"": true, ""high"": 100.0, ""instance_type"": ""random_asymmetric"", ""low"": 1.0, ""n"": 12, ""seed"": 4, ""symmetric"": false}, ""n_layers"": null, ""normalization_factor"": 98.43114699318102, ""normalize"": true, ""optimum_status"": ""ok"", ""seed"": 0, ""tau"": 30.0, ""valid_route"": true}"
