experiment,split,instance_id,instance_type,n,seed,solver,status,route,cost,optimum_cost,best_known_cost,relative_gap,gap_to_best_known,exact_optimum_available,valid_route,finite_edges,runtime_s,rss_before_mb,rss_after_mb,rss_delta_mb,tau,tau_source,n_layers,exact_mode,time_limit_s,metadata_json
small_exact,evaluation,small_exact_euclidean_n5_seed5,euclidean,5,5,tn_exact,ok,"[4, 0, 1, 3, 2]",2746.08894113388,2746.08894113388,2746.08894113388,0.0,0.0,True,True,True,0.01005760000043665,221.421875,224.55859375,3.13671875,4.4,calibrated_on_calibration_split,,True,,"{""exact_mode"": true, ""finite_edges"": true, ""instance_metadata"": {""complete"": true, ""instance_type"": ""euclidean"", ""n"": 5, ""points"": [[805.0029237453801, 807.9407897364938], [515.325561042142, 285.8013800881416], [53.930702381656424, 383.36888078551823], [408.47320541999864, 45.27519390244517], [48.75771072716806, 999.1761150650714]], ""scale"": 1000.0, ""seed"": 5, ""symmetric"": true}, ""max_layers"": 3, ""n_layers"": null, ""n_layers_effective"": 3, ""normalization_factor"": 1019.4715319796893, ""normalize"": true, ""seed"": 5, ""tau"": 4.4, ""valid_route"": true}"
small_exact,evaluation,small_exact_euclidean_n5_seed5,euclidean,5,5,held_karp,ok,"[4, 2, 3, 1, 0]",2746.08894113388,2746.08894113388,2746.08894113388,0.0,0.0,True,True,True,4.439999975147657e-05,224.55859375,224.55859375,0.0,4.4,calibrated_on_calibration_split,,,,"{""instance_metadata"": {""complete"": true, ""instance_type"": ""euclidean"", ""n"": 5, ""points"": [[805.0029237453801, 807.9407897364938], [515.325561042142, 285.8013800881416], [53.930702381656424, 383.36888078551823], [408.47320541999864, 45.27519390244517], [48.75771072716806, 999.1761150650714]], ""scale"": 1000.0, ""seed"": 5, ""symmetric"": true}, ""max_n"": 18, ""start"": 4}"
small_exact,evaluation,small_exact_euclidean_n5_seed5,euclidean,5,5,bruteforce,ok,"[4, 0, 1, 3, 2]",2746.08894113388,2746.08894113388,2746.08894113388,0.0,0.0,True,True,True,7.090000144671649e-05,224.5625,224.5625,0.0,4.4,calibrated_on_calibration_split,,,,"{""instance_metadata"": {""complete"": true, ""instance_type"": ""euclidean"", ""n"": 5, ""points"": [[805.0029237453801, 807.9407897364938], [515.325561042142, 285.8013800881416], [53.930702381656424, 383.36888078551823], [408.47320541999864, 45.27519390244517], [48.75771072716806, 999.1761150650714]], ""scale"": 1000.0, ""seed"": 5, ""symmetric"": true}, ""max_n"": 10, ""permutations_checked"": 24, ""start"": 4}"
small_exact,evaluation,small_exact_euclidean_n5_seed5,euclidean,5,5,ortools,ok,"[4, 2, 3, 1, 0]",2746.08894113388,2746.08894113388,2746.08894113388,0.0,0.0,True,True,True,0.038514799998665694,224.5625,239.38671875,14.82421875,4.4,calibrated_on_calibration_split,,,5.0,"{""finite_edges"": true, ""infinity_penalty"": 5097357660000, ""instance_metadata"": {""complete"": true, ""instance_type"": ""euclidean"", ""n"": 5, ""points"": [[805.0029237453801, 807.9407897364938], [515.325561042142, 285.8013800881416], [53.930702381656424, 383.36888078551823], [408.47320541999864, 45.27519390244517], [48.75771072716806, 999.1761150650714]], ""scale"": 1000.0, ""seed"": 5, ""symmetric"": true}, ""integer_scale"": 1000000, ""start"": 4, ""time_limit_s"": 5.0, ""valid_route"": true}"
small_exact,evaluation,small_exact_euclidean_n5_seed5,euclidean,5,5,networkx_christofides,ok,"[4, 0, 3, 1, 2]",2990.2590349258508,2746.08894113388,2746.08894113388,0.08891558104128677,0.08891558104128677,True,True,True,0.14136080000025686,239.38671875,248.0703125,8.68359375,4.4,calibrated_on_calibration_split,,,,"{""finite_edges"": true, ""instance_metadata"": {""complete"": true, ""instance_type"": ""euclidean"", ""n"": 5, ""points"": [[805.0029237453801, 807.9407897364938], [515.325561042142, 285.8013800881416], [53.930702381656424, 383.36888078551823], [408.47320541999864, 45.27519390244517], [48.75771072716806, 999.1761150650714]], ""scale"": 1000.0, ""seed"": 5, ""symmetric"": true}, ""requires_metric_symmetric_complete"": true, ""valid_route"": true}"
small_exact,evaluation,small_exact_euclidean_n5_seed5,euclidean,5,5,networkx_greedy,ok,"[4, 0, 3, 1, 2]",2990.2590349258508,2746.08894113388,2746.08894113388,0.08891558104128677,0.08891558104128677,True,True,True,0.0002196000023104716,248.0703125,248.07421875,0.00390625,4.4,calibrated_on_calibration_split,,,,"{""finite_edges"": true, ""instance_metadata"": {""complete"": true, ""instance_type"": ""euclidean"", ""n"": 5, ""points"": [[805.0029237453801, 807.9407897364938], [515.325561042142, 285.8013800881416], [53.930702381656424, 383.36888078551823], [408.47320541999864, 45.27519390244517], [48.75771072716806, 999.1761150650714]], ""scale"": 1000.0, ""seed"": 5, ""symmetric"": true}, ""valid_route"": true}"
small_exact,evaluation,small_exact_euclidean_n5_seed5,euclidean,5,5,python_tsp_dynamic_programming,skipped_missing_dependency,,,2746.08894113388,2746.08894113388,nan,nan,True,,,0.0004981999991287012,248.07421875,248.078125,0.00390625,4.4,calibrated_on_calibration_split,,,,"{""instance_metadata"": {""complete"": true, ""instance_type"": ""euclidean"", ""n"": 5, ""points"": [[805.0029237453801, 807.9407897364938], [515.325561042142, 285.8013800881416], [53.930702381656424, 383.36888078551823], [408.47320541999864, 45.27519390244517], [48.75771072716806, 999.1761150650714]], ""scale"": 1000.0, ""seed"": 5, ""symmetric"": true}}"
small_exact,evaluation,small_exact_random_symmetric_n5_seed5,random_symmetric,5,5,tn_exact,ok,"[4, 3, 1, 2, 0]",134.8477274354301,134.8477274354301,134.8477274354301,0.0,0.0,True,True,True,0.008166299998265458,248.08203125,248.18359375,0.1015625,4.4,calibrated_on_calibration_split,,True,,"{""exact_mode"": true, ""finite_edges"": true, ""instance_metadata"": {""complete"": true, ""high"": 100.0, ""instance_type"": ""random_symmetric"", ""low"": 1.0, ""n"": 5, ""seed"": 5, ""symmetric"": true}, ""max_layers"": 3, ""n_layers"": null, ""n_layers_effective"": 3, ""normalization_factor"": 88.97777468145182, ""normalize"": true, ""seed"": 5, ""tau"": 4.4, ""valid_route"": true}"
small_exact,evaluation,small_exact_random_symmetric_n5_seed5,random_symmetric,5,5,held_karp,ok,"[4, 3, 1, 2, 0]",134.8477274354301,134.8477274354301,134.8477274354301,0.0,0.0,True,True,True,3.51999988197349e-05,248.18359375,248.18359375,0.0,4.4,calibrated_on_calibration_split,,,,"{""instance_metadata"": {""complete"": true, ""high"": 100.0, ""instance_type"": ""random_symmetric"", ""low"": 1.0, ""n"": 5, ""seed"": 5, ""symmetric"": true}, ""max_n"": 18, ""start"": 4}"
small_exact,evaluation,small_exact_random_symmetric_n5_seed5,random_symmetric,5,5,bruteforce,ok,"[4, 0, 2, 1, 3]",134.8477274354301,134.8477274354301,134.8477274354301,0.0,0.0,True,True,True,6.620000203838572e-05,248.18359375,248.18359375,0.0,4.4,calibrated_on_calibration_split,,,,"{""instance_metadata"": {""complete"": true, ""high"": 100.0, ""instance_type"": ""random_symmetric"", ""low"": 1.0, ""n"": 5, ""seed"": 5, ""symmetric"": true}, ""max_n"": 10, ""permutations_checked"": 24, ""start"": 4}"
small_exact,evaluation,small_exact_random_symmetric_n5_seed5,random_symmetric,5,5,ortools,ok,"[4, 3, 1, 2, 0]",134.8477274354301,134.8477274354301,134.8477274354301,0.0,0.0,True,True,True,0.0015391000015370082,248.18359375,249.8359375,1.65234375,4.4,calibrated_on_calibration_split,,,5.0,"{""finite_edges"": true, ""infinity_penalty"": 444888875000, ""instance_metadata"": {""complete"": true, ""high"": 100.0, ""instance_type"": ""random_symmetric"", ""low"": 1.0, ""n"": 5, ""seed"": 5, ""symmetric"": true}, ""integer_scale"": 1000000, ""start"": 4, ""time_limit_s"": 5.0, ""valid_route"": true}"
small_exact,evaluation,small_exact_random_symmetric_n5_seed5,random_symmetric,5,5,networkx_christofides,skipped_not_applicable,,,134.8477274354301,134.8477274354301,nan,nan,True,,,8.069999967119657e-05,249.8359375,249.8359375,0.0,4.4,calibrated_on_calibration_split,,,,"{""instance_metadata"": {""complete"": true, ""high"": 100.0, ""instance_type"": ""random_symmetric"", ""low"": 1.0, ""n"": 5, ""seed"": 5, ""symmetric"": true}, ""requires_metric_symmetric_complete"": true}"
small_exact,evaluation,small_exact_random_symmetric_n5_seed5,random_symmetric,5,5,networkx_greedy,ok,"[4, 0, 2, 1, 3]",134.8477274354301,134.8477274354301,134.8477274354301,0.0,0.0,True,True,True,0.0001109000004362315,249.8359375,249.8359375,0.0,4.4,calibrated_on_calibration_split,,,,"{""finite_edges"": true, ""instance_metadata"": {""complete"": true, ""high"": 100.0, ""instance_type"": ""random_symmetric"", ""low"": 1.0, ""n"": 5, ""seed"": 5, ""symmetric"": true}, ""valid_route"": true}"
small_exact,evaluation,small_exact_random_symmetric_n5_seed5,random_symmetric,5,5,python_tsp_dynamic_programming,skipped_missing_dependency,,,134.8477274354301,134.8477274354301,nan,nan,True,,,0.0005116000029374845,249.8359375,249.8359375,0.0,4.4,calibrated_on_calibration_split,,,,"{""instance_metadata"": {""complete"": true, ""high"": 100.0, ""instance_type"": ""random_symmetric"", ""low"": 1.0, ""n"": 5, ""seed"": 5, ""symmetric"": true}}"
small_exact,evaluation,small_exact_random_asymmetric_n5_seed5,random_asymmetric,5,5,tn_exact,ok,"[4, 3, 1, 2, 0]",124.6112168423868,124.6112168423868,124.6112168423868,0.0,0.0,True,True,True,0.0072999000003619585,249.8359375,249.92578125,0.08984375,4.4,calibrated_on_calibration_split,,True,,"{""exact_mode"": true, ""finite_edges"": true, ""instance_metadata"": {""complete"": true, ""high"": 100.0, ""instance_type"": ""random_asymmetric"", ""low"": 1.0, ""n"": 5, ""seed"": 5, ""symmetric"": false}, ""max_layers"": 3, ""n_layers"": null, ""n_layers_effective"": 3, ""normalization_factor"": 99.91843539144207, ""normalize"": true, ""seed"": 5, ""tau"": 4.4, ""valid_route"": true}"
small_exact,evaluation,small_exact_random_asymmetric_n5_seed5,random_asymmetric,5,5,held_karp,ok,"[4, 3, 1, 2, 0]",124.6112168423868,124.6112168423868,124.6112168423868,0.0,0.0,True,True,True,3.389999983482994e-05,249.92578125,249.92578125,0.0,4.4,calibrated_on_calibration_split,,,,"{""instance_metadata"": {""complete"": true, ""high"": 100.0, ""instance_type"": ""random_asymmetric"", ""low"": 1.0, ""n"": 5, ""seed"": 5, ""symmetric"": false}, ""max_n"": 18, ""start"": 4}"
small_exact,evaluation,small_exact_random_asymmetric_n5_seed5,random_asymmetric,5,5,bruteforce,ok,"[4, 3, 1, 2, 0]",124.6112168423868,124.6112168423868,124.6112168423868,0.0,0.0,True,True,True,6.349999966914766e-05,249.92578125,249.92578125,0.0,4.4,calibrated_on_calibration_split,,,,"{""instance_metadata"": {""complete"": true, ""high"": 100.0, ""instance_type"": ""random_asymmetric"", ""low"": 1.0, ""n"": 5, ""seed"": 5, ""symmetric"": false}, ""max_n"": 10, ""permutations_checked"": 24, ""start"": 4}"
small_exact,evaluation,small_exact_random_asymmetric_n5_seed5,random_asymmetric,5,5,ortools,ok,"[4, 3, 1, 2, 0]",124.6112168423868,124.6112168423868,124.6112168423868,0.0,0.0,True,True,True,0.0010705999993660953,249.92578125,250.15234375,0.2265625,4.4,calibrated_on_calibration_split,,,5.0,"{""finite_edges"": true, ""infinity_penalty"": 499592175000, ""instance_metadata"": {""complete"": true, ""high"": 100.0, ""instance_type"": ""random_asymmetric"", ""low"": 1.0, ""n"": 5, ""seed"": 5, ""symmetric"": false}, ""integer_scale"": 1000000, ""start"": 4, ""time_limit_s"": 5.0, ""valid_route"": true}"
small_exact,evaluation,small_exact_random_asymmetric_n5_seed5,random_asymmetric,5,5,networkx_christofides,skipped_not_applicable,,,124.6112168423868,124.6112168423868,nan,nan,True,,,6.540000322274864e-05,250.15625,250.15625,0.0,4.4,calibrated_on_calibration_split,,,,"{""instance_metadata"": {""complete"": true, ""high"": 100.0, ""instance_type"": ""random_asymmetric"", ""low"": 1.0, ""n"": 5, ""seed"": 5, ""symmetric"": false}, ""requires_metric_symmetric_complete"": true}"
small_exact,evaluation,small_exact_random_asymmetric_n5_seed5,random_asymmetric,5,5,networkx_greedy,ok,"[4, 3, 1, 2, 0]",124.6112168423868,124.6112168423868,124.6112168423868,0.0,0.0,True,True,True,0.00023190000138129108,250.15625,250.16015625,0.00390625,4.4,calibrated_on_calibration_split,,,,"{""finite_edges"": true, ""instance_metadata"": {""complete"": true, ""high"": 100.0, ""instance_type"": ""random_asymmetric"", ""low"": 1.0, ""n"": 5, ""seed"": 5, ""symmetric"": false}, ""valid_route"": true}"
small_exact,evaluation,small_exact_random_asymmetric_n5_seed5,random_asymmetric,5,5,python_tsp_dynamic_programming,skipped_missing_dependency,,,124.6112168423868,124.6112168423868,nan,nan,True,,,0.0005117000000609551,250.16015625,250.16015625,0.0,4.4,calibrated_on_calibration_split,,,,"{""instance_metadata"": {""complete"": true, ""high"": 100.0, ""instance_type"": ""random_asymmetric"", ""low"": 1.0, ""n"": 5, ""seed"": 5, ""symmetric"": false}}"
small_exact,evaluation,small_exact_euclidean_n5_seed6,euclidean,5,6,tn_exact,ok,"[4, 3, 2, 1, 0]",1746.7064219476554,1739.5673976664866,1739.5673976664866,0.004103907839814245,0.004103907839814245,True,True,True,0.007424899999023182,250.16015625,250.2265625,0.06640625,4.4,calibrated_on_calibration_split,,True,,"{""exact_mode"": true, ""finite_edges"": true, ""instance_metadata"": {""complete"": true, ""instance_type"": ""euclidean"", ""n"": 5, ""points"": [[538.1643514719432, 343.27086981333844], [369.06723979537827, 374.49676558788235], [987.4449901864666, 632.7562726071461], [674.3239305044935, 329.96345538545836], [679.9176611640223, 122.97237488719004]], ""scale"": 1000.0, ""seed"": 6, ""symmetric"": true}, ""max_layers"": 3, ""n_layers"": null, ""n_layers_effective"": 3, ""normalization_factor"": 670.1410412327962, ""normalize"": true, ""seed"": 6, ""tau"": 4.4, ""valid_route"": true}"
small_exact,evaluation,small_exact_euclidean_n5_seed6,euclidean,5,6,held_karp,ok,"[4, 2, 3, 0, 1]",1739.5673976664866,1739.5673976664866,1739.5673976664866,0.0,0.0,True,True,True,3.65999985660892e-05,250.2265625,250.2265625,0.0,4.4,calibrated_on_calibration_split,,,,"{""instance_metadata"": {""complete"": true, ""instance_type"": ""euclidean"", ""n"": 5, ""points"": [[538.1643514719432, 343.27086981333844], [369.06723979537827, 374.49676558788235], [987.4449901864666, 632.7562726071461], [674.3239305044935, 329.96345538545836], [679.9176611640223, 122.97237488719004]], ""scale"": 1000.0, ""seed"": 6, ""symmetric"": true}, ""max_n"": 18, ""start"": 4}"
small_exact,evaluation,small_exact_euclidean_n5_seed6,euclidean,5,6,bruteforce,ok,"[4, 1, 0, 3, 2]",1739.5673976664866,1739.5673976664866,1739.5673976664866,0.0,0.0,True,True,True,8.460000026389025e-05,250.2265625,250.2265625,0.0,4.4,calibrated_on_calibration_split,,,,"{""instance_metadata"": {""complete"": true, ""instance_type"": ""euclidean"", ""n"": 5, ""points"": [[538.1643514719432, 343.27086981333844], [369.06723979537827, 374.49676558788235], [987.4449901864666, 632.7562726071461], [674.3239305044935, 329.96345538545836], [679.9176611640223, 122.97237488719004]], ""scale"": 1000.0, ""seed"": 6, ""symmetric"": true}, ""max_n"": 10, ""permutations_checked"": 24, ""start"": 4}"
small_exact,evaluation,small_exact_euclidean_n5_seed6,euclidean,5,6,ortools,ok,"[4, 1, 0, 3, 2]",1739.5673976664866,1739.5673976664866,1739.5673976664866,0.0,0.0,True,True,True,0.001078199999028584,250.2265625,250.578125,0.3515625,4.4,calibrated_on_calibration_split,,,5.0,"{""finite_edges"": true, ""infinity_penalty"": 3350705205000, ""instance_metadata"": {""complete"": true, ""instance_type"": ""euclidean"", ""n"": 5, ""points"": [[538.1643514719432, 343.27086981333844], [369.06723979537827, 374.49676558788235], [987.4449901864666, 632.7562726071461], [674.3239305044935, 329.96345538545836], [679.9176611640223, 122.97237488719004]], ""scale"": 1000.0, ""seed"": 6, ""symmetric"": true}, ""integer_scale"": 1000000, ""start"": 4, ""time_limit_s"": 5.0, ""valid_route"": true}"
small_exact,evaluation,small_exact_euclidean_n5_seed6,euclidean,5,6,networkx_christofides,ok,"[4, 1, 0, 2, 3]",1748.9333554208445,1739.5673976664866,1739.5673976664866,0.0053840729407332285,0.0053840729407332285,True,True,True,0.0004915999998047482,250.578125,250.5859375,0.0078125,4.4,calibrated_on_calibration_split,,,,"{""finite_edges"": true, ""instance_metadata"": {""complete"": true, ""instance_type"": ""euclidean"", ""n"": 5, ""points"": [[538.1643514719432, 343.27086981333844], [369.06723979537827, 374.49676558788235], [987.4449901864666, 632.7562726071461], [674.3239305044935, 329.96345538545836], [679.9176611640223, 122.97237488719004]], ""scale"": 1000.0, ""seed"": 6, ""symmetric"": true}, ""requires_metric_symmetric_complete"": true, ""valid_route"": true}"
small_exact,evaluation,small_exact_euclidean_n5_seed6,euclidean,5,6,networkx_greedy,ok,"[4, 2, 1, 0, 3]",1781.3313732308661,1739.5673976664866,1739.5673976664866,0.02400825378792629,0.02400825378792629,True,True,True,9.309999950346537e-05,250.5859375,250.5859375,0.0,4.4,calibrated_on_calibration_split,,,,"{""finite_edges"": true, ""instance_metadata"": {""complete"": true, ""instance_type"": ""euclidean"", ""n"": 5, ""points"": [[538.1643514719432, 343.27086981333844], [369.06723979537827, 374.49676558788235], [987.4449901864666, 632.7562726071461], [674.3239305044935, 329.96345538545836], [679.9176611640223, 122.97237488719004]], ""scale"": 1000.0, ""seed"": 6, ""symmetric"": true}, ""valid_route"": true}"
small_exact,evaluation,small_exact_euclidean_n5_seed6,euclidean,5,6,python_tsp_dynamic_programming,skipped_missing_dependency,,,1739.5673976664866,1739.5673976664866,nan,nan,True,,,0.0005240000027697533,250.5859375,250.5859375,0.0,4.4,calibrated_on_calibration_split,,,,"{""instance_metadata"": {""complete"": true, ""instance_type"": ""euclidean"", ""n"": 5, ""points"": [[538.1643514719432, 343.27086981333844], [369.06723979537827, 374.49676558788235], [987.4449901864666, 632.7562726071461], [674.3239305044935, 329.96345538545836], [679.9176611640223, 122.97237488719004]], ""scale"": 1000.0, ""seed"": 6, ""symmetric"": true}}"
small_exact,evaluation,small_exact_random_symmetric_n5_seed6,random_symmetric,5,6,tn_exact,ok,"[4, 1, 3, 0, 2]",181.57142342122316,181.57142342122316,181.57142342122316,0.0,0.0,True,True,True,0.007864100000006147,250.58984375,250.68359375,0.09375,4.4,calibrated_on_calibration_split,,True,,"{""exact_mode"": true, ""finite_edges"": true, ""instance_metadata"": {""complete"": true, ""high"": 100.0, ""instance_type"": ""random_symmetric"", ""low"": 1.0, ""n"": 5, ""seed"": 6, ""symmetric"": true}, ""max_layers"": 3, ""n_layers"": null, ""n_layers_effective"": 3, ""normalization_factor"": 80.93818973253225, ""normalize"": true, ""seed"": 6, ""tau"": 4.4, ""valid_route"": true}"
small_exact,evaluation,small_exact_random_symmetric_n5_seed6,random_symmetric,5,6,held_karp,ok,"[4, 2, 0, 3, 1]",181.57142342122316,181.57142342122316,181.57142342122316,0.0,0.0,True,True,True,3.599999763537198e-05,250.68359375,250.68359375,0.0,4.4,calibrated_on_calibration_split,,,,"{""instance_metadata"": {""complete"": true, ""high"": 100.0, ""instance_type"": ""random_symmetric"", ""low"": 1.0, ""n"": 5, ""seed"": 6, ""symmetric"": true}, ""max_n"": 18, ""start"": 4}"
small_exact,evaluation,small_exact_random_symmetric_n5_seed6,random_symmetric,5,6,bruteforce,ok,"[4, 1, 3, 0, 2]",181.57142342122316,181.57142342122316,181.57142342122316,0.0,0.0,True,True,True,6.859999848529696e-05,250.68359375,250.68359375,0.0,4.4,calibrated_on_calibration_split,,,,"{""instance_metadata"": {""complete"": true, ""high"": 100.0, ""instance_type"": ""random_symmetric"", ""low"": 1.0, ""n"": 5, ""seed"": 6, ""symmetric"": true}, ""max_n"": 10, ""permutations_checked"": 24, ""start"": 4}"
small_exact,evaluation,small_exact_random_symmetric_n5_seed6,random_symmetric,5,6,ortools,ok,"[4, 1, 3, 0, 2]",181.57142342122316,181.57142342122316,181.57142342122316,0.0,0.0,True,True,True,0.0009190999990096316,250.68359375,250.6875,0.00390625,4.4,calibrated_on_calibration_split,,,5.0,"{""finite_edges"": true, ""infinity_penalty"": 404690950000, ""instance_metadata"": {""complete"": true, ""high"": 100.0, ""instance_type"": ""random_symmetric"", ""low"": 1.0, ""n"": 5, ""seed"": 6, ""symmetric"": true}, ""integer_scale"": 1000000, ""start"": 4, ""time_limit_s"": 5.0, ""valid_route"": true}"
small_exact,evaluation,small_exact_random_symmetric_n5_seed6,random_symmetric,5,6,networkx_christofides,skipped_not_applicable,,,181.57142342122316,181.57142342122316,nan,nan,True,,,6.760000178474002e-05,250.6875,250.6875,0.0,4.4,calibrated_on_calibration_split,,,,"{""instance_metadata"": {""complete"": true, ""high"": 100.0, ""instance_type"": ""random_symmetric"", ""low"": 1.0, ""n"": 5, ""seed"": 6, ""symmetric"": true}, ""requires_metric_symmetric_complete"": true}"
small_exact,evaluation,small_exact_random_symmetric_n5_seed6,random_symmetric,5,6,networkx_greedy,ok,"[4, 1, 3, 0, 2]",181.57142342122316,181.57142342122316,181.57142342122316,0.0,0.0,True,True,True,8.97999998414889e-05,250.6875,250.6875,0.0,4.4,calibrated_on_calibration_split,,,,"{""finite_edges"": true, ""instance_metadata"": {""complete"": true, ""high"": 100.0, ""instance_type"": ""random_symmetric"", ""low"": 1.0, ""n"": 5, ""seed"": 6, ""symmetric"": true}, ""valid_route"": true}"
small_exact,evaluation,small_exact_random_symmetric_n5_seed6,random_symmetric,5,6,python_tsp_dynamic_programming,skipped_missing_dependency,,,181.57142342122316,181.57142342122316,nan,nan,True,,,0.0005074999971839134,250.6875,250.69140625,0.00390625,4.4,calibrated_on_calibration_split,,,,"{""instance_metadata"": {""complete"": true, ""high"": 100.0, ""instance_type"": ""random_symmetric"", ""low"": 1.0, ""n"": 5, ""seed"": 6, ""symmetric"": true}}"
small_exact,evaluation,small_exact_random_asymmetric_n5_seed6,random_asymmetric,5,6,tn_exact,ok,"[4, 2, 0, 3, 1]",82.57819963578314,82.57819963578314,82.57819963578314,0.0,0.0,True,True,True,0.007702900002186652,250.69140625,250.7578125,0.06640625,4.4,calibrated_on_calibration_split,,True,,"{""exact_mode"": true, ""finite_edges"": true, ""instance_metadata"": {""complete"": true, ""high"": 100.0, ""instance_type"": ""random_asymmetric"", ""low"": 1.0, ""n"": 5, ""seed"": 6, ""symmetric"": false}, ""max_layers"": 3, ""n_layers"": null, ""n_layers_effective"": 3, ""normalization_factor"": 98.75705402846019, ""normalize"": true, ""seed"": 6, ""tau"": 4.4, ""valid_route"": true}"
small_exact,evaluation,small_exact_random_asymmetric_n5_seed6,random_asymmetric,5,6,held_karp,ok,"[4, 2, 0, 3, 1]",82.57819963578314,82.57819963578314,82.57819963578314,0.0,0.0,True,True,True,3.460000152699649e-05,250.7578125,250.7578125,0.0,4.4,calibrated_on_calibration_split,,,,"{""instance_metadata"": {""complete"": true, ""high"": 100.0, ""instance_type"": ""random_asymmetric"", ""low"": 1.0, ""n"": 5, ""seed"": 6, ""symmetric"": false}, ""max_n"": 18, ""start"": 4}"
small_exact,evaluation,small_exact_random_asymmetric_n5_seed6,random_asymmetric,5,6,bruteforce,ok,"[4, 2, 0, 3, 1]",82.57819963578314,82.57819963578314,82.57819963578314,0.0,0.0,True,True,True,6.56000011076685e-05,250.7578125,250.7578125,0.0,4.4,calibrated_on_calibration_split,,,,"{""instance_metadata"": {""complete"": true, ""high"": 100.0, ""instance_type"": ""random_asymmetric"", ""low"": 1.0, ""n"": 5, ""seed"": 6, ""symmetric"": false}, ""max_n"": 10, ""permutations_checked"": 24, ""start"": 4}"
small_exact,evaluation,small_exact_random_asymmetric_n5_seed6,random_asymmetric,5,6,ortools,ok,"[4, 2, 0, 3, 1]",82.57819963578314,82.57819963578314,82.57819963578314,0.0,0.0,True,True,True,0.0009189999982481822,250.7578125,250.76171875,0.00390625,4.4,calibrated_on_calibration_split,,,5.0,"{""finite_edges"": true, ""infinity_penalty"": 493785270000, ""instance_metadata"": {""complete"": true, ""high"": 100.0, ""instance_type"": ""random_asymmetric"", ""low"": 1.0, ""n"": 5, ""seed"": 6, ""symmetric"": false}, ""integer_scale"": 1000000, ""start"": 4, ""time_limit_s"": 5.0, ""valid_route"": true}"
small_exact,evaluation,small_exact_random_asymmetric_n5_seed6,random_asymmetric,5,6,networkx_christofides,skipped_not_applicable,,,82.57819963578314,82.57819963578314,nan,nan,True,,,6.22000006842427e-05,250.76171875,250.76171875,0.0,4.4,calibrated_on_calibration_split,,,,"{""instance_metadata"": {""complete"": true, ""high"": 100.0, ""instance_type"": ""random_asymmetric"", ""low"": 1.0, ""n"": 5, ""seed"": 6, ""symmetric"": false}, ""requires_metric_symmetric_complete"": true}"
small_exact,evaluation,small_exact_random_asymmetric_n5_seed6,random_asymmetric,5,6,networkx_greedy,ok,"[4, 1, 2, 0, 3]",134.78569967888797,82.57819963578314,82.57819963578314,0.6322189182298672,0.6322189182298672,True,True,True,9.950000094249845e-05,250.76171875,250.76171875,0.0,4.4,calibrated_on_calibration_split,,,,"{""finite_edges"": true, ""instance_metadata"": {""complete"": true, ""high"": 100.0, ""instance_type"": ""random_asymmetric"", ""low"": 1.0, ""n"": 5, ""seed"": 6, ""symmetric"": false}, ""valid_route"": true}"
small_exact,evaluation,small_exact_random_asymmetric_n5_seed6,random_asymmetric,5,6,python_tsp_dynamic_programming,skipped_missing_dependency,,,82.57819963578314,82.57819963578314,nan,nan,True,,,0.000543199999810895,250.76171875,250.76171875,0.0,4.4,calibrated_on_calibration_split,,,,"{""instance_metadata"": {""complete"": true, ""high"": 100.0, ""instance_type"": ""random_asymmetric"", ""low"": 1.0, ""n"": 5, ""seed"": 6, ""symmetric"": false}}"
small_exact,evaluation,small_exact_euclidean_n5_seed7,euclidean,5,7,tn_exact,ok,"[4, 1, 3, 2, 0]",2305.4673776306468,2305.4673776306468,2305.4673776306468,0.0,0.0,True,True,True,0.007495600002584979,250.76171875,250.76171875,0.0,4.4,calibrated_on_calibration_split,,True,,"{""exact_mode"": true, ""finite_edges"": true, ""instance_metadata"": {""complete"": true, ""instance_type"": ""euclidean"", ""n"": 5, ""points"": [[625.095466604667, 897.2138009695755], [775.6856902451935, 225.20718999059187], [300.16628491122543, 873.5534453962618], [5.265304565574724, 821.2284183827662], [797.0694287520462, 467.9349528437208]], ""scale"": 1000.0, ""seed"": 7, ""symmetric"": true}, ""max_layers"": 3, ""n_layers"": null, ""n_layers_effective"": 3, ""normalization_factor"": 974.0579425089911, ""normalize"": true, ""seed"": 7, ""tau"": 4.4, ""valid_route"": true}"
small_exact,evaluation,small_exact_euclidean_n5_seed7,euclidean,5,7,held_karp,ok,"[4, 1, 3, 2, 0]",2305.4673776306468,2305.4673776306468,2305.4673776306468,0.0,0.0,True,True,True,4.329999865149148e-05,250.76171875,250.76171875,0.0,4.4,calibrated_on_calibration_split,,,,"{""instance_metadata"": {""complete"": true, ""instance_type"": ""euclidean"", ""n"": 5, ""points"": [[625.095466604667, 897.2138009695755], [775.6856902451935, 225.20718999059187], [300.16628491122543, 873.5534453962618], [5.265304565574724, 821.2284183827662], [797.0694287520462, 467.9349528437208]], ""scale"": 1000.0, ""seed"": 7, ""symmetric"": true}, ""max_n"": 18, ""start"": 4}"
small_exact,evaluation,small_exact_euclidean_n5_seed7,euclidean,5,7,bruteforce,ok,"[4, 0, 2, 3, 1]",2305.4673776306468,2305.4673776306468,2305.4673776306468,0.0,0.0,True,True,True,7.520000144722871e-05,250.76171875,250.76171875,0.0,4.4,calibrated_on_calibration_split,,,,"{""instance_metadata"": {""complete"": true, ""instance_type"": ""euclidean"", ""n"": 5, ""points"": [[625.095466604667, 897.2138009695755], [775.6856902451935, 225.20718999059187], [300.16628491122543, 873.5534453962618], [5.265304565574724, 821.2284183827662], [797.0694287520462, 467.9349528437208]], ""scale"": 1000.0, ""seed"": 7, ""symmetric"": true}, ""max_n"": 10, ""permutations_checked"": 24, ""start"": 4}"
small_exact,evaluation,small_exact_euclidean_n5_seed7,euclidean,5,7,ortools,ok,"[4, 1, 3, 2, 0]",2305.4673776306468,2305.4673776306468,2305.4673776306468,0.0,0.0,True,True,True,0.0008874000013747718,250.76171875,250.76171875,0.0,4.4,calibrated_on_calibration_split,,,5.0,"{""finite_edges"": true, ""infinity_penalty"": 4870289715000, ""instance_metadata"": {""complete"": true, ""instance_type"": ""euclidean"", ""n"": 5, ""points"": [[625.095466604667, 897.2138009695755], [775.6856902451935, 225.20718999059187], [300.16628491122543, 873.5534453962618], [5.265304565574724, 821.2284183827662], [797.0694287520462, 467.9349528437208]], ""scale"": 1000.0, ""seed"": 7, ""symmetric"": true}, ""integer_scale"": 1000000, ""start"": 4, ""time_limit_s"": 5.0, ""valid_route"": true}"
small_exact,evaluation,small_exact_euclidean_n5_seed7,euclidean,5,7,networkx_christofides,ok,"[4, 0, 2, 3, 1]",2305.4673776306468,2305.4673776306468,2305.4673776306468,0.0,0.0,True,True,True,0.00042349999785074033,250.76171875,250.76171875,0.0,4.4,calibrated_on_calibration_split,,,,"{""finite_edges"": true, ""instance_metadata"": {""complete"": true, ""instance_type"": ""euclidean"", ""n"": 5, ""points"": [[625.095466604667, 897.2138009695755], [775.6856902451935, 225.20718999059187], [300.16628491122543, 873.5534453962618], [5.265304565574724, 821.2284183827662], [797.0694287520462, 467.9349528437208]], ""scale"": 1000.0, ""seed"": 7, ""symmetric"": true}, ""requires_metric_symmetric_complete"": true, ""valid_route"": true}"
small_exact,evaluation,small_exact_euclidean_n5_seed7,euclidean,5,7,networkx_greedy,ok,"[4, 1, 0, 2, 3]",2424.6840318796394,2305.4673776306468,2305.4673776306468,0.051710406057236376,0.051710406057236376,True,True,True,0.0001173999989987351,250.76171875,250.76171875,0.0,4.4,calibrated_on_calibration_split,,,,"{""finite_edges"": true, ""instance_metadata"": {""complete"": true, ""instance_type"": ""euclidean"", ""n"": 5, ""points"": [[625.095466604667, 897.2138009695755], [775.6856902451935, 225.20718999059187], [300.16628491122543, 873.5534453962618], [5.265304565574724, 821.2284183827662], [797.0694287520462, 467.9349528437208]], ""scale"": 1000.0, ""seed"": 7, ""symmetric"": true}, ""valid_route"": true}"
small_exact,evaluation,small_exact_euclidean_n5_seed7,euclidean,5,7,python_tsp_dynamic_programming,skipped_missing_dependency,,,2305.4673776306468,2305.4673776306468,nan,nan,True,,,0.0005029999992984813,250.76171875,250.76171875,0.0,4.4,calibrated_on_calibration_split,,,,"{""instance_metadata"": {""complete"": true, ""instance_type"": ""euclidean"", ""n"": 5, ""points"": [[625.095466604667, 897.2138009695755], [775.6856902451935, 225.20718999059187], [300.16628491122543, 873.5534453962618], [5.265304565574724, 821.2284183827662], [797.0694287520462, 467.9349528437208]], ""scale"": 1000.0, ""seed"": 7, ""symmetric"": true}}"
small_exact,evaluation,small_exact_random_symmetric_n5_seed7,random_symmetric,5,7,tn_exact,ok,"[4, 1, 2, 3, 0]",215.85607899092395,215.85607899092395,215.85607899092395,0.0,0.0,True,True,True,0.007320500000787433,250.76171875,250.76171875,0.0,4.4,calibrated_on_calibration_split,,True,,"{""exact_mode"": true, ""finite_edges"": true, ""instance_metadata"": {""complete"": true, ""high"": 100.0, ""instance_type"": ""random_symmetric"", ""low"": 1.0, ""n"": 5, ""seed"": 7, ""symmetric"": true}, ""max_layers"": 3, ""n_layers"": null, ""n_layers_effective"": 3, ""normalization_factor"": 89.73220075322872, ""normalize"": true, ""seed"": 7, ""tau"": 4.4, ""valid_route"": true}"
small_exact,evaluation,small_exact_random_symmetric_n5_seed7,random_symmetric,5,7,held_karp,ok,"[4, 1, 2, 3, 0]",215.85607899092395,215.85607899092395,215.85607899092395,0.0,0.0,True,True,True,3.550000110408291e-05,250.76171875,250.76171875,0.0,4.4,calibrated_on_calibration_split,,,,"{""instance_metadata"": {""complete"": true, ""high"": 100.0, ""instance_type"": ""random_symmetric"", ""low"": 1.0, ""n"": 5, ""seed"": 7, ""symmetric"": true}, ""max_n"": 18, ""start"": 4}"
small_exact,evaluation,small_exact_random_symmetric_n5_seed7,random_symmetric,5,7,bruteforce,ok,"[4, 0, 3, 2, 1]",215.85607899092395,215.85607899092395,215.85607899092395,0.0,0.0,True,True,True,6.859999848529696e-05,250.76171875,250.76171875,0.0,4.4,calibrated_on_calibration_split,,,,"{""instance_metadata"": {""complete"": true, ""high"": 100.0, ""instance_type"": ""random_symmetric"", ""low"": 1.0, ""n"": 5, ""seed"": 7, ""symmetric"": true}, ""max_n"": 10, ""permutations_checked"": 24, ""start"": 4}"
small_exact,evaluation,small_exact_random_symmetric_n5_seed7,random_symmetric,5,7,ortools,ok,"[4, 0, 3, 2, 1]",215.85607899092395,215.85607899092395,215.85607899092395,0.0,0.0,True,True,True,0.0008753000001888722,250.76171875,250.76171875,0.0,4.4,calibrated_on_calibration_split,,,5.0,"{""finite_edges"": true, ""infinity_penalty"": 448661005000, ""instance_metadata"": {""complete"": true, ""high"": 100.0, ""instance_type"": ""random_symmetric"", ""low"": 1.0, ""n"": 5, ""seed"": 7, ""symmetric"": true}, ""integer_scale"": 1000000, ""start"": 4, ""time_limit_s"": 5.0, ""valid_route"": true}"
small_exact,evaluation,small_exact_random_symmetric_n5_seed7,random_symmetric,5,7,networkx_christofides,skipped_not_applicable,,,215.85607899092395,215.85607899092395,nan,nan,True,,,7.03999976394698e-05,250.76171875,250.76171875,0.0,4.4,calibrated_on_calibration_split,,,,"{""instance_metadata"": {""complete"": true, ""high"": 100.0, ""instance_type"": ""random_symmetric"", ""low"": 1.0, ""n"": 5, ""seed"": 7, ""symmetric"": true}, ""requires_metric_symmetric_complete"": true}"
small_exact,evaluation,small_exact_random_symmetric_n5_seed7,random_symmetric,5,7,networkx_greedy,ok,"[4, 0, 3, 2, 1]",215.85607899092395,215.85607899092395,215.85607899092395,0.0,0.0,True,True,True,8.67000017024111e-05,250.76171875,250.76171875,0.0,4.4,calibrated_on_calibration_split,,,,"{""finite_edges"": true, ""instance_metadata"": {""complete"": true, ""high"": 100.0, ""instance_type"": ""random_symmetric"", ""low"": 1.0, ""n"": 5, ""seed"": 7, ""symmetric"": true}, ""valid_route"": true}"
small_exact,evaluation,small_exact_random_symmetric_n5_seed7,random_symmetric,5,7,python_tsp_dynamic_programming,skipped_missing_dependency,,,215.85607899092395,215.85607899092395,nan,nan,True,,,0.0005094000007375143,250.76171875,250.76171875,0.0,4.4,calibrated_on_calibration_split,,,,"{""instance_metadata"": {""complete"": true, ""high"": 100.0, ""instance_type"": ""random_symmetric"", ""low"": 1.0, ""n"": 5, ""seed"": 7, ""symmetric"": true}}"
small_exact,evaluation,small_exact_random_asymmetric_n5_seed7,random_asymmetric,5,7,tn_exact,ok,"[4, 0, 3, 2, 1]",200.97429886605934,200.97429886605934,200.97429886605934,0.0,0.0,True,True,True,0.007613000001583714,250.76171875,250.76171875,0.0,4.4,calibrated_on_calibration_split,,True,,"{""exact_mode"": true, ""finite_edges"": true, ""instance_metadata"": {""complete"": true, ""high"": 100.0, ""instance_type"": ""random_asymmetric"", ""low"": 1.0, ""n"": 5, ""seed"": 7, ""symmetric"": false}, ""max_layers"": 3, ""n_layers"": null, ""n_layers_effective"": 3, ""normalization_factor"": 99.55452806000487, ""normalize"": true, ""seed"": 7, ""tau"": 4.4, ""valid_route"": true}"
small_exact,evaluation,small_exact_random_asymmetric_n5_seed7,random_asymmetric,5,7,held_karp,ok,"[4, 0, 3, 2, 1]",200.97429886605934,200.97429886605934,200.97429886605934,0.0,0.0,True,True,True,3.529999958118424e-05,250.76171875,250.76171875,0.0,4.4,calibrated_on_calibration_split,,,,"{""instance_metadata"": {""complete"": true, ""high"": 100.0, ""instance_type"": ""random_asymmetric"", ""low"": 1.0, ""n"": 5, ""seed"": 7, ""symmetric"": false}, ""max_n"": 18, ""start"": 4}"
small_exact,evaluation,small_exact_random_asymmetric_n5_seed7,random_asymmetric,5,7,bruteforce,ok,"[4, 0, 3, 2, 1]",200.97429886605934,200.97429886605934,200.97429886605934,0.0,0.0,True,True,True,6.67000022076536e-05,250.76171875,250.76171875,0.0,4.4,calibrated_on_calibration_split,,,,"{""instance_metadata"": {""complete"": true, ""high"": 100.0, ""instance_type"": ""random_asymmetric"", ""low"": 1.0, ""n"": 5, ""seed"": 7, ""symmetric"": false}, ""max_n"": 10, ""permutations_checked"": 24, ""start"": 4}"
small_exact,evaluation,small_exact_random_asymmetric_n5_seed7,random_asymmetric,5,7,ortools,ok,"[4, 0, 3, 2, 1]",200.97429886605934,200.97429886605934,200.97429886605934,0.0,0.0,True,True,True,0.0009175000013783574,250.76171875,250.76171875,0.0,4.4,calibrated_on_calibration_split,,,5.0,"{""finite_edges"": true, ""infinity_penalty"": 497772640000, ""instance_metadata"": {""complete"": true, ""high"": 100.0, ""instance_type"": ""random_asymmetric"", ""low"": 1.0, ""n"": 5, ""seed"": 7, ""symmetric"": false}, ""integer_scale"": 1000000, ""start"": 4, ""time_limit_s"": 5.0, ""valid_route"": true}"
small_exact,evaluation,small_exact_random_asymmetric_n5_seed7,random_asymmetric,5,7,networkx_christofides,skipped_not_applicable,,,200.97429886605934,200.97429886605934,nan,nan,True,,,6.270000085351057e-05,250.76171875,250.76171875,0.0,4.4,calibrated_on_calibration_split,,,,"{""instance_metadata"": {""complete"": true, ""high"": 100.0, ""instance_type"": ""random_asymmetric"", ""low"": 1.0, ""n"": 5, ""seed"": 7, ""symmetric"": false}, ""requires_metric_symmetric_complete"": true}"
small_exact,evaluation,small_exact_random_asymmetric_n5_seed7,random_asymmetric,5,7,networkx_greedy,ok,"[4, 3, 0, 2, 1]",214.82907590733078,200.97429886605934,200.97429886605934,0.0689380538677985,0.0689380538677985,True,True,True,9.530000170343556e-05,250.76171875,250.76171875,0.0,4.4,calibrated_on_calibration_split,,,,"{""finite_edges"": true, ""instance_metadata"": {""complete"": true, ""high"": 100.0, ""instance_type"": ""random_asymmetric"", ""low"": 1.0, ""n"": 5, ""seed"": 7, ""symmetric"": false}, ""valid_route"": true}"
small_exact,evaluation,small_exact_random_asymmetric_n5_seed7,random_asymmetric,5,7,python_tsp_dynamic_programming,skipped_missing_dependency,,,200.97429886605934,200.97429886605934,nan,nan,True,,,0.0005634000008285511,250.76171875,250.76171875,0.0,4.4,calibrated_on_calibration_split,,,,"{""instance_metadata"": {""complete"": true, ""high"": 100.0, ""instance_type"": ""random_asymmetric"", ""low"": 1.0, ""n"": 5, ""seed"": 7, ""symmetric"": false}}"
small_exact,evaluation,small_exact_euclidean_n5_seed8,euclidean,5,8,tn_exact,ok,"[4, 3, 2, 0, 1]",2160.2940160956678,2160.2940160956678,2160.2940160956678,0.0,0.0,True,True,True,0.007473900001059519,250.76171875,250.76953125,0.0078125,4.4,calibrated_on_calibration_split,,True,,"{""exact_mode"": true, ""finite_edges"": true, ""instance_metadata"": {""complete"": true, ""instance_type"": ""euclidean"", ""n"": 5, ""points"": [[326.9722766055607, 987.2768433379256], [318.7108384855167, 788.548935820029], [869.8965116962161, 391.08480653919395], [437.8818731227988, 372.74890308935306], [106.95359647277436, 478.965454162717]], ""scale"": 1000.0, ""seed"": 8, ""symmetric"": true}, ""max_layers"": 3, ""n_layers"": null, ""n_layers_effective"": 3, ""normalization_factor"": 806.3570361762793, ""normalize"": true, ""seed"": 8, ""tau"": 4.4, ""valid_route"": true}"
small_exact,evaluation,small_exact_euclidean_n5_seed8,euclidean,5,8,held_karp,ok,"[4, 3, 2, 0, 1]",2160.2940160956678,2160.2940160956678,2160.2940160956678,0.0,0.0,True,True,True,3.49000001733657e-05,250.76953125,250.76953125,0.0,4.4,calibrated_on_calibration_split,,,,"{""instance_metadata"": {""complete"": true, ""instance_type"": ""euclidean"", ""n"": 5, ""points"": [[326.9722766055607, 987.2768433379256], [318.7108384855167, 788.548935820029], [869.8965116962161, 391.08480653919395], [437.8818731227988, 372.74890308935306], [106.95359647277436, 478.965454162717]], ""scale"": 1000.0, ""seed"": 8, ""symmetric"": true}, ""max_n"": 18, ""start"": 4}"
small_exact,evaluation,small_exact_euclidean_n5_seed8,euclidean,5,8,bruteforce,ok,"[4, 1, 0, 2, 3]",2160.2940160956678,2160.2940160956678,2160.2940160956678,0.0,0.0,True,True,True,7.030000051599927e-05,250.76953125,250.76953125,0.0,4.4,calibrated_on_calibration_split,,,,"{""instance_metadata"": {""complete"": true, ""instance_type"": ""euclidean"", ""n"": 5, ""points"": [[326.9722766055607, 987.2768433379256], [318.7108384855167, 788.548935820029], [869.8965116962161, 391.08480653919395], [437.8818731227988, 372.74890308935306], [106.95359647277436, 478.965454162717]], ""scale"": 1000.0, ""seed"": 8, ""symmetric"": true}, ""max_n"": 10, ""permutations_checked"": 24, ""start"": 4}"
small_exact,evaluation,small_exact_euclidean_n5_seed8,euclidean,5,8,ortools,ok,"[4, 3, 2, 0, 1]",2160.2940160956678,2160.2940160956678,2160.2940160956678,0.0,0.0,True,True,True,0.0008914999998523854,250.76953125,250.76953125,0.0,4.4,calibrated_on_calibration_split,,,5.0,"{""finite_edges"": true, ""infinity_penalty"": 4031785180000, ""instance_metadata"": {""complete"": true, ""instance_type"": ""euclidean"", ""n"": 5, ""points"": [[326.9722766055607, 987.2768433379256], [318.7108384855167, 788.548935820029], [869.8965116962161, 391.08480653919395], [437.8818731227988, 372.74890308935306], [106.95359647277436, 478.965454162717]], ""scale"": 1000.0, ""seed"": 8, ""symmetric"": true}, ""integer_scale"": 1000000, ""start"": 4, ""time_limit_s"": 5.0, ""valid_route"": true}"
small_exact,evaluation,small_exact_euclidean_n5_seed8,euclidean,5,8,networkx_christofides,ok,"[4, 1, 0, 2, 3]",2160.2940160956678,2160.2940160956678,2160.2940160956678,0.0,0.0,True,True,True,0.0005272000016702805,250.76953125,250.7734375,0.00390625,4.4,calibrated_on_calibration_split,,,,"{""finite_edges"": true, ""instance_metadata"": {""complete"": true, ""instance_type"": ""euclidean"", ""n"": 5, ""points"": [[326.9722766055607, 987.2768433379256], [318.7108384855167, 788.548935820029], [869.8965116962161, 391.08480653919395], [437.8818731227988, 372.74890308935306], [106.95359647277436, 478.965454162717]], ""scale"": 1000.0, ""seed"": 8, ""symmetric"": true}, ""requires_metric_symmetric_complete"": true, ""valid_route"": true}"
small_exact,evaluation,small_exact_euclidean_n5_seed8,euclidean,5,8,networkx_greedy,ok,"[4, 0, 1, 2, 3]",2212.291109886164,2160.2940160956678,2160.2940160956678,0.024069452307455587,0.024069452307455587,True,True,True,0.00012599999899975955,250.7734375,250.7734375,0.0,4.4,calibrated_on_calibration_split,,,,"{""finite_edges"": true, ""instance_metadata"": {""complete"": true, ""instance_type"": ""euclidean"", ""n"": 5, ""points"": [[326.9722766055607, 987.2768433379256], [318.7108384855167, 788.548935820029], [869.8965116962161, 391.08480653919395], [437.8818731227988, 372.74890308935306], [106.95359647277436, 478.965454162717]], ""scale"": 1000.0, ""seed"": 8, ""symmetric"": true}, ""valid_route"": true}"
small_exact,evaluation,small_exact_euclidean_n5_seed8,euclidean,5,8,python_tsp_dynamic_programming,skipped_missing_dependency,,,2160.2940160956678,2160.2940160956678,nan,nan,True,,,0.000700100001267856,250.7734375,250.7734375,0.0,4.4,calibrated_on_calibration_split,,,,"{""instance_metadata"": {""complete"": true, ""instance_type"": ""euclidean"", ""n"": 5, ""points"": [[326.9722766055607, 987.2768433379256], [318.7108384855167, 788.548935820029], [869.8965116962161, 391.08480653919395], [437.8818731227988, 372.74890308935306], [106.95359647277436, 478.965454162717]], ""scale"": 1000.0, ""seed"": 8, ""symmetric"": true}}"
small_exact,evaluation,small_exact_random_symmetric_n5_seed8,random_symmetric,5,8,tn_exact,ok,"[4, 1, 3, 0, 2]",200.4684004074341,200.4684004074341,200.4684004074341,0.0,0.0,True,True,True,0.007953700001962716,250.7734375,250.828125,0.0546875,4.4,calibrated_on_calibration_split,,True,,"{""exact_mode"": true, ""finite_edges"": true, ""instance_metadata"": {""complete"": true, ""high"": 100.0, ""instance_type"": ""random_symmetric"", ""low"": 1.0, ""n"": 5, ""seed"": 8, ""symmetric"": true}, ""max_layers"": 3, ""n_layers"": null, ""n_layers_effective"": 3, ""normalization_factor"": 89.17201816116463, ""normalize"": true, ""seed"": 8, ""tau"": 4.4, ""valid_route"": true}"
small_exact,evaluation,small_exact_random_symmetric_n5_seed8,random_symmetric,5,8,held_karp,ok,"[4, 2, 0, 3, 1]",200.4684004074341,200.4684004074341,200.4684004074341,0.0,0.0,True,True,True,3.400000059627928e-05,250.828125,250.828125,0.0,4.4,calibrated_on_calibration_split,,,,"{""instance_metadata"": {""complete"": true, ""high"": 100.0, ""instance_type"": ""random_symmetric"", ""low"": 1.0, ""n"": 5, ""seed"": 8, ""symmetric"": true}, ""max_n"": 18, ""start"": 4}"
small_exact,evaluation,small_exact_random_symmetric_n5_seed8,random_symmetric,5,8,bruteforce,ok,"[4, 1, 3, 0, 2]",200.4684004074341,200.4684004074341,200.4684004074341,0.0,0.0,True,True,True,6.550000034621917e-05,250.828125,250.828125,0.0,4.4,calibrated_on_calibration_split,,,,"{""instance_metadata"": {""complete"": true, ""high"": 100.0, ""instance_type"": ""random_symmetric"", ""low"": 1.0, ""n"": 5, ""seed"": 8, ""symmetric"": true}, ""max_n"": 10, ""permutations_checked"": 24, ""start"": 4}"
small_exact,evaluation,small_exact_random_symmetric_n5_seed8,random_symmetric,5,8,ortools,ok,"[4, 1, 3, 0, 2]",200.4684004074341,200.4684004074341,200.4684004074341,0.0,0.0,True,True,True,0.0008927000017138198,250.828125,250.828125,0.0,4.4,calibrated_on_calibration_split,,,5.0,"{""finite_edges"": true, ""infinity_penalty"": 445860090000, ""instance_metadata"": {""complete"": true, ""high"": 100.0, ""instance_type"": ""random_symmetric"", ""low"": 1.0, ""n"": 5, ""seed"": 8, ""symmetric"": true}, ""integer_scale"": 1000000, ""start"": 4, ""time_limit_s"": 5.0, ""valid_route"": true}"
small_exact,evaluation,small_exact_random_symmetric_n5_seed8,random_symmetric,5,8,networkx_christofides,skipped_not_applicable,,,200.4684004074341,200.4684004074341,nan,nan,True,,,7.429999823216349e-05,250.828125,250.828125,0.0,4.4,calibrated_on_calibration_split,,,,"{""instance_metadata"": {""complete"": true, ""high"": 100.0, ""instance_type"": ""random_symmetric"", ""low"": 1.0, ""n"": 5, ""seed"": 8, ""symmetric"": true}, ""requires_metric_symmetric_complete"": true}"
small_exact,evaluation,small_exact_random_symmetric_n5_seed8,random_symmetric,5,8,networkx_greedy,ok,"[4, 0, 2, 3, 1]",208.8473827349472,200.4684004074341,200.4684004074341,0.041797022924728054,0.041797022924728054,True,True,True,8.449999950244091e-05,250.828125,250.828125,0.0,4.4,calibrated_on_calibration_split,,,,"{""finite_edges"": true, ""instance_metadata"": {""complete"": true, ""high"": 100.0, ""instance_type"": ""random_symmetric"", ""low"": 1.0, ""n"": 5, ""seed"": 8, ""symmetric"": true}, ""valid_route"": true}"
small_exact,evaluation,small_exact_random_symmetric_n5_seed8,random_symmetric,5,8,python_tsp_dynamic_programming,skipped_missing_dependency,,,200.4684004074341,200.4684004074341,nan,nan,True,,,0.0007237999998324085,250.828125,250.828125,0.0,4.4,calibrated_on_calibration_split,,,,"{""instance_metadata"": {""complete"": true, ""high"": 100.0, ""instance_type"": ""random_symmetric"", ""low"": 1.0, ""n"": 5, ""seed"": 8, ""symmetric"": true}}"
small_exact,evaluation,small_exact_random_asymmetric_n5_seed8,random_asymmetric,5,8,tn_exact,ok,"[4, 1, 0, 2, 3]",173.37170896216662,173.37170896216662,173.37170896216662,0.0,0.0,True,True,True,0.007568699998955708,250.828125,250.828125,0.0,4.4,calibrated_on_calibration_split,,True,,"{""exact_mode"": true, ""finite_edges"": true, ""instance_metadata"": {""complete"": true, ""high"": 100.0, ""instance_type"": ""random_asymmetric"", ""low"": 1.0, ""n"": 5, ""seed"": 8, ""symmetric"": false}, ""max_layers"": 3, ""n_layers"": null, ""n_layers_effective"": 3, ""normalization_factor"": 98.74040749045463, ""normalize"": true, ""seed"": 8, ""tau"": 4.4, ""valid_route"": true}"
small_exact,evaluation,small_exact_random_asymmetric_n5_seed8,random_asymmetric,5,8,held_karp,ok,"[4, 1, 0, 2, 3]",173.37170896216662,173.37170896216662,173.37170896216662,0.0,0.0,True,True,True,3.470000228844583e-05,250.828125,250.828125,0.0,4.4,calibrated_on_calibration_split,,,,"{""instance_metadata"": {""complete"": true, ""high"": 100.0, ""instance_type"": ""random_asymmetric"", ""low"": 1.0, ""n"": 5, ""seed"": 8, ""symmetric"": false}, ""max_n"": 18, ""start"": 4}"
small_exact,evaluation,small_exact_random_asymmetric_n5_seed8,random_asymmetric,5,8,bruteforce,ok,"[4, 1, 0, 2, 3]",173.37170896216662,173.37170896216662,173.37170896216662,0.0,0.0,True,True,True,6.719999873894267e-05,250.828125,250.828125,0.0,4.4,calibrated_on_calibration_split,,,,"{""instance_metadata"": {""complete"": true, ""high"": 100.0, ""instance_type"": ""random_asymmetric"", ""low"": 1.0, ""n"": 5, ""seed"": 8, ""symmetric"": false}, ""max_n"": 10, ""permutations_checked"": 24, ""start"": 4}"
small_exact,evaluation,small_exact_random_asymmetric_n5_seed8,random_asymmetric,5,8,ortools,ok,"[4, 3, 0, 2, 1]",179.48021031858585,173.37170896216662,173.37170896216662,0.035233553346078104,0.035233553346078104,True,True,True,0.0009124000025622081,250.828125,250.828125,0.0,4.4,calibrated_on_calibration_split,,,5.0,"{""finite_edges"": true, ""infinity_penalty"": 493702035000, ""instance_metadata"": {""complete"": true, ""high"": 100.0, ""instance_type"": ""random_asymmetric"", ""low"": 1.0, ""n"": 5, ""seed"": 8, ""symmetric"": false}, ""integer_scale"": 1000000, ""start"": 4, ""time_limit_s"": 5.0, ""valid_route"": true}"
small_exact,evaluation,small_exact_random_asymmetric_n5_seed8,random_asymmetric,5,8,networkx_christofides,skipped_not_applicable,,,173.37170896216662,173.37170896216662,nan,nan,True,,,6.259999645408243e-05,250.828125,250.828125,0.0,4.4,calibrated_on_calibration_split,,,,"{""instance_metadata"": {""complete"": true, ""high"": 100.0, ""instance_type"": ""random_asymmetric"", ""low"": 1.0, ""n"": 5, ""seed"": 8, ""symmetric"": false}, ""requires_metric_symmetric_complete"": true}"
small_exact,evaluation,small_exact_random_asymmetric_n5_seed8,random_asymmetric,5,8,networkx_greedy,ok,"[4, 1, 3, 0, 2]",184.45555811673117,173.37170896216662,173.37170896216662,0.06393112936888265,0.06393112936888265,True,True,True,0.0001081000009435229,250.828125,250.828125,0.0,4.4,calibrated_on_calibration_split,,,,"{""finite_edges"": true, ""instance_metadata"": {""complete"": true, ""high"": 100.0, ""instance_type"": ""random_asymmetric"", ""low"": 1.0, ""n"": 5, ""seed"": 8, ""symmetric"": false}, ""valid_route"": true}"
small_exact,evaluation,small_exact_random_asymmetric_n5_seed8,random_asymmetric,5,8,python_tsp_dynamic_programming,skipped_missing_dependency,,,173.37170896216662,173.37170896216662,nan,nan,True,,,0.0005027999977755826,250.828125,250.828125,0.0,4.4,calibrated_on_calibration_split,,,,"{""instance_metadata"": {""complete"": true, ""high"": 100.0, ""instance_type"": ""random_asymmetric"", ""low"": 1.0, ""n"": 5, ""seed"": 8, ""symmetric"": false}}"
small_exact,evaluation,small_exact_euclidean_n5_seed9,euclidean,5,9,tn_exact,ok,"[4, 0, 3, 2, 1]",2480.4986547308963,2480.4986547308963,2480.4986547308963,0.0,0.0,True,True,True,0.007445699997333577,250.828125,250.828125,0.0,4.4,calibrated_on_calibration_split,,True,,"{""exact_mode"": true, ""finite_edges"": true, ""instance_metadata"": {""complete"": true, ""instance_type"": ""euclidean"", ""n"": 5, ""points"": [[870.2492039700846, 286.8172090875554], [603.1481500515619, 777.5340829201788], [716.0746296035653, 915.3801204905076], [860.3936491828846, 918.2376290487624], [26.587734467597212, 437.2480001295087]], ""scale"": 1000.0, ""seed"": 9, ""symmetric"": true}, ""max_layers"": 3, ""n_layers"": null, ""n_layers_effective"": 3, ""normalization_factor"": 962.5919834187685, ""normalize"": true, ""seed"": 9, ""tau"": 4.4, ""valid_route"": true}"
small_exact,evaluation,small_exact_euclidean_n5_seed9,euclidean,5,9,held_karp,ok,"[4, 1, 2, 3, 0]",2480.4986547308963,2480.4986547308963,2480.4986547308963,0.0,0.0,True,True,True,3.4100001357728615e-05,250.828125,250.828125,0.0,4.4,calibrated_on_calibration_split,,,,"{""instance_metadata"": {""complete"": true, ""instance_type"": ""euclidean"", ""n"": 5, ""points"": [[870.2492039700846, 286.8172090875554], [603.1481500515619, 777.5340829201788], [716.0746296035653, 915.3801204905076], [860.3936491828846, 918.2376290487624], [26.587734467597212, 437.2480001295087]], ""scale"": 1000.0, ""seed"": 9, ""symmetric"": true}, ""max_n"": 18, ""start"": 4}"
small_exact,evaluation,small_exact_euclidean_n5_seed9,euclidean,5,9,bruteforce,ok,"[4, 0, 3, 2, 1]",2480.4986547308963,2480.4986547308963,2480.4986547308963,0.0,0.0,True,True,True,6.470000153058209e-05,250.828125,250.828125,0.0,4.4,calibrated_on_calibration_split,,,,"{""instance_metadata"": {""complete"": true, ""instance_type"": ""euclidean"", ""n"": 5, ""points"": [[870.2492039700846, 286.8172090875554], [603.1481500515619, 777.5340829201788], [716.0746296035653, 915.3801204905076], [860.3936491828846, 918.2376290487624], [26.587734467597212, 437.2480001295087]], ""scale"": 1000.0, ""seed"": 9, ""symmetric"": true}, ""max_n"": 10, ""permutations_checked"": 24, ""start"": 4}"
small_exact,evaluation,small_exact_euclidean_n5_seed9,euclidean,5,9,ortools,ok,"[4, 1, 2, 3, 0]",2480.4986547308963,2480.4986547308963,2480.4986547308963,0.0,0.0,True,True,True,0.0008531999992555939,250.828125,250.828125,0.0,4.4,calibrated_on_calibration_split,,,5.0,"{""finite_edges"": true, ""infinity_penalty"": 4812959915000, ""instance_metadata"": {""complete"": true, ""instance_type"": ""euclidean"", ""n"": 5, ""points"": [[870.2492039700846, 286.8172090875554], [603.1481500515619, 777.5340829201788], [716.0746296035653, 915.3801204905076], [860.3936491828846, 918.2376290487624], [26.587734467597212, 437.2480001295087]], ""scale"": 1000.0, ""seed"": 9, ""symmetric"": true}, ""integer_scale"": 1000000, ""start"": 4, ""time_limit_s"": 5.0, ""valid_route"": true}"
small_exact,evaluation,small_exact_euclidean_n5_seed9,euclidean,5,9,networkx_christofides,ok,"[4, 0, 2, 3, 1]",2611.210921925104,2480.4986547308963,2480.4986547308963,0.05269596375104189,0.05269596375104189,True,True,True,0.0004332999997131992,250.828125,250.828125,0.0,4.4,calibrated_on_calibration_split,,,,"{""finite_edges"": true, ""instance_metadata"": {""complete"": true, ""instance_type"": ""euclidean"", ""n"": 5, ""points"": [[870.2492039700846, 286.8172090875554], [603.1481500515619, 777.5340829201788], [716.0746296035653, 915.3801204905076], [860.3936491828846, 918.2376290487624], [26.587734467597212, 437.2480001295087]], ""scale"": 1000.0, ""seed"": 9, ""symmetric"": true}, ""requires_metric_symmetric_complete"": true, ""valid_route"": true}"
small_exact,evaluation,small_exact_euclidean_n5_seed9,euclidean,5,9,networkx_greedy,ok,"[4, 0, 3, 2, 1]",2480.4986547308963,2480.4986547308963,2480.4986547308963,0.0,0.0,True,True,True,8.960000195656903e-05,250.828125,250.828125,0.0,4.4,calibrated_on_calibration_split,,,,"{""finite_edges"": true, ""instance_metadata"": {""complete"": true, ""instance_type"": ""euclidean"", ""n"": 5, ""points"": [[870.2492039700846, 286.8172090875554], [603.1481500515619, 777.5340829201788], [716.0746296035653, 915.3801204905076], [860.3936491828846, 918.2376290487624], [26.587734467597212, 437.2480001295087]], ""scale"": 1000.0, ""seed"": 9, ""symmetric"": true}, ""valid_route"": true}"
small_exact,evaluation,small_exact_euclidean_n5_seed9,euclidean,5,9,python_tsp_dynamic_programming,skipped_missing_dependency,,,2480.4986547308963,2480.4986547308963,nan,nan,True,,,0.0005209000009926967,250.828125,250.828125,0.0,4.4,calibrated_on_calibration_split,,,,"{""instance_metadata"": {""complete"": true, ""instance_type"": ""euclidean"", ""n"": 5, ""points"": [[870.2492039700846, 286.8172090875554], [603.1481500515619, 777.5340829201788], [716.0746296035653, 915.3801204905076], [860.3936491828846, 918.2376290487624], [26.587734467597212, 437.2480001295087]], ""scale"": 1000.0, ""seed"": 9, ""symmetric"": true}}"
small_exact,evaluation,small_exact_random_symmetric_n5_seed9,random_symmetric,5,9,tn_exact,ok,"[4, 0, 2, 1, 3]",259.25597826537074,259.25597826537074,259.25597826537074,0.0,0.0,True,True,True,0.00763800000277115,250.828125,250.83203125,0.00390625,4.4,calibrated_on_calibration_split,,True,,"{""exact_mode"": true, ""finite_edges"": true, ""instance_metadata"": {""complete"": true, ""high"": 100.0, ""instance_type"": ""random_symmetric"", ""low"": 1.0, ""n"": 5, ""seed"": 9, ""symmetric"": true}, ""max_layers"": 3, ""n_layers"": null, ""n_layers_effective"": 3, ""normalization_factor"": 98.56662806344724, ""normalize"": true, ""seed"": 9, ""tau"": 4.4, ""valid_route"": true}"
small_exact,evaluation,small_exact_random_symmetric_n5_seed9,random_symmetric,5,9,held_karp,ok,"[4, 3, 1, 2, 0]",259.25597826537074,259.25597826537074,259.25597826537074,0.0,0.0,True,True,True,3.360000118846074e-05,250.83203125,250.83203125,0.0,4.4,calibrated_on_calibration_split,,,,"{""instance_metadata"": {""complete"": true, ""high"": 100.0, ""instance_type"": ""random_symmetric"", ""low"": 1.0, ""n"": 5, ""seed"": 9, ""symmetric"": true}, ""max_n"": 18, ""start"": 4}"
small_exact,evaluation,small_exact_random_symmetric_n5_seed9,random_symmetric,5,9,bruteforce,ok,"[4, 0, 2, 1, 3]",259.25597826537074,259.25597826537074,259.25597826537074,0.0,0.0,True,True,True,6.489999941550195e-05,250.83203125,250.83203125,0.0,4.4,calibrated_on_calibration_split,,,,"{""instance_metadata"": {""complete"": true, ""high"": 100.0, ""instance_type"": ""random_symmetric"", ""low"": 1.0, ""n"": 5, ""seed"": 9, ""symmetric"": true}, ""max_n"": 10, ""permutations_checked"": 24, ""start"": 4}"
small_exact,evaluation,small_exact_random_symmetric_n5_seed9,random_symmetric,5,9,ortools,ok,"[4, 0, 2, 1, 3]",259.25597826537074,259.25597826537074,259.25597826537074,0.0,0.0,True,True,True,0.0008549999984097667,250.83203125,250.83984375,0.0078125,4.4,calibrated_on_calibration_split,,,5.0,"{""finite_edges"": true, ""infinity_penalty"": 492833140000, ""instance_metadata"": {""complete"": true, ""high"": 100.0, ""instance_type"": ""random_symmetric"", ""low"": 1.0, ""n"": 5, ""seed"": 9, ""symmetric"": true}, ""integer_scale"": 1000000, ""start"": 4, ""time_limit_s"": 5.0, ""valid_route"": true}"
small_exact,evaluation,small_exact_random_symmetric_n5_seed9,random_symmetric,5,9,networkx_christofides,skipped_not_applicable,,,259.25597826537074,259.25597826537074,nan,nan,True,,,7.76999986555893e-05,250.83984375,250.83984375,0.0,4.4,calibrated_on_calibration_split,,,,"{""instance_metadata"": {""complete"": true, ""high"": 100.0, ""instance_type"": ""random_symmetric"", ""low"": 1.0, ""n"": 5, ""seed"": 9, ""symmetric"": true}, ""requires_metric_symmetric_complete"": true}"
small_exact,evaluation,small_exact_random_symmetric_n5_seed9,random_symmetric,5,9,networkx_greedy,ok,"[4, 0, 2, 1, 3]",259.25597826537074,259.25597826537074,259.25597826537074,0.0,0.0,True,True,True,8.589999924879521e-05,250.83984375,250.83984375,0.0,4.4,calibrated_on_calibration_split,,,,"{""finite_edges"": true, ""instance_metadata"": {""complete"": true, ""high"": 100.0, ""instance_type"": ""random_symmetric"", ""low"": 1.0, ""n"": 5, ""seed"": 9, ""symmetric"": true}, ""valid_route"": true}"
small_exact,evaluation,small_exact_random_symmetric_n5_seed9,random_symmetric,5,9,python_tsp_dynamic_programming,skipped_missing_dependency,,,259.25597826537074,259.25597826537074,nan,nan,True,,,0.00047030000132508576,250.83984375,250.83984375,0.0,4.4,calibrated_on_calibration_split,,,,"{""instance_metadata"": {""complete"": true, ""high"": 100.0, ""instance_type"": ""random_symmetric"", ""low"": 1.0, ""n"": 5, ""seed"": 9, ""symmetric"": true}}"
small_exact,evaluation,small_exact_random_asymmetric_n5_seed9,random_asymmetric,5,9,tn_exact,ok,"[4, 0, 2, 1, 3]",174.8231926668169,174.8231926668169,174.8231926668169,0.0,0.0,True,True,True,0.00730670000120881,250.84375,250.84765625,0.00390625,4.4,calibrated_on_calibration_split,,True,,"{""exact_mode"": true, ""finite_edges"": true, ""instance_metadata"": {""complete"": true, ""high"": 100.0, ""instance_type"": ""random_asymmetric"", ""low"": 1.0, ""n"": 5, ""seed"": 9, ""symmetric"": false}, ""max_layers"": 3, ""n_layers"": null, ""n_layers_effective"": 3, ""normalization_factor"": 98.78633394256309, ""normalize"": true, ""seed"": 9, ""tau"": 4.4, ""valid_route"": true}"
small_exact,evaluation,small_exact_random_asymmetric_n5_seed9,random_asymmetric,5,9,held_karp,ok,"[4, 0, 2, 1, 3]",174.8231926668169,174.8231926668169,174.8231926668169,0.0,0.0,True,True,True,3.510000169626437e-05,250.84765625,250.84765625,0.0,4.4,calibrated_on_calibration_split,,,,"{""instance_metadata"": {""complete"": true, ""high"": 100.0, ""instance_type"": ""random_asymmetric"", ""low"": 1.0, ""n"": 5, ""seed"": 9, ""symmetric"": false}, ""max_n"": 18, ""start"": 4}"
small_exact,evaluation,small_exact_random_asymmetric_n5_seed9,random_asymmetric,5,9,bruteforce,ok,"[4, 0, 2, 1, 3]",174.8231926668169,174.8231926668169,174.8231926668169,0.0,0.0,True,True,True,6.550000034621917e-05,250.84765625,250.84765625,0.0,4.4,calibrated_on_calibration_split,,,,"{""instance_metadata"": {""complete"": true, ""high"": 100.0, ""instance_type"": ""random_asymmetric"", ""low"": 1.0, ""n"": 5, ""seed"": 9, ""symmetric"": false}, ""max_n"": 10, ""permutations_checked"": 24, ""start"": 4}"
small_exact,evaluation,small_exact_random_asymmetric_n5_seed9,random_asymmetric,5,9,ortools,ok,"[4, 0, 2, 1, 3]",174.8231926668169,174.8231926668169,174.8231926668169,0.0,0.0,True,True,True,0.0009518999977444764,250.84765625,250.8515625,0.00390625,4.4,calibrated_on_calibration_split,,,5.0,"{""finite_edges"": true, ""infinity_penalty"": 493931670000, ""instance_metadata"": {""complete"": true, ""high"": 100.0, ""instance_type"": ""random_asymmetric"", ""low"": 1.0, ""n"": 5, ""seed"": 9, ""symmetric"": false}, ""integer_scale"": 1000000, ""start"": 4, ""time_limit_s"": 5.0, ""valid_route"": true}"
small_exact,evaluation,small_exact_random_asymmetric_n5_seed9,random_asymmetric,5,9,networkx_christofides,skipped_not_applicable,,,174.8231926668169,174.8231926668169,nan,nan,True,,,6.489999941550195e-05,250.8515625,250.8515625,0.0,4.4,calibrated_on_calibration_split,,,,"{""instance_metadata"": {""complete"": true, ""high"": 100.0, ""instance_type"": ""random_asymmetric"", ""low"": 1.0, ""n"": 5, ""seed"": 9, ""symmetric"": false}, ""requires_metric_symmetric_complete"": true}"
small_exact,evaluation,small_exact_random_asymmetric_n5_seed9,random_asymmetric,5,9,networkx_greedy,ok,"[4, 0, 1, 3, 2]",230.89702310572784,174.8231926668169,174.8231926668169,0.32074594671073225,0.32074594671073225,True,True,True,9.829999908106402e-05,250.8515625,250.8515625,0.0,4.4,calibrated_on_calibration_split,,,,"{""finite_edges"": true, ""instance_metadata"": {""complete"": true, ""high"": 100.0, ""instance_type"": ""random_asymmetric"", ""low"": 1.0, ""n"": 5, ""seed"": 9, ""symmetric"": false}, ""valid_route"": true}"
small_exact,evaluation,small_exact_random_asymmetric_n5_seed9,random_asymmetric,5,9,python_tsp_dynamic_programming,skipped_missing_dependency,,,174.8231926668169,174.8231926668169,nan,nan,True,,,0.0005336999965948053,250.8515625,250.8515625,0.0,4.4,calibrated_on_calibration_split,,,,"{""instance_metadata"": {""complete"": true, ""high"": 100.0, ""instance_type"": ""random_asymmetric"", ""low"": 1.0, ""n"": 5, ""seed"": 9, ""symmetric"": false}}"
small_exact,evaluation,small_exact_euclidean_n6_seed5,euclidean,6,5,tn_exact,ok,"[5, 1, 3, 2, 4, 0]",2888.7013155611753,2888.701315561175,2888.701315561175,1.574227658764099e-16,1.574227658764099e-16,True,True,True,0.013881599999876926,250.8515625,251.03125,0.1796875,17.2,calibrated_on_calibration_split,,True,,"{""exact_mode"": true, ""finite_edges"": true, ""instance_metadata"": {""complete"": true, ""instance_type"": ""euclidean"", ""n"": 6, ""points"": [[805.0029237453801, 807.9407897364938], [515.325561042142, 285.8013800881416], [53.930702381656424, 383.36888078551823], [408.47320541999864, 45.27519390244517], [48.75771072716806, 999.1761150650714], [652.3691115879877, 234.51020166982394]], ""scale"": 1000.0, ""seed"": 5, ""symmetric"": true}, ""max_layers"": 4, ""n_layers"": null, ""n_layers_effective"": 4, ""normalization_factor"": 1019.4715319796893, ""normalize"": true, ""seed"": 5, ""tau"": 17.2, ""valid_route"": true}"
small_exact,evaluation,small_exact_euclidean_n6_seed5,euclidean,6,5,held_karp,ok,"[5, 0, 4, 2, 3, 1]",2888.701315561175,2888.701315561175,2888.701315561175,0.0,0.0,True,True,True,8.059999890974723e-05,251.03125,251.03125,0.0,17.2,calibrated_on_calibration_split,,,,"{""instance_metadata"": {""complete"": true, ""instance_type"": ""euclidean"", ""n"": 6, ""points"": [[805.0029237453801, 807.9407897364938], [515.325561042142, 285.8013800881416], [53.930702381656424, 383.36888078551823], [408.47320541999864, 45.27519390244517], [48.75771072716806, 999.1761150650714], [652.3691115879877, 234.51020166982394]], ""scale"": 1000.0, ""seed"": 5, ""symmetric"": true}, ""max_n"": 18, ""start"": 5}"
small_exact,evaluation,small_exact_euclidean_n6_seed5,euclidean,6,5,bruteforce,ok,"[5, 0, 4, 2, 3, 1]",2888.701315561175,2888.701315561175,2888.701315561175,0.0,0.0,True,True,True,0.00032840000130818225,251.03125,251.03125,0.0,17.2,calibrated_on_calibration_split,,,,"{""instance_metadata"": {""complete"": true, ""instance_type"": ""euclidean"", ""n"": 6, ""points"": [[805.0029237453801, 807.9407897364938], [515.325561042142, 285.8013800881416], [53.930702381656424, 383.36888078551823], [408.47320541999864, 45.27519390244517], [48.75771072716806, 999.1761150650714], [652.3691115879877, 234.51020166982394]], ""scale"": 1000.0, ""seed"": 5, ""symmetric"": true}, ""max_n"": 10, ""permutations_checked"": 120, ""start"": 5}"
small_exact,evaluation,small_exact_euclidean_n6_seed5,euclidean,6,5,ortools,ok,"[5, 1, 3, 2, 4, 0]",2888.7013155611753,2888.701315561175,2888.701315561175,1.574227658764099e-16,1.574227658764099e-16,True,True,True,0.0009942000033333898,251.03125,251.03125,0.0,17.2,calibrated_on_calibration_split,,,5.0,"{""finite_edges"": true, ""infinity_penalty"": 6116829192000, ""instance_metadata"": {""complete"": true, ""instance_type"": ""euclidean"", ""n"": 6, ""points"": [[805.0029237453801, 807.9407897364938], [515.325561042142, 285.8013800881416], [53.930702381656424, 383.36888078551823], [408.47320541999864, 45.27519390244517], [48.75771072716806, 999.1761150650714], [652.3691115879877, 234.51020166982394]], ""scale"": 1000.0, ""seed"": 5, ""symmetric"": true}, ""integer_scale"": 1000000, ""start"": 5, ""time_limit_s"": 5.0, ""valid_route"": true}"
small_exact,evaluation,small_exact_euclidean_n6_seed5,euclidean,6,5,networkx_christofides,ok,"[5, 0, 4, 2, 1, 3]",3032.7650431040033,2888.701315561175,2888.701315561175,0.049871451495095774,0.049871451495095774,True,True,True,0.0005250000031082891,251.03125,251.03125,0.0,17.2,calibrated_on_calibration_split,,,,"{""finite_edges"": true, ""instance_metadata"": {""complete"": true, ""instance_type"": ""euclidean"", ""n"": 6, ""points"": [[805.0029237453801, 807.9407897364938], [515.325561042142, 285.8013800881416], [53.930702381656424, 383.36888078551823], [408.47320541999864, 45.27519390244517], [48.75771072716806, 999.1761150650714], [652.3691115879877, 234.51020166982394]], ""scale"": 1000.0, ""seed"": 5, ""symmetric"": true}, ""requires_metric_symmetric_complete"": true, ""valid_route"": true}"
small_exact,evaluation,small_exact_euclidean_n6_seed5,euclidean,6,5,networkx_greedy,ok,"[5, 0, 4, 2, 3, 1]",2888.701315561175,2888.701315561175,2888.701315561175,0.0,0.0,True,True,True,9.730000238050707e-05,251.03125,251.03125,0.0,17.2,calibrated_on_calibration_split,,,,"{""finite_edges"": true, ""instance_metadata"": {""complete"": true, ""instance_type"": ""euclidean"", ""n"": 6, ""points"": [[805.0029237453801, 807.9407897364938], [515.325561042142, 285.8013800881416], [53.930702381656424, 383.36888078551823], [408.47320541999864, 45.27519390244517], [48.75771072716806, 999.1761150650714], [652.3691115879877, 234.51020166982394]], ""scale"": 1000.0, ""seed"": 5, ""symmetric"": true}, ""valid_route"": true}"
small_exact,evaluation,small_exact_euclidean_n6_seed5,euclidean,6,5,python_tsp_dynamic_programming,skipped_missing_dependency,,,2888.701315561175,2888.701315561175,nan,nan,True,,,0.00054190000082599,251.03125,251.03125,0.0,17.2,calibrated_on_calibration_split,,,,"{""instance_metadata"": {""complete"": true, ""instance_type"": ""euclidean"", ""n"": 6, ""points"": [[805.0029237453801, 807.9407897364938], [515.325561042142, 285.8013800881416], [53.930702381656424, 383.36888078551823], [408.47320541999864, 45.27519390244517], [48.75771072716806, 999.1761150650714], [652.3691115879877, 234.51020166982394]], ""scale"": 1000.0, ""seed"": 5, ""symmetric"": true}}"
small_exact,evaluation,small_exact_random_symmetric_n6_seed5,random_symmetric,6,5,tn_exact,ok,"[5, 1, 3, 0, 2, 4]",206.47231718646333,206.4723171864633,206.4723171864633,1.376538502482956e-16,1.376538502482956e-16,True,True,True,0.013425299999653362,251.03125,251.03515625,0.00390625,17.2,calibrated_on_calibration_split,,True,,"{""exact_mode"": true, ""finite_edges"": true, ""instance_metadata"": {""complete"": true, ""high"": 100.0, ""instance_type"": ""random_symmetric"", ""low"": 1.0, ""n"": 6, ""seed"": 5, ""symmetric"": true}, ""max_layers"": 4, ""n_layers"": null, ""n_layers_effective"": 4, ""normalization_factor"": 88.86742093107789, ""normalize"": true, ""seed"": 5, ""tau"": 17.2, ""valid_route"": true}"
small_exact,evaluation,small_exact_random_symmetric_n6_seed5,random_symmetric,6,5,held_karp,ok,"[5, 4, 2, 0, 3, 1]",206.4723171864633,206.4723171864633,206.4723171864633,0.0,0.0,True,True,True,8.460000026389025e-05,251.03515625,251.03515625,0.0,17.2,calibrated_on_calibration_split,,,,"{""instance_metadata"": {""complete"": true, ""high"": 100.0, ""instance_type"": ""random_symmetric"", ""low"": 1.0, ""n"": 6, ""seed"": 5, ""symmetric"": true}, ""max_n"": 18, ""start"": 5}"
small_exact,evaluation,small_exact_random_symmetric_n6_seed5,random_symmetric,6,5,bruteforce,ok,"[5, 4, 2, 0, 3, 1]",206.4723171864633,206.4723171864633,206.4723171864633,0.0,0.0,True,True,True,0.0003839999990304932,251.03515625,251.03515625,0.0,17.2,calibrated_on_calibration_split,,,,"{""instance_metadata"": {""complete"": true, ""high"": 100.0, ""instance_type"": ""random_symmetric"", ""low"": 1.0, ""n"": 6, ""seed"": 5, ""symmetric"": true}, ""max_n"": 10, ""permutations_checked"": 120, ""start"": 5}"
small_exact,evaluation,small_exact_random_symmetric_n6_seed5,random_symmetric,6,5,ortools,ok,"[5, 4, 2, 0, 3, 1]",206.4723171864633,206.4723171864633,206.4723171864633,0.0,0.0,True,True,True,0.0010804999983520247,251.03515625,251.03515625,0.0,17.2,calibrated_on_calibration_split,,,5.0,"{""finite_edges"": true, ""infinity_penalty"": 533204526000, ""instance_metadata"": {""complete"": true, ""high"": 100.0, ""instance_type"": ""random_symmetric"", ""low"": 1.0, ""n"": 6, ""seed"": 5, ""symmetric"": true}, ""integer_scale"": 1000000, ""start"": 5, ""time_limit_s"": 5.0, ""valid_route"": true}"
small_exact,evaluation,small_exact_random_symmetric_n6_seed5,random_symmetric,6,5,networkx_christofides,skipped_not_applicable,,,206.4723171864633,206.4723171864633,nan,nan,True,,,8.030000026337802e-05,251.03515625,251.03515625,0.0,17.2,calibrated_on_calibration_split,,,,"{""instance_metadata"": {""complete"": true, ""high"": 100.0, ""instance_type"": ""random_symmetric"", ""low"": 1.0, ""n"": 6, ""seed"": 5, ""symmetric"": true}, ""requires_metric_symmetric_complete"": true}"
small_exact,evaluation,small_exact_random_symmetric_n6_seed5,random_symmetric,6,5,networkx_greedy,ok,"[5, 1, 3, 0, 2, 4]",206.47231718646333,206.4723171864633,206.4723171864633,1.376538502482956e-16,1.376538502482956e-16,True,True,True,9.920000229612924e-05,251.03515625,251.03515625,0.0,17.2,calibrated_on_calibration_split,,,,"{""finite_edges"": true, ""instance_metadata"": {""complete"": true, ""high"": 100.0, ""instance_type"": ""random_symmetric"", ""low"": 1.0, ""n"": 6, ""seed"": 5, ""symmetric"": true}, ""valid_route"": true}"
small_exact,evaluation,small_exact_random_symmetric_n6_seed5,random_symmetric,6,5,python_tsp_dynamic_programming,skipped_missing_dependency,,,206.4723171864633,206.4723171864633,nan,nan,True,,,0.0005419999979494605,251.03515625,251.03515625,0.0,17.2,calibrated_on_calibration_split,,,,"{""instance_metadata"": {""complete"": true, ""high"": 100.0, ""instance_type"": ""random_symmetric"", ""low"": 1.0, ""n"": 6, ""seed"": 5, ""symmetric"": true}}"
small_exact,evaluation,small_exact_random_asymmetric_n6_seed5,random_asymmetric,6,5,tn_exact,ok,"[5, 3, 1, 2, 0, 4]",110.30867186565072,110.30867186565072,110.30867186565072,0.0,0.0,True,True,True,0.013373300000239396,251.03515625,251.2109375,0.17578125,17.2,calibrated_on_calibration_split,,True,,"{""exact_mode"": true, ""finite_edges"": true, ""instance_metadata"": {""complete"": true, ""high"": 100.0, ""instance_type"": ""random_asymmetric"", ""low"": 1.0, ""n"": 6, ""seed"": 5, ""symmetric"": false}, ""max_layers"": 4, ""n_layers"": null, ""n_layers_effective"": 4, ""normalization_factor"": 99.91843539144207, ""normalize"": true, ""seed"": 5, ""tau"": 17.2, ""valid_route"": true}"
small_exact,evaluation,small_exact_random_asymmetric_n6_seed5,random_asymmetric,6,5,held_karp,ok,"[5, 3, 1, 2, 0, 4]",110.30867186565072,110.30867186565072,110.30867186565072,0.0,0.0,True,True,True,8.24999988253694e-05,251.2109375,251.2109375,0.0,17.2,calibrated_on_calibration_split,,,,"{""instance_metadata"": {""complete"": true, ""high"": 100.0, ""instance_type"": ""random_asymmetric"", ""low"": 1.0, ""n"": 6, ""seed"": 5, ""symmetric"": false}, ""max_n"": 18, ""start"": 5}"
small_exact,evaluation,small_exact_random_asymmetric_n6_seed5,random_asymmetric,6,5,bruteforce,ok,"[5, 3, 1, 2, 0, 4]",110.30867186565072,110.30867186565072,110.30867186565072,0.0,0.0,True,True,True,0.000329400001646718,251.2109375,251.2109375,0.0,17.2,calibrated_on_calibration_split,,,,"{""instance_metadata"": {""complete"": true, ""high"": 100.0, ""instance_type"": ""random_asymmetric"", ""low"": 1.0, ""n"": 6, ""seed"": 5, ""symmetric"": false}, ""max_n"": 10, ""permutations_checked"": 120, ""start"": 5}"
small_exact,evaluation,small_exact_random_asymmetric_n6_seed5,random_asymmetric,6,5,ortools,ok,"[5, 1, 2, 4, 0, 3]",151.68438149797677,110.30867186565072,110.30867186565072,0.37509027107786375,0.37509027107786375,True,True,True,0.0010293000013916753,251.2109375,251.2109375,0.0,17.2,calibrated_on_calibration_split,,,5.0,"{""finite_edges"": true, ""infinity_penalty"": 599510610000, ""instance_metadata"": {""complete"": true, ""high"": 100.0, ""instance_type"": ""random_asymmetric"", ""low"": 1.0, ""n"": 6, ""seed"": 5, ""symmetric"": false}, ""integer_scale"": 1000000, ""start"": 5, ""time_limit_s"": 5.0, ""valid_route"": true}"
small_exact,evaluation,small_exact_random_asymmetric_n6_seed5,random_asymmetric,6,5,networkx_christofides,skipped_not_applicable,,,110.30867186565072,110.30867186565072,nan,nan,True,,,7.030000051599927e-05,251.2109375,251.2109375,0.0,17.2,calibrated_on_calibration_split,,,,"{""instance_metadata"": {""complete"": true, ""high"": 100.0, ""instance_type"": ""random_asymmetric"", ""low"": 1.0, ""n"": 6, ""seed"": 5, ""symmetric"": false}, ""requires_metric_symmetric_complete"": true}"
small_exact,evaluation,small_exact_random_asymmetric_n6_seed5,random_asymmetric,6,5,networkx_greedy,ok,"[5, 1, 2, 4, 0, 3]",151.68438149797677,110.30867186565072,110.30867186565072,0.37509027107786375,0.37509027107786375,True,True,True,0.0005135999999765772,251.2109375,251.21484375,0.00390625,17.2,calibrated_on_calibration_split,,,,"{""finite_edges"": true, ""instance_metadata"": {""complete"": true, ""high"": 100.0, ""instance_type"": ""random_asymmetric"", ""low"": 1.0, ""n"": 6, ""seed"": 5, ""symmetric"": false}, ""valid_route"": true}"
small_exact,evaluation,small_exact_random_asymmetric_n6_seed5,random_asymmetric,6,5,python_tsp_dynamic_programming,skipped_missing_dependency,,,110.30867186565072,110.30867186565072,nan,nan,True,,,0.000602299998718081,251.21484375,251.21484375,0.0,17.2,calibrated_on_calibration_split,,,,"{""instance_metadata"": {""complete"": true, ""high"": 100.0, ""instance_type"": ""random_asymmetric"", ""low"": 1.0, ""n"": 6, ""seed"": 5, ""symmetric"": false}}"
small_exact,evaluation,small_exact_euclidean_n6_seed6,euclidean,6,6,tn_exact,ok,"[5, 1, 0, 4, 3, 2]",2609.041331354613,2609.041331354613,2609.041331354613,0.0,0.0,True,True,True,0.013400200001342455,251.21484375,251.21484375,0.0,17.2,calibrated_on_calibration_split,,True,,"{""exact_mode"": true, ""finite_edges"": true, ""instance_metadata"": {""complete"": true, ""instance_type"": ""euclidean"", ""n"": 6, ""points"": [[538.1643514719432, 343.27086981333844], [369.06723979537827, 374.49676558788235], [987.4449901864666, 632.7562726071461], [674.3239305044935, 329.96345538545836], [679.9176611640223, 122.97237488719004], [51.729231983775215, 850.1913468087871]], ""scale"": 1000.0, ""seed"": 6, ""symmetric"": true}, ""max_layers"": 4, ""n_layers"": null, ""n_layers_effective"": 4, ""normalization_factor"": 960.9724947565621, ""normalize"": true, ""seed"": 6, ""tau"": 17.2, ""valid_route"": true}"
small_exact,evaluation,small_exact_euclidean_n6_seed6,euclidean,6,6,held_karp,ok,"[5, 1, 0, 4, 3, 2]",2609.041331354613,2609.041331354613,2609.041331354613,0.0,0.0,True,True,True,8.590000288677402e-05,251.21484375,251.21484375,0.0,17.2,calibrated_on_calibration_split,,,,"{""instance_metadata"": {""complete"": true, ""instance_type"": ""euclidean"", ""n"": 6, ""points"": [[538.1643514719432, 343.27086981333844], [369.06723979537827, 374.49676558788235], [987.4449901864666, 632.7562726071461], [674.3239305044935, 329.96345538545836], [679.9176611640223, 122.97237488719004], [51.729231983775215, 850.1913468087871]], ""scale"": 1000.0, ""seed"": 6, ""symmetric"": true}, ""max_n"": 18, ""start"": 5}"
small_exact,evaluation,small_exact_euclidean_n6_seed6,euclidean,6,6,bruteforce,ok,"[5, 1, 0, 4, 3, 2]",2609.041331354613,2609.041331354613,2609.041331354613,0.0,0.0,True,True,True,0.00032869999995455146,251.21484375,251.21484375,0.0,17.2,calibrated_on_calibration_split,,,,"{""instance_metadata"": {""complete"": true, ""instance_type"": ""euclidean"", ""n"": 6, ""points"": [[538.1643514719432, 343.27086981333844], [369.06723979537827, 374.49676558788235], [987.4449901864666, 632.7562726071461], [674.3239305044935, 329.96345538545836], [679.9176611640223, 122.97237488719004], [51.729231983775215, 850.1913468087871]], ""scale"": 1000.0, ""seed"": 6, ""symmetric"": true}, ""max_n"": 10, ""permutations_checked"": 120, ""start"": 5}"
small_exact,evaluation,small_exact_euclidean_n6_seed6,euclidean,6,6,ortools,ok,"[5, 1, 0, 4, 3, 2]",2609.041331354613,2609.041331354613,2609.041331354613,0.0,0.0,True,True,True,0.00102100000003702,251.21484375,251.21484375,0.0,17.2,calibrated_on_calibration_split,,,5.0,"{""finite_edges"": true, ""infinity_penalty"": 5765834970000, ""instance_metadata"": {""complete"": true, ""instance_type"": ""euclidean"", ""n"": 6, ""points"": [[538.1643514719432, 343.27086981333844], [369.06723979537827, 374.49676558788235], [987.4449901864666, 632.7562726071461], [674.3239305044935, 329.96345538545836], [679.9176611640223, 122.97237488719004], [51.729231983775215, 850.1913468087871]], ""scale"": 1000.0, ""seed"": 6, ""symmetric"": true}, ""integer_scale"": 1000000, ""start"": 5, ""time_limit_s"": 5.0, ""valid_route"": true}"
small_exact,evaluation,small_exact_euclidean_n6_seed6,euclidean,6,6,networkx_christofides,ok,"[5, 1, 0, 4, 3, 2]",2609.041331354613,2609.041331354613,2609.041331354613,0.0,0.0,True,True,True,0.0005031000000599306,251.21484375,251.21484375,0.0,17.2,calibrated_on_calibration_split,,,,"{""finite_edges"": true, ""instance_metadata"": {""complete"": true, ""instance_type"": ""euclidean"", ""n"": 6, ""points"": [[538.1643514719432, 343.27086981333844], [369.06723979537827, 374.49676558788235], [987.4449901864666, 632.7562726071461], [674.3239305044935, 329.96345538545836], [679.9176611640223, 122.97237488719004], [51.729231983775215, 850.1913468087871]], ""scale"": 1000.0, ""seed"": 6, ""symmetric"": true}, ""requires_metric_symmetric_complete"": true, ""valid_route"": true}"
small_exact,evaluation,small_exact_euclidean_n6_seed6,euclidean,6,6,networkx_greedy,ok,"[5, 1, 0, 3, 4, 2]",2643.6662826378238,2609.041331354613,2609.041331354613,0.013271139428532442,0.013271139428532442,True,True,True,0.00010720000136643648,251.21484375,251.21484375,0.0,17.2,calibrated_on_calibration_split,,,,"{""finite_edges"": true, ""instance_metadata"": {""complete"": true, ""instance_type"": ""euclidean"", ""n"": 6, ""points"": [[538.1643514719432, 343.27086981333844], [369.06723979537827, 374.49676558788235], [987.4449901864666, 632.7562726071461], [674.3239305044935, 329.96345538545836], [679.9176611640223, 122.97237488719004], [51.729231983775215, 850.1913468087871]], ""scale"": 1000.0, ""seed"": 6, ""symmetric"": true}, ""valid_route"": true}"
small_exact,evaluation,small_exact_euclidean_n6_seed6,euclidean,6,6,python_tsp_dynamic_programming,skipped_missing_dependency,,,2609.041331354613,2609.041331354613,nan,nan,True,,,0.0005175999976927415,251.21484375,251.21484375,0.0,17.2,calibrated_on_calibration_split,,,,"{""instance_metadata"": {""complete"": true, ""instance_type"": ""euclidean"", ""n"": 6, ""points"": [[538.1643514719432, 343.27086981333844], [369.06723979537827, 374.49676558788235], [987.4449901864666, 632.7562726071461], [674.3239305044935, 329.96345538545836], [679.9176611640223, 122.97237488719004], [51.729231983775215, 850.1913468087871]], ""scale"": 1000.0, ""seed"": 6, ""symmetric"": true}}"
small_exact,evaluation,small_exact_random_symmetric_n6_seed6,random_symmetric,6,6,tn_exact,ok,"[5, 4, 1, 3, 0, 2]",217.29896482564422,217.29896482564422,217.29896482564422,0.0,0.0,True,True,True,0.013181999998778338,251.21484375,251.21484375,0.0,17.2,calibrated_on_calibration_split,,True,,"{""exact_mode"": true, ""finite_edges"": true, ""instance_metadata"": {""complete"": true, ""high"": 100.0, ""instance_type"": ""random_symmetric"", ""low"": 1.0, ""n"": 6, ""seed"": 6, ""symmetric"": true}, ""max_layers"": 4, ""n_layers"": null, ""n_layers_effective"": 4, ""normalization_factor"": 87.47212256693568, ""normalize"": true, ""seed"": 6, ""tau"": 17.2, ""valid_route"": true}"
small_exact,evaluation,small_exact_random_symmetric_n6_seed6,random_symmetric,6,6,held_karp,ok,"[5, 4, 1, 3, 0, 2]",217.29896482564422,217.29896482564422,217.29896482564422,0.0,0.0,True,True,True,8.10999990790151e-05,251.21484375,251.21484375,0.0,17.2,calibrated_on_calibration_split,,,,"{""instance_metadata"": {""complete"": true, ""high"": 100.0, ""instance_type"": ""random_symmetric"", ""low"": 1.0, ""n"": 6, ""seed"": 6, ""symmetric"": true}, ""max_n"": 18, ""start"": 5}"
small_exact,evaluation,small_exact_random_symmetric_n6_seed6,random_symmetric,6,6,bruteforce,ok,"[5, 4, 1, 3, 0, 2]",217.29896482564422,217.29896482564422,217.29896482564422,0.0,0.0,True,True,True,0.0003536000003805384,251.21484375,251.21484375,0.0,17.2,calibrated_on_calibration_split,,,,"{""instance_metadata"": {""complete"": true, ""high"": 100.0, ""instance_type"": ""random_symmetric"", ""low"": 1.0, ""n"": 6, ""seed"": 6, ""symmetric"": true}, ""max_n"": 10, ""permutations_checked"": 120, ""start"": 5}"
small_exact,evaluation,small_exact_random_symmetric_n6_seed6,random_symmetric,6,6,ortools,ok,"[5, 2, 0, 3, 1, 4]",217.29896482564425,217.29896482564422,217.29896482564422,1.3079542027827397e-16,1.3079542027827397e-16,True,True,True,0.0011199000000488013,251.21484375,251.21484375,0.0,17.2,calibrated_on_calibration_split,,,5.0,"{""finite_edges"": true, ""infinity_penalty"": 524832738000, ""instance_metadata"": {""complete"": true, ""high"": 100.0, ""instance_type"": ""random_symmetric"", ""low"": 1.0, ""n"": 6, ""seed"": 6, ""symmetric"": true}, ""integer_scale"": 1000000, ""start"": 5, ""time_limit_s"": 5.0, ""valid_route"": true}"
small_exact,evaluation,small_exact_random_symmetric_n6_seed6,random_symmetric,6,6,networkx_christofides,skipped_not_applicable,,,217.29896482564422,217.29896482564422,nan,nan,True,,,7.059999916236848e-05,251.21484375,251.21484375,0.0,17.2,calibrated_on_calibration_split,,,,"{""instance_metadata"": {""complete"": true, ""high"": 100.0, ""instance_type"": ""random_symmetric"", ""low"": 1.0, ""n"": 6, ""seed"": 6, ""symmetric"": true}, ""requires_metric_symmetric_complete"": true}"
small_exact,evaluation,small_exact_random_symmetric_n6_seed6,random_symmetric,6,6,networkx_greedy,ok,"[5, 0, 3, 1, 4, 2]",222.3881987817457,217.29896482564422,217.29896482564422,0.02342042429969681,0.02342042429969681,True,True,True,9.810000119614415e-05,251.21484375,251.21484375,0.0,17.2,calibrated_on_calibration_split,,,,"{""finite_edges"": true, ""instance_metadata"": {""complete"": true, ""high"": 100.0, ""instance_type"": ""random_symmetric"", ""low"": 1.0, ""n"": 6, ""seed"": 6, ""symmetric"": true}, ""valid_route"": true}"
small_exact,evaluation,small_exact_random_symmetric_n6_seed6,random_symmetric,6,6,python_tsp_dynamic_programming,skipped_missing_dependency,,,217.29896482564422,217.29896482564422,nan,nan,True,,,0.0005149999997229315,251.21484375,251.21484375,0.0,17.2,calibrated_on_calibration_split,,,,"{""instance_metadata"": {""complete"": true, ""high"": 100.0, ""instance_type"": ""random_symmetric"", ""low"": 1.0, ""n"": 6, ""seed"": 6, ""symmetric"": true}}"
small_exact,evaluation,small_exact_random_asymmetric_n6_seed6,random_asymmetric,6,6,tn_exact,ok,"[5, 1, 4, 2, 0, 3]",140.48351038458767,140.48351038458767,140.48351038458767,0.0,0.0,True,True,True,0.013598400000773836,251.21484375,251.23046875,0.015625,17.2,calibrated_on_calibration_split,,True,,"{""exact_mode"": true, ""finite_edges"": true, ""instance_metadata"": {""complete"": true, ""high"": 100.0, ""instance_type"": ""random_asymmetric"", ""low"": 1.0, ""n"": 6, ""seed"": 6, ""symmetric"": false}, ""max_layers"": 4, ""n_layers"": null, ""n_layers_effective"": 4, ""normalization_factor"": 98.75705402846019, ""normalize"": true, ""seed"": 6, ""tau"": 17.2, ""valid_route"": true}"
small_exact,evaluation,small_exact_random_asymmetric_n6_seed6,random_asymmetric,6,6,held_karp,ok,"[5, 1, 4, 2, 0, 3]",140.48351038458767,140.48351038458767,140.48351038458767,0.0,0.0,True,True,True,8.019999950192869e-05,251.23046875,251.23046875,0.0,17.2,calibrated_on_calibration_split,,,,"{""instance_metadata"": {""complete"": true, ""high"": 100.0, ""instance_type"": ""random_asymmetric"", ""low"": 1.0, ""n"": 6, ""seed"": 6, ""symmetric"": false}, ""max_n"": 18, ""start"": 5}"
small_exact,evaluation,small_exact_random_asymmetric_n6_seed6,random_asymmetric,6,6,bruteforce,ok,"[5, 1, 4, 2, 0, 3]",140.48351038458767,140.48351038458767,140.48351038458767,0.0,0.0,True,True,True,0.0003336000008857809,251.23046875,251.23046875,0.0,17.2,calibrated_on_calibration_split,,,,"{""instance_metadata"": {""complete"": true, ""high"": 100.0, ""instance_type"": ""random_asymmetric"", ""low"": 1.0, ""n"": 6, ""seed"": 6, ""symmetric"": false}, ""max_n"": 10, ""permutations_checked"": 120, ""start"": 5}"
small_exact,evaluation,small_exact_random_asymmetric_n6_seed6,random_asymmetric,6,6,ortools,ok,"[5, 1, 4, 2, 0, 3]",140.48351038458767,140.48351038458767,140.48351038458767,0.0,0.0,True,True,True,0.0010452999995322898,251.23046875,251.23046875,0.0,17.2,calibrated_on_calibration_split,,,5.0,"{""finite_edges"": true, ""infinity_penalty"": 592542324000, ""instance_metadata"": {""complete"": true, ""high"": 100.0, ""instance_type"": ""random_asymmetric"", ""low"": 1.0, ""n"": 6, ""seed"": 6, ""symmetric"": false}, ""integer_scale"": 1000000, ""start"": 5, ""time_limit_s"": 5.0, ""valid_route"": true}"
small_exact,evaluation,small_exact_random_asymmetric_n6_seed6,random_asymmetric,6,6,networkx_christofides,skipped_not_applicable,,,140.48351038458767,140.48351038458767,nan,nan,True,,,6.89999978931155e-05,251.23046875,251.23046875,0.0,17.2,calibrated_on_calibration_split,,,,"{""instance_metadata"": {""complete"": true, ""high"": 100.0, ""instance_type"": ""random_asymmetric"", ""low"": 1.0, ""n"": 6, ""seed"": 6, ""symmetric"": false}, ""requires_metric_symmetric_complete"": true}"
small_exact,evaluation,small_exact_random_asymmetric_n6_seed6,random_asymmetric,6,6,networkx_greedy,ok,"[5, 1, 4, 2, 0, 3]",140.48351038458767,140.48351038458767,140.48351038458767,0.0,0.0,True,True,True,0.00011869999798364006,251.23046875,251.23046875,0.0,17.2,calibrated_on_calibration_split,,,,"{""finite_edges"": true, ""instance_metadata"": {""complete"": true, ""high"": 100.0, ""instance_type"": ""random_asymmetric"", ""low"": 1.0, ""n"": 6, ""seed"": 6, ""symmetric"": false}, ""valid_route"": true}"
small_exact,evaluation,small_exact_random_asymmetric_n6_seed6,random_asymmetric,6,6,python_tsp_dynamic_programming,skipped_missing_dependency,,,140.48351038458767,140.48351038458767,nan,nan,True,,,0.0005262999984552152,251.23046875,251.23046875,0.0,17.2,calibrated_on_calibration_split,,,,"{""instance_metadata"": {""complete"": true, ""high"": 100.0, ""instance_type"": ""random_asymmetric"", ""low"": 1.0, ""n"": 6, ""seed"": 6, ""symmetric"": false}}"
small_exact,evaluation,small_exact_euclidean_n6_seed7,euclidean,6,7,tn_exact,ok,"[5, 1, 4, 0, 2, 3]",2426.1617134676144,2426.1617134676144,2426.1617134676144,0.0,0.0,True,True,True,0.012914999999338761,251.234375,251.234375,0.0,17.2,calibrated_on_calibration_split,,True,,"{""exact_mode"": true, ""finite_edges"": true, ""instance_metadata"": {""complete"": true, ""instance_type"": ""euclidean"", ""n"": 6, ""points"": [[625.095466604667, 897.2138009695755], [775.6856902451935, 225.20718999059187], [300.16628491122543, 873.5534453962618], [5.265304565574724, 821.2284183827662], [797.0694287520462, 467.9349528437208], [303.0324268193135, 278.4256121007733]], ""scale"": 1000.0, ""seed"": 7, ""symmetric"": true}, ""max_layers"": 4, ""n_layers"": null, ""n_layers_effective"": 4, ""normalization_factor"": 974.0579425089911, ""normalize"": true, ""seed"": 7, ""tau"": 17.2, ""valid_route"": true}"
small_exact,evaluation,small_exact_euclidean_n6_seed7,euclidean,6,7,held_karp,ok,"[5, 3, 2, 0, 4, 1]",2426.1617134676144,2426.1617134676144,2426.1617134676144,0.0,0.0,True,True,True,7.990000085555948e-05,251.234375,251.234375,0.0,17.2,calibrated_on_calibration_split,,,,"{""instance_metadata"": {""complete"": true, ""instance_type"": ""euclidean"", ""n"": 6, ""points"": [[625.095466604667, 897.2138009695755], [775.6856902451935, 225.20718999059187], [300.16628491122543, 873.5534453962618], [5.265304565574724, 821.2284183827662], [797.0694287520462, 467.9349528437208], [303.0324268193135, 278.4256121007733]], ""scale"": 1000.0, ""seed"": 7, ""symmetric"": true}, ""max_n"": 18, ""start"": 5}"
small_exact,evaluation,small_exact_euclidean_n6_seed7,euclidean,6,7,bruteforce,ok,"[5, 1, 4, 0, 2, 3]",2426.1617134676144,2426.1617134676144,2426.1617134676144,0.0,0.0,True,True,True,0.0003381000024091918,251.234375,251.234375,0.0,17.2,calibrated_on_calibration_split,,,,"{""instance_metadata"": {""complete"": true, ""instance_type"": ""euclidean"", ""n"": 6, ""points"": [[625.095466604667, 897.2138009695755], [775.6856902451935, 225.20718999059187], [300.16628491122543, 873.5534453962618], [5.265304565574724, 821.2284183827662], [797.0694287520462, 467.9349528437208], [303.0324268193135, 278.4256121007733]], ""scale"": 1000.0, ""seed"": 7, ""symmetric"": true}, ""max_n"": 10, ""permutations_checked"": 120, ""start"": 5}"
small_exact,evaluation,small_exact_euclidean_n6_seed7,euclidean,6,7,ortools,ok,"[5, 1, 4, 0, 2, 3]",2426.1617134676144,2426.1617134676144,2426.1617134676144,0.0,0.0,True,True,True,0.0010074000019812956,251.234375,251.234375,0.0,17.2,calibrated_on_calibration_split,,,5.0,"{""finite_edges"": true, ""infinity_penalty"": 5844347658000, ""instance_metadata"": {""complete"": true, ""instance_type"": ""euclidean"", ""n"": 6, ""points"": [[625.095466604667, 897.2138009695755], [775.6856902451935, 225.20718999059187], [300.16628491122543, 873.5534453962618], [5.265304565574724, 821.2284183827662], [797.0694287520462, 467.9349528437208], [303.0324268193135, 278.4256121007733]], ""scale"": 1000.0, ""seed"": 7, ""symmetric"": true}, ""integer_scale"": 1000000, ""start"": 5, ""time_limit_s"": 5.0, ""valid_route"": true}"
small_exact,evaluation,small_exact_euclidean_n6_seed7,euclidean,6,7,networkx_christofides,ok,"[5, 1, 4, 0, 2, 3]",2426.1617134676144,2426.1617134676144,2426.1617134676144,0.0,0.0,True,True,True,0.00045509999836212955,251.234375,251.234375,0.0,17.2,calibrated_on_calibration_split,,,,"{""finite_edges"": true, ""instance_metadata"": {""complete"": true, ""instance_type"": ""euclidean"", ""n"": 6, ""points"": [[625.095466604667, 897.2138009695755], [775.6856902451935, 225.20718999059187], [300.16628491122543, 873.5534453962618], [5.265304565574724, 821.2284183827662], [797.0694287520462, 467.9349528437208], [303.0324268193135, 278.4256121007733]], ""scale"": 1000.0, ""seed"": 7, ""symmetric"": true}, ""requires_metric_symmetric_complete"": true, ""valid_route"": true}"
small_exact,evaluation,small_exact_euclidean_n6_seed7,euclidean,6,7,networkx_greedy,ok,"[5, 1, 4, 0, 2, 3]",2426.1617134676144,2426.1617134676144,2426.1617134676144,0.0,0.0,True,True,True,9.88000028883107e-05,251.234375,251.234375,0.0,17.2,calibrated_on_calibration_split,,,,"{""finite_edges"": true, ""instance_metadata"": {""complete"": true, ""instance_type"": ""euclidean"", ""n"": 6, ""points"": [[625.095466604667, 897.2138009695755], [775.6856902451935, 225.20718999059187], [300.16628491122543, 873.5534453962618], [5.265304565574724, 821.2284183827662], [797.0694287520462, 467.9349528437208], [303.0324268193135, 278.4256121007733]], ""scale"": 1000.0, ""seed"": 7, ""symmetric"": true}, ""valid_route"": true}"
small_exact,evaluation,small_exact_euclidean_n6_seed7,euclidean,6,7,python_tsp_dynamic_programming,skipped_missing_dependency,,,2426.1617134676144,2426.1617134676144,nan,nan,True,,,0.0005469999996421393,251.234375,251.234375,0.0,17.2,calibrated_on_calibration_split,,,,"{""instance_metadata"": {""complete"": true, ""instance_type"": ""euclidean"", ""n"": 6, ""points"": [[625.095466604667, 897.2138009695755], [775.6856902451935, 225.20718999059187], [300.16628491122543, 873.5534453962618], [5.265304565574724, 821.2284183827662], [797.0694287520462, 467.9349528437208], [303.0324268193135, 278.4256121007733]], ""scale"": 1000.0, ""seed"": 7, ""symmetric"": true}}"
small_exact,evaluation,small_exact_random_symmetric_n6_seed7,random_symmetric,6,7,tn_exact,ok,"[5, 1, 4, 0, 2, 3]",189.9129843404558,189.91298434045578,189.91298434045578,1.4965648362121778e-16,1.4965648362121778e-16,True,True,True,0.013973500001156935,251.234375,251.234375,0.0,17.2,calibrated_on_calibration_split,,True,,"{""exact_mode"": true, ""finite_edges"": true, ""instance_metadata"": {""complete"": true, ""high"": 100.0, ""instance_type"": ""random_symmetric"", ""low"": 1.0, ""n"": 6, ""seed"": 7, ""symmetric"": true}, ""max_layers"": 4, ""n_layers"": null, ""n_layers_effective"": 4, ""normalization_factor"": 76.72051518456121, ""normalize"": true, ""seed"": 7, ""tau"": 17.2, ""valid_route"": true}"
small_exact,evaluation,small_exact_random_symmetric_n6_seed7,random_symmetric,6,7,held_karp,ok,"[5, 3, 2, 0, 4, 1]",189.91298434045578,189.91298434045578,189.91298434045578,0.0,0.0,True,True,True,8.39000022097025e-05,251.234375,251.234375,0.0,17.2,calibrated_on_calibration_split,,,,"{""instance_metadata"": {""complete"": true, ""high"": 100.0, ""instance_type"": ""random_symmetric"", ""low"": 1.0, ""n"": 6, ""seed"": 7, ""symmetric"": true}, ""max_n"": 18, ""start"": 5}"
small_exact,evaluation,small_exact_random_symmetric_n6_seed7,random_symmetric,6,7,bruteforce,ok,"[5, 3, 2, 0, 4, 1]",189.91298434045578,189.91298434045578,189.91298434045578,0.0,0.0,True,True,True,0.0003228999994462356,251.234375,251.234375,0.0,17.2,calibrated_on_calibration_split,,,,"{""instance_metadata"": {""complete"": true, ""high"": 100.0, ""instance_type"": ""random_symmetric"", ""low"": 1.0, ""n"": 6, ""seed"": 7, ""symmetric"": true}, ""max_n"": 10, ""permutations_checked"": 120, ""start"": 5}"
small_exact,evaluation,small_exact_random_symmetric_n6_seed7,random_symmetric,6,7,ortools,ok,"[5, 3, 2, 0, 4, 1]",189.91298434045578,189.91298434045578,189.91298434045578,0.0,0.0,True,True,True,0.0010818000009749085,251.234375,251.234375,0.0,17.2,calibrated_on_calibration_split,,,5.0,"{""finite_edges"": true, ""infinity_penalty"": 460323090000, ""instance_metadata"": {""complete"": true, ""high"": 100.0, ""instance_type"": ""random_symmetric"", ""low"": 1.0, ""n"": 6, ""seed"": 7, ""symmetric"": true}, ""integer_scale"": 1000000, ""start"": 5, ""time_limit_s"": 5.0, ""valid_route"": true}"
small_exact,evaluation,small_exact_random_symmetric_n6_seed7,random_symmetric,6,7,networkx_christofides,skipped_not_applicable,,,189.91298434045578,189.91298434045578,nan,nan,True,,,9.100000170292333e-05,251.234375,251.234375,0.0,17.2,calibrated_on_calibration_split,,,,"{""instance_metadata"": {""complete"": true, ""high"": 100.0, ""instance_type"": ""random_symmetric"", ""low"": 1.0, ""n"": 6, ""seed"": 7, ""symmetric"": true}, ""requires_metric_symmetric_complete"": true}"
small_exact,evaluation,small_exact_random_symmetric_n6_seed7,random_symmetric,6,7,networkx_greedy,ok,"[5, 1, 4, 0, 2, 3]",189.9129843404558,189.91298434045578,189.91298434045578,1.4965648362121778e-16,1.4965648362121778e-16,True,True,True,0.00012070000229869038,251.234375,251.234375,0.0,17.2,calibrated_on_calibration_split,,,,"{""finite_edges"": true, ""instance_metadata"": {""complete"": true, ""high"": 100.0, ""instance_type"": ""random_symmetric"", ""low"": 1.0, ""n"": 6, ""seed"": 7, ""symmetric"": true}, ""valid_route"": true}"
small_exact,evaluation,small_exact_random_symmetric_n6_seed7,random_symmetric,6,7,python_tsp_dynamic_programming,skipped_missing_dependency,,,189.91298434045578,189.91298434045578,nan,nan,True,,,0.0005812000017613173,251.23828125,251.23828125,0.0,17.2,calibrated_on_calibration_split,,,,"{""instance_metadata"": {""complete"": true, ""high"": 100.0, ""instance_type"": ""random_symmetric"", ""low"": 1.0, ""n"": 6, ""seed"": 7, ""symmetric"": true}}"
small_exact,evaluation,small_exact_random_asymmetric_n6_seed7,random_asymmetric,6,7,tn_exact,ok,"[5, 2, 1, 4, 0, 3]",111.4084912620337,111.4084912620337,111.4084912620337,0.0,0.0,True,True,True,0.013283800002682256,251.23828125,251.25,0.01171875,17.2,calibrated_on_calibration_split,,True,,"{""exact_mode"": true, ""finite_edges"": true, ""instance_metadata"": {""complete"": true, ""high"": 100.0, ""instance_type"": ""random_asymmetric"", ""low"": 1.0, ""n"": 6, ""seed"": 7, ""symmetric"": false}, ""max_layers"": 4, ""n_layers"": null, ""n_layers_effective"": 4, ""normalization_factor"": 99.55452806000487, ""normalize"": true, ""seed"": 7, ""tau"": 17.2, ""valid_route"": true}"
small_exact,evaluation,small_exact_random_asymmetric_n6_seed7,random_asymmetric,6,7,held_karp,ok,"[5, 2, 1, 4, 0, 3]",111.4084912620337,111.4084912620337,111.4084912620337,0.0,0.0,True,True,True,7.890000051702373e-05,251.25,251.25,0.0,17.2,calibrated_on_calibration_split,,,,"{""instance_metadata"": {""complete"": true, ""high"": 100.0, ""instance_type"": ""random_asymmetric"", ""low"": 1.0, ""n"": 6, ""seed"": 7, ""symmetric"": false}, ""max_n"": 18, ""start"": 5}"
small_exact,evaluation,small_exact_random_asymmetric_n6_seed7,random_asymmetric,6,7,bruteforce,ok,"[5, 2, 1, 4, 0, 3]",111.4084912620337,111.4084912620337,111.4084912620337,0.0,0.0,True,True,True,0.0003322000011394266,251.25,251.25,0.0,17.2,calibrated_on_calibration_split,,,,"{""instance_metadata"": {""complete"": true, ""high"": 100.0, ""instance_type"": ""random_asymmetric"", ""low"": 1.0, ""n"": 6, ""seed"": 7, ""symmetric"": false}, ""max_n"": 10, ""permutations_checked"": 120, ""start"": 5}"
small_exact,evaluation,small_exact_random_asymmetric_n6_seed7,random_asymmetric,6,7,ortools,ok,"[5, 3, 2, 1, 0, 4]",171.56130203380715,111.4084912620337,111.4084912620337,0.5399302161833744,0.5399302161833744,True,True,True,0.0012477000018407125,251.25,251.5703125,0.3203125,17.2,calibrated_on_calibration_split,,,5.0,"{""finite_edges"": true, ""infinity_penalty"": 597327168000, ""instance_metadata"": {""complete"": true, ""high"": 100.0, ""instance_type"": ""random_asymmetric"", ""low"": 1.0, ""n"": 6, ""seed"": 7, ""symmetric"": false}, ""integer_scale"": 1000000, ""start"": 5, ""time_limit_s"": 5.0, ""valid_route"": true}"
small_exact,evaluation,small_exact_random_asymmetric_n6_seed7,random_asymmetric,6,7,networkx_christofides,skipped_not_applicable,,,111.4084912620337,111.4084912620337,nan,nan,True,,,7.040000127744861e-05,251.5703125,251.5703125,0.0,17.2,calibrated_on_calibration_split,,,,"{""instance_metadata"": {""complete"": true, ""high"": 100.0, ""instance_type"": ""random_asymmetric"", ""low"": 1.0, ""n"": 6, ""seed"": 7, ""symmetric"": false}, ""requires_metric_symmetric_complete"": true}"
small_exact,evaluation,small_exact_random_asymmetric_n6_seed7,random_asymmetric,6,7,networkx_greedy,ok,"[5, 2, 0, 3, 4, 1]",193.87475914340726,111.4084912620337,111.4084912620337,0.7402152829393606,0.7402152829393606,True,True,True,0.00010480000128154643,251.5703125,251.5703125,0.0,17.2,calibrated_on_calibration_split,,,,"{""finite_edges"": true, ""instance_metadata"": {""complete"": true, ""high"": 100.0, ""instance_type"": ""random_asymmetric"", ""low"": 1.0, ""n"": 6, ""seed"": 7, ""symmetric"": false}, ""valid_route"": true}"
small_exact,evaluation,small_exact_random_asymmetric_n6_seed7,random_asymmetric,6,7,python_tsp_dynamic_programming,skipped_missing_dependency,,,111.4084912620337,111.4084912620337,nan,nan,True,,,0.0005256000004010275,251.5703125,251.5703125,0.0,17.2,calibrated_on_calibration_split,,,,"{""instance_metadata"": {""complete"": true, ""high"": 100.0, ""instance_type"": ""random_asymmetric"", ""low"": 1.0, ""n"": 6, ""seed"": 7, ""symmetric"": false}}"
small_exact,evaluation,small_exact_euclidean_n6_seed8,euclidean,6,8,tn_exact,ok,"[5, 4, 1, 0, 2, 3]",2300.1058103271894,2300.1058103271894,2300.1058103271894,0.0,0.0,True,True,True,0.013610199999675388,251.5703125,251.5703125,0.0,17.2,calibrated_on_calibration_split,,True,,"{""exact_mode"": true, ""finite_edges"": true, ""instance_metadata"": {""complete"": true, ""instance_type"": ""euclidean"", ""n"": 6, ""points"": [[326.9722766055607, 987.2768433379256], [318.7108384855167, 788.548935820029], [869.8965116962161, 391.08480653919395], [437.8818731227988, 372.74890308935306], [106.95359647277436, 478.965454162717], [241.3521450846823, 257.1452485511297]], ""scale"": 1000.0, ""seed"": 8, ""symmetric"": true}, ""max_layers"": 4, ""n_layers"": null, ""n_layers_effective"": 4, ""normalization_factor"": 806.3570361762793, ""normalize"": true, ""seed"": 8, ""tau"": 17.2, ""valid_route"": true}"
small_exact,evaluation,small_exact_euclidean_n6_seed8,euclidean,6,8,held_karp,ok,"[5, 4, 1, 0, 2, 3]",2300.1058103271894,2300.1058103271894,2300.1058103271894,0.0,0.0,True,True,True,7.869999899412505e-05,251.5703125,251.5703125,0.0,17.2,calibrated_on_calibration_split,,,,"{""instance_metadata"": {""complete"": true, ""instance_type"": ""euclidean"", ""n"": 6, ""points"": [[326.9722766055607, 987.2768433379256], [318.7108384855167, 788.548935820029], [869.8965116962161, 391.08480653919395], [437.8818731227988, 372.74890308935306], [106.95359647277436, 478.965454162717], [241.3521450846823, 257.1452485511297]], ""scale"": 1000.0, ""seed"": 8, ""symmetric"": true}, ""max_n"": 18, ""start"": 5}"
small_exact,evaluation,small_exact_euclidean_n6_seed8,euclidean,6,8,bruteforce,ok,"[5, 4, 1, 0, 2, 3]",2300.1058103271894,2300.1058103271894,2300.1058103271894,0.0,0.0,True,True,True,0.0003279999982623849,251.5703125,251.5703125,0.0,17.2,calibrated_on_calibration_split,,,,"{""instance_metadata"": {""complete"": true, ""instance_type"": ""euclidean"", ""n"": 6, ""points"": [[326.9722766055607, 987.2768433379256], [318.7108384855167, 788.548935820029], [869.8965116962161, 391.08480653919395], [437.8818731227988, 372.74890308935306], [106.95359647277436, 478.965454162717], [241.3521450846823, 257.1452485511297]], ""scale"": 1000.0, ""seed"": 8, ""symmetric"": true}, ""max_n"": 10, ""permutations_checked"": 120, ""start"": 5}"
small_exact,evaluation,small_exact_euclidean_n6_seed8,euclidean,6,8,ortools,ok,"[5, 3, 2, 0, 1, 4]",2300.10581032719,2300.1058103271894,2300.1058103271894,1.9770714409950404e-16,1.9770714409950404e-16,True,True,True,0.0010671999989426695,251.5703125,251.6328125,0.0625,17.2,calibrated_on_calibration_split,,,5.0,"{""finite_edges"": true, ""infinity_penalty"": 4838142216000, ""instance_metadata"": {""complete"": true, ""instance_type"": ""euclidean"", ""n"": 6, ""points"": [[326.9722766055607, 987.2768433379256], [318.7108384855167, 788.548935820029], [869.8965116962161, 391.08480653919395], [437.8818731227988, 372.74890308935306], [106.95359647277436, 478.965454162717], [241.3521450846823, 257.1452485511297]], ""scale"": 1000.0, ""seed"": 8, ""symmetric"": true}, ""integer_scale"": 1000000, ""start"": 5, ""time_limit_s"": 5.0, ""valid_route"": true}"
small_exact,evaluation,small_exact_euclidean_n6_seed8,euclidean,6,8,networkx_christofides,ok,"[5, 3, 2, 0, 1, 4]",2300.10581032719,2300.1058103271894,2300.1058103271894,1.9770714409950404e-16,1.9770714409950404e-16,True,True,True,0.0004585999995470047,251.6328125,251.6328125,0.0,17.2,calibrated_on_calibration_split,,,,"{""finite_edges"": true, ""instance_metadata"": {""complete"": true, ""instance_type"": ""euclidean"", ""n"": 6, ""points"": [[326.9722766055607, 987.2768433379256], [318.7108384855167, 788.548935820029], [869.8965116962161, 391.08480653919395], [437.8818731227988, 372.74890308935306], [106.95359647277436, 478.965454162717], [241.3521450846823, 257.1452485511297]], ""scale"": 1000.0, ""seed"": 8, ""symmetric"": true}, ""requires_metric_symmetric_complete"": true, ""valid_route"": true}"
small_exact,evaluation,small_exact_euclidean_n6_seed8,euclidean,6,8,networkx_greedy,ok,"[5, 2, 0, 1, 4, 3]",2598.5563650031645,2300.1058103271894,2300.1058103271894,0.12975514140956873,0.12975514140956873,True,True,True,9.29000016185455e-05,251.6328125,251.6328125,0.0,17.2,calibrated_on_calibration_split,,,,"{""finite_edges"": true, ""instance_metadata"": {""complete"": true, ""instance_type"": ""euclidean"", ""n"": 6, ""points"": [[326.9722766055607, 987.2768433379256], [318.7108384855167, 788.548935820029], [869.8965116962161, 391.08480653919395], [437.8818731227988, 372.74890308935306], [106.95359647277436, 478.965454162717], [241.3521450846823, 257.1452485511297]], ""scale"": 1000.0, ""seed"": 8, ""symmetric"": true}, ""valid_route"": true}"
small_exact,evaluation,small_exact_euclidean_n6_seed8,euclidean,6,8,python_tsp_dynamic_programming,skipped_missing_dependency,,,2300.1058103271894,2300.1058103271894,nan,nan,True,,,0.0005354999993869569,251.63671875,251.63671875,0.0,17.2,calibrated_on_calibration_split,,,,"{""instance_metadata"": {""complete"": true, ""instance_type"": ""euclidean"", ""n"": 6, ""points"": [[326.9722766055607, 987.2768433379256], [318.7108384855167, 788.548935820029], [869.8965116962161, 391.08480653919395], [437.8818731227988, 372.74890308935306], [106.95359647277436, 478.965454162717], [241.3521450846823, 257.1452485511297]], ""scale"": 1000.0, ""seed"": 8, ""symmetric"": true}}"
small_exact,evaluation,small_exact_random_symmetric_n6_seed8,random_symmetric,6,8,tn_exact,ok,"[5, 3, 4, 0, 2, 1]",181.7127334759569,181.7127334759569,181.7127334759569,0.0,0.0,True,True,True,0.0134790999982215,251.640625,251.69140625,0.05078125,17.2,calibrated_on_calibration_split,,True,,"{""exact_mode"": true, ""finite_edges"": true, ""instance_metadata"": {""complete"": true, ""high"": 100.0, ""instance_type"": ""random_symmetric"", ""low"": 1.0, ""n"": 6, ""seed"": 8, ""symmetric"": true}, ""max_layers"": 4, ""n_layers"": null, ""n_layers_effective"": 4, ""normalization_factor"": 71.54535646480585, ""normalize"": true, ""seed"": 8, ""tau"": 17.2, ""valid_route"": true}"
small_exact,evaluation,small_exact_random_symmetric_n6_seed8,random_symmetric,6,8,held_karp,ok,"[5, 3, 4, 0, 2, 1]",181.7127334759569,181.7127334759569,181.7127334759569,0.0,0.0,True,True,True,8.140000136336312e-05,251.69140625,251.69140625,0.0,17.2,calibrated_on_calibration_split,,,,"{""instance_metadata"": {""complete"": true, ""high"": 100.0, ""instance_type"": ""random_symmetric"", ""low"": 1.0, ""n"": 6, ""seed"": 8, ""symmetric"": true}, ""max_n"": 18, ""start"": 5}"
small_exact,evaluation,small_exact_random_symmetric_n6_seed8,random_symmetric,6,8,bruteforce,ok,"[5, 3, 4, 0, 2, 1]",181.7127334759569,181.7127334759569,181.7127334759569,0.0,0.0,True,True,True,0.00037460000021383166,251.69140625,251.69140625,0.0,17.2,calibrated_on_calibration_split,,,,"{""instance_metadata"": {""complete"": true, ""high"": 100.0, ""instance_type"": ""random_symmetric"", ""low"": 1.0, ""n"": 6, ""seed"": 8, ""symmetric"": true}, ""max_n"": 10, ""permutations_checked"": 120, ""start"": 5}"
small_exact,evaluation,small_exact_random_symmetric_n6_seed8,random_symmetric,6,8,ortools,ok,"[5, 1, 2, 0, 4, 3]",181.71273347595692,181.7127334759569,181.7127334759569,1.564101143972092e-16,1.564101143972092e-16,True,True,True,0.0011759999979403801,251.69140625,251.9453125,0.25390625,17.2,calibrated_on_calibration_split,,,5.0,"{""finite_edges"": true, ""infinity_penalty"": 429272136000, ""instance_metadata"": {""complete"": true, ""high"": 100.0, ""instance_type"": ""random_symmetric"", ""low"": 1.0, ""n"": 6, ""seed"": 8, ""symmetric"": true}, ""integer_scale"": 1000000, ""start"": 5, ""time_limit_s"": 5.0, ""valid_route"": true}"
small_exact,evaluation,small_exact_random_symmetric_n6_seed8,random_symmetric,6,8,networkx_christofides,skipped_not_applicable,,,181.7127334759569,181.7127334759569,nan,nan,True,,,8.000000161700882e-05,251.9453125,251.9453125,0.0,17.2,calibrated_on_calibration_split,,,,"{""instance_metadata"": {""complete"": true, ""high"": 100.0, ""instance_type"": ""random_symmetric"", ""low"": 1.0, ""n"": 6, ""seed"": 8, ""symmetric"": true}, ""requires_metric_symmetric_complete"": true}"
small_exact,evaluation,small_exact_random_symmetric_n6_seed8,random_symmetric,6,8,networkx_greedy,ok,"[5, 1, 2, 0, 4, 3]",181.71273347595692,181.7127334759569,181.7127334759569,1.564101143972092e-16,1.564101143972092e-16,True,True,True,9.759999738889746e-05,251.9453125,251.9453125,0.0,17.2,calibrated_on_calibration_split,,,,"{""finite_edges"": true, ""instance_metadata"": {""complete"": true, ""high"": 100.0, ""instance_type"": ""random_symmetric"", ""low"": 1.0, ""n"": 6, ""seed"": 8, ""symmetric"": true}, ""valid_route"": true}"
small_exact,evaluation,small_exact_random_symmetric_n6_seed8,random_symmetric,6,8,python_tsp_dynamic_programming,skipped_missing_dependency,,,181.7127334759569,181.7127334759569,nan,nan,True,,,0.000616599998465972,251.9453125,251.9453125,0.0,17.2,calibrated_on_calibration_split,,,,"{""instance_metadata"": {""complete"": true, ""high"": 100.0, ""instance_type"": ""random_symmetric"", ""low"": 1.0, ""n"": 6, ""seed"": 8, ""symmetric"": true}}"
small_exact,evaluation,small_exact_random_asymmetric_n6_seed8,random_asymmetric,6,8,tn_exact,ok,"[5, 4, 0, 2, 1, 3]",143.5161445266795,143.5161445266795,143.5161445266795,0.0,0.0,True,True,True,0.01648630000272533,251.9453125,251.9453125,0.0,17.2,calibrated_on_calibration_split,,True,,"{""exact_mode"": true, ""finite_edges"": true, ""instance_metadata"": {""complete"": true, ""high"": 100.0, ""instance_type"": ""random_asymmetric"", ""low"": 1.0, ""n"": 6, ""seed"": 8, ""symmetric"": false}, ""max_layers"": 4, ""n_layers"": null, ""n_layers_effective"": 4, ""normalization_factor"": 98.74040749045463, ""normalize"": true, ""seed"": 8, ""tau"": 17.2, ""valid_route"": true}"
small_exact,evaluation,small_exact_random_asymmetric_n6_seed8,random_asymmetric,6,8,held_karp,ok,"[5, 4, 0, 2, 1, 3]",143.5161445266795,143.5161445266795,143.5161445266795,0.0,0.0,True,True,True,0.0001019000010273885,251.9453125,251.9453125,0.0,17.2,calibrated_on_calibration_split,,,,"{""instance_metadata"": {""complete"": true, ""high"": 100.0, ""instance_type"": ""random_asymmetric"", ""low"": 1.0, ""n"": 6, ""seed"": 8, ""symmetric"": false}, ""max_n"": 18, ""start"": 5}"
small_exact,evaluation,small_exact_random_asymmetric_n6_seed8,random_asymmetric,6,8,bruteforce,ok,"[5, 4, 0, 2, 1, 3]",143.5161445266795,143.5161445266795,143.5161445266795,0.0,0.0,True,True,True,0.0003350000006321352,251.9453125,251.9453125,0.0,17.2,calibrated_on_calibration_split,,,,"{""instance_metadata"": {""complete"": true, ""high"": 100.0, ""instance_type"": ""random_asymmetric"", ""low"": 1.0, ""n"": 6, ""seed"": 8, ""symmetric"": false}, ""max_n"": 10, ""permutations_checked"": 120, ""start"": 5}"
small_exact,evaluation,small_exact_random_asymmetric_n6_seed8,random_asymmetric,6,8,ortools,ok,"[5, 4, 0, 2, 1, 3]",143.5161445266795,143.5161445266795,143.5161445266795,0.0,0.0,True,True,True,0.001414199999999255,251.9453125,252.0703125,0.125,17.2,calibrated_on_calibration_split,,,5.0,"{""finite_edges"": true, ""infinity_penalty"": 592442442000, ""instance_metadata"": {""complete"": true, ""high"": 100.0, ""instance_type"": ""random_asymmetric"", ""low"": 1.0, ""n"": 6, ""seed"": 8, ""symmetric"": false}, ""integer_scale"": 1000000, ""start"": 5, ""time_limit_s"": 5.0, ""valid_route"": true}"
small_exact,evaluation,small_exact_random_asymmetric_n6_seed8,random_asymmetric,6,8,networkx_christofides,skipped_not_applicable,,,143.5161445266795,143.5161445266795,nan,nan,True,,,9.030000001075678e-05,252.0703125,252.0703125,0.0,17.2,calibrated_on_calibration_split,,,,"{""instance_metadata"": {""complete"": true, ""high"": 100.0, ""instance_type"": ""random_asymmetric"", ""low"": 1.0, ""n"": 6, ""seed"": 8, ""symmetric"": false}, ""requires_metric_symmetric_complete"": true}"
small_exact,evaluation,small_exact_random_asymmetric_n6_seed8,random_asymmetric,6,8,networkx_greedy,ok,"[5, 4, 0, 2, 1, 3]",143.5161445266795,143.5161445266795,143.5161445266795,0.0,0.0,True,True,True,0.0001692000005277805,252.0703125,252.0703125,0.0,17.2,calibrated_on_calibration_split,,,,"{""finite_edges"": true, ""instance_metadata"": {""complete"": true, ""high"": 100.0, ""instance_type"": ""random_asymmetric"", ""low"": 1.0, ""n"": 6, ""seed"": 8, ""symmetric"": false}, ""valid_route"": true}"
small_exact,evaluation,small_exact_random_asymmetric_n6_seed8,random_asymmetric,6,8,python_tsp_dynamic_programming,skipped_missing_dependency,,,143.5161445266795,143.5161445266795,nan,nan,True,,,0.0005670999998983461,252.0703125,252.0703125,0.0,17.2,calibrated_on_calibration_split,,,,"{""instance_metadata"": {""complete"": true, ""high"": 100.0, ""instance_type"": ""random_asymmetric"", ""low"": 1.0, ""n"": 6, ""seed"": 8, ""symmetric"": false}}"
small_exact,evaluation,small_exact_euclidean_n6_seed9,euclidean,6,9,tn_exact,ok,"[5, 4, 1, 2, 3, 0]",2658.423163582472,2658.423163582472,2658.423163582472,0.0,0.0,True,True,True,0.013241099997685524,252.0703125,252.0703125,0.0,17.2,calibrated_on_calibration_split,,True,,"{""exact_mode"": true, ""finite_edges"": true, ""instance_metadata"": {""complete"": true, ""instance_type"": ""euclidean"", ""n"": 6, ""points"": [[870.2492039700846, 286.8172090875554], [603.1481500515619, 777.5340829201788], [716.0746296035653, 915.3801204905076], [860.3936491828846, 918.2376290487624], [26.587734467597212, 437.2480001295087], [484.9443269772881, 65.15419737010752]], ""scale"": 1000.0, ""seed"": 9, ""symmetric"": true}, ""max_layers"": 4, ""n_layers"": null, ""n_layers_effective"": 4, ""normalization_factor"": 962.5919834187685, ""normalize"": true, ""seed"": 9, ""tau"": 17.2, ""valid_route"": true}"
small_exact,evaluation,small_exact_euclidean_n6_seed9,euclidean,6,9,held_karp,ok,"[5, 4, 1, 2, 3, 0]",2658.423163582472,2658.423163582472,2658.423163582472,0.0,0.0,True,True,True,8.580000212532468e-05,252.0703125,252.0703125,0.0,17.2,calibrated_on_calibration_split,,,,"{""instance_metadata"": {""complete"": true, ""instance_type"": ""euclidean"", ""n"": 6, ""points"": [[870.2492039700846, 286.8172090875554], [603.1481500515619, 777.5340829201788], [716.0746296035653, 915.3801204905076], [860.3936491828846, 918.2376290487624], [26.587734467597212, 437.2480001295087], [484.9443269772881, 65.15419737010752]], ""scale"": 1000.0, ""seed"": 9, ""symmetric"": true}, ""max_n"": 18, ""start"": 5}"
small_exact,evaluation,small_exact_euclidean_n6_seed9,euclidean,6,9,bruteforce,ok,"[5, 0, 3, 2, 1, 4]",2658.423163582472,2658.423163582472,2658.423163582472,0.0,0.0,True,True,True,0.00034049999885610305,252.0703125,252.0703125,0.0,17.2,calibrated_on_calibration_split,,,,"{""instance_metadata"": {""complete"": true, ""instance_type"": ""euclidean"", ""n"": 6, ""points"": [[870.2492039700846, 286.8172090875554], [603.1481500515619, 777.5340829201788], [716.0746296035653, 915.3801204905076], [860.3936491828846, 918.2376290487624], [26.587734467597212, 437.2480001295087], [484.9443269772881, 65.15419737010752]], ""scale"": 1000.0, ""seed"": 9, ""symmetric"": true}, ""max_n"": 10, ""permutations_checked"": 120, ""start"": 5}"
small_exact,evaluation,small_exact_euclidean_n6_seed9,euclidean,6,9,ortools,ok,"[5, 0, 3, 2, 1, 4]",2658.423163582472,2658.423163582472,2658.423163582472,0.0,0.0,True,True,True,0.0011565999993763398,252.0703125,252.0703125,0.0,17.2,calibrated_on_calibration_split,,,5.0,"{""finite_edges"": true, ""infinity_penalty"": 5775551898000, ""instance_metadata"": {""complete"": true, ""instance_type"": ""euclidean"", ""n"": 6, ""points"": [[870.2492039700846, 286.8172090875554], [603.1481500515619, 777.5340829201788], [716.0746296035653, 915.3801204905076], [860.3936491828846, 918.2376290487624], [26.587734467597212, 437.2480001295087], [484.9443269772881, 65.15419737010752]], ""scale"": 1000.0, ""seed"": 9, ""symmetric"": true}, ""integer_scale"": 1000000, ""start"": 5, ""time_limit_s"": 5.0, ""valid_route"": true}"
small_exact,evaluation,small_exact_euclidean_n6_seed9,euclidean,6,9,networkx_christofides,ok,"[5, 0, 1, 2, 3, 4]",2878.7283603509895,2658.423163582472,2658.423163582472,0.08287062789192509,0.08287062789192509,True,True,True,0.0004907000002276618,252.0703125,252.0703125,0.0,17.2,calibrated_on_calibration_split,,,,"{""finite_edges"": true, ""instance_metadata"": {""complete"": true, ""instance_type"": ""euclidean"", ""n"": 6, ""points"": [[870.2492039700846, 286.8172090875554], [603.1481500515619, 777.5340829201788], [716.0746296035653, 915.3801204905076], [860.3936491828846, 918.2376290487624], [26.587734467597212, 437.2480001295087], [484.9443269772881, 65.15419737010752]], ""scale"": 1000.0, ""seed"": 9, ""symmetric"": true}, ""requires_metric_symmetric_complete"": true, ""valid_route"": true}"
small_exact,evaluation,small_exact_euclidean_n6_seed9,euclidean,6,9,networkx_greedy,ok,"[5, 0, 1, 2, 3, 4]",2878.7283603509895,2658.423163582472,2658.423163582472,0.08287062789192509,0.08287062789192509,True,True,True,0.00010399999882793054,252.0703125,252.0703125,0.0,17.2,calibrated_on_calibration_split,,,,"{""finite_edges"": true, ""instance_metadata"": {""complete"": true, ""instance_type"": ""euclidean"", ""n"": 6, ""points"": [[870.2492039700846, 286.8172090875554], [603.1481500515619, 777.5340829201788], [716.0746296035653, 915.3801204905076], [860.3936491828846, 918.2376290487624], [26.587734467597212, 437.2480001295087], [484.9443269772881, 65.15419737010752]], ""scale"": 1000.0, ""seed"": 9, ""symmetric"": true}, ""valid_route"": true}"
small_exact,evaluation,small_exact_euclidean_n6_seed9,euclidean,6,9,python_tsp_dynamic_programming,skipped_missing_dependency,,,2658.423163582472,2658.423163582472,nan,nan,True,,,0.0005830999980389606,252.0703125,252.0703125,0.0,17.2,calibrated_on_calibration_split,,,,"{""instance_metadata"": {""complete"": true, ""instance_type"": ""euclidean"", ""n"": 6, ""points"": [[870.2492039700846, 286.8172090875554], [603.1481500515619, 777.5340829201788], [716.0746296035653, 915.3801204905076], [860.3936491828846, 918.2376290487624], [26.587734467597212, 437.2480001295087], [484.9443269772881, 65.15419737010752]], ""scale"": 1000.0, ""seed"": 9, ""symmetric"": true}}"
small_exact,evaluation,small_exact_random_symmetric_n6_seed9,random_symmetric,6,9,tn_exact,ok,"[5, 4, 2, 0, 3, 1]",245.73872462836624,245.73872462836624,245.73872462836624,0.0,0.0,True,True,True,0.013921900001150789,252.0703125,252.140625,0.0703125,17.2,calibrated_on_calibration_split,,True,,"{""exact_mode"": true, ""finite_edges"": true, ""instance_metadata"": {""complete"": true, ""high"": 100.0, ""instance_type"": ""random_symmetric"", ""low"": 1.0, ""n"": 6, ""seed"": 9, ""symmetric"": true}, ""max_layers"": 4, ""n_layers"": null, ""n_layers_effective"": 4, ""normalization_factor"": 89.0652732739846, ""normalize"": true, ""seed"": 9, ""tau"": 17.2, ""valid_route"": true}"
small_exact,evaluation,small_exact_random_symmetric_n6_seed9,random_symmetric,6,9,held_karp,ok,"[5, 4, 2, 0, 3, 1]",245.73872462836624,245.73872462836624,245.73872462836624,0.0,0.0,True,True,True,8.5299998318078e-05,252.140625,252.140625,0.0,17.2,calibrated_on_calibration_split,,,,"{""instance_metadata"": {""complete"": true, ""high"": 100.0, ""instance_type"": ""random_symmetric"", ""low"": 1.0, ""n"": 6, ""seed"": 9, ""symmetric"": true}, ""max_n"": 18, ""start"": 5}"
small_exact,evaluation,small_exact_random_symmetric_n6_seed9,random_symmetric,6,9,bruteforce,ok,"[5, 1, 3, 0, 2, 4]",245.73872462836624,245.73872462836624,245.73872462836624,0.0,0.0,True,True,True,0.00035260000004200265,252.140625,252.140625,0.0,17.2,calibrated_on_calibration_split,,,,"{""instance_metadata"": {""complete"": true, ""high"": 100.0, ""instance_type"": ""random_symmetric"", ""low"": 1.0, ""n"": 6, ""seed"": 9, ""symmetric"": true}, ""max_n"": 10, ""permutations_checked"": 120, ""start"": 5}"
small_exact,evaluation,small_exact_random_symmetric_n6_seed9,random_symmetric,6,9,ortools,ok,"[5, 4, 2, 0, 3, 1]",245.73872462836624,245.73872462836624,245.73872462836624,0.0,0.0,True,True,True,0.0011197000021638814,252.140625,252.1484375,0.0078125,17.2,calibrated_on_calibration_split,,,5.0,"{""finite_edges"": true, ""infinity_penalty"": 534391638000, ""instance_metadata"": {""complete"": true, ""high"": 100.0, ""instance_type"": ""random_symmetric"", ""low"": 1.0, ""n"": 6, ""seed"": 9, ""symmetric"": true}, ""integer_scale"": 1000000, ""start"": 5, ""time_limit_s"": 5.0, ""valid_route"": true}"
small_exact,evaluation,small_exact_random_symmetric_n6_seed9,random_symmetric,6,9,networkx_christofides,skipped_not_applicable,,,245.73872462836624,245.73872462836624,nan,nan,True,,,9.57000011112541e-05,252.1484375,252.1484375,0.0,17.2,calibrated_on_calibration_split,,,,"{""instance_metadata"": {""complete"": true, ""high"": 100.0, ""instance_type"": ""random_symmetric"", ""low"": 1.0, ""n"": 6, ""seed"": 9, ""symmetric"": true}, ""requires_metric_symmetric_complete"": true}"
small_exact,evaluation,small_exact_random_symmetric_n6_seed9,random_symmetric,6,9,networkx_greedy,ok,"[5, 1, 3, 0, 2, 4]",245.73872462836624,245.73872462836624,245.73872462836624,0.0,0.0,True,True,True,0.00010930000280495733,252.1484375,252.1484375,0.0,17.2,calibrated_on_calibration_split,,,,"{""finite_edges"": true, ""instance_metadata"": {""complete"": true, ""high"": 100.0, ""instance_type"": ""random_symmetric"", ""low"": 1.0, ""n"": 6, ""seed"": 9, ""symmetric"": true}, ""valid_route"": true}"
small_exact,evaluation,small_exact_random_symmetric_n6_seed9,random_symmetric,6,9,python_tsp_dynamic_programming,skipped_missing_dependency,,,245.73872462836624,245.73872462836624,nan,nan,True,,,0.0005885000027774367,252.1484375,252.1484375,0.0,17.2,calibrated_on_calibration_split,,,,"{""instance_metadata"": {""complete"": true, ""high"": 100.0, ""instance_type"": ""random_symmetric"", ""low"": 1.0, ""n"": 6, ""seed"": 9, ""symmetric"": true}}"
small_exact,evaluation,small_exact_random_asymmetric_n6_seed9,random_asymmetric,6,9,tn_exact,ok,"[5, 4, 3, 2, 0, 1]",143.30586681516192,143.30586681516192,143.30586681516192,0.0,0.0,True,True,True,0.013713899999856949,252.1484375,252.15234375,0.00390625,17.2,calibrated_on_calibration_split,,True,,"{""exact_mode"": true, ""finite_edges"": true, ""instance_metadata"": {""complete"": true, ""high"": 100.0, ""instance_type"": ""random_asymmetric"", ""low"": 1.0, ""n"": 6, ""seed"": 9, ""symmetric"": false}, ""max_layers"": 4, ""n_layers"": null, ""n_layers_effective"": 4, ""normalization_factor"": 98.78633394256309, ""normalize"": true, ""seed"": 9, ""tau"": 17.2, ""valid_route"": true}"
small_exact,evaluation,small_exact_random_asymmetric_n6_seed9,random_asymmetric,6,9,held_karp,ok,"[5, 4, 3, 2, 0, 1]",143.30586681516192,143.30586681516192,143.30586681516192,0.0,0.0,True,True,True,8.539999907952733e-05,252.15234375,252.15234375,0.0,17.2,calibrated_on_calibration_split,,,,"{""instance_metadata"": {""complete"": true, ""high"": 100.0, ""instance_type"": ""random_asymmetric"", ""low"": 1.0, ""n"": 6, ""seed"": 9, ""symmetric"": false}, ""max_n"": 18, ""start"": 5}"
small_exact,evaluation,small_exact_random_asymmetric_n6_seed9,random_asymmetric,6,9,bruteforce,ok,"[5, 4, 3, 2, 0, 1]",143.30586681516192,143.30586681516192,143.30586681516192,0.0,0.0,True,True,True,0.0003544999999576248,252.15234375,252.15234375,0.0,17.2,calibrated_on_calibration_split,,,,"{""instance_metadata"": {""complete"": true, ""high"": 100.0, ""instance_type"": ""random_asymmetric"", ""low"": 1.0, ""n"": 6, ""seed"": 9, ""symmetric"": false}, ""max_n"": 10, ""permutations_checked"": 120, ""start"": 5}"
small_exact,evaluation,small_exact_random_asymmetric_n6_seed9,random_asymmetric,6,9,ortools,ok,"[5, 4, 3, 2, 0, 1]",143.30586681516192,143.30586681516192,143.30586681516192,0.0,0.0,True,True,True,0.0010916999999608379,252.15234375,252.16796875,0.015625,17.2,calibrated_on_calibration_split,,,5.0,"{""finite_edges"": true, ""infinity_penalty"": 592718004000, ""instance_metadata"": {""complete"": true, ""high"": 100.0, ""instance_type"": ""random_asymmetric"", ""low"": 1.0, ""n"": 6, ""seed"": 9, ""symmetric"": false}, ""integer_scale"": 1000000, ""start"": 5, ""time_limit_s"": 5.0, ""valid_route"": true}"
small_exact,evaluation,small_exact_random_asymmetric_n6_seed9,random_asymmetric,6,9,networkx_christofides,skipped_not_applicable,,,143.30586681516192,143.30586681516192,nan,nan,True,,,7.219999679364264e-05,252.16796875,252.16796875,0.0,17.2,calibrated_on_calibration_split,,,,"{""instance_metadata"": {""complete"": true, ""high"": 100.0, ""instance_type"": ""random_asymmetric"", ""low"": 1.0, ""n"": 6, ""seed"": 9, ""symmetric"": false}, ""requires_metric_symmetric_complete"": true}"
small_exact,evaluation,small_exact_random_asymmetric_n6_seed9,random_asymmetric,6,9,networkx_greedy,ok,"[5, 4, 3, 2, 0, 1]",143.30586681516192,143.30586681516192,143.30586681516192,0.0,0.0,True,True,True,0.00011299999823677354,252.16796875,252.16796875,0.0,17.2,calibrated_on_calibration_split,,,,"{""finite_edges"": true, ""instance_metadata"": {""complete"": true, ""high"": 100.0, ""instance_type"": ""random_asymmetric"", ""low"": 1.0, ""n"": 6, ""seed"": 9, ""symmetric"": false}, ""valid_route"": true}"
small_exact,evaluation,small_exact_random_asymmetric_n6_seed9,random_asymmetric,6,9,python_tsp_dynamic_programming,skipped_missing_dependency,,,143.30586681516192,143.30586681516192,nan,nan,True,,,0.0005756999998993706,252.16796875,252.16796875,0.0,17.2,calibrated_on_calibration_split,,,,"{""instance_metadata"": {""complete"": true, ""high"": 100.0, ""instance_type"": ""random_asymmetric"", ""low"": 1.0, ""n"": 6, ""seed"": 9, ""symmetric"": false}}"
small_exact,evaluation,small_exact_euclidean_n7_seed5,euclidean,7,5,tn_exact,ok,"[6, 4, 2, 3, 1, 5, 0]",2901.331768360426,2901.331768360426,2901.331768360426,0.0,0.0,True,True,True,0.022691800000757212,252.16796875,252.27734375,0.109375,8.4,calibrated_on_calibration_split,,True,,"{""exact_mode"": true, ""finite_edges"": true, ""instance_metadata"": {""complete"": true, ""instance_type"": ""euclidean"", ""n"": 7, ""points"": [[805.0029237453801, 807.9407897364938], [515.325561042142, 285.8013800881416], [53.930702381656424, 383.36888078551823], [408.47320541999864, 45.27519390244517], [48.75771072716806, 999.1761150650714], [652.3691115879877, 234.51020166982394], [434.94755222514203, 974.1861932592553]], ""scale"": 1000.0, ""seed"": 5, ""symmetric"": true}, ""max_layers"": 5, ""n_layers"": null, ""n_layers_effective"": 5, ""normalization_factor"": 1019.4715319796893, ""normalize"": true, ""seed"": 5, ""tau"": 8.4, ""valid_route"": true}"
small_exact,evaluation,small_exact_euclidean_n7_seed5,euclidean,7,5,held_karp,ok,"[6, 4, 2, 3, 1, 5, 0]",2901.331768360426,2901.331768360426,2901.331768360426,0.0,0.0,True,True,True,0.00021550000019487925,252.27734375,252.27734375,0.0,8.4,calibrated_on_calibration_split,,,,"{""instance_metadata"": {""complete"": true, ""instance_type"": ""euclidean"", ""n"": 7, ""points"": [[805.0029237453801, 807.9407897364938], [515.325561042142, 285.8013800881416], [53.930702381656424, 383.36888078551823], [408.47320541999864, 45.27519390244517], [48.75771072716806, 999.1761150650714], [652.3691115879877, 234.51020166982394], [434.94755222514203, 974.1861932592553]], ""scale"": 1000.0, ""seed"": 5, ""symmetric"": true}, ""max_n"": 18, ""start"": 6}"
small_exact,evaluation,small_exact_euclidean_n7_seed5,euclidean,7,5,bruteforce,ok,"[6, 0, 5, 1, 3, 2, 4]",2901.331768360426,2901.331768360426,2901.331768360426,0.0,0.0,True,True,True,0.002232800001365831,252.27734375,252.27734375,0.0,8.4,calibrated_on_calibration_split,,,,"{""instance_metadata"": {""complete"": true, ""instance_type"": ""euclidean"", ""n"": 7, ""points"": [[805.0029237453801, 807.9407897364938], [515.325561042142, 285.8013800881416], [53.930702381656424, 383.36888078551823], [408.47320541999864, 45.27519390244517], [48.75771072716806, 999.1761150650714], [652.3691115879877, 234.51020166982394], [434.94755222514203, 974.1861932592553]], ""scale"": 1000.0, ""seed"": 5, ""symmetric"": true}, ""max_n"": 10, ""permutations_checked"": 720, ""start"": 6}"
small_exact,evaluation,small_exact_euclidean_n7_seed5,euclidean,7,5,ortools,ok,"[6, 4, 2, 3, 1, 5, 0]",2901.331768360426,2901.331768360426,2901.331768360426,0.0,0.0,True,True,True,0.0013274999982968438,252.27734375,252.296875,0.01953125,8.4,calibrated_on_calibration_split,,,5.0,"{""finite_edges"": true, ""infinity_penalty"": 7136300724000, ""instance_metadata"": {""complete"": true, ""instance_type"": ""euclidean"", ""n"": 7, ""points"": [[805.0029237453801, 807.9407897364938], [515.325561042142, 285.8013800881416], [53.930702381656424, 383.36888078551823], [408.47320541999864, 45.27519390244517], [48.75771072716806, 999.1761150650714], [652.3691115879877, 234.51020166982394], [434.94755222514203, 974.1861932592553]], ""scale"": 1000.0, ""seed"": 5, ""symmetric"": true}, ""integer_scale"": 1000000, ""start"": 6, ""time_limit_s"": 5.0, ""valid_route"": true}"
small_exact,evaluation,small_exact_euclidean_n7_seed5,euclidean,7,5,networkx_christofides,ok,"[6, 0, 5, 1, 3, 2, 4]",2901.331768360426,2901.331768360426,2901.331768360426,0.0,0.0,True,True,True,0.0006369000002450775,252.296875,252.30078125,0.00390625,8.4,calibrated_on_calibration_split,,,,"{""finite_edges"": true, ""instance_metadata"": {""complete"": true, ""instance_type"": ""euclidean"", ""n"": 7, ""points"": [[805.0029237453801, 807.9407897364938], [515.325561042142, 285.8013800881416], [53.930702381656424, 383.36888078551823], [408.47320541999864, 45.27519390244517], [48.75771072716806, 999.1761150650714], [652.3691115879877, 234.51020166982394], [434.94755222514203, 974.1861932592553]], ""scale"": 1000.0, ""seed"": 5, ""symmetric"": true}, ""requires_metric_symmetric_complete"": true, ""valid_route"": true}"
small_exact,evaluation,small_exact_euclidean_n7_seed5,euclidean,7,5,networkx_greedy,ok,"[6, 0, 3, 5, 1, 2, 4]",3194.723512005682,2901.331768360426,2901.331768360426,0.10112312795273841,0.10112312795273841,True,True,True,0.00011780000204453245,252.30078125,252.30078125,0.0,8.4,calibrated_on_calibration_split,,,,"{""finite_edges"": true, ""instance_metadata"": {""complete"": true, ""instance_type"": ""euclidean"", ""n"": 7, ""points"": [[805.0029237453801, 807.9407897364938], [515.325561042142, 285.8013800881416], [53.930702381656424, 383.36888078551823], [408.47320541999864, 45.27519390244517], [48.75771072716806, 999.1761150650714], [652.3691115879877, 234.51020166982394], [434.94755222514203, 974.1861932592553]], ""scale"": 1000.0, ""seed"": 5, ""symmetric"": true}, ""valid_route"": true}"
small_exact,evaluation,small_exact_euclidean_n7_seed5,euclidean,7,5,python_tsp_dynamic_programming,skipped_missing_dependency,,,2901.331768360426,2901.331768360426,nan,nan,True,,,0.0005737999999837484,252.30078125,252.30078125,0.0,8.4,calibrated_on_calibration_split,,,,"{""instance_metadata"": {""complete"": true, ""instance_type"": ""euclidean"", ""n"": 7, ""points"": [[805.0029237453801, 807.9407897364938], [515.325561042142, 285.8013800881416], [53.930702381656424, 383.36888078551823], [408.47320541999864, 45.27519390244517], [48.75771072716806, 999.1761150650714], [652.3691115879877, 234.51020166982394], [434.94755222514203, 974.1861932592553]], ""scale"": 1000.0, ""seed"": 5, ""symmetric"": true}}"
small_exact,evaluation,small_exact_random_symmetric_n7_seed5,random_symmetric,7,5,tn_exact,ok,"[6, 4, 1, 0, 3, 2, 5]",221.96662499449207,221.80837067202282,221.80837067202282,0.000713473175019396,0.000713473175019396,True,True,True,0.022018800002115313,252.30078125,252.30859375,0.0078125,8.4,calibrated_on_calibration_split,,True,,"{""exact_mode"": true, ""finite_edges"": true, ""instance_metadata"": {""complete"": true, ""high"": 100.0, ""instance_type"": ""random_symmetric"", ""low"": 1.0, ""n"": 7, ""seed"": 5, ""symmetric"": true}, ""max_layers"": 5, ""n_layers"": null, ""n_layers_effective"": 5, ""normalization_factor"": 92.24865405735372, ""normalize"": true, ""seed"": 5, ""tau"": 8.4, ""valid_route"": true}"
small_exact,evaluation,small_exact_random_symmetric_n7_seed5,random_symmetric,7,5,held_karp,ok,"[6, 4, 1, 5, 2, 3, 0]",221.80837067202282,221.80837067202282,221.80837067202282,0.0,0.0,True,True,True,0.00020819999917875975,252.30859375,252.32421875,0.015625,8.4,calibrated_on_calibration_split,,,,"{""instance_metadata"": {""complete"": true, ""high"": 100.0, ""instance_type"": ""random_symmetric"", ""low"": 1.0, ""n"": 7, ""seed"": 5, ""symmetric"": true}, ""max_n"": 18, ""start"": 6}"
small_exact,evaluation,small_exact_random_symmetric_n7_seed5,random_symmetric,7,5,bruteforce,ok,"[6, 4, 1, 5, 2, 3, 0]",221.80837067202282,221.80837067202282,221.80837067202282,0.0,0.0,True,True,True,0.002151900000171736,252.32421875,252.32421875,0.0,8.4,calibrated_on_calibration_split,,,,"{""instance_metadata"": {""complete"": true, ""high"": 100.0, ""instance_type"": ""random_symmetric"", ""low"": 1.0, ""n"": 7, ""seed"": 5, ""symmetric"": true}, ""max_n"": 10, ""permutations_checked"": 720, ""start"": 6}"
small_exact,evaluation,small_exact_random_symmetric_n7_seed5,random_symmetric,7,5,ortools,ok,"[6, 0, 3, 2, 5, 1, 4]",221.80837067202285,221.80837067202282,221.80837067202282,1.28136324811789e-16,1.28136324811789e-16,True,True,True,0.001297099999646889,252.32421875,252.32421875,0.0,8.4,calibrated_on_calibration_split,,,5.0,"{""finite_edges"": true, ""infinity_penalty"": 645740578000, ""instance_metadata"": {""complete"": true, ""high"": 100.0, ""instance_type"": ""random_symmetric"", ""low"": 1.0, ""n"": 7, ""seed"": 5, ""symmetric"": true}, ""integer_scale"": 1000000, ""start"": 6, ""time_limit_s"": 5.0, ""valid_route"": true}"
small_exact,evaluation,small_exact_random_symmetric_n7_seed5,random_symmetric,7,5,networkx_christofides,skipped_not_applicable,,,221.80837067202282,221.80837067202282,nan,nan,True,,,8.1900001532631e-05,252.32421875,252.32421875,0.0,8.4,calibrated_on_calibration_split,,,,"{""instance_metadata"": {""complete"": true, ""high"": 100.0, ""instance_type"": ""random_symmetric"", ""low"": 1.0, ""n"": 7, ""seed"": 5, ""symmetric"": true}, ""requires_metric_symmetric_complete"": true}"
small_exact,evaluation,small_exact_random_symmetric_n7_seed5,random_symmetric,7,5,networkx_greedy,ok,"[6, 0, 3, 5, 2, 4, 1]",248.85886825311852,221.80837067202282,221.80837067202282,0.12195435861658235,0.12195435861658235,True,True,True,0.00010740000288933516,252.32421875,252.328125,0.00390625,8.4,calibrated_on_calibration_split,,,,"{""finite_edges"": true, ""instance_metadata"": {""complete"": true, ""high"": 100.0, ""instance_type"": ""random_symmetric"", ""low"": 1.0, ""n"": 7, ""seed"": 5, ""symmetric"": true}, ""valid_route"": true}"
small_exact,evaluation,small_exact_random_symmetric_n7_seed5,random_symmetric,7,5,python_tsp_dynamic_programming,skipped_missing_dependency,,,221.80837067202282,221.80837067202282,nan,nan,True,,,0.0005496999983733986,252.328125,252.328125,0.0,8.4,calibrated_on_calibration_split,,,,"{""instance_metadata"": {""complete"": true, ""high"": 100.0, ""instance_type"": ""random_symmetric"", ""low"": 1.0, ""n"": 7, ""seed"": 5, ""symmetric"": true}}"
small_exact,evaluation,small_exact_random_asymmetric_n7_seed5,random_asymmetric,7,5,tn_exact,ok,"[6, 1, 0, 4, 3, 2, 5]",140.07054066683716,140.07054066683716,140.07054066683716,0.0,0.0,True,True,True,0.02231509999910486,252.33203125,252.421875,0.08984375,8.4,calibrated_on_calibration_split,,True,,"{""exact_mode"": true, ""finite_edges"": true, ""instance_metadata"": {""complete"": true, ""high"": 100.0, ""instance_type"": ""random_asymmetric"", ""low"": 1.0, ""n"": 7, ""seed"": 5, ""symmetric"": false}, ""max_layers"": 5, ""n_layers"": null, ""n_layers_effective"": 5, ""normalization_factor"": 99.91843539144207, ""normalize"": true, ""seed"": 5, ""tau"": 8.4, ""valid_route"": true}"
small_exact,evaluation,small_exact_random_asymmetric_n7_seed5,random_asymmetric,7,5,held_karp,ok,"[6, 1, 0, 4, 3, 2, 5]",140.07054066683716,140.07054066683716,140.07054066683716,0.0,0.0,True,True,True,0.00020479999875533395,252.421875,252.421875,0.0,8.4,calibrated_on_calibration_split,,,,"{""instance_metadata"": {""complete"": true, ""high"": 100.0, ""instance_type"": ""random_asymmetric"", ""low"": 1.0, ""n"": 7, ""seed"": 5, ""symmetric"": false}, ""max_n"": 18, ""start"": 6}"
small_exact,evaluation,small_exact_random_asymmetric_n7_seed5,random_asymmetric,7,5,bruteforce,ok,"[6, 1, 0, 4, 3, 2, 5]",140.07054066683716,140.07054066683716,140.07054066683716,0.0,0.0,True,True,True,0.0022123999988252763,252.421875,252.421875,0.0,8.4,calibrated_on_calibration_split,,,,"{""instance_metadata"": {""complete"": true, ""high"": 100.0, ""instance_type"": ""random_asymmetric"", ""low"": 1.0, ""n"": 7, ""seed"": 5, ""symmetric"": false}, ""max_n"": 10, ""permutations_checked"": 720, ""start"": 6}"
small_exact,evaluation,small_exact_random_asymmetric_n7_seed5,random_asymmetric,7,5,ortools,ok,"[6, 5, 3, 2, 1, 0, 4]",165.01755500565275,140.07054066683716,140.07054066683716,0.17810322013501015,0.17810322013501015,True,True,True,0.001292100001592189,252.421875,252.421875,0.0,8.4,calibrated_on_calibration_split,,,5.0,"{""finite_edges"": true, ""infinity_penalty"": 699429045000, ""instance_metadata"": {""complete"": true, ""high"": 100.0, ""instance_type"": ""random_asymmetric"", ""low"": 1.0, ""n"": 7, ""seed"": 5, ""symmetric"": false}, ""integer_scale"": 1000000, ""start"": 6, ""time_limit_s"": 5.0, ""valid_route"": true}"
small_exact,evaluation,small_exact_random_asymmetric_n7_seed5,random_asymmetric,7,5,networkx_christofides,skipped_not_applicable,,,140.07054066683716,140.07054066683716,nan,nan,True,,,7.729999924777076e-05,252.421875,252.421875,0.0,8.4,calibrated_on_calibration_split,,,,"{""instance_metadata"": {""complete"": true, ""high"": 100.0, ""instance_type"": ""random_asymmetric"", ""low"": 1.0, ""n"": 7, ""seed"": 5, ""symmetric"": false}, ""requires_metric_symmetric_complete"": true}"
small_exact,evaluation,small_exact_random_asymmetric_n7_seed5,random_asymmetric,7,5,networkx_greedy,ok,"[6, 0, 4, 3, 2, 5, 1]",224.41048626528902,140.07054066683716,140.07054066683716,0.6021247950991884,0.6021247950991884,True,True,True,0.0001187999987450894,252.421875,252.421875,0.0,8.4,calibrated_on_calibration_split,,,,"{""finite_edges"": true, ""instance_metadata"": {""complete"": true, ""high"": 100.0, ""instance_type"": ""random_asymmetric"", ""low"": 1.0, ""n"": 7, ""seed"": 5, ""symmetric"": false}, ""valid_route"": true}"
small_exact,evaluation,small_exact_random_asymmetric_n7_seed5,random_asymmetric,7,5,python_tsp_dynamic_programming,skipped_missing_dependency,,,140.07054066683716,140.07054066683716,nan,nan,True,,,0.000536299998202594,252.421875,252.421875,0.0,8.4,calibrated_on_calibration_split,,,,"{""instance_metadata"": {""complete"": true, ""high"": 100.0, ""instance_type"": ""random_asymmetric"", ""low"": 1.0, ""n"": 7, ""seed"": 5, ""symmetric"": false}}"
small_exact,evaluation,small_exact_euclidean_n7_seed6,euclidean,7,6,tn_exact,ok,"[6, 5, 1, 0, 4, 3, 2]",2821.8400236374973,2821.840023637497,2821.840023637497,1.6115277516698887e-16,1.6115277516698887e-16,True,True,True,0.021922200001426972,252.421875,252.5078125,0.0859375,8.4,calibrated_on_calibration_split,,True,,"{""exact_mode"": true, ""finite_edges"": true, ""instance_metadata"": {""complete"": true, ""instance_type"": ""euclidean"", ""n"": 7, ""points"": [[538.1643514719432, 343.27086981333844], [369.06723979537827, 374.49676558788235], [987.4449901864666, 632.7562726071461], [674.3239305044935, 329.96345538545836], [679.9176611640223, 122.97237488719004], [51.729231983775215, 850.1913468087871], [8.895805535434675, 978.7675621852967]], ""scale"": 1000.0, ""seed"": 6, ""symmetric"": true}, ""max_layers"": 5, ""n_layers"": null, ""n_layers_effective"": 5, ""normalization_factor"": 1087.4997624523116, ""normalize"": true, ""seed"": 6, ""tau"": 8.4, ""valid_route"": true}"
small_exact,evaluation,small_exact_euclidean_n7_seed6,euclidean,7,6,held_karp,ok,"[6, 2, 3, 4, 0, 1, 5]",2821.840023637497,2821.840023637497,2821.840023637497,0.0,0.0,True,True,True,0.00020339999900897965,252.5078125,252.5078125,0.0,8.4,calibrated_on_calibration_split,,,,"{""instance_metadata"": {""complete"": true, ""instance_type"": ""euclidean"", ""n"": 7, ""points"": [[538.1643514719432, 343.27086981333844], [369.06723979537827, 374.49676558788235], [987.4449901864666, 632.7562726071461], [674.3239305044935, 329.96345538545836], [679.9176611640223, 122.97237488719004], [51.729231983775215, 850.1913468087871], [8.895805535434675, 978.7675621852967]], ""scale"": 1000.0, ""seed"": 6, ""symmetric"": true}, ""max_n"": 18, ""start"": 6}"
small_exact,evaluation,small_exact_euclidean_n7_seed6,euclidean,7,6,bruteforce,ok,"[6, 2, 3, 4, 0, 1, 5]",2821.840023637497,2821.840023637497,2821.840023637497,0.0,0.0,True,True,True,0.0021718999996664934,252.5078125,252.5078125,0.0,8.4,calibrated_on_calibration_split,,,,"{""instance_metadata"": {""complete"": true, ""instance_type"": ""euclidean"", ""n"": 7, ""points"": [[538.1643514719432, 343.27086981333844], [369.06723979537827, 374.49676558788235], [987.4449901864666, 632.7562726071461], [674.3239305044935, 329.96345538545836], [679.9176611640223, 122.97237488719004], [51.729231983775215, 850.1913468087871], [8.895805535434675, 978.7675621852967]], ""scale"": 1000.0, ""seed"": 6, ""symmetric"": true}, ""max_n"": 10, ""permutations_checked"": 720, ""start"": 6}"
small_exact,evaluation,small_exact_euclidean_n7_seed6,euclidean,7,6,ortools,ok,"[6, 5, 1, 0, 4, 3, 2]",2821.8400236374973,2821.840023637497,2821.840023637497,1.6115277516698887e-16,1.6115277516698887e-16,True,True,True,0.0012777999982063193,252.5078125,252.5078125,0.0,8.4,calibrated_on_calibration_split,,,5.0,"{""finite_edges"": true, ""infinity_penalty"": 7612498334000, ""instance_metadata"": {""complete"": true, ""instance_type"": ""euclidean"", ""n"": 7, ""points"": [[538.1643514719432, 343.27086981333844], [369.06723979537827, 374.49676558788235], [987.4449901864666, 632.7562726071461], [674.3239305044935, 329.96345538545836], [679.9176611640223, 122.97237488719004], [51.729231983775215, 850.1913468087871], [8.895805535434675, 978.7675621852967]], ""scale"": 1000.0, ""seed"": 6, ""symmetric"": true}, ""integer_scale"": 1000000, ""start"": 6, ""time_limit_s"": 5.0, ""valid_route"": true}"
small_exact,evaluation,small_exact_euclidean_n7_seed6,euclidean,7,6,networkx_christofides,ok,"[6, 2, 3, 4, 0, 1, 5]",2821.840023637497,2821.840023637497,2821.840023637497,0.0,0.0,True,True,True,0.0007250999988173135,252.5078125,252.5078125,0.0,8.4,calibrated_on_calibration_split,,,,"{""finite_edges"": true, ""instance_metadata"": {""complete"": true, ""instance_type"": ""euclidean"", ""n"": 7, ""points"": [[538.1643514719432, 343.27086981333844], [369.06723979537827, 374.49676558788235], [987.4449901864666, 632.7562726071461], [674.3239305044935, 329.96345538545836], [679.9176611640223, 122.97237488719004], [51.729231983775215, 850.1913468087871], [8.895805535434675, 978.7675621852967]], ""scale"": 1000.0, ""seed"": 6, ""symmetric"": true}, ""requires_metric_symmetric_complete"": true, ""valid_route"": true}"
small_exact,evaluation,small_exact_euclidean_n7_seed6,euclidean,7,6,networkx_greedy,ok,"[6, 2, 4, 3, 0, 1, 5]",2856.464974920708,2821.840023637497,2821.840023637497,0.012270345233312566,0.012270345233312566,True,True,True,0.00012090000018361025,252.5078125,252.5078125,0.0,8.4,calibrated_on_calibration_split,,,,"{""finite_edges"": true, ""instance_metadata"": {""complete"": true, ""instance_type"": ""euclidean"", ""n"": 7, ""points"": [[538.1643514719432, 343.27086981333844], [369.06723979537827, 374.49676558788235], [987.4449901864666, 632.7562726071461], [674.3239305044935, 329.96345538545836], [679.9176611640223, 122.97237488719004], [51.729231983775215, 850.1913468087871], [8.895805535434675, 978.7675621852967]], ""scale"": 1000.0, ""seed"": 6, ""symmetric"": true}, ""valid_route"": true}"
small_exact,evaluation,small_exact_euclidean_n7_seed6,euclidean,7,6,python_tsp_dynamic_programming,skipped_missing_dependency,,,2821.840023637497,2821.840023637497,nan,nan,True,,,0.0006359000035445206,252.5078125,252.5078125,0.0,8.4,calibrated_on_calibration_split,,,,"{""instance_metadata"": {""complete"": true, ""instance_type"": ""euclidean"", ""n"": 7, ""points"": [[538.1643514719432, 343.27086981333844], [369.06723979537827, 374.49676558788235], [987.4449901864666, 632.7562726071461], [674.3239305044935, 329.96345538545836], [679.9176611640223, 122.97237488719004], [51.729231983775215, 850.1913468087871], [8.895805535434675, 978.7675621852967]], ""scale"": 1000.0, ""seed"": 6, ""symmetric"": true}}"
small_exact,evaluation,small_exact_random_symmetric_n7_seed6,random_symmetric,7,6,tn_exact,ok,"[6, 4, 5, 2, 3, 1, 0]",245.93742381076635,245.93742381076635,245.93742381076635,0.0,0.0,True,True,True,0.022013900001184084,252.5078125,252.5078125,0.0,8.4,calibrated_on_calibration_split,,True,,"{""exact_mode"": true, ""finite_edges"": true, ""instance_metadata"": {""complete"": true, ""high"": 100.0, ""instance_type"": ""random_symmetric"", ""low"": 1.0, ""n"": 7, ""seed"": 6, ""symmetric"": true}, ""max_layers"": 5, ""n_layers"": null, ""n_layers_effective"": 5, ""normalization_factor"": 92.34842286276243, ""normalize"": true, ""seed"": 6, ""tau"": 8.4, ""valid_route"": true}"
small_exact,evaluation,small_exact_random_symmetric_n7_seed6,random_symmetric,7,6,held_karp,ok,"[6, 4, 5, 2, 3, 1, 0]",245.93742381076635,245.93742381076635,245.93742381076635,0.0,0.0,True,True,True,0.00020320000112405978,252.5078125,252.5078125,0.0,8.4,calibrated_on_calibration_split,,,,"{""instance_metadata"": {""complete"": true, ""high"": 100.0, ""instance_type"": ""random_symmetric"", ""low"": 1.0, ""n"": 7, ""seed"": 6, ""symmetric"": true}, ""max_n"": 18, ""start"": 6}"
small_exact,evaluation,small_exact_random_symmetric_n7_seed6,random_symmetric,7,6,bruteforce,ok,"[6, 0, 1, 3, 2, 5, 4]",245.93742381076635,245.93742381076635,245.93742381076635,0.0,0.0,True,True,True,0.002235200001450721,252.5078125,252.5078125,0.0,8.4,calibrated_on_calibration_split,,,,"{""instance_metadata"": {""complete"": true, ""high"": 100.0, ""instance_type"": ""random_symmetric"", ""low"": 1.0, ""n"": 7, ""seed"": 6, ""symmetric"": true}, ""max_n"": 10, ""permutations_checked"": 720, ""start"": 6}"
small_exact,evaluation,small_exact_random_symmetric_n7_seed6,random_symmetric,7,6,ortools,ok,"[6, 4, 5, 2, 3, 1, 0]",245.93742381076635,245.93742381076635,245.93742381076635,0.0,0.0,True,True,True,0.0019411000030231662,252.5078125,252.5078125,0.0,8.4,calibrated_on_calibration_split,,,5.0,"{""finite_edges"": true, ""infinity_penalty"": 646438961000, ""instance_metadata"": {""complete"": true, ""high"": 100.0, ""instance_type"": ""random_symmetric"", ""low"": 1.0, ""n"": 7, ""seed"": 6, ""symmetric"": true}, ""integer_scale"": 1000000, ""start"": 6, ""time_limit_s"": 5.0, ""valid_route"": true}"
small_exact,evaluation,small_exact_random_symmetric_n7_seed6,random_symmetric,7,6,networkx_christofides,skipped_not_applicable,,,245.93742381076635,245.93742381076635,nan,nan,True,,,0.00011920000179088674,252.5078125,252.5078125,0.0,8.4,calibrated_on_calibration_split,,,,"{""instance_metadata"": {""complete"": true, ""high"": 100.0, ""instance_type"": ""random_symmetric"", ""low"": 1.0, ""n"": 7, ""seed"": 6, ""symmetric"": true}, ""requires_metric_symmetric_complete"": true}"
small_exact,evaluation,small_exact_random_symmetric_n7_seed6,random_symmetric,7,6,networkx_greedy,ok,"[6, 2, 5, 0, 1, 3, 4]",285.18586362892546,245.93742381076635,245.93742381076635,0.15958709825454773,0.15958709825454773,True,True,True,0.00016089999917312525,252.5078125,252.5078125,0.0,8.4,calibrated_on_calibration_split,,,,"{""finite_edges"": true, ""instance_metadata"": {""complete"": true, ""high"": 100.0, ""instance_type"": ""random_symmetric"", ""low"": 1.0, ""n"": 7, ""seed"": 6, ""symmetric"": true}, ""valid_route"": true}"
small_exact,evaluation,small_exact_random_symmetric_n7_seed6,random_symmetric,7,6,python_tsp_dynamic_programming,skipped_missing_dependency,,,245.93742381076635,245.93742381076635,nan,nan,True,,,0.0006265000010898802,252.51171875,252.51171875,0.0,8.4,calibrated_on_calibration_split,,,,"{""instance_metadata"": {""complete"": true, ""high"": 100.0, ""instance_type"": ""random_symmetric"", ""low"": 1.0, ""n"": 7, ""seed"": 6, ""symmetric"": true}}"
small_exact,evaluation,small_exact_random_asymmetric_n7_seed6,random_asymmetric,7,6,tn_exact,ok,"[6, 4, 0, 1, 3, 5, 2]",165.86999532317512,165.86999532317512,165.86999532317512,0.0,0.0,True,True,True,0.02333869999711169,252.51171875,252.5625,0.05078125,8.4,calibrated_on_calibration_split,,True,,"{""exact_mode"": true, ""finite_edges"": true, ""instance_metadata"": {""complete"": true, ""high"": 100.0, ""instance_type"": ""random_asymmetric"", ""low"": 1.0, ""n"": 7, ""seed"": 6, ""symmetric"": false}, ""max_layers"": 5, ""n_layers"": null, ""n_layers_effective"": 5, ""normalization_factor"": 98.75705402846019, ""normalize"": true, ""seed"": 6, ""tau"": 8.4, ""valid_route"": true}"
small_exact,evaluation,small_exact_random_asymmetric_n7_seed6,random_asymmetric,7,6,held_karp,ok,"[6, 4, 0, 1, 3, 5, 2]",165.86999532317512,165.86999532317512,165.86999532317512,0.0,0.0,True,True,True,0.00021109999943291768,252.5625,252.5625,0.0,8.4,calibrated_on_calibration_split,,,,"{""instance_metadata"": {""complete"": true, ""high"": 100.0, ""instance_type"": ""random_asymmetric"", ""low"": 1.0, ""n"": 7, ""seed"": 6, ""symmetric"": false}, ""max_n"": 18, ""start"": 6}"
small_exact,evaluation,small_exact_random_asymmetric_n7_seed6,random_asymmetric,7,6,bruteforce,ok,"[6, 4, 0, 1, 3, 5, 2]",165.86999532317512,165.86999532317512,165.86999532317512,0.0,0.0,True,True,True,0.0021992000001773704,252.5625,252.5625,0.0,8.4,calibrated_on_calibration_split,,,,"{""instance_metadata"": {""complete"": true, ""high"": 100.0, ""instance_type"": ""random_asymmetric"", ""low"": 1.0, ""n"": 7, ""seed"": 6, ""symmetric"": false}, ""max_n"": 10, ""permutations_checked"": 720, ""start"": 6}"
small_exact,evaluation,small_exact_random_asymmetric_n7_seed6,random_asymmetric,7,6,ortools,ok,"[6, 0, 2, 3, 1, 5, 4]",170.6694335386936,165.86999532317512,165.86999532317512,0.028934939114017733,0.028934939114017733,True,True,True,0.0014939000029698946,252.5625,252.5625,0.0,8.4,calibrated_on_calibration_split,,,5.0,"{""finite_edges"": true, ""infinity_penalty"": 691299378000, ""instance_metadata"": {""complete"": true, ""high"": 100.0, ""instance_type"": ""random_asymmetric"", ""low"": 1.0, ""n"": 7, ""seed"": 6, ""symmetric"": false}, ""integer_scale"": 1000000, ""start"": 6, ""time_limit_s"": 5.0, ""valid_route"": true}"
small_exact,evaluation,small_exact_random_asymmetric_n7_seed6,random_asymmetric,7,6,networkx_christofides,skipped_not_applicable,,,165.86999532317512,165.86999532317512,nan,nan,True,,,8.059999890974723e-05,252.5625,252.5625,0.0,8.4,calibrated_on_calibration_split,,,,"{""instance_metadata"": {""complete"": true, ""high"": 100.0, ""instance_type"": ""random_asymmetric"", ""low"": 1.0, ""n"": 7, ""seed"": 6, ""symmetric"": false}, ""requires_metric_symmetric_complete"": true}"
small_exact,evaluation,small_exact_random_asymmetric_n7_seed6,random_asymmetric,7,6,networkx_greedy,ok,"[6, 4, 0, 1, 5, 2, 3]",195.2179420173131,165.86999532317512,165.86999532317512,0.17693342691037947,0.17693342691037947,True,True,True,0.0002268999996886123,252.5625,252.5625,0.0,8.4,calibrated_on_calibration_split,,,,"{""finite_edges"": true, ""instance_metadata"": {""complete"": true, ""high"": 100.0, ""instance_type"": ""random_asymmetric"", ""low"": 1.0, ""n"": 7, ""seed"": 6, ""symmetric"": false}, ""valid_route"": true}"
small_exact,evaluation,small_exact_random_asymmetric_n7_seed6,random_asymmetric,7,6,python_tsp_dynamic_programming,skipped_missing_dependency,,,165.86999532317512,165.86999532317512,nan,nan,True,,,0.000561500000912929,252.5625,252.5625,0.0,8.4,calibrated_on_calibration_split,,,,"{""instance_metadata"": {""complete"": true, ""high"": 100.0, ""instance_type"": ""random_asymmetric"", ""low"": 1.0, ""n"": 7, ""seed"": 6, ""symmetric"": false}}"
small_exact,evaluation,small_exact_euclidean_n7_seed7,euclidean,7,7,tn_exact,ok,"[6, 5, 1, 4, 0, 2, 3]",2431.95417121589,2431.95417121589,2431.95417121589,0.0,0.0,True,True,True,0.021209900001849746,252.5625,252.56640625,0.00390625,8.4,calibrated_on_calibration_split,,True,,"{""exact_mode"": true, ""finite_edges"": true, ""instance_metadata"": {""complete"": true, ""instance_type"": ""euclidean"", ""n"": 7, ""points"": [[625.095466604667, 897.2138009695755], [775.6856902451935, 225.20718999059187], [300.16628491122543, 873.5534453962618], [5.265304565574724, 821.2284183827662], [797.0694287520462, 467.9349528437208], [303.0324268193135, 278.4256121007733], [254.8695876541246, 445.0763058826466]], ""scale"": 1000.0, ""seed"": 7, ""symmetric"": true}, ""max_layers"": 5, ""n_layers"": null, ""n_layers_effective"": 5, ""normalization_factor"": 974.0579425089911, ""normalize"": true, ""seed"": 7, ""tau"": 8.4, ""valid_route"": true}"
small_exact,evaluation,small_exact_euclidean_n7_seed7,euclidean,7,7,held_karp,ok,"[6, 5, 1, 4, 0, 2, 3]",2431.95417121589,2431.95417121589,2431.95417121589,0.0,0.0,True,True,True,0.0002058000027318485,252.56640625,252.56640625,0.0,8.4,calibrated_on_calibration_split,,,,"{""instance_metadata"": {""complete"": true, ""instance_type"": ""euclidean"", ""n"": 7, ""points"": [[625.095466604667, 897.2138009695755], [775.6856902451935, 225.20718999059187], [300.16628491122543, 873.5534453962618], [5.265304565574724, 821.2284183827662], [797.0694287520462, 467.9349528437208], [303.0324268193135, 278.4256121007733], [254.8695876541246, 445.0763058826466]], ""scale"": 1000.0, ""seed"": 7, ""symmetric"": true}, ""max_n"": 18, ""start"": 6}"
small_exact,evaluation,small_exact_euclidean_n7_seed7,euclidean,7,7,bruteforce,ok,"[6, 3, 2, 0, 4, 1, 5]",2431.95417121589,2431.95417121589,2431.95417121589,0.0,0.0,True,True,True,0.0022352999985741917,252.56640625,252.56640625,0.0,8.4,calibrated_on_calibration_split,,,,"{""instance_metadata"": {""complete"": true, ""instance_type"": ""euclidean"", ""n"": 7, ""points"": [[625.095466604667, 897.2138009695755], [775.6856902451935, 225.20718999059187], [300.16628491122543, 873.5534453962618], [5.265304565574724, 821.2284183827662], [797.0694287520462, 467.9349528437208], [303.0324268193135, 278.4256121007733], [254.8695876541246, 445.0763058826466]], ""scale"": 1000.0, ""seed"": 7, ""symmetric"": true}, ""max_n"": 10, ""permutations_checked"": 720, ""start"": 6}"
small_exact,evaluation,small_exact_euclidean_n7_seed7,euclidean,7,7,ortools,ok,"[6, 5, 1, 4, 0, 2, 3]",2431.95417121589,2431.95417121589,2431.95417121589,0.0,0.0,True,True,True,0.0012330999998084735,252.56640625,252.5703125,0.00390625,8.4,calibrated_on_calibration_split,,,5.0,"{""finite_edges"": true, ""infinity_penalty"": 6818405601000, ""instance_metadata"": {""complete"": true, ""instance_type"": ""euclidean"", ""n"": 7, ""points"": [[625.095466604667, 897.2138009695755], [775.6856902451935, 225.20718999059187], [300.16628491122543, 873.5534453962618], [5.265304565574724, 821.2284183827662], [797.0694287520462, 467.9349528437208], [303.0324268193135, 278.4256121007733], [254.8695876541246, 445.0763058826466]], ""scale"": 1000.0, ""seed"": 7, ""symmetric"": true}, ""integer_scale"": 1000000, ""start"": 6, ""time_limit_s"": 5.0, ""valid_route"": true}"
small_exact,evaluation,small_exact_euclidean_n7_seed7,euclidean,7,7,networkx_christofides,ok,"[6, 2, 3, 0, 4, 1, 5]",2710.065743433686,2431.95417121589,2431.95417121589,0.11435724221676029,0.11435724221676029,True,True,True,0.0009940999989339616,252.5703125,252.58984375,0.01953125,8.4,calibrated_on_calibration_split,,,,"{""finite_edges"": true, ""instance_metadata"": {""complete"": true, ""instance_type"": ""euclidean"", ""n"": 7, ""points"": [[625.095466604667, 897.2138009695755], [775.6856902451935, 225.20718999059187], [300.16628491122543, 873.5534453962618], [5.265304565574724, 821.2284183827662], [797.0694287520462, 467.9349528437208], [303.0324268193135, 278.4256121007733], [254.8695876541246, 445.0763058826466]], ""scale"": 1000.0, ""seed"": 7, ""symmetric"": true}, ""requires_metric_symmetric_complete"": true, ""valid_route"": true}"
small_exact,evaluation,small_exact_euclidean_n7_seed7,euclidean,7,7,networkx_greedy,ok,"[6, 3, 2, 0, 4, 1, 5]",2431.95417121589,2431.95417121589,2431.95417121589,0.0,0.0,True,True,True,0.00012060000153724104,252.58984375,252.58984375,0.0,8.4,calibrated_on_calibration_split,,,,"{""finite_edges"": true, ""instance_metadata"": {""complete"": true, ""instance_type"": ""euclidean"", ""n"": 7, ""points"": [[625.095466604667, 897.2138009695755], [775.6856902451935, 225.20718999059187], [300.16628491122543, 873.5534453962618], [5.265304565574724, 821.2284183827662], [797.0694287520462, 467.9349528437208], [303.0324268193135, 278.4256121007733], [254.8695876541246, 445.0763058826466]], ""scale"": 1000.0, ""seed"": 7, ""symmetric"": true}, ""valid_route"": true}"
small_exact,evaluation,small_exact_euclidean_n7_seed7,euclidean,7,7,python_tsp_dynamic_programming,skipped_missing_dependency,,,2431.95417121589,2431.95417121589,nan,nan,True,,,0.0005104000010760501,252.58984375,252.58984375,0.0,8.4,calibrated_on_calibration_split,,,,"{""instance_metadata"": {""complete"": true, ""instance_type"": ""euclidean"", ""n"": 7, ""points"": [[625.095466604667, 897.2138009695755], [775.6856902451935, 225.20718999059187], [300.16628491122543, 873.5534453962618], [5.265304565574724, 821.2284183827662], [797.0694287520462, 467.9349528437208], [303.0324268193135, 278.4256121007733], [254.8695876541246, 445.0763058826466]], ""scale"": 1000.0, ""seed"": 7, ""symmetric"": true}}"
small_exact,evaluation,small_exact_random_symmetric_n7_seed7,random_symmetric,7,7,tn_exact,ok,"[6, 0, 3, 2, 1, 5, 4]",230.40876677137567,230.2750155120375,230.2750155120375,0.0005808327014581272,0.0005808327014581272,True,True,True,0.0214391000008618,252.58984375,252.58984375,0.0,8.4,calibrated_on_calibration_split,,True,,"{""exact_mode"": true, ""finite_edges"": true, ""instance_metadata"": {""complete"": true, ""high"": 100.0, ""instance_type"": ""random_symmetric"", ""low"": 1.0, ""n"": 7, ""seed"": 7, ""symmetric"": true}, ""max_layers"": 5, ""n_layers"": null, ""n_layers_effective"": 5, ""normalization_factor"": 86.06288985794092, ""normalize"": true, ""seed"": 7, ""tau"": 8.4, ""valid_route"": true}"
small_exact,evaluation,small_exact_random_symmetric_n7_seed7,random_symmetric,7,7,held_karp,ok,"[6, 0, 3, 4, 5, 1, 2]",230.2750155120375,230.2750155120375,230.2750155120375,0.0,0.0,True,True,True,0.00020819999917875975,252.58984375,252.58984375,0.0,8.4,calibrated_on_calibration_split,,,,"{""instance_metadata"": {""complete"": true, ""high"": 100.0, ""instance_type"": ""random_symmetric"", ""low"": 1.0, ""n"": 7, ""seed"": 7, ""symmetric"": true}, ""max_n"": 18, ""start"": 6}"
small_exact,evaluation,small_exact_random_symmetric_n7_seed7,random_symmetric,7,7,bruteforce,ok,"[6, 0, 3, 4, 5, 1, 2]",230.2750155120375,230.2750155120375,230.2750155120375,0.0,0.0,True,True,True,0.002225799998996081,252.58984375,252.58984375,0.0,8.4,calibrated_on_calibration_split,,,,"{""instance_metadata"": {""complete"": true, ""high"": 100.0, ""instance_type"": ""random_symmetric"", ""low"": 1.0, ""n"": 7, ""seed"": 7, ""symmetric"": true}, ""max_n"": 10, ""permutations_checked"": 720, ""start"": 6}"
small_exact,evaluation,small_exact_random_symmetric_n7_seed7,random_symmetric,7,7,ortools,ok,"[6, 0, 3, 4, 5, 1, 2]",230.2750155120375,230.2750155120375,230.2750155120375,0.0,0.0,True,True,True,0.0012380999978631735,252.58984375,252.58984375,0.0,8.4,calibrated_on_calibration_split,,,5.0,"{""finite_edges"": true, ""infinity_penalty"": 602440230000, ""instance_metadata"": {""complete"": true, ""high"": 100.0, ""instance_type"": ""random_symmetric"", ""low"": 1.0, ""n"": 7, ""seed"": 7, ""symmetric"": true}, ""integer_scale"": 1000000, ""start"": 6, ""time_limit_s"": 5.0, ""valid_route"": true}"
small_exact,evaluation,small_exact_random_symmetric_n7_seed7,random_symmetric,7,7,networkx_christofides,skipped_not_applicable,,,230.2750155120375,230.2750155120375,nan,nan,True,,,8.499999967170879e-05,252.58984375,252.58984375,0.0,8.4,calibrated_on_calibration_split,,,,"{""instance_metadata"": {""complete"": true, ""high"": 100.0, ""instance_type"": ""random_symmetric"", ""low"": 1.0, ""n"": 7, ""seed"": 7, ""symmetric"": true}, ""requires_metric_symmetric_complete"": true}"
small_exact,evaluation,small_exact_random_symmetric_n7_seed7,random_symmetric,7,7,networkx_greedy,ok,"[6, 0, 3, 4, 5, 1, 2]",230.2750155120375,230.2750155120375,230.2750155120375,0.0,0.0,True,True,True,0.00011010000162059441,252.58984375,252.58984375,0.0,8.4,calibrated_on_calibration_split,,,,"{""finite_edges"": true, ""instance_metadata"": {""complete"": true, ""high"": 100.0, ""instance_type"": ""random_symmetric"", ""low"": 1.0, ""n"": 7, ""seed"": 7, ""symmetric"": true}, ""valid_route"": true}"
small_exact,evaluation,small_exact_random_symmetric_n7_seed7,random_symmetric,7,7,python_tsp_dynamic_programming,skipped_missing_dependency,,,230.2750155120375,230.2750155120375,nan,nan,True,,,0.0006901999986439478,252.58984375,252.58984375,0.0,8.4,calibrated_on_calibration_split,,,,"{""instance_metadata"": {""complete"": true, ""high"": 100.0, ""instance_type"": ""random_symmetric"", ""low"": 1.0, ""n"": 7, ""seed"": 7, ""symmetric"": true}}"
small_exact,evaluation,small_exact_random_asymmetric_n7_seed7,random_asymmetric,7,7,tn_exact,ok,"[6, 4, 5, 2, 1, 3, 0]",136.65427173334808,136.65427173334808,136.65427173334808,0.0,0.0,True,True,True,0.02215559999967809,252.59375,252.65625,0.0625,8.4,calibrated_on_calibration_split,,True,,"{""exact_mode"": true, ""finite_edges"": true, ""instance_metadata"": {""complete"": true, ""high"": 100.0, ""instance_type"": ""random_asymmetric"", ""low"": 1.0, ""n"": 7, ""seed"": 7, ""symmetric"": false}, ""max_layers"": 5, ""n_layers"": null, ""n_layers_effective"": 5, ""normalization_factor"": 98.9070546205066, ""normalize"": true, ""seed"": 7, ""tau"": 8.4, ""valid_route"": true}"
small_exact,evaluation,small_exact_random_asymmetric_n7_seed7,random_asymmetric,7,7,held_karp,ok,"[6, 4, 5, 2, 1, 3, 0]",136.65427173334808,136.65427173334808,136.65427173334808,0.0,0.0,True,True,True,0.00020230000154697336,252.65625,252.65625,0.0,8.4,calibrated_on_calibration_split,,,,"{""instance_metadata"": {""complete"": true, ""high"": 100.0, ""instance_type"": ""random_asymmetric"", ""low"": 1.0, ""n"": 7, ""seed"": 7, ""symmetric"": false}, ""max_n"": 18, ""start"": 6}"
small_exact,evaluation,small_exact_random_asymmetric_n7_seed7,random_asymmetric,7,7,bruteforce,ok,"[6, 4, 5, 2, 1, 3, 0]",136.65427173334808,136.65427173334808,136.65427173334808,0.0,0.0,True,True,True,0.0021121000027051196,252.65625,252.65625,0.0,8.4,calibrated_on_calibration_split,,,,"{""instance_metadata"": {""complete"": true, ""high"": 100.0, ""instance_type"": ""random_asymmetric"", ""low"": 1.0, ""n"": 7, ""seed"": 7, ""symmetric"": false}, ""max_n"": 10, ""permutations_checked"": 720, ""start"": 6}"
small_exact,evaluation,small_exact_random_asymmetric_n7_seed7,random_asymmetric,7,7,ortools,ok,"[6, 4, 5, 2, 1, 3, 0]",136.65427173334808,136.65427173334808,136.65427173334808,0.0,0.0,True,True,True,0.0013171000027796254,252.65625,252.65625,0.0,8.4,calibrated_on_calibration_split,,,5.0,"{""finite_edges"": true, ""infinity_penalty"": 692349385000, ""instance_metadata"": {""complete"": true, ""high"": 100.0, ""instance_type"": ""random_asymmetric"", ""low"": 1.0, ""n"": 7, ""seed"": 7, ""symmetric"": false}, ""integer_scale"": 1000000, ""start"": 6, ""time_limit_s"": 5.0, ""valid_route"": true}"
small_exact,evaluation,small_exact_random_asymmetric_n7_seed7,random_asymmetric,7,7,networkx_christofides,skipped_not_applicable,,,136.65427173334808,136.65427173334808,nan,nan,True,,,8.130000060191378e-05,252.65625,252.65625,0.0,8.4,calibrated_on_calibration_split,,,,"{""instance_metadata"": {""complete"": true, ""high"": 100.0, ""instance_type"": ""random_asymmetric"", ""low"": 1.0, ""n"": 7, ""seed"": 7, ""symmetric"": false}, ""requires_metric_symmetric_complete"": true}"
small_exact,evaluation,small_exact_random_asymmetric_n7_seed7,random_asymmetric,7,7,networkx_greedy,ok,"[6, 4, 5, 2, 0, 3, 1]",212.42533167026085,136.65427173334808,136.65427173334808,0.5544726774788568,0.5544726774788568,True,True,True,0.00019410000095376745,252.65625,252.66015625,0.00390625,8.4,calibrated_on_calibration_split,,,,"{""finite_edges"": true, ""instance_metadata"": {""complete"": true, ""high"": 100.0, ""instance_type"": ""random_asymmetric"", ""low"": 1.0, ""n"": 7, ""seed"": 7, ""symmetric"": false}, ""valid_route"": true}"
small_exact,evaluation,small_exact_random_asymmetric_n7_seed7,random_asymmetric,7,7,python_tsp_dynamic_programming,skipped_missing_dependency,,,136.65427173334808,136.65427173334808,nan,nan,True,,,0.0005052000014984515,252.66015625,252.66015625,0.0,8.4,calibrated_on_calibration_split,,,,"{""instance_metadata"": {""complete"": true, ""high"": 100.0, ""instance_type"": ""random_asymmetric"", ""low"": 1.0, ""n"": 7, ""seed"": 7, ""symmetric"": false}}"
small_exact,evaluation,small_exact_euclidean_n7_seed8,euclidean,7,8,tn_exact,ok,"[6, 5, 3, 2, 0, 1, 4]",2421.1801347910573,2421.1801347910573,2421.1801347910573,0.0,0.0,True,True,True,0.023598499999934575,252.66015625,252.66015625,0.0,8.4,calibrated_on_calibration_split,,True,,"{""exact_mode"": true, ""finite_edges"": true, ""instance_metadata"": {""complete"": true, ""instance_type"": ""euclidean"", ""n"": 7, ""points"": [[326.9722766055607, 987.2768433379256], [318.7108384855167, 788.548935820029], [869.8965116962161, 391.08480653919395], [437.8818731227988, 372.74890308935306], [106.95359647277436, 478.965454162717], [241.3521450846823, 257.1452485511297], [184.7315568344149, 193.8645489043107]], ""scale"": 1000.0, ""seed"": 8, ""symmetric"": true}, ""max_layers"": 5, ""n_layers"": null, ""n_layers_effective"": 5, ""normalization_factor"": 806.3570361762793, ""normalize"": true, ""seed"": 8, ""tau"": 8.4, ""valid_route"": true}"
small_exact,evaluation,small_exact_euclidean_n7_seed8,euclidean,7,8,held_karp,ok,"[6, 5, 3, 2, 0, 1, 4]",2421.1801347910573,2421.1801347910573,2421.1801347910573,0.0,0.0,True,True,True,0.00021669999841833487,252.66015625,252.66015625,0.0,8.4,calibrated_on_calibration_split,,,,"{""instance_metadata"": {""complete"": true, ""instance_type"": ""euclidean"", ""n"": 7, ""points"": [[326.9722766055607, 987.2768433379256], [318.7108384855167, 788.548935820029], [869.8965116962161, 391.08480653919395], [437.8818731227988, 372.74890308935306], [106.95359647277436, 478.965454162717], [241.3521450846823, 257.1452485511297], [184.7315568344149, 193.8645489043107]], ""scale"": 1000.0, ""seed"": 8, ""symmetric"": true}, ""max_n"": 18, ""start"": 6}"
small_exact,evaluation,small_exact_euclidean_n7_seed8,euclidean,7,8,bruteforce,ok,"[6, 4, 1, 0, 2, 3, 5]",2421.1801347910573,2421.1801347910573,2421.1801347910573,0.0,0.0,True,True,True,0.003368699999555247,252.66015625,252.66015625,0.0,8.4,calibrated_on_calibration_split,,,,"{""instance_metadata"": {""complete"": true, ""instance_type"": ""euclidean"", ""n"": 7, ""points"": [[326.9722766055607, 987.2768433379256], [318.7108384855167, 788.548935820029], [869.8965116962161, 391.08480653919395], [437.8818731227988, 372.74890308935306], [106.95359647277436, 478.965454162717], [241.3521450846823, 257.1452485511297], [184.7315568344149, 193.8645489043107]], ""scale"": 1000.0, ""seed"": 8, ""symmetric"": true}, ""max_n"": 10, ""permutations_checked"": 720, ""start"": 6}"
small_exact,evaluation,small_exact_euclidean_n7_seed8,euclidean,7,8,ortools,ok,"[6, 5, 3, 2, 0, 1, 4]",2421.1801347910573,2421.1801347910573,2421.1801347910573,0.0,0.0,True,True,True,0.0029455000003508758,252.66015625,252.66015625,0.0,8.4,calibrated_on_calibration_split,,,5.0,"{""finite_edges"": true, ""infinity_penalty"": 5644499252000, ""instance_metadata"": {""complete"": true, ""instance_type"": ""euclidean"", ""n"": 7, ""points"": [[326.9722766055607, 987.2768433379256], [318.7108384855167, 788.548935820029], [869.8965116962161, 391.08480653919395], [437.8818731227988, 372.74890308935306], [106.95359647277436, 478.965454162717], [241.3521450846823, 257.1452485511297], [184.7315568344149, 193.8645489043107]], ""scale"": 1000.0, ""seed"": 8, ""symmetric"": true}, ""integer_scale"": 1000000, ""start"": 6, ""time_limit_s"": 5.0, ""valid_route"": true}"
small_exact,evaluation,small_exact_euclidean_n7_seed8,euclidean,7,8,networkx_christofides,ok,"[6, 4, 1, 0, 2, 3, 5]",2421.1801347910573,2421.1801347910573,2421.1801347910573,0.0,0.0,True,True,True,0.001352200000837911,252.66015625,252.66796875,0.0078125,8.4,calibrated_on_calibration_split,,,,"{""finite_edges"": true, ""instance_metadata"": {""complete"": true, ""instance_type"": ""euclidean"", ""n"": 7, ""points"": [[326.9722766055607, 987.2768433379256], [318.7108384855167, 788.548935820029], [869.8965116962161, 391.08480653919395], [437.8818731227988, 372.74890308935306], [106.95359647277436, 478.965454162717], [241.3521450846823, 257.1452485511297], [184.7315568344149, 193.8645489043107]], ""scale"": 1000.0, ""seed"": 8, ""symmetric"": true}, ""requires_metric_symmetric_complete"": true, ""valid_route"": true}"
small_exact,evaluation,small_exact_euclidean_n7_seed8,euclidean,7,8,networkx_greedy,ok,"[6, 2, 0, 1, 4, 3, 5]",2753.797688225936,2421.1801347910573,2421.1801347910573,0.1373782762609618,0.1373782762609618,True,True,True,0.00019459999748505652,252.66796875,252.671875,0.00390625,8.4,calibrated_on_calibration_split,,,,"{""finite_edges"": true, ""instance_metadata"": {""complete"": true, ""instance_type"": ""euclidean"", ""n"": 7, ""points"": [[326.9722766055607, 987.2768433379256], [318.7108384855167, 788.548935820029], [869.8965116962161, 391.08480653919395], [437.8818731227988, 372.74890308935306], [106.95359647277436, 478.965454162717], [241.3521450846823, 257.1452485511297], [184.7315568344149, 193.8645489043107]], ""scale"": 1000.0, ""seed"": 8, ""symmetric"": true}, ""valid_route"": true}"
small_exact,evaluation,small_exact_euclidean_n7_seed8,euclidean,7,8,python_tsp_dynamic_programming,skipped_missing_dependency,,,2421.1801347910573,2421.1801347910573,nan,nan,True,,,0.0006948999980522785,252.671875,252.671875,0.0,8.4,calibrated_on_calibration_split,,,,"{""instance_metadata"": {""complete"": true, ""instance_type"": ""euclidean"", ""n"": 7, ""points"": [[326.9722766055607, 987.2768433379256], [318.7108384855167, 788.548935820029], [869.8965116962161, 391.08480653919395], [437.8818731227988, 372.74890308935306], [106.95359647277436, 478.965454162717], [241.3521450846823, 257.1452485511297], [184.7315568344149, 193.8645489043107]], ""scale"": 1000.0, ""seed"": 8, ""symmetric"": true}}"
small_exact,evaluation,small_exact_random_symmetric_n7_seed8,random_symmetric,7,8,tn_exact,ok,"[6, 1, 2, 0, 5, 4, 3]",243.87523111547387,243.87523111547387,243.87523111547387,0.0,0.0,True,True,True,0.030431600000156322,252.67578125,252.67578125,0.0,8.4,calibrated_on_calibration_split,,True,,"{""exact_mode"": true, ""finite_edges"": true, ""instance_metadata"": {""complete"": true, ""high"": 100.0, ""instance_type"": ""random_symmetric"", ""low"": 1.0, ""n"": 7, ""seed"": 8, ""symmetric"": true}, ""max_layers"": 5, ""n_layers"": null, ""n_layers_effective"": 5, ""normalization_factor"": 74.58791057710924, ""normalize"": true, ""seed"": 8, ""tau"": 8.4, ""valid_route"": true}"
small_exact,evaluation,small_exact_random_symmetric_n7_seed8,random_symmetric,7,8,held_karp,ok,"[6, 1, 2, 0, 5, 4, 3]",243.87523111547387,243.87523111547387,243.87523111547387,0.0,0.0,True,True,True,0.00023559999681310728,252.67578125,252.67578125,0.0,8.4,calibrated_on_calibration_split,,,,"{""instance_metadata"": {""complete"": true, ""high"": 100.0, ""instance_type"": ""random_symmetric"", ""low"": 1.0, ""n"": 7, ""seed"": 8, ""symmetric"": true}, ""max_n"": 18, ""start"": 6}"
small_exact,evaluation,small_exact_random_symmetric_n7_seed8,random_symmetric,7,8,bruteforce,ok,"[6, 1, 2, 0, 5, 4, 3]",243.87523111547387,243.87523111547387,243.87523111547387,0.0,0.0,True,True,True,0.0024854000002960674,252.67578125,252.67578125,0.0,8.4,calibrated_on_calibration_split,,,,"{""instance_metadata"": {""complete"": true, ""high"": 100.0, ""instance_type"": ""random_symmetric"", ""low"": 1.0, ""n"": 7, ""seed"": 8, ""symmetric"": true}, ""max_n"": 10, ""permutations_checked"": 720, ""start"": 6}"
small_exact,evaluation,small_exact_random_symmetric_n7_seed8,random_symmetric,7,8,ortools,ok,"[6, 1, 2, 0, 5, 4, 3]",243.87523111547387,243.87523111547387,243.87523111547387,0.0,0.0,True,True,True,0.0014710999967064708,252.67578125,252.67578125,0.0,8.4,calibrated_on_calibration_split,,,5.0,"{""finite_edges"": true, ""infinity_penalty"": 522115377000, ""instance_metadata"": {""complete"": true, ""high"": 100.0, ""instance_type"": ""random_symmetric"", ""low"": 1.0, ""n"": 7, ""seed"": 8, ""symmetric"": true}, ""integer_scale"": 1000000, ""start"": 6, ""time_limit_s"": 5.0, ""valid_route"": true}"
small_exact,evaluation,small_exact_random_symmetric_n7_seed8,random_symmetric,7,8,networkx_christofides,skipped_not_applicable,,,243.87523111547387,243.87523111547387,nan,nan,True,,,0.00010070000280393288,252.67578125,252.67578125,0.0,8.4,calibrated_on_calibration_split,,,,"{""instance_metadata"": {""complete"": true, ""high"": 100.0, ""instance_type"": ""random_symmetric"", ""low"": 1.0, ""n"": 7, ""seed"": 8, ""symmetric"": true}, ""requires_metric_symmetric_complete"": true}"
small_exact,evaluation,small_exact_random_symmetric_n7_seed8,random_symmetric,7,8,networkx_greedy,ok,"[6, 1, 3, 4, 5, 0, 2]",248.90458186156377,243.87523111547387,243.87523111547387,0.020622638564342467,0.020622638564342467,True,True,True,0.00013579999722423963,252.67578125,252.67578125,0.0,8.4,calibrated_on_calibration_split,,,,"{""finite_edges"": true, ""instance_metadata"": {""complete"": true, ""high"": 100.0, ""instance_type"": ""random_symmetric"", ""low"": 1.0, ""n"": 7, ""seed"": 8, ""symmetric"": true}, ""valid_route"": true}"
small_exact,evaluation,small_exact_random_symmetric_n7_seed8,random_symmetric,7,8,python_tsp_dynamic_programming,skipped_missing_dependency,,,243.87523111547387,243.87523111547387,nan,nan,True,,,0.0005956999993941281,252.67578125,252.67578125,0.0,8.4,calibrated_on_calibration_split,,,,"{""instance_metadata"": {""complete"": true, ""high"": 100.0, ""instance_type"": ""random_symmetric"", ""low"": 1.0, ""n"": 7, ""seed"": 8, ""symmetric"": true}}"
small_exact,evaluation,small_exact_random_asymmetric_n7_seed8,random_asymmetric,7,8,tn_exact,ok,"[6, 1, 3, 0, 2, 5, 4]",167.7609834756112,167.7609834756112,167.7609834756112,0.0,0.0,True,True,True,0.025775999998586485,252.67578125,252.78125,0.10546875,8.4,calibrated_on_calibration_split,,True,,"{""exact_mode"": true, ""finite_edges"": true, ""instance_metadata"": {""complete"": true, ""high"": 100.0, ""instance_type"": ""random_asymmetric"", ""low"": 1.0, ""n"": 7, ""seed"": 8, ""symmetric"": false}, ""max_layers"": 5, ""n_layers"": null, ""n_layers_effective"": 5, ""normalization_factor"": 98.88858626864226, ""normalize"": true, ""seed"": 8, ""tau"": 8.4, ""valid_route"": true}"
small_exact,evaluation,small_exact_random_asymmetric_n7_seed8,random_asymmetric,7,8,held_karp,ok,"[6, 1, 3, 0, 2, 5, 4]",167.7609834756112,167.7609834756112,167.7609834756112,0.0,0.0,True,True,True,0.00020669999867095612,252.78125,252.78125,0.0,8.4,calibrated_on_calibration_split,,,,"{""instance_metadata"": {""complete"": true, ""high"": 100.0, ""instance_type"": ""random_asymmetric"", ""low"": 1.0, ""n"": 7, ""seed"": 8, ""symmetric"": false}, ""max_n"": 18, ""start"": 6}"
small_exact,evaluation,small_exact_random_asymmetric_n7_seed8,random_asymmetric,7,8,bruteforce,ok,"[6, 1, 3, 0, 2, 5, 4]",167.7609834756112,167.7609834756112,167.7609834756112,0.0,0.0,True,True,True,0.002145300000847783,252.78125,252.78125,0.0,8.4,calibrated_on_calibration_split,,,,"{""instance_metadata"": {""complete"": true, ""high"": 100.0, ""instance_type"": ""random_asymmetric"", ""low"": 1.0, ""n"": 7, ""seed"": 8, ""symmetric"": false}, ""max_n"": 10, ""permutations_checked"": 720, ""start"": 6}"
small_exact,evaluation,small_exact_random_asymmetric_n7_seed8,random_asymmetric,7,8,ortools,ok,"[6, 5, 4, 3, 0, 2, 1]",172.49753524968372,167.7609834756112,167.7609834756112,0.028233929462872488,0.028233929462872488,True,True,True,0.0012278000031074043,252.78125,252.78125,0.0,8.4,calibrated_on_calibration_split,,,5.0,"{""finite_edges"": true, ""infinity_penalty"": 692220102000, ""instance_metadata"": {""complete"": true, ""high"": 100.0, ""instance_type"": ""random_asymmetric"", ""low"": 1.0, ""n"": 7, ""seed"": 8, ""symmetric"": false}, ""integer_scale"": 1000000, ""start"": 6, ""time_limit_s"": 5.0, ""valid_route"": true}"
small_exact,evaluation,small_exact_random_asymmetric_n7_seed8,random_asymmetric,7,8,networkx_christofides,skipped_not_applicable,,,167.7609834756112,167.7609834756112,nan,nan,True,,,7.520000144722871e-05,252.78125,252.78125,0.0,8.4,calibrated_on_calibration_split,,,,"{""instance_metadata"": {""complete"": true, ""high"": 100.0, ""instance_type"": ""random_asymmetric"", ""low"": 1.0, ""n"": 7, ""seed"": 8, ""symmetric"": false}, ""requires_metric_symmetric_complete"": true}"
small_exact,evaluation,small_exact_random_asymmetric_n7_seed8,random_asymmetric,7,8,networkx_greedy,ok,"[6, 1, 5, 4, 3, 0, 2]",200.90908586091737,167.7609834756112,167.7609834756112,0.19759124975638442,0.19759124975638442,True,True,True,0.000179899998329347,252.78125,252.78515625,0.00390625,8.4,calibrated_on_calibration_split,,,,"{""finite_edges"": true, ""instance_metadata"": {""complete"": true, ""high"": 100.0, ""instance_type"": ""random_asymmetric"", ""low"": 1.0, ""n"": 7, ""seed"": 8, ""symmetric"": false}, ""valid_route"": true}"
small_exact,evaluation,small_exact_random_asymmetric_n7_seed8,random_asymmetric,7,8,python_tsp_dynamic_programming,skipped_missing_dependency,,,167.7609834756112,167.7609834756112,nan,nan,True,,,0.000523900002008304,252.78515625,252.78515625,0.0,8.4,calibrated_on_calibration_split,,,,"{""instance_metadata"": {""complete"": true, ""high"": 100.0, ""instance_type"": ""random_asymmetric"", ""low"": 1.0, ""n"": 7, ""seed"": 8, ""symmetric"": false}}"
small_exact,evaluation,small_exact_euclidean_n7_seed9,euclidean,7,9,tn_exact,ok,"[6, 4, 5, 0, 3, 2, 1]",2982.7407019235397,2982.7407019235393,2982.7407019235393,1.5245956532299377e-16,1.5245956532299377e-16,True,True,True,0.02152139999816427,252.78515625,252.78515625,0.0,8.4,calibrated_on_calibration_split,,True,,"{""exact_mode"": true, ""finite_edges"": true, ""instance_metadata"": {""complete"": true, ""instance_type"": ""euclidean"", ""n"": 7, ""points"": [[870.2492039700846, 286.8172090875554], [603.1481500515619, 777.5340829201788], [716.0746296035653, 915.3801204905076], [860.3936491828846, 918.2376290487624], [26.587734467597212, 437.2480001295087], [484.9443269772881, 65.15419737010752], [5.626050679392924, 830.621436971257]], ""scale"": 1000.0, ""seed"": 9, ""symmetric"": true}, ""max_layers"": 5, ""n_layers"": null, ""n_layers_effective"": 5, ""normalization_factor"": 1021.4187365965673, ""normalize"": true, ""seed"": 9, ""tau"": 8.4, ""valid_route"": true}"
small_exact,evaluation,small_exact_euclidean_n7_seed9,euclidean,7,9,held_karp,ok,"[6, 1, 2, 3, 0, 5, 4]",2982.7407019235393,2982.7407019235393,2982.7407019235393,0.0,0.0,True,True,True,0.0002144999998563435,252.78515625,252.78515625,0.0,8.4,calibrated_on_calibration_split,,,,"{""instance_metadata"": {""complete"": true, ""instance_type"": ""euclidean"", ""n"": 7, ""points"": [[870.2492039700846, 286.8172090875554], [603.1481500515619, 777.5340829201788], [716.0746296035653, 915.3801204905076], [860.3936491828846, 918.2376290487624], [26.587734467597212, 437.2480001295087], [484.9443269772881, 65.15419737010752], [5.626050679392924, 830.621436971257]], ""scale"": 1000.0, ""seed"": 9, ""symmetric"": true}, ""max_n"": 18, ""start"": 6}"
small_exact,evaluation,small_exact_euclidean_n7_seed9,euclidean,7,9,bruteforce,ok,"[6, 1, 2, 3, 0, 5, 4]",2982.7407019235393,2982.7407019235393,2982.7407019235393,0.0,0.0,True,True,True,0.0022490000010293443,252.78515625,252.78515625,0.0,8.4,calibrated_on_calibration_split,,,,"{""instance_metadata"": {""complete"": true, ""instance_type"": ""euclidean"", ""n"": 7, ""points"": [[870.2492039700846, 286.8172090875554], [603.1481500515619, 777.5340829201788], [716.0746296035653, 915.3801204905076], [860.3936491828846, 918.2376290487624], [26.587734467597212, 437.2480001295087], [484.9443269772881, 65.15419737010752], [5.626050679392924, 830.621436971257]], ""scale"": 1000.0, ""seed"": 9, ""symmetric"": true}, ""max_n"": 10, ""permutations_checked"": 720, ""start"": 6}"
small_exact,evaluation,small_exact_euclidean_n7_seed9,euclidean,7,9,ortools,ok,"[6, 4, 5, 0, 3, 2, 1]",2982.7407019235397,2982.7407019235393,2982.7407019235393,1.5245956532299377e-16,1.5245956532299377e-16,True,True,True,0.0013336000010895077,252.78515625,252.78515625,0.0,8.4,calibrated_on_calibration_split,,,5.0,"{""finite_edges"": true, ""infinity_penalty"": 7149931159000, ""instance_metadata"": {""complete"": true, ""instance_type"": ""euclidean"", ""n"": 7, ""points"": [[870.2492039700846, 286.8172090875554], [603.1481500515619, 777.5340829201788], [716.0746296035653, 915.3801204905076], [860.3936491828846, 918.2376290487624], [26.587734467597212, 437.2480001295087], [484.9443269772881, 65.15419737010752], [5.626050679392924, 830.621436971257]], ""scale"": 1000.0, ""seed"": 9, ""symmetric"": true}, ""integer_scale"": 1000000, ""start"": 6, ""time_limit_s"": 5.0, ""valid_route"": true}"
small_exact,evaluation,small_exact_euclidean_n7_seed9,euclidean,7,9,networkx_christofides,ok,"[6, 3, 2, 1, 0, 5, 4]",3169.3142338916705,2982.7407019235393,2982.7407019235393,0.06255103966892323,0.06255103966892323,True,True,True,0.000558299998374423,252.78515625,252.7890625,0.00390625,8.4,calibrated_on_calibration_split,,,,"{""finite_edges"": true, ""instance_metadata"": {""complete"": true, ""instance_type"": ""euclidean"", ""n"": 7, ""points"": [[870.2492039700846, 286.8172090875554], [603.1481500515619, 777.5340829201788], [716.0746296035653, 915.3801204905076], [860.3936491828846, 918.2376290487624], [26.587734467597212, 437.2480001295087], [484.9443269772881, 65.15419737010752], [5.626050679392924, 830.621436971257]], ""scale"": 1000.0, ""seed"": 9, ""symmetric"": true}, ""requires_metric_symmetric_complete"": true, ""valid_route"": true}"
small_exact,evaluation,small_exact_euclidean_n7_seed9,euclidean,7,9,networkx_greedy,ok,"[6, 3, 2, 1, 0, 5, 4]",3169.3142338916705,2982.7407019235393,2982.7407019235393,0.06255103966892323,0.06255103966892323,True,True,True,0.00020540000332402997,252.7890625,252.79296875,0.00390625,8.4,calibrated_on_calibration_split,,,,"{""finite_edges"": true, ""instance_metadata"": {""complete"": true, ""instance_type"": ""euclidean"", ""n"": 7, ""points"": [[870.2492039700846, 286.8172090875554], [603.1481500515619, 777.5340829201788], [716.0746296035653, 915.3801204905076], [860.3936491828846, 918.2376290487624], [26.587734467597212, 437.2480001295087], [484.9443269772881, 65.15419737010752], [5.626050679392924, 830.621436971257]], ""scale"": 1000.0, ""seed"": 9, ""symmetric"": true}, ""valid_route"": true}"
small_exact,evaluation,small_exact_euclidean_n7_seed9,euclidean,7,9,python_tsp_dynamic_programming,skipped_missing_dependency,,,2982.7407019235393,2982.7407019235393,nan,nan,True,,,0.0006795000008423813,252.79296875,252.79296875,0.0,8.4,calibrated_on_calibration_split,,,,"{""instance_metadata"": {""complete"": true, ""instance_type"": ""euclidean"", ""n"": 7, ""points"": [[870.2492039700846, 286.8172090875554], [603.1481500515619, 777.5340829201788], [716.0746296035653, 915.3801204905076], [860.3936491828846, 918.2376290487624], [26.587734467597212, 437.2480001295087], [484.9443269772881, 65.15419737010752], [5.626050679392924, 830.621436971257]], ""scale"": 1000.0, ""seed"": 9, ""symmetric"": true}}"
small_exact,evaluation,small_exact_random_symmetric_n7_seed9,random_symmetric,7,9,tn_exact,ok,"[6, 2, 4, 1, 5, 0, 3]",305.10751023498364,304.0802624262743,304.0802624262743,0.003378212714343405,0.003378212714343405,True,True,True,0.02247440000064671,252.79296875,252.80859375,0.015625,8.4,calibrated_on_calibration_split,,True,,"{""exact_mode"": true, ""finite_edges"": true, ""instance_metadata"": {""complete"": true, ""high"": 100.0, ""instance_type"": ""random_symmetric"", ""low"": 1.0, ""n"": 7, ""seed"": 9, ""symmetric"": true}, ""max_layers"": 5, ""n_layers"": null, ""n_layers_effective"": 5, ""normalization_factor"": 85.3247383557491, ""normalize"": true, ""seed"": 9, ""tau"": 8.4, ""valid_route"": true}"
small_exact,evaluation,small_exact_random_symmetric_n7_seed9,random_symmetric,7,9,held_karp,ok,"[6, 4, 1, 5, 3, 0, 2]",304.0802624262743,304.0802624262743,304.0802624262743,0.0,0.0,True,True,True,0.00021559999731834978,252.80859375,252.80859375,0.0,8.4,calibrated_on_calibration_split,,,,"{""instance_metadata"": {""complete"": true, ""high"": 100.0, ""instance_type"": ""random_symmetric"", ""low"": 1.0, ""n"": 7, ""seed"": 9, ""symmetric"": true}, ""max_n"": 18, ""start"": 6}"
small_exact,evaluation,small_exact_random_symmetric_n7_seed9,random_symmetric,7,9,bruteforce,ok,"[6, 2, 0, 3, 5, 1, 4]",304.0802624262743,304.0802624262743,304.0802624262743,0.0,0.0,True,True,True,0.0022033999994164333,252.80859375,252.80859375,0.0,8.4,calibrated_on_calibration_split,,,,"{""instance_metadata"": {""complete"": true, ""high"": 100.0, ""instance_type"": ""random_symmetric"", ""low"": 1.0, ""n"": 7, ""seed"": 9, ""symmetric"": true}, ""max_n"": 10, ""permutations_checked"": 720, ""start"": 6}"
small_exact,evaluation,small_exact_random_symmetric_n7_seed9,random_symmetric,7,9,ortools,ok,"[6, 4, 1, 5, 3, 0, 2]",304.0802624262743,304.0802624262743,304.0802624262743,0.0,0.0,True,True,True,0.0012974999990547076,252.80859375,252.80859375,0.0,8.4,calibrated_on_calibration_split,,,5.0,"{""finite_edges"": true, ""infinity_penalty"": 597273166000, ""instance_metadata"": {""complete"": true, ""high"": 100.0, ""instance_type"": ""random_symmetric"", ""low"": 1.0, ""n"": 7, ""seed"": 9, ""symmetric"": true}, ""integer_scale"": 1000000, ""start"": 6, ""time_limit_s"": 5.0, ""valid_route"": true}"
small_exact,evaluation,small_exact_random_symmetric_n7_seed9,random_symmetric,7,9,networkx_christofides,skipped_not_applicable,,,304.0802624262743,304.0802624262743,nan,nan,True,,,9.159999899566174e-05,252.80859375,252.80859375,0.0,8.4,calibrated_on_calibration_split,,,,"{""instance_metadata"": {""complete"": true, ""high"": 100.0, ""instance_type"": ""random_symmetric"", ""low"": 1.0, ""n"": 7, ""seed"": 9, ""symmetric"": true}, ""requires_metric_symmetric_complete"": true}"
small_exact,evaluation,small_exact_random_symmetric_n7_seed9,random_symmetric,7,9,networkx_greedy,ok,"[6, 2, 0, 3, 5, 1, 4]",304.0802624262743,304.0802624262743,304.0802624262743,0.0,0.0,True,True,True,0.00011479999739094637,252.80859375,252.80859375,0.0,8.4,calibrated_on_calibration_split,,,,"{""finite_edges"": true, ""instance_metadata"": {""complete"": true, ""high"": 100.0, ""instance_type"": ""random_symmetric"", ""low"": 1.0, ""n"": 7, ""seed"": 9, ""symmetric"": true}, ""valid_route"": true}"
small_exact,evaluation,small_exact_random_symmetric_n7_seed9,random_symmetric,7,9,python_tsp_dynamic_programming,skipped_missing_dependency,,,304.0802624262743,304.0802624262743,nan,nan,True,,,0.0006479999974544626,252.80859375,252.80859375,0.0,8.4,calibrated_on_calibration_split,,,,"{""instance_metadata"": {""complete"": true, ""high"": 100.0, ""instance_type"": ""random_symmetric"", ""low"": 1.0, ""n"": 7, ""seed"": 9, ""symmetric"": true}}"
small_exact,evaluation,small_exact_random_asymmetric_n7_seed9,random_asymmetric,7,9,tn_exact,ok,"[6, 1, 5, 3, 0, 2, 4]",214.608545359774,214.608545359774,214.608545359774,0.0,0.0,True,True,True,0.02189650000218535,252.80859375,252.93359375,0.125,8.4,calibrated_on_calibration_split,,True,,"{""exact_mode"": true, ""finite_edges"": true, ""instance_metadata"": {""complete"": true, ""high"": 100.0, ""instance_type"": ""random_asymmetric"", ""low"": 1.0, ""n"": 7, ""seed"": 9, ""symmetric"": false}, ""max_layers"": 5, ""n_layers"": null, ""n_layers_effective"": 5, ""normalization_factor"": 98.78633394256309, ""normalize"": true, ""seed"": 9, ""tau"": 8.4, ""valid_route"": true}"
small_exact,evaluation,small_exact_random_asymmetric_n7_seed9,random_asymmetric,7,9,held_karp,ok,"[6, 1, 5, 3, 0, 2, 4]",214.608545359774,214.608545359774,214.608545359774,0.0,0.0,True,True,True,0.0002085999985865783,252.93359375,252.93359375,0.0,8.4,calibrated_on_calibration_split,,,,"{""instance_metadata"": {""complete"": true, ""high"": 100.0, ""instance_type"": ""random_asymmetric"", ""low"": 1.0, ""n"": 7, ""seed"": 9, ""symmetric"": false}, ""max_n"": 18, ""start"": 6}"
small_exact,evaluation,small_exact_random_asymmetric_n7_seed9,random_asymmetric,7,9,bruteforce,ok,"[6, 1, 5, 3, 0, 2, 4]",214.608545359774,214.608545359774,214.608545359774,0.0,0.0,True,True,True,0.002200099999754457,252.93359375,252.93359375,0.0,8.4,calibrated_on_calibration_split,,,,"{""instance_metadata"": {""complete"": true, ""high"": 100.0, ""instance_type"": ""random_asymmetric"", ""low"": 1.0, ""n"": 7, ""seed"": 9, ""symmetric"": false}, ""max_n"": 10, ""permutations_checked"": 720, ""start"": 6}"
small_exact,evaluation,small_exact_random_asymmetric_n7_seed9,random_asymmetric,7,9,ortools,ok,"[6, 1, 5, 3, 0, 2, 4]",214.608545359774,214.608545359774,214.608545359774,0.0,0.0,True,True,True,0.0014411000011023134,252.93359375,252.93359375,0.0,8.4,calibrated_on_calibration_split,,,5.0,"{""finite_edges"": true, ""infinity_penalty"": 691504338000, ""instance_metadata"": {""complete"": true, ""high"": 100.0, ""instance_type"": ""random_asymmetric"", ""low"": 1.0, ""n"": 7, ""seed"": 9, ""symmetric"": false}, ""integer_scale"": 1000000, ""start"": 6, ""time_limit_s"": 5.0, ""valid_route"": true}"
small_exact,evaluation,small_exact_random_asymmetric_n7_seed9,random_asymmetric,7,9,networkx_christofides,skipped_not_applicable,,,214.608545359774,214.608545359774,nan,nan,True,,,8.180000077118166e-05,252.93359375,252.93359375,0.0,8.4,calibrated_on_calibration_split,,,,"{""instance_metadata"": {""complete"": true, ""high"": 100.0, ""instance_type"": ""random_asymmetric"", ""low"": 1.0, ""n"": 7, ""seed"": 9, ""symmetric"": false}, ""requires_metric_symmetric_complete"": true}"
small_exact,evaluation,small_exact_random_asymmetric_n7_seed9,random_asymmetric,7,9,networkx_greedy,ok,"[6, 1, 5, 0, 2, 4, 3]",225.72005510290384,214.608545359774,214.608545359774,0.051775709697404054,0.051775709697404054,True,True,True,0.00019289999909233302,252.93359375,252.9375,0.00390625,8.4,calibrated_on_calibration_split,,,,"{""finite_edges"": true, ""instance_metadata"": {""complete"": true, ""high"": 100.0, ""instance_type"": ""random_asymmetric"", ""low"": 1.0, ""n"": 7, ""seed"": 9, ""symmetric"": false}, ""valid_route"": true}"
small_exact,evaluation,small_exact_random_asymmetric_n7_seed9,random_asymmetric,7,9,python_tsp_dynamic_programming,skipped_missing_dependency,,,214.608545359774,214.608545359774,nan,nan,True,,,0.0005300999982864596,252.9375,252.9375,0.0,8.4,calibrated_on_calibration_split,,,,"{""instance_metadata"": {""complete"": true, ""high"": 100.0, ""instance_type"": ""random_asymmetric"", ""low"": 1.0, ""n"": 7, ""seed"": 9, ""symmetric"": false}}"
small_exact,evaluation,small_exact_euclidean_n8_seed5,euclidean,8,5,tn_exact,ok,"[7, 0, 6, 4, 2, 3, 1, 5]",3064.6799756744094,3064.6799756744094,3064.6799756744094,0.0,0.0,True,True,True,0.033619899997574976,252.9375,253.05078125,0.11328125,14.6,calibrated_on_calibration_split,,True,,"{""exact_mode"": true, ""finite_edges"": true, ""instance_metadata"": {""complete"": true, ""instance_type"": ""euclidean"", ""n"": 8, ""points"": [[805.0029237453801, 807.9407897364938], [515.325561042142, 285.8013800881416], [53.930702381656424, 383.36888078551823], [408.47320541999864, 45.27519390244517], [48.75771072716806, 999.1761150650714], [652.3691115879877, 234.51020166982394], [434.94755222514203, 974.1861932592553], [897.6776081085488, 844.231037608741]], ""scale"": 1000.0, ""seed"": 5, ""symmetric"": true}, ""max_layers"": 6, ""n_layers"": null, ""n_layers_effective"": 6, ""normalization_factor"": 1019.4715319796893, ""normalize"": true, ""seed"": 5, ""tau"": 14.6, ""valid_route"": true}"
small_exact,evaluation,small_exact_euclidean_n8_seed5,euclidean,8,5,held_karp,ok,"[7, 5, 1, 3, 2, 4, 6, 0]",3064.6799756744094,3064.6799756744094,3064.6799756744094,0.0,0.0,True,True,True,0.0005833999966853298,253.05078125,253.05078125,0.0,14.6,calibrated_on_calibration_split,,,,"{""instance_metadata"": {""complete"": true, ""instance_type"": ""euclidean"", ""n"": 8, ""points"": [[805.0029237453801, 807.9407897364938], [515.325561042142, 285.8013800881416], [53.930702381656424, 383.36888078551823], [408.47320541999864, 45.27519390244517], [48.75771072716806, 999.1761150650714], [652.3691115879877, 234.51020166982394], [434.94755222514203, 974.1861932592553], [897.6776081085488, 844.231037608741]], ""scale"": 1000.0, ""seed"": 5, ""symmetric"": true}, ""max_n"": 18, ""start"": 7}"
small_exact,evaluation,small_exact_euclidean_n8_seed5,euclidean,8,5,bruteforce,ok,"[7, 0, 6, 4, 2, 3, 1, 5]",3064.6799756744094,3064.6799756744094,3064.6799756744094,0.0,0.0,True,True,True,0.01702120000118157,253.05078125,253.05078125,0.0,14.6,calibrated_on_calibration_split,,,,"{""instance_metadata"": {""complete"": true, ""instance_type"": ""euclidean"", ""n"": 8, ""points"": [[805.0029237453801, 807.9407897364938], [515.325561042142, 285.8013800881416], [53.930702381656424, 383.36888078551823], [408.47320541999864, 45.27519390244517], [48.75771072716806, 999.1761150650714], [652.3691115879877, 234.51020166982394], [434.94755222514203, 974.1861932592553], [897.6776081085488, 844.231037608741]], ""scale"": 1000.0, ""seed"": 5, ""symmetric"": true}, ""max_n"": 10, ""permutations_checked"": 5040, ""start"": 7}"
small_exact,evaluation,small_exact_euclidean_n8_seed5,euclidean,8,5,ortools,ok,"[7, 0, 6, 4, 2, 3, 1, 5]",3064.6799756744094,3064.6799756744094,3064.6799756744094,0.0,0.0,True,True,True,0.0015155000000959262,253.05078125,253.0546875,0.00390625,14.6,calibrated_on_calibration_split,,,5.0,"{""finite_edges"": true, ""infinity_penalty"": 8155772256000, ""instance_metadata"": {""complete"": true, ""instance_type"": ""euclidean"", ""n"": 8, ""points"": [[805.0029237453801, 807.9407897364938], [515.325561042142, 285.8013800881416], [53.930702381656424, 383.36888078551823], [408.47320541999864, 45.27519390244517], [48.75771072716806, 999.1761150650714], [652.3691115879877, 234.51020166982394], [434.94755222514203, 974.1861932592553], [897.6776081085488, 844.231037608741]], ""scale"": 1000.0, ""seed"": 5, ""symmetric"": true}, ""integer_scale"": 1000000, ""start"": 7, ""time_limit_s"": 5.0, ""valid_route"": true}"
small_exact,evaluation,small_exact_euclidean_n8_seed5,euclidean,8,5,networkx_christofides,ok,"[7, 0, 5, 1, 3, 2, 4, 6]",3075.8081127524442,3064.6799756744094,3064.6799756744094,0.003631092696909064,0.003631092696909064,True,True,True,0.000707499999407446,253.0546875,253.0546875,0.0,14.6,calibrated_on_calibration_split,,,,"{""finite_edges"": true, ""instance_metadata"": {""complete"": true, ""instance_type"": ""euclidean"", ""n"": 8, ""points"": [[805.0029237453801, 807.9407897364938], [515.325561042142, 285.8013800881416], [53.930702381656424, 383.36888078551823], [408.47320541999864, 45.27519390244517], [48.75771072716806, 999.1761150650714], [652.3691115879877, 234.51020166982394], [434.94755222514203, 974.1861932592553], [897.6776081085488, 844.231037608741]], ""scale"": 1000.0, ""seed"": 5, ""symmetric"": true}, ""requires_metric_symmetric_complete"": true, ""valid_route"": true}"
small_exact,evaluation,small_exact_euclidean_n8_seed5,euclidean,8,5,networkx_greedy,ok,"[7, 0, 6, 4, 2, 1, 5, 3]",3371.490986957837,3064.6799756744094,3064.6799756744094,0.10011192480738906,0.10011192480738906,True,True,True,0.00011979999908362515,253.0546875,253.05859375,0.00390625,14.6,calibrated_on_calibration_split,,,,"{""finite_edges"": true, ""instance_metadata"": {""complete"": true, ""instance_type"": ""euclidean"", ""n"": 8, ""points"": [[805.0029237453801, 807.9407897364938], [515.325561042142, 285.8013800881416], [53.930702381656424, 383.36888078551823], [408.47320541999864, 45.27519390244517], [48.75771072716806, 999.1761150650714], [652.3691115879877, 234.51020166982394], [434.94755222514203, 974.1861932592553], [897.6776081085488, 844.231037608741]], ""scale"": 1000.0, ""seed"": 5, ""symmetric"": true}, ""valid_route"": true}"
small_exact,evaluation,small_exact_euclidean_n8_seed5,euclidean,8,5,python_tsp_dynamic_programming,skipped_missing_dependency,,,3064.6799756744094,3064.6799756744094,nan,nan,True,,,0.0006372999996528961,253.05859375,253.05859375,0.0,14.6,calibrated_on_calibration_split,,,,"{""instance_metadata"": {""complete"": true, ""instance_type"": ""euclidean"", ""n"": 8, ""points"": [[805.0029237453801, 807.9407897364938], [515.325561042142, 285.8013800881416], [53.930702381656424, 383.36888078551823], [408.47320541999864, 45.27519390244517], [48.75771072716806, 999.1761150650714], [652.3691115879877, 234.51020166982394], [434.94755222514203, 974.1861932592553], [897.6776081085488, 844.231037608741]], ""scale"": 1000.0, ""seed"": 5, ""symmetric"": true}}"
small_exact,evaluation,small_exact_random_symmetric_n8_seed5,random_symmetric,8,5,tn_exact,ok,"[7, 5, 3, 2, 1, 4, 6, 0]",249.79819949313597,249.79819949313597,249.79819949313597,0.0,0.0,True,True,True,0.03279689999908442,253.05859375,253.08984375,0.03125,14.6,calibrated_on_calibration_split,,True,,"{""exact_mode"": true, ""finite_edges"": true, ""instance_metadata"": {""complete"": true, ""high"": 100.0, ""instance_type"": ""random_symmetric"", ""low"": 1.0, ""n"": 8, ""seed"": 5, ""symmetric"": true}, ""max_layers"": 6, ""n_layers"": null, ""n_layers_effective"": 6, ""normalization_factor"": 91.62962466253214, ""normalize"": true, ""seed"": 5, ""tau"": 14.6, ""valid_route"": true}"
small_exact,evaluation,small_exact_random_symmetric_n8_seed5,random_symmetric,8,5,held_karp,ok,"[7, 5, 3, 2, 1, 4, 6, 0]",249.79819949313597,249.79819949313597,249.79819949313597,0.0,0.0,True,True,True,0.0005151000004843809,253.08984375,253.08984375,0.0,14.6,calibrated_on_calibration_split,,,,"{""instance_metadata"": {""complete"": true, ""high"": 100.0, ""instance_type"": ""random_symmetric"", ""low"": 1.0, ""n"": 8, ""seed"": 5, ""symmetric"": true}, ""max_n"": 18, ""start"": 7}"
small_exact,evaluation,small_exact_random_symmetric_n8_seed5,random_symmetric,8,5,bruteforce,ok,"[7, 5, 3, 2, 1, 4, 6, 0]",249.79819949313597,249.79819949313597,249.79819949313597,0.0,0.0,True,True,True,0.016063900002336595,253.08984375,253.08984375,0.0,14.6,calibrated_on_calibration_split,,,,"{""instance_metadata"": {""complete"": true, ""high"": 100.0, ""instance_type"": ""random_symmetric"", ""low"": 1.0, ""n"": 8, ""seed"": 5, ""symmetric"": true}, ""max_n"": 10, ""permutations_checked"": 5040, ""start"": 7}"
small_exact,evaluation,small_exact_random_symmetric_n8_seed5,random_symmetric,8,5,ortools,ok,"[7, 5, 3, 2, 1, 4, 6, 0]",249.79819949313597,249.79819949313597,249.79819949313597,0.0,0.0,True,True,True,0.0014168000016070437,253.08984375,253.08984375,0.0,14.6,calibrated_on_calibration_split,,,5.0,"{""finite_edges"": true, ""infinity_penalty"": 733037000000, ""instance_metadata"": {""complete"": true, ""high"": 100.0, ""instance_type"": ""random_symmetric"", ""low"": 1.0, ""n"": 8, ""seed"": 5, ""symmetric"": true}, ""integer_scale"": 1000000, ""start"": 7, ""time_limit_s"": 5.0, ""valid_route"": true}"
small_exact,evaluation,small_exact_random_symmetric_n8_seed5,random_symmetric,8,5,networkx_christofides,skipped_not_applicable,,,249.79819949313597,249.79819949313597,nan,nan,True,,,9.420000060345046e-05,253.08984375,253.08984375,0.0,14.6,calibrated_on_calibration_split,,,,"{""instance_metadata"": {""complete"": true, ""high"": 100.0, ""instance_type"": ""random_symmetric"", ""low"": 1.0, ""n"": 8, ""seed"": 5, ""symmetric"": true}, ""requires_metric_symmetric_complete"": true}"
small_exact,evaluation,small_exact_random_symmetric_n8_seed5,random_symmetric,8,5,networkx_greedy,ok,"[7, 0, 6, 4, 2, 3, 5, 1]",294.31433060162317,249.79819949313597,249.79819949313597,0.17820837459523173,0.17820837459523173,True,True,True,0.00011250000170548446,253.08984375,253.08984375,0.0,14.6,calibrated_on_calibration_split,,,,"{""finite_edges"": true, ""instance_metadata"": {""complete"": true, ""high"": 100.0, ""instance_type"": ""random_symmetric"", ""low"": 1.0, ""n"": 8, ""seed"": 5, ""symmetric"": true}, ""valid_route"": true}"
small_exact,evaluation,small_exact_random_symmetric_n8_seed5,random_symmetric,8,5,python_tsp_dynamic_programming,skipped_missing_dependency,,,249.79819949313597,249.79819949313597,nan,nan,True,,,0.0005046000005677342,253.08984375,253.08984375,0.0,14.6,calibrated_on_calibration_split,,,,"{""instance_metadata"": {""complete"": true, ""high"": 100.0, ""instance_type"": ""random_symmetric"", ""low"": 1.0, ""n"": 8, ""seed"": 5, ""symmetric"": true}}"
small_exact,evaluation,small_exact_random_asymmetric_n8_seed5,random_asymmetric,8,5,tn_exact,ok,"[7, 1, 0, 4, 6, 2, 3, 5]",96.42701533055552,96.42701533055552,96.42701533055552,0.0,0.0,True,True,True,0.03235570000106236,253.08984375,253.1796875,0.08984375,14.6,calibrated_on_calibration_split,,True,,"{""exact_mode"": true, ""finite_edges"": true, ""instance_metadata"": {""complete"": true, ""high"": 100.0, ""instance_type"": ""random_asymmetric"", ""low"": 1.0, ""n"": 8, ""seed"": 5, ""symmetric"": false}, ""max_layers"": 6, ""n_layers"": null, ""n_layers_effective"": 6, ""normalization_factor"": 97.44443313266628, ""normalize"": true, ""seed"": 5, ""tau"": 14.6, ""valid_route"": true}"
small_exact,evaluation,small_exact_random_asymmetric_n8_seed5,random_asymmetric,8,5,held_karp,ok,"[7, 1, 0, 4, 6, 2, 3, 5]",96.42701533055552,96.42701533055552,96.42701533055552,0.0,0.0,True,True,True,0.0005189000003156252,253.1796875,253.1796875,0.0,14.6,calibrated_on_calibration_split,,,,"{""instance_metadata"": {""complete"": true, ""high"": 100.0, ""instance_type"": ""random_asymmetric"", ""low"": 1.0, ""n"": 8, ""seed"": 5, ""symmetric"": false}, ""max_n"": 18, ""start"": 7}"
small_exact,evaluation,small_exact_random_asymmetric_n8_seed5,random_asymmetric,8,5,bruteforce,ok,"[7, 1, 0, 4, 6, 2, 3, 5]",96.42701533055552,96.42701533055552,96.42701533055552,0.0,0.0,True,True,True,0.01655400000163354,253.1796875,253.1796875,0.0,14.6,calibrated_on_calibration_split,,,,"{""instance_metadata"": {""complete"": true, ""high"": 100.0, ""instance_type"": ""random_asymmetric"", ""low"": 1.0, ""n"": 8, ""seed"": 5, ""symmetric"": false}, ""max_n"": 10, ""permutations_checked"": 5040, ""start"": 7}"
small_exact,evaluation,small_exact_random_asymmetric_n8_seed5,random_asymmetric,8,5,ortools,ok,"[7, 6, 0, 4, 1, 3, 5, 2]",134.69830989635344,96.42701533055552,96.42701533055552,0.39689390400192776,0.39689390400192776,True,True,True,0.001539299999421928,253.1796875,253.1796875,0.0,14.6,calibrated_on_calibration_split,,,5.0,"{""finite_edges"": true, ""infinity_penalty"": 779555464000, ""instance_metadata"": {""complete"": true, ""high"": 100.0, ""instance_type"": ""random_asymmetric"", ""low"": 1.0, ""n"": 8, ""seed"": 5, ""symmetric"": false}, ""integer_scale"": 1000000, ""start"": 7, ""time_limit_s"": 5.0, ""valid_route"": true}"
small_exact,evaluation,small_exact_random_asymmetric_n8_seed5,random_asymmetric,8,5,networkx_christofides,skipped_not_applicable,,,96.42701533055552,96.42701533055552,nan,nan,True,,,7.869999899412505e-05,253.1796875,253.1796875,0.0,14.6,calibrated_on_calibration_split,,,,"{""instance_metadata"": {""complete"": true, ""high"": 100.0, ""instance_type"": ""random_asymmetric"", ""low"": 1.0, ""n"": 8, ""seed"": 5, ""symmetric"": false}, ""requires_metric_symmetric_complete"": true}"
small_exact,evaluation,small_exact_random_asymmetric_n8_seed5,random_asymmetric,8,5,networkx_greedy,ok,"[7, 6, 0, 4, 2, 3, 5, 1]",227.39378488523846,96.42701533055552,96.42701533055552,1.3581958241238081,1.3581958241238081,True,True,True,0.0001336999994236976,253.1796875,253.1875,0.0078125,14.6,calibrated_on_calibration_split,,,,"{""finite_edges"": true, ""instance_metadata"": {""complete"": true, ""high"": 100.0, ""instance_type"": ""random_asymmetric"", ""low"": 1.0, ""n"": 8, ""seed"": 5, ""symmetric"": false}, ""valid_route"": true}"
small_exact,evaluation,small_exact_random_asymmetric_n8_seed5,random_asymmetric,8,5,python_tsp_dynamic_programming,skipped_missing_dependency,,,96.42701533055552,96.42701533055552,nan,nan,True,,,0.0005263999992166646,253.1875,253.1875,0.0,14.6,calibrated_on_calibration_split,,,,"{""instance_metadata"": {""complete"": true, ""high"": 100.0, ""instance_type"": ""random_asymmetric"", ""low"": 1.0, ""n"": 8, ""seed"": 5, ""symmetric"": false}}"
small_exact,evaluation,small_exact_euclidean_n8_seed6,euclidean,8,6,tn_exact,ok,"[7, 2, 3, 4, 0, 1, 5, 6]",2845.933648874112,2845.933648874112,2845.933648874112,0.0,0.0,True,True,True,0.033636800002568634,253.1875,253.2421875,0.0546875,14.6,calibrated_on_calibration_split,,True,,"{""exact_mode"": true, ""finite_edges"": true, ""instance_metadata"": {""complete"": true, ""instance_type"": ""euclidean"", ""n"": 8, ""points"": [[538.1643514719432, 343.27086981333844], [369.06723979537827, 374.49676558788235], [987.4449901864666, 632.7562726071461], [674.3239305044935, 329.96345538545836], [679.9176611640223, 122.97237488719004], [51.729231983775215, 850.1913468087871], [8.895805535434675, 978.7675621852967], [827.0030258190536, 785.2109593263714]], ""scale"": 1000.0, ""seed"": 6, ""symmetric"": true}, ""max_layers"": 6, ""n_layers"": null, ""n_layers_effective"": 6, ""normalization_factor"": 1087.4997624523116, ""normalize"": true, ""seed"": 6, ""tau"": 14.6, ""valid_route"": true}"
small_exact,evaluation,small_exact_euclidean_n8_seed6,euclidean,8,6,held_karp,ok,"[7, 6, 5, 1, 0, 4, 3, 2]",2845.933648874112,2845.933648874112,2845.933648874112,0.0,0.0,True,True,True,0.0005118999979458749,253.2421875,253.2421875,0.0,14.6,calibrated_on_calibration_split,,,,"{""instance_metadata"": {""complete"": true, ""instance_type"": ""euclidean"", ""n"": 8, ""points"": [[538.1643514719432, 343.27086981333844], [369.06723979537827, 374.49676558788235], [987.4449901864666, 632.7562726071461], [674.3239305044935, 329.96345538545836], [679.9176611640223, 122.97237488719004], [51.729231983775215, 850.1913468087871], [8.895805535434675, 978.7675621852967], [827.0030258190536, 785.2109593263714]], ""scale"": 1000.0, ""seed"": 6, ""symmetric"": true}, ""max_n"": 18, ""start"": 7}"
small_exact,evaluation,small_exact_euclidean_n8_seed6,euclidean,8,6,bruteforce,ok,"[7, 2, 3, 4, 0, 1, 5, 6]",2845.933648874112,2845.933648874112,2845.933648874112,0.0,0.0,True,True,True,0.01738639999894076,253.2421875,253.2421875,0.0,14.6,calibrated_on_calibration_split,,,,"{""instance_metadata"": {""complete"": true, ""instance_type"": ""euclidean"", ""n"": 8, ""points"": [[538.1643514719432, 343.27086981333844], [369.06723979537827, 374.49676558788235], [987.4449901864666, 632.7562726071461], [674.3239305044935, 329.96345538545836], [679.9176611640223, 122.97237488719004], [51.729231983775215, 850.1913468087871], [8.895805535434675, 978.7675621852967], [827.0030258190536, 785.2109593263714]], ""scale"": 1000.0, ""seed"": 6, ""symmetric"": true}, ""max_n"": 10, ""permutations_checked"": 5040, ""start"": 7}"
small_exact,evaluation,small_exact_euclidean_n8_seed6,euclidean,8,6,ortools,ok,"[7, 2, 3, 4, 0, 1, 5, 6]",2845.933648874112,2845.933648874112,2845.933648874112,0.0,0.0,True,True,True,0.001524999999674037,253.2421875,253.2421875,0.0,14.6,calibrated_on_calibration_split,,,5.0,"{""finite_edges"": true, ""infinity_penalty"": 8699998096000, ""instance_metadata"": {""complete"": true, ""instance_type"": ""euclidean"", ""n"": 8, ""points"": [[538.1643514719432, 343.27086981333844], [369.06723979537827, 374.49676558788235], [987.4449901864666, 632.7562726071461], [674.3239305044935, 329.96345538545836], [679.9176611640223, 122.97237488719004], [51.729231983775215, 850.1913468087871], [8.895805535434675, 978.7675621852967], [827.0030258190536, 785.2109593263714]], ""scale"": 1000.0, ""seed"": 6, ""symmetric"": true}, ""integer_scale"": 1000000, ""start"": 7, ""time_limit_s"": 5.0, ""valid_route"": true}"
small_exact,evaluation,small_exact_euclidean_n8_seed6,euclidean,8,6,networkx_christofides,ok,"[7, 2, 3, 4, 0, 1, 5, 6]",2845.933648874112,2845.933648874112,2845.933648874112,0.0,0.0,True,True,True,0.000783799998316681,253.2421875,253.25390625,0.01171875,14.6,calibrated_on_calibration_split,,,,"{""finite_edges"": true, ""instance_metadata"": {""complete"": true, ""instance_type"": ""euclidean"", ""n"": 8, ""points"": [[538.1643514719432, 343.27086981333844], [369.06723979537827, 374.49676558788235], [987.4449901864666, 632.7562726071461], [674.3239305044935, 329.96345538545836], [679.9176611640223, 122.97237488719004], [51.729231983775215, 850.1913468087871], [8.895805535434675, 978.7675621852967], [827.0030258190536, 785.2109593263714]], ""scale"": 1000.0, ""seed"": 6, ""symmetric"": true}, ""requires_metric_symmetric_complete"": true, ""valid_route"": true}"
small_exact,evaluation,small_exact_euclidean_n8_seed6,euclidean,8,6,networkx_greedy,ok,"[7, 2, 3, 0, 1, 4, 5, 6]",3302.719575921141,2845.933648874112,2845.933648874112,0.16050477045652115,0.16050477045652115,True,True,True,0.00011209999865968712,253.25390625,253.25390625,0.0,14.6,calibrated_on_calibration_split,,,,"{""finite_edges"": true, ""instance_metadata"": {""complete"": true, ""instance_type"": ""euclidean"", ""n"": 8, ""points"": [[538.1643514719432, 343.27086981333844], [369.06723979537827, 374.49676558788235], [987.4449901864666, 632.7562726071461], [674.3239305044935, 329.96345538545836], [679.9176611640223, 122.97237488719004], [51.729231983775215, 850.1913468087871], [8.895805535434675, 978.7675621852967], [827.0030258190536, 785.2109593263714]], ""scale"": 1000.0, ""seed"": 6, ""symmetric"": true}, ""valid_route"": true}"
small_exact,evaluation,small_exact_euclidean_n8_seed6,euclidean,8,6,python_tsp_dynamic_programming,skipped_missing_dependency,,,2845.933648874112,2845.933648874112,nan,nan,True,,,0.0005086999990453478,253.25390625,253.25390625,0.0,14.6,calibrated_on_calibration_split,,,,"{""instance_metadata"": {""complete"": true, ""instance_type"": ""euclidean"", ""n"": 8, ""points"": [[538.1643514719432, 343.27086981333844], [369.06723979537827, 374.49676558788235], [987.4449901864666, 632.7562726071461], [674.3239305044935, 329.96345538545836], [679.9176611640223, 122.97237488719004], [51.729231983775215, 850.1913468087871], [8.895805535434675, 978.7675621852967], [827.0030258190536, 785.2109593263714]], ""scale"": 1000.0, ""seed"": 6, ""symmetric"": true}}"
small_exact,evaluation,small_exact_random_symmetric_n8_seed6,random_symmetric,8,6,tn_exact,ok,"[7, 3, 4, 1, 0, 2, 6, 5]",294.73315521278374,294.73315521278374,294.73315521278374,0.0,0.0,True,True,True,0.03332849999787868,253.25390625,253.30859375,0.0546875,14.6,calibrated_on_calibration_split,,True,,"{""exact_mode"": true, ""finite_edges"": true, ""instance_metadata"": {""complete"": true, ""high"": 100.0, ""instance_type"": ""random_symmetric"", ""low"": 1.0, ""n"": 8, ""seed"": 6, ""symmetric"": true}, ""max_layers"": 6, ""n_layers"": null, ""n_layers_effective"": 6, ""normalization_factor"": 93.07280945339467, ""normalize"": true, ""seed"": 6, ""tau"": 14.6, ""valid_route"": true}"
small_exact,evaluation,small_exact_random_symmetric_n8_seed6,random_symmetric,8,6,held_karp,ok,"[7, 5, 6, 2, 0, 1, 4, 3]",294.73315521278374,294.73315521278374,294.73315521278374,0.0,0.0,True,True,True,0.0005335999994713347,253.30859375,253.30859375,0.0,14.6,calibrated_on_calibration_split,,,,"{""instance_metadata"": {""complete"": true, ""high"": 100.0, ""instance_type"": ""random_symmetric"", ""low"": 1.0, ""n"": 8, ""seed"": 6, ""symmetric"": true}, ""max_n"": 18, ""start"": 7}"
small_exact,evaluation,small_exact_random_symmetric_n8_seed6,random_symmetric,8,6,bruteforce,ok,"[7, 3, 4, 1, 0, 2, 6, 5]",294.73315521278374,294.73315521278374,294.73315521278374,0.0,0.0,True,True,True,0.015899899997748435,253.30859375,253.30859375,0.0,14.6,calibrated_on_calibration_split,,,,"{""instance_metadata"": {""complete"": true, ""high"": 100.0, ""instance_type"": ""random_symmetric"", ""low"": 1.0, ""n"": 8, ""seed"": 6, ""symmetric"": true}, ""max_n"": 10, ""permutations_checked"": 5040, ""start"": 7}"
small_exact,evaluation,small_exact_random_symmetric_n8_seed6,random_symmetric,8,6,ortools,ok,"[7, 4, 3, 0, 1, 2, 6, 5]",299.15879976695135,294.73315521278374,294.73315521278374,0.015015767571084743,0.015015767571084743,True,True,True,0.0014793000009376556,253.30859375,253.30859375,0.0,14.6,calibrated_on_calibration_split,,,5.0,"{""finite_edges"": true, ""infinity_penalty"": 744582472000, ""instance_metadata"": {""complete"": true, ""high"": 100.0, ""instance_type"": ""random_symmetric"", ""low"": 1.0, ""n"": 8, ""seed"": 6, ""symmetric"": true}, ""integer_scale"": 1000000, ""start"": 7, ""time_limit_s"": 5.0, ""valid_route"": true}"
small_exact,evaluation,small_exact_random_symmetric_n8_seed6,random_symmetric,8,6,networkx_christofides,skipped_not_applicable,,,294.73315521278374,294.73315521278374,nan,nan,True,,,8.97999998414889e-05,253.30859375,253.30859375,0.0,14.6,calibrated_on_calibration_split,,,,"{""instance_metadata"": {""complete"": true, ""high"": 100.0, ""instance_type"": ""random_symmetric"", ""low"": 1.0, ""n"": 8, ""seed"": 6, ""symmetric"": true}, ""requires_metric_symmetric_complete"": true}"
small_exact,evaluation,small_exact_random_symmetric_n8_seed6,random_symmetric,8,6,networkx_greedy,ok,"[7, 3, 2, 5, 0, 1, 4, 6]",363.26701741733194,294.73315521278374,294.73315521278374,0.23252851263058583,0.23252851263058583,True,True,True,0.00011859999722219072,253.30859375,253.30859375,0.0,14.6,calibrated_on_calibration_split,,,,"{""finite_edges"": true, ""instance_metadata"": {""complete"": true, ""high"": 100.0, ""instance_type"": ""random_symmetric"", ""low"": 1.0, ""n"": 8, ""seed"": 6, ""symmetric"": true}, ""valid_route"": true}"
small_exact,evaluation,small_exact_random_symmetric_n8_seed6,random_symmetric,8,6,python_tsp_dynamic_programming,skipped_missing_dependency,,,294.73315521278374,294.73315521278374,nan,nan,True,,,0.0005359000024327543,253.30859375,253.30859375,0.0,14.6,calibrated_on_calibration_split,,,,"{""instance_metadata"": {""complete"": true, ""high"": 100.0, ""instance_type"": ""random_symmetric"", ""low"": 1.0, ""n"": 8, ""seed"": 6, ""symmetric"": true}}"
small_exact,evaluation,small_exact_random_asymmetric_n8_seed6,random_asymmetric,8,6,tn_exact,ok,"[7, 1, 4, 5, 6, 2, 0, 3]",125.16533641760796,125.16533641760796,125.16533641760796,0.0,0.0,True,True,True,0.0324627000009059,253.30859375,253.34765625,0.0390625,14.6,calibrated_on_calibration_split,,True,,"{""exact_mode"": true, ""finite_edges"": true, ""instance_metadata"": {""complete"": true, ""high"": 100.0, ""instance_type"": ""random_asymmetric"", ""low"": 1.0, ""n"": 8, ""seed"": 6, ""symmetric"": false}, ""max_layers"": 6, ""n_layers"": null, ""n_layers_effective"": 6, ""normalization_factor"": 98.75705402846019, ""normalize"": true, ""seed"": 6, ""tau"": 14.6, ""valid_route"": true}"
small_exact,evaluation,small_exact_random_asymmetric_n8_seed6,random_asymmetric,8,6,held_karp,ok,"[7, 1, 4, 5, 6, 2, 0, 3]",125.16533641760796,125.16533641760796,125.16533641760796,0.0,0.0,True,True,True,0.0005023000012442935,253.34765625,253.34765625,0.0,14.6,calibrated_on_calibration_split,,,,"{""instance_metadata"": {""complete"": true, ""high"": 100.0, ""instance_type"": ""random_asymmetric"", ""low"": 1.0, ""n"": 8, ""seed"": 6, ""symmetric"": false}, ""max_n"": 18, ""start"": 7}"
small_exact,evaluation,small_exact_random_asymmetric_n8_seed6,random_asymmetric,8,6,bruteforce,ok,"[7, 1, 4, 5, 6, 2, 0, 3]",125.16533641760796,125.16533641760796,125.16533641760796,0.0,0.0,True,True,True,0.016385300001275027,253.34765625,253.34765625,0.0,14.6,calibrated_on_calibration_split,,,,"{""instance_metadata"": {""complete"": true, ""high"": 100.0, ""instance_type"": ""random_asymmetric"", ""low"": 1.0, ""n"": 8, ""seed"": 6, ""symmetric"": false}, ""max_n"": 10, ""permutations_checked"": 5040, ""start"": 7}"
small_exact,evaluation,small_exact_random_asymmetric_n8_seed6,random_asymmetric,8,6,ortools,ok,"[7, 1, 4, 5, 6, 2, 0, 3]",125.16533641760796,125.16533641760796,125.16533641760796,0.0,0.0,True,True,True,0.0013651999979629181,253.34765625,253.34765625,0.0,14.6,calibrated_on_calibration_split,,,5.0,"{""finite_edges"": true, ""infinity_penalty"": 790056432000, ""instance_metadata"": {""complete"": true, ""high"": 100.0, ""instance_type"": ""random_asymmetric"", ""low"": 1.0, ""n"": 8, ""seed"": 6, ""symmetric"": false}, ""integer_scale"": 1000000, ""start"": 7, ""time_limit_s"": 5.0, ""valid_route"": true}"
small_exact,evaluation,small_exact_random_asymmetric_n8_seed6,random_asymmetric,8,6,networkx_christofides,skipped_not_applicable,,,125.16533641760796,125.16533641760796,nan,nan,True,,,8.019999950192869e-05,253.34765625,253.34765625,0.0,14.6,calibrated_on_calibration_split,,,,"{""instance_metadata"": {""complete"": true, ""high"": 100.0, ""instance_type"": ""random_asymmetric"", ""low"": 1.0, ""n"": 8, ""seed"": 6, ""symmetric"": false}, ""requires_metric_symmetric_complete"": true}"
small_exact,evaluation,small_exact_random_asymmetric_n8_seed6,random_asymmetric,8,6,networkx_greedy,ok,"[7, 1, 4, 5, 6, 2, 0, 3]",125.16533641760796,125.16533641760796,125.16533641760796,0.0,0.0,True,True,True,0.00014120000196271576,253.34765625,253.35546875,0.0078125,14.6,calibrated_on_calibration_split,,,,"{""finite_edges"": true, ""instance_metadata"": {""complete"": true, ""high"": 100.0, ""instance_type"": ""random_asymmetric"", ""low"": 1.0, ""n"": 8, ""seed"": 6, ""symmetric"": false}, ""valid_route"": true}"
small_exact,evaluation,small_exact_random_asymmetric_n8_seed6,random_asymmetric,8,6,python_tsp_dynamic_programming,skipped_missing_dependency,,,125.16533641760796,125.16533641760796,nan,nan,True,,,0.0005907999984628987,253.35546875,253.35546875,0.0,14.6,calibrated_on_calibration_split,,,,"{""instance_metadata"": {""complete"": true, ""high"": 100.0, ""instance_type"": ""random_asymmetric"", ""low"": 1.0, ""n"": 8, ""seed"": 6, ""symmetric"": false}}"
small_exact,evaluation,small_exact_euclidean_n8_seed7,euclidean,8,7,tn_exact,ok,"[7, 0, 2, 3, 6, 5, 1, 4]",2638.5295991658368,2638.5295991658368,2638.5295991658368,0.0,0.0,True,True,True,0.06828549999772804,253.35546875,253.39453125,0.0390625,14.6,calibrated_on_calibration_split,,True,,"{""exact_mode"": true, ""finite_edges"": true, ""instance_metadata"": {""complete"": true, ""instance_type"": ""euclidean"", ""n"": 8, ""points"": [[625.095466604667, 897.2138009695755], [775.6856902451935, 225.20718999059187], [300.16628491122543, 873.5534453962618], [5.265304565574724, 821.2284183827662], [797.0694287520462, 467.9349528437208], [303.0324268193135, 278.4256121007733], [254.8695876541246, 445.0763058826466], [504.5482589579533, 553.4973520744925]], ""scale"": 1000.0, ""seed"": 7, ""symmetric"": true}, ""max_layers"": 6, ""n_layers"": null, ""n_layers_effective"": 6, ""normalization_factor"": 974.0579425089911, ""normalize"": true, ""seed"": 7, ""tau"": 14.6, ""valid_route"": true}"
small_exact,evaluation,small_exact_euclidean_n8_seed7,euclidean,8,7,held_karp,ok,"[7, 0, 2, 3, 6, 5, 1, 4]",2638.5295991658368,2638.5295991658368,2638.5295991658368,0.0,0.0,True,True,True,0.0005283999998937361,253.39453125,253.39453125,0.0,14.6,calibrated_on_calibration_split,,,,"{""instance_metadata"": {""complete"": true, ""instance_type"": ""euclidean"", ""n"": 8, ""points"": [[625.095466604667, 897.2138009695755], [775.6856902451935, 225.20718999059187], [300.16628491122543, 873.5534453962618], [5.265304565574724, 821.2284183827662], [797.0694287520462, 467.9349528437208], [303.0324268193135, 278.4256121007733], [254.8695876541246, 445.0763058826466], [504.5482589579533, 553.4973520744925]], ""scale"": 1000.0, ""seed"": 7, ""symmetric"": true}, ""max_n"": 18, ""start"": 7}"
small_exact,evaluation,small_exact_euclidean_n8_seed7,euclidean,8,7,bruteforce,ok,"[7, 0, 2, 3, 6, 5, 1, 4]",2638.5295991658368,2638.5295991658368,2638.5295991658368,0.0,0.0,True,True,True,0.016032100000302307,253.39453125,253.39453125,0.0,14.6,calibrated_on_calibration_split,,,,"{""instance_metadata"": {""complete"": true, ""instance_type"": ""euclidean"", ""n"": 8, ""points"": [[625.095466604667, 897.2138009695755], [775.6856902451935, 225.20718999059187], [300.16628491122543, 873.5534453962618], [5.265304565574724, 821.2284183827662], [797.0694287520462, 467.9349528437208], [303.0324268193135, 278.4256121007733], [254.8695876541246, 445.0763058826466], [504.5482589579533, 553.4973520744925]], ""scale"": 1000.0, ""seed"": 7, ""symmetric"": true}, ""max_n"": 10, ""permutations_checked"": 5040, ""start"": 7}"
small_exact,evaluation,small_exact_euclidean_n8_seed7,euclidean,8,7,ortools,ok,"[7, 0, 2, 3, 6, 5, 1, 4]",2638.5295991658368,2638.5295991658368,2638.5295991658368,0.0,0.0,True,True,True,0.0015732000028947368,253.39453125,253.39453125,0.0,14.6,calibrated_on_calibration_split,,,5.0,"{""finite_edges"": true, ""infinity_penalty"": 7792463544000, ""instance_metadata"": {""complete"": true, ""instance_type"": ""euclidean"", ""n"": 8, ""points"": [[625.095466604667, 897.2138009695755], [775.6856902451935, 225.20718999059187], [300.16628491122543, 873.5534453962618], [5.265304565574724, 821.2284183827662], [797.0694287520462, 467.9349528437208], [303.0324268193135, 278.4256121007733], [254.8695876541246, 445.0763058826466], [504.5482589579533, 553.4973520744925]], ""scale"": 1000.0, ""seed"": 7, ""symmetric"": true}, ""integer_scale"": 1000000, ""start"": 7, ""time_limit_s"": 5.0, ""valid_route"": true}"
small_exact,evaluation,small_exact_euclidean_n8_seed7,euclidean,8,7,networkx_christofides,ok,"[7, 0, 2, 3, 4, 1, 5, 6]",3021.56755552922,2638.5295991658368,2638.5295991658368,0.14517099087479615,0.14517099087479615,True,True,True,0.0006723999977111816,253.39453125,253.39453125,0.0,14.6,calibrated_on_calibration_split,,,,"{""finite_edges"": true, ""instance_metadata"": {""complete"": true, ""instance_type"": ""euclidean"", ""n"": 8, ""points"": [[625.095466604667, 897.2138009695755], [775.6856902451935, 225.20718999059187], [300.16628491122543, 873.5534453962618], [5.265304565574724, 821.2284183827662], [797.0694287520462, 467.9349528437208], [303.0324268193135, 278.4256121007733], [254.8695876541246, 445.0763058826466], [504.5482589579533, 553.4973520744925]], ""scale"": 1000.0, ""seed"": 7, ""symmetric"": true}, ""requires_metric_symmetric_complete"": true, ""valid_route"": true}"
small_exact,evaluation,small_exact_euclidean_n8_seed7,euclidean,8,7,networkx_greedy,ok,"[7, 3, 2, 0, 4, 1, 5, 6]",2819.2595869791567,2638.5295991658368,2638.5295991658368,0.06849647920207419,0.06849647920207419,True,True,True,0.00010889999975915998,253.39453125,253.39453125,0.0,14.6,calibrated_on_calibration_split,,,,"{""finite_edges"": true, ""instance_metadata"": {""complete"": true, ""instance_type"": ""euclidean"", ""n"": 8, ""points"": [[625.095466604667, 897.2138009695755], [775.6856902451935, 225.20718999059187], [300.16628491122543, 873.5534453962618], [5.265304565574724, 821.2284183827662], [797.0694287520462, 467.9349528437208], [303.0324268193135, 278.4256121007733], [254.8695876541246, 445.0763058826466], [504.5482589579533, 553.4973520744925]], ""scale"": 1000.0, ""seed"": 7, ""symmetric"": true}, ""valid_route"": true}"
small_exact,evaluation,small_exact_euclidean_n8_seed7,euclidean,8,7,python_tsp_dynamic_programming,skipped_missing_dependency,,,2638.5295991658368,2638.5295991658368,nan,nan,True,,,0.0005779999992228113,253.39453125,253.39453125,0.0,14.6,calibrated_on_calibration_split,,,,"{""instance_metadata"": {""complete"": true, ""instance_type"": ""euclidean"", ""n"": 8, ""points"": [[625.095466604667, 897.2138009695755], [775.6856902451935, 225.20718999059187], [300.16628491122543, 873.5534453962618], [5.265304565574724, 821.2284183827662], [797.0694287520462, 467.9349528437208], [303.0324268193135, 278.4256121007733], [254.8695876541246, 445.0763058826466], [504.5482589579533, 553.4973520744925]], ""scale"": 1000.0, ""seed"": 7, ""symmetric"": true}}"
small_exact,evaluation,small_exact_random_symmetric_n8_seed7,random_symmetric,8,7,tn_exact,ok,"[7, 3, 0, 4, 1, 2, 5, 6]",251.9904843882264,251.99048438822638,251.99048438822638,1.1278882017868744e-16,1.1278882017868744e-16,True,True,True,0.033218399999896064,253.39453125,253.39453125,0.0,14.6,calibrated_on_calibration_split,,True,,"{""exact_mode"": true, ""finite_edges"": true, ""instance_metadata"": {""complete"": true, ""high"": 100.0, ""instance_type"": ""random_symmetric"", ""low"": 1.0, ""n"": 8, ""seed"": 7, ""symmetric"": true}, ""max_layers"": 6, ""n_layers"": null, ""n_layers_effective"": 6, ""normalization_factor"": 88.67370569713951, ""normalize"": true, ""seed"": 7, ""tau"": 14.6, ""valid_route"": true}"
small_exact,evaluation,small_exact_random_symmetric_n8_seed7,random_symmetric,8,7,held_karp,ok,"[7, 6, 5, 2, 1, 4, 0, 3]",251.99048438822638,251.99048438822638,251.99048438822638,0.0,0.0,True,True,True,0.0004881999993813224,253.39453125,253.39453125,0.0,14.6,calibrated_on_calibration_split,,,,"{""instance_metadata"": {""complete"": true, ""high"": 100.0, ""instance_type"": ""random_symmetric"", ""low"": 1.0, ""n"": 8, ""seed"": 7, ""symmetric"": true}, ""max_n"": 18, ""start"": 7}"
small_exact,evaluation,small_exact_random_symmetric_n8_seed7,random_symmetric,8,7,bruteforce,ok,"[7, 6, 5, 2, 1, 4, 0, 3]",251.99048438822638,251.99048438822638,251.99048438822638,0.0,0.0,True,True,True,0.01600229999894509,253.39453125,253.39453125,0.0,14.6,calibrated_on_calibration_split,,,,"{""instance_metadata"": {""complete"": true, ""high"": 100.0, ""instance_type"": ""random_symmetric"", ""low"": 1.0, ""n"": 8, ""seed"": 7, ""symmetric"": true}, ""max_n"": 10, ""permutations_checked"": 5040, ""start"": 7}"
small_exact,evaluation,small_exact_random_symmetric_n8_seed7,random_symmetric,8,7,ortools,ok,"[7, 3, 0, 4, 1, 2, 5, 6]",251.9904843882264,251.99048438822638,251.99048438822638,1.1278882017868744e-16,1.1278882017868744e-16,True,True,True,0.0013880999977118336,253.39453125,253.39453125,0.0,14.6,calibrated_on_calibration_split,,,5.0,"{""finite_edges"": true, ""infinity_penalty"": 709389648000, ""instance_metadata"": {""complete"": true, ""high"": 100.0, ""instance_type"": ""random_symmetric"", ""low"": 1.0, ""n"": 8, ""seed"": 7, ""symmetric"": true}, ""integer_scale"": 1000000, ""start"": 7, ""time_limit_s"": 5.0, ""valid_route"": true}"
small_exact,evaluation,small_exact_random_symmetric_n8_seed7,random_symmetric,8,7,networkx_christofides,skipped_not_applicable,,,251.99048438822638,251.99048438822638,nan,nan,True,,,9.11999995878432e-05,253.39453125,253.39453125,0.0,14.6,calibrated_on_calibration_split,,,,"{""instance_metadata"": {""complete"": true, ""high"": 100.0, ""instance_type"": ""random_symmetric"", ""low"": 1.0, ""n"": 8, ""seed"": 7, ""symmetric"": true}, ""requires_metric_symmetric_complete"": true}"
small_exact,evaluation,small_exact_random_symmetric_n8_seed7,random_symmetric,8,7,networkx_greedy,ok,"[7, 4, 0, 3, 1, 2, 5, 6]",265.2591287072363,251.99048438822638,251.99048438822638,0.05265533875702914,0.05265533875702914,True,True,True,0.00011979999908362515,253.39453125,253.39453125,0.0,14.6,calibrated_on_calibration_split,,,,"{""finite_edges"": true, ""instance_metadata"": {""complete"": true, ""high"": 100.0, ""instance_type"": ""random_symmetric"", ""low"": 1.0, ""n"": 8, ""seed"": 7, ""symmetric"": true}, ""valid_route"": true}"
small_exact,evaluation,small_exact_random_symmetric_n8_seed7,random_symmetric,8,7,python_tsp_dynamic_programming,skipped_missing_dependency,,,251.99048438822638,251.99048438822638,nan,nan,True,,,0.0005246999971859623,253.39453125,253.39453125,0.0,14.6,calibrated_on_calibration_split,,,,"{""instance_metadata"": {""complete"": true, ""high"": 100.0, ""instance_type"": ""random_symmetric"", ""low"": 1.0, ""n"": 8, ""seed"": 7, ""symmetric"": true}}"
small_exact,evaluation,small_exact_random_asymmetric_n8_seed7,random_asymmetric,8,7,tn_exact,ok,"[7, 1, 3, 0, 6, 4, 5, 2]",138.23807085254663,138.23807085254663,138.23807085254663,0.0,0.0,True,True,True,0.03304379999826779,253.3984375,253.3984375,0.0,14.6,calibrated_on_calibration_split,,True,,"{""exact_mode"": true, ""finite_edges"": true, ""instance_metadata"": {""complete"": true, ""high"": 100.0, ""instance_type"": ""random_asymmetric"", ""low"": 1.0, ""n"": 8, ""seed"": 7, ""symmetric"": false}, ""max_layers"": 6, ""n_layers"": null, ""n_layers_effective"": 6, ""normalization_factor"": 99.55452806000487, ""normalize"": true, ""seed"": 7, ""tau"": 14.6, ""valid_route"": true}"
small_exact,evaluation,small_exact_random_asymmetric_n8_seed7,random_asymmetric,8,7,held_karp,ok,"[7, 1, 3, 0, 6, 4, 5, 2]",138.23807085254663,138.23807085254663,138.23807085254663,0.0,0.0,True,True,True,0.0004790999992110301,253.3984375,253.3984375,0.0,14.6,calibrated_on_calibration_split,,,,"{""instance_metadata"": {""complete"": true, ""high"": 100.0, ""instance_type"": ""random_asymmetric"", ""low"": 1.0, ""n"": 8, ""seed"": 7, ""symmetric"": false}, ""max_n"": 18, ""start"": 7}"
small_exact,evaluation,small_exact_random_asymmetric_n8_seed7,random_asymmetric,8,7,bruteforce,ok,"[7, 1, 3, 0, 6, 4, 5, 2]",138.23807085254663,138.23807085254663,138.23807085254663,0.0,0.0,True,True,True,0.016543500001716893,253.3984375,253.3984375,0.0,14.6,calibrated_on_calibration_split,,,,"{""instance_metadata"": {""complete"": true, ""high"": 100.0, ""instance_type"": ""random_asymmetric"", ""low"": 1.0, ""n"": 8, ""seed"": 7, ""symmetric"": false}, ""max_n"": 10, ""permutations_checked"": 5040, ""start"": 7}"
small_exact,evaluation,small_exact_random_asymmetric_n8_seed7,random_asymmetric,8,7,ortools,ok,"[7, 1, 3, 0, 6, 4, 5, 2]",138.23807085254663,138.23807085254663,138.23807085254663,0.0,0.0,True,True,True,0.0017026999994413927,253.3984375,253.3984375,0.0,14.6,calibrated_on_calibration_split,,,5.0,"{""finite_edges"": true, ""infinity_penalty"": 796436224000, ""instance_metadata"": {""complete"": true, ""high"": 100.0, ""instance_type"": ""random_asymmetric"", ""low"": 1.0, ""n"": 8, ""seed"": 7, ""symmetric"": false}, ""integer_scale"": 1000000, ""start"": 7, ""time_limit_s"": 5.0, ""valid_route"": true}"
small_exact,evaluation,small_exact_random_asymmetric_n8_seed7,random_asymmetric,8,7,networkx_christofides,skipped_not_applicable,,,138.23807085254663,138.23807085254663,nan,nan,True,,,8.339999840245582e-05,253.3984375,253.3984375,0.0,14.6,calibrated_on_calibration_split,,,,"{""instance_metadata"": {""complete"": true, ""high"": 100.0, ""instance_type"": ""random_asymmetric"", ""low"": 1.0, ""n"": 8, ""seed"": 7, ""symmetric"": false}, ""requires_metric_symmetric_complete"": true}"
small_exact,evaluation,small_exact_random_asymmetric_n8_seed7,random_asymmetric,8,7,networkx_greedy,ok,"[7, 1, 4, 5, 6, 2, 3, 0]",298.73117250702444,138.23807085254663,138.23807085254663,1.1609906060224886,1.1609906060224886,True,True,True,0.00013969999781693332,253.3984375,253.3984375,0.0,14.6,calibrated_on_calibration_split,,,,"{""finite_edges"": true, ""instance_metadata"": {""complete"": true, ""high"": 100.0, ""instance_type"": ""random_asymmetric"", ""low"": 1.0, ""n"": 8, ""seed"": 7, ""symmetric"": false}, ""valid_route"": true}"
small_exact,evaluation,small_exact_random_asymmetric_n8_seed7,random_asymmetric,8,7,python_tsp_dynamic_programming,skipped_missing_dependency,,,138.23807085254663,138.23807085254663,nan,nan,True,,,0.0005687000011675991,253.3984375,253.3984375,0.0,14.6,calibrated_on_calibration_split,,,,"{""instance_metadata"": {""complete"": true, ""high"": 100.0, ""instance_type"": ""random_asymmetric"", ""low"": 1.0, ""n"": 8, ""seed"": 7, ""symmetric"": false}}"
small_exact,evaluation,small_exact_euclidean_n8_seed8,euclidean,8,8,tn_exact,ok,"[7, 2, 3, 5, 6, 4, 1, 0]",2424.6192409307196,2424.6192409307196,2424.6192409307196,0.0,0.0,True,True,True,0.03378030000021681,253.3984375,253.3984375,0.0,14.6,calibrated_on_calibration_split,,True,,"{""exact_mode"": true, ""finite_edges"": true, ""instance_metadata"": {""complete"": true, ""instance_type"": ""euclidean"", ""n"": 8, ""points"": [[326.9722766055607, 987.2768433379256], [318.7108384855167, 788.548935820029], [869.8965116962161, 391.08480653919395], [437.8818731227988, 372.74890308935306], [106.95359647277436, 478.965454162717], [241.3521450846823, 257.1452485511297], [184.7315568344149, 193.8645489043107], [813.827670155021, 422.9841881442263]], ""scale"": 1000.0, ""seed"": 8, ""symmetric"": true}, ""max_layers"": 6, ""n_layers"": null, ""n_layers_effective"": 6, ""normalization_factor"": 806.3570361762793, ""normalize"": true, ""seed"": 8, ""tau"": 14.6, ""valid_route"": true}"
small_exact,evaluation,small_exact_euclidean_n8_seed8,euclidean,8,8,held_karp,ok,"[7, 2, 3, 5, 6, 4, 1, 0]",2424.6192409307196,2424.6192409307196,2424.6192409307196,0.0,0.0,True,True,True,0.0005020999997213949,253.3984375,253.3984375,0.0,14.6,calibrated_on_calibration_split,,,,"{""instance_metadata"": {""complete"": true, ""instance_type"": ""euclidean"", ""n"": 8, ""points"": [[326.9722766055607, 987.2768433379256], [318.7108384855167, 788.548935820029], [869.8965116962161, 391.08480653919395], [437.8818731227988, 372.74890308935306], [106.95359647277436, 478.965454162717], [241.3521450846823, 257.1452485511297], [184.7315568344149, 193.8645489043107], [813.827670155021, 422.9841881442263]], ""scale"": 1000.0, ""seed"": 8, ""symmetric"": true}, ""max_n"": 18, ""start"": 7}"
small_exact,evaluation,small_exact_euclidean_n8_seed8,euclidean,8,8,bruteforce,ok,"[7, 0, 1, 4, 6, 5, 3, 2]",2424.6192409307196,2424.6192409307196,2424.6192409307196,0.0,0.0,True,True,True,0.01701870000033523,253.3984375,253.3984375,0.0,14.6,calibrated_on_calibration_split,,,,"{""instance_metadata"": {""complete"": true, ""instance_type"": ""euclidean"", ""n"": 8, ""points"": [[326.9722766055607, 987.2768433379256], [318.7108384855167, 788.548935820029], [869.8965116962161, 391.08480653919395], [437.8818731227988, 372.74890308935306], [106.95359647277436, 478.965454162717], [241.3521450846823, 257.1452485511297], [184.7315568344149, 193.8645489043107], [813.827670155021, 422.9841881442263]], ""scale"": 1000.0, ""seed"": 8, ""symmetric"": true}, ""max_n"": 10, ""permutations_checked"": 5040, ""start"": 7}"
small_exact,evaluation,small_exact_euclidean_n8_seed8,euclidean,8,8,ortools,ok,"[7, 2, 3, 5, 6, 4, 1, 0]",2424.6192409307196,2424.6192409307196,2424.6192409307196,0.0,0.0,True,True,True,0.0013696000023628585,253.3984375,253.3984375,0.0,14.6,calibrated_on_calibration_split,,,5.0,"{""finite_edges"": true, ""infinity_penalty"": 6450856288000, ""instance_metadata"": {""complete"": true, ""instance_type"": ""euclidean"", ""n"": 8, ""points"": [[326.9722766055607, 987.2768433379256], [318.7108384855167, 788.548935820029], [869.8965116962161, 391.08480653919395], [437.8818731227988, 372.74890308935306], [106.95359647277436, 478.965454162717], [241.3521450846823, 257.1452485511297], [184.7315568344149, 193.8645489043107], [813.827670155021, 422.9841881442263]], ""scale"": 1000.0, ""seed"": 8, ""symmetric"": true}, ""integer_scale"": 1000000, ""start"": 7, ""time_limit_s"": 5.0, ""valid_route"": true}"
small_exact,evaluation,small_exact_euclidean_n8_seed8,euclidean,8,8,networkx_christofides,ok,"[7, 2, 0, 1, 4, 6, 5, 3]",2432.5718455986816,2424.6192409307196,2424.6192409307196,0.0032799396019431793,0.0032799396019431793,True,True,True,0.0007243000000016764,253.3984375,253.3984375,0.0,14.6,calibrated_on_calibration_split,,,,"{""finite_edges"": true, ""instance_metadata"": {""complete"": true, ""instance_type"": ""euclidean"", ""n"": 8, ""points"": [[326.9722766055607, 987.2768433379256], [318.7108384855167, 788.548935820029], [869.8965116962161, 391.08480653919395], [437.8818731227988, 372.74890308935306], [106.95359647277436, 478.965454162717], [241.3521450846823, 257.1452485511297], [184.7315568344149, 193.8645489043107], [813.827670155021, 422.9841881442263]], ""scale"": 1000.0, ""seed"": 8, ""symmetric"": true}, ""requires_metric_symmetric_complete"": true, ""valid_route"": true}"
small_exact,evaluation,small_exact_euclidean_n8_seed8,euclidean,8,8,networkx_greedy,ok,"[7, 0, 1, 4, 6, 5, 3, 2]",2424.6192409307196,2424.6192409307196,2424.6192409307196,0.0,0.0,True,True,True,0.00012419999984558672,253.3984375,253.3984375,0.0,14.6,calibrated_on_calibration_split,,,,"{""finite_edges"": true, ""instance_metadata"": {""complete"": true, ""instance_type"": ""euclidean"", ""n"": 8, ""points"": [[326.9722766055607, 987.2768433379256], [318.7108384855167, 788.548935820029], [869.8965116962161, 391.08480653919395], [437.8818731227988, 372.74890308935306], [106.95359647277436, 478.965454162717], [241.3521450846823, 257.1452485511297], [184.7315568344149, 193.8645489043107], [813.827670155021, 422.9841881442263]], ""scale"": 1000.0, ""seed"": 8, ""symmetric"": true}, ""valid_route"": true}"
small_exact,evaluation,small_exact_euclidean_n8_seed8,euclidean,8,8,python_tsp_dynamic_programming,skipped_missing_dependency,,,2424.6192409307196,2424.6192409307196,nan,nan,True,,,0.0005727999996452127,253.3984375,253.3984375,0.0,14.6,calibrated_on_calibration_split,,,,"{""instance_metadata"": {""complete"": true, ""instance_type"": ""euclidean"", ""n"": 8, ""points"": [[326.9722766055607, 987.2768433379256], [318.7108384855167, 788.548935820029], [869.8965116962161, 391.08480653919395], [437.8818731227988, 372.74890308935306], [106.95359647277436, 478.965454162717], [241.3521450846823, 257.1452485511297], [184.7315568344149, 193.8645489043107], [813.827670155021, 422.9841881442263]], ""scale"": 1000.0, ""seed"": 8, ""symmetric"": true}}"
small_exact,evaluation,small_exact_random_symmetric_n8_seed8,random_symmetric,8,8,tn_exact,ok,"[7, 5, 3, 1, 4, 2, 6, 0]",259.37913006137455,258.47003950157267,258.47003950157267,0.0035171989819591867,0.0035171989819591867,True,True,True,0.03364520000104676,253.3984375,253.3984375,0.0,14.6,calibrated_on_calibration_split,,True,,"{""exact_mode"": true, ""finite_edges"": true, ""instance_metadata"": {""complete"": true, ""high"": 100.0, ""instance_type"": ""random_symmetric"", ""low"": 1.0, ""n"": 8, ""seed"": 8, ""symmetric"": true}, ""max_layers"": 6, ""n_layers"": null, ""n_layers_effective"": 6, ""normalization_factor"": 72.84500176697068, ""normalize"": true, ""seed"": 8, ""tau"": 14.6, ""valid_route"": true}"
small_exact,evaluation,small_exact_random_symmetric_n8_seed8,random_symmetric,8,8,held_karp,ok,"[7, 5, 3, 0, 2, 6, 1, 4]",258.47003950157267,258.47003950157267,258.47003950157267,0.0,0.0,True,True,True,0.0005008000007364899,253.3984375,253.3984375,0.0,14.6,calibrated_on_calibration_split,,,,"{""instance_metadata"": {""complete"": true, ""high"": 100.0, ""instance_type"": ""random_symmetric"", ""low"": 1.0, ""n"": 8, ""seed"": 8, ""symmetric"": true}, ""max_n"": 18, ""start"": 7}"
small_exact,evaluation,small_exact_random_symmetric_n8_seed8,random_symmetric,8,8,bruteforce,ok,"[7, 4, 1, 6, 2, 0, 3, 5]",258.47003950157267,258.47003950157267,258.47003950157267,0.0,0.0,True,True,True,0.017073300001356984,253.3984375,253.3984375,0.0,14.6,calibrated_on_calibration_split,,,,"{""instance_metadata"": {""complete"": true, ""high"": 100.0, ""instance_type"": ""random_symmetric"", ""low"": 1.0, ""n"": 8, ""seed"": 8, ""symmetric"": true}, ""max_n"": 10, ""permutations_checked"": 5040, ""start"": 7}"
small_exact,evaluation,small_exact_random_symmetric_n8_seed8,random_symmetric,8,8,ortools,ok,"[7, 4, 1, 6, 2, 0, 3, 5]",258.47003950157267,258.47003950157267,258.47003950157267,0.0,0.0,True,True,True,0.0015694999965489842,253.3984375,253.3984375,0.0,14.6,calibrated_on_calibration_split,,,5.0,"{""finite_edges"": true, ""infinity_penalty"": 582760016000, ""instance_metadata"": {""complete"": true, ""high"": 100.0, ""instance_type"": ""random_symmetric"", ""low"": 1.0, ""n"": 8, ""seed"": 8, ""symmetric"": true}, ""integer_scale"": 1000000, ""start"": 7, ""time_limit_s"": 5.0, ""valid_route"": true}"
small_exact,evaluation,small_exact_random_symmetric_n8_seed8,random_symmetric,8,8,networkx_christofides,skipped_not_applicable,,,258.47003950157267,258.47003950157267,nan,nan,True,,,9.679999857326038e-05,253.3984375,253.3984375,0.0,14.6,calibrated_on_calibration_split,,,,"{""instance_metadata"": {""complete"": true, ""high"": 100.0, ""instance_type"": ""random_symmetric"", ""low"": 1.0, ""n"": 8, ""seed"": 8, ""symmetric"": true}, ""requires_metric_symmetric_complete"": true}"
small_exact,evaluation,small_exact_random_symmetric_n8_seed8,random_symmetric,8,8,networkx_greedy,ok,"[7, 4, 1, 3, 5, 2, 0, 6]",277.10693888779923,258.47003950157267,258.47003950157267,0.07210467960683374,0.07210467960683374,True,True,True,0.00011549999908311293,253.3984375,253.3984375,0.0,14.6,calibrated_on_calibration_split,,,,"{""finite_edges"": true, ""instance_metadata"": {""complete"": true, ""high"": 100.0, ""instance_type"": ""random_symmetric"", ""low"": 1.0, ""n"": 8, ""seed"": 8, ""symmetric"": true}, ""valid_route"": true}"
small_exact,evaluation,small_exact_random_symmetric_n8_seed8,random_symmetric,8,8,python_tsp_dynamic_programming,skipped_missing_dependency,,,258.47003950157267,258.47003950157267,nan,nan,True,,,0.0005525999986275565,253.3984375,253.3984375,0.0,14.6,calibrated_on_calibration_split,,,,"{""instance_metadata"": {""complete"": true, ""high"": 100.0, ""instance_type"": ""random_symmetric"", ""low"": 1.0, ""n"": 8, ""seed"": 8, ""symmetric"": true}}"
small_exact,evaluation,small_exact_random_asymmetric_n8_seed8,random_asymmetric,8,8,tn_exact,ok,"[7, 5, 3, 0, 2, 6, 1, 4]",146.9224341772793,146.9224341772793,146.9224341772793,0.0,0.0,True,True,True,0.03290410000045085,253.3984375,253.40234375,0.00390625,14.6,calibrated_on_calibration_split,,True,,"{""exact_mode"": true, ""finite_edges"": true, ""instance_metadata"": {""complete"": true, ""high"": 100.0, ""instance_type"": ""random_asymmetric"", ""low"": 1.0, ""n"": 8, ""seed"": 8, ""symmetric"": false}, ""max_layers"": 6, ""n_layers"": null, ""n_layers_effective"": 6, ""normalization_factor"": 98.88858626864226, ""normalize"": true, ""seed"": 8, ""tau"": 14.6, ""valid_route"": true}"
small_exact,evaluation,small_exact_random_asymmetric_n8_seed8,random_asymmetric,8,8,held_karp,ok,"[7, 5, 3, 0, 2, 6, 1, 4]",146.9224341772793,146.9224341772793,146.9224341772793,0.0,0.0,True,True,True,0.0006341000007523689,253.40234375,253.40234375,0.0,14.6,calibrated_on_calibration_split,,,,"{""instance_metadata"": {""complete"": true, ""high"": 100.0, ""instance_type"": ""random_asymmetric"", ""low"": 1.0, ""n"": 8, ""seed"": 8, ""symmetric"": false}, ""max_n"": 18, ""start"": 7}"
small_exact,evaluation,small_exact_random_asymmetric_n8_seed8,random_asymmetric,8,8,bruteforce,ok,"[7, 5, 3, 0, 2, 6, 1, 4]",146.9224341772793,146.9224341772793,146.9224341772793,0.0,0.0,True,True,True,0.016465699998661876,253.40234375,253.40234375,0.0,14.6,calibrated_on_calibration_split,,,,"{""instance_metadata"": {""complete"": true, ""high"": 100.0, ""instance_type"": ""random_asymmetric"", ""low"": 1.0, ""n"": 8, ""seed"": 8, ""symmetric"": false}, ""max_n"": 10, ""permutations_checked"": 5040, ""start"": 7}"
small_exact,evaluation,small_exact_random_asymmetric_n8_seed8,random_asymmetric,8,8,ortools,ok,"[7, 5, 3, 0, 2, 6, 1, 4]",146.9224341772793,146.9224341772793,146.9224341772793,0.0,0.0,True,True,True,0.0013174000014259946,253.40234375,253.40234375,0.0,14.6,calibrated_on_calibration_split,,,5.0,"{""finite_edges"": true, ""infinity_penalty"": 791108688000, ""instance_metadata"": {""complete"": true, ""high"": 100.0, ""instance_type"": ""random_asymmetric"", ""low"": 1.0, ""n"": 8, ""seed"": 8, ""symmetric"": false}, ""integer_scale"": 1000000, ""start"": 7, ""time_limit_s"": 5.0, ""valid_route"": true}"
small_exact,evaluation,small_exact_random_asymmetric_n8_seed8,random_asymmetric,8,8,networkx_christofides,skipped_not_applicable,,,146.9224341772793,146.9224341772793,nan,nan,True,,,7.610000102431513e-05,253.40234375,253.40234375,0.0,14.6,calibrated_on_calibration_split,,,,"{""instance_metadata"": {""complete"": true, ""high"": 100.0, ""instance_type"": ""random_asymmetric"", ""low"": 1.0, ""n"": 8, ""seed"": 8, ""symmetric"": false}, ""requires_metric_symmetric_complete"": true}"
small_exact,evaluation,small_exact_random_asymmetric_n8_seed8,random_asymmetric,8,8,networkx_greedy,ok,"[7, 5, 3, 0, 2, 6, 1, 4]",146.9224341772793,146.9224341772793,146.9224341772793,0.0,0.0,True,True,True,0.0001295000001846347,253.40234375,253.40234375,0.0,14.6,calibrated_on_calibration_split,,,,"{""finite_edges"": true, ""instance_metadata"": {""complete"": true, ""high"": 100.0, ""instance_type"": ""random_asymmetric"", ""low"": 1.0, ""n"": 8, ""seed"": 8, ""symmetric"": false}, ""valid_route"": true}"
small_exact,evaluation,small_exact_random_asymmetric_n8_seed8,random_asymmetric,8,8,python_tsp_dynamic_programming,skipped_missing_dependency,,,146.9224341772793,146.9224341772793,nan,nan,True,,,0.0005267000015010126,253.40234375,253.40234375,0.0,14.6,calibrated_on_calibration_split,,,,"{""instance_metadata"": {""complete"": true, ""high"": 100.0, ""instance_type"": ""random_asymmetric"", ""low"": 1.0, ""n"": 8, ""seed"": 8, ""symmetric"": false}}"
small_exact,evaluation,small_exact_euclidean_n8_seed9,euclidean,8,9,tn_exact,ok,"[7, 3, 2, 1, 6, 4, 5, 0]",3043.2691720324383,3043.2691720324383,3043.2691720324383,0.0,0.0,True,True,True,0.032310500002495246,253.40234375,253.40234375,0.0,14.6,calibrated_on_calibration_split,,True,,"{""exact_mode"": true, ""finite_edges"": true, ""instance_metadata"": {""complete"": true, ""instance_type"": ""euclidean"", ""n"": 8, ""points"": [[870.2492039700846, 286.8172090875554], [603.1481500515619, 777.5340829201788], [716.0746296035653, 915.3801204905076], [860.3936491828846, 918.2376290487624], [26.587734467597212, 437.2480001295087], [484.9443269772881, 65.15419737010752], [5.626050679392924, 830.621436971257], [983.3022442861756, 784.6098526726796]], ""scale"": 1000.0, ""seed"": 9, ""symmetric"": true}, ""max_layers"": 6, ""n_layers"": null, ""n_layers_effective"": 6, ""normalization_factor"": 1021.4187365965673, ""normalize"": true, ""seed"": 9, ""tau"": 14.6, ""valid_route"": true}"
small_exact,evaluation,small_exact_euclidean_n8_seed9,euclidean,8,9,held_karp,ok,"[7, 3, 2, 1, 6, 4, 5, 0]",3043.2691720324383,3043.2691720324383,3043.2691720324383,0.0,0.0,True,True,True,0.0004957000019203406,253.40234375,253.40234375,0.0,14.6,calibrated_on_calibration_split,,,,"{""instance_metadata"": {""complete"": true, ""instance_type"": ""euclidean"", ""n"": 8, ""points"": [[870.2492039700846, 286.8172090875554], [603.1481500515619, 777.5340829201788], [716.0746296035653, 915.3801204905076], [860.3936491828846, 918.2376290487624], [26.587734467597212, 437.2480001295087], [484.9443269772881, 65.15419737010752], [5.626050679392924, 830.621436971257], [983.3022442861756, 784.6098526726796]], ""scale"": 1000.0, ""seed"": 9, ""symmetric"": true}, ""max_n"": 18, ""start"": 7}"
small_exact,evaluation,small_exact_euclidean_n8_seed9,euclidean,8,9,bruteforce,ok,"[7, 0, 5, 4, 6, 1, 2, 3]",3043.2691720324383,3043.2691720324383,3043.2691720324383,0.0,0.0,True,True,True,0.01670649999869056,253.40234375,253.40234375,0.0,14.6,calibrated_on_calibration_split,,,,"{""instance_metadata"": {""complete"": true, ""instance_type"": ""euclidean"", ""n"": 8, ""points"": [[870.2492039700846, 286.8172090875554], [603.1481500515619, 777.5340829201788], [716.0746296035653, 915.3801204905076], [860.3936491828846, 918.2376290487624], [26.587734467597212, 437.2480001295087], [484.9443269772881, 65.15419737010752], [5.626050679392924, 830.621436971257], [983.3022442861756, 784.6098526726796]], ""scale"": 1000.0, ""seed"": 9, ""symmetric"": true}, ""max_n"": 10, ""permutations_checked"": 5040, ""start"": 7}"
small_exact,evaluation,small_exact_euclidean_n8_seed9,euclidean,8,9,ortools,ok,"[7, 3, 2, 1, 6, 4, 5, 0]",3043.2691720324383,3043.2691720324383,3043.2691720324383,0.0,0.0,True,True,True,0.0013346000014280435,253.40234375,253.40234375,0.0,14.6,calibrated_on_calibration_split,,,5.0,"{""finite_edges"": true, ""infinity_penalty"": 8171349896000, ""instance_metadata"": {""complete"": true, ""instance_type"": ""euclidean"", ""n"": 8, ""points"": [[870.2492039700846, 286.8172090875554], [603.1481500515619, 777.5340829201788], [716.0746296035653, 915.3801204905076], [860.3936491828846, 918.2376290487624], [26.587734467597212, 437.2480001295087], [484.9443269772881, 65.15419737010752], [5.626050679392924, 830.621436971257], [983.3022442861756, 784.6098526726796]], ""scale"": 1000.0, ""seed"": 9, ""symmetric"": true}, ""integer_scale"": 1000000, ""start"": 7, ""time_limit_s"": 5.0, ""valid_route"": true}"
small_exact,evaluation,small_exact_euclidean_n8_seed9,euclidean,8,9,networkx_christofides,ok,"[7, 0, 5, 4, 6, 1, 2, 3]",3043.2691720324383,3043.2691720324383,3043.2691720324383,0.0,0.0,True,True,True,0.0005882000004930887,253.40234375,253.40234375,0.0,14.6,calibrated_on_calibration_split,,,,"{""finite_edges"": true, ""instance_metadata"": {""complete"": true, ""instance_type"": ""euclidean"", ""n"": 8, ""points"": [[870.2492039700846, 286.8172090875554], [603.1481500515619, 777.5340829201788], [716.0746296035653, 915.3801204905076], [860.3936491828846, 918.2376290487624], [26.587734467597212, 437.2480001295087], [484.9443269772881, 65.15419737010752], [5.626050679392924, 830.621436971257], [983.3022442861756, 784.6098526726796]], ""scale"": 1000.0, ""seed"": 9, ""symmetric"": true}, ""requires_metric_symmetric_complete"": true, ""valid_route"": true}"
small_exact,evaluation,small_exact_euclidean_n8_seed9,euclidean,8,9,networkx_greedy,ok,"[7, 3, 2, 1, 0, 5, 4, 6]",3470.383101011423,3043.2691720324383,3043.2691720324383,0.14034707573820626,0.14034707573820626,True,True,True,0.00019220000103814527,253.40234375,253.40234375,0.0,14.6,calibrated_on_calibration_split,,,,"{""finite_edges"": true, ""instance_metadata"": {""complete"": true, ""instance_type"": ""euclidean"", ""n"": 8, ""points"": [[870.2492039700846, 286.8172090875554], [603.1481500515619, 777.5340829201788], [716.0746296035653, 915.3801204905076], [860.3936491828846, 918.2376290487624], [26.587734467597212, 437.2480001295087], [484.9443269772881, 65.15419737010752], [5.626050679392924, 830.621436971257], [983.3022442861756, 784.6098526726796]], ""scale"": 1000.0, ""seed"": 9, ""symmetric"": true}, ""valid_route"": true}"
small_exact,evaluation,small_exact_euclidean_n8_seed9,euclidean,8,9,python_tsp_dynamic_programming,skipped_missing_dependency,,,3043.2691720324383,3043.2691720324383,nan,nan,True,,,0.0005595000002358574,253.40234375,253.40234375,0.0,14.6,calibrated_on_calibration_split,,,,"{""instance_metadata"": {""complete"": true, ""instance_type"": ""euclidean"", ""n"": 8, ""points"": [[870.2492039700846, 286.8172090875554], [603.1481500515619, 777.5340829201788], [716.0746296035653, 915.3801204905076], [860.3936491828846, 918.2376290487624], [26.587734467597212, 437.2480001295087], [484.9443269772881, 65.15419737010752], [5.626050679392924, 830.621436971257], [983.3022442861756, 784.6098526726796]], ""scale"": 1000.0, ""seed"": 9, ""symmetric"": true}}"
small_exact,evaluation,small_exact_random_symmetric_n8_seed9,random_symmetric,8,9,tn_exact,ok,"[7, 5, 3, 6, 4, 2, 0, 1]",250.68622756756787,250.68622756756787,250.68622756756787,0.0,0.0,True,True,True,0.033297900001343805,253.40234375,253.40625,0.00390625,14.6,calibrated_on_calibration_split,,True,,"{""exact_mode"": true, ""finite_edges"": true, ""instance_metadata"": {""complete"": true, ""high"": 100.0, ""instance_type"": ""random_symmetric"", ""low"": 1.0, ""n"": 8, ""seed"": 9, ""symmetric"": true}, ""max_layers"": 6, ""n_layers"": null, ""n_layers_effective"": 6, ""normalization_factor"": 94.75394238397979, ""normalize"": true, ""seed"": 9, ""tau"": 14.6, ""valid_route"": true}"
small_exact,evaluation,small_exact_random_symmetric_n8_seed9,random_symmetric,8,9,held_karp,ok,"[7, 5, 3, 6, 4, 2, 0, 1]",250.68622756756787,250.68622756756787,250.68622756756787,0.0,0.0,True,True,True,0.000490999998874031,253.40625,253.40625,0.0,14.6,calibrated_on_calibration_split,,,,"{""instance_metadata"": {""complete"": true, ""high"": 100.0, ""instance_type"": ""random_symmetric"", ""low"": 1.0, ""n"": 8, ""seed"": 9, ""symmetric"": true}, ""max_n"": 18, ""start"": 7}"
small_exact,evaluation,small_exact_random_symmetric_n8_seed9,random_symmetric,8,9,bruteforce,ok,"[7, 1, 0, 2, 4, 6, 3, 5]",250.68622756756787,250.68622756756787,250.68622756756787,0.0,0.0,True,True,True,0.0168803000015032,253.40625,253.40625,0.0,14.6,calibrated_on_calibration_split,,,,"{""instance_metadata"": {""complete"": true, ""high"": 100.0, ""instance_type"": ""random_symmetric"", ""low"": 1.0, ""n"": 8, ""seed"": 9, ""symmetric"": true}, ""max_n"": 10, ""permutations_checked"": 5040, ""start"": 7}"
small_exact,evaluation,small_exact_random_symmetric_n8_seed9,random_symmetric,8,9,ortools,ok,"[7, 5, 3, 6, 4, 2, 0, 1]",250.68622756756787,250.68622756756787,250.68622756756787,0.0,0.0,True,True,True,0.0016054000006988645,253.40625,253.40625,0.0,14.6,calibrated_on_calibration_split,,,5.0,"{""finite_edges"": true, ""infinity_penalty"": 758031536000, ""instance_metadata"": {""complete"": true, ""high"": 100.0, ""instance_type"": ""random_symmetric"", ""low"": 1.0, ""n"": 8, ""seed"": 9, ""symmetric"": true}, ""integer_scale"": 1000000, ""start"": 7, ""time_limit_s"": 5.0, ""valid_route"": true}"
small_exact,evaluation,small_exact_random_symmetric_n8_seed9,random_symmetric,8,9,networkx_christofides,skipped_not_applicable,,,250.68622756756787,250.68622756756787,nan,nan,True,,,9.390000195708126e-05,253.40625,253.40625,0.0,14.6,calibrated_on_calibration_split,,,,"{""instance_metadata"": {""complete"": true, ""high"": 100.0, ""instance_type"": ""random_symmetric"", ""low"": 1.0, ""n"": 8, ""seed"": 9, ""symmetric"": true}, ""requires_metric_symmetric_complete"": true}"
small_exact,evaluation,small_exact_random_symmetric_n8_seed9,random_symmetric,8,9,networkx_greedy,ok,"[7, 1, 0, 2, 4, 6, 3, 5]",250.68622756756787,250.68622756756787,250.68622756756787,0.0,0.0,True,True,True,0.00012799999967683107,253.40625,253.40625,0.0,14.6,calibrated_on_calibration_split,,,,"{""finite_edges"": true, ""instance_metadata"": {""complete"": true, ""high"": 100.0, ""instance_type"": ""random_symmetric"", ""low"": 1.0, ""n"": 8, ""seed"": 9, ""symmetric"": true}, ""valid_route"": true}"
small_exact,evaluation,small_exact_random_symmetric_n8_seed9,random_symmetric,8,9,python_tsp_dynamic_programming,skipped_missing_dependency,,,250.68622756756787,250.68622756756787,nan,nan,True,,,0.0005436999999801628,253.40625,253.40625,0.0,14.6,calibrated_on_calibration_split,,,,"{""instance_metadata"": {""complete"": true, ""high"": 100.0, ""instance_type"": ""random_symmetric"", ""low"": 1.0, ""n"": 8, ""seed"": 9, ""symmetric"": true}}"
small_exact,evaluation,small_exact_random_asymmetric_n8_seed9,random_asymmetric,8,9,tn_exact,ok,"[7, 2, 0, 1, 4, 6, 3, 5]",126.4648744835167,126.4648744835167,126.4648744835167,0.0,0.0,True,True,True,0.03311840000242228,253.40625,253.41015625,0.00390625,14.6,calibrated_on_calibration_split,,True,,"{""exact_mode"": true, ""finite_edges"": true, ""instance_metadata"": {""complete"": true, ""high"": 100.0, ""instance_type"": ""random_asymmetric"", ""low"": 1.0, ""n"": 8, ""seed"": 9, ""symmetric"": false}, ""max_layers"": 6, ""n_layers"": null, ""n_layers_effective"": 6, ""normalization_factor"": 98.78633394256309, ""normalize"": true, ""seed"": 9, ""tau"": 14.6, ""valid_route"": true}"
small_exact,evaluation,small_exact_random_asymmetric_n8_seed9,random_asymmetric,8,9,held_karp,ok,"[7, 2, 0, 1, 4, 6, 3, 5]",126.4648744835167,126.4648744835167,126.4648744835167,0.0,0.0,True,True,True,0.0005253999988781288,253.41015625,253.41015625,0.0,14.6,calibrated_on_calibration_split,,,,"{""instance_metadata"": {""complete"": true, ""high"": 100.0, ""instance_type"": ""random_asymmetric"", ""low"": 1.0, ""n"": 8, ""seed"": 9, ""symmetric"": false}, ""max_n"": 18, ""start"": 7}"
small_exact,evaluation,small_exact_random_asymmetric_n8_seed9,random_asymmetric,8,9,bruteforce,ok,"[7, 2, 0, 1, 4, 6, 3, 5]",126.4648744835167,126.4648744835167,126.4648744835167,0.0,0.0,True,True,True,0.016425100002379622,253.41015625,253.41015625,0.0,14.6,calibrated_on_calibration_split,,,,"{""instance_metadata"": {""complete"": true, ""high"": 100.0, ""instance_type"": ""random_asymmetric"", ""low"": 1.0, ""n"": 8, ""seed"": 9, ""symmetric"": false}, ""max_n"": 10, ""permutations_checked"": 5040, ""start"": 7}"
small_exact,evaluation,small_exact_random_asymmetric_n8_seed9,random_asymmetric,8,9,ortools,ok,"[7, 2, 0, 1, 4, 6, 3, 5]",126.4648744835167,126.4648744835167,126.4648744835167,0.0,0.0,True,True,True,0.0017227999996975996,253.41015625,253.41015625,0.0,14.6,calibrated_on_calibration_split,,,5.0,"{""finite_edges"": true, ""infinity_penalty"": 790290672000, ""instance_metadata"": {""complete"": true, ""high"": 100.0, ""instance_type"": ""random_asymmetric"", ""low"": 1.0, ""n"": 8, ""seed"": 9, ""symmetric"": false}, ""integer_scale"": 1000000, ""start"": 7, ""time_limit_s"": 5.0, ""valid_route"": true}"
small_exact,evaluation,small_exact_random_asymmetric_n8_seed9,random_asymmetric,8,9,networkx_christofides,skipped_not_applicable,,,126.4648744835167,126.4648744835167,nan,nan,True,,,8.689999958733097e-05,253.41015625,253.41015625,0.0,14.6,calibrated_on_calibration_split,,,,"{""instance_metadata"": {""complete"": true, ""high"": 100.0, ""instance_type"": ""random_asymmetric"", ""low"": 1.0, ""n"": 8, ""seed"": 9, ""symmetric"": false}, ""requires_metric_symmetric_complete"": true}"
small_exact,evaluation,small_exact_random_asymmetric_n8_seed9,random_asymmetric,8,9,networkx_greedy,ok,"[7, 2, 4, 3, 5, 6, 1, 0]",235.6552717485972,126.4648744835167,126.4648744835167,0.8634049392055678,0.8634049392055678,True,True,True,0.00016360000154236332,253.41015625,253.41015625,0.0,14.6,calibrated_on_calibration_split,,,,"{""finite_edges"": true, ""instance_metadata"": {""complete"": true, ""high"": 100.0, ""instance_type"": ""random_asymmetric"", ""low"": 1.0, ""n"": 8, ""seed"": 9, ""symmetric"": false}, ""valid_route"": true}"
small_exact,evaluation,small_exact_random_asymmetric_n8_seed9,random_asymmetric,8,9,python_tsp_dynamic_programming,skipped_missing_dependency,,,126.4648744835167,126.4648744835167,nan,nan,True,,,0.0005476000005728565,253.41015625,253.41015625,0.0,14.6,calibrated_on_calibration_split,,,,"{""instance_metadata"": {""complete"": true, ""high"": 100.0, ""instance_type"": ""random_asymmetric"", ""low"": 1.0, ""n"": 8, ""seed"": 9, ""symmetric"": false}}"
small_exact,evaluation,small_exact_euclidean_n9_seed5,euclidean,9,5,tn_exact,ok,"[8, 2, 4, 6, 0, 7, 5, 3, 1]",3333.8751495775555,3287.9020549067313,3287.9020549067313,0.013982501273788178,0.013982501273788178,True,True,True,0.09093399999983376,253.41015625,254.5546875,1.14453125,8.4,calibrated_on_calibration_split,,True,,"{""exact_mode"": true, ""finite_edges"": true, ""instance_metadata"": {""complete"": true, ""instance_type"": ""euclidean"", ""n"": 9, ""points"": [[805.0029237453801, 807.9407897364938], [515.325561042142, 285.8013800881416], [53.930702381656424, 383.36888078551823], [408.47320541999864, 45.27519390244517], [48.75771072716806, 999.1761150650714], [652.3691115879877, 234.51020166982394], [434.94755222514203, 974.1861932592553], [897.6776081085488, 844.231037608741], [392.40466433477815, 493.0230187317426]], ""scale"": 1000.0, ""seed"": 5, ""symmetric"": true}, ""max_layers"": 7, ""n_layers"": null, ""n_layers_effective"": 7, ""normalization_factor"": 1019.4715319796893, ""normalize"": true, ""seed"": 5, ""tau"": 8.4, ""valid_route"": true}"
small_exact,evaluation,small_exact_euclidean_n9_seed5,euclidean,9,5,held_karp,ok,"[8, 1, 5, 3, 2, 4, 6, 7, 0]",3287.9020549067313,3287.9020549067313,3287.9020549067313,0.0,0.0,True,True,True,0.0015551999968010932,254.5546875,254.5546875,0.0,8.4,calibrated_on_calibration_split,,,,"{""instance_metadata"": {""complete"": true, ""instance_type"": ""euclidean"", ""n"": 9, ""points"": [[805.0029237453801, 807.9407897364938], [515.325561042142, 285.8013800881416], [53.930702381656424, 383.36888078551823], [408.47320541999864, 45.27519390244517], [48.75771072716806, 999.1761150650714], [652.3691115879877, 234.51020166982394], [434.94755222514203, 974.1861932592553], [897.6776081085488, 844.231037608741], [392.40466433477815, 493.0230187317426]], ""scale"": 1000.0, ""seed"": 5, ""symmetric"": true}, ""max_n"": 18, ""start"": 8}"
small_exact,evaluation,small_exact_euclidean_n9_seed5,euclidean,9,5,bruteforce,ok,"[8, 0, 7, 6, 4, 2, 3, 5, 1]",3287.9020549067313,3287.9020549067313,3287.9020549067313,0.0,0.0,True,True,True,0.19355419999919832,254.5546875,254.5546875,0.0,8.4,calibrated_on_calibration_split,,,,"{""instance_metadata"": {""complete"": true, ""instance_type"": ""euclidean"", ""n"": 9, ""points"": [[805.0029237453801, 807.9407897364938], [515.325561042142, 285.8013800881416], [53.930702381656424, 383.36888078551823], [408.47320541999864, 45.27519390244517], [48.75771072716806, 999.1761150650714], [652.3691115879877, 234.51020166982394], [434.94755222514203, 974.1861932592553], [897.6776081085488, 844.231037608741], [392.40466433477815, 493.0230187317426]], ""scale"": 1000.0, ""seed"": 5, ""symmetric"": true}, ""max_n"": 10, ""permutations_checked"": 40320, ""start"": 8}"
small_exact,evaluation,small_exact_euclidean_n9_seed5,euclidean,9,5,ortools,ok,"[8, 1, 5, 3, 2, 4, 6, 7, 0]",3287.9020549067313,3287.9020549067313,3287.9020549067313,0.0,0.0,True,True,True,0.0017918000012286939,254.5546875,255.3515625,0.796875,8.4,calibrated_on_calibration_split,,,5.0,"{""finite_edges"": true, ""infinity_penalty"": 9175243788000, ""instance_metadata"": {""complete"": true, ""instance_type"": ""euclidean"", ""n"": 9, ""points"": [[805.0029237453801, 807.9407897364938], [515.325561042142, 285.8013800881416], [53.930702381656424, 383.36888078551823], [408.47320541999864, 45.27519390244517], [48.75771072716806, 999.1761150650714], [652.3691115879877, 234.51020166982394], [434.94755222514203, 974.1861932592553], [897.6776081085488, 844.231037608741], [392.40466433477815, 493.0230187317426]], ""scale"": 1000.0, ""seed"": 5, ""symmetric"": true}, ""integer_scale"": 1000000, ""start"": 8, ""time_limit_s"": 5.0, ""valid_route"": true}"
small_exact,evaluation,small_exact_euclidean_n9_seed5,euclidean,9,5,networkx_christofides,ok,"[8, 2, 3, 1, 5, 7, 0, 6, 4]",3416.4317025030937,3287.9020549067313,3287.9020549067313,0.03909168991349664,0.03909168991349664,True,True,True,0.0010311000005458482,255.3515625,255.3515625,0.0,8.4,calibrated_on_calibration_split,,,,"{""finite_edges"": true, ""instance_metadata"": {""complete"": true, ""instance_type"": ""euclidean"", ""n"": 9, ""points"": [[805.0029237453801, 807.9407897364938], [515.325561042142, 285.8013800881416], [53.930702381656424, 383.36888078551823], [408.47320541999864, 45.27519390244517], [48.75771072716806, 999.1761150650714], [652.3691115879877, 234.51020166982394], [434.94755222514203, 974.1861932592553], [897.6776081085488, 844.231037608741], [392.40466433477815, 493.0230187317426]], ""scale"": 1000.0, ""seed"": 5, ""symmetric"": true}, ""requires_metric_symmetric_complete"": true, ""valid_route"": true}"
small_exact,evaluation,small_exact_euclidean_n9_seed5,euclidean,9,5,networkx_greedy,ok,"[8, 1, 5, 3, 2, 4, 6, 0, 7]",3309.2484362691766,3287.9020549067313,3287.9020549067313,0.006492401843476094,0.006492401843476094,True,True,True,0.00014010000086273067,255.3515625,255.3515625,0.0,8.4,calibrated_on_calibration_split,,,,"{""finite_edges"": true, ""instance_metadata"": {""complete"": true, ""instance_type"": ""euclidean"", ""n"": 9, ""points"": [[805.0029237453801, 807.9407897364938], [515.325561042142, 285.8013800881416], [53.930702381656424, 383.36888078551823], [408.47320541999864, 45.27519390244517], [48.75771072716806, 999.1761150650714], [652.3691115879877, 234.51020166982394], [434.94755222514203, 974.1861932592553], [897.6776081085488, 844.231037608741], [392.40466433477815, 493.0230187317426]], ""scale"": 1000.0, ""seed"": 5, ""symmetric"": true}, ""valid_route"": true}"
small_exact,evaluation,small_exact_euclidean_n9_seed5,euclidean,9,5,python_tsp_dynamic_programming,skipped_missing_dependency,,,3287.9020549067313,3287.9020549067313,nan,nan,True,,,0.0005686999975296203,255.3515625,255.3515625,0.0,8.4,calibrated_on_calibration_split,,,,"{""instance_metadata"": {""complete"": true, ""instance_type"": ""euclidean"", ""n"": 9, ""points"": [[805.0029237453801, 807.9407897364938], [515.325561042142, 285.8013800881416], [53.930702381656424, 383.36888078551823], [408.47320541999864, 45.27519390244517], [48.75771072716806, 999.1761150650714], [652.3691115879877, 234.51020166982394], [434.94755222514203, 974.1861932592553], [897.6776081085488, 844.231037608741], [392.40466433477815, 493.0230187317426]], ""scale"": 1000.0, ""seed"": 5, ""symmetric"": true}}"
small_exact,evaluation,small_exact_random_symmetric_n9_seed5,random_symmetric,9,5,tn_exact,ok,"[8, 0, 4, 7, 1, 2, 5, 3, 6]",271.6631830393659,270.89404954511747,270.89404954511747,0.0028392410078403084,0.0028392410078403084,True,True,True,0.09837640000114334,255.3515625,255.3828125,0.03125,8.4,calibrated_on_calibration_split,,True,,"{""exact_mode"": true, ""finite_edges"": true, ""instance_metadata"": {""complete"": true, ""high"": 100.0, ""instance_type"": ""random_symmetric"", ""low"": 1.0, ""n"": 9, ""seed"": 5, ""symmetric"": true}, ""max_layers"": 7, ""n_layers"": null, ""n_layers_effective"": 7, ""normalization_factor"": 90.45228678767748, ""normalize"": true, ""seed"": 5, ""tau"": 8.4, ""valid_route"": true}"
small_exact,evaluation,small_exact_random_symmetric_n9_seed5,random_symmetric,9,5,held_karp,ok,"[8, 0, 4, 3, 5, 2, 1, 7, 6]",270.89404954511747,270.89404954511747,270.89404954511747,0.0,0.0,True,True,True,0.0022443000016210135,255.3828125,255.3984375,0.015625,8.4,calibrated_on_calibration_split,,,,"{""instance_metadata"": {""complete"": true, ""high"": 100.0, ""instance_type"": ""random_symmetric"", ""low"": 1.0, ""n"": 9, ""seed"": 5, ""symmetric"": true}, ""max_n"": 18, ""start"": 8}"
small_exact,evaluation,small_exact_random_symmetric_n9_seed5,random_symmetric,9,5,bruteforce,ok,"[8, 0, 4, 3, 5, 2, 1, 7, 6]",270.89404954511747,270.89404954511747,270.89404954511747,0.0,0.0,True,True,True,0.1947693000001891,255.3984375,255.3984375,0.0,8.4,calibrated_on_calibration_split,,,,"{""instance_metadata"": {""complete"": true, ""high"": 100.0, ""instance_type"": ""random_symmetric"", ""low"": 1.0, ""n"": 9, ""seed"": 5, ""symmetric"": true}, ""max_n"": 10, ""permutations_checked"": 40320, ""start"": 8}"
small_exact,evaluation,small_exact_random_symmetric_n9_seed5,random_symmetric,9,5,ortools,ok,"[8, 0, 4, 3, 5, 2, 1, 7, 6]",270.89404954511747,270.89404954511747,270.89404954511747,0.0,0.0,True,True,True,0.0017287000009673648,255.3984375,255.69140625,0.29296875,8.4,calibrated_on_calibration_split,,,5.0,"{""finite_edges"": true, ""infinity_penalty"": 814070583000, ""instance_metadata"": {""complete"": true, ""high"": 100.0, ""instance_type"": ""random_symmetric"", ""low"": 1.0, ""n"": 9, ""seed"": 5, ""symmetric"": true}, ""integer_scale"": 1000000, ""start"": 8, ""time_limit_s"": 5.0, ""valid_route"": true}"
small_exact,evaluation,small_exact_random_symmetric_n9_seed5,random_symmetric,9,5,networkx_christofides,skipped_not_applicable,,,270.89404954511747,270.89404954511747,nan,nan,True,,,8.84000000951346e-05,255.69140625,255.69140625,0.0,8.4,calibrated_on_calibration_split,,,,"{""instance_metadata"": {""complete"": true, ""high"": 100.0, ""instance_type"": ""random_symmetric"", ""low"": 1.0, ""n"": 9, ""seed"": 5, ""symmetric"": true}, ""requires_metric_symmetric_complete"": true}"
small_exact,evaluation,small_exact_random_symmetric_n9_seed5,random_symmetric,9,5,networkx_greedy,ok,"[8, 0, 7, 1, 2, 3, 5, 6, 4]",355.79380461221876,270.89404954511747,270.89404954511747,0.3134057584862573,0.3134057584862573,True,True,True,0.000130899999930989,255.69140625,255.69140625,0.0,8.4,calibrated_on_calibration_split,,,,"{""finite_edges"": true, ""instance_metadata"": {""complete"": true, ""high"": 100.0, ""instance_type"": ""random_symmetric"", ""low"": 1.0, ""n"": 9, ""seed"": 5, ""symmetric"": true}, ""valid_route"": true}"
small_exact,evaluation,small_exact_random_symmetric_n9_seed5,random_symmetric,9,5,python_tsp_dynamic_programming,skipped_missing_dependency,,,270.89404954511747,270.89404954511747,nan,nan,True,,,0.0005343000011635013,255.69140625,255.69140625,0.0,8.4,calibrated_on_calibration_split,,,,"{""instance_metadata"": {""complete"": true, ""high"": 100.0, ""instance_type"": ""random_symmetric"", ""low"": 1.0, ""n"": 9, ""seed"": 5, ""symmetric"": true}}"
small_exact,evaluation,small_exact_random_asymmetric_n9_seed5,random_asymmetric,9,5,tn_exact,ok,"[8, 7, 1, 2, 5, 3, 4, 6, 0]",133.55334063094844,133.55334063094844,133.55334063094844,0.0,0.0,True,True,True,0.1030590000009397,255.69140625,255.73046875,0.0390625,8.4,calibrated_on_calibration_split,,True,,"{""exact_mode"": true, ""finite_edges"": true, ""instance_metadata"": {""complete"": true, ""high"": 100.0, ""instance_type"": ""random_asymmetric"", ""low"": 1.0, ""n"": 9, ""seed"": 5, ""symmetric"": false}, ""max_layers"": 7, ""n_layers"": null, ""n_layers_effective"": 7, ""normalization_factor"": 99.91843539144207, ""normalize"": true, ""seed"": 5, ""tau"": 8.4, ""valid_route"": true}"
small_exact,evaluation,small_exact_random_asymmetric_n9_seed5,random_asymmetric,9,5,held_karp,ok,"[8, 7, 1, 2, 5, 3, 4, 6, 0]",133.55334063094844,133.55334063094844,133.55334063094844,0.0,0.0,True,True,True,0.002180600000428967,255.73046875,255.73828125,0.0078125,8.4,calibrated_on_calibration_split,,,,"{""instance_metadata"": {""complete"": true, ""high"": 100.0, ""instance_type"": ""random_asymmetric"", ""low"": 1.0, ""n"": 9, ""seed"": 5, ""symmetric"": false}, ""max_n"": 18, ""start"": 8}"
small_exact,evaluation,small_exact_random_asymmetric_n9_seed5,random_asymmetric,9,5,bruteforce,ok,"[8, 7, 1, 2, 5, 3, 4, 6, 0]",133.55334063094844,133.55334063094844,133.55334063094844,0.0,0.0,True,True,True,0.21575519999896642,255.73828125,255.73828125,0.0,8.4,calibrated_on_calibration_split,,,,"{""instance_metadata"": {""complete"": true, ""high"": 100.0, ""instance_type"": ""random_asymmetric"", ""low"": 1.0, ""n"": 9, ""seed"": 5, ""symmetric"": false}, ""max_n"": 10, ""permutations_checked"": 40320, ""start"": 8}"
small_exact,evaluation,small_exact_random_asymmetric_n9_seed5,random_asymmetric,9,5,ortools,ok,"[8, 7, 1, 2, 5, 3, 4, 6, 0]",133.55334063094844,133.55334063094844,133.55334063094844,0.0,0.0,True,True,True,0.0015654000017093495,255.73828125,255.73828125,0.0,8.4,calibrated_on_calibration_split,,,5.0,"{""finite_edges"": true, ""infinity_penalty"": 899265915000, ""instance_metadata"": {""complete"": true, ""high"": 100.0, ""instance_type"": ""random_asymmetric"", ""low"": 1.0, ""n"": 9, ""seed"": 5, ""symmetric"": false}, ""integer_scale"": 1000000, ""start"": 8, ""time_limit_s"": 5.0, ""valid_route"": true}"
small_exact,evaluation,small_exact_random_asymmetric_n9_seed5,random_asymmetric,9,5,networkx_christofides,skipped_not_applicable,,,133.55334063094844,133.55334063094844,nan,nan,True,,,8.70000003487803e-05,255.73828125,255.73828125,0.0,8.4,calibrated_on_calibration_split,,,,"{""instance_metadata"": {""complete"": true, ""high"": 100.0, ""instance_type"": ""random_asymmetric"", ""low"": 1.0, ""n"": 9, ""seed"": 5, ""symmetric"": false}, ""requires_metric_symmetric_complete"": true}"
small_exact,evaluation,small_exact_random_asymmetric_n9_seed5,random_asymmetric,9,5,networkx_greedy,ok,"[8, 7, 1, 2, 5, 3, 4, 6, 0]",133.55334063094844,133.55334063094844,133.55334063094844,0.0,0.0,True,True,True,0.00015699999858043157,255.73828125,255.73828125,0.0,8.4,calibrated_on_calibration_split,,,,"{""finite_edges"": true, ""instance_metadata"": {""complete"": true, ""high"": 100.0, ""instance_type"": ""random_asymmetric"", ""low"": 1.0, ""n"": 9, ""seed"": 5, ""symmetric"": false}, ""valid_route"": true}"
small_exact,evaluation,small_exact_random_asymmetric_n9_seed5,random_asymmetric,9,5,python_tsp_dynamic_programming,skipped_missing_dependency,,,133.55334063094844,133.55334063094844,nan,nan,True,,,0.0005636000023514498,255.73828125,255.73828125,0.0,8.4,calibrated_on_calibration_split,,,,"{""instance_metadata"": {""complete"": true, ""high"": 100.0, ""instance_type"": ""random_asymmetric"", ""low"": 1.0, ""n"": 9, ""seed"": 5, ""symmetric"": false}}"
small_exact,evaluation,small_exact_euclidean_n9_seed6,euclidean,9,6,tn_exact,ok,"[8, 1, 0, 4, 3, 2, 7, 6, 5]",3278.7214071827025,3278.7214071827025,3278.7214071827025,0.0,0.0,True,True,True,0.08397010000044247,255.73828125,255.84375,0.10546875,8.4,calibrated_on_calibration_split,,True,,"{""exact_mode"": true, ""finite_edges"": true, ""instance_metadata"": {""complete"": true, ""instance_type"": ""euclidean"", ""n"": 9, ""points"": [[538.1643514719432, 343.27086981333844], [369.06723979537827, 374.49676558788235], [987.4449901864666, 632.7562726071461], [674.3239305044935, 329.96345538545836], [679.9176611640223, 122.97237488719004], [51.729231983775215, 850.1913468087871], [8.895805535434675, 978.7675621852967], [827.0030258190536, 785.2109593263714], [48.0834870025465, 207.43926620697474]], ""scale"": 1000.0, ""seed"": 6, ""symmetric"": true}, ""max_layers"": 7, ""n_layers"": null, ""n_layers_effective"": 7, ""normalization_factor"": 1087.4997624523116, ""normalize"": true, ""seed"": 6, ""tau"": 8.4, ""valid_route"": true}"
small_exact,evaluation,small_exact_euclidean_n9_seed6,euclidean,9,6,held_karp,ok,"[8, 5, 6, 7, 2, 3, 4, 0, 1]",3278.7214071827025,3278.7214071827025,3278.7214071827025,0.0,0.0,True,True,True,0.002403599999524886,255.84375,255.85546875,0.01171875,8.4,calibrated_on_calibration_split,,,,"{""instance_metadata"": {""complete"": true, ""instance_type"": ""euclidean"", ""n"": 9, ""points"": [[538.1643514719432, 343.27086981333844], [369.06723979537827, 374.49676558788235], [987.4449901864666, 632.7562726071461], [674.3239305044935, 329.96345538545836], [679.9176611640223, 122.97237488719004], [51.729231983775215, 850.1913468087871], [8.895805535434675, 978.7675621852967], [827.0030258190536, 785.2109593263714], [48.0834870025465, 207.43926620697474]], ""scale"": 1000.0, ""seed"": 6, ""symmetric"": true}, ""max_n"": 18, ""start"": 8}"
small_exact,evaluation,small_exact_euclidean_n9_seed6,euclidean,9,6,bruteforce,ok,"[8, 1, 0, 4, 3, 2, 7, 6, 5]",3278.7214071827025,3278.7214071827025,3278.7214071827025,0.0,0.0,True,True,True,0.21060239999860642,255.85546875,255.85546875,0.0,8.4,calibrated_on_calibration_split,,,,"{""instance_metadata"": {""complete"": true, ""instance_type"": ""euclidean"", ""n"": 9, ""points"": [[538.1643514719432, 343.27086981333844], [369.06723979537827, 374.49676558788235], [987.4449901864666, 632.7562726071461], [674.3239305044935, 329.96345538545836], [679.9176611640223, 122.97237488719004], [51.729231983775215, 850.1913468087871], [8.895805535434675, 978.7675621852967], [827.0030258190536, 785.2109593263714], [48.0834870025465, 207.43926620697474]], ""scale"": 1000.0, ""seed"": 6, ""symmetric"": true}, ""max_n"": 10, ""permutations_checked"": 40320, ""start"": 8}"
small_exact,evaluation,small_exact_euclidean_n9_seed6,euclidean,9,6,ortools,ok,"[8, 1, 0, 4, 3, 2, 7, 6, 5]",3278.7214071827025,3278.7214071827025,3278.7214071827025,0.0,0.0,True,True,True,0.001665099996898789,255.85546875,255.859375,0.00390625,8.4,calibrated_on_calibration_split,,,5.0,"{""finite_edges"": true, ""infinity_penalty"": 9787497858000, ""instance_metadata"": {""complete"": true, ""instance_type"": ""euclidean"", ""n"": 9, ""points"": [[538.1643514719432, 343.27086981333844], [369.06723979537827, 374.49676558788235], [987.4449901864666, 632.7562726071461], [674.3239305044935, 329.96345538545836], [679.9176611640223, 122.97237488719004], [51.729231983775215, 850.1913468087871], [8.895805535434675, 978.7675621852967], [827.0030258190536, 785.2109593263714], [48.0834870025465, 207.43926620697474]], ""scale"": 1000.0, ""seed"": 6, ""symmetric"": true}, ""integer_scale"": 1000000, ""start"": 8, ""time_limit_s"": 5.0, ""valid_route"": true}"
small_exact,evaluation,small_exact_euclidean_n9_seed6,euclidean,9,6,networkx_christofides,ok,"[8, 1, 0, 4, 3, 2, 7, 6, 5]",3278.7214071827025,3278.7214071827025,3278.7214071827025,0.0,0.0,True,True,True,0.0008548000005248468,255.859375,255.859375,0.0,8.4,calibrated_on_calibration_split,,,,"{""finite_edges"": true, ""instance_metadata"": {""complete"": true, ""instance_type"": ""euclidean"", ""n"": 9, ""points"": [[538.1643514719432, 343.27086981333844], [369.06723979537827, 374.49676558788235], [987.4449901864666, 632.7562726071461], [674.3239305044935, 329.96345538545836], [679.9176611640223, 122.97237488719004], [51.729231983775215, 850.1913468087871], [8.895805535434675, 978.7675621852967], [827.0030258190536, 785.2109593263714], [48.0834870025465, 207.43926620697474]], ""scale"": 1000.0, ""seed"": 6, ""symmetric"": true}, ""requires_metric_symmetric_complete"": true, ""valid_route"": true}"
small_exact,evaluation,small_exact_euclidean_n9_seed6,euclidean,9,6,networkx_greedy,ok,"[8, 1, 0, 3, 4, 2, 7, 5, 6]",3380.206971101811,3278.7214071827025,3278.7214071827025,0.030952786563928258,0.030952786563928258,True,True,True,0.00012849999984609894,255.859375,255.859375,0.0,8.4,calibrated_on_calibration_split,,,,"{""finite_edges"": true, ""instance_metadata"": {""complete"": true, ""instance_type"": ""euclidean"", ""n"": 9, ""points"": [[538.1643514719432, 343.27086981333844], [369.06723979537827, 374.49676558788235], [987.4449901864666, 632.7562726071461], [674.3239305044935, 329.96345538545836], [679.9176611640223, 122.97237488719004], [51.729231983775215, 850.1913468087871], [8.895805535434675, 978.7675621852967], [827.0030258190536, 785.2109593263714], [48.0834870025465, 207.43926620697474]], ""scale"": 1000.0, ""seed"": 6, ""symmetric"": true}, ""valid_route"": true}"
small_exact,evaluation,small_exact_euclidean_n9_seed6,euclidean,9,6,python_tsp_dynamic_programming,skipped_missing_dependency,,,3278.7214071827025,3278.7214071827025,nan,nan,True,,,0.000563599998713471,255.859375,255.859375,0.0,8.4,calibrated_on_calibration_split,,,,"{""instance_metadata"": {""complete"": true, ""instance_type"": ""euclidean"", ""n"": 9, ""points"": [[538.1643514719432, 343.27086981333844], [369.06723979537827, 374.49676558788235], [987.4449901864666, 632.7562726071461], [674.3239305044935, 329.96345538545836], [679.9176611640223, 122.97237488719004], [51.729231983775215, 850.1913468087871], [8.895805535434675, 978.7675621852967], [827.0030258190536, 785.2109593263714], [48.0834870025465, 207.43926620697474]], ""scale"": 1000.0, ""seed"": 6, ""symmetric"": true}}"
small_exact,evaluation,small_exact_random_symmetric_n9_seed6,random_symmetric,9,6,tn_exact,ok,"[8, 2, 5, 1, 3, 7, 0, 6, 4]",310.6102087780798,310.61020877807977,310.61020877807977,1.830056361779811e-16,1.830056361779811e-16,True,True,True,0.0728075999977591,255.859375,255.94921875,0.08984375,8.4,calibrated_on_calibration_split,,True,,"{""exact_mode"": true, ""finite_edges"": true, ""instance_metadata"": {""complete"": true, ""high"": 100.0, ""instance_type"": ""random_symmetric"", ""low"": 1.0, ""n"": 9, ""seed"": 6, ""symmetric"": true}, ""max_layers"": 7, ""n_layers"": null, ""n_layers_effective"": 7, ""normalization_factor"": 97.91774004520022, ""normalize"": true, ""seed"": 6, ""tau"": 8.4, ""valid_route"": true}"
small_exact,evaluation,small_exact_random_symmetric_n9_seed6,random_symmetric,9,6,held_karp,ok,"[8, 4, 6, 0, 7, 3, 1, 5, 2]",310.61020877807977,310.61020877807977,310.61020877807977,0.0,0.0,True,True,True,0.0016685000009601936,255.94921875,255.984375,0.03515625,8.4,calibrated_on_calibration_split,,,,"{""instance_metadata"": {""complete"": true, ""high"": 100.0, ""instance_type"": ""random_symmetric"", ""low"": 1.0, ""n"": 9, ""seed"": 6, ""symmetric"": true}, ""max_n"": 18, ""start"": 8}"
small_exact,evaluation,small_exact_random_symmetric_n9_seed6,random_symmetric,9,6,bruteforce,ok,"[8, 4, 6, 0, 7, 3, 1, 5, 2]",310.61020877807977,310.61020877807977,310.61020877807977,0.0,0.0,True,True,True,0.19944240000040736,255.984375,255.984375,0.0,8.4,calibrated_on_calibration_split,,,,"{""instance_metadata"": {""complete"": true, ""high"": 100.0, ""instance_type"": ""random_symmetric"", ""low"": 1.0, ""n"": 9, ""seed"": 6, ""symmetric"": true}, ""max_n"": 10, ""permutations_checked"": 40320, ""start"": 8}"
small_exact,evaluation,small_exact_random_symmetric_n9_seed6,random_symmetric,9,6,ortools,ok,"[8, 7, 3, 1, 0, 6, 4, 5, 2]",321.7539099522217,310.61020877807977,310.61020877807977,0.035876802691001464,0.035876802691001464,True,True,True,0.0018466000001353677,255.984375,255.984375,0.0,8.4,calibrated_on_calibration_split,,,5.0,"{""finite_edges"": true, ""infinity_penalty"": 881259660000, ""instance_metadata"": {""complete"": true, ""high"": 100.0, ""instance_type"": ""random_symmetric"", ""low"": 1.0, ""n"": 9, ""seed"": 6, ""symmetric"": true}, ""integer_scale"": 1000000, ""start"": 8, ""time_limit_s"": 5.0, ""valid_route"": true}"
small_exact,evaluation,small_exact_random_symmetric_n9_seed6,random_symmetric,9,6,networkx_christofides,skipped_not_applicable,,,310.61020877807977,310.61020877807977,nan,nan,True,,,0.00010089999705087394,255.984375,255.984375,0.0,8.4,calibrated_on_calibration_split,,,,"{""instance_metadata"": {""complete"": true, ""high"": 100.0, ""instance_type"": ""random_symmetric"", ""low"": 1.0, ""n"": 9, ""seed"": 6, ""symmetric"": true}, ""requires_metric_symmetric_complete"": true}"
small_exact,evaluation,small_exact_random_symmetric_n9_seed6,random_symmetric,9,6,networkx_greedy,ok,"[8, 2, 3, 1, 0, 6, 4, 7, 5]",380.0525056197869,310.61020877807977,310.61020877807977,0.22356733577717428,0.22356733577717428,True,True,True,0.00015129999883356504,255.984375,255.984375,0.0,8.4,calibrated_on_calibration_split,,,,"{""finite_edges"": true, ""instance_metadata"": {""complete"": true, ""high"": 100.0, ""instance_type"": ""random_symmetric"", ""low"": 1.0, ""n"": 9, ""seed"": 6, ""symmetric"": true}, ""valid_route"": true}"
small_exact,evaluation,small_exact_random_symmetric_n9_seed6,random_symmetric,9,6,python_tsp_dynamic_programming,skipped_missing_dependency,,,310.61020877807977,310.61020877807977,nan,nan,True,,,0.0007439000000886153,255.984375,255.984375,0.0,8.4,calibrated_on_calibration_split,,,,"{""instance_metadata"": {""complete"": true, ""high"": 100.0, ""instance_type"": ""random_symmetric"", ""low"": 1.0, ""n"": 9, ""seed"": 6, ""symmetric"": true}}"
small_exact,evaluation,small_exact_random_asymmetric_n9_seed6,random_asymmetric,9,6,tn_exact,ok,"[8, 4, 6, 0, 1, 7, 3, 5, 2]",185.28605662213405,185.28605662213405,185.28605662213405,0.0,0.0,True,True,True,0.08179100000052131,255.984375,256.203125,0.21875,8.4,calibrated_on_calibration_split,,True,,"{""exact_mode"": true, ""finite_edges"": true, ""instance_metadata"": {""complete"": true, ""high"": 100.0, ""instance_type"": ""random_asymmetric"", ""low"": 1.0, ""n"": 9, ""seed"": 6, ""symmetric"": false}, ""max_layers"": 7, ""n_layers"": null, ""n_layers_effective"": 7, ""normalization_factor"": 98.76630070269854, ""normalize"": true, ""seed"": 6, ""tau"": 8.4, ""valid_route"": true}"
small_exact,evaluation,small_exact_random_asymmetric_n9_seed6,random_asymmetric,9,6,held_karp,ok,"[8, 4, 6, 0, 1, 7, 3, 5, 2]",185.28605662213405,185.28605662213405,185.28605662213405,0.0,0.0,True,True,True,0.0016165000015462283,256.203125,256.21484375,0.01171875,8.4,calibrated_on_calibration_split,,,,"{""instance_metadata"": {""complete"": true, ""high"": 100.0, ""instance_type"": ""random_asymmetric"", ""low"": 1.0, ""n"": 9, ""seed"": 6, ""symmetric"": false}, ""max_n"": 18, ""start"": 8}"
small_exact,evaluation,small_exact_random_asymmetric_n9_seed6,random_asymmetric,9,6,bruteforce,ok,"[8, 4, 6, 0, 1, 7, 3, 5, 2]",185.28605662213405,185.28605662213405,185.28605662213405,0.0,0.0,True,True,True,0.21230809999906342,256.21484375,256.21484375,0.0,8.4,calibrated_on_calibration_split,,,,"{""instance_metadata"": {""complete"": true, ""high"": 100.0, ""instance_type"": ""random_asymmetric"", ""low"": 1.0, ""n"": 9, ""seed"": 6, ""symmetric"": false}, ""max_n"": 10, ""permutations_checked"": 40320, ""start"": 8}"
small_exact,evaluation,small_exact_random_asymmetric_n9_seed6,random_asymmetric,9,6,ortools,ok,"[8, 4, 6, 0, 1, 7, 3, 5, 2]",185.28605662213405,185.28605662213405,185.28605662213405,0.0,0.0,True,True,True,0.001914500000566477,256.21484375,256.21484375,0.0,8.4,calibrated_on_calibration_split,,,5.0,"{""finite_edges"": true, ""infinity_penalty"": 888896709000, ""instance_metadata"": {""complete"": true, ""high"": 100.0, ""instance_type"": ""random_asymmetric"", ""low"": 1.0, ""n"": 9, ""seed"": 6, ""symmetric"": false}, ""integer_scale"": 1000000, ""start"": 8, ""time_limit_s"": 5.0, ""valid_route"": true}"
small_exact,evaluation,small_exact_random_asymmetric_n9_seed6,random_asymmetric,9,6,networkx_christofides,skipped_not_applicable,,,185.28605662213405,185.28605662213405,nan,nan,True,,,9.349999891128391e-05,256.21484375,256.21484375,0.0,8.4,calibrated_on_calibration_split,,,,"{""instance_metadata"": {""complete"": true, ""high"": 100.0, ""instance_type"": ""random_asymmetric"", ""low"": 1.0, ""n"": 9, ""seed"": 6, ""symmetric"": false}, ""requires_metric_symmetric_complete"": true}"
small_exact,evaluation,small_exact_random_asymmetric_n9_seed6,random_asymmetric,9,6,networkx_greedy,ok,"[8, 4, 6, 3, 1, 7, 2, 5, 0]",326.5676234106355,185.28605662213405,185.28605662213405,0.7625051197275259,0.7625051197275259,True,True,True,0.00015619999976479448,256.21484375,256.21484375,0.0,8.4,calibrated_on_calibration_split,,,,"{""finite_edges"": true, ""instance_metadata"": {""complete"": true, ""high"": 100.0, ""instance_type"": ""random_asymmetric"", ""low"": 1.0, ""n"": 9, ""seed"": 6, ""symmetric"": false}, ""valid_route"": true}"
small_exact,evaluation,small_exact_random_asymmetric_n9_seed6,random_asymmetric,9,6,python_tsp_dynamic_programming,skipped_missing_dependency,,,185.28605662213405,185.28605662213405,nan,nan,True,,,0.0005746000024373643,256.21484375,256.21484375,0.0,8.4,calibrated_on_calibration_split,,,,"{""instance_metadata"": {""complete"": true, ""high"": 100.0, ""instance_type"": ""random_asymmetric"", ""low"": 1.0, ""n"": 9, ""seed"": 6, ""symmetric"": false}}"
small_exact,evaluation,small_exact_euclidean_n9_seed7,euclidean,9,7,tn_exact,ok,"[8, 0, 2, 3, 6, 5, 7, 1, 4]",3026.0723164234623,3026.0723164234623,3026.0723164234623,0.0,0.0,True,True,True,0.09852730000056908,256.21484375,256.359375,0.14453125,8.4,calibrated_on_calibration_split,,True,,"{""exact_mode"": true, ""finite_edges"": true, ""instance_metadata"": {""complete"": true, ""instance_type"": ""euclidean"", ""n"": 9, ""points"": [[625.095466604667, 897.2138009695755], [775.6856902451935, 225.20718999059187], [300.16628491122543, 873.5534453962618], [5.265304565574724, 821.2284183827662], [797.0694287520462, 467.9349528437208], [303.0324268193135, 278.4256121007733], [254.8695876541246, 445.0763058826466], [504.5482589579533, 553.4973520744925], [995.5002834343927, 792.6619192137531]], ""scale"": 1000.0, ""seed"": 7, ""symmetric"": true}, ""max_layers"": 7, ""n_layers"": null, ""n_layers_effective"": 7, ""normalization_factor"": 990.6469392523765, ""normalize"": true, ""seed"": 7, ""tau"": 8.4, ""valid_route"": true}"
small_exact,evaluation,small_exact_euclidean_n9_seed7,euclidean,9,7,held_karp,ok,"[8, 0, 2, 3, 6, 5, 7, 1, 4]",3026.0723164234623,3026.0723164234623,3026.0723164234623,0.0,0.0,True,True,True,0.001861000000644708,256.359375,256.390625,0.03125,8.4,calibrated_on_calibration_split,,,,"{""instance_metadata"": {""complete"": true, ""instance_type"": ""euclidean"", ""n"": 9, ""points"": [[625.095466604667, 897.2138009695755], [775.6856902451935, 225.20718999059187], [300.16628491122543, 873.5534453962618], [5.265304565574724, 821.2284183827662], [797.0694287520462, 467.9349528437208], [303.0324268193135, 278.4256121007733], [254.8695876541246, 445.0763058826466], [504.5482589579533, 553.4973520744925], [995.5002834343927, 792.6619192137531]], ""scale"": 1000.0, ""seed"": 7, ""symmetric"": true}, ""max_n"": 18, ""start"": 8}"
small_exact,evaluation,small_exact_euclidean_n9_seed7,euclidean,9,7,bruteforce,ok,"[8, 0, 2, 3, 6, 5, 7, 1, 4]",3026.0723164234623,3026.0723164234623,3026.0723164234623,0.0,0.0,True,True,True,0.1965288999999757,256.390625,256.390625,0.0,8.4,calibrated_on_calibration_split,,,,"{""instance_metadata"": {""complete"": true, ""instance_type"": ""euclidean"", ""n"": 9, ""points"": [[625.095466604667, 897.2138009695755], [775.6856902451935, 225.20718999059187], [300.16628491122543, 873.5534453962618], [5.265304565574724, 821.2284183827662], [797.0694287520462, 467.9349528437208], [303.0324268193135, 278.4256121007733], [254.8695876541246, 445.0763058826466], [504.5482589579533, 553.4973520744925], [995.5002834343927, 792.6619192137531]], ""scale"": 1000.0, ""seed"": 7, ""symmetric"": true}, ""max_n"": 10, ""permutations_checked"": 40320, ""start"": 8}"
small_exact,evaluation,small_exact_euclidean_n9_seed7,euclidean,9,7,ortools,ok,"[8, 4, 1, 7, 5, 6, 3, 2, 0]",3026.072316423463,3026.0723164234623,3026.0723164234623,1.5027643206621495e-16,1.5027643206621495e-16,True,True,True,0.001646599997911835,256.390625,256.390625,0.0,8.4,calibrated_on_calibration_split,,,5.0,"{""finite_edges"": true, ""infinity_penalty"": 8915822451000, ""instance_metadata"": {""complete"": true, ""instance_type"": ""euclidean"", ""n"": 9, ""points"": [[625.095466604667, 897.2138009695755], [775.6856902451935, 225.20718999059187], [300.16628491122543, 873.5534453962618], [5.265304565574724, 821.2284183827662], [797.0694287520462, 467.9349528437208], [303.0324268193135, 278.4256121007733], [254.8695876541246, 445.0763058826466], [504.5482589579533, 553.4973520744925], [995.5002834343927, 792.6619192137531]], ""scale"": 1000.0, ""seed"": 7, ""symmetric"": true}, ""integer_scale"": 1000000, ""start"": 8, ""time_limit_s"": 5.0, ""valid_route"": true}"
small_exact,evaluation,small_exact_euclidean_n9_seed7,euclidean,9,7,networkx_christofides,ok,"[8, 4, 1, 6, 5, 3, 2, 0, 7]",3517.77774856964,3026.0723164234623,3026.0723164234623,0.16248965019029293,0.16248965019029293,True,True,True,0.0008767000035732053,256.390625,256.3984375,0.0078125,8.4,calibrated_on_calibration_split,,,,"{""finite_edges"": true, ""instance_metadata"": {""complete"": true, ""instance_type"": ""euclidean"", ""n"": 9, ""points"": [[625.095466604667, 897.2138009695755], [775.6856902451935, 225.20718999059187], [300.16628491122543, 873.5534453962618], [5.265304565574724, 821.2284183827662], [797.0694287520462, 467.9349528437208], [303.0324268193135, 278.4256121007733], [254.8695876541246, 445.0763058826466], [504.5482589579533, 553.4973520744925], [995.5002834343927, 792.6619192137531]], ""scale"": 1000.0, ""seed"": 7, ""symmetric"": true}, ""requires_metric_symmetric_complete"": true, ""valid_route"": true}"
small_exact,evaluation,small_exact_euclidean_n9_seed7,euclidean,9,7,networkx_greedy,ok,"[8, 0, 3, 2, 5, 6, 7, 1, 4]",3399.6686115871867,3026.0723164234623,3026.0723164234623,0.12345914310642801,0.12345914310642801,True,True,True,0.00023689999943599105,256.3984375,256.3984375,0.0,8.4,calibrated_on_calibration_split,,,,"{""finite_edges"": true, ""instance_metadata"": {""complete"": true, ""instance_type"": ""euclidean"", ""n"": 9, ""points"": [[625.095466604667, 897.2138009695755], [775.6856902451935, 225.20718999059187], [300.16628491122543, 873.5534453962618], [5.265304565574724, 821.2284183827662], [797.0694287520462, 467.9349528437208], [303.0324268193135, 278.4256121007733], [254.8695876541246, 445.0763058826466], [504.5482589579533, 553.4973520744925], [995.5002834343927, 792.6619192137531]], ""scale"": 1000.0, ""seed"": 7, ""symmetric"": true}, ""valid_route"": true}"
small_exact,evaluation,small_exact_euclidean_n9_seed7,euclidean,9,7,python_tsp_dynamic_programming,skipped_missing_dependency,,,3026.0723164234623,3026.0723164234623,nan,nan,True,,,0.0005388999998103827,256.3984375,256.3984375,0.0,8.4,calibrated_on_calibration_split,,,,"{""instance_metadata"": {""complete"": true, ""instance_type"": ""euclidean"", ""n"": 9, ""points"": [[625.095466604667, 897.2138009695755], [775.6856902451935, 225.20718999059187], [300.16628491122543, 873.5534453962618], [5.265304565574724, 821.2284183827662], [797.0694287520462, 467.9349528437208], [303.0324268193135, 278.4256121007733], [254.8695876541246, 445.0763058826466], [504.5482589579533, 553.4973520744925], [995.5002834343927, 792.6619192137531]], ""scale"": 1000.0, ""seed"": 7, ""symmetric"": true}}"
small_exact,evaluation,small_exact_random_symmetric_n9_seed7,random_symmetric,9,7,tn_exact,ok,"[8, 7, 0, 6, 3, 4, 1, 5, 2]",253.91533397099153,253.91533397099153,253.91533397099153,0.0,0.0,True,True,True,0.0984372999992047,256.3984375,256.625,0.2265625,8.4,calibrated_on_calibration_split,,True,,"{""exact_mode"": true, ""finite_edges"": true, ""instance_metadata"": {""complete"": true, ""high"": 100.0, ""instance_type"": ""random_symmetric"", ""low"": 1.0, ""n"": 9, ""seed"": 7, ""symmetric"": true}, ""max_layers"": 7, ""n_layers"": null, ""n_layers_effective"": 7, ""normalization_factor"": 87.70774076834861, ""normalize"": true, ""seed"": 7, ""tau"": 8.4, ""valid_route"": true}"
small_exact,evaluation,small_exact_random_symmetric_n9_seed7,random_symmetric,9,7,held_karp,ok,"[8, 7, 0, 6, 3, 4, 1, 5, 2]",253.91533397099153,253.91533397099153,253.91533397099153,0.0,0.0,True,True,True,0.0021952999995846767,256.625,256.625,0.0,8.4,calibrated_on_calibration_split,,,,"{""instance_metadata"": {""complete"": true, ""high"": 100.0, ""instance_type"": ""random_symmetric"", ""low"": 1.0, ""n"": 9, ""seed"": 7, ""symmetric"": true}, ""max_n"": 18, ""start"": 8}"
small_exact,evaluation,small_exact_random_symmetric_n9_seed7,random_symmetric,9,7,bruteforce,ok,"[8, 2, 5, 1, 4, 3, 6, 0, 7]",253.91533397099153,253.91533397099153,253.91533397099153,0.0,0.0,True,True,True,0.19892780000009225,256.625,256.625,0.0,8.4,calibrated_on_calibration_split,,,,"{""instance_metadata"": {""complete"": true, ""high"": 100.0, ""instance_type"": ""random_symmetric"", ""low"": 1.0, ""n"": 9, ""seed"": 7, ""symmetric"": true}, ""max_n"": 10, ""permutations_checked"": 40320, ""start"": 8}"
small_exact,evaluation,small_exact_random_symmetric_n9_seed7,random_symmetric,9,7,ortools,ok,"[8, 7, 0, 6, 3, 4, 1, 5, 2]",253.91533397099153,253.91533397099153,253.91533397099153,0.0,0.0,True,True,True,0.001605800000106683,256.625,256.6328125,0.0078125,8.4,calibrated_on_calibration_split,,,5.0,"{""finite_edges"": true, ""infinity_penalty"": 789369669000, ""instance_metadata"": {""complete"": true, ""high"": 100.0, ""instance_type"": ""random_symmetric"", ""low"": 1.0, ""n"": 9, ""seed"": 7, ""symmetric"": true}, ""integer_scale"": 1000000, ""start"": 8, ""time_limit_s"": 5.0, ""valid_route"": true}"
small_exact,evaluation,small_exact_random_symmetric_n9_seed7,random_symmetric,9,7,networkx_christofides,skipped_not_applicable,,,253.91533397099153,253.91533397099153,nan,nan,True,,,9.940000018104911e-05,256.6328125,256.6328125,0.0,8.4,calibrated_on_calibration_split,,,,"{""instance_metadata"": {""complete"": true, ""high"": 100.0, ""instance_type"": ""random_symmetric"", ""low"": 1.0, ""n"": 9, ""seed"": 7, ""symmetric"": true}, ""requires_metric_symmetric_complete"": true}"
small_exact,evaluation,small_exact_random_symmetric_n9_seed7,random_symmetric,9,7,networkx_greedy,ok,"[8, 0, 6, 1, 4, 3, 5, 2, 7]",299.0163739975617,253.91533397099153,253.91533397099153,0.17762235671723045,0.17762235671723045,True,True,True,0.00013269999908516183,256.6328125,256.6328125,0.0,8.4,calibrated_on_calibration_split,,,,"{""finite_edges"": true, ""instance_metadata"": {""complete"": true, ""high"": 100.0, ""instance_type"": ""random_symmetric"", ""low"": 1.0, ""n"": 9, ""seed"": 7, ""symmetric"": true}, ""valid_route"": true}"
small_exact,evaluation,small_exact_random_symmetric_n9_seed7,random_symmetric,9,7,python_tsp_dynamic_programming,skipped_missing_dependency,,,253.91533397099153,253.91533397099153,nan,nan,True,,,0.0005801000006613322,256.6328125,256.6328125,0.0,8.4,calibrated_on_calibration_split,,,,"{""instance_metadata"": {""complete"": true, ""high"": 100.0, ""instance_type"": ""random_symmetric"", ""low"": 1.0, ""n"": 9, ""seed"": 7, ""symmetric"": true}}"
small_exact,evaluation,small_exact_random_asymmetric_n9_seed7,random_asymmetric,9,7,tn_exact,ok,"[8, 2, 5, 7, 4, 0, 6, 1, 3]",138.88713037670286,138.88713037670286,138.88713037670286,0.0,0.0,True,True,True,0.10344030000123894,256.6328125,256.90234375,0.26953125,8.4,calibrated_on_calibration_split,,True,,"{""exact_mode"": true, ""finite_edges"": true, ""instance_metadata"": {""complete"": true, ""high"": 100.0, ""instance_type"": ""random_asymmetric"", ""low"": 1.0, ""n"": 9, ""seed"": 7, ""symmetric"": false}, ""max_layers"": 7, ""n_layers"": null, ""n_layers_effective"": 7, ""normalization_factor"": 99.55452806000487, ""normalize"": true, ""seed"": 7, ""tau"": 8.4, ""valid_route"": true}"
small_exact,evaluation,small_exact_random_asymmetric_n9_seed7,random_asymmetric,9,7,held_karp,ok,"[8, 2, 5, 7, 4, 0, 6, 1, 3]",138.88713037670286,138.88713037670286,138.88713037670286,0.0,0.0,True,True,True,0.0022639000017079525,256.90234375,256.93359375,0.03125,8.4,calibrated_on_calibration_split,,,,"{""instance_metadata"": {""complete"": true, ""high"": 100.0, ""instance_type"": ""random_asymmetric"", ""low"": 1.0, ""n"": 9, ""seed"": 7, ""symmetric"": false}, ""max_n"": 18, ""start"": 8}"
small_exact,evaluation,small_exact_random_asymmetric_n9_seed7,random_asymmetric,9,7,bruteforce,ok,"[8, 2, 5, 7, 4, 0, 6, 1, 3]",138.88713037670286,138.88713037670286,138.88713037670286,0.0,0.0,True,True,True,0.21205680000275606,256.93359375,256.93359375,0.0,8.4,calibrated_on_calibration_split,,,,"{""instance_metadata"": {""complete"": true, ""high"": 100.0, ""instance_type"": ""random_asymmetric"", ""low"": 1.0, ""n"": 9, ""seed"": 7, ""symmetric"": false}, ""max_n"": 10, ""permutations_checked"": 40320, ""start"": 8}"
small_exact,evaluation,small_exact_random_asymmetric_n9_seed7,random_asymmetric,9,7,ortools,ok,"[8, 2, 5, 7, 4, 0, 6, 1, 3]",138.88713037670286,138.88713037670286,138.88713037670286,0.0,0.0,True,True,True,0.0018897000009019393,256.93359375,256.9375,0.00390625,8.4,calibrated_on_calibration_split,,,5.0,"{""finite_edges"": true, ""infinity_penalty"": 895990752000, ""instance_metadata"": {""complete"": true, ""high"": 100.0, ""instance_type"": ""random_asymmetric"", ""low"": 1.0, ""n"": 9, ""seed"": 7, ""symmetric"": false}, ""integer_scale"": 1000000, ""start"": 8, ""time_limit_s"": 5.0, ""valid_route"": true}"
small_exact,evaluation,small_exact_random_asymmetric_n9_seed7,random_asymmetric,9,7,networkx_christofides,skipped_not_applicable,,,138.88713037670286,138.88713037670286,nan,nan,True,,,8.770000204094686e-05,256.9375,256.9375,0.0,8.4,calibrated_on_calibration_split,,,,"{""instance_metadata"": {""complete"": true, ""high"": 100.0, ""instance_type"": ""random_asymmetric"", ""low"": 1.0, ""n"": 9, ""seed"": 7, ""symmetric"": false}, ""requires_metric_symmetric_complete"": true}"
small_exact,evaluation,small_exact_random_asymmetric_n9_seed7,random_asymmetric,9,7,networkx_greedy,ok,"[8, 2, 6, 1, 3, 5, 7, 4, 0]",197.76537033556815,138.88713037670286,138.88713037670286,0.42392869518702087,0.42392869518702087,True,True,True,0.00015619999976479448,256.9375,256.9375,0.0,8.4,calibrated_on_calibration_split,,,,"{""finite_edges"": true, ""instance_metadata"": {""complete"": true, ""high"": 100.0, ""instance_type"": ""random_asymmetric"", ""low"": 1.0, ""n"": 9, ""seed"": 7, ""symmetric"": false}, ""valid_route"": true}"
small_exact,evaluation,small_exact_random_asymmetric_n9_seed7,random_asymmetric,9,7,python_tsp_dynamic_programming,skipped_missing_dependency,,,138.88713037670286,138.88713037670286,nan,nan,True,,,0.0007210000003396999,256.9375,256.9375,0.0,8.4,calibrated_on_calibration_split,,,,"{""instance_metadata"": {""complete"": true, ""high"": 100.0, ""instance_type"": ""random_asymmetric"", ""low"": 1.0, ""n"": 9, ""seed"": 7, ""symmetric"": false}}"
small_exact,evaluation,small_exact_euclidean_n9_seed8,euclidean,9,8,tn_exact,ok,"[8, 4, 6, 5, 3, 2, 7, 0, 1]",2443.2582043692787,2443.2582043692787,2443.2582043692787,0.0,0.0,True,True,True,0.07744540000203415,256.94140625,257.265625,0.32421875,8.4,calibrated_on_calibration_split,,True,,"{""exact_mode"": true, ""finite_edges"": true, ""instance_metadata"": {""complete"": true, ""instance_type"": ""euclidean"", ""n"": 9, ""points"": [[326.9722766055607, 987.2768433379256], [318.7108384855167, 788.548935820029], [869.8965116962161, 391.08480653919395], [437.8818731227988, 372.74890308935306], [106.95359647277436, 478.965454162717], [241.3521450846823, 257.1452485511297], [184.7315568344149, 193.8645489043107], [813.827670155021, 422.9841881442263], [255.92050515822606, 590.9028517654116]], ""scale"": 1000.0, ""seed"": 8, ""symmetric"": true}, ""max_layers"": 7, ""n_layers"": null, ""n_layers_effective"": 7, ""normalization_factor"": 806.3570361762793, ""normalize"": true, ""seed"": 8, ""tau"": 8.4, ""valid_route"": true}"
small_exact,evaluation,small_exact_euclidean_n9_seed8,euclidean,9,8,held_karp,ok,"[8, 4, 6, 5, 3, 2, 7, 0, 1]",2443.2582043692787,2443.2582043692787,2443.2582043692787,0.0,0.0,True,True,True,0.0023132000023906585,257.265625,257.26953125,0.00390625,8.4,calibrated_on_calibration_split,,,,"{""instance_metadata"": {""complete"": true, ""instance_type"": ""euclidean"", ""n"": 9, ""points"": [[326.9722766055607, 987.2768433379256], [318.7108384855167, 788.548935820029], [869.8965116962161, 391.08480653919395], [437.8818731227988, 372.74890308935306], [106.95359647277436, 478.965454162717], [241.3521450846823, 257.1452485511297], [184.7315568344149, 193.8645489043107], [813.827670155021, 422.9841881442263], [255.92050515822606, 590.9028517654116]], ""scale"": 1000.0, ""seed"": 8, ""symmetric"": true}, ""max_n"": 18, ""start"": 8}"
small_exact,evaluation,small_exact_euclidean_n9_seed8,euclidean,9,8,bruteforce,ok,"[8, 1, 0, 7, 2, 3, 5, 6, 4]",2443.2582043692787,2443.2582043692787,2443.2582043692787,0.0,0.0,True,True,True,0.211595100001432,257.26953125,257.26953125,0.0,8.4,calibrated_on_calibration_split,,,,"{""instance_metadata"": {""complete"": true, ""instance_type"": ""euclidean"", ""n"": 9, ""points"": [[326.9722766055607, 987.2768433379256], [318.7108384855167, 788.548935820029], [869.8965116962161, 391.08480653919395], [437.8818731227988, 372.74890308935306], [106.95359647277436, 478.965454162717], [241.3521450846823, 257.1452485511297], [184.7315568344149, 193.8645489043107], [813.827670155021, 422.9841881442263], [255.92050515822606, 590.9028517654116]], ""scale"": 1000.0, ""seed"": 8, ""symmetric"": true}, ""max_n"": 10, ""permutations_checked"": 40320, ""start"": 8}"
small_exact,evaluation,small_exact_euclidean_n9_seed8,euclidean,9,8,ortools,ok,"[8, 4, 6, 5, 3, 2, 7, 0, 1]",2443.2582043692787,2443.2582043692787,2443.2582043692787,0.0,0.0,True,True,True,0.0016494000010425225,257.26953125,257.26953125,0.0,8.4,calibrated_on_calibration_split,,,5.0,"{""finite_edges"": true, ""infinity_penalty"": 7257213324000, ""instance_metadata"": {""complete"": true, ""instance_type"": ""euclidean"", ""n"": 9, ""points"": [[326.9722766055607, 987.2768433379256], [318.7108384855167, 788.548935820029], [869.8965116962161, 391.08480653919395], [437.8818731227988, 372.74890308935306], [106.95359647277436, 478.965454162717], [241.3521450846823, 257.1452485511297], [184.7315568344149, 193.8645489043107], [813.827670155021, 422.9841881442263], [255.92050515822606, 590.9028517654116]], ""scale"": 1000.0, ""seed"": 8, ""symmetric"": true}, ""integer_scale"": 1000000, ""start"": 8, ""time_limit_s"": 5.0, ""valid_route"": true}"
small_exact,evaluation,small_exact_euclidean_n9_seed8,euclidean,9,8,networkx_christofides,ok,"[8, 1, 0, 2, 7, 3, 5, 6, 4]",2451.2108090372403,2443.2582043692787,2443.2582043692787,0.003254917819876745,0.003254917819876745,True,True,True,0.0007420000001729932,257.26953125,257.26953125,0.0,8.4,calibrated_on_calibration_split,,,,"{""finite_edges"": true, ""instance_metadata"": {""complete"": true, ""instance_type"": ""euclidean"", ""n"": 9, ""points"": [[326.9722766055607, 987.2768433379256], [318.7108384855167, 788.548935820029], [869.8965116962161, 391.08480653919395], [437.8818731227988, 372.74890308935306], [106.95359647277436, 478.965454162717], [241.3521450846823, 257.1452485511297], [184.7315568344149, 193.8645489043107], [813.827670155021, 422.9841881442263], [255.92050515822606, 590.9028517654116]], ""scale"": 1000.0, ""seed"": 8, ""symmetric"": true}, ""requires_metric_symmetric_complete"": true, ""valid_route"": true}"
small_exact,evaluation,small_exact_euclidean_n9_seed8,euclidean,9,8,networkx_greedy,ok,"[8, 0, 1, 2, 7, 3, 6, 5, 4]",2565.517329893719,2443.2582043692787,2443.2582043692787,0.050039379917277735,0.050039379917277735,True,True,True,0.0001258000011148397,257.26953125,257.2734375,0.00390625,8.4,calibrated_on_calibration_split,,,,"{""finite_edges"": true, ""instance_metadata"": {""complete"": true, ""instance_type"": ""euclidean"", ""n"": 9, ""points"": [[326.9722766055607, 987.2768433379256], [318.7108384855167, 788.548935820029], [869.8965116962161, 391.08480653919395], [437.8818731227988, 372.74890308935306], [106.95359647277436, 478.965454162717], [241.3521450846823, 257.1452485511297], [184.7315568344149, 193.8645489043107], [813.827670155021, 422.9841881442263], [255.92050515822606, 590.9028517654116]], ""scale"": 1000.0, ""seed"": 8, ""symmetric"": true}, ""valid_route"": true}"
small_exact,evaluation,small_exact_euclidean_n9_seed8,euclidean,9,8,python_tsp_dynamic_programming,skipped_missing_dependency,,,2443.2582043692787,2443.2582043692787,nan,nan,True,,,0.0006221000003279187,257.2734375,257.2734375,0.0,8.4,calibrated_on_calibration_split,,,,"{""instance_metadata"": {""complete"": true, ""instance_type"": ""euclidean"", ""n"": 9, ""points"": [[326.9722766055607, 987.2768433379256], [318.7108384855167, 788.548935820029], [869.8965116962161, 391.08480653919395], [437.8818731227988, 372.74890308935306], [106.95359647277436, 478.965454162717], [241.3521450846823, 257.1452485511297], [184.7315568344149, 193.8645489043107], [813.827670155021, 422.9841881442263], [255.92050515822606, 590.9028517654116]], ""scale"": 1000.0, ""seed"": 8, ""symmetric"": true}}"
small_exact,evaluation,small_exact_random_symmetric_n9_seed8,random_symmetric,9,8,tn_exact,ok,"[8, 0, 6, 2, 5, 3, 4, 7, 1]",250.01343578328994,249.37439694684198,249.37439694684198,0.0025625679471183768,0.0025625679471183768,True,True,True,0.060959600003116066,257.2734375,257.31640625,0.04296875,8.4,calibrated_on_calibration_split,,True,,"{""exact_mode"": true, ""finite_edges"": true, ""instance_metadata"": {""complete"": true, ""high"": 100.0, ""instance_type"": ""random_symmetric"", ""low"": 1.0, ""n"": 9, ""seed"": 8, ""symmetric"": true}, ""max_layers"": 7, ""n_layers"": null, ""n_layers_effective"": 7, ""normalization_factor"": 81.48908150740104, ""normalize"": true, ""seed"": 8, ""tau"": 8.4, ""valid_route"": true}"
small_exact,evaluation,small_exact_random_symmetric_n9_seed8,random_symmetric,9,8,held_karp,ok,"[8, 1, 3, 4, 7, 2, 6, 5, 0]",249.37439694684198,249.37439694684198,249.37439694684198,0.0,0.0,True,True,True,0.001585400001204107,257.31640625,257.34765625,0.03125,8.4,calibrated_on_calibration_split,,,,"{""instance_metadata"": {""complete"": true, ""high"": 100.0, ""instance_type"": ""random_symmetric"", ""low"": 1.0, ""n"": 9, ""seed"": 8, ""symmetric"": true}, ""max_n"": 18, ""start"": 8}"
small_exact,evaluation,small_exact_random_symmetric_n9_seed8,random_symmetric,9,8,bruteforce,ok,"[8, 1, 3, 4, 7, 2, 6, 5, 0]",249.37439694684198,249.37439694684198,249.37439694684198,0.0,0.0,True,True,True,0.21265420000054291,257.34765625,257.34765625,0.0,8.4,calibrated_on_calibration_split,,,,"{""instance_metadata"": {""complete"": true, ""high"": 100.0, ""instance_type"": ""random_symmetric"", ""low"": 1.0, ""n"": 9, ""seed"": 8, ""symmetric"": true}, ""max_n"": 10, ""permutations_checked"": 40320, ""start"": 8}"
small_exact,evaluation,small_exact_random_symmetric_n9_seed8,random_symmetric,9,8,ortools,ok,"[8, 1, 4, 3, 5, 6, 2, 7, 0]",256.3422223469064,249.37439694684198,249.37439694684198,0.027941222055565363,0.027941222055565363,True,True,True,0.0017214999970747158,257.34765625,257.53515625,0.1875,8.4,calibrated_on_calibration_split,,,5.0,"{""finite_edges"": true, ""infinity_penalty"": 733401738000, ""instance_metadata"": {""complete"": true, ""high"": 100.0, ""instance_type"": ""random_symmetric"", ""low"": 1.0, ""n"": 9, ""seed"": 8, ""symmetric"": true}, ""integer_scale"": 1000000, ""start"": 8, ""time_limit_s"": 5.0, ""valid_route"": true}"
small_exact,evaluation,small_exact_random_symmetric_n9_seed8,random_symmetric,9,8,networkx_christofides,skipped_not_applicable,,,249.37439694684198,249.37439694684198,nan,nan,True,,,0.00010479999764356762,257.53515625,257.53515625,0.0,8.4,calibrated_on_calibration_split,,,,"{""instance_metadata"": {""complete"": true, ""high"": 100.0, ""instance_type"": ""random_symmetric"", ""low"": 1.0, ""n"": 9, ""seed"": 8, ""symmetric"": true}, ""requires_metric_symmetric_complete"": true}"
small_exact,evaluation,small_exact_random_symmetric_n9_seed8,random_symmetric,9,8,networkx_greedy,ok,"[8, 0, 1, 7, 4, 3, 5, 6, 2]",278.43386269960536,249.37439694684198,249.37439694684198,0.11652946777434352,0.11652946777434352,True,True,True,0.00013649999891640618,257.53515625,257.53515625,0.0,8.4,calibrated_on_calibration_split,,,,"{""finite_edges"": true, ""instance_metadata"": {""complete"": true, ""high"": 100.0, ""instance_type"": ""random_symmetric"", ""low"": 1.0, ""n"": 9, ""seed"": 8, ""symmetric"": true}, ""valid_route"": true}"
small_exact,evaluation,small_exact_random_symmetric_n9_seed8,random_symmetric,9,8,python_tsp_dynamic_programming,skipped_missing_dependency,,,249.37439694684198,249.37439694684198,nan,nan,True,,,0.0005834000003233086,257.53515625,257.53515625,0.0,8.4,calibrated_on_calibration_split,,,,"{""instance_metadata"": {""complete"": true, ""high"": 100.0, ""instance_type"": ""random_symmetric"", ""low"": 1.0, ""n"": 9, ""seed"": 8, ""symmetric"": true}}"
small_exact,evaluation,small_exact_random_asymmetric_n9_seed8,random_asymmetric,9,8,tn_exact,ok,"[8, 1, 4, 3, 7, 2, 6, 5, 0]",146.481990901207,144.16125950084538,144.16125950084538,0.016098162629801585,0.016098162629801585,True,True,True,0.10553249999793479,257.53515625,257.7890625,0.25390625,8.4,calibrated_on_calibration_split,,True,,"{""exact_mode"": true, ""finite_edges"": true, ""instance_metadata"": {""complete"": true, ""high"": 100.0, ""instance_type"": ""random_asymmetric"", ""low"": 1.0, ""n"": 9, ""seed"": 8, ""symmetric"": false}, ""max_layers"": 7, ""n_layers"": null, ""n_layers_effective"": 7, ""normalization_factor"": 98.88858626864226, ""normalize"": true, ""seed"": 8, ""tau"": 8.4, ""valid_route"": true}"
small_exact,evaluation,small_exact_random_asymmetric_n9_seed8,random_asymmetric,9,8,held_karp,ok,"[8, 1, 3, 5, 4, 7, 2, 6, 0]",144.16125950084538,144.16125950084538,144.16125950084538,0.0,0.0,True,True,True,0.0022164000001794193,257.7890625,257.796875,0.0078125,8.4,calibrated_on_calibration_split,,,,"{""instance_metadata"": {""complete"": true, ""high"": 100.0, ""instance_type"": ""random_asymmetric"", ""low"": 1.0, ""n"": 9, ""seed"": 8, ""symmetric"": false}, ""max_n"": 18, ""start"": 8}"
small_exact,evaluation,small_exact_random_asymmetric_n9_seed8,random_asymmetric,9,8,bruteforce,ok,"[8, 1, 3, 5, 4, 7, 2, 6, 0]",144.16125950084538,144.16125950084538,144.16125950084538,0.0,0.0,True,True,True,0.17550210000263178,257.796875,257.796875,0.0,8.4,calibrated_on_calibration_split,,,,"{""instance_metadata"": {""complete"": true, ""high"": 100.0, ""instance_type"": ""random_asymmetric"", ""low"": 1.0, ""n"": 9, ""seed"": 8, ""symmetric"": false}, ""max_n"": 10, ""permutations_checked"": 40320, ""start"": 8}"
small_exact,evaluation,small_exact_random_asymmetric_n9_seed8,random_asymmetric,9,8,ortools,ok,"[8, 1, 4, 3, 7, 2, 6, 5, 0]",146.481990901207,144.16125950084538,144.16125950084538,0.016098162629801585,0.016098162629801585,True,True,True,0.001967500000318978,257.796875,257.91796875,0.12109375,8.4,calibrated_on_calibration_split,,,5.0,"{""finite_edges"": true, ""infinity_penalty"": 889997274000, ""instance_metadata"": {""complete"": true, ""high"": 100.0, ""instance_type"": ""random_asymmetric"", ""low"": 1.0, ""n"": 9, ""seed"": 8, ""symmetric"": false}, ""integer_scale"": 1000000, ""start"": 8, ""time_limit_s"": 5.0, ""valid_route"": true}"
small_exact,evaluation,small_exact_random_asymmetric_n9_seed8,random_asymmetric,9,8,networkx_christofides,skipped_not_applicable,,,144.16125950084538,144.16125950084538,nan,nan,True,,,8.600000001024455e-05,257.91796875,257.91796875,0.0,8.4,calibrated_on_calibration_split,,,,"{""instance_metadata"": {""complete"": true, ""high"": 100.0, ""instance_type"": ""random_asymmetric"", ""low"": 1.0, ""n"": 9, ""seed"": 8, ""symmetric"": false}, ""requires_metric_symmetric_complete"": true}"
small_exact,evaluation,small_exact_random_asymmetric_n9_seed8,random_asymmetric,9,8,networkx_greedy,ok,"[8, 2, 6, 7, 5, 4, 3, 0, 1]",287.5670513819677,144.16125950084538,144.16125950084538,0.9947595656257525,0.9947595656257525,True,True,True,0.00016150000010384247,257.91796875,257.91796875,0.0,8.4,calibrated_on_calibration_split,,,,"{""finite_edges"": true, ""instance_metadata"": {""complete"": true, ""high"": 100.0, ""instance_type"": ""random_asymmetric"", ""low"": 1.0, ""n"": 9, ""seed"": 8, ""symmetric"": false}, ""valid_route"": true}"
small_exact,evaluation,small_exact_random_asymmetric_n9_seed8,random_asymmetric,9,8,python_tsp_dynamic_programming,skipped_missing_dependency,,,144.16125950084538,144.16125950084538,nan,nan,True,,,0.0005894000023545232,257.91796875,257.91796875,0.0,8.4,calibrated_on_calibration_split,,,,"{""instance_metadata"": {""complete"": true, ""high"": 100.0, ""instance_type"": ""random_asymmetric"", ""low"": 1.0, ""n"": 9, ""seed"": 8, ""symmetric"": false}}"
small_exact,evaluation,small_exact_euclidean_n9_seed9,euclidean,9,9,tn_exact,ok,"[8, 6, 4, 5, 0, 7, 3, 2, 1]",3074.2037195981256,3074.2037195981256,3074.2037195981256,0.0,0.0,True,True,True,0.10043829999995069,257.91796875,257.96875,0.05078125,8.4,calibrated_on_calibration_split,,True,,"{""exact_mode"": true, ""finite_edges"": true, ""instance_metadata"": {""complete"": true, ""instance_type"": ""euclidean"", ""n"": 9, ""points"": [[870.2492039700846, 286.8172090875554], [603.1481500515619, 777.5340829201788], [716.0746296035653, 915.3801204905076], [860.3936491828846, 918.2376290487624], [26.587734467597212, 437.2480001295087], [484.9443269772881, 65.15419737010752], [5.626050679392924, 830.621436971257], [983.3022442861756, 784.6098526726796], [315.60348997827316, 705.3337045894538]], ""scale"": 1000.0, ""seed"": 9, ""symmetric"": true}, ""max_layers"": 7, ""n_layers"": null, ""n_layers_effective"": 7, ""normalization_factor"": 1021.4187365965673, ""normalize"": true, ""seed"": 9, ""tau"": 8.4, ""valid_route"": true}"
small_exact,evaluation,small_exact_euclidean_n9_seed9,euclidean,9,9,held_karp,ok,"[8, 6, 4, 5, 0, 7, 3, 2, 1]",3074.2037195981256,3074.2037195981256,3074.2037195981256,0.0,0.0,True,True,True,0.0021469999992405064,257.96875,257.984375,0.015625,8.4,calibrated_on_calibration_split,,,,"{""instance_metadata"": {""complete"": true, ""instance_type"": ""euclidean"", ""n"": 9, ""points"": [[870.2492039700846, 286.8172090875554], [603.1481500515619, 777.5340829201788], [716.0746296035653, 915.3801204905076], [860.3936491828846, 918.2376290487624], [26.587734467597212, 437.2480001295087], [484.9443269772881, 65.15419737010752], [5.626050679392924, 830.621436971257], [983.3022442861756, 784.6098526726796], [315.60348997827316, 705.3337045894538]], ""scale"": 1000.0, ""seed"": 9, ""symmetric"": true}, ""max_n"": 18, ""start"": 8}"
small_exact,evaluation,small_exact_euclidean_n9_seed9,euclidean,9,9,bruteforce,ok,"[8, 1, 2, 3, 7, 0, 5, 4, 6]",3074.2037195981256,3074.2037195981256,3074.2037195981256,0.0,0.0,True,True,True,0.18902199999865843,257.984375,257.984375,0.0,8.4,calibrated_on_calibration_split,,,,"{""instance_metadata"": {""complete"": true, ""instance_type"": ""euclidean"", ""n"": 9, ""points"": [[870.2492039700846, 286.8172090875554], [603.1481500515619, 777.5340829201788], [716.0746296035653, 915.3801204905076], [860.3936491828846, 918.2376290487624], [26.587734467597212, 437.2480001295087], [484.9443269772881, 65.15419737010752], [5.626050679392924, 830.621436971257], [983.3022442861756, 784.6098526726796], [315.60348997827316, 705.3337045894538]], ""scale"": 1000.0, ""seed"": 9, ""symmetric"": true}, ""max_n"": 10, ""permutations_checked"": 40320, ""start"": 8}"
small_exact,evaluation,small_exact_euclidean_n9_seed9,euclidean,9,9,ortools,ok,"[8, 1, 2, 3, 7, 0, 5, 4, 6]",3074.2037195981256,3074.2037195981256,3074.2037195981256,0.0,0.0,True,True,True,0.0015081999990798067,257.98828125,257.99609375,0.0078125,8.4,calibrated_on_calibration_split,,,5.0,"{""finite_edges"": true, ""infinity_penalty"": 9192768633000, ""instance_metadata"": {""complete"": true, ""instance_type"": ""euclidean"", ""n"": 9, ""points"": [[870.2492039700846, 286.8172090875554], [603.1481500515619, 777.5340829201788], [716.0746296035653, 915.3801204905076], [860.3936491828846, 918.2376290487624], [26.587734467597212, 437.2480001295087], [484.9443269772881, 65.15419737010752], [5.626050679392924, 830.621436971257], [983.3022442861756, 784.6098526726796], [315.60348997827316, 705.3337045894538]], ""scale"": 1000.0, ""seed"": 9, ""symmetric"": true}, ""integer_scale"": 1000000, ""start"": 8, ""time_limit_s"": 5.0, ""valid_route"": true}"
small_exact,evaluation,small_exact_euclidean_n9_seed9,euclidean,9,9,networkx_christofides,ok,"[8, 1, 2, 3, 7, 0, 5, 4, 6]",3074.2037195981256,3074.2037195981256,3074.2037195981256,0.0,0.0,True,True,True,0.0007206999980553519,257.99609375,258.00390625,0.0078125,8.4,calibrated_on_calibration_split,,,,"{""finite_edges"": true, ""instance_metadata"": {""complete"": true, ""instance_type"": ""euclidean"", ""n"": 9, ""points"": [[870.2492039700846, 286.8172090875554], [603.1481500515619, 777.5340829201788], [716.0746296035653, 915.3801204905076], [860.3936491828846, 918.2376290487624], [26.587734467597212, 437.2480001295087], [484.9443269772881, 65.15419737010752], [5.626050679392924, 830.621436971257], [983.3022442861756, 784.6098526726796], [315.60348997827316, 705.3337045894538]], ""scale"": 1000.0, ""seed"": 9, ""symmetric"": true}, ""requires_metric_symmetric_complete"": true, ""valid_route"": true}"
small_exact,evaluation,small_exact_euclidean_n9_seed9,euclidean,9,9,networkx_greedy,ok,"[8, 1, 2, 3, 7, 0, 5, 4, 6]",3074.2037195981256,3074.2037195981256,3074.2037195981256,0.0,0.0,True,True,True,0.0001303000026382506,258.00390625,258.0078125,0.00390625,8.4,calibrated_on_calibration_split,,,,"{""finite_edges"": true, ""instance_metadata"": {""complete"": true, ""instance_type"": ""euclidean"", ""n"": 9, ""points"": [[870.2492039700846, 286.8172090875554], [603.1481500515619, 777.5340829201788], [716.0746296035653, 915.3801204905076], [860.3936491828846, 918.2376290487624], [26.587734467597212, 437.2480001295087], [484.9443269772881, 65.15419737010752], [5.626050679392924, 830.621436971257], [983.3022442861756, 784.6098526726796], [315.60348997827316, 705.3337045894538]], ""scale"": 1000.0, ""seed"": 9, ""symmetric"": true}, ""valid_route"": true}"
small_exact,evaluation,small_exact_euclidean_n9_seed9,euclidean,9,9,python_tsp_dynamic_programming,skipped_missing_dependency,,,3074.2037195981256,3074.2037195981256,nan,nan,True,,,0.0005801999977848027,258.0078125,258.0078125,0.0,8.4,calibrated_on_calibration_split,,,,"{""instance_metadata"": {""complete"": true, ""instance_type"": ""euclidean"", ""n"": 9, ""points"": [[870.2492039700846, 286.8172090875554], [603.1481500515619, 777.5340829201788], [716.0746296035653, 915.3801204905076], [860.3936491828846, 918.2376290487624], [26.587734467597212, 437.2480001295087], [484.9443269772881, 65.15419737010752], [5.626050679392924, 830.621436971257], [983.3022442861756, 784.6098526726796], [315.60348997827316, 705.3337045894538]], ""scale"": 1000.0, ""seed"": 9, ""symmetric"": true}}"
small_exact,evaluation,small_exact_random_symmetric_n9_seed9,random_symmetric,9,9,tn_exact,ok,"[8, 0, 1, 2, 5, 6, 7, 4, 3]",297.96758594919567,297.9675859491956,297.9675859491956,1.907704782039614e-16,1.907704782039614e-16,True,True,True,0.07037019999916083,258.0078125,258.19140625,0.18359375,8.4,calibrated_on_calibration_split,,True,,"{""exact_mode"": true, ""finite_edges"": true, ""instance_metadata"": {""complete"": true, ""high"": 100.0, ""instance_type"": ""random_symmetric"", ""low"": 1.0, ""n"": 9, ""seed"": 9, ""symmetric"": true}, ""max_layers"": 7, ""n_layers"": null, ""n_layers_effective"": 7, ""normalization_factor"": 89.77344958347678, ""normalize"": true, ""seed"": 9, ""tau"": 8.4, ""valid_route"": true}"
small_exact,evaluation,small_exact_random_symmetric_n9_seed9,random_symmetric,9,9,held_karp,ok,"[8, 3, 4, 7, 6, 5, 2, 1, 0]",297.9675859491956,297.9675859491956,297.9675859491956,0.0,0.0,True,True,True,0.0024078000024019275,258.19140625,258.19140625,0.0,8.4,calibrated_on_calibration_split,,,,"{""instance_metadata"": {""complete"": true, ""high"": 100.0, ""instance_type"": ""random_symmetric"", ""low"": 1.0, ""n"": 9, ""seed"": 9, ""symmetric"": true}, ""max_n"": 18, ""start"": 8}"
small_exact,evaluation,small_exact_random_symmetric_n9_seed9,random_symmetric,9,9,bruteforce,ok,"[8, 3, 4, 7, 6, 5, 2, 1, 0]",297.9675859491956,297.9675859491956,297.9675859491956,0.0,0.0,True,True,True,0.21877959999983432,258.19140625,258.19140625,0.0,8.4,calibrated_on_calibration_split,,,,"{""instance_metadata"": {""complete"": true, ""high"": 100.0, ""instance_type"": ""random_symmetric"", ""low"": 1.0, ""n"": 9, ""seed"": 9, ""symmetric"": true}, ""max_n"": 10, ""permutations_checked"": 40320, ""start"": 8}"
small_exact,evaluation,small_exact_random_symmetric_n9_seed9,random_symmetric,9,9,ortools,ok,"[8, 0, 1, 2, 5, 6, 7, 4, 3]",297.96758594919567,297.9675859491956,297.9675859491956,1.907704782039614e-16,1.907704782039614e-16,True,True,True,0.0016020999973989092,258.19140625,258.19140625,0.0,8.4,calibrated_on_calibration_split,,,5.0,"{""finite_edges"": true, ""infinity_penalty"": 807961050000, ""instance_metadata"": {""complete"": true, ""high"": 100.0, ""instance_type"": ""random_symmetric"", ""low"": 1.0, ""n"": 9, ""seed"": 9, ""symmetric"": true}, ""integer_scale"": 1000000, ""start"": 8, ""time_limit_s"": 5.0, ""valid_route"": true}"
small_exact,evaluation,small_exact_random_symmetric_n9_seed9,random_symmetric,9,9,networkx_christofides,skipped_not_applicable,,,297.9675859491956,297.9675859491956,nan,nan,True,,,0.00010280000060447492,258.19140625,258.19140625,0.0,8.4,calibrated_on_calibration_split,,,,"{""instance_metadata"": {""complete"": true, ""high"": 100.0, ""instance_type"": ""random_symmetric"", ""low"": 1.0, ""n"": 9, ""seed"": 9, ""symmetric"": true}, ""requires_metric_symmetric_complete"": true}"
small_exact,evaluation,small_exact_random_symmetric_n9_seed9,random_symmetric,9,9,networkx_greedy,ok,"[8, 0, 1, 2, 3, 4, 7, 6, 5]",315.70996813523357,297.9675859491956,297.9675859491956,0.05954467204719069,0.05954467204719069,True,True,True,0.00013839999883202836,258.19140625,258.19140625,0.0,8.4,calibrated_on_calibration_split,,,,"{""finite_edges"": true, ""instance_metadata"": {""complete"": true, ""high"": 100.0, ""instance_type"": ""random_symmetric"", ""low"": 1.0, ""n"": 9, ""seed"": 9, ""symmetric"": true}, ""valid_route"": true}"
small_exact,evaluation,small_exact_random_symmetric_n9_seed9,random_symmetric,9,9,python_tsp_dynamic_programming,skipped_missing_dependency,,,297.9675859491956,297.9675859491956,nan,nan,True,,,0.000614199998381082,258.19140625,258.19140625,0.0,8.4,calibrated_on_calibration_split,,,,"{""instance_metadata"": {""complete"": true, ""high"": 100.0, ""instance_type"": ""random_symmetric"", ""low"": 1.0, ""n"": 9, ""seed"": 9, ""symmetric"": true}}"
small_exact,evaluation,small_exact_random_asymmetric_n9_seed9,random_asymmetric,9,9,tn_exact,ok,"[8, 5, 6, 1, 3, 7, 4, 2, 0]",175.9181383309198,173.871806851148,173.871806851148,0.011769196610026966,0.011769196610026966,True,True,True,0.10043460000088089,258.19140625,258.1953125,0.00390625,8.4,calibrated_on_calibration_split,,True,,"{""exact_mode"": true, ""finite_edges"": true, ""instance_metadata"": {""complete"": true, ""high"": 100.0, ""instance_type"": ""random_asymmetric"", ""low"": 1.0, ""n"": 9, ""seed"": 9, ""symmetric"": false}, ""max_layers"": 7, ""n_layers"": null, ""n_layers_effective"": 7, ""normalization_factor"": 98.78633394256309, ""normalize"": true, ""seed"": 9, ""tau"": 8.4, ""valid_route"": true}"
small_exact,evaluation,small_exact_random_asymmetric_n9_seed9,random_asymmetric,9,9,held_karp,ok,"[8, 5, 1, 3, 7, 6, 4, 2, 0]",173.871806851148,173.871806851148,173.871806851148,0.0,0.0,True,True,True,0.001649999998335261,258.1953125,258.21875,0.0234375,8.4,calibrated_on_calibration_split,,,,"{""instance_metadata"": {""complete"": true, ""high"": 100.0, ""instance_type"": ""random_asymmetric"", ""low"": 1.0, ""n"": 9, ""seed"": 9, ""symmetric"": false}, ""max_n"": 18, ""start"": 8}"
small_exact,evaluation,small_exact_random_asymmetric_n9_seed9,random_asymmetric,9,9,bruteforce,ok,"[8, 5, 1, 3, 7, 6, 4, 2, 0]",173.871806851148,173.871806851148,173.871806851148,0.0,0.0,True,True,True,0.19304439999905298,258.21875,258.21875,0.0,8.4,calibrated_on_calibration_split,,,,"{""instance_metadata"": {""complete"": true, ""high"": 100.0, ""instance_type"": ""random_asymmetric"", ""low"": 1.0, ""n"": 9, ""seed"": 9, ""symmetric"": false}, ""max_n"": 10, ""permutations_checked"": 40320, ""start"": 8}"
small_exact,evaluation,small_exact_random_asymmetric_n9_seed9,random_asymmetric,9,9,ortools,ok,"[8, 6, 4, 7, 5, 1, 3, 2, 0]",178.84549381053685,173.871806851148,173.871806851148,0.028605482679816174,0.028605482679816174,True,True,True,0.0019093999981123488,258.21875,258.22265625,0.00390625,8.4,calibrated_on_calibration_split,,,5.0,"{""finite_edges"": true, ""infinity_penalty"": 889077006000, ""instance_metadata"": {""complete"": true, ""high"": 100.0, ""instance_type"": ""random_asymmetric"", ""low"": 1.0, ""n"": 9, ""seed"": 9, ""symmetric"": false}, ""integer_scale"": 1000000, ""start"": 8, ""time_limit_s"": 5.0, ""valid_route"": true}"
small_exact,evaluation,small_exact_random_asymmetric_n9_seed9,random_asymmetric,9,9,networkx_christofides,skipped_not_applicable,,,173.871806851148,173.871806851148,nan,nan,True,,,8.779999916441739e-05,258.22265625,258.22265625,0.0,8.4,calibrated_on_calibration_split,,,,"{""instance_metadata"": {""complete"": true, ""high"": 100.0, ""instance_type"": ""random_asymmetric"", ""low"": 1.0, ""n"": 9, ""seed"": 9, ""symmetric"": false}, ""requires_metric_symmetric_complete"": true}"
small_exact,evaluation,small_exact_random_asymmetric_n9_seed9,random_asymmetric,9,9,networkx_greedy,ok,"[8, 6, 4, 7, 2, 0, 1, 3, 5]",272.4624398369455,173.871806851148,173.871806851148,0.5670305886347703,0.5670305886347703,True,True,True,0.0001568000006955117,258.22265625,258.22265625,0.0,8.4,calibrated_on_calibration_split,,,,"{""finite_edges"": true, ""instance_metadata"": {""complete"": true, ""high"": 100.0, ""instance_type"": ""random_asymmetric"", ""low"": 1.0, ""n"": 9, ""seed"": 9, ""symmetric"": false}, ""valid_route"": true}"
small_exact,evaluation,small_exact_random_asymmetric_n9_seed9,random_asymmetric,9,9,python_tsp_dynamic_programming,skipped_missing_dependency,,,173.871806851148,173.871806851148,nan,nan,True,,,0.0005868000007467344,258.22265625,258.2265625,0.00390625,8.4,calibrated_on_calibration_split,,,,"{""instance_metadata"": {""complete"": true, ""high"": 100.0, ""instance_type"": ""random_asymmetric"", ""low"": 1.0, ""n"": 9, ""seed"": 9, ""symmetric"": false}}"
small_exact,evaluation,small_exact_euclidean_n10_seed5,euclidean,10,5,tn_exact,ok,"[9, 5, 1, 8, 0, 7, 6, 4, 2, 3]",3423.2699638137733,3423.2699638137733,3423.2699638137733,0.0,0.0,True,True,True,0.12258179999844288,258.2265625,258.78515625,0.55859375,9.0,calibrated_on_calibration_split,,True,,"{""exact_mode"": true, ""finite_edges"": true, ""instance_metadata"": {""complete"": true, ""instance_type"": ""euclidean"", ""n"": 10, ""points"": [[805.0029237453801, 807.9407897364938], [515.325561042142, 285.8013800881416], [53.930702381656424, 383.36888078551823], [408.47320541999864, 45.27519390244517], [48.75771072716806, 999.1761150650714], [652.3691115879877, 234.51020166982394], [434.94755222514203, 974.1861932592553], [897.6776081085488, 844.231037608741], [392.40466433477815, 493.0230187317426], [676.689351831066, 60.80271295805606]], ""scale"": 1000.0, ""seed"": 5, ""symmetric"": true}, ""max_layers"": 8, ""n_layers"": null, ""n_layers_effective"": 8, ""normalization_factor"": 1129.089362132745, ""normalize"": true, ""seed"": 5, ""tau"": 9.0, ""valid_route"": true}"
small_exact,evaluation,small_exact_euclidean_n10_seed5,euclidean,10,5,held_karp,ok,"[9, 5, 1, 8, 0, 7, 6, 4, 2, 3]",3423.2699638137733,3423.2699638137733,3423.2699638137733,0.0,0.0,True,True,True,0.005662999999913154,258.78515625,258.98828125,0.203125,9.0,calibrated_on_calibration_split,,,,"{""instance_metadata"": {""complete"": true, ""instance_type"": ""euclidean"", ""n"": 10, ""points"": [[805.0029237453801, 807.9407897364938], [515.325561042142, 285.8013800881416], [53.930702381656424, 383.36888078551823], [408.47320541999864, 45.27519390244517], [48.75771072716806, 999.1761150650714], [652.3691115879877, 234.51020166982394], [434.94755222514203, 974.1861932592553], [897.6776081085488, 844.231037608741], [392.40466433477815, 493.0230187317426], [676.689351831066, 60.80271295805606]], ""scale"": 1000.0, ""seed"": 5, ""symmetric"": true}, ""max_n"": 18, ""start"": 9}"
small_exact,evaluation,small_exact_euclidean_n10_seed5,euclidean,10,5,bruteforce,ok,"[9, 3, 2, 4, 6, 7, 0, 8, 1, 5]",3423.2699638137733,3423.2699638137733,3423.2699638137733,0.0,0.0,True,True,True,1.422353900001326,258.98828125,258.98828125,0.0,9.0,calibrated_on_calibration_split,,,,"{""instance_metadata"": {""complete"": true, ""instance_type"": ""euclidean"", ""n"": 10, ""points"": [[805.0029237453801, 807.9407897364938], [515.325561042142, 285.8013800881416], [53.930702381656424, 383.36888078551823], [408.47320541999864, 45.27519390244517], [48.75771072716806, 999.1761150650714], [652.3691115879877, 234.51020166982394], [434.94755222514203, 974.1861932592553], [897.6776081085488, 844.231037608741], [392.40466433477815, 493.0230187317426], [676.689351831066, 60.80271295805606]], ""scale"": 1000.0, ""seed"": 5, ""symmetric"": true}, ""max_n"": 10, ""permutations_checked"": 362880, ""start"": 9}"
small_exact,evaluation,small_exact_euclidean_n10_seed5,euclidean,10,5,ortools,ok,"[9, 3, 2, 4, 6, 7, 0, 8, 1, 5]",3423.2699638137733,3423.2699638137733,3423.2699638137733,0.0,0.0,True,True,True,0.001798699999199016,258.98828125,259.0,0.01171875,9.0,calibrated_on_calibration_split,,,5.0,"{""finite_edges"": true, ""infinity_penalty"": 11290893620000, ""instance_metadata"": {""complete"": true, ""instance_type"": ""euclidean"", ""n"": 10, ""points"": [[805.0029237453801, 807.9407897364938], [515.325561042142, 285.8013800881416], [53.930702381656424, 383.36888078551823], [408.47320541999864, 45.27519390244517], [48.75771072716806, 999.1761150650714], [652.3691115879877, 234.51020166982394], [434.94755222514203, 974.1861932592553], [897.6776081085488, 844.231037608741], [392.40466433477815, 493.0230187317426], [676.689351831066, 60.80271295805606]], ""scale"": 1000.0, ""seed"": 5, ""symmetric"": true}, ""integer_scale"": 1000000, ""start"": 9, ""time_limit_s"": 5.0, ""valid_route"": true}"
small_exact,evaluation,small_exact_euclidean_n10_seed5,euclidean,10,5,networkx_christofides,ok,"[9, 3, 1, 8, 6, 0, 7, 4, 2, 5]",4031.8934626659743,3423.2699638137733,3423.2699638137733,0.17779009697913217,0.17779009697913217,True,True,True,0.0010020000008807983,259.0,259.01171875,0.01171875,9.0,calibrated_on_calibration_split,,,,"{""finite_edges"": true, ""instance_metadata"": {""complete"": true, ""instance_type"": ""euclidean"", ""n"": 10, ""points"": [[805.0029237453801, 807.9407897364938], [515.325561042142, 285.8013800881416], [53.930702381656424, 383.36888078551823], [408.47320541999864, 45.27519390244517], [48.75771072716806, 999.1761150650714], [652.3691115879877, 234.51020166982394], [434.94755222514203, 974.1861932592553], [897.6776081085488, 844.231037608741], [392.40466433477815, 493.0230187317426], [676.689351831066, 60.80271295805606]], ""scale"": 1000.0, ""seed"": 5, ""symmetric"": true}, ""requires_metric_symmetric_complete"": true, ""valid_route"": true}"
small_exact,evaluation,small_exact_euclidean_n10_seed5,euclidean,10,5,networkx_greedy,ok,"[9, 4, 6, 7, 0, 3, 2, 8, 1, 5]",4364.200219291025,3423.2699638137733,3423.2699638137733,0.2748630009971479,0.2748630009971479,True,True,True,0.00012700000297627412,259.01171875,259.01171875,0.0,9.0,calibrated_on_calibration_split,,,,"{""finite_edges"": true, ""instance_metadata"": {""complete"": true, ""instance_type"": ""euclidean"", ""n"": 10, ""points"": [[805.0029237453801, 807.9407897364938], [515.325561042142, 285.8013800881416], [53.930702381656424, 383.36888078551823], [408.47320541999864, 45.27519390244517], [48.75771072716806, 999.1761150650714], [652.3691115879877, 234.51020166982394], [434.94755222514203, 974.1861932592553], [897.6776081085488, 844.231037608741], [392.40466433477815, 493.0230187317426], [676.689351831066, 60.80271295805606]], ""scale"": 1000.0, ""seed"": 5, ""symmetric"": true}, ""valid_route"": true}"
small_exact,evaluation,small_exact_euclidean_n10_seed5,euclidean,10,5,python_tsp_dynamic_programming,skipped_missing_dependency,,,3423.2699638137733,3423.2699638137733,nan,nan,True,,,0.0005779000020993408,259.01171875,259.01171875,0.0,9.0,calibrated_on_calibration_split,,,,"{""instance_metadata"": {""complete"": true, ""instance_type"": ""euclidean"", ""n"": 10, ""points"": [[805.0029237453801, 807.9407897364938], [515.325561042142, 285.8013800881416], [53.930702381656424, 383.36888078551823], [408.47320541999864, 45.27519390244517], [48.75771072716806, 999.1761150650714], [652.3691115879877, 234.51020166982394], [434.94755222514203, 974.1861932592553], [897.6776081085488, 844.231037608741], [392.40466433477815, 493.0230187317426], [676.689351831066, 60.80271295805606]], ""scale"": 1000.0, ""seed"": 5, ""symmetric"": true}}"
small_exact,evaluation,small_exact_random_symmetric_n10_seed5,random_symmetric,10,5,tn_exact,ok,"[9, 7, 0, 5, 4, 8, 3, 2, 6, 1]",316.2385643932585,316.23856439325846,316.23856439325846,1.7974853563438387e-16,1.7974853563438387e-16,True,True,True,0.09872370000084629,259.01171875,259.21875,0.20703125,9.0,calibrated_on_calibration_split,,True,,"{""exact_mode"": true, ""finite_edges"": true, ""instance_metadata"": {""complete"": true, ""high"": 100.0, ""instance_type"": ""random_symmetric"", ""low"": 1.0, ""n"": 10, ""seed"": 5, ""symmetric"": true}, ""max_layers"": 8, ""n_layers"": null, ""n_layers_effective"": 8, ""normalization_factor"": 96.14320382930042, ""normalize"": true, ""seed"": 5, ""tau"": 9.0, ""valid_route"": true}"
small_exact,evaluation,small_exact_random_symmetric_n10_seed5,random_symmetric,10,5,held_karp,ok,"[9, 1, 6, 2, 3, 8, 4, 5, 0, 7]",316.23856439325846,316.23856439325846,316.23856439325846,0.0,0.0,True,True,True,0.005584599999565398,259.21875,259.25390625,0.03515625,9.0,calibrated_on_calibration_split,,,,"{""instance_metadata"": {""complete"": true, ""high"": 100.0, ""instance_type"": ""random_symmetric"", ""low"": 1.0, ""n"": 10, ""seed"": 5, ""symmetric"": true}, ""max_n"": 18, ""start"": 9}"
small_exact,evaluation,small_exact_random_symmetric_n10_seed5,random_symmetric,10,5,bruteforce,ok,"[9, 1, 6, 2, 3, 8, 4, 5, 0, 7]",316.23856439325846,316.23856439325846,316.23856439325846,0.0,0.0,True,True,True,1.417909799998597,259.25390625,259.25390625,0.0,9.0,calibrated_on_calibration_split,,,,"{""instance_metadata"": {""complete"": true, ""high"": 100.0, ""instance_type"": ""random_symmetric"", ""low"": 1.0, ""n"": 10, ""seed"": 5, ""symmetric"": true}, ""max_n"": 10, ""permutations_checked"": 362880, ""start"": 9}"
small_exact,evaluation,small_exact_random_symmetric_n10_seed5,random_symmetric,10,5,ortools,ok,"[9, 7, 0, 5, 4, 8, 3, 2, 6, 1]",316.2385643932585,316.23856439325846,316.23856439325846,1.7974853563438387e-16,1.7974853563438387e-16,True,True,True,0.0016041000017139595,259.25390625,259.2578125,0.00390625,9.0,calibrated_on_calibration_split,,,5.0,"{""finite_edges"": true, ""infinity_penalty"": 961432040000, ""instance_metadata"": {""complete"": true, ""high"": 100.0, ""instance_type"": ""random_symmetric"", ""low"": 1.0, ""n"": 10, ""seed"": 5, ""symmetric"": true}, ""integer_scale"": 1000000, ""start"": 9, ""time_limit_s"": 5.0, ""valid_route"": true}"
small_exact,evaluation,small_exact_random_symmetric_n10_seed5,random_symmetric,10,5,networkx_christofides,skipped_not_applicable,,,316.23856439325846,316.23856439325846,nan,nan,True,,,9.470000077271834e-05,259.2578125,259.2578125,0.0,9.0,calibrated_on_calibration_split,,,,"{""instance_metadata"": {""complete"": true, ""high"": 100.0, ""instance_type"": ""random_symmetric"", ""low"": 1.0, ""n"": 10, ""seed"": 5, ""symmetric"": true}, ""requires_metric_symmetric_complete"": true}"
small_exact,evaluation,small_exact_random_symmetric_n10_seed5,random_symmetric,10,5,networkx_greedy,ok,"[9, 1, 6, 2, 3, 8, 4, 5, 0, 7]",316.23856439325846,316.23856439325846,316.23856439325846,0.0,0.0,True,True,True,0.0001339999980700668,259.2578125,259.2578125,0.0,9.0,calibrated_on_calibration_split,,,,"{""finite_edges"": true, ""instance_metadata"": {""complete"": true, ""high"": 100.0, ""instance_type"": ""random_symmetric"", ""low"": 1.0, ""n"": 10, ""seed"": 5, ""symmetric"": true}, ""valid_route"": true}"
small_exact,evaluation,small_exact_random_symmetric_n10_seed5,random_symmetric,10,5,python_tsp_dynamic_programming,skipped_missing_dependency,,,316.23856439325846,316.23856439325846,nan,nan,True,,,0.0005526000022655353,259.2578125,259.2578125,0.0,9.0,calibrated_on_calibration_split,,,,"{""instance_metadata"": {""complete"": true, ""high"": 100.0, ""instance_type"": ""random_symmetric"", ""low"": 1.0, ""n"": 10, ""seed"": 5, ""symmetric"": true}}"
small_exact,evaluation,small_exact_random_asymmetric_n10_seed5,random_asymmetric,10,5,tn_exact,ok,"[9, 5, 0, 8, 6, 4, 7, 2, 3, 1]",157.46169902451936,157.46169902451936,157.46169902451936,0.0,0.0,True,True,True,0.14468439999836846,259.2578125,259.21484375,-0.04296875,9.0,calibrated_on_calibration_split,,True,,"{""exact_mode"": true, ""finite_edges"": true, ""instance_metadata"": {""complete"": true, ""high"": 100.0, ""instance_type"": ""random_asymmetric"", ""low"": 1.0, ""n"": 10, ""seed"": 5, ""symmetric"": false}, ""max_layers"": 8, ""n_layers"": null, ""n_layers_effective"": 8, ""normalization_factor"": 99.91843539144207, ""normalize"": true, ""seed"": 5, ""tau"": 9.0, ""valid_route"": true}"
small_exact,evaluation,small_exact_random_asymmetric_n10_seed5,random_asymmetric,10,5,held_karp,ok,"[9, 5, 0, 8, 6, 4, 7, 2, 3, 1]",157.46169902451936,157.46169902451936,157.46169902451936,0.0,0.0,True,True,True,0.005709199998818804,259.21484375,259.37890625,0.1640625,9.0,calibrated_on_calibration_split,,,,"{""instance_metadata"": {""complete"": true, ""high"": 100.0, ""instance_type"": ""random_asymmetric"", ""low"": 1.0, ""n"": 10, ""seed"": 5, ""symmetric"": false}, ""max_n"": 18, ""start"": 9}"
small_exact,evaluation,small_exact_random_asymmetric_n10_seed5,random_asymmetric,10,5,bruteforce,ok,"[9, 5, 0, 8, 6, 4, 7, 2, 3, 1]",157.46169902451936,157.46169902451936,157.46169902451936,0.0,0.0,True,True,True,1.3976427000015974,259.37890625,259.37890625,0.0,9.0,calibrated_on_calibration_split,,,,"{""instance_metadata"": {""complete"": true, ""high"": 100.0, ""instance_type"": ""random_asymmetric"", ""low"": 1.0, ""n"": 10, ""seed"": 5, ""symmetric"": false}, ""max_n"": 10, ""permutations_checked"": 362880, ""start"": 9}"
small_exact,evaluation,small_exact_random_asymmetric_n10_seed5,random_asymmetric,10,5,ortools,ok,"[9, 5, 0, 8, 6, 4, 7, 2, 3, 1]",157.46169902451936,157.46169902451936,157.46169902451936,0.0,0.0,True,True,True,0.002062100000330247,259.37890625,259.3984375,0.01953125,9.0,calibrated_on_calibration_split,,,5.0,"{""finite_edges"": true, ""infinity_penalty"": 999184350000, ""instance_metadata"": {""complete"": true, ""high"": 100.0, ""instance_type"": ""random_asymmetric"", ""low"": 1.0, ""n"": 10, ""seed"": 5, ""symmetric"": false}, ""integer_scale"": 1000000, ""start"": 9, ""time_limit_s"": 5.0, ""valid_route"": true}"
small_exact,evaluation,small_exact_random_asymmetric_n10_seed5,random_asymmetric,10,5,networkx_christofides,skipped_not_applicable,,,157.46169902451936,157.46169902451936,nan,nan,True,,,7.840000034775585e-05,259.3984375,259.3984375,0.0,9.0,calibrated_on_calibration_split,,,,"{""instance_metadata"": {""complete"": true, ""high"": 100.0, ""instance_type"": ""random_asymmetric"", ""low"": 1.0, ""n"": 10, ""seed"": 5, ""symmetric"": false}, ""requires_metric_symmetric_complete"": true}"
small_exact,evaluation,small_exact_random_asymmetric_n10_seed5,random_asymmetric,10,5,networkx_greedy,ok,"[9, 7, 2, 3, 1, 6, 4, 8, 0, 5]",295.8949994924104,157.46169902451936,157.46169902451936,0.8791553839790255,0.8791553839790255,True,True,True,0.00014840000221738592,259.3984375,259.3984375,0.0,9.0,calibrated_on_calibration_split,,,,"{""finite_edges"": true, ""instance_metadata"": {""complete"": true, ""high"": 100.0, ""instance_type"": ""random_asymmetric"", ""low"": 1.0, ""n"": 10, ""seed"": 5, ""symmetric"": false}, ""valid_route"": true}"
small_exact,evaluation,small_exact_random_asymmetric_n10_seed5,random_asymmetric,10,5,python_tsp_dynamic_programming,skipped_missing_dependency,,,157.46169902451936,157.46169902451936,nan,nan,True,,,0.0005135000028531067,259.3984375,259.3984375,0.0,9.0,calibrated_on_calibration_split,,,,"{""instance_metadata"": {""complete"": true, ""high"": 100.0, ""instance_type"": ""random_asymmetric"", ""low"": 1.0, ""n"": 10, ""seed"": 5, ""symmetric"": false}}"
small_exact,evaluation,small_exact_euclidean_n10_seed6,euclidean,10,6,tn_exact,ok,"[9, 2, 7, 6, 5, 8, 1, 0, 4, 3]",3289.401654062577,3289.401654062577,3289.401654062577,0.0,0.0,True,True,True,0.1415512999992643,259.3984375,259.5625,0.1640625,9.0,calibrated_on_calibration_split,,True,,"{""exact_mode"": true, ""finite_edges"": true, ""instance_metadata"": {""complete"": true, ""instance_type"": ""euclidean"", ""n"": 10, ""points"": [[538.1643514719432, 343.27086981333844], [369.06723979537827, 374.49676558788235], [987.4449901864666, 632.7562726071461], [674.3239305044935, 329.96345538545836], [679.9176611640223, 122.97237488719004], [51.729231983775215, 850.1913468087871], [8.895805535434675, 978.7675621852967], [827.0030258190536, 785.2109593263714], [48.0834870025465, 207.43926620697474], [849.8656310952118, 432.4948116550308]], ""scale"": 1000.0, ""seed"": 6, ""symmetric"": true}, ""max_layers"": 8, ""n_layers"": null, ""n_layers_effective"": 8, ""normalization_factor"": 1087.4997624523116, ""normalize"": true, ""seed"": 6, ""tau"": 9.0, ""valid_route"": true}"
small_exact,evaluation,small_exact_euclidean_n10_seed6,euclidean,10,6,held_karp,ok,"[9, 3, 4, 0, 1, 8, 5, 6, 7, 2]",3289.401654062577,3289.401654062577,3289.401654062577,0.0,0.0,True,True,True,0.006410099998902297,259.5625,259.640625,0.078125,9.0,calibrated_on_calibration_split,,,,"{""instance_metadata"": {""complete"": true, ""instance_type"": ""euclidean"", ""n"": 10, ""points"": [[538.1643514719432, 343.27086981333844], [369.06723979537827, 374.49676558788235], [987.4449901864666, 632.7562726071461], [674.3239305044935, 329.96345538545836], [679.9176611640223, 122.97237488719004], [51.729231983775215, 850.1913468087871], [8.895805535434675, 978.7675621852967], [827.0030258190536, 785.2109593263714], [48.0834870025465, 207.43926620697474], [849.8656310952118, 432.4948116550308]], ""scale"": 1000.0, ""seed"": 6, ""symmetric"": true}, ""max_n"": 18, ""start"": 9}"
small_exact,evaluation,small_exact_euclidean_n10_seed6,euclidean,10,6,bruteforce,ok,"[9, 2, 7, 6, 5, 8, 1, 0, 4, 3]",3289.401654062577,3289.401654062577,3289.401654062577,0.0,0.0,True,True,True,1.4018433000019286,259.640625,259.640625,0.0,9.0,calibrated_on_calibration_split,,,,"{""instance_metadata"": {""complete"": true, ""instance_type"": ""euclidean"", ""n"": 10, ""points"": [[538.1643514719432, 343.27086981333844], [369.06723979537827, 374.49676558788235], [987.4449901864666, 632.7562726071461], [674.3239305044935, 329.96345538545836], [679.9176611640223, 122.97237488719004], [51.729231983775215, 850.1913468087871], [8.895805535434675, 978.7675621852967], [827.0030258190536, 785.2109593263714], [48.0834870025465, 207.43926620697474], [849.8656310952118, 432.4948116550308]], ""scale"": 1000.0, ""seed"": 6, ""symmetric"": true}, ""max_n"": 10, ""permutations_checked"": 362880, ""start"": 9}"
small_exact,evaluation,small_exact_euclidean_n10_seed6,euclidean,10,6,ortools,ok,"[9, 3, 4, 0, 1, 8, 5, 6, 7, 2]",3289.401654062577,3289.401654062577,3289.401654062577,0.0,0.0,True,True,True,0.001740700001391815,259.640625,259.640625,0.0,9.0,calibrated_on_calibration_split,,,5.0,"{""finite_edges"": true, ""infinity_penalty"": 10874997620000, ""instance_metadata"": {""complete"": true, ""instance_type"": ""euclidean"", ""n"": 10, ""points"": [[538.1643514719432, 343.27086981333844], [369.06723979537827, 374.49676558788235], [987.4449901864666, 632.7562726071461], [674.3239305044935, 329.96345538545836], [679.9176611640223, 122.97237488719004], [51.729231983775215, 850.1913468087871], [8.895805535434675, 978.7675621852967], [827.0030258190536, 785.2109593263714], [48.0834870025465, 207.43926620697474], [849.8656310952118, 432.4948116550308]], ""scale"": 1000.0, ""seed"": 6, ""symmetric"": true}, ""integer_scale"": 1000000, ""start"": 9, ""time_limit_s"": 5.0, ""valid_route"": true}"
small_exact,evaluation,small_exact_euclidean_n10_seed6,euclidean,10,6,networkx_christofides,ok,"[9, 2, 7, 6, 5, 8, 1, 0, 4, 3]",3289.401654062577,3289.401654062577,3289.401654062577,0.0,0.0,True,True,True,0.000849300002300879,259.640625,259.640625,0.0,9.0,calibrated_on_calibration_split,,,,"{""finite_edges"": true, ""instance_metadata"": {""complete"": true, ""instance_type"": ""euclidean"", ""n"": 10, ""points"": [[538.1643514719432, 343.27086981333844], [369.06723979537827, 374.49676558788235], [987.4449901864666, 632.7562726071461], [674.3239305044935, 329.96345538545836], [679.9176611640223, 122.97237488719004], [51.729231983775215, 850.1913468087871], [8.895805535434675, 978.7675621852967], [827.0030258190536, 785.2109593263714], [48.0834870025465, 207.43926620697474], [849.8656310952118, 432.4948116550308]], ""scale"": 1000.0, ""seed"": 6, ""symmetric"": true}, ""requires_metric_symmetric_complete"": true, ""valid_route"": true}"
small_exact,evaluation,small_exact_euclidean_n10_seed6,euclidean,10,6,networkx_greedy,ok,"[9, 3, 0, 1, 8, 4, 2, 7, 5, 6]",4244.382292918301,3289.401654062577,3289.401654062577,0.2903204714073984,0.2903204714073984,True,True,True,0.00011779999840655364,259.640625,259.640625,0.0,9.0,calibrated_on_calibration_split,,,,"{""finite_edges"": true, ""instance_metadata"": {""complete"": true, ""instance_type"": ""euclidean"", ""n"": 10, ""points"": [[538.1643514719432, 343.27086981333844], [369.06723979537827, 374.49676558788235], [987.4449901864666, 632.7562726071461], [674.3239305044935, 329.96345538545836], [679.9176611640223, 122.97237488719004], [51.729231983775215, 850.1913468087871], [8.895805535434675, 978.7675621852967], [827.0030258190536, 785.2109593263714], [48.0834870025465, 207.43926620697474], [849.8656310952118, 432.4948116550308]], ""scale"": 1000.0, ""seed"": 6, ""symmetric"": true}, ""valid_route"": true}"
small_exact,evaluation,small_exact_euclidean_n10_seed6,euclidean,10,6,python_tsp_dynamic_programming,skipped_missing_dependency,,,3289.401654062577,3289.401654062577,nan,nan,True,,,0.0005118000008224044,259.640625,259.640625,0.0,9.0,calibrated_on_calibration_split,,,,"{""instance_metadata"": {""complete"": true, ""instance_type"": ""euclidean"", ""n"": 10, ""points"": [[538.1643514719432, 343.27086981333844], [369.06723979537827, 374.49676558788235], [987.4449901864666, 632.7562726071461], [674.3239305044935, 329.96345538545836], [679.9176611640223, 122.97237488719004], [51.729231983775215, 850.1913468087871], [8.895805535434675, 978.7675621852967], [827.0030258190536, 785.2109593263714], [48.0834870025465, 207.43926620697474], [849.8656310952118, 432.4948116550308]], ""scale"": 1000.0, ""seed"": 6, ""symmetric"": true}}"
small_exact,evaluation,small_exact_random_symmetric_n10_seed6,random_symmetric,10,6,tn_exact,ok,"[9, 0, 1, 2, 4, 6, 7, 5, 8, 3]",320.39065548960434,314.9079171573394,314.9079171573394,0.017410608096987187,0.017410608096987187,True,True,True,0.13518180000028224,259.640625,260.05859375,0.41796875,9.0,calibrated_on_calibration_split,,True,,"{""exact_mode"": true, ""finite_edges"": true, ""instance_metadata"": {""complete"": true, ""high"": 100.0, ""instance_type"": ""random_symmetric"", ""low"": 1.0, ""n"": 10, ""seed"": 6, ""symmetric"": true}, ""max_layers"": 8, ""n_layers"": null, ""n_layers_effective"": 8, ""normalization_factor"": 93.05914028997567, ""normalize"": true, ""seed"": 6, ""tau"": 9.0, ""valid_route"": true}"
small_exact,evaluation,small_exact_random_symmetric_n10_seed6,random_symmetric,10,6,held_karp,ok,"[9, 0, 5, 7, 4, 6, 1, 2, 8, 3]",314.9079171573394,314.9079171573394,314.9079171573394,0.0,0.0,True,True,True,0.005755399997724453,260.05859375,260.12890625,0.0703125,9.0,calibrated_on_calibration_split,,,,"{""instance_metadata"": {""complete"": true, ""high"": 100.0, ""instance_type"": ""random_symmetric"", ""low"": 1.0, ""n"": 10, ""seed"": 6, ""symmetric"": true}, ""max_n"": 18, ""start"": 9}"
small_exact,evaluation,small_exact_random_symmetric_n10_seed6,random_symmetric,10,6,bruteforce,ok,"[9, 0, 5, 7, 4, 6, 1, 2, 8, 3]",314.9079171573394,314.9079171573394,314.9079171573394,0.0,0.0,True,True,True,1.4131330999989586,260.12890625,260.12890625,0.0,9.0,calibrated_on_calibration_split,,,,"{""instance_metadata"": {""complete"": true, ""high"": 100.0, ""instance_type"": ""random_symmetric"", ""low"": 1.0, ""n"": 10, ""seed"": 6, ""symmetric"": true}, ""max_n"": 10, ""permutations_checked"": 362880, ""start"": 9}"
small_exact,evaluation,small_exact_random_symmetric_n10_seed6,random_symmetric,10,6,ortools,ok,"[9, 0, 1, 2, 4, 6, 7, 5, 8, 3]",320.39065548960434,314.9079171573394,314.9079171573394,0.017410608096987187,0.017410608096987187,True,True,True,0.0018176000012317672,260.12890625,260.1953125,0.06640625,9.0,calibrated_on_calibration_split,,,5.0,"{""finite_edges"": true, ""infinity_penalty"": 930591400000, ""instance_metadata"": {""complete"": true, ""high"": 100.0, ""instance_type"": ""random_symmetric"", ""low"": 1.0, ""n"": 10, ""seed"": 6, ""symmetric"": true}, ""integer_scale"": 1000000, ""start"": 9, ""time_limit_s"": 5.0, ""valid_route"": true}"
small_exact,evaluation,small_exact_random_symmetric_n10_seed6,random_symmetric,10,6,networkx_christofides,skipped_not_applicable,,,314.9079171573394,314.9079171573394,nan,nan,True,,,8.95000011951197e-05,260.1953125,260.1953125,0.0,9.0,calibrated_on_calibration_split,,,,"{""instance_metadata"": {""complete"": true, ""high"": 100.0, ""instance_type"": ""random_symmetric"", ""low"": 1.0, ""n"": 10, ""seed"": 6, ""symmetric"": true}, ""requires_metric_symmetric_complete"": true}"
small_exact,evaluation,small_exact_random_symmetric_n10_seed6,random_symmetric,10,6,networkx_greedy,ok,"[9, 0, 1, 2, 4, 7, 5, 8, 3, 6]",382.0311698192306,314.9079171573394,314.9079171573394,0.21315200096526637,0.21315200096526637,True,True,True,0.0001478000012866687,260.1953125,260.1953125,0.0,9.0,calibrated_on_calibration_split,,,,"{""finite_edges"": true, ""instance_metadata"": {""complete"": true, ""high"": 100.0, ""instance_type"": ""random_symmetric"", ""low"": 1.0, ""n"": 10, ""seed"": 6, ""symmetric"": true}, ""valid_route"": true}"
small_exact,evaluation,small_exact_random_symmetric_n10_seed6,random_symmetric,10,6,python_tsp_dynamic_programming,skipped_missing_dependency,,,314.9079171573394,314.9079171573394,nan,nan,True,,,0.000530999997863546,260.1953125,260.1953125,0.0,9.0,calibrated_on_calibration_split,,,,"{""instance_metadata"": {""complete"": true, ""high"": 100.0, ""instance_type"": ""random_symmetric"", ""low"": 1.0, ""n"": 10, ""seed"": 6, ""symmetric"": true}}"
small_exact,evaluation,small_exact_random_asymmetric_n10_seed6,random_asymmetric,10,6,tn_exact,ok,"[9, 5, 4, 2, 8, 3, 7, 6, 1, 0]",189.7150408879565,189.7150408879565,189.7150408879565,0.0,0.0,True,True,True,0.20853559999886784,260.19921875,260.171875,-0.02734375,9.0,calibrated_on_calibration_split,,True,,"{""exact_mode"": true, ""finite_edges"": true, ""instance_metadata"": {""complete"": true, ""high"": 100.0, ""instance_type"": ""random_asymmetric"", ""low"": 1.0, ""n"": 10, ""seed"": 6, ""symmetric"": false}, ""max_layers"": 8, ""n_layers"": null, ""n_layers_effective"": 8, ""normalization_factor"": 99.38583459304218, ""normalize"": true, ""seed"": 6, ""tau"": 9.0, ""valid_route"": true}"
small_exact,evaluation,small_exact_random_asymmetric_n10_seed6,random_asymmetric,10,6,held_karp,ok,"[9, 5, 4, 2, 8, 3, 7, 6, 1, 0]",189.7150408879565,189.7150408879565,189.7150408879565,0.0,0.0,True,True,True,0.005848900000273716,260.171875,260.171875,0.0,9.0,calibrated_on_calibration_split,,,,"{""instance_metadata"": {""complete"": true, ""high"": 100.0, ""instance_type"": ""random_asymmetric"", ""low"": 1.0, ""n"": 10, ""seed"": 6, ""symmetric"": false}, ""max_n"": 18, ""start"": 9}"
small_exact,evaluation,small_exact_random_asymmetric_n10_seed6,random_asymmetric,10,6,bruteforce,ok,"[9, 5, 4, 2, 8, 3, 7, 6, 1, 0]",189.7150408879565,189.7150408879565,189.7150408879565,0.0,0.0,True,True,True,1.3774190999974962,260.171875,260.171875,0.0,9.0,calibrated_on_calibration_split,,,,"{""instance_metadata"": {""complete"": true, ""high"": 100.0, ""instance_type"": ""random_asymmetric"", ""low"": 1.0, ""n"": 10, ""seed"": 6, ""symmetric"": false}, ""max_n"": 10, ""permutations_checked"": 362880, ""start"": 9}"
small_exact,evaluation,small_exact_random_asymmetric_n10_seed6,random_asymmetric,10,6,ortools,ok,"[9, 5, 4, 2, 6, 7, 8, 3, 1, 0]",192.91805938368753,189.7150408879565,189.7150408879565,0.016883313419639244,0.016883313419639244,True,True,True,0.0020535000003292225,260.171875,260.171875,0.0,9.0,calibrated_on_calibration_split,,,5.0,"{""finite_edges"": true, ""infinity_penalty"": 993858350000, ""instance_metadata"": {""complete"": true, ""high"": 100.0, ""instance_type"": ""random_asymmetric"", ""low"": 1.0, ""n"": 10, ""seed"": 6, ""symmetric"": false}, ""integer_scale"": 1000000, ""start"": 9, ""time_limit_s"": 5.0, ""valid_route"": true}"
small_exact,evaluation,small_exact_random_asymmetric_n10_seed6,random_asymmetric,10,6,networkx_christofides,skipped_not_applicable,,,189.7150408879565,189.7150408879565,nan,nan,True,,,8.70000003487803e-05,260.171875,260.171875,0.0,9.0,calibrated_on_calibration_split,,,,"{""instance_metadata"": {""complete"": true, ""high"": 100.0, ""instance_type"": ""random_asymmetric"", ""low"": 1.0, ""n"": 10, ""seed"": 6, ""symmetric"": false}, ""requires_metric_symmetric_complete"": true}"
small_exact,evaluation,small_exact_random_asymmetric_n10_seed6,random_asymmetric,10,6,networkx_greedy,ok,"[9, 6, 0, 7, 8, 3, 1, 2, 5, 4]",273.47410833542443,189.7150408879565,189.7150408879565,0.44149935110803934,0.44149935110803934,True,True,True,0.0001736999984132126,260.171875,260.171875,0.0,9.0,calibrated_on_calibration_split,,,,"{""finite_edges"": true, ""instance_metadata"": {""complete"": true, ""high"": 100.0, ""instance_type"": ""random_asymmetric"", ""low"": 1.0, ""n"": 10, ""seed"": 6, ""symmetric"": false}, ""valid_route"": true}"
small_exact,evaluation,small_exact_random_asymmetric_n10_seed6,random_asymmetric,10,6,python_tsp_dynamic_programming,skipped_missing_dependency,,,189.7150408879565,189.7150408879565,nan,nan,True,,,0.0006001000001560897,260.171875,260.171875,0.0,9.0,calibrated_on_calibration_split,,,,"{""instance_metadata"": {""complete"": true, ""high"": 100.0, ""instance_type"": ""random_asymmetric"", ""low"": 1.0, ""n"": 10, ""seed"": 6, ""symmetric"": false}}"
small_exact,evaluation,small_exact_euclidean_n10_seed7,euclidean,10,7,tn_exact,ok,"[9, 0, 8, 4, 1, 7, 5, 6, 3, 2]",3134.144288547415,3134.1442885474144,3134.1442885474144,1.4509458053612025e-16,1.4509458053612025e-16,True,True,True,0.13890879999962635,260.171875,260.421875,0.25,9.0,calibrated_on_calibration_split,,True,,"{""exact_mode"": true, ""finite_edges"": true, ""instance_metadata"": {""complete"": true, ""instance_type"": ""euclidean"", ""n"": 10, ""points"": [[625.095466604667, 897.2138009695755], [775.6856902451935, 225.20718999059187], [300.16628491122543, 873.5534453962618], [5.265304565574724, 821.2284183827662], [797.0694287520462, 467.9349528437208], [303.0324268193135, 278.4256121007733], [254.8695876541246, 445.0763058826466], [504.5482589579533, 553.4973520744925], [995.5002834343927, 792.6619192137531], [622.1792294411626, 988.9601476818849]], ""scale"": 1000.0, ""seed"": 7, ""symmetric"": true}, ""max_layers"": 8, ""n_layers"": null, ""n_layers_effective"": 8, ""normalization_factor"": 990.6469392523765, ""normalize"": true, ""seed"": 7, ""tau"": 9.0, ""valid_route"": true}"
small_exact,evaluation,small_exact_euclidean_n10_seed7,euclidean,10,7,held_karp,ok,"[9, 2, 3, 6, 5, 7, 1, 4, 8, 0]",3134.1442885474144,3134.1442885474144,3134.1442885474144,0.0,0.0,True,True,True,0.0037558000003627967,260.421875,260.421875,0.0,9.0,calibrated_on_calibration_split,,,,"{""instance_metadata"": {""complete"": true, ""instance_type"": ""euclidean"", ""n"": 10, ""points"": [[625.095466604667, 897.2138009695755], [775.6856902451935, 225.20718999059187], [300.16628491122543, 873.5534453962618], [5.265304565574724, 821.2284183827662], [797.0694287520462, 467.9349528437208], [303.0324268193135, 278.4256121007733], [254.8695876541246, 445.0763058826466], [504.5482589579533, 553.4973520744925], [995.5002834343927, 792.6619192137531], [622.1792294411626, 988.9601476818849]], ""scale"": 1000.0, ""seed"": 7, ""symmetric"": true}, ""max_n"": 18, ""start"": 9}"
small_exact,evaluation,small_exact_euclidean_n10_seed7,euclidean,10,7,bruteforce,ok,"[9, 2, 3, 6, 5, 7, 1, 4, 8, 0]",3134.1442885474144,3134.1442885474144,3134.1442885474144,0.0,0.0,True,True,True,1.3860322000000451,260.421875,260.421875,0.0,9.0,calibrated_on_calibration_split,,,,"{""instance_metadata"": {""complete"": true, ""instance_type"": ""euclidean"", ""n"": 10, ""points"": [[625.095466604667, 897.2138009695755], [775.6856902451935, 225.20718999059187], [300.16628491122543, 873.5534453962618], [5.265304565574724, 821.2284183827662], [797.0694287520462, 467.9349528437208], [303.0324268193135, 278.4256121007733], [254.8695876541246, 445.0763058826466], [504.5482589579533, 553.4973520744925], [995.5002834343927, 792.6619192137531], [622.1792294411626, 988.9601476818849]], ""scale"": 1000.0, ""seed"": 7, ""symmetric"": true}, ""max_n"": 10, ""permutations_checked"": 362880, ""start"": 9}"
small_exact,evaluation,small_exact_euclidean_n10_seed7,euclidean,10,7,ortools,ok,"[9, 0, 8, 4, 1, 7, 5, 6, 3, 2]",3134.144288547415,3134.1442885474144,3134.1442885474144,1.4509458053612025e-16,1.4509458053612025e-16,True,True,True,0.0016766000007919502,260.421875,260.421875,0.0,9.0,calibrated_on_calibration_split,,,5.0,"{""finite_edges"": true, ""infinity_penalty"": 9906469390000, ""instance_metadata"": {""complete"": true, ""instance_type"": ""euclidean"", ""n"": 10, ""points"": [[625.095466604667, 897.2138009695755], [775.6856902451935, 225.20718999059187], [300.16628491122543, 873.5534453962618], [5.265304565574724, 821.2284183827662], [797.0694287520462, 467.9349528437208], [303.0324268193135, 278.4256121007733], [254.8695876541246, 445.0763058826466], [504.5482589579533, 553.4973520744925], [995.5002834343927, 792.6619192137531], [622.1792294411626, 988.9601476818849]], ""scale"": 1000.0, ""seed"": 7, ""symmetric"": true}, ""integer_scale"": 1000000, ""start"": 9, ""time_limit_s"": 5.0, ""valid_route"": true}"
small_exact,evaluation,small_exact_euclidean_n10_seed7,euclidean,10,7,networkx_christofides,ok,"[9, 0, 7, 8, 4, 1, 6, 5, 3, 2]",3625.849720693592,3134.1442885474144,3134.1442885474144,0.15688666087995237,0.15688666087995237,True,True,True,0.0010366999995312653,260.421875,260.421875,0.0,9.0,calibrated_on_calibration_split,,,,"{""finite_edges"": true, ""instance_metadata"": {""complete"": true, ""instance_type"": ""euclidean"", ""n"": 10, ""points"": [[625.095466604667, 897.2138009695755], [775.6856902451935, 225.20718999059187], [300.16628491122543, 873.5534453962618], [5.265304565574724, 821.2284183827662], [797.0694287520462, 467.9349528437208], [303.0324268193135, 278.4256121007733], [254.8695876541246, 445.0763058826466], [504.5482589579533, 553.4973520744925], [995.5002834343927, 792.6619192137531], [622.1792294411626, 988.9601476818849]], ""scale"": 1000.0, ""seed"": 7, ""symmetric"": true}, ""requires_metric_symmetric_complete"": true, ""valid_route"": true}"
small_exact,evaluation,small_exact_euclidean_n10_seed7,euclidean,10,7,networkx_greedy,ok,"[9, 0, 2, 3, 6, 5, 7, 4, 1, 8]",3261.7540582557713,3134.1442885474144,3134.1442885474144,0.04071598431975841,0.04071598431975841,True,True,True,0.00013939999917056412,260.421875,260.421875,0.0,9.0,calibrated_on_calibration_split,,,,"{""finite_edges"": true, ""instance_metadata"": {""complete"": true, ""instance_type"": ""euclidean"", ""n"": 10, ""points"": [[625.095466604667, 897.2138009695755], [775.6856902451935, 225.20718999059187], [300.16628491122543, 873.5534453962618], [5.265304565574724, 821.2284183827662], [797.0694287520462, 467.9349528437208], [303.0324268193135, 278.4256121007733], [254.8695876541246, 445.0763058826466], [504.5482589579533, 553.4973520744925], [995.5002834343927, 792.6619192137531], [622.1792294411626, 988.9601476818849]], ""scale"": 1000.0, ""seed"": 7, ""symmetric"": true}, ""valid_route"": true}"
small_exact,evaluation,small_exact_euclidean_n10_seed7,euclidean,10,7,python_tsp_dynamic_programming,skipped_missing_dependency,,,3134.1442885474144,3134.1442885474144,nan,nan,True,,,0.0006702000027871691,260.421875,260.421875,0.0,9.0,calibrated_on_calibration_split,,,,"{""instance_metadata"": {""complete"": true, ""instance_type"": ""euclidean"", ""n"": 10, ""points"": [[625.095466604667, 897.2138009695755], [775.6856902451935, 225.20718999059187], [300.16628491122543, 873.5534453962618], [5.265304565574724, 821.2284183827662], [797.0694287520462, 467.9349528437208], [303.0324268193135, 278.4256121007733], [254.8695876541246, 445.0763058826466], [504.5482589579533, 553.4973520744925], [995.5002834343927, 792.6619192137531], [622.1792294411626, 988.9601476818849]], ""scale"": 1000.0, ""seed"": 7, ""symmetric"": true}}"
small_exact,evaluation,small_exact_random_symmetric_n10_seed7,random_symmetric,10,7,tn_exact,ok,"[9, 8, 7, 4, 0, 1, 2, 5, 3, 6]",306.73288773660215,299.6284610647302,299.6284610647302,0.023710787174977925,0.023710787174977925,True,True,True,0.15196329999889713,260.421875,260.44921875,0.02734375,9.0,calibrated_on_calibration_split,,True,,"{""exact_mode"": true, ""finite_edges"": true, ""instance_metadata"": {""complete"": true, ""high"": 100.0, ""instance_type"": ""random_symmetric"", ""low"": 1.0, ""n"": 10, ""seed"": 7, ""symmetric"": true}, ""max_layers"": 8, ""n_layers"": null, ""n_layers_effective"": 8, ""normalization_factor"": 93.3263583116622, ""normalize"": true, ""seed"": 7, ""tau"": 9.0, ""valid_route"": true}"
small_exact,evaluation,small_exact_random_symmetric_n10_seed7,random_symmetric,10,7,held_karp,ok,"[9, 8, 7, 1, 2, 3, 5, 4, 0, 6]",299.6284610647302,299.6284610647302,299.6284610647302,0.0,0.0,True,True,True,0.006077900001400849,260.44921875,260.44921875,0.0,9.0,calibrated_on_calibration_split,,,,"{""instance_metadata"": {""complete"": true, ""high"": 100.0, ""instance_type"": ""random_symmetric"", ""low"": 1.0, ""n"": 10, ""seed"": 7, ""symmetric"": true}, ""max_n"": 18, ""start"": 9}"
small_exact,evaluation,small_exact_random_symmetric_n10_seed7,random_symmetric,10,7,bruteforce,ok,"[9, 6, 0, 4, 5, 3, 2, 1, 7, 8]",299.6284610647302,299.6284610647302,299.6284610647302,0.0,0.0,True,True,True,1.413733500001399,260.44921875,260.44921875,0.0,9.0,calibrated_on_calibration_split,,,,"{""instance_metadata"": {""complete"": true, ""high"": 100.0, ""instance_type"": ""random_symmetric"", ""low"": 1.0, ""n"": 10, ""seed"": 7, ""symmetric"": true}, ""max_n"": 10, ""permutations_checked"": 362880, ""start"": 9}"
small_exact,evaluation,small_exact_random_symmetric_n10_seed7,random_symmetric,10,7,ortools,ok,"[9, 6, 0, 4, 5, 3, 2, 1, 7, 8]",299.6284610647302,299.6284610647302,299.6284610647302,0.0,0.0,True,True,True,0.0019428999985393602,260.44921875,260.44921875,0.0,9.0,calibrated_on_calibration_split,,,5.0,"{""finite_edges"": true, ""infinity_penalty"": 933263580000, ""instance_metadata"": {""complete"": true, ""high"": 100.0, ""instance_type"": ""random_symmetric"", ""low"": 1.0, ""n"": 10, ""seed"": 7, ""symmetric"": true}, ""integer_scale"": 1000000, ""start"": 9, ""time_limit_s"": 5.0, ""valid_route"": true}"
small_exact,evaluation,small_exact_random_symmetric_n10_seed7,random_symmetric,10,7,networkx_christofides,skipped_not_applicable,,,299.6284610647302,299.6284610647302,nan,nan,True,,,9.760000102687627e-05,260.44921875,260.44921875,0.0,9.0,calibrated_on_calibration_split,,,,"{""instance_metadata"": {""complete"": true, ""high"": 100.0, ""instance_type"": ""random_symmetric"", ""low"": 1.0, ""n"": 10, ""seed"": 7, ""symmetric"": true}, ""requires_metric_symmetric_complete"": true}"
small_exact,evaluation,small_exact_random_symmetric_n10_seed7,random_symmetric,10,7,networkx_greedy,ok,"[9, 5, 8, 0, 4, 7, 1, 2, 3, 6]",382.0479027025579,299.6284610647302,299.6284610647302,0.27507213882469683,0.27507213882469683,True,True,True,0.00014379999993252568,260.44921875,260.44921875,0.0,9.0,calibrated_on_calibration_split,,,,"{""finite_edges"": true, ""instance_metadata"": {""complete"": true, ""high"": 100.0, ""instance_type"": ""random_symmetric"", ""low"": 1.0, ""n"": 10, ""seed"": 7, ""symmetric"": true}, ""valid_route"": true}"
small_exact,evaluation,small_exact_random_symmetric_n10_seed7,random_symmetric,10,7,python_tsp_dynamic_programming,skipped_missing_dependency,,,299.6284610647302,299.6284610647302,nan,nan,True,,,0.0006041999986337032,260.44921875,260.44921875,0.0,9.0,calibrated_on_calibration_split,,,,"{""instance_metadata"": {""complete"": true, ""high"": 100.0, ""instance_type"": ""random_symmetric"", ""low"": 1.0, ""n"": 10, ""seed"": 7, ""symmetric"": true}}"
small_exact,evaluation,small_exact_random_asymmetric_n10_seed7,random_asymmetric,10,7,tn_exact,ok,"[9, 8, 3, 5, 2, 1, 0, 4, 6, 7]",165.21532419345274,165.21532419345274,165.21532419345274,0.0,0.0,True,True,True,0.09843020000334946,260.44921875,260.44921875,0.0,9.0,calibrated_on_calibration_split,,True,,"{""exact_mode"": true, ""finite_edges"": true, ""instance_metadata"": {""complete"": true, ""high"": 100.0, ""instance_type"": ""random_asymmetric"", ""low"": 1.0, ""n"": 10, ""seed"": 7, ""symmetric"": false}, ""max_layers"": 8, ""n_layers"": null, ""n_layers_effective"": 8, ""normalization_factor"": 99.55452806000487, ""normalize"": true, ""seed"": 7, ""tau"": 9.0, ""valid_route"": true}"
small_exact,evaluation,small_exact_random_asymmetric_n10_seed7,random_asymmetric,10,7,held_karp,ok,"[9, 8, 3, 5, 2, 1, 0, 4, 6, 7]",165.21532419345274,165.21532419345274,165.21532419345274,0.0,0.0,True,True,True,0.003757999998924788,260.44921875,260.44921875,0.0,9.0,calibrated_on_calibration_split,,,,"{""instance_metadata"": {""complete"": true, ""high"": 100.0, ""instance_type"": ""random_asymmetric"", ""low"": 1.0, ""n"": 10, ""seed"": 7, ""symmetric"": false}, ""max_n"": 18, ""start"": 9}"
small_exact,evaluation,small_exact_random_asymmetric_n10_seed7,random_asymmetric,10,7,bruteforce,ok,"[9, 8, 3, 5, 2, 1, 0, 4, 6, 7]",165.21532419345274,165.21532419345274,165.21532419345274,0.0,0.0,True,True,True,1.3866513000029954,260.44921875,260.44921875,0.0,9.0,calibrated_on_calibration_split,,,,"{""instance_metadata"": {""complete"": true, ""high"": 100.0, ""instance_type"": ""random_asymmetric"", ""low"": 1.0, ""n"": 10, ""seed"": 7, ""symmetric"": false}, ""max_n"": 10, ""permutations_checked"": 362880, ""start"": 9}"
small_exact,evaluation,small_exact_random_asymmetric_n10_seed7,random_asymmetric,10,7,ortools,ok,"[9, 6, 7, 4, 0, 3, 5, 2, 1, 8]",210.77814962354446,165.21532419345274,165.21532419345274,0.2757784464154283,0.2757784464154283,True,True,True,0.0018106999996234663,260.44921875,260.44921875,0.0,9.0,calibrated_on_calibration_split,,,5.0,"{""finite_edges"": true, ""infinity_penalty"": 995545280000, ""instance_metadata"": {""complete"": true, ""high"": 100.0, ""instance_type"": ""random_asymmetric"", ""low"": 1.0, ""n"": 10, ""seed"": 7, ""symmetric"": false}, ""integer_scale"": 1000000, ""start"": 9, ""time_limit_s"": 5.0, ""valid_route"": true}"
small_exact,evaluation,small_exact_random_asymmetric_n10_seed7,random_asymmetric,10,7,networkx_christofides,skipped_not_applicable,,,165.21532419345274,165.21532419345274,nan,nan,True,,,9.620000128052197e-05,260.44921875,260.44921875,0.0,9.0,calibrated_on_calibration_split,,,,"{""instance_metadata"": {""complete"": true, ""high"": 100.0, ""instance_type"": ""random_asymmetric"", ""low"": 1.0, ""n"": 10, ""seed"": 7, ""symmetric"": false}, ""requires_metric_symmetric_complete"": true}"
small_exact,evaluation,small_exact_random_asymmetric_n10_seed7,random_asymmetric,10,7,networkx_greedy,ok,"[9, 6, 7, 4, 0, 3, 2, 1, 5, 8]",276.31631458274575,165.21532419345274,165.21532419345274,0.6724617763616372,0.6724617763616372,True,True,True,0.0005792000010842457,260.44921875,260.44921875,0.0,9.0,calibrated_on_calibration_split,,,,"{""finite_edges"": true, ""instance_metadata"": {""complete"": true, ""high"": 100.0, ""instance_type"": ""random_asymmetric"", ""low"": 1.0, ""n"": 10, ""seed"": 7, ""symmetric"": false}, ""valid_route"": true}"
small_exact,evaluation,small_exact_random_asymmetric_n10_seed7,random_asymmetric,10,7,python_tsp_dynamic_programming,skipped_missing_dependency,,,165.21532419345274,165.21532419345274,nan,nan,True,,,0.000611299998126924,260.44921875,260.44921875,0.0,9.0,calibrated_on_calibration_split,,,,"{""instance_metadata"": {""complete"": true, ""high"": 100.0, ""instance_type"": ""random_asymmetric"", ""low"": 1.0, ""n"": 10, ""seed"": 7, ""symmetric"": false}}"
small_exact,evaluation,small_exact_euclidean_n10_seed8,euclidean,10,8,tn_exact,ok,"[9, 0, 1, 8, 4, 6, 5, 3, 2, 7]",2443.68551700098,2443.68551700098,2443.68551700098,0.0,0.0,True,True,True,0.1301547999973991,260.44921875,260.453125,0.00390625,9.0,calibrated_on_calibration_split,,True,,"{""exact_mode"": true, ""finite_edges"": true, ""instance_metadata"": {""complete"": true, ""instance_type"": ""euclidean"", ""n"": 10, ""points"": [[326.9722766055607, 987.2768433379256], [318.7108384855167, 788.548935820029], [869.8965116962161, 391.08480653919395], [437.8818731227988, 372.74890308935306], [106.95359647277436, 478.965454162717], [241.3521450846823, 257.1452485511297], [184.7315568344149, 193.8645489043107], [813.827670155021, 422.9841881442263], [255.92050515822606, 590.9028517654116], [604.2722960584558, 646.858027060188]], ""scale"": 1000.0, ""seed"": 8, ""symmetric"": true}, ""max_layers"": 8, ""n_layers"": null, ""n_layers_effective"": 8, ""normalization_factor"": 806.3570361762793, ""normalize"": true, ""seed"": 8, ""tau"": 9.0, ""valid_route"": true}"
small_exact,evaluation,small_exact_euclidean_n10_seed8,euclidean,10,8,held_karp,ok,"[9, 0, 1, 8, 4, 6, 5, 3, 2, 7]",2443.68551700098,2443.68551700098,2443.68551700098,0.0,0.0,True,True,True,0.005676700002368307,260.453125,260.453125,0.0,9.0,calibrated_on_calibration_split,,,,"{""instance_metadata"": {""complete"": true, ""instance_type"": ""euclidean"", ""n"": 10, ""points"": [[326.9722766055607, 987.2768433379256], [318.7108384855167, 788.548935820029], [869.8965116962161, 391.08480653919395], [437.8818731227988, 372.74890308935306], [106.95359647277436, 478.965454162717], [241.3521450846823, 257.1452485511297], [184.7315568344149, 193.8645489043107], [813.827670155021, 422.9841881442263], [255.92050515822606, 590.9028517654116], [604.2722960584558, 646.858027060188]], ""scale"": 1000.0, ""seed"": 8, ""symmetric"": true}, ""max_n"": 18, ""start"": 9}"
small_exact,evaluation,small_exact_euclidean_n10_seed8,euclidean,10,8,bruteforce,ok,"[9, 0, 1, 8, 4, 6, 5, 3, 2, 7]",2443.68551700098,2443.68551700098,2443.68551700098,0.0,0.0,True,True,True,1.4118892999977106,260.453125,260.453125,0.0,9.0,calibrated_on_calibration_split,,,,"{""instance_metadata"": {""complete"": true, ""instance_type"": ""euclidean"", ""n"": 10, ""points"": [[326.9722766055607, 987.2768433379256], [318.7108384855167, 788.548935820029], [869.8965116962161, 391.08480653919395], [437.8818731227988, 372.74890308935306], [106.95359647277436, 478.965454162717], [241.3521450846823, 257.1452485511297], [184.7315568344149, 193.8645489043107], [813.827670155021, 422.9841881442263], [255.92050515822606, 590.9028517654116], [604.2722960584558, 646.858027060188]], ""scale"": 1000.0, ""seed"": 8, ""symmetric"": true}, ""max_n"": 10, ""permutations_checked"": 362880, ""start"": 9}"
small_exact,evaluation,small_exact_euclidean_n10_seed8,euclidean,10,8,ortools,ok,"[9, 7, 2, 3, 5, 6, 4, 8, 1, 0]",2443.6855170009803,2443.68551700098,2443.68551700098,1.8609078284531231e-16,1.8609078284531231e-16,True,True,True,0.0018073999999614898,260.453125,260.453125,0.0,9.0,calibrated_on_calibration_split,,,5.0,"{""finite_edges"": true, ""infinity_penalty"": 8063570360000, ""instance_metadata"": {""complete"": true, ""instance_type"": ""euclidean"", ""n"": 10, ""points"": [[326.9722766055607, 987.2768433379256], [318.7108384855167, 788.548935820029], [869.8965116962161, 391.08480653919395], [437.8818731227988, 372.74890308935306], [106.95359647277436, 478.965454162717], [241.3521450846823, 257.1452485511297], [184.7315568344149, 193.8645489043107], [813.827670155021, 422.9841881442263], [255.92050515822606, 590.9028517654116], [604.2722960584558, 646.858027060188]], ""scale"": 1000.0, ""seed"": 8, ""symmetric"": true}, ""integer_scale"": 1000000, ""start"": 9, ""time_limit_s"": 5.0, ""valid_route"": true}"
small_exact,evaluation,small_exact_euclidean_n10_seed8,euclidean,10,8,networkx_christofides,ok,"[9, 1, 0, 8, 4, 6, 5, 3, 2, 7]",2518.711022296148,2443.68551700098,2443.68551700098,0.030701784158889314,0.030701784158889314,True,True,True,0.0010102999985974748,260.453125,260.453125,0.0,9.0,calibrated_on_calibration_split,,,,"{""finite_edges"": true, ""instance_metadata"": {""complete"": true, ""instance_type"": ""euclidean"", ""n"": 10, ""points"": [[326.9722766055607, 987.2768433379256], [318.7108384855167, 788.548935820029], [869.8965116962161, 391.08480653919395], [437.8818731227988, 372.74890308935306], [106.95359647277436, 478.965454162717], [241.3521450846823, 257.1452485511297], [184.7315568344149, 193.8645489043107], [813.827670155021, 422.9841881442263], [255.92050515822606, 590.9028517654116], [604.2722960584558, 646.858027060188]], ""scale"": 1000.0, ""seed"": 8, ""symmetric"": true}, ""requires_metric_symmetric_complete"": true, ""valid_route"": true}"
small_exact,evaluation,small_exact_euclidean_n10_seed8,euclidean,10,8,networkx_greedy,ok,"[9, 0, 1, 8, 4, 6, 5, 3, 2, 7]",2443.68551700098,2443.68551700098,2443.68551700098,0.0,0.0,True,True,True,0.0001391000005241949,260.453125,260.453125,0.0,9.0,calibrated_on_calibration_split,,,,"{""finite_edges"": true, ""instance_metadata"": {""complete"": true, ""instance_type"": ""euclidean"", ""n"": 10, ""points"": [[326.9722766055607, 987.2768433379256], [318.7108384855167, 788.548935820029], [869.8965116962161, 391.08480653919395], [437.8818731227988, 372.74890308935306], [106.95359647277436, 478.965454162717], [241.3521450846823, 257.1452485511297], [184.7315568344149, 193.8645489043107], [813.827670155021, 422.9841881442263], [255.92050515822606, 590.9028517654116], [604.2722960584558, 646.858027060188]], ""scale"": 1000.0, ""seed"": 8, ""symmetric"": true}, ""valid_route"": true}"
small_exact,evaluation,small_exact_euclidean_n10_seed8,euclidean,10,8,python_tsp_dynamic_programming,skipped_missing_dependency,,,2443.68551700098,2443.68551700098,nan,nan,True,,,0.000601499999902444,260.453125,260.453125,0.0,9.0,calibrated_on_calibration_split,,,,"{""instance_metadata"": {""complete"": true, ""instance_type"": ""euclidean"", ""n"": 10, ""points"": [[326.9722766055607, 987.2768433379256], [318.7108384855167, 788.548935820029], [869.8965116962161, 391.08480653919395], [437.8818731227988, 372.74890308935306], [106.95359647277436, 478.965454162717], [241.3521450846823, 257.1452485511297], [184.7315568344149, 193.8645489043107], [813.827670155021, 422.9841881442263], [255.92050515822606, 590.9028517654116], [604.2722960584558, 646.858027060188]], ""scale"": 1000.0, ""seed"": 8, ""symmetric"": true}}"
small_exact,evaluation,small_exact_random_symmetric_n10_seed8,random_symmetric,10,8,tn_exact,ok,"[9, 8, 0, 7, 4, 3, 2, 1, 6, 5]",268.6179665168381,268.6179665168381,268.6179665168381,0.0,0.0,True,True,True,0.15686450000066543,260.453125,260.453125,0.0,9.0,calibrated_on_calibration_split,,True,,"{""exact_mode"": true, ""finite_edges"": true, ""instance_metadata"": {""complete"": true, ""high"": 100.0, ""instance_type"": ""random_symmetric"", ""low"": 1.0, ""n"": 10, ""seed"": 8, ""symmetric"": true}, ""max_layers"": 8, ""n_layers"": null, ""n_layers_effective"": 8, ""normalization_factor"": 91.38662490692471, ""normalize"": true, ""seed"": 8, ""tau"": 9.0, ""valid_route"": true}"
small_exact,evaluation,small_exact_random_symmetric_n10_seed8,random_symmetric,10,8,held_karp,ok,"[9, 8, 0, 7, 4, 3, 2, 1, 6, 5]",268.6179665168381,268.6179665168381,268.6179665168381,0.0,0.0,True,True,True,0.006647400001384085,260.453125,260.453125,0.0,9.0,calibrated_on_calibration_split,,,,"{""instance_metadata"": {""complete"": true, ""high"": 100.0, ""instance_type"": ""random_symmetric"", ""low"": 1.0, ""n"": 10, ""seed"": 8, ""symmetric"": true}, ""max_n"": 18, ""start"": 9}"
small_exact,evaluation,small_exact_random_symmetric_n10_seed8,random_symmetric,10,8,bruteforce,ok,"[9, 8, 0, 7, 4, 3, 2, 1, 6, 5]",268.6179665168381,268.6179665168381,268.6179665168381,0.0,0.0,True,True,True,1.3999825999999302,260.453125,260.453125,0.0,9.0,calibrated_on_calibration_split,,,,"{""instance_metadata"": {""complete"": true, ""high"": 100.0, ""instance_type"": ""random_symmetric"", ""low"": 1.0, ""n"": 10, ""seed"": 8, ""symmetric"": true}, ""max_n"": 10, ""permutations_checked"": 362880, ""start"": 9}"
small_exact,evaluation,small_exact_random_symmetric_n10_seed8,random_symmetric,10,8,ortools,ok,"[9, 5, 6, 1, 2, 3, 4, 7, 0, 8]",268.6179665168382,268.6179665168381,268.6179665168381,2.1161435922509237e-16,2.1161435922509237e-16,True,True,True,0.0021658000005118083,260.453125,260.453125,0.0,9.0,calibrated_on_calibration_split,,,5.0,"{""finite_edges"": true, ""infinity_penalty"": 913866250000, ""instance_metadata"": {""complete"": true, ""high"": 100.0, ""instance_type"": ""random_symmetric"", ""low"": 1.0, ""n"": 10, ""seed"": 8, ""symmetric"": true}, ""integer_scale"": 1000000, ""start"": 9, ""time_limit_s"": 5.0, ""valid_route"": true}"
small_exact,evaluation,small_exact_random_symmetric_n10_seed8,random_symmetric,10,8,networkx_christofides,skipped_not_applicable,,,268.6179665168381,268.6179665168381,nan,nan,True,,,9.979999958886765e-05,260.453125,260.453125,0.0,9.0,calibrated_on_calibration_split,,,,"{""instance_metadata"": {""complete"": true, ""high"": 100.0, ""instance_type"": ""random_symmetric"", ""low"": 1.0, ""n"": 10, ""seed"": 8, ""symmetric"": true}, ""requires_metric_symmetric_complete"": true}"
small_exact,evaluation,small_exact_random_symmetric_n10_seed8,random_symmetric,10,8,networkx_greedy,ok,"[9, 0, 8, 1, 2, 5, 6, 7, 4, 3]",326.4592105641274,268.6179665168381,268.6179665168381,0.21532902209526447,0.21532902209526447,True,True,True,0.00014309999824035913,260.453125,260.453125,0.0,9.0,calibrated_on_calibration_split,,,,"{""finite_edges"": true, ""instance_metadata"": {""complete"": true, ""high"": 100.0, ""instance_type"": ""random_symmetric"", ""low"": 1.0, ""n"": 10, ""seed"": 8, ""symmetric"": true}, ""valid_route"": true}"
small_exact,evaluation,small_exact_random_symmetric_n10_seed8,random_symmetric,10,8,python_tsp_dynamic_programming,skipped_missing_dependency,,,268.6179665168381,268.6179665168381,nan,nan,True,,,0.0006032000019331463,260.453125,260.453125,0.0,9.0,calibrated_on_calibration_split,,,,"{""instance_metadata"": {""complete"": true, ""high"": 100.0, ""instance_type"": ""random_symmetric"", ""low"": 1.0, ""n"": 10, ""seed"": 8, ""symmetric"": true}}"
small_exact,evaluation,small_exact_random_asymmetric_n10_seed8,random_asymmetric,10,8,tn_exact,ok,"[9, 1, 0, 8, 2, 5, 6, 7, 4, 3]",185.18570213166973,185.18570213166973,185.18570213166973,0.0,0.0,True,True,True,0.16580910000266158,260.453125,260.453125,0.0,9.0,calibrated_on_calibration_split,,True,,"{""exact_mode"": true, ""finite_edges"": true, ""instance_metadata"": {""complete"": true, ""high"": 100.0, ""instance_type"": ""random_asymmetric"", ""low"": 1.0, ""n"": 10, ""seed"": 8, ""symmetric"": false}, ""max_layers"": 8, ""n_layers"": null, ""n_layers_effective"": 8, ""normalization_factor"": 98.88858626864226, ""normalize"": true, ""seed"": 8, ""tau"": 9.0, ""valid_route"": true}"
small_exact,evaluation,small_exact_random_asymmetric_n10_seed8,random_asymmetric,10,8,held_karp,ok,"[9, 1, 0, 8, 2, 5, 6, 7, 4, 3]",185.18570213166973,185.18570213166973,185.18570213166973,0.0,0.0,True,True,True,0.005824500000016997,260.453125,260.453125,0.0,9.0,calibrated_on_calibration_split,,,,"{""instance_metadata"": {""complete"": true, ""high"": 100.0, ""instance_type"": ""random_asymmetric"", ""low"": 1.0, ""n"": 10, ""seed"": 8, ""symmetric"": false}, ""max_n"": 18, ""start"": 9}"
small_exact,evaluation,small_exact_random_asymmetric_n10_seed8,random_asymmetric,10,8,bruteforce,ok,"[9, 1, 0, 8, 2, 5, 6, 7, 4, 3]",185.18570213166973,185.18570213166973,185.18570213166973,0.0,0.0,True,True,True,1.4174109999985376,260.453125,260.453125,0.0,9.0,calibrated_on_calibration_split,,,,"{""instance_metadata"": {""complete"": true, ""high"": 100.0, ""instance_type"": ""random_asymmetric"", ""low"": 1.0, ""n"": 10, ""seed"": 8, ""symmetric"": false}, ""max_n"": 10, ""permutations_checked"": 362880, ""start"": 9}"
small_exact,evaluation,small_exact_random_asymmetric_n10_seed8,random_asymmetric,10,8,ortools,ok,"[9, 1, 0, 8, 2, 5, 6, 7, 4, 3]",185.18570213166973,185.18570213166973,185.18570213166973,0.0,0.0,True,True,True,0.00222349999967264,260.453125,260.453125,0.0,9.0,calibrated_on_calibration_split,,,5.0,"{""finite_edges"": true, ""infinity_penalty"": 988885860000, ""instance_metadata"": {""complete"": true, ""high"": 100.0, ""instance_type"": ""random_asymmetric"", ""low"": 1.0, ""n"": 10, ""seed"": 8, ""symmetric"": false}, ""integer_scale"": 1000000, ""start"": 9, ""time_limit_s"": 5.0, ""valid_route"": true}"
small_exact,evaluation,small_exact_random_asymmetric_n10_seed8,random_asymmetric,10,8,networkx_christofides,skipped_not_applicable,,,185.18570213166973,185.18570213166973,nan,nan,True,,,8.499999967170879e-05,260.453125,260.453125,0.0,9.0,calibrated_on_calibration_split,,,,"{""instance_metadata"": {""complete"": true, ""high"": 100.0, ""instance_type"": ""random_asymmetric"", ""low"": 1.0, ""n"": 10, ""seed"": 8, ""symmetric"": false}, ""requires_metric_symmetric_complete"": true}"
small_exact,evaluation,small_exact_random_asymmetric_n10_seed8,random_asymmetric,10,8,networkx_greedy,ok,"[9, 1, 2, 4, 3, 5, 6, 0, 8, 7]",283.178444796899,185.18570213166973,185.18570213166973,0.5291593332381298,0.5291593332381298,True,True,True,0.00016089999917312525,260.453125,260.453125,0.0,9.0,calibrated_on_calibration_split,,,,"{""finite_edges"": true, ""instance_metadata"": {""complete"": true, ""high"": 100.0, ""instance_type"": ""random_asymmetric"", ""low"": 1.0, ""n"": 10, ""seed"": 8, ""symmetric"": false}, ""valid_route"": true}"
small_exact,evaluation,small_exact_random_asymmetric_n10_seed8,random_asymmetric,10,8,python_tsp_dynamic_programming,skipped_missing_dependency,,,185.18570213166973,185.18570213166973,nan,nan,True,,,0.0005557999975280836,260.453125,260.453125,0.0,9.0,calibrated_on_calibration_split,,,,"{""instance_metadata"": {""complete"": true, ""high"": 100.0, ""instance_type"": ""random_asymmetric"", ""low"": 1.0, ""n"": 10, ""seed"": 8, ""symmetric"": false}}"
small_exact,evaluation,small_exact_euclidean_n10_seed9,euclidean,10,9,tn_exact,ok,"[9, 8, 1, 2, 3, 7, 0, 5, 4, 6]",3085.9056160242603,3085.9056160242603,3085.9056160242603,0.0,0.0,True,True,True,0.14023480000105337,260.453125,260.453125,0.0,9.0,calibrated_on_calibration_split,,True,,"{""exact_mode"": true, ""finite_edges"": true, ""instance_metadata"": {""complete"": true, ""instance_type"": ""euclidean"", ""n"": 10, ""points"": [[870.2492039700846, 286.8172090875554], [603.1481500515619, 777.5340829201788], [716.0746296035653, 915.3801204905076], [860.3936491828846, 918.2376290487624], [26.587734467597212, 437.2480001295087], [484.9443269772881, 65.15419737010752], [5.626050679392924, 830.621436971257], [983.3022442861756, 784.6098526726796], [315.60348997827316, 705.3337045894538], [299.18107319824674, 740.7484828757487]], ""scale"": 1000.0, ""seed"": 9, ""symmetric"": true}, ""max_layers"": 8, ""n_layers"": null, ""n_layers_effective"": 8, ""normalization_factor"": 1021.4187365965673, ""normalize"": true, ""seed"": 9, ""tau"": 9.0, ""valid_route"": true}"
small_exact,evaluation,small_exact_euclidean_n10_seed9,euclidean,10,9,held_karp,ok,"[9, 8, 1, 2, 3, 7, 0, 5, 4, 6]",3085.9056160242603,3085.9056160242603,3085.9056160242603,0.0,0.0,True,True,True,0.006003399998007808,260.453125,260.453125,0.0,9.0,calibrated_on_calibration_split,,,,"{""instance_metadata"": {""complete"": true, ""instance_type"": ""euclidean"", ""n"": 10, ""points"": [[870.2492039700846, 286.8172090875554], [603.1481500515619, 777.5340829201788], [716.0746296035653, 915.3801204905076], [860.3936491828846, 918.2376290487624], [26.587734467597212, 437.2480001295087], [484.9443269772881, 65.15419737010752], [5.626050679392924, 830.621436971257], [983.3022442861756, 784.6098526726796], [315.60348997827316, 705.3337045894538], [299.18107319824674, 740.7484828757487]], ""scale"": 1000.0, ""seed"": 9, ""symmetric"": true}, ""max_n"": 18, ""start"": 9}"
small_exact,evaluation,small_exact_euclidean_n10_seed9,euclidean,10,9,bruteforce,ok,"[9, 6, 4, 5, 0, 7, 3, 2, 1, 8]",3085.9056160242603,3085.9056160242603,3085.9056160242603,0.0,0.0,True,True,True,1.4099408000001858,260.453125,260.453125,0.0,9.0,calibrated_on_calibration_split,,,,"{""instance_metadata"": {""complete"": true, ""instance_type"": ""euclidean"", ""n"": 10, ""points"": [[870.2492039700846, 286.8172090875554], [603.1481500515619, 777.5340829201788], [716.0746296035653, 915.3801204905076], [860.3936491828846, 918.2376290487624], [26.587734467597212, 437.2480001295087], [484.9443269772881, 65.15419737010752], [5.626050679392924, 830.621436971257], [983.3022442861756, 784.6098526726796], [315.60348997827316, 705.3337045894538], [299.18107319824674, 740.7484828757487]], ""scale"": 1000.0, ""seed"": 9, ""symmetric"": true}, ""max_n"": 10, ""permutations_checked"": 362880, ""start"": 9}"
small_exact,evaluation,small_exact_euclidean_n10_seed9,euclidean,10,9,ortools,ok,"[9, 8, 1, 2, 3, 7, 0, 5, 4, 6]",3085.9056160242603,3085.9056160242603,3085.9056160242603,0.0,0.0,True,True,True,0.0017861000014818273,260.453125,260.453125,0.0,9.0,calibrated_on_calibration_split,,,5.0,"{""finite_edges"": true, ""infinity_penalty"": 10214187370000, ""instance_metadata"": {""complete"": true, ""instance_type"": ""euclidean"", ""n"": 10, ""points"": [[870.2492039700846, 286.8172090875554], [603.1481500515619, 777.5340829201788], [716.0746296035653, 915.3801204905076], [860.3936491828846, 918.2376290487624], [26.587734467597212, 437.2480001295087], [484.9443269772881, 65.15419737010752], [5.626050679392924, 830.621436971257], [983.3022442861756, 784.6098526726796], [315.60348997827316, 705.3337045894538], [299.18107319824674, 740.7484828757487]], ""scale"": 1000.0, ""seed"": 9, ""symmetric"": true}, ""integer_scale"": 1000000, ""start"": 9, ""time_limit_s"": 5.0, ""valid_route"": true}"
small_exact,evaluation,small_exact_euclidean_n10_seed9,euclidean,10,9,networkx_christofides,ok,"[9, 6, 4, 5, 0, 7, 3, 2, 1, 8]",3085.9056160242603,3085.9056160242603,3085.9056160242603,0.0,0.0,True,True,True,0.0008974000011221506,260.453125,260.453125,0.0,9.0,calibrated_on_calibration_split,,,,"{""finite_edges"": true, ""instance_metadata"": {""complete"": true, ""instance_type"": ""euclidean"", ""n"": 10, ""points"": [[870.2492039700846, 286.8172090875554], [603.1481500515619, 777.5340829201788], [716.0746296035653, 915.3801204905076], [860.3936491828846, 918.2376290487624], [26.587734467597212, 437.2480001295087], [484.9443269772881, 65.15419737010752], [5.626050679392924, 830.621436971257], [983.3022442861756, 784.6098526726796], [315.60348997827316, 705.3337045894538], [299.18107319824674, 740.7484828757487]], ""scale"": 1000.0, ""seed"": 9, ""symmetric"": true}, ""requires_metric_symmetric_complete"": true, ""valid_route"": true}"
small_exact,evaluation,small_exact_euclidean_n10_seed9,euclidean,10,9,networkx_greedy,ok,"[9, 6, 4, 5, 0, 7, 3, 2, 1, 8]",3085.9056160242603,3085.9056160242603,3085.9056160242603,0.0,0.0,True,True,True,0.0001517000018793624,260.453125,260.453125,0.0,9.0,calibrated_on_calibration_split,,,,"{""finite_edges"": true, ""instance_metadata"": {""complete"": true, ""instance_type"": ""euclidean"", ""n"": 10, ""points"": [[870.2492039700846, 286.8172090875554], [603.1481500515619, 777.5340829201788], [716.0746296035653, 915.3801204905076], [860.3936491828846, 918.2376290487624], [26.587734467597212, 437.2480001295087], [484.9443269772881, 65.15419737010752], [5.626050679392924, 830.621436971257], [983.3022442861756, 784.6098526726796], [315.60348997827316, 705.3337045894538], [299.18107319824674, 740.7484828757487]], ""scale"": 1000.0, ""seed"": 9, ""symmetric"": true}, ""valid_route"": true}"
small_exact,evaluation,small_exact_euclidean_n10_seed9,euclidean,10,9,python_tsp_dynamic_programming,skipped_missing_dependency,,,3085.9056160242603,3085.9056160242603,nan,nan,True,,,0.0006258000030356925,260.453125,260.453125,0.0,9.0,calibrated_on_calibration_split,,,,"{""instance_metadata"": {""complete"": true, ""instance_type"": ""euclidean"", ""n"": 10, ""points"": [[870.2492039700846, 286.8172090875554], [603.1481500515619, 777.5340829201788], [716.0746296035653, 915.3801204905076], [860.3936491828846, 918.2376290487624], [26.587734467597212, 437.2480001295087], [484.9443269772881, 65.15419737010752], [5.626050679392924, 830.621436971257], [983.3022442861756, 784.6098526726796], [315.60348997827316, 705.3337045894538], [299.18107319824674, 740.7484828757487]], ""scale"": 1000.0, ""seed"": 9, ""symmetric"": true}}"
small_exact,evaluation,small_exact_random_symmetric_n10_seed9,random_symmetric,10,9,tn_exact,ok,"[9, 5, 7, 4, 3, 8, 0, 2, 1, 6]",330.3568560076054,330.3568560076054,330.3568560076054,0.0,0.0,True,True,True,0.1582897000007506,260.453125,259.99609375,-0.45703125,9.0,calibrated_on_calibration_split,,True,,"{""exact_mode"": true, ""finite_edges"": true, ""instance_metadata"": {""complete"": true, ""high"": 100.0, ""instance_type"": ""random_symmetric"", ""low"": 1.0, ""n"": 10, ""seed"": 9, ""symmetric"": true}, ""max_layers"": 8, ""n_layers"": null, ""n_layers_effective"": 8, ""normalization_factor"": 87.80877071315052, ""normalize"": true, ""seed"": 9, ""tau"": 9.0, ""valid_route"": true}"
small_exact,evaluation,small_exact_random_symmetric_n10_seed9,random_symmetric,10,9,held_karp,ok,"[9, 6, 1, 2, 0, 8, 3, 4, 7, 5]",330.3568560076054,330.3568560076054,330.3568560076054,0.0,0.0,True,True,True,0.003874599999107886,259.99609375,259.99609375,0.0,9.0,calibrated_on_calibration_split,,,,"{""instance_metadata"": {""complete"": true, ""high"": 100.0, ""instance_type"": ""random_symmetric"", ""low"": 1.0, ""n"": 10, ""seed"": 9, ""symmetric"": true}, ""max_n"": 18, ""start"": 9}"
small_exact,evaluation,small_exact_random_symmetric_n10_seed9,random_symmetric,10,9,bruteforce,ok,"[9, 5, 7, 4, 3, 8, 0, 2, 1, 6]",330.3568560076054,330.3568560076054,330.3568560076054,0.0,0.0,True,True,True,1.3762806999984605,259.99609375,259.99609375,0.0,9.0,calibrated_on_calibration_split,,,,"{""instance_metadata"": {""complete"": true, ""high"": 100.0, ""instance_type"": ""random_symmetric"", ""low"": 1.0, ""n"": 10, ""seed"": 9, ""symmetric"": true}, ""max_n"": 10, ""permutations_checked"": 362880, ""start"": 9}"
small_exact,evaluation,small_exact_random_symmetric_n10_seed9,random_symmetric,10,9,ortools,ok,"[9, 5, 8, 3, 4, 7, 6, 1, 0, 2]",334.30817543955123,330.3568560076054,330.3568560076054,0.011960761098461515,0.011960761098461515,True,True,True,0.0016004000026441645,259.99609375,259.99609375,0.0,9.0,calibrated_on_calibration_split,,,5.0,"{""finite_edges"": true, ""infinity_penalty"": 878087710000, ""instance_metadata"": {""complete"": true, ""high"": 100.0, ""instance_type"": ""random_symmetric"", ""low"": 1.0, ""n"": 10, ""seed"": 9, ""symmetric"": true}, ""integer_scale"": 1000000, ""start"": 9, ""time_limit_s"": 5.0, ""valid_route"": true}"
small_exact,evaluation,small_exact_random_symmetric_n10_seed9,random_symmetric,10,9,networkx_christofides,skipped_not_applicable,,,330.3568560076054,330.3568560076054,nan,nan,True,,,0.00010140000085812062,259.99609375,259.99609375,0.0,9.0,calibrated_on_calibration_split,,,,"{""instance_metadata"": {""complete"": true, ""high"": 100.0, ""instance_type"": ""random_symmetric"", ""low"": 1.0, ""n"": 10, ""seed"": 9, ""symmetric"": true}, ""requires_metric_symmetric_complete"": true}"
small_exact,evaluation,small_exact_random_symmetric_n10_seed9,random_symmetric,10,9,networkx_greedy,ok,"[9, 2, 0, 1, 6, 7, 4, 3, 8, 5]",334.30817543955123,330.3568560076054,330.3568560076054,0.011960761098461515,0.011960761098461515,True,True,True,0.00013059999764664099,259.99609375,259.99609375,0.0,9.0,calibrated_on_calibration_split,,,,"{""finite_edges"": true, ""instance_metadata"": {""complete"": true, ""high"": 100.0, ""instance_type"": ""random_symmetric"", ""low"": 1.0, ""n"": 10, ""seed"": 9, ""symmetric"": true}, ""valid_route"": true}"
small_exact,evaluation,small_exact_random_symmetric_n10_seed9,random_symmetric,10,9,python_tsp_dynamic_programming,skipped_missing_dependency,,,330.3568560076054,330.3568560076054,nan,nan,True,,,0.0005132000005687587,259.99609375,259.99609375,0.0,9.0,calibrated_on_calibration_split,,,,"{""instance_metadata"": {""complete"": true, ""high"": 100.0, ""instance_type"": ""random_symmetric"", ""low"": 1.0, ""n"": 10, ""seed"": 9, ""symmetric"": true}}"
small_exact,evaluation,small_exact_random_asymmetric_n10_seed9,random_asymmetric,10,9,tn_exact,ok,"[9, 5, 8, 4, 3, 6, 7, 0, 1, 2]",160.35825866879048,160.35825866879048,160.35825866879048,0.0,0.0,True,True,True,0.13911939999889,259.99609375,260.109375,0.11328125,9.0,calibrated_on_calibration_split,,True,,"{""exact_mode"": true, ""finite_edges"": true, ""instance_metadata"": {""complete"": true, ""high"": 100.0, ""instance_type"": ""random_asymmetric"", ""low"": 1.0, ""n"": 10, ""seed"": 9, ""symmetric"": false}, ""max_layers"": 8, ""n_layers"": null, ""n_layers_effective"": 8, ""normalization_factor"": 98.6376163787436, ""normalize"": true, ""seed"": 9, ""tau"": 9.0, ""valid_route"": true}"
small_exact,evaluation,small_exact_random_asymmetric_n10_seed9,random_asymmetric,10,9,held_karp,ok,"[9, 5, 8, 4, 3, 6, 7, 0, 1, 2]",160.35825866879048,160.35825866879048,160.35825866879048,0.0,0.0,True,True,True,0.005719199998566182,260.109375,260.109375,0.0,9.0,calibrated_on_calibration_split,,,,"{""instance_metadata"": {""complete"": true, ""high"": 100.0, ""instance_type"": ""random_asymmetric"", ""low"": 1.0, ""n"": 10, ""seed"": 9, ""symmetric"": false}, ""max_n"": 18, ""start"": 9}"
small_exact,evaluation,small_exact_random_asymmetric_n10_seed9,random_asymmetric,10,9,bruteforce,ok,"[9, 5, 8, 4, 3, 6, 7, 0, 1, 2]",160.35825866879048,160.35825866879048,160.35825866879048,0.0,0.0,True,True,True,1.4529610000026878,260.109375,260.109375,0.0,9.0,calibrated_on_calibration_split,,,,"{""instance_metadata"": {""complete"": true, ""high"": 100.0, ""instance_type"": ""random_asymmetric"", ""low"": 1.0, ""n"": 10, ""seed"": 9, ""symmetric"": false}, ""max_n"": 10, ""permutations_checked"": 362880, ""start"": 9}"
small_exact,evaluation,small_exact_random_asymmetric_n10_seed9,random_asymmetric,10,9,ortools,ok,"[9, 4, 3, 6, 7, 0, 8, 5, 1, 2]",170.43690569653384,160.35825866879048,160.35825866879048,0.06285081361827548,0.06285081361827548,True,True,True,0.002061600000160979,260.109375,260.109375,0.0,9.0,calibrated_on_calibration_split,,,5.0,"{""finite_edges"": true, ""infinity_penalty"": 986376160000, ""instance_metadata"": {""complete"": true, ""high"": 100.0, ""instance_type"": ""random_asymmetric"", ""low"": 1.0, ""n"": 10, ""seed"": 9, ""symmetric"": false}, ""integer_scale"": 1000000, ""start"": 9, ""time_limit_s"": 5.0, ""valid_route"": true}"
small_exact,evaluation,small_exact_random_asymmetric_n10_seed9,random_asymmetric,10,9,networkx_christofides,skipped_not_applicable,,,160.35825866879048,160.35825866879048,nan,nan,True,,,8.270000034826808e-05,260.109375,260.109375,0.0,9.0,calibrated_on_calibration_split,,,,"{""instance_metadata"": {""complete"": true, ""high"": 100.0, ""instance_type"": ""random_asymmetric"", ""low"": 1.0, ""n"": 10, ""seed"": 9, ""symmetric"": false}, ""requires_metric_symmetric_complete"": true}"
small_exact,evaluation,small_exact_random_asymmetric_n10_seed9,random_asymmetric,10,9,networkx_greedy,ok,"[9, 5, 8, 1, 2, 0, 4, 3, 6, 7]",233.37105107654753,160.35825866879048,160.35825866879048,0.4553104593045015,0.4553104593045015,True,True,True,0.00016600000162725337,260.109375,260.109375,0.0,9.0,calibrated_on_calibration_split,,,,"{""finite_edges"": true, ""instance_metadata"": {""complete"": true, ""high"": 100.0, ""instance_type"": ""random_asymmetric"", ""low"": 1.0, ""n"": 10, ""seed"": 9, ""symmetric"": false}, ""valid_route"": true}"
small_exact,evaluation,small_exact_random_asymmetric_n10_seed9,random_asymmetric,10,9,python_tsp_dynamic_programming,skipped_missing_dependency,,,160.35825866879048,160.35825866879048,nan,nan,True,,,0.0005505000008270144,260.109375,260.109375,0.0,9.0,calibrated_on_calibration_split,,,,"{""instance_metadata"": {""complete"": true, ""high"": 100.0, ""instance_type"": ""random_asymmetric"", ""low"": 1.0, ""n"": 10, ""seed"": 9, ""symmetric"": false}}"
