experiment,instance_id,instance_type,n,seed,solver,status,route,cost,optimum_cost,relative_gap,valid_route,finite_edges,runtime_s,rss_before_mb,rss_after_mb,rss_delta_mb,tau,n_layers,time_limit_s,best_known_cost,gap_to_best_known,exact_optimum_available,metadata_json
small_exact,small_exact_euclidean_n5_seed0,euclidean,5,0,tn_exact,ok,"[4, 2, 3, 0, 1]",2702.116926543379,2702.116926543379,0.0,True,True,0.008925600000111444,221.75,224.8984375,3.1484375,9.0,,,2702.116926543379,0.0,True,"{""finite_edges"": true, ""instance_metadata"": {""complete"": true, ""instance_type"": ""euclidean"", ""n"": 5, ""points"": [[636.9616873214543, 269.7867137638703], [40.97352393619469, 16.527635528529096], [813.2702392002724, 912.7555772777217], [606.6357757671799, 729.4965609839984], [543.6249914654229, 935.0724237877682]], ""scale"": 1000.0, ""seed"": 0, ""symmetric"": true}, ""n_layers"": null, ""normalization_factor"": 1183.0751201760934, ""normalize"": true, ""seed"": 0, ""tau"": 9.0, ""valid_route"": true}"
small_exact,small_exact_euclidean_n5_seed0,euclidean,5,0,held_karp,ok,"[4, 2, 3, 0, 1]",2702.116926543379,2702.116926543379,0.0,True,True,3.659999993033125e-05,224.8984375,224.8984375,0.0,,,,2702.116926543379,0.0,True,"{""instance_metadata"": {""complete"": true, ""instance_type"": ""euclidean"", ""n"": 5, ""points"": [[636.9616873214543, 269.7867137638703], [40.97352393619469, 16.527635528529096], [813.2702392002724, 912.7555772777217], [606.6357757671799, 729.4965609839984], [543.6249914654229, 935.0724237877682]], ""scale"": 1000.0, ""seed"": 0, ""symmetric"": true}, ""max_n"": 18, ""start"": 4}"
small_exact,small_exact_euclidean_n5_seed0,euclidean,5,0,bruteforce,ok,"[4, 2, 3, 0, 1]",2702.116926543379,2702.116926543379,0.0,True,True,6.380000013450626e-05,224.90625,224.90625,0.0,,,,2702.116926543379,0.0,True,"{""instance_metadata"": {""complete"": true, ""instance_type"": ""euclidean"", ""n"": 5, ""points"": [[636.9616873214543, 269.7867137638703], [40.97352393619469, 16.527635528529096], [813.2702392002724, 912.7555772777217], [606.6357757671799, 729.4965609839984], [543.6249914654229, 935.0724237877682]], ""scale"": 1000.0, ""seed"": 0, ""symmetric"": true}, ""max_n"": 10, ""permutations_checked"": 24, ""start"": 4}"
small_exact,small_exact_euclidean_n5_seed0,euclidean,5,0,ortools,ok,"[4, 1, 0, 3, 2]",2702.1169265433796,2702.116926543379,1.682929951770034e-16,True,True,0.03592879999996512,224.90625,239.1015625,14.1953125,,,5.0,2702.116926543379,1.682929951770034e-16,True,"{""finite_edges"": true, ""infinity_penalty"": 5915375600000, ""instance_metadata"": {""complete"": true, ""instance_type"": ""euclidean"", ""n"": 5, ""points"": [[636.9616873214543, 269.7867137638703], [40.97352393619469, 16.527635528529096], [813.2702392002724, 912.7555772777217], [606.6357757671799, 729.4965609839984], [543.6249914654229, 935.0724237877682]], ""scale"": 1000.0, ""seed"": 0, ""symmetric"": true}, ""integer_scale"": 1000000, ""start"": 4, ""time_limit_s"": 5.0, ""valid_route"": true}"
small_exact,small_exact_euclidean_n5_seed0,euclidean,5,0,networkx_christofides,ok,"[4, 2, 1, 0, 3]",2776.9333810898083,2702.116926543379,0.027688089220526974,True,True,0.12185609999960434,239.1015625,248.2265625,9.125,,,,2702.116926543379,0.027688089220526974,True,"{""finite_edges"": true, ""instance_metadata"": {""complete"": true, ""instance_type"": ""euclidean"", ""n"": 5, ""points"": [[636.9616873214543, 269.7867137638703], [40.97352393619469, 16.527635528529096], [813.2702392002724, 912.7555772777217], [606.6357757671799, 729.4965609839984], [543.6249914654229, 935.0724237877682]], ""scale"": 1000.0, ""seed"": 0, ""symmetric"": true}, ""requires_metric_symmetric_complete"": true, ""valid_route"": true}"
small_exact,small_exact_euclidean_n5_seed0,euclidean,5,0,networkx_greedy,ok,"[4, 1, 0, 2, 3]",2852.560099563098,2702.116926543379,0.05567604108537592,True,True,0.00020789999962289585,248.2265625,248.2421875,0.015625,,,,2702.116926543379,0.05567604108537592,True,"{""finite_edges"": true, ""instance_metadata"": {""complete"": true, ""instance_type"": ""euclidean"", ""n"": 5, ""points"": [[636.9616873214543, 269.7867137638703], [40.97352393619469, 16.527635528529096], [813.2702392002724, 912.7555772777217], [606.6357757671799, 729.4965609839984], [543.6249914654229, 935.0724237877682]], ""scale"": 1000.0, ""seed"": 0, ""symmetric"": true}, ""valid_route"": true}"
small_exact,small_exact_euclidean_n5_seed0,euclidean,5,0,python_tsp_dynamic_programming,skipped_missing_dependency,,,2702.116926543379,nan,,,0.0005844999996043043,248.2421875,248.2421875,0.0,,,,2702.116926543379,nan,True,"{""instance_metadata"": {""complete"": true, ""instance_type"": ""euclidean"", ""n"": 5, ""points"": [[636.9616873214543, 269.7867137638703], [40.97352393619469, 16.527635528529096], [813.2702392002724, 912.7555772777217], [606.6357757671799, 729.4965609839984], [543.6249914654229, 935.0724237877682]], ""scale"": 1000.0, ""seed"": 0, ""symmetric"": true}}"
small_exact,small_exact_random_symmetric_n5_seed0,random_symmetric,5,0,tn_exact,ok,"[4, 1, 2, 3, 0]",173.32033081190647,173.32033081190647,0.0,True,True,0.0074307999998382,248.2421875,248.33984375,0.09765625,9.0,,,173.32033081190647,0.0,True,"{""finite_edges"": true, ""instance_metadata"": {""complete"": true, ""high"": 100.0, ""instance_type"": ""random_symmetric"", ""low"": 1.0, ""n"": 5, ""seed"": 0, ""symmetric"": true}, ""n_layers"": null, ""normalization_factor"": 70.63679373385781, ""normalize"": true, ""seed"": 0, ""tau"": 9.0, ""valid_route"": true}"
small_exact,small_exact_random_symmetric_n5_seed0,random_symmetric,5,0,held_karp,ok,"[4, 1, 2, 3, 0]",173.32033081190647,173.32033081190647,0.0,True,True,3.1600000056641875e-05,248.33984375,248.33984375,0.0,,,,173.32033081190647,0.0,True,"{""instance_metadata"": {""complete"": true, ""high"": 100.0, ""instance_type"": ""random_symmetric"", ""low"": 1.0, ""n"": 5, ""seed"": 0, ""symmetric"": true}, ""max_n"": 18, ""start"": 4}"
small_exact,small_exact_random_symmetric_n5_seed0,random_symmetric,5,0,bruteforce,ok,"[4, 0, 3, 2, 1]",173.32033081190647,173.32033081190647,0.0,True,True,5.8200000239594374e-05,248.33984375,248.33984375,0.0,,,,173.32033081190647,0.0,True,"{""instance_metadata"": {""complete"": true, ""high"": 100.0, ""instance_type"": ""random_symmetric"", ""low"": 1.0, ""n"": 5, ""seed"": 0, ""symmetric"": true}, ""max_n"": 10, ""permutations_checked"": 24, ""start"": 4}"
small_exact,small_exact_random_symmetric_n5_seed0,random_symmetric,5,0,ortools,ok,"[4, 0, 3, 2, 1]",173.32033081190647,173.32033081190647,0.0,True,True,0.0013104999998176936,248.33984375,249.91015625,1.5703125,,,5.0,173.32033081190647,0.0,True,"{""finite_edges"": true, ""infinity_penalty"": 353183970000, ""instance_metadata"": {""complete"": true, ""high"": 100.0, ""instance_type"": ""random_symmetric"", ""low"": 1.0, ""n"": 5, ""seed"": 0, ""symmetric"": true}, ""integer_scale"": 1000000, ""start"": 4, ""time_limit_s"": 5.0, ""valid_route"": true}"
small_exact,small_exact_random_symmetric_n5_seed0,random_symmetric,5,0,networkx_christofides,skipped_not_applicable,,,173.32033081190647,nan,,,6.380000013450626e-05,249.91015625,249.91015625,0.0,,,,173.32033081190647,nan,True,"{""instance_metadata"": {""complete"": true, ""high"": 100.0, ""instance_type"": ""random_symmetric"", ""low"": 1.0, ""n"": 5, ""seed"": 0, ""symmetric"": true}, ""requires_metric_symmetric_complete"": true}"
small_exact,small_exact_random_symmetric_n5_seed0,random_symmetric,5,0,networkx_greedy,ok,"[4, 0, 3, 2, 1]",173.32033081190647,173.32033081190647,0.0,True,True,8.829999978843261e-05,249.91015625,249.91015625,0.0,,,,173.32033081190647,0.0,True,"{""finite_edges"": true, ""instance_metadata"": {""complete"": true, ""high"": 100.0, ""instance_type"": ""random_symmetric"", ""low"": 1.0, ""n"": 5, ""seed"": 0, ""symmetric"": true}, ""valid_route"": true}"
small_exact,small_exact_random_symmetric_n5_seed0,random_symmetric,5,0,python_tsp_dynamic_programming,skipped_missing_dependency,,,173.32033081190647,nan,,,0.0003947999998672458,249.9140625,249.9140625,0.0,,,,173.32033081190647,nan,True,"{""instance_metadata"": {""complete"": true, ""high"": 100.0, ""instance_type"": ""random_symmetric"", ""low"": 1.0, ""n"": 5, ""seed"": 0, ""symmetric"": true}}"
small_exact,small_exact_random_asymmetric_n5_seed0,random_asymmetric,5,0,tn_exact,ok,"[4, 0, 2, 1, 3]",107.79604688357381,107.79604688357381,0.0,True,True,0.0065754000002016255,249.91796875,250.0,0.08203125,9.0,,,107.79604688357381,0.0,True,"{""finite_edges"": true, ""instance_metadata"": {""complete"": true, ""high"": 100.0, ""instance_type"": ""random_asymmetric"", ""low"": 1.0, ""n"": 5, ""seed"": 0, ""symmetric"": false}, ""n_layers"": null, ""normalization_factor"": 93.57216995498905, ""normalize"": true, ""seed"": 0, ""tau"": 9.0, ""valid_route"": true}"
small_exact,small_exact_random_asymmetric_n5_seed0,random_asymmetric,5,0,held_karp,ok,"[4, 0, 2, 1, 3]",107.79604688357381,107.79604688357381,0.0,True,True,3.0899999728717376e-05,250.0,250.0,0.0,,,,107.79604688357381,0.0,True,"{""instance_metadata"": {""complete"": true, ""high"": 100.0, ""instance_type"": ""random_asymmetric"", ""low"": 1.0, ""n"": 5, ""seed"": 0, ""symmetric"": false}, ""max_n"": 18, ""start"": 4}"
small_exact,small_exact_random_asymmetric_n5_seed0,random_asymmetric,5,0,bruteforce,ok,"[4, 0, 2, 1, 3]",107.79604688357381,107.79604688357381,0.0,True,True,5.689999989044736e-05,250.0,250.0,0.0,,,,107.79604688357381,0.0,True,"{""instance_metadata"": {""complete"": true, ""high"": 100.0, ""instance_type"": ""random_asymmetric"", ""low"": 1.0, ""n"": 5, ""seed"": 0, ""symmetric"": false}, ""max_n"": 10, ""permutations_checked"": 24, ""start"": 4}"
small_exact,small_exact_random_asymmetric_n5_seed0,random_asymmetric,5,0,ortools,ok,"[4, 0, 2, 1, 3]",107.79604688357381,107.79604688357381,0.0,True,True,0.0008667000001878478,250.0,250.21875,0.21875,,,5.0,107.79604688357381,0.0,True,"{""finite_edges"": true, ""infinity_penalty"": 467860850000, ""instance_metadata"": {""complete"": true, ""high"": 100.0, ""instance_type"": ""random_asymmetric"", ""low"": 1.0, ""n"": 5, ""seed"": 0, ""symmetric"": false}, ""integer_scale"": 1000000, ""start"": 4, ""time_limit_s"": 5.0, ""valid_route"": true}"
small_exact,small_exact_random_asymmetric_n5_seed0,random_asymmetric,5,0,networkx_christofides,skipped_not_applicable,,,107.79604688357381,nan,,,5.449999980555731e-05,250.21875,250.21875,0.0,,,,107.79604688357381,nan,True,"{""instance_metadata"": {""complete"": true, ""high"": 100.0, ""instance_type"": ""random_asymmetric"", ""low"": 1.0, ""n"": 5, ""seed"": 0, ""symmetric"": false}, ""requires_metric_symmetric_complete"": true}"
small_exact,small_exact_random_asymmetric_n5_seed0,random_asymmetric,5,0,networkx_greedy,ok,"[4, 0, 3, 2, 1]",155.887825637219,107.79604688357381,0.4461367568106389,True,True,0.0002598999999463558,250.21875,250.2265625,0.0078125,,,,107.79604688357381,0.4461367568106389,True,"{""finite_edges"": true, ""instance_metadata"": {""complete"": true, ""high"": 100.0, ""instance_type"": ""random_asymmetric"", ""low"": 1.0, ""n"": 5, ""seed"": 0, ""symmetric"": false}, ""valid_route"": true}"
small_exact,small_exact_random_asymmetric_n5_seed0,random_asymmetric,5,0,python_tsp_dynamic_programming,skipped_missing_dependency,,,107.79604688357381,nan,,,0.00040720000015426194,250.2265625,250.2265625,0.0,,,,107.79604688357381,nan,True,"{""instance_metadata"": {""complete"": true, ""high"": 100.0, ""instance_type"": ""random_asymmetric"", ""low"": 1.0, ""n"": 5, ""seed"": 0, ""symmetric"": false}}"
small_exact,small_exact_euclidean_n5_seed1,euclidean,5,1,tn_exact,ok,"[4, 3, 0, 1, 2]",2479.7129244231546,2479.7129244231546,0.0,True,True,0.006639700000050652,250.2265625,250.28125,0.0546875,9.0,,,2479.7129244231546,0.0,True,"{""finite_edges"": true, ""instance_metadata"": {""complete"": true, ""instance_type"": ""euclidean"", ""n"": 5, ""points"": [[511.82162470025673, 950.4636963259353], [144.15961271963374, 948.6494471372439], [311.83145201048546, 423.32644897257563], [827.7025938204417, 409.1991363691613], [549.5936876730595, 27.559113243068367]], ""scale"": 1000.0, ""seed"": 1, ""symmetric"": true}, ""n_layers"": null, ""normalization_factor"": 1006.3717962694622, ""normalize"": true, ""seed"": 0, ""tau"": 9.0, ""valid_route"": true}"
small_exact,small_exact_euclidean_n5_seed1,euclidean,5,1,held_karp,ok,"[4, 3, 0, 1, 2]",2479.7129244231546,2479.7129244231546,0.0,True,True,2.9799999992974335e-05,250.28125,250.28125,0.0,,,,2479.7129244231546,0.0,True,"{""instance_metadata"": {""complete"": true, ""instance_type"": ""euclidean"", ""n"": 5, ""points"": [[511.82162470025673, 950.4636963259353], [144.15961271963374, 948.6494471372439], [311.83145201048546, 423.32644897257563], [827.7025938204417, 409.1991363691613], [549.5936876730595, 27.559113243068367]], ""scale"": 1000.0, ""seed"": 1, ""symmetric"": true}, ""max_n"": 18, ""start"": 4}"
small_exact,small_exact_euclidean_n5_seed1,euclidean,5,1,bruteforce,ok,"[4, 2, 1, 0, 3]",2479.7129244231546,2479.7129244231546,0.0,True,True,5.7699999615579145e-05,250.28125,250.28125,0.0,,,,2479.7129244231546,0.0,True,"{""instance_metadata"": {""complete"": true, ""instance_type"": ""euclidean"", ""n"": 5, ""points"": [[511.82162470025673, 950.4636963259353], [144.15961271963374, 948.6494471372439], [311.83145201048546, 423.32644897257563], [827.7025938204417, 409.1991363691613], [549.5936876730595, 27.559113243068367]], ""scale"": 1000.0, ""seed"": 1, ""symmetric"": true}, ""max_n"": 10, ""permutations_checked"": 24, ""start"": 4}"
small_exact,small_exact_euclidean_n5_seed1,euclidean,5,1,ortools,ok,"[4, 2, 1, 0, 3]",2479.7129244231546,2479.7129244231546,0.0,True,True,0.0008275999998659245,250.28125,250.63671875,0.35546875,,,5.0,2479.7129244231546,0.0,True,"{""finite_edges"": true, ""infinity_penalty"": 5031858980000, ""instance_metadata"": {""complete"": true, ""instance_type"": ""euclidean"", ""n"": 5, ""points"": [[511.82162470025673, 950.4636963259353], [144.15961271963374, 948.6494471372439], [311.83145201048546, 423.32644897257563], [827.7025938204417, 409.1991363691613], [549.5936876730595, 27.559113243068367]], ""scale"": 1000.0, ""seed"": 1, ""symmetric"": true}, ""integer_scale"": 1000000, ""start"": 4, ""time_limit_s"": 5.0, ""valid_route"": true}"
small_exact,small_exact_euclidean_n5_seed1,euclidean,5,1,networkx_christofides,ok,"[4, 2, 1, 0, 3]",2479.7129244231546,2479.7129244231546,0.0,True,True,0.0003418999999666994,250.63671875,250.6484375,0.01171875,,,,2479.7129244231546,0.0,True,"{""finite_edges"": true, ""instance_metadata"": {""complete"": true, ""instance_type"": ""euclidean"", ""n"": 5, ""points"": [[511.82162470025673, 950.4636963259353], [144.15961271963374, 948.6494471372439], [311.83145201048546, 423.32644897257563], [827.7025938204417, 409.1991363691613], [549.5936876730595, 27.559113243068367]], ""scale"": 1000.0, ""seed"": 1, ""symmetric"": true}, ""requires_metric_symmetric_complete"": true, ""valid_route"": true}"
small_exact,small_exact_euclidean_n5_seed1,euclidean,5,1,networkx_greedy,ok,"[4, 1, 0, 3, 2]",2978.4944417335737,2479.7129244231546,0.20114486334197276,True,True,7.400000004054164e-05,250.6484375,250.6484375,0.0,,,,2479.7129244231546,0.20114486334197276,True,"{""finite_edges"": true, ""instance_metadata"": {""complete"": true, ""instance_type"": ""euclidean"", ""n"": 5, ""points"": [[511.82162470025673, 950.4636963259353], [144.15961271963374, 948.6494471372439], [311.83145201048546, 423.32644897257563], [827.7025938204417, 409.1991363691613], [549.5936876730595, 27.559113243068367]], ""scale"": 1000.0, ""seed"": 1, ""symmetric"": true}, ""valid_route"": true}"
small_exact,small_exact_euclidean_n5_seed1,euclidean,5,1,python_tsp_dynamic_programming,skipped_missing_dependency,,,2479.7129244231546,nan,,,0.00037730000030933297,250.6484375,250.6484375,0.0,,,,2479.7129244231546,nan,True,"{""instance_metadata"": {""complete"": true, ""instance_type"": ""euclidean"", ""n"": 5, ""points"": [[511.82162470025673, 950.4636963259353], [144.15961271963374, 948.6494471372439], [311.83145201048546, 423.32644897257563], [827.7025938204417, 409.1991363691613], [549.5936876730595, 27.559113243068367]], ""scale"": 1000.0, ""seed"": 1, ""symmetric"": true}}"
small_exact,small_exact_random_symmetric_n5_seed1,random_symmetric,5,1,tn_exact,ok,"[4, 1, 3, 0, 2]",206.9505513353049,206.9505513353049,0.0,True,True,0.006531300000006013,250.6484375,250.734375,0.0859375,9.0,,,206.9505513353049,0.0,True,"{""finite_edges"": true, ""instance_metadata"": {""complete"": true, ""high"": 100.0, ""instance_type"": ""random_symmetric"", ""low"": 1.0, ""n"": 5, ""seed"": 1, ""symmetric"": true}, ""n_layers"": null, ""normalization_factor"": 70.40629316258583, ""normalize"": true, ""seed"": 0, ""tau"": 9.0, ""valid_route"": true}"
small_exact,small_exact_random_symmetric_n5_seed1,random_symmetric,5,1,held_karp,ok,"[4, 1, 3, 0, 2]",206.9505513353049,206.9505513353049,0.0,True,True,3.0700000024808105e-05,250.734375,250.734375,0.0,,,,206.9505513353049,0.0,True,"{""instance_metadata"": {""complete"": true, ""high"": 100.0, ""instance_type"": ""random_symmetric"", ""low"": 1.0, ""n"": 5, ""seed"": 1, ""symmetric"": true}, ""max_n"": 18, ""start"": 4}"
small_exact,small_exact_random_symmetric_n5_seed1,random_symmetric,5,1,bruteforce,ok,"[4, 1, 3, 0, 2]",206.9505513353049,206.9505513353049,0.0,True,True,5.850000025020563e-05,250.734375,250.734375,0.0,,,,206.9505513353049,0.0,True,"{""instance_metadata"": {""complete"": true, ""high"": 100.0, ""instance_type"": ""random_symmetric"", ""low"": 1.0, ""n"": 5, ""seed"": 1, ""symmetric"": true}, ""max_n"": 10, ""permutations_checked"": 24, ""start"": 4}"
small_exact,small_exact_random_symmetric_n5_seed1,random_symmetric,5,1,ortools,ok,"[4, 1, 3, 0, 2]",206.9505513353049,206.9505513353049,0.0,True,True,0.0007207000003290887,250.734375,250.734375,0.0,,,5.0,206.9505513353049,0.0,True,"{""finite_edges"": true, ""infinity_penalty"": 352031465000, ""instance_metadata"": {""complete"": true, ""high"": 100.0, ""instance_type"": ""random_symmetric"", ""low"": 1.0, ""n"": 5, ""seed"": 1, ""symmetric"": true}, ""integer_scale"": 1000000, ""start"": 4, ""time_limit_s"": 5.0, ""valid_route"": true}"
small_exact,small_exact_random_symmetric_n5_seed1,random_symmetric,5,1,networkx_christofides,skipped_not_applicable,,,206.9505513353049,nan,,,6.990000019868603e-05,250.734375,250.734375,0.0,,,,206.9505513353049,nan,True,"{""instance_metadata"": {""complete"": true, ""high"": 100.0, ""instance_type"": ""random_symmetric"", ""low"": 1.0, ""n"": 5, ""seed"": 1, ""symmetric"": true}, ""requires_metric_symmetric_complete"": true}"
small_exact,small_exact_random_symmetric_n5_seed1,random_symmetric,5,1,networkx_greedy,ok,"[4, 0, 2, 3, 1]",210.07918270696229,206.9505513353049,0.015117772586110747,True,True,7.60000002628658e-05,250.734375,250.73828125,0.00390625,,,,206.9505513353049,0.015117772586110747,True,"{""finite_edges"": true, ""instance_metadata"": {""complete"": true, ""high"": 100.0, ""instance_type"": ""random_symmetric"", ""low"": 1.0, ""n"": 5, ""seed"": 1, ""symmetric"": true}, ""valid_route"": true}"
small_exact,small_exact_random_symmetric_n5_seed1,random_symmetric,5,1,python_tsp_dynamic_programming,skipped_missing_dependency,,,206.9505513353049,nan,,,0.00038500000027852366,250.73828125,250.73828125,0.0,,,,206.9505513353049,nan,True,"{""instance_metadata"": {""complete"": true, ""high"": 100.0, ""instance_type"": ""random_symmetric"", ""low"": 1.0, ""n"": 5, ""seed"": 1, ""symmetric"": true}}"
small_exact,small_exact_random_asymmetric_n5_seed1,random_asymmetric,5,1,tn_exact,ok,"[4, 1, 3, 0, 2]",176.35462293795194,176.35462293795194,0.0,True,True,0.006772100000034698,250.7421875,250.8046875,0.0625,9.0,,,176.35462293795194,0.0,True,"{""finite_edges"": true, ""instance_metadata"": {""complete"": true, ""high"": 100.0, ""instance_type"": ""random_asymmetric"", ""low"": 1.0, ""n"": 5, ""seed"": 1, ""symmetric"": false}, ""n_layers"": null, ""normalization_factor"": 98.09298278032263, ""normalize"": true, ""seed"": 0, ""tau"": 9.0, ""valid_route"": true}"
small_exact,small_exact_random_asymmetric_n5_seed1,random_asymmetric,5,1,held_karp,ok,"[4, 1, 3, 0, 2]",176.35462293795194,176.35462293795194,0.0,True,True,3.530000003593159e-05,250.8046875,250.8046875,0.0,,,,176.35462293795194,0.0,True,"{""instance_metadata"": {""complete"": true, ""high"": 100.0, ""instance_type"": ""random_asymmetric"", ""low"": 1.0, ""n"": 5, ""seed"": 1, ""symmetric"": false}, ""max_n"": 18, ""start"": 4}"
small_exact,small_exact_random_asymmetric_n5_seed1,random_asymmetric,5,1,bruteforce,ok,"[4, 1, 3, 0, 2]",176.35462293795194,176.35462293795194,0.0,True,True,7.589999995616381e-05,250.8046875,250.8046875,0.0,,,,176.35462293795194,0.0,True,"{""instance_metadata"": {""complete"": true, ""high"": 100.0, ""instance_type"": ""random_asymmetric"", ""low"": 1.0, ""n"": 5, ""seed"": 1, ""symmetric"": false}, ""max_n"": 10, ""permutations_checked"": 24, ""start"": 4}"
small_exact,small_exact_random_asymmetric_n5_seed1,random_asymmetric,5,1,ortools,ok,"[4, 0, 2, 3, 1]",187.61082612756402,176.35462293795194,0.06382709453311257,True,True,0.0007663000001230102,250.8046875,250.8046875,0.0,,,5.0,176.35462293795194,0.06382709453311257,True,"{""finite_edges"": true, ""infinity_penalty"": 490464915000, ""instance_metadata"": {""complete"": true, ""high"": 100.0, ""instance_type"": ""random_asymmetric"", ""low"": 1.0, ""n"": 5, ""seed"": 1, ""symmetric"": false}, ""integer_scale"": 1000000, ""start"": 4, ""time_limit_s"": 5.0, ""valid_route"": true}"
small_exact,small_exact_random_asymmetric_n5_seed1,random_asymmetric,5,1,networkx_christofides,skipped_not_applicable,,,176.35462293795194,nan,,,5.0299999656999717e-05,250.8046875,250.8046875,0.0,,,,176.35462293795194,nan,True,"{""instance_metadata"": {""complete"": true, ""high"": 100.0, ""instance_type"": ""random_asymmetric"", ""low"": 1.0, ""n"": 5, ""seed"": 1, ""symmetric"": false}, ""requires_metric_symmetric_complete"": true}"
small_exact,small_exact_random_asymmetric_n5_seed1,random_asymmetric,5,1,networkx_greedy,ok,"[4, 1, 2, 0, 3]",267.75429527030104,176.35462293795194,0.5182720521282103,True,True,8.239999988290947e-05,250.8046875,250.80859375,0.00390625,,,,176.35462293795194,0.5182720521282103,True,"{""finite_edges"": true, ""instance_metadata"": {""complete"": true, ""high"": 100.0, ""instance_type"": ""random_asymmetric"", ""low"": 1.0, ""n"": 5, ""seed"": 1, ""symmetric"": false}, ""valid_route"": true}"
small_exact,small_exact_random_asymmetric_n5_seed1,random_asymmetric,5,1,python_tsp_dynamic_programming,skipped_missing_dependency,,,176.35462293795194,nan,,,0.00038319999976010877,250.80859375,250.80859375,0.0,,,,176.35462293795194,nan,True,"{""instance_metadata"": {""complete"": true, ""high"": 100.0, ""instance_type"": ""random_asymmetric"", ""low"": 1.0, ""n"": 5, ""seed"": 1, ""symmetric"": false}}"
small_exact,small_exact_euclidean_n5_seed2,euclidean,5,2,tn_exact,ok,"[4, 2, 1, 3, 0]",2245.3659766460946,2245.3659766460946,0.0,True,True,0.006852600000001985,250.80859375,250.80859375,0.0,9.0,,,2245.3659766460946,0.0,True,"{""finite_edges"": true, ""instance_metadata"": {""complete"": true, ""instance_type"": ""euclidean"", ""n"": 5, ""points"": [[261.6121342493164, 298.4911434141233], [814.2257405942803, 91.91594213509691], [600.100525965654, 728.5605268117946], [187.90107336660344, 55.14662733306819], [274.9693679060381, 657.4330148755926]], ""scale"": 1000.0, ""seed"": 2, ""symmetric"": true}, ""n_layers"": null, ""normalization_factor"": 789.553461606053, ""normalize"": true, ""seed"": 0, ""tau"": 9.0, ""valid_route"": true}"
small_exact,small_exact_euclidean_n5_seed2,euclidean,5,2,held_karp,ok,"[4, 2, 1, 3, 0]",2245.3659766460946,2245.3659766460946,0.0,True,True,3.300000025774352e-05,250.80859375,250.80859375,0.0,,,,2245.3659766460946,0.0,True,"{""instance_metadata"": {""complete"": true, ""instance_type"": ""euclidean"", ""n"": 5, ""points"": [[261.6121342493164, 298.4911434141233], [814.2257405942803, 91.91594213509691], [600.100525965654, 728.5605268117946], [187.90107336660344, 55.14662733306819], [274.9693679060381, 657.4330148755926]], ""scale"": 1000.0, ""seed"": 2, ""symmetric"": true}, ""max_n"": 18, ""start"": 4}"
small_exact,small_exact_euclidean_n5_seed2,euclidean,5,2,bruteforce,ok,"[4, 0, 3, 1, 2]",2245.3659766460946,2245.3659766460946,0.0,True,True,6.200000007083872e-05,250.80859375,250.80859375,0.0,,,,2245.3659766460946,0.0,True,"{""instance_metadata"": {""complete"": true, ""instance_type"": ""euclidean"", ""n"": 5, ""points"": [[261.6121342493164, 298.4911434141233], [814.2257405942803, 91.91594213509691], [600.100525965654, 728.5605268117946], [187.90107336660344, 55.14662733306819], [274.9693679060381, 657.4330148755926]], ""scale"": 1000.0, ""seed"": 2, ""symmetric"": true}, ""max_n"": 10, ""permutations_checked"": 24, ""start"": 4}"
small_exact,small_exact_euclidean_n5_seed2,euclidean,5,2,ortools,ok,"[4, 2, 1, 3, 0]",2245.3659766460946,2245.3659766460946,0.0,True,True,0.0008128999998007203,250.80859375,250.80859375,0.0,,,5.0,2245.3659766460946,0.0,True,"{""finite_edges"": true, ""infinity_penalty"": 3947767310000, ""instance_metadata"": {""complete"": true, ""instance_type"": ""euclidean"", ""n"": 5, ""points"": [[261.6121342493164, 298.4911434141233], [814.2257405942803, 91.91594213509691], [600.100525965654, 728.5605268117946], [187.90107336660344, 55.14662733306819], [274.9693679060381, 657.4330148755926]], ""scale"": 1000.0, ""seed"": 2, ""symmetric"": true}, ""integer_scale"": 1000000, ""start"": 4, ""time_limit_s"": 5.0, ""valid_route"": true}"
small_exact,small_exact_euclidean_n5_seed2,euclidean,5,2,networkx_christofides,ok,"[4, 2, 1, 0, 3]",2457.281852168191,2245.3659766460946,0.09437921377905416,True,True,0.001275199999781762,250.80859375,250.81640625,0.0078125,,,,2245.3659766460946,0.09437921377905416,True,"{""finite_edges"": true, ""instance_metadata"": {""complete"": true, ""instance_type"": ""euclidean"", ""n"": 5, ""points"": [[261.6121342493164, 298.4911434141233], [814.2257405942803, 91.91594213509691], [600.100525965654, 728.5605268117946], [187.90107336660344, 55.14662733306819], [274.9693679060381, 657.4330148755926]], ""scale"": 1000.0, ""seed"": 2, ""symmetric"": true}, ""requires_metric_symmetric_complete"": true, ""valid_route"": true}"
small_exact,small_exact_euclidean_n5_seed2,euclidean,5,2,networkx_greedy,ok,"[4, 1, 3, 0, 2]",2543.197307820892,2245.3659766460946,0.1326426668402932,True,True,8.739999975659885e-05,250.81640625,250.81640625,0.0,,,,2245.3659766460946,0.1326426668402932,True,"{""finite_edges"": true, ""instance_metadata"": {""complete"": true, ""instance_type"": ""euclidean"", ""n"": 5, ""points"": [[261.6121342493164, 298.4911434141233], [814.2257405942803, 91.91594213509691], [600.100525965654, 728.5605268117946], [187.90107336660344, 55.14662733306819], [274.9693679060381, 657.4330148755926]], ""scale"": 1000.0, ""seed"": 2, ""symmetric"": true}, ""valid_route"": true}"
small_exact,small_exact_euclidean_n5_seed2,euclidean,5,2,python_tsp_dynamic_programming,skipped_missing_dependency,,,2245.3659766460946,nan,,,0.0004887000000053376,250.81640625,250.81640625,0.0,,,,2245.3659766460946,nan,True,"{""instance_metadata"": {""complete"": true, ""instance_type"": ""euclidean"", ""n"": 5, ""points"": [[261.6121342493164, 298.4911434141233], [814.2257405942803, 91.91594213509691], [600.100525965654, 728.5605268117946], [187.90107336660344, 55.14662733306819], [274.9693679060381, 657.4330148755926]], ""scale"": 1000.0, ""seed"": 2, ""symmetric"": true}}"
small_exact,small_exact_random_symmetric_n5_seed2,random_symmetric,5,2,tn_exact,ok,"[4, 3, 0, 1, 2]",214.59148911323302,214.591489113233,1.3244565079375907e-16,True,True,0.007793400000082329,250.81640625,250.8203125,0.00390625,9.0,,,214.591489113233,1.3244565079375907e-16,True,"{""finite_edges"": true, ""instance_metadata"": {""complete"": true, ""high"": 100.0, ""instance_type"": ""random_symmetric"", ""low"": 1.0, ""n"": 5, ""seed"": 2, ""symmetric"": true}, ""n_layers"": null, ""normalization_factor"": 69.13632446704806, ""normalize"": true, ""seed"": 0, ""tau"": 9.0, ""valid_route"": true}"
small_exact,small_exact_random_symmetric_n5_seed2,random_symmetric,5,2,held_karp,ok,"[4, 2, 1, 0, 3]",214.591489113233,214.591489113233,0.0,True,True,3.130000004603062e-05,250.8203125,250.8203125,0.0,,,,214.591489113233,0.0,True,"{""instance_metadata"": {""complete"": true, ""high"": 100.0, ""instance_type"": ""random_symmetric"", ""low"": 1.0, ""n"": 5, ""seed"": 2, ""symmetric"": true}, ""max_n"": 18, ""start"": 4}"
small_exact,small_exact_random_symmetric_n5_seed2,random_symmetric,5,2,bruteforce,ok,"[4, 2, 1, 0, 3]",214.591489113233,214.591489113233,0.0,True,True,5.779999992228113e-05,250.8203125,250.8203125,0.0,,,,214.591489113233,0.0,True,"{""instance_metadata"": {""complete"": true, ""high"": 100.0, ""instance_type"": ""random_symmetric"", ""low"": 1.0, ""n"": 5, ""seed"": 2, ""symmetric"": true}, ""max_n"": 10, ""permutations_checked"": 24, ""start"": 4}"
small_exact,small_exact_random_symmetric_n5_seed2,random_symmetric,5,2,ortools,ok,"[4, 3, 0, 1, 2]",214.59148911323302,214.591489113233,1.3244565079375907e-16,True,True,0.000843799999984185,250.8203125,250.8203125,0.0,,,5.0,214.591489113233,1.3244565079375907e-16,True,"{""finite_edges"": true, ""infinity_penalty"": 345681620000, ""instance_metadata"": {""complete"": true, ""high"": 100.0, ""instance_type"": ""random_symmetric"", ""low"": 1.0, ""n"": 5, ""seed"": 2, ""symmetric"": true}, ""integer_scale"": 1000000, ""start"": 4, ""time_limit_s"": 5.0, ""valid_route"": true}"
small_exact,small_exact_random_symmetric_n5_seed2,random_symmetric,5,2,networkx_christofides,skipped_not_applicable,,,214.591489113233,nan,,,6.110000003900495e-05,250.8203125,250.8203125,0.0,,,,214.591489113233,nan,True,"{""instance_metadata"": {""complete"": true, ""high"": 100.0, ""instance_type"": ""random_symmetric"", ""low"": 1.0, ""n"": 5, ""seed"": 2, ""symmetric"": true}, ""requires_metric_symmetric_complete"": true}"
small_exact,small_exact_random_symmetric_n5_seed2,random_symmetric,5,2,networkx_greedy,ok,"[4, 0, 3, 1, 2]",224.42210642439363,214.591489113233,0.045810844371247814,True,True,7.719999985056347e-05,250.8203125,250.8203125,0.0,,,,214.591489113233,0.045810844371247814,True,"{""finite_edges"": true, ""instance_metadata"": {""complete"": true, ""high"": 100.0, ""instance_type"": ""random_symmetric"", ""low"": 1.0, ""n"": 5, ""seed"": 2, ""symmetric"": true}, ""valid_route"": true}"
small_exact,small_exact_random_symmetric_n5_seed2,random_symmetric,5,2,python_tsp_dynamic_programming,skipped_missing_dependency,,,214.591489113233,nan,,,0.0004220000000714208,250.8203125,250.8203125,0.0,,,,214.591489113233,nan,True,"{""instance_metadata"": {""complete"": true, ""high"": 100.0, ""instance_type"": ""random_symmetric"", ""low"": 1.0, ""n"": 5, ""seed"": 2, ""symmetric"": true}}"
small_exact,small_exact_random_asymmetric_n5_seed2,random_asymmetric,5,2,tn_exact,ok,"[4, 1, 2, 0, 3]",144.35703077828856,144.35703077828856,0.0,True,True,0.006907800000135467,250.8203125,250.8203125,0.0,9.0,,,144.35703077828856,0.0,True,"{""finite_edges"": true, ""instance_metadata"": {""complete"": true, ""high"": 100.0, ""instance_type"": ""random_asymmetric"", ""low"": 1.0, ""n"": 5, ""seed"": 2, ""symmetric"": false}, ""n_layers"": null, ""normalization_factor"": 96.77615929687398, ""normalize"": true, ""seed"": 0, ""tau"": 9.0, ""valid_route"": true}"
small_exact,small_exact_random_asymmetric_n5_seed2,random_asymmetric,5,2,held_karp,ok,"[4, 1, 2, 0, 3]",144.35703077828856,144.35703077828856,0.0,True,True,3.040000001419685e-05,250.8203125,250.8203125,0.0,,,,144.35703077828856,0.0,True,"{""instance_metadata"": {""complete"": true, ""high"": 100.0, ""instance_type"": ""random_asymmetric"", ""low"": 1.0, ""n"": 5, ""seed"": 2, ""symmetric"": false}, ""max_n"": 18, ""start"": 4}"
small_exact,small_exact_random_asymmetric_n5_seed2,random_asymmetric,5,2,bruteforce,ok,"[4, 1, 2, 0, 3]",144.35703077828856,144.35703077828856,0.0,True,True,5.7499999911669875e-05,250.8203125,250.8203125,0.0,,,,144.35703077828856,0.0,True,"{""instance_metadata"": {""complete"": true, ""high"": 100.0, ""instance_type"": ""random_asymmetric"", ""low"": 1.0, ""n"": 5, ""seed"": 2, ""symmetric"": false}, ""max_n"": 10, ""permutations_checked"": 24, ""start"": 4}"
small_exact,small_exact_random_asymmetric_n5_seed2,random_asymmetric,5,2,ortools,ok,"[4, 1, 2, 0, 3]",144.35703077828856,144.35703077828856,0.0,True,True,0.0007884000001467939,250.8203125,250.8203125,0.0,,,5.0,144.35703077828856,0.0,True,"{""finite_edges"": true, ""infinity_penalty"": 483880795000, ""instance_metadata"": {""complete"": true, ""high"": 100.0, ""instance_type"": ""random_asymmetric"", ""low"": 1.0, ""n"": 5, ""seed"": 2, ""symmetric"": false}, ""integer_scale"": 1000000, ""start"": 4, ""time_limit_s"": 5.0, ""valid_route"": true}"
small_exact,small_exact_random_asymmetric_n5_seed2,random_asymmetric,5,2,networkx_christofides,skipped_not_applicable,,,144.35703077828856,nan,,,5.379999993238016e-05,250.8203125,250.8203125,0.0,,,,144.35703077828856,nan,True,"{""instance_metadata"": {""complete"": true, ""high"": 100.0, ""instance_type"": ""random_asymmetric"", ""low"": 1.0, ""n"": 5, ""seed"": 2, ""symmetric"": false}, ""requires_metric_symmetric_complete"": true}"
small_exact,small_exact_random_asymmetric_n5_seed2,random_asymmetric,5,2,networkx_greedy,ok,"[4, 0, 3, 2, 1]",195.915234111541,144.35703077828856,0.35715754927405197,True,True,8.310000021083397e-05,250.8203125,250.8203125,0.0,,,,144.35703077828856,0.35715754927405197,True,"{""finite_edges"": true, ""instance_metadata"": {""complete"": true, ""high"": 100.0, ""instance_type"": ""random_asymmetric"", ""low"": 1.0, ""n"": 5, ""seed"": 2, ""symmetric"": false}, ""valid_route"": true}"
small_exact,small_exact_random_asymmetric_n5_seed2,random_asymmetric,5,2,python_tsp_dynamic_programming,skipped_missing_dependency,,,144.35703077828856,nan,,,0.0004155999999966298,250.8203125,250.8203125,0.0,,,,144.35703077828856,nan,True,"{""instance_metadata"": {""complete"": true, ""high"": 100.0, ""instance_type"": ""random_asymmetric"", ""low"": 1.0, ""n"": 5, ""seed"": 2, ""symmetric"": false}}"
small_exact,small_exact_euclidean_n5_seed3,euclidean,5,3,tn_exact,ok,"[4, 1, 2, 0, 3]",2052.9194068712777,2052.9194068712777,0.0,True,True,0.0064662999998290616,250.8203125,250.8203125,0.0,9.0,,,2052.9194068712777,0.0,True,"{""finite_edges"": true, ""instance_metadata"": {""complete"": true, ""instance_type"": ""euclidean"", ""n"": 5, ""points"": [[85.64916714362437, 236.8105065960997], [801.2744652063969, 582.1620360643678], [94.12864224039919, 433.1269402364738], [479.05129814083404, 159.73891463707858], [734.5771514092145, 113.6720199214034]], ""scale"": 1000.0, ""seed"": 3, ""symmetric"": true}, ""n_layers"": null, ""normalization_factor"": 794.5987957035325, ""normalize"": true, ""seed"": 0, ""tau"": 9.0, ""valid_route"": true}"
small_exact,small_exact_euclidean_n5_seed3,euclidean,5,3,held_karp,ok,"[4, 3, 0, 2, 1]",2052.9194068712777,2052.9194068712777,0.0,True,True,3.0200000310287578e-05,250.8203125,250.8203125,0.0,,,,2052.9194068712777,0.0,True,"{""instance_metadata"": {""complete"": true, ""instance_type"": ""euclidean"", ""n"": 5, ""points"": [[85.64916714362437, 236.8105065960997], [801.2744652063969, 582.1620360643678], [94.12864224039919, 433.1269402364738], [479.05129814083404, 159.73891463707858], [734.5771514092145, 113.6720199214034]], ""scale"": 1000.0, ""seed"": 3, ""symmetric"": true}, ""max_n"": 18, ""start"": 4}"
small_exact,small_exact_euclidean_n5_seed3,euclidean,5,3,bruteforce,ok,"[4, 1, 2, 0, 3]",2052.9194068712777,2052.9194068712777,0.0,True,True,5.7699999615579145e-05,250.8203125,250.8203125,0.0,,,,2052.9194068712777,0.0,True,"{""instance_metadata"": {""complete"": true, ""instance_type"": ""euclidean"", ""n"": 5, ""points"": [[85.64916714362437, 236.8105065960997], [801.2744652063969, 582.1620360643678], [94.12864224039919, 433.1269402364738], [479.05129814083404, 159.73891463707858], [734.5771514092145, 113.6720199214034]], ""scale"": 1000.0, ""seed"": 3, ""symmetric"": true}, ""max_n"": 10, ""permutations_checked"": 24, ""start"": 4}"
small_exact,small_exact_euclidean_n5_seed3,euclidean,5,3,ortools,ok,"[4, 3, 0, 2, 1]",2052.9194068712777,2052.9194068712777,0.0,True,True,0.00072039999986373,250.8203125,250.8203125,0.0,,,5.0,2052.9194068712777,0.0,True,"{""finite_edges"": true, ""infinity_penalty"": 3972993980000, ""instance_metadata"": {""complete"": true, ""instance_type"": ""euclidean"", ""n"": 5, ""points"": [[85.64916714362437, 236.8105065960997], [801.2744652063969, 582.1620360643678], [94.12864224039919, 433.1269402364738], [479.05129814083404, 159.73891463707858], [734.5771514092145, 113.6720199214034]], ""scale"": 1000.0, ""seed"": 3, ""symmetric"": true}, ""integer_scale"": 1000000, ""start"": 4, ""time_limit_s"": 5.0, ""valid_route"": true}"
small_exact,small_exact_euclidean_n5_seed3,euclidean,5,3,networkx_christofides,ok,"[4, 1, 2, 0, 3]",2052.9194068712777,2052.9194068712777,0.0,True,True,0.00039139999989856733,250.8203125,250.828125,0.0078125,,,,2052.9194068712777,0.0,True,"{""finite_edges"": true, ""instance_metadata"": {""complete"": true, ""instance_type"": ""euclidean"", ""n"": 5, ""points"": [[85.64916714362437, 236.8105065960997], [801.2744652063969, 582.1620360643678], [94.12864224039919, 433.1269402364738], [479.05129814083404, 159.73891463707858], [734.5771514092145, 113.6720199214034]], ""scale"": 1000.0, ""seed"": 3, ""symmetric"": true}, ""requires_metric_symmetric_complete"": true, ""valid_route"": true}"
small_exact,small_exact_euclidean_n5_seed3,euclidean,5,3,networkx_greedy,ok,"[4, 1, 2, 0, 3]",2052.9194068712777,2052.9194068712777,0.0,True,True,8.01000001047214e-05,250.828125,250.828125,0.0,,,,2052.9194068712777,0.0,True,"{""finite_edges"": true, ""instance_metadata"": {""complete"": true, ""instance_type"": ""euclidean"", ""n"": 5, ""points"": [[85.64916714362437, 236.8105065960997], [801.2744652063969, 582.1620360643678], [94.12864224039919, 433.1269402364738], [479.05129814083404, 159.73891463707858], [734.5771514092145, 113.6720199214034]], ""scale"": 1000.0, ""seed"": 3, ""symmetric"": true}, ""valid_route"": true}"
small_exact,small_exact_euclidean_n5_seed3,euclidean,5,3,python_tsp_dynamic_programming,skipped_missing_dependency,,,2052.9194068712777,nan,,,0.00038679999988744385,250.828125,250.828125,0.0,,,,2052.9194068712777,nan,True,"{""instance_metadata"": {""complete"": true, ""instance_type"": ""euclidean"", ""n"": 5, ""points"": [[85.64916714362437, 236.8105065960997], [801.2744652063969, 582.1620360643678], [94.12864224039919, 433.1269402364738], [479.05129814083404, 159.73891463707858], [734.5771514092145, 113.6720199214034]], ""scale"": 1000.0, ""seed"": 3, ""symmetric"": true}}"
small_exact,small_exact_random_symmetric_n5_seed3,random_symmetric,5,3,tn_exact,ok,"[4, 0, 1, 2, 3]",167.5623460705495,167.5623460705495,0.0,True,True,0.006765999999970518,250.828125,250.87890625,0.05078125,9.0,,,167.5623460705495,0.0,True,"{""finite_edges"": true, ""instance_metadata"": {""complete"": true, ""high"": 100.0, ""instance_type"": ""random_symmetric"", ""low"": 1.0, ""n"": 5, ""seed"": 3, ""symmetric"": true}, ""n_layers"": null, ""normalization_factor"": 77.15224989957308, ""normalize"": true, ""seed"": 0, ""tau"": 9.0, ""valid_route"": true}"
small_exact,small_exact_random_symmetric_n5_seed3,random_symmetric,5,3,held_karp,ok,"[4, 3, 2, 1, 0]",167.5623460705495,167.5623460705495,0.0,True,True,2.9099999665049836e-05,250.87890625,250.87890625,0.0,,,,167.5623460705495,0.0,True,"{""instance_metadata"": {""complete"": true, ""high"": 100.0, ""instance_type"": ""random_symmetric"", ""low"": 1.0, ""n"": 5, ""seed"": 3, ""symmetric"": true}, ""max_n"": 18, ""start"": 4}"
small_exact,small_exact_random_symmetric_n5_seed3,random_symmetric,5,3,bruteforce,ok,"[4, 0, 1, 2, 3]",167.5623460705495,167.5623460705495,0.0,True,True,5.6400000175926834e-05,250.87890625,250.87890625,0.0,,,,167.5623460705495,0.0,True,"{""instance_metadata"": {""complete"": true, ""high"": 100.0, ""instance_type"": ""random_symmetric"", ""low"": 1.0, ""n"": 5, ""seed"": 3, ""symmetric"": true}, ""max_n"": 10, ""permutations_checked"": 24, ""start"": 4}"
small_exact,small_exact_random_symmetric_n5_seed3,random_symmetric,5,3,ortools,ok,"[4, 0, 1, 2, 3]",167.5623460705495,167.5623460705495,0.0,True,True,0.0006822000000283879,250.87890625,250.87890625,0.0,,,5.0,167.5623460705495,0.0,True,"{""finite_edges"": true, ""infinity_penalty"": 385761250000, ""instance_metadata"": {""complete"": true, ""high"": 100.0, ""instance_type"": ""random_symmetric"", ""low"": 1.0, ""n"": 5, ""seed"": 3, ""symmetric"": true}, ""integer_scale"": 1000000, ""start"": 4, ""time_limit_s"": 5.0, ""valid_route"": true}"
small_exact,small_exact_random_symmetric_n5_seed3,random_symmetric,5,3,networkx_christofides,skipped_not_applicable,,,167.5623460705495,nan,,,5.690000034519471e-05,250.87890625,250.87890625,0.0,,,,167.5623460705495,nan,True,"{""instance_metadata"": {""complete"": true, ""high"": 100.0, ""instance_type"": ""random_symmetric"", ""low"": 1.0, ""n"": 5, ""seed"": 3, ""symmetric"": true}, ""requires_metric_symmetric_complete"": true}"
small_exact,small_exact_random_symmetric_n5_seed3,random_symmetric,5,3,networkx_greedy,ok,"[4, 0, 1, 2, 3]",167.5623460705495,167.5623460705495,0.0,True,True,7.059999961711583e-05,250.87890625,250.87890625,0.0,,,,167.5623460705495,0.0,True,"{""finite_edges"": true, ""instance_metadata"": {""complete"": true, ""high"": 100.0, ""instance_type"": ""random_symmetric"", ""low"": 1.0, ""n"": 5, ""seed"": 3, ""symmetric"": true}, ""valid_route"": true}"
small_exact,small_exact_random_symmetric_n5_seed3,random_symmetric,5,3,python_tsp_dynamic_programming,skipped_missing_dependency,,,167.5623460705495,nan,,,0.0004206999997222738,250.87890625,250.87890625,0.0,,,,167.5623460705495,nan,True,"{""instance_metadata"": {""complete"": true, ""high"": 100.0, ""instance_type"": ""random_symmetric"", ""low"": 1.0, ""n"": 5, ""seed"": 3, ""symmetric"": true}}"
small_exact,small_exact_random_asymmetric_n5_seed3,random_asymmetric,5,3,tn_exact,ok,"[4, 3, 1, 2, 0]",128.08500840247055,128.08500840247055,0.0,True,True,0.0065938000002461195,250.8828125,250.8828125,0.0,9.0,,,128.08500840247055,0.0,True,"{""finite_edges"": true, ""instance_metadata"": {""complete"": true, ""high"": 100.0, ""instance_type"": ""random_asymmetric"", ""low"": 1.0, ""n"": 5, ""seed"": 3, ""symmetric"": false}, ""n_layers"": null, ""normalization_factor"": 97.37256720187486, ""normalize"": true, ""seed"": 0, ""tau"": 9.0, ""valid_route"": true}"
small_exact,small_exact_random_asymmetric_n5_seed3,random_asymmetric,5,3,held_karp,ok,"[4, 3, 1, 2, 0]",128.08500840247055,128.08500840247055,0.0,True,True,3.079999987676274e-05,250.8828125,250.8828125,0.0,,,,128.08500840247055,0.0,True,"{""instance_metadata"": {""complete"": true, ""high"": 100.0, ""instance_type"": ""random_asymmetric"", ""low"": 1.0, ""n"": 5, ""seed"": 3, ""symmetric"": false}, ""max_n"": 18, ""start"": 4}"
small_exact,small_exact_random_asymmetric_n5_seed3,random_asymmetric,5,3,bruteforce,ok,"[4, 3, 1, 2, 0]",128.08500840247055,128.08500840247055,0.0,True,True,5.86999999541149e-05,250.8828125,250.8828125,0.0,,,,128.08500840247055,0.0,True,"{""instance_metadata"": {""complete"": true, ""high"": 100.0, ""instance_type"": ""random_asymmetric"", ""low"": 1.0, ""n"": 5, ""seed"": 3, ""symmetric"": false}, ""max_n"": 10, ""permutations_checked"": 24, ""start"": 4}"
small_exact,small_exact_random_asymmetric_n5_seed3,random_asymmetric,5,3,ortools,ok,"[4, 0, 1, 2, 3]",131.47832369407158,128.08500840247055,0.026492681180443095,True,True,0.0006927999997969891,250.8828125,250.8828125,0.0,,,5.0,128.08500840247055,0.026492681180443095,True,"{""finite_edges"": true, ""infinity_penalty"": 486862835000, ""instance_metadata"": {""complete"": true, ""high"": 100.0, ""instance_type"": ""random_asymmetric"", ""low"": 1.0, ""n"": 5, ""seed"": 3, ""symmetric"": false}, ""integer_scale"": 1000000, ""start"": 4, ""time_limit_s"": 5.0, ""valid_route"": true}"
small_exact,small_exact_random_asymmetric_n5_seed3,random_asymmetric,5,3,networkx_christofides,skipped_not_applicable,,,128.08500840247055,nan,,,5.139999984749011e-05,250.8828125,250.8828125,0.0,,,,128.08500840247055,nan,True,"{""instance_metadata"": {""complete"": true, ""high"": 100.0, ""instance_type"": ""random_asymmetric"", ""low"": 1.0, ""n"": 5, ""seed"": 3, ""symmetric"": false}, ""requires_metric_symmetric_complete"": true}"
small_exact,small_exact_random_asymmetric_n5_seed3,random_asymmetric,5,3,networkx_greedy,ok,"[4, 0, 1, 2, 3]",131.47832369407158,128.08500840247055,0.026492681180443095,True,True,7.809999988239724e-05,250.8828125,250.8828125,0.0,,,,128.08500840247055,0.026492681180443095,True,"{""finite_edges"": true, ""instance_metadata"": {""complete"": true, ""high"": 100.0, ""instance_type"": ""random_asymmetric"", ""low"": 1.0, ""n"": 5, ""seed"": 3, ""symmetric"": false}, ""valid_route"": true}"
small_exact,small_exact_random_asymmetric_n5_seed3,random_asymmetric,5,3,python_tsp_dynamic_programming,skipped_missing_dependency,,,128.08500840247055,nan,,,0.0003904000000147789,250.8828125,250.8828125,0.0,,,,128.08500840247055,nan,True,"{""instance_metadata"": {""complete"": true, ""high"": 100.0, ""instance_type"": ""random_asymmetric"", ""low"": 1.0, ""n"": 5, ""seed"": 3, ""symmetric"": false}}"
small_exact,small_exact_euclidean_n5_seed4,euclidean,5,4,tn_exact,ok,"[4, 0, 1, 3, 2]",1301.4918431574733,1301.4918431574733,0.0,True,True,0.007093600000189326,250.8828125,250.8828125,0.0,9.0,,,1301.4918431574733,0.0,True,"{""finite_edges"": true, ""instance_metadata"": {""complete"": true, ""instance_type"": ""euclidean"", ""n"": 5, ""points"": [[943.0561055723676, 511.3275528143616], [976.2437057077042, 80.83602389560218], [607.3558319950296, 376.48658437727255], [801.9012069858072, 174.52781614402846], [871.6352741876564, 543.9414007634982]], ""scale"": 1000.0, ""seed"": 4, ""symmetric"": true}, ""n_layers"": null, ""normalization_factor"": 474.7731184777004, ""normalize"": true, ""seed"": 0, ""tau"": 9.0, ""valid_route"": true}"
small_exact,small_exact_euclidean_n5_seed4,euclidean,5,4,held_karp,ok,"[4, 2, 3, 1, 0]",1301.4918431574733,1301.4918431574733,0.0,True,True,3.0000000151630957e-05,250.8828125,250.8828125,0.0,,,,1301.4918431574733,0.0,True,"{""instance_metadata"": {""complete"": true, ""instance_type"": ""euclidean"", ""n"": 5, ""points"": [[943.0561055723676, 511.3275528143616], [976.2437057077042, 80.83602389560218], [607.3558319950296, 376.48658437727255], [801.9012069858072, 174.52781614402846], [871.6352741876564, 543.9414007634982]], ""scale"": 1000.0, ""seed"": 4, ""symmetric"": true}, ""max_n"": 18, ""start"": 4}"
small_exact,small_exact_euclidean_n5_seed4,euclidean,5,4,bruteforce,ok,"[4, 0, 1, 3, 2]",1301.4918431574733,1301.4918431574733,0.0,True,True,5.620000001727021e-05,250.8828125,250.8828125,0.0,,,,1301.4918431574733,0.0,True,"{""instance_metadata"": {""complete"": true, ""instance_type"": ""euclidean"", ""n"": 5, ""points"": [[943.0561055723676, 511.3275528143616], [976.2437057077042, 80.83602389560218], [607.3558319950296, 376.48658437727255], [801.9012069858072, 174.52781614402846], [871.6352741876564, 543.9414007634982]], ""scale"": 1000.0, ""seed"": 4, ""symmetric"": true}, ""max_n"": 10, ""permutations_checked"": 24, ""start"": 4}"
small_exact,small_exact_euclidean_n5_seed4,euclidean,5,4,ortools,ok,"[4, 0, 1, 3, 2]",1301.4918431574733,1301.4918431574733,0.0,True,True,0.0008039999997890845,250.8828125,250.8828125,0.0,,,5.0,1301.4918431574733,0.0,True,"{""finite_edges"": true, ""infinity_penalty"": 2373865590000, ""instance_metadata"": {""complete"": true, ""instance_type"": ""euclidean"", ""n"": 5, ""points"": [[943.0561055723676, 511.3275528143616], [976.2437057077042, 80.83602389560218], [607.3558319950296, 376.48658437727255], [801.9012069858072, 174.52781614402846], [871.6352741876564, 543.9414007634982]], ""scale"": 1000.0, ""seed"": 4, ""symmetric"": true}, ""integer_scale"": 1000000, ""start"": 4, ""time_limit_s"": 5.0, ""valid_route"": true}"
small_exact,small_exact_euclidean_n5_seed4,euclidean,5,4,networkx_christofides,ok,"[4, 0, 1, 3, 2]",1301.4918431574733,1301.4918431574733,0.0,True,True,0.000346100000115257,250.8828125,250.88671875,0.00390625,,,,1301.4918431574733,0.0,True,"{""finite_edges"": true, ""instance_metadata"": {""complete"": true, ""instance_type"": ""euclidean"", ""n"": 5, ""points"": [[943.0561055723676, 511.3275528143616], [976.2437057077042, 80.83602389560218], [607.3558319950296, 376.48658437727255], [801.9012069858072, 174.52781614402846], [871.6352741876564, 543.9414007634982]], ""scale"": 1000.0, ""seed"": 4, ""symmetric"": true}, ""requires_metric_symmetric_complete"": true, ""valid_route"": true}"
small_exact,small_exact_euclidean_n5_seed4,euclidean,5,4,networkx_greedy,ok,"[4, 0, 2, 3, 1]",1393.3996363424094,1301.4918431574733,0.0706172640790156,True,True,7.980000009411015e-05,250.88671875,250.88671875,0.0,,,,1301.4918431574733,0.0706172640790156,True,"{""finite_edges"": true, ""instance_metadata"": {""complete"": true, ""instance_type"": ""euclidean"", ""n"": 5, ""points"": [[943.0561055723676, 511.3275528143616], [976.2437057077042, 80.83602389560218], [607.3558319950296, 376.48658437727255], [801.9012069858072, 174.52781614402846], [871.6352741876564, 543.9414007634982]], ""scale"": 1000.0, ""seed"": 4, ""symmetric"": true}, ""valid_route"": true}"
small_exact,small_exact_euclidean_n5_seed4,euclidean,5,4,python_tsp_dynamic_programming,skipped_missing_dependency,,,1301.4918431574733,nan,,,0.00041490000012345263,250.88671875,250.88671875,0.0,,,,1301.4918431574733,nan,True,"{""instance_metadata"": {""complete"": true, ""instance_type"": ""euclidean"", ""n"": 5, ""points"": [[943.0561055723676, 511.3275528143616], [976.2437057077042, 80.83602389560218], [607.3558319950296, 376.48658437727255], [801.9012069858072, 174.52781614402846], [871.6352741876564, 543.9414007634982]], ""scale"": 1000.0, ""seed"": 4, ""symmetric"": true}}"
small_exact,small_exact_random_symmetric_n5_seed4,random_symmetric,5,4,tn_exact,ok,"[4, 3, 0, 1, 2]",221.91469660434277,221.91469660434277,0.0,True,True,0.0064042000003610156,250.88671875,250.88671875,0.0,9.0,,,221.91469660434277,0.0,True,"{""finite_edges"": true, ""instance_metadata"": {""complete"": true, ""high"": 100.0, ""instance_type"": ""random_symmetric"", ""low"": 1.0, ""n"": 5, ""seed"": 4, ""symmetric"": true}, ""n_layers"": null, ""normalization_factor"": 93.98370987847278, ""normalize"": true, ""seed"": 0, ""tau"": 9.0, ""valid_route"": true}"
small_exact,small_exact_random_symmetric_n5_seed4,random_symmetric,5,4,held_karp,ok,"[4, 3, 0, 1, 2]",221.91469660434277,221.91469660434277,0.0,True,True,2.9799999992974335e-05,250.88671875,250.88671875,0.0,,,,221.91469660434277,0.0,True,"{""instance_metadata"": {""complete"": true, ""high"": 100.0, ""instance_type"": ""random_symmetric"", ""low"": 1.0, ""n"": 5, ""seed"": 4, ""symmetric"": true}, ""max_n"": 18, ""start"": 4}"
small_exact,small_exact_random_symmetric_n5_seed4,random_symmetric,5,4,bruteforce,ok,"[4, 2, 1, 0, 3]",221.91469660434277,221.91469660434277,0.0,True,True,5.740000005971524e-05,250.88671875,250.88671875,0.0,,,,221.91469660434277,0.0,True,"{""instance_metadata"": {""complete"": true, ""high"": 100.0, ""instance_type"": ""random_symmetric"", ""low"": 1.0, ""n"": 5, ""seed"": 4, ""symmetric"": true}, ""max_n"": 10, ""permutations_checked"": 24, ""start"": 4}"
small_exact,small_exact_random_symmetric_n5_seed4,random_symmetric,5,4,ortools,ok,"[4, 3, 0, 1, 2]",221.91469660434277,221.91469660434277,0.0,True,True,0.0007148999998207728,250.88671875,250.88671875,0.0,,,5.0,221.91469660434277,0.0,True,"{""finite_edges"": true, ""infinity_penalty"": 469918550000, ""instance_metadata"": {""complete"": true, ""high"": 100.0, ""instance_type"": ""random_symmetric"", ""low"": 1.0, ""n"": 5, ""seed"": 4, ""symmetric"": true}, ""integer_scale"": 1000000, ""start"": 4, ""time_limit_s"": 5.0, ""valid_route"": true}"
small_exact,small_exact_random_symmetric_n5_seed4,random_symmetric,5,4,networkx_christofides,skipped_not_applicable,,,221.91469660434277,nan,,,5.849999979545828e-05,250.88671875,250.88671875,0.0,,,,221.91469660434277,nan,True,"{""instance_metadata"": {""complete"": true, ""high"": 100.0, ""instance_type"": ""random_symmetric"", ""low"": 1.0, ""n"": 5, ""seed"": 4, ""symmetric"": true}, ""requires_metric_symmetric_complete"": true}"
small_exact,small_exact_random_symmetric_n5_seed4,random_symmetric,5,4,networkx_greedy,ok,"[4, 2, 1, 0, 3]",221.91469660434277,221.91469660434277,0.0,True,True,7.570000025225454e-05,250.88671875,250.88671875,0.0,,,,221.91469660434277,0.0,True,"{""finite_edges"": true, ""instance_metadata"": {""complete"": true, ""high"": 100.0, ""instance_type"": ""random_symmetric"", ""low"": 1.0, ""n"": 5, ""seed"": 4, ""symmetric"": true}, ""valid_route"": true}"
small_exact,small_exact_random_symmetric_n5_seed4,random_symmetric,5,4,python_tsp_dynamic_programming,skipped_missing_dependency,,,221.91469660434277,nan,,,0.0003973000002588378,250.88671875,250.88671875,0.0,,,,221.91469660434277,nan,True,"{""instance_metadata"": {""complete"": true, ""high"": 100.0, ""instance_type"": ""random_symmetric"", ""low"": 1.0, ""n"": 5, ""seed"": 4, ""symmetric"": true}}"
small_exact,small_exact_random_asymmetric_n5_seed4,random_asymmetric,5,4,tn_exact,ok,"[4, 3, 0, 1, 2]",220.13986178236968,220.13986178236968,0.0,True,True,0.006482499999947322,250.88671875,250.88671875,0.0,9.0,,,220.13986178236968,0.0,True,"{""finite_edges"": true, ""instance_metadata"": {""complete"": true, ""high"": 100.0, ""instance_type"": ""random_asymmetric"", ""low"": 1.0, ""n"": 5, ""seed"": 4, ""symmetric"": false}, ""n_layers"": null, ""normalization_factor"": 98.43114699318102, ""normalize"": true, ""seed"": 0, ""tau"": 9.0, ""valid_route"": true}"
small_exact,small_exact_random_asymmetric_n5_seed4,random_asymmetric,5,4,held_karp,ok,"[4, 3, 0, 1, 2]",220.13986178236968,220.13986178236968,0.0,True,True,3.0499999866151484e-05,250.88671875,250.88671875,0.0,,,,220.13986178236968,0.0,True,"{""instance_metadata"": {""complete"": true, ""high"": 100.0, ""instance_type"": ""random_asymmetric"", ""low"": 1.0, ""n"": 5, ""seed"": 4, ""symmetric"": false}, ""max_n"": 18, ""start"": 4}"
small_exact,small_exact_random_asymmetric_n5_seed4,random_asymmetric,5,4,bruteforce,ok,"[4, 3, 0, 1, 2]",220.13986178236968,220.13986178236968,0.0,True,True,5.7499999911669875e-05,250.88671875,250.88671875,0.0,,,,220.13986178236968,0.0,True,"{""instance_metadata"": {""complete"": true, ""high"": 100.0, ""instance_type"": ""random_asymmetric"", ""low"": 1.0, ""n"": 5, ""seed"": 4, ""symmetric"": false}, ""max_n"": 10, ""permutations_checked"": 24, ""start"": 4}"
small_exact,small_exact_random_asymmetric_n5_seed4,random_asymmetric,5,4,ortools,ok,"[4, 3, 0, 1, 2]",220.13986178236968,220.13986178236968,0.0,True,True,0.0006919000002199027,250.88671875,250.88671875,0.0,,,5.0,220.13986178236968,0.0,True,"{""finite_edges"": true, ""infinity_penalty"": 492155735000, ""instance_metadata"": {""complete"": true, ""high"": 100.0, ""instance_type"": ""random_asymmetric"", ""low"": 1.0, ""n"": 5, ""seed"": 4, ""symmetric"": false}, ""integer_scale"": 1000000, ""start"": 4, ""time_limit_s"": 5.0, ""valid_route"": true}"
small_exact,small_exact_random_asymmetric_n5_seed4,random_asymmetric,5,4,networkx_christofides,skipped_not_applicable,,,220.13986178236968,nan,,,5.740000005971524e-05,250.88671875,250.88671875,0.0,,,,220.13986178236968,nan,True,"{""instance_metadata"": {""complete"": true, ""high"": 100.0, ""instance_type"": ""random_asymmetric"", ""low"": 1.0, ""n"": 5, ""seed"": 4, ""symmetric"": false}, ""requires_metric_symmetric_complete"": true}"
small_exact,small_exact_random_asymmetric_n5_seed4,random_asymmetric,5,4,networkx_greedy,ok,"[4, 3, 0, 1, 2]",220.13986178236968,220.13986178236968,0.0,True,True,9.01000003068475e-05,250.88671875,250.88671875,0.0,,,,220.13986178236968,0.0,True,"{""finite_edges"": true, ""instance_metadata"": {""complete"": true, ""high"": 100.0, ""instance_type"": ""random_asymmetric"", ""low"": 1.0, ""n"": 5, ""seed"": 4, ""symmetric"": false}, ""valid_route"": true}"
small_exact,small_exact_random_asymmetric_n5_seed4,random_asymmetric,5,4,python_tsp_dynamic_programming,skipped_missing_dependency,,,220.13986178236968,nan,,,0.0004204000001664099,250.88671875,250.88671875,0.0,,,,220.13986178236968,nan,True,"{""instance_metadata"": {""complete"": true, ""high"": 100.0, ""instance_type"": ""random_asymmetric"", ""low"": 1.0, ""n"": 5, ""seed"": 4, ""symmetric"": false}}"
small_exact,small_exact_euclidean_n6_seed0,euclidean,6,0,tn_exact,ok,"[5, 0, 3, 2, 4, 1]",3150.9830787861392,3150.9830787861392,0.0,True,True,0.011406800000258954,250.88671875,251.0625,0.17578125,30.0,,,3150.9830787861392,0.0,True,"{""finite_edges"": true, ""instance_metadata"": {""complete"": true, ""instance_type"": ""euclidean"", ""n"": 6, ""points"": [[636.9616873214543, 269.7867137638703], [40.97352393619469, 16.527635528529096], [813.2702392002724, 912.7555772777217], [606.6357757671799, 729.4965609839984], [543.6249914654229, 935.0724237877682], [815.8535541215322, 2.738500170148095]], ""scale"": 1000.0, ""seed"": 0, ""symmetric"": true}, ""n_layers"": null, ""normalization_factor"": 1183.0751201760934, ""normalize"": true, ""seed"": 0, ""tau"": 30.0, ""valid_route"": true}"
small_exact,small_exact_euclidean_n6_seed0,euclidean,6,0,held_karp,ok,"[5, 1, 4, 2, 3, 0]",3150.9830787861392,3150.9830787861392,0.0,True,True,7.689999983995222e-05,251.0625,251.0625,0.0,,,,3150.9830787861392,0.0,True,"{""instance_metadata"": {""complete"": true, ""instance_type"": ""euclidean"", ""n"": 6, ""points"": [[636.9616873214543, 269.7867137638703], [40.97352393619469, 16.527635528529096], [813.2702392002724, 912.7555772777217], [606.6357757671799, 729.4965609839984], [543.6249914654229, 935.0724237877682], [815.8535541215322, 2.738500170148095]], ""scale"": 1000.0, ""seed"": 0, ""symmetric"": true}, ""max_n"": 18, ""start"": 5}"
small_exact,small_exact_euclidean_n6_seed0,euclidean,6,0,bruteforce,ok,"[5, 0, 3, 2, 4, 1]",3150.9830787861392,3150.9830787861392,0.0,True,True,0.00029810000023644534,251.0625,251.0625,0.0,,,,3150.9830787861392,0.0,True,"{""instance_metadata"": {""complete"": true, ""instance_type"": ""euclidean"", ""n"": 6, ""points"": [[636.9616873214543, 269.7867137638703], [40.97352393619469, 16.527635528529096], [813.2702392002724, 912.7555772777217], [606.6357757671799, 729.4965609839984], [543.6249914654229, 935.0724237877682], [815.8535541215322, 2.738500170148095]], ""scale"": 1000.0, ""seed"": 0, ""symmetric"": true}, ""max_n"": 10, ""permutations_checked"": 120, ""start"": 5}"
small_exact,small_exact_euclidean_n6_seed0,euclidean,6,0,ortools,ok,"[5, 0, 3, 2, 4, 1]",3150.9830787861392,3150.9830787861392,0.0,True,True,0.000825399999939691,251.0625,251.06640625,0.00390625,,,5.0,3150.9830787861392,0.0,True,"{""finite_edges"": true, ""infinity_penalty"": 7098450720000, ""instance_metadata"": {""complete"": true, ""instance_type"": ""euclidean"", ""n"": 6, ""points"": [[636.9616873214543, 269.7867137638703], [40.97352393619469, 16.527635528529096], [813.2702392002724, 912.7555772777217], [606.6357757671799, 729.4965609839984], [543.6249914654229, 935.0724237877682], [815.8535541215322, 2.738500170148095]], ""scale"": 1000.0, ""seed"": 0, ""symmetric"": true}, ""integer_scale"": 1000000, ""start"": 5, ""time_limit_s"": 5.0, ""valid_route"": true}"
small_exact,small_exact_euclidean_n6_seed0,euclidean,6,0,networkx_christofides,ok,"[5, 0, 2, 4, 3, 1]",3158.828014339694,3150.9830787861392,0.002489678731177781,True,True,0.000482200000078592,251.06640625,251.06640625,0.0,,,,3150.9830787861392,0.002489678731177781,True,"{""finite_edges"": true, ""instance_metadata"": {""complete"": true, ""instance_type"": ""euclidean"", ""n"": 6, ""points"": [[636.9616873214543, 269.7867137638703], [40.97352393619469, 16.527635528529096], [813.2702392002724, 912.7555772777217], [606.6357757671799, 729.4965609839984], [543.6249914654229, 935.0724237877682], [815.8535541215322, 2.738500170148095]], ""scale"": 1000.0, ""seed"": 0, ""symmetric"": true}, ""requires_metric_symmetric_complete"": true, ""valid_route"": true}"
small_exact,small_exact_euclidean_n6_seed0,euclidean,6,0,networkx_greedy,ok,"[5, 0, 3, 4, 2, 1]",3225.799533332568,3150.9830787861392,0.023743845230438522,True,True,8.490000027450151e-05,251.06640625,251.06640625,0.0,,,,3150.9830787861392,0.023743845230438522,True,"{""finite_edges"": true, ""instance_metadata"": {""complete"": true, ""instance_type"": ""euclidean"", ""n"": 6, ""points"": [[636.9616873214543, 269.7867137638703], [40.97352393619469, 16.527635528529096], [813.2702392002724, 912.7555772777217], [606.6357757671799, 729.4965609839984], [543.6249914654229, 935.0724237877682], [815.8535541215322, 2.738500170148095]], ""scale"": 1000.0, ""seed"": 0, ""symmetric"": true}, ""valid_route"": true}"
small_exact,small_exact_euclidean_n6_seed0,euclidean,6,0,python_tsp_dynamic_programming,skipped_missing_dependency,,,3150.9830787861392,nan,,,0.0003804000002674002,251.06640625,251.06640625,0.0,,,,3150.9830787861392,nan,True,"{""instance_metadata"": {""complete"": true, ""instance_type"": ""euclidean"", ""n"": 6, ""points"": [[636.9616873214543, 269.7867137638703], [40.97352393619469, 16.527635528529096], [813.2702392002724, 912.7555772777217], [606.6357757671799, 729.4965609839984], [543.6249914654229, 935.0724237877682], [815.8535541215322, 2.738500170148095]], ""scale"": 1000.0, ""seed"": 0, ""symmetric"": true}}"
small_exact,small_exact_random_symmetric_n6_seed0,random_symmetric,6,0,tn_exact,ok,"[5, 1, 2, 3, 0, 4]",208.6309357788776,208.63093577887756,2.724592048087004e-16,True,True,0.011823700000149984,251.06640625,251.0703125,0.00390625,30.0,,,208.63093577887756,2.724592048087004e-16,True,"{""finite_edges"": true, ""instance_metadata"": {""complete"": true, ""high"": 100.0, ""instance_type"": ""random_symmetric"", ""low"": 1.0, ""n"": 6, ""seed"": 0, ""symmetric"": true}, ""n_layers"": null, ""normalization_factor"": 93.08924847788533, ""normalize"": true, ""seed"": 0, ""tau"": 30.0, ""valid_route"": true}"
small_exact,small_exact_random_symmetric_n6_seed0,random_symmetric,6,0,held_karp,ok,"[5, 4, 0, 3, 2, 1]",208.63093577887756,208.63093577887756,0.0,True,True,6.880000000819564e-05,251.0703125,251.0703125,0.0,,,,208.63093577887756,0.0,True,"{""instance_metadata"": {""complete"": true, ""high"": 100.0, ""instance_type"": ""random_symmetric"", ""low"": 1.0, ""n"": 6, ""seed"": 0, ""symmetric"": true}, ""max_n"": 18, ""start"": 5}"
small_exact,small_exact_random_symmetric_n6_seed0,random_symmetric,6,0,bruteforce,ok,"[5, 4, 0, 3, 2, 1]",208.63093577887756,208.63093577887756,0.0,True,True,0.00028350000002319575,251.0703125,251.0703125,0.0,,,,208.63093577887756,0.0,True,"{""instance_metadata"": {""complete"": true, ""high"": 100.0, ""instance_type"": ""random_symmetric"", ""low"": 1.0, ""n"": 6, ""seed"": 0, ""symmetric"": true}, ""max_n"": 10, ""permutations_checked"": 120, ""start"": 5}"
small_exact,small_exact_random_symmetric_n6_seed0,random_symmetric,6,0,ortools,ok,"[5, 1, 2, 3, 0, 4]",208.6309357788776,208.63093577887756,2.724592048087004e-16,True,True,0.0007470999998986372,251.0703125,251.0703125,0.0,,,5.0,208.63093577887756,2.724592048087004e-16,True,"{""finite_edges"": true, ""infinity_penalty"": 558535488000, ""instance_metadata"": {""complete"": true, ""high"": 100.0, ""instance_type"": ""random_symmetric"", ""low"": 1.0, ""n"": 6, ""seed"": 0, ""symmetric"": true}, ""integer_scale"": 1000000, ""start"": 5, ""time_limit_s"": 5.0, ""valid_route"": true}"
small_exact,small_exact_random_symmetric_n6_seed0,random_symmetric,6,0,networkx_christofides,skipped_not_applicable,,,208.63093577887756,nan,,,5.4399999953602673e-05,251.0703125,251.0703125,0.0,,,,208.63093577887756,nan,True,"{""instance_metadata"": {""complete"": true, ""high"": 100.0, ""instance_type"": ""random_symmetric"", ""low"": 1.0, ""n"": 6, ""seed"": 0, ""symmetric"": true}, ""requires_metric_symmetric_complete"": true}"
small_exact,small_exact_random_symmetric_n6_seed0,random_symmetric,6,0,networkx_greedy,ok,"[5, 1, 2, 3, 0, 4]",208.6309357788776,208.63093577887756,2.724592048087004e-16,True,True,7.510000023103203e-05,251.0703125,251.0703125,0.0,,,,208.63093577887756,2.724592048087004e-16,True,"{""finite_edges"": true, ""instance_metadata"": {""complete"": true, ""high"": 100.0, ""instance_type"": ""random_symmetric"", ""low"": 1.0, ""n"": 6, ""seed"": 0, ""symmetric"": true}, ""valid_route"": true}"
small_exact,small_exact_random_symmetric_n6_seed0,random_symmetric,6,0,python_tsp_dynamic_programming,skipped_missing_dependency,,,208.63093577887756,nan,,,0.00037889999975959654,251.0703125,251.0703125,0.0,,,,208.63093577887756,nan,True,"{""instance_metadata"": {""complete"": true, ""high"": 100.0, ""instance_type"": ""random_symmetric"", ""low"": 1.0, ""n"": 6, ""seed"": 0, ""symmetric"": true}}"
small_exact,small_exact_random_asymmetric_n6_seed0,random_asymmetric,6,0,tn_exact,ok,"[5, 4, 0, 3, 2, 1]",126.96917079455184,126.96917079455184,0.0,True,True,0.011779400000250462,251.07421875,251.203125,0.12890625,30.0,,,126.96917079455184,0.0,True,"{""finite_edges"": true, ""instance_metadata"": {""complete"": true, ""high"": 100.0, ""instance_type"": ""random_asymmetric"", ""low"": 1.0, ""n"": 6, ""seed"": 0, ""symmetric"": false}, ""n_layers"": null, ""normalization_factor"": 99.7237836431319, ""normalize"": true, ""seed"": 0, ""tau"": 30.0, ""valid_route"": true}"
small_exact,small_exact_random_asymmetric_n6_seed0,random_asymmetric,6,0,held_karp,ok,"[5, 4, 0, 3, 2, 1]",126.96917079455184,126.96917079455184,0.0,True,True,6.609999991269433e-05,251.203125,251.203125,0.0,,,,126.96917079455184,0.0,True,"{""instance_metadata"": {""complete"": true, ""high"": 100.0, ""instance_type"": ""random_asymmetric"", ""low"": 1.0, ""n"": 6, ""seed"": 0, ""symmetric"": false}, ""max_n"": 18, ""start"": 5}"
small_exact,small_exact_random_asymmetric_n6_seed0,random_asymmetric,6,0,bruteforce,ok,"[5, 4, 0, 3, 2, 1]",126.96917079455184,126.96917079455184,0.0,True,True,0.0002791000001707289,251.203125,251.203125,0.0,,,,126.96917079455184,0.0,True,"{""instance_metadata"": {""complete"": true, ""high"": 100.0, ""instance_type"": ""random_asymmetric"", ""low"": 1.0, ""n"": 6, ""seed"": 0, ""symmetric"": false}, ""max_n"": 10, ""permutations_checked"": 120, ""start"": 5}"
small_exact,small_exact_random_asymmetric_n6_seed0,random_asymmetric,6,0,ortools,ok,"[5, 4, 0, 3, 2, 1]",126.96917079455184,126.96917079455184,0.0,True,True,0.0009159000001091044,251.203125,251.203125,0.0,,,5.0,126.96917079455184,0.0,True,"{""finite_edges"": true, ""infinity_penalty"": 598342704000, ""instance_metadata"": {""complete"": true, ""high"": 100.0, ""instance_type"": ""random_asymmetric"", ""low"": 1.0, ""n"": 6, ""seed"": 0, ""symmetric"": false}, ""integer_scale"": 1000000, ""start"": 5, ""time_limit_s"": 5.0, ""valid_route"": true}"
small_exact,small_exact_random_asymmetric_n6_seed0,random_asymmetric,6,0,networkx_christofides,skipped_not_applicable,,,126.96917079455184,nan,,,5.0999999984924216e-05,251.203125,251.203125,0.0,,,,126.96917079455184,nan,True,"{""instance_metadata"": {""complete"": true, ""high"": 100.0, ""instance_type"": ""random_asymmetric"", ""low"": 1.0, ""n"": 6, ""seed"": 0, ""symmetric"": false}, ""requires_metric_symmetric_complete"": true}"
small_exact,small_exact_random_asymmetric_n6_seed0,random_asymmetric,6,0,networkx_greedy,ok,"[5, 2, 1, 0, 3, 4]",215.17998907591806,126.96917079455184,0.6947420206760244,True,True,8.449999995718827e-05,251.203125,251.203125,0.0,,,,126.96917079455184,0.6947420206760244,True,"{""finite_edges"": true, ""instance_metadata"": {""complete"": true, ""high"": 100.0, ""instance_type"": ""random_asymmetric"", ""low"": 1.0, ""n"": 6, ""seed"": 0, ""symmetric"": false}, ""valid_route"": true}"
small_exact,small_exact_random_asymmetric_n6_seed0,random_asymmetric,6,0,python_tsp_dynamic_programming,skipped_missing_dependency,,,126.96917079455184,nan,,,0.0003789999996115512,251.203125,251.203125,0.0,,,,126.96917079455184,nan,True,"{""instance_metadata"": {""complete"": true, ""high"": 100.0, ""instance_type"": ""random_asymmetric"", ""low"": 1.0, ""n"": 6, ""seed"": 0, ""symmetric"": false}}"
small_exact,small_exact_euclidean_n6_seed1,euclidean,6,1,tn_exact,ok,"[5, 3, 4, 2, 1, 0]",2479.716632892373,2479.716632892373,0.0,True,True,0.01122269999996206,251.203125,251.20703125,0.00390625,30.0,,,2479.716632892373,0.0,True,"{""finite_edges"": true, ""instance_metadata"": {""complete"": true, ""instance_type"": ""euclidean"", ""n"": 6, ""points"": [[511.82162470025673, 950.4636963259353], [144.15961271963374, 948.6494471372439], [311.83145201048546, 423.32644897257563], [827.7025938204417, 409.1991363691613], [549.5936876730595, 27.559113243068367], [753.5131086748066, 538.1433132192782]], ""scale"": 1000.0, ""seed"": 1, ""symmetric"": true}, ""n_layers"": null, ""normalization_factor"": 1006.3717962694622, ""normalize"": true, ""seed"": 0, ""tau"": 30.0, ""valid_route"": true}"
small_exact,small_exact_euclidean_n6_seed1,euclidean,6,1,held_karp,ok,"[5, 3, 4, 2, 1, 0]",2479.716632892373,2479.716632892373,0.0,True,True,6.680000024061883e-05,251.20703125,251.20703125,0.0,,,,2479.716632892373,0.0,True,"{""instance_metadata"": {""complete"": true, ""instance_type"": ""euclidean"", ""n"": 6, ""points"": [[511.82162470025673, 950.4636963259353], [144.15961271963374, 948.6494471372439], [311.83145201048546, 423.32644897257563], [827.7025938204417, 409.1991363691613], [549.5936876730595, 27.559113243068367], [753.5131086748066, 538.1433132192782]], ""scale"": 1000.0, ""seed"": 1, ""symmetric"": true}, ""max_n"": 18, ""start"": 5}"
small_exact,small_exact_euclidean_n6_seed1,euclidean,6,1,bruteforce,ok,"[5, 0, 1, 2, 4, 3]",2479.716632892373,2479.716632892373,0.0,True,True,0.00028930000007676426,251.20703125,251.20703125,0.0,,,,2479.716632892373,0.0,True,"{""instance_metadata"": {""complete"": true, ""instance_type"": ""euclidean"", ""n"": 6, ""points"": [[511.82162470025673, 950.4636963259353], [144.15961271963374, 948.6494471372439], [311.83145201048546, 423.32644897257563], [827.7025938204417, 409.1991363691613], [549.5936876730595, 27.559113243068367], [753.5131086748066, 538.1433132192782]], ""scale"": 1000.0, ""seed"": 1, ""symmetric"": true}, ""max_n"": 10, ""permutations_checked"": 120, ""start"": 5}"
small_exact,small_exact_euclidean_n6_seed1,euclidean,6,1,ortools,ok,"[5, 3, 4, 2, 1, 0]",2479.716632892373,2479.716632892373,0.0,True,True,0.0007482000000891276,251.20703125,251.20703125,0.0,,,5.0,2479.716632892373,0.0,True,"{""finite_edges"": true, ""infinity_penalty"": 6038230776000, ""instance_metadata"": {""complete"": true, ""instance_type"": ""euclidean"", ""n"": 6, ""points"": [[511.82162470025673, 950.4636963259353], [144.15961271963374, 948.6494471372439], [311.83145201048546, 423.32644897257563], [827.7025938204417, 409.1991363691613], [549.5936876730595, 27.559113243068367], [753.5131086748066, 538.1433132192782]], ""scale"": 1000.0, ""seed"": 1, ""symmetric"": true}, ""integer_scale"": 1000000, ""start"": 5, ""time_limit_s"": 5.0, ""valid_route"": true}"
small_exact,small_exact_euclidean_n6_seed1,euclidean,6,1,networkx_christofides,ok,"[5, 0, 1, 4, 2, 3]",2978.4981502027927,2479.716632892373,0.20114456252553115,True,True,0.0004862999999204476,251.20703125,251.20703125,0.0,,,,2479.716632892373,0.20114456252553115,True,"{""finite_edges"": true, ""instance_metadata"": {""complete"": true, ""instance_type"": ""euclidean"", ""n"": 6, ""points"": [[511.82162470025673, 950.4636963259353], [144.15961271963374, 948.6494471372439], [311.83145201048546, 423.32644897257563], [827.7025938204417, 409.1991363691613], [549.5936876730595, 27.559113243068367], [753.5131086748066, 538.1433132192782]], ""scale"": 1000.0, ""seed"": 1, ""symmetric"": true}, ""requires_metric_symmetric_complete"": true, ""valid_route"": true}"
small_exact,small_exact_euclidean_n6_seed1,euclidean,6,1,networkx_greedy,ok,"[5, 0, 1, 2, 4, 3]",2479.716632892373,2479.716632892373,0.0,True,True,0.00011210000002392917,251.20703125,251.20703125,0.0,,,,2479.716632892373,0.0,True,"{""finite_edges"": true, ""instance_metadata"": {""complete"": true, ""instance_type"": ""euclidean"", ""n"": 6, ""points"": [[511.82162470025673, 950.4636963259353], [144.15961271963374, 948.6494471372439], [311.83145201048546, 423.32644897257563], [827.7025938204417, 409.1991363691613], [549.5936876730595, 27.559113243068367], [753.5131086748066, 538.1433132192782]], ""scale"": 1000.0, ""seed"": 1, ""symmetric"": true}, ""valid_route"": true}"
small_exact,small_exact_euclidean_n6_seed1,euclidean,6,1,python_tsp_dynamic_programming,skipped_missing_dependency,,,2479.716632892373,nan,,,0.0004370000001472363,251.2109375,251.2109375,0.0,,,,2479.716632892373,nan,True,"{""instance_metadata"": {""complete"": true, ""instance_type"": ""euclidean"", ""n"": 6, ""points"": [[511.82162470025673, 950.4636963259353], [144.15961271963374, 948.6494471372439], [311.83145201048546, 423.32644897257563], [827.7025938204417, 409.1991363691613], [549.5936876730595, 27.559113243068367], [753.5131086748066, 538.1433132192782]], ""scale"": 1000.0, ""seed"": 1, ""symmetric"": true}}"
small_exact,small_exact_random_symmetric_n6_seed1,random_symmetric,6,1,tn_exact,ok,"[5, 1, 3, 4, 2, 0]",193.8286644820947,193.8286644820947,0.0,True,True,0.011672699999962788,251.2109375,251.2109375,0.0,30.0,,,193.8286644820947,0.0,True,"{""finite_edges"": true, ""instance_metadata"": {""complete"": true, ""high"": 100.0, ""instance_type"": ""random_symmetric"", ""low"": 1.0, ""n"": 6, ""seed"": 1, ""symmetric"": true}, ""n_layers"": null, ""normalization_factor"": 89.01923136224568, ""normalize"": true, ""seed"": 0, ""tau"": 30.0, ""valid_route"": true}"
small_exact,small_exact_random_symmetric_n6_seed1,random_symmetric,6,1,held_karp,ok,"[5, 1, 3, 4, 2, 0]",193.8286644820947,193.8286644820947,0.0,True,True,8.639999987281044e-05,251.2109375,251.2109375,0.0,,,,193.8286644820947,0.0,True,"{""instance_metadata"": {""complete"": true, ""high"": 100.0, ""instance_type"": ""random_symmetric"", ""low"": 1.0, ""n"": 6, ""seed"": 1, ""symmetric"": true}, ""max_n"": 18, ""start"": 5}"
small_exact,small_exact_random_symmetric_n6_seed1,random_symmetric,6,1,bruteforce,ok,"[5, 0, 2, 4, 3, 1]",193.8286644820947,193.8286644820947,0.0,True,True,0.0003077000001212582,251.2109375,251.2109375,0.0,,,,193.8286644820947,0.0,True,"{""instance_metadata"": {""complete"": true, ""high"": 100.0, ""instance_type"": ""random_symmetric"", ""low"": 1.0, ""n"": 6, ""seed"": 1, ""symmetric"": true}, ""max_n"": 10, ""permutations_checked"": 120, ""start"": 5}"
small_exact,small_exact_random_symmetric_n6_seed1,random_symmetric,6,1,ortools,ok,"[5, 1, 3, 4, 2, 0]",193.8286644820947,193.8286644820947,0.0,True,True,0.0007498999998460931,251.2109375,251.2109375,0.0,,,5.0,193.8286644820947,0.0,True,"{""finite_edges"": true, ""infinity_penalty"": 534115386000, ""instance_metadata"": {""complete"": true, ""high"": 100.0, ""instance_type"": ""random_symmetric"", ""low"": 1.0, ""n"": 6, ""seed"": 1, ""symmetric"": true}, ""integer_scale"": 1000000, ""start"": 5, ""time_limit_s"": 5.0, ""valid_route"": true}"
small_exact,small_exact_random_symmetric_n6_seed1,random_symmetric,6,1,networkx_christofides,skipped_not_applicable,,,193.8286644820947,nan,,,5.620000001727021e-05,251.2109375,251.2109375,0.0,,,,193.8286644820947,nan,True,"{""instance_metadata"": {""complete"": true, ""high"": 100.0, ""instance_type"": ""random_symmetric"", ""low"": 1.0, ""n"": 6, ""seed"": 1, ""symmetric"": true}, ""requires_metric_symmetric_complete"": true}"
small_exact,small_exact_random_symmetric_n6_seed1,random_symmetric,6,1,networkx_greedy,ok,"[5, 0, 2, 4, 3, 1]",193.8286644820947,193.8286644820947,0.0,True,True,7.699999969190685e-05,251.2109375,251.2109375,0.0,,,,193.8286644820947,0.0,True,"{""finite_edges"": true, ""instance_metadata"": {""complete"": true, ""high"": 100.0, ""instance_type"": ""random_symmetric"", ""low"": 1.0, ""n"": 6, ""seed"": 1, ""symmetric"": true}, ""valid_route"": true}"
small_exact,small_exact_random_symmetric_n6_seed1,random_symmetric,6,1,python_tsp_dynamic_programming,skipped_missing_dependency,,,193.8286644820947,nan,,,0.00039459999970858917,251.2109375,251.2109375,0.0,,,,193.8286644820947,nan,True,"{""instance_metadata"": {""complete"": true, ""high"": 100.0, ""instance_type"": ""random_symmetric"", ""low"": 1.0, ""n"": 6, ""seed"": 1, ""symmetric"": true}}"
small_exact,small_exact_random_asymmetric_n6_seed1,random_asymmetric,6,1,tn_exact,ok,"[5, 1, 3, 0, 2, 4]",163.90566226771904,163.90566226771904,0.0,True,True,0.011657400000331108,251.21484375,251.2578125,0.04296875,30.0,,,163.90566226771904,0.0,True,"{""finite_edges"": true, ""instance_metadata"": {""complete"": true, ""high"": 100.0, ""instance_type"": ""random_asymmetric"", ""low"": 1.0, ""n"": 6, ""seed"": 1, ""symmetric"": false}, ""n_layers"": null, ""normalization_factor"": 98.09298278032263, ""normalize"": true, ""seed"": 0, ""tau"": 30.0, ""valid_route"": true}"
small_exact,small_exact_random_asymmetric_n6_seed1,random_asymmetric,6,1,held_karp,ok,"[5, 1, 3, 0, 2, 4]",163.90566226771904,163.90566226771904,0.0,True,True,6.639999992330559e-05,251.2578125,251.2578125,0.0,,,,163.90566226771904,0.0,True,"{""instance_metadata"": {""complete"": true, ""high"": 100.0, ""instance_type"": ""random_asymmetric"", ""low"": 1.0, ""n"": 6, ""seed"": 1, ""symmetric"": false}, ""max_n"": 18, ""start"": 5}"
small_exact,small_exact_random_asymmetric_n6_seed1,random_asymmetric,6,1,bruteforce,ok,"[5, 1, 3, 0, 2, 4]",163.90566226771904,163.90566226771904,0.0,True,True,0.0002839999997377163,251.2578125,251.2578125,0.0,,,,163.90566226771904,0.0,True,"{""instance_metadata"": {""complete"": true, ""high"": 100.0, ""instance_type"": ""random_asymmetric"", ""low"": 1.0, ""n"": 6, ""seed"": 1, ""symmetric"": false}, ""max_n"": 10, ""permutations_checked"": 120, ""start"": 5}"
small_exact,small_exact_random_asymmetric_n6_seed1,random_asymmetric,6,1,ortools,ok,"[5, 1, 3, 0, 2, 4]",163.90566226771904,163.90566226771904,0.0,True,True,0.0007408999999825028,251.2578125,251.2578125,0.0,,,5.0,163.90566226771904,0.0,True,"{""finite_edges"": true, ""infinity_penalty"": 588557898000, ""instance_metadata"": {""complete"": true, ""high"": 100.0, ""instance_type"": ""random_asymmetric"", ""low"": 1.0, ""n"": 6, ""seed"": 1, ""symmetric"": false}, ""integer_scale"": 1000000, ""start"": 5, ""time_limit_s"": 5.0, ""valid_route"": true}"
small_exact,small_exact_random_asymmetric_n6_seed1,random_asymmetric,6,1,networkx_christofides,skipped_not_applicable,,,163.90566226771904,nan,,,5.090000013296958e-05,251.2578125,251.2578125,0.0,,,,163.90566226771904,nan,True,"{""instance_metadata"": {""complete"": true, ""high"": 100.0, ""instance_type"": ""random_asymmetric"", ""low"": 1.0, ""n"": 6, ""seed"": 1, ""symmetric"": false}, ""requires_metric_symmetric_complete"": true}"
small_exact,small_exact_random_asymmetric_n6_seed1,random_asymmetric,6,1,networkx_greedy,ok,"[5, 1, 3, 0, 2, 4]",163.90566226771904,163.90566226771904,0.0,True,True,8.560000014767866e-05,251.2578125,251.26171875,0.00390625,,,,163.90566226771904,0.0,True,"{""finite_edges"": true, ""instance_metadata"": {""complete"": true, ""high"": 100.0, ""instance_type"": ""random_asymmetric"", ""low"": 1.0, ""n"": 6, ""seed"": 1, ""symmetric"": false}, ""valid_route"": true}"
small_exact,small_exact_random_asymmetric_n6_seed1,random_asymmetric,6,1,python_tsp_dynamic_programming,skipped_missing_dependency,,,163.90566226771904,nan,,,0.00040000000035433914,251.26171875,251.26171875,0.0,,,,163.90566226771904,nan,True,"{""instance_metadata"": {""complete"": true, ""high"": 100.0, ""instance_type"": ""random_asymmetric"", ""low"": 1.0, ""n"": 6, ""seed"": 1, ""symmetric"": false}}"
small_exact,small_exact_euclidean_n6_seed2,euclidean,6,2,tn_exact,ok,"[5, 1, 2, 4, 0, 3]",2262.754933257355,2262.754933257355,0.0,True,True,0.011300600000140548,251.26171875,251.26171875,0.0,30.0,,,2262.754933257355,0.0,True,"{""finite_edges"": true, ""instance_metadata"": {""complete"": true, ""instance_type"": ""euclidean"", ""n"": 6, ""points"": [[261.6121342493164, 298.4911434141233], [814.2257405942803, 91.91594213509691], [600.100525965654, 728.5605268117946], [187.90107336660344, 55.14662733306819], [274.9693679060381, 657.4330148755926], [562.265662780428, 150.06226330533613]], ""scale"": 1000.0, ""seed"": 2, ""symmetric"": true}, ""n_layers"": null, ""normalization_factor"": 789.553461606053, ""normalize"": true, ""seed"": 0, ""tau"": 30.0, ""valid_route"": true}"
small_exact,small_exact_euclidean_n6_seed2,euclidean,6,2,held_karp,ok,"[5, 3, 0, 4, 2, 1]",2262.754933257355,2262.754933257355,0.0,True,True,6.740000026184134e-05,251.26171875,251.26171875,0.0,,,,2262.754933257355,0.0,True,"{""instance_metadata"": {""complete"": true, ""instance_type"": ""euclidean"", ""n"": 6, ""points"": [[261.6121342493164, 298.4911434141233], [814.2257405942803, 91.91594213509691], [600.100525965654, 728.5605268117946], [187.90107336660344, 55.14662733306819], [274.9693679060381, 657.4330148755926], [562.265662780428, 150.06226330533613]], ""scale"": 1000.0, ""seed"": 2, ""symmetric"": true}, ""max_n"": 18, ""start"": 5}"
small_exact,small_exact_euclidean_n6_seed2,euclidean,6,2,bruteforce,ok,"[5, 1, 2, 4, 0, 3]",2262.754933257355,2262.754933257355,0.0,True,True,0.000287699999717006,251.26171875,251.26171875,0.0,,,,2262.754933257355,0.0,True,"{""instance_metadata"": {""complete"": true, ""instance_type"": ""euclidean"", ""n"": 6, ""points"": [[261.6121342493164, 298.4911434141233], [814.2257405942803, 91.91594213509691], [600.100525965654, 728.5605268117946], [187.90107336660344, 55.14662733306819], [274.9693679060381, 657.4330148755926], [562.265662780428, 150.06226330533613]], ""scale"": 1000.0, ""seed"": 2, ""symmetric"": true}, ""max_n"": 10, ""permutations_checked"": 120, ""start"": 5}"
small_exact,small_exact_euclidean_n6_seed2,euclidean,6,2,ortools,ok,"[5, 1, 2, 4, 0, 3]",2262.754933257355,2262.754933257355,0.0,True,True,0.0007864999997764244,251.26171875,251.26171875,0.0,,,5.0,2262.754933257355,0.0,True,"{""finite_edges"": true, ""infinity_penalty"": 4737320772000, ""instance_metadata"": {""complete"": true, ""instance_type"": ""euclidean"", ""n"": 6, ""points"": [[261.6121342493164, 298.4911434141233], [814.2257405942803, 91.91594213509691], [600.100525965654, 728.5605268117946], [187.90107336660344, 55.14662733306819], [274.9693679060381, 657.4330148755926], [562.265662780428, 150.06226330533613]], ""scale"": 1000.0, ""seed"": 2, ""symmetric"": true}, ""integer_scale"": 1000000, ""start"": 5, ""time_limit_s"": 5.0, ""valid_route"": true}"
small_exact,small_exact_euclidean_n6_seed2,euclidean,6,2,networkx_christofides,ok,"[5, 1, 2, 4, 0, 3]",2262.754933257355,2262.754933257355,0.0,True,True,0.00038219999987632036,251.26171875,251.265625,0.00390625,,,,2262.754933257355,0.0,True,"{""finite_edges"": true, ""instance_metadata"": {""complete"": true, ""instance_type"": ""euclidean"", ""n"": 6, ""points"": [[261.6121342493164, 298.4911434141233], [814.2257405942803, 91.91594213509691], [600.100525965654, 728.5605268117946], [187.90107336660344, 55.14662733306819], [274.9693679060381, 657.4330148755926], [562.265662780428, 150.06226330533613]], ""scale"": 1000.0, ""seed"": 2, ""symmetric"": true}, ""requires_metric_symmetric_complete"": true, ""valid_route"": true}"
small_exact,small_exact_euclidean_n6_seed2,euclidean,6,2,networkx_greedy,ok,"[5, 1, 0, 3, 4, 2]",2623.90959777255,2262.754933257355,0.15960838675326366,True,True,8.280000020022271e-05,251.265625,251.265625,0.0,,,,2262.754933257355,0.15960838675326366,True,"{""finite_edges"": true, ""instance_metadata"": {""complete"": true, ""instance_type"": ""euclidean"", ""n"": 6, ""points"": [[261.6121342493164, 298.4911434141233], [814.2257405942803, 91.91594213509691], [600.100525965654, 728.5605268117946], [187.90107336660344, 55.14662733306819], [274.9693679060381, 657.4330148755926], [562.265662780428, 150.06226330533613]], ""scale"": 1000.0, ""seed"": 2, ""symmetric"": true}, ""valid_route"": true}"
small_exact,small_exact_euclidean_n6_seed2,euclidean,6,2,python_tsp_dynamic_programming,skipped_missing_dependency,,,2262.754933257355,nan,,,0.00038159999985509785,251.265625,251.265625,0.0,,,,2262.754933257355,nan,True,"{""instance_metadata"": {""complete"": true, ""instance_type"": ""euclidean"", ""n"": 6, ""points"": [[261.6121342493164, 298.4911434141233], [814.2257405942803, 91.91594213509691], [600.100525965654, 728.5605268117946], [187.90107336660344, 55.14662733306819], [274.9693679060381, 657.4330148755926], [562.265662780428, 150.06226330533613]], ""scale"": 1000.0, ""seed"": 2, ""symmetric"": true}}"
small_exact,small_exact_random_symmetric_n6_seed2,random_symmetric,6,2,tn_exact,ok,"[5, 4, 0, 3, 2, 1]",258.8802241888551,258.8802241888551,0.0,True,True,0.011500000000069122,251.265625,251.265625,0.0,30.0,,,258.8802241888551,0.0,True,"{""finite_edges"": true, ""instance_metadata"": {""complete"": true, ""high"": 100.0, ""instance_type"": ""random_symmetric"", ""low"": 1.0, ""n"": 6, ""seed"": 2, ""symmetric"": true}, ""n_layers"": null, ""normalization_factor"": 81.42761317131263, ""normalize"": true, ""seed"": 0, ""tau"": 30.0, ""valid_route"": true}"
small_exact,small_exact_random_symmetric_n6_seed2,random_symmetric,6,2,held_karp,ok,"[5, 4, 0, 3, 2, 1]",258.8802241888551,258.8802241888551,0.0,True,True,6.740000026184134e-05,251.265625,251.265625,0.0,,,,258.8802241888551,0.0,True,"{""instance_metadata"": {""complete"": true, ""high"": 100.0, ""instance_type"": ""random_symmetric"", ""low"": 1.0, ""n"": 6, ""seed"": 2, ""symmetric"": true}, ""max_n"": 18, ""start"": 5}"
small_exact,small_exact_random_symmetric_n6_seed2,random_symmetric,6,2,bruteforce,ok,"[5, 1, 2, 3, 0, 4]",258.8802241888551,258.8802241888551,0.0,True,True,0.00028270000029806397,251.265625,251.265625,0.0,,,,258.8802241888551,0.0,True,"{""instance_metadata"": {""complete"": true, ""high"": 100.0, ""instance_type"": ""random_symmetric"", ""low"": 1.0, ""n"": 6, ""seed"": 2, ""symmetric"": true}, ""max_n"": 10, ""permutations_checked"": 120, ""start"": 5}"
small_exact,small_exact_random_symmetric_n6_seed2,random_symmetric,6,2,ortools,ok,"[5, 4, 0, 3, 2, 1]",258.8802241888551,258.8802241888551,0.0,True,True,0.0007952999999361055,251.265625,251.26953125,0.00390625,,,5.0,258.8802241888551,0.0,True,"{""finite_edges"": true, ""infinity_penalty"": 488565678000, ""instance_metadata"": {""complete"": true, ""high"": 100.0, ""instance_type"": ""random_symmetric"", ""low"": 1.0, ""n"": 6, ""seed"": 2, ""symmetric"": true}, ""integer_scale"": 1000000, ""start"": 5, ""time_limit_s"": 5.0, ""valid_route"": true}"
small_exact,small_exact_random_symmetric_n6_seed2,random_symmetric,6,2,networkx_christofides,skipped_not_applicable,,,258.8802241888551,nan,,,6.159999975352548e-05,251.26953125,251.26953125,0.0,,,,258.8802241888551,nan,True,"{""instance_metadata"": {""complete"": true, ""high"": 100.0, ""instance_type"": ""random_symmetric"", ""low"": 1.0, ""n"": 6, ""seed"": 2, ""symmetric"": true}, ""requires_metric_symmetric_complete"": true}"
small_exact,small_exact_random_symmetric_n6_seed2,random_symmetric,6,2,networkx_greedy,ok,"[5, 2, 1, 3, 0, 4]",268.4785150831009,258.8802241888551,0.03707618426366846,True,True,8.859999979904387e-05,251.26953125,251.2734375,0.00390625,,,,258.8802241888551,0.03707618426366846,True,"{""finite_edges"": true, ""instance_metadata"": {""complete"": true, ""high"": 100.0, ""instance_type"": ""random_symmetric"", ""low"": 1.0, ""n"": 6, ""seed"": 2, ""symmetric"": true}, ""valid_route"": true}"
small_exact,small_exact_random_symmetric_n6_seed2,random_symmetric,6,2,python_tsp_dynamic_programming,skipped_missing_dependency,,,258.8802241888551,nan,,,0.0004307999997763545,251.2734375,251.2734375,0.0,,,,258.8802241888551,nan,True,"{""instance_metadata"": {""complete"": true, ""high"": 100.0, ""instance_type"": ""random_symmetric"", ""low"": 1.0, ""n"": 6, ""seed"": 2, ""symmetric"": true}}"
small_exact,small_exact_random_asymmetric_n6_seed2,random_asymmetric,6,2,tn_exact,ok,"[5, 0, 3, 1, 2, 4]",186.97445898351285,186.97445898351285,0.0,True,True,0.012690699999893695,251.2734375,251.28125,0.0078125,30.0,,,186.97445898351285,0.0,True,"{""finite_edges"": true, ""instance_metadata"": {""complete"": true, ""high"": 100.0, ""instance_type"": ""random_asymmetric"", ""low"": 1.0, ""n"": 6, ""seed"": 2, ""symmetric"": false}, ""n_layers"": null, ""normalization_factor"": 96.77615929687398, ""normalize"": true, ""seed"": 0, ""tau"": 30.0, ""valid_route"": true}"
small_exact,small_exact_random_asymmetric_n6_seed2,random_asymmetric,6,2,held_karp,ok,"[5, 0, 3, 1, 2, 4]",186.97445898351285,186.97445898351285,0.0,True,True,6.759999996575061e-05,251.28125,251.28125,0.0,,,,186.97445898351285,0.0,True,"{""instance_metadata"": {""complete"": true, ""high"": 100.0, ""instance_type"": ""random_asymmetric"", ""low"": 1.0, ""n"": 6, ""seed"": 2, ""symmetric"": false}, ""max_n"": 18, ""start"": 5}"
small_exact,small_exact_random_asymmetric_n6_seed2,random_asymmetric,6,2,bruteforce,ok,"[5, 0, 3, 1, 2, 4]",186.97445898351285,186.97445898351285,0.0,True,True,0.0002876000003197987,251.28125,251.28125,0.0,,,,186.97445898351285,0.0,True,"{""instance_metadata"": {""complete"": true, ""high"": 100.0, ""instance_type"": ""random_asymmetric"", ""low"": 1.0, ""n"": 6, ""seed"": 2, ""symmetric"": false}, ""max_n"": 10, ""permutations_checked"": 120, ""start"": 5}"
small_exact,small_exact_random_asymmetric_n6_seed2,random_asymmetric,6,2,ortools,ok,"[5, 0, 3, 1, 2, 4]",186.97445898351285,186.97445898351285,0.0,True,True,0.0007613000002493209,251.28125,251.28125,0.0,,,5.0,186.97445898351285,0.0,True,"{""finite_edges"": true, ""infinity_penalty"": 580656954000, ""instance_metadata"": {""complete"": true, ""high"": 100.0, ""instance_type"": ""random_asymmetric"", ""low"": 1.0, ""n"": 6, ""seed"": 2, ""symmetric"": false}, ""integer_scale"": 1000000, ""start"": 5, ""time_limit_s"": 5.0, ""valid_route"": true}"
small_exact,small_exact_random_asymmetric_n6_seed2,random_asymmetric,6,2,networkx_christofides,skipped_not_applicable,,,186.97445898351285,nan,,,5.289999990054639e-05,251.28125,251.28125,0.0,,,,186.97445898351285,nan,True,"{""instance_metadata"": {""complete"": true, ""high"": 100.0, ""instance_type"": ""random_asymmetric"", ""low"": 1.0, ""n"": 6, ""seed"": 2, ""symmetric"": false}, ""requires_metric_symmetric_complete"": true}"
small_exact,small_exact_random_asymmetric_n6_seed2,random_asymmetric,6,2,networkx_greedy,ok,"[5, 0, 3, 1, 2, 4]",186.97445898351285,186.97445898351285,0.0,True,True,8.299999990413198e-05,251.28125,251.28125,0.0,,,,186.97445898351285,0.0,True,"{""finite_edges"": true, ""instance_metadata"": {""complete"": true, ""high"": 100.0, ""instance_type"": ""random_asymmetric"", ""low"": 1.0, ""n"": 6, ""seed"": 2, ""symmetric"": false}, ""valid_route"": true}"
small_exact,small_exact_random_asymmetric_n6_seed2,random_asymmetric,6,2,python_tsp_dynamic_programming,skipped_missing_dependency,,,186.97445898351285,nan,,,0.0004413000001477485,251.28125,251.28125,0.0,,,,186.97445898351285,nan,True,"{""instance_metadata"": {""complete"": true, ""high"": 100.0, ""instance_type"": ""random_asymmetric"", ""low"": 1.0, ""n"": 6, ""seed"": 2, ""symmetric"": false}}"
small_exact,small_exact_euclidean_n6_seed3,euclidean,6,3,tn_exact,ok,"[5, 1, 4, 3, 0, 2]",2054.1127084378963,2054.1127084378963,0.0,True,True,0.011470099999769445,251.28125,251.28125,0.0,30.0,,,2054.1127084378963,0.0,True,"{""finite_edges"": true, ""instance_metadata"": {""complete"": true, ""instance_type"": ""euclidean"", ""n"": 6, ""points"": [[85.64916714362437, 236.8105065960997], [801.2744652063969, 582.1620360643678], [94.12864224039919, 433.1269402364738], [479.05129814083404, 159.73891463707858], [734.5771514092145, 113.6720199214034], [391.22819049566203, 516.7401826213637]], ""scale"": 1000.0, ""seed"": 3, ""symmetric"": true}, ""n_layers"": null, ""normalization_factor"": 794.5987957035325, ""normalize"": true, ""seed"": 0, ""tau"": 30.0, ""valid_route"": true}"
small_exact,small_exact_euclidean_n6_seed3,euclidean,6,3,held_karp,ok,"[5, 2, 0, 3, 4, 1]",2054.1127084378963,2054.1127084378963,0.0,True,True,6.739999980709399e-05,251.28125,251.28125,0.0,,,,2054.1127084378963,0.0,True,"{""instance_metadata"": {""complete"": true, ""instance_type"": ""euclidean"", ""n"": 6, ""points"": [[85.64916714362437, 236.8105065960997], [801.2744652063969, 582.1620360643678], [94.12864224039919, 433.1269402364738], [479.05129814083404, 159.73891463707858], [734.5771514092145, 113.6720199214034], [391.22819049566203, 516.7401826213637]], ""scale"": 1000.0, ""seed"": 3, ""symmetric"": true}, ""max_n"": 18, ""start"": 5}"
small_exact,small_exact_euclidean_n6_seed3,euclidean,6,3,bruteforce,ok,"[5, 1, 4, 3, 0, 2]",2054.1127084378963,2054.1127084378963,0.0,True,True,0.00028190000011818483,251.28125,251.28125,0.0,,,,2054.1127084378963,0.0,True,"{""instance_metadata"": {""complete"": true, ""instance_type"": ""euclidean"", ""n"": 6, ""points"": [[85.64916714362437, 236.8105065960997], [801.2744652063969, 582.1620360643678], [94.12864224039919, 433.1269402364738], [479.05129814083404, 159.73891463707858], [734.5771514092145, 113.6720199214034], [391.22819049566203, 516.7401826213637]], ""scale"": 1000.0, ""seed"": 3, ""symmetric"": true}, ""max_n"": 10, ""permutations_checked"": 120, ""start"": 5}"
small_exact,small_exact_euclidean_n6_seed3,euclidean,6,3,ortools,ok,"[5, 2, 0, 3, 4, 1]",2054.1127084378963,2054.1127084378963,0.0,True,True,0.0007537999999840395,251.28125,251.28125,0.0,,,5.0,2054.1127084378963,0.0,True,"{""finite_edges"": true, ""infinity_penalty"": 4767592776000, ""instance_metadata"": {""complete"": true, ""instance_type"": ""euclidean"", ""n"": 6, ""points"": [[85.64916714362437, 236.8105065960997], [801.2744652063969, 582.1620360643678], [94.12864224039919, 433.1269402364738], [479.05129814083404, 159.73891463707858], [734.5771514092145, 113.6720199214034], [391.22819049566203, 516.7401826213637]], ""scale"": 1000.0, ""seed"": 3, ""symmetric"": true}, ""integer_scale"": 1000000, ""start"": 5, ""time_limit_s"": 5.0, ""valid_route"": true}"
small_exact,small_exact_euclidean_n6_seed3,euclidean,6,3,networkx_christofides,ok,"[5, 0, 2, 1, 4, 3]",2434.0979756617303,2054.1127084378963,0.184987545066504,True,True,0.0003899999996974657,251.28125,251.28515625,0.00390625,,,,2054.1127084378963,0.184987545066504,True,"{""finite_edges"": true, ""instance_metadata"": {""complete"": true, ""instance_type"": ""euclidean"", ""n"": 6, ""points"": [[85.64916714362437, 236.8105065960997], [801.2744652063969, 582.1620360643678], [94.12864224039919, 433.1269402364738], [479.05129814083404, 159.73891463707858], [734.5771514092145, 113.6720199214034], [391.22819049566203, 516.7401826213637]], ""scale"": 1000.0, ""seed"": 3, ""symmetric"": true}, ""requires_metric_symmetric_complete"": true, ""valid_route"": true}"
small_exact,small_exact_euclidean_n6_seed3,euclidean,6,3,networkx_greedy,ok,"[5, 1, 4, 3, 0, 2]",2054.1127084378963,2054.1127084378963,0.0,True,True,8.350000007339986e-05,251.28515625,251.2890625,0.00390625,,,,2054.1127084378963,0.0,True,"{""finite_edges"": true, ""instance_metadata"": {""complete"": true, ""instance_type"": ""euclidean"", ""n"": 6, ""points"": [[85.64916714362437, 236.8105065960997], [801.2744652063969, 582.1620360643678], [94.12864224039919, 433.1269402364738], [479.05129814083404, 159.73891463707858], [734.5771514092145, 113.6720199214034], [391.22819049566203, 516.7401826213637]], ""scale"": 1000.0, ""seed"": 3, ""symmetric"": true}, ""valid_route"": true}"
small_exact,small_exact_euclidean_n6_seed3,euclidean,6,3,python_tsp_dynamic_programming,skipped_missing_dependency,,,2054.1127084378963,nan,,,0.00037639999982275185,251.2890625,251.2890625,0.0,,,,2054.1127084378963,nan,True,"{""instance_metadata"": {""complete"": true, ""instance_type"": ""euclidean"", ""n"": 6, ""points"": [[85.64916714362437, 236.8105065960997], [801.2744652063969, 582.1620360643678], [94.12864224039919, 433.1269402364738], [479.05129814083404, 159.73891463707858], [734.5771514092145, 113.6720199214034], [391.22819049566203, 516.7401826213637]], ""scale"": 1000.0, ""seed"": 3, ""symmetric"": true}}"
small_exact,small_exact_random_symmetric_n6_seed3,random_symmetric,6,3,tn_exact,ok,"[5, 0, 4, 2, 3, 1]",229.76298377741074,229.76298377741074,0.0,True,True,0.011944900000344205,251.2890625,251.359375,0.0703125,30.0,,,229.76298377741074,0.0,True,"{""finite_edges"": true, ""instance_metadata"": {""complete"": true, ""high"": 100.0, ""instance_type"": ""random_symmetric"", ""low"": 1.0, ""n"": 6, ""seed"": 3, ""symmetric"": true}, ""n_layers"": null, ""normalization_factor"": 66.40809828094409, ""normalize"": true, ""seed"": 0, ""tau"": 30.0, ""valid_route"": true}"
small_exact,small_exact_random_symmetric_n6_seed3,random_symmetric,6,3,held_karp,ok,"[5, 1, 3, 2, 4, 0]",229.76298377741074,229.76298377741074,0.0,True,True,6.640000037805294e-05,251.359375,251.359375,0.0,,,,229.76298377741074,0.0,True,"{""instance_metadata"": {""complete"": true, ""high"": 100.0, ""instance_type"": ""random_symmetric"", ""low"": 1.0, ""n"": 6, ""seed"": 3, ""symmetric"": true}, ""max_n"": 18, ""start"": 5}"
small_exact,small_exact_random_symmetric_n6_seed3,random_symmetric,6,3,bruteforce,ok,"[5, 0, 4, 2, 3, 1]",229.76298377741074,229.76298377741074,0.0,True,True,0.00028040000006512855,251.359375,251.359375,0.0,,,,229.76298377741074,0.0,True,"{""instance_metadata"": {""complete"": true, ""high"": 100.0, ""instance_type"": ""random_symmetric"", ""low"": 1.0, ""n"": 6, ""seed"": 3, ""symmetric"": true}, ""max_n"": 10, ""permutations_checked"": 120, ""start"": 5}"
small_exact,small_exact_random_symmetric_n6_seed3,random_symmetric,6,3,ortools,ok,"[5, 1, 3, 2, 4, 0]",229.76298377741074,229.76298377741074,0.0,True,True,0.0007553999998890504,251.359375,251.359375,0.0,,,5.0,229.76298377741074,0.0,True,"{""finite_edges"": true, ""infinity_penalty"": 398448588000, ""instance_metadata"": {""complete"": true, ""high"": 100.0, ""instance_type"": ""random_symmetric"", ""low"": 1.0, ""n"": 6, ""seed"": 3, ""symmetric"": true}, ""integer_scale"": 1000000, ""start"": 5, ""time_limit_s"": 5.0, ""valid_route"": true}"
small_exact,small_exact_random_symmetric_n6_seed3,random_symmetric,6,3,networkx_christofides,skipped_not_applicable,,,229.76298377741074,nan,,,5.3899999784334796e-05,251.359375,251.359375,0.0,,,,229.76298377741074,nan,True,"{""instance_metadata"": {""complete"": true, ""high"": 100.0, ""instance_type"": ""random_symmetric"", ""low"": 1.0, ""n"": 6, ""seed"": 3, ""symmetric"": true}, ""requires_metric_symmetric_complete"": true}"
small_exact,small_exact_random_symmetric_n6_seed3,random_symmetric,6,3,networkx_greedy,ok,"[5, 0, 4, 2, 3, 1]",229.76298377741074,229.76298377741074,0.0,True,True,7.509999977628468e-05,251.359375,251.359375,0.0,,,,229.76298377741074,0.0,True,"{""finite_edges"": true, ""instance_metadata"": {""complete"": true, ""high"": 100.0, ""instance_type"": ""random_symmetric"", ""low"": 1.0, ""n"": 6, ""seed"": 3, ""symmetric"": true}, ""valid_route"": true}"
small_exact,small_exact_random_symmetric_n6_seed3,random_symmetric,6,3,python_tsp_dynamic_programming,skipped_missing_dependency,,,229.76298377741074,nan,,,0.0004200999997010513,251.359375,251.359375,0.0,,,,229.76298377741074,nan,True,"{""instance_metadata"": {""complete"": true, ""high"": 100.0, ""instance_type"": ""random_symmetric"", ""low"": 1.0, ""n"": 6, ""seed"": 3, ""symmetric"": true}}"
small_exact,small_exact_random_asymmetric_n6_seed3,random_asymmetric,6,3,tn_exact,ok,"[5, 1, 3, 2, 0, 4]",148.33592094922508,148.33592094922508,0.0,True,True,0.011110099999768863,251.359375,251.359375,0.0,30.0,,,148.33592094922508,0.0,True,"{""finite_edges"": true, ""instance_metadata"": {""complete"": true, ""high"": 100.0, ""instance_type"": ""random_asymmetric"", ""low"": 1.0, ""n"": 6, ""seed"": 3, ""symmetric"": false}, ""n_layers"": null, ""normalization_factor"": 95.67045822877375, ""normalize"": true, ""seed"": 0, ""tau"": 30.0, ""valid_route"": true}"
small_exact,small_exact_random_asymmetric_n6_seed3,random_asymmetric,6,3,held_karp,ok,"[5, 1, 3, 2, 0, 4]",148.33592094922508,148.33592094922508,0.0,True,True,6.650000023000757e-05,251.359375,251.359375,0.0,,,,148.33592094922508,0.0,True,"{""instance_metadata"": {""complete"": true, ""high"": 100.0, ""instance_type"": ""random_asymmetric"", ""low"": 1.0, ""n"": 6, ""seed"": 3, ""symmetric"": false}, ""max_n"": 18, ""start"": 5}"
small_exact,small_exact_random_asymmetric_n6_seed3,random_asymmetric,6,3,bruteforce,ok,"[5, 1, 3, 2, 0, 4]",148.33592094922508,148.33592094922508,0.0,True,True,0.00028029999975842657,251.359375,251.359375,0.0,,,,148.33592094922508,0.0,True,"{""instance_metadata"": {""complete"": true, ""high"": 100.0, ""instance_type"": ""random_asymmetric"", ""low"": 1.0, ""n"": 6, ""seed"": 3, ""symmetric"": false}, ""max_n"": 10, ""permutations_checked"": 120, ""start"": 5}"
small_exact,small_exact_random_asymmetric_n6_seed3,random_asymmetric,6,3,ortools,ok,"[5, 1, 3, 2, 0, 4]",148.33592094922508,148.33592094922508,0.0,True,True,0.0008806000000731729,251.359375,251.359375,0.0,,,5.0,148.33592094922508,0.0,True,"{""finite_edges"": true, ""infinity_penalty"": 574022748000, ""instance_metadata"": {""complete"": true, ""high"": 100.0, ""instance_type"": ""random_asymmetric"", ""low"": 1.0, ""n"": 6, ""seed"": 3, ""symmetric"": false}, ""integer_scale"": 1000000, ""start"": 5, ""time_limit_s"": 5.0, ""valid_route"": true}"
small_exact,small_exact_random_asymmetric_n6_seed3,random_asymmetric,6,3,networkx_christofides,skipped_not_applicable,,,148.33592094922508,nan,,,5.0799999826267594e-05,251.359375,251.359375,0.0,,,,148.33592094922508,nan,True,"{""instance_metadata"": {""complete"": true, ""high"": 100.0, ""instance_type"": ""random_asymmetric"", ""low"": 1.0, ""n"": 6, ""seed"": 3, ""symmetric"": false}, ""requires_metric_symmetric_complete"": true}"
small_exact,small_exact_random_asymmetric_n6_seed3,random_asymmetric,6,3,networkx_greedy,ok,"[5, 1, 3, 2, 4, 0]",185.69034514512708,148.33592094922508,0.2518231858936468,True,True,8.479999996779952e-05,251.359375,251.359375,0.0,,,,148.33592094922508,0.2518231858936468,True,"{""finite_edges"": true, ""instance_metadata"": {""complete"": true, ""high"": 100.0, ""instance_type"": ""random_asymmetric"", ""low"": 1.0, ""n"": 6, ""seed"": 3, ""symmetric"": false}, ""valid_route"": true}"
small_exact,small_exact_random_asymmetric_n6_seed3,random_asymmetric,6,3,python_tsp_dynamic_programming,skipped_missing_dependency,,,148.33592094922508,nan,,,0.0003936000002795481,251.359375,251.359375,0.0,,,,148.33592094922508,nan,True,"{""instance_metadata"": {""complete"": true, ""high"": 100.0, ""instance_type"": ""random_asymmetric"", ""low"": 1.0, ""n"": 6, ""seed"": 3, ""symmetric"": false}}"
small_exact,small_exact_euclidean_n6_seed4,euclidean,6,4,tn_exact,ok,"[5, 0, 4, 2, 3, 1]",1326.1478576171367,1326.1478576171367,0.0,True,True,0.012028800000280171,251.359375,251.36328125,0.00390625,30.0,,,1326.1478576171367,0.0,True,"{""finite_edges"": true, ""instance_metadata"": {""complete"": true, ""instance_type"": ""euclidean"", ""n"": 6, ""points"": [[943.0561055723676, 511.3275528143616], [976.2437057077042, 80.83602389560218], [607.3558319950296, 376.48658437727255], [801.9012069858072, 174.52781614402846], [871.6352741876564, 543.9414007634982], [902.2150797159884, 477.1535238392063]], ""scale"": 1000.0, ""seed"": 4, ""symmetric"": true}, ""n_layers"": null, ""normalization_factor"": 474.7731184777004, ""normalize"": true, ""seed"": 0, ""tau"": 30.0, ""valid_route"": true}"
small_exact,small_exact_euclidean_n6_seed4,euclidean,6,4,held_karp,ok,"[5, 1, 3, 2, 4, 0]",1326.1478576171367,1326.1478576171367,0.0,True,True,6.690000009257346e-05,251.36328125,251.36328125,0.0,,,,1326.1478576171367,0.0,True,"{""instance_metadata"": {""complete"": true, ""instance_type"": ""euclidean"", ""n"": 6, ""points"": [[943.0561055723676, 511.3275528143616], [976.2437057077042, 80.83602389560218], [607.3558319950296, 376.48658437727255], [801.9012069858072, 174.52781614402846], [871.6352741876564, 543.9414007634982], [902.2150797159884, 477.1535238392063]], ""scale"": 1000.0, ""seed"": 4, ""symmetric"": true}, ""max_n"": 18, ""start"": 5}"
small_exact,small_exact_euclidean_n6_seed4,euclidean,6,4,bruteforce,ok,"[5, 0, 4, 2, 3, 1]",1326.1478576171367,1326.1478576171367,0.0,True,True,0.0002897999997912848,251.36328125,251.36328125,0.0,,,,1326.1478576171367,0.0,True,"{""instance_metadata"": {""complete"": true, ""instance_type"": ""euclidean"", ""n"": 6, ""points"": [[943.0561055723676, 511.3275528143616], [976.2437057077042, 80.83602389560218], [607.3558319950296, 376.48658437727255], [801.9012069858072, 174.52781614402846], [871.6352741876564, 543.9414007634982], [902.2150797159884, 477.1535238392063]], ""scale"": 1000.0, ""seed"": 4, ""symmetric"": true}, ""max_n"": 10, ""permutations_checked"": 120, ""start"": 5}"
small_exact,small_exact_euclidean_n6_seed4,euclidean,6,4,ortools,ok,"[5, 0, 4, 2, 3, 1]",1326.1478576171367,1326.1478576171367,0.0,True,True,0.000753199999962817,251.36328125,251.36328125,0.0,,,5.0,1326.1478576171367,0.0,True,"{""finite_edges"": true, ""infinity_penalty"": 2848638708000, ""instance_metadata"": {""complete"": true, ""instance_type"": ""euclidean"", ""n"": 6, ""points"": [[943.0561055723676, 511.3275528143616], [976.2437057077042, 80.83602389560218], [607.3558319950296, 376.48658437727255], [801.9012069858072, 174.52781614402846], [871.6352741876564, 543.9414007634982], [902.2150797159884, 477.1535238392063]], ""scale"": 1000.0, ""seed"": 4, ""symmetric"": true}, ""integer_scale"": 1000000, ""start"": 5, ""time_limit_s"": 5.0, ""valid_route"": true}"
small_exact,small_exact_euclidean_n6_seed4,euclidean,6,4,networkx_christofides,ok,"[5, 1, 3, 2, 0, 4]",1395.254422365141,1326.1478576171367,0.05211075397895459,True,True,0.00041490000012345263,251.36328125,251.3671875,0.00390625,,,,1326.1478576171367,0.05211075397895459,True,"{""finite_edges"": true, ""instance_metadata"": {""complete"": true, ""instance_type"": ""euclidean"", ""n"": 6, ""points"": [[943.0561055723676, 511.3275528143616], [976.2437057077042, 80.83602389560218], [607.3558319950296, 376.48658437727255], [801.9012069858072, 174.52781614402846], [871.6352741876564, 543.9414007634982], [902.2150797159884, 477.1535238392063]], ""scale"": 1000.0, ""seed"": 4, ""symmetric"": true}, ""requires_metric_symmetric_complete"": true, ""valid_route"": true}"
small_exact,small_exact_euclidean_n6_seed4,euclidean,6,4,networkx_greedy,ok,"[5, 0, 4, 2, 3, 1]",1326.1478576171367,1326.1478576171367,0.0,True,True,8.159999970303033e-05,251.3671875,251.3671875,0.0,,,,1326.1478576171367,0.0,True,"{""finite_edges"": true, ""instance_metadata"": {""complete"": true, ""instance_type"": ""euclidean"", ""n"": 6, ""points"": [[943.0561055723676, 511.3275528143616], [976.2437057077042, 80.83602389560218], [607.3558319950296, 376.48658437727255], [801.9012069858072, 174.52781614402846], [871.6352741876564, 543.9414007634982], [902.2150797159884, 477.1535238392063]], ""scale"": 1000.0, ""seed"": 4, ""symmetric"": true}, ""valid_route"": true}"
small_exact,small_exact_euclidean_n6_seed4,euclidean,6,4,python_tsp_dynamic_programming,skipped_missing_dependency,,,1326.1478576171367,nan,,,0.0003876999999192776,251.3671875,251.3671875,0.0,,,,1326.1478576171367,nan,True,"{""instance_metadata"": {""complete"": true, ""instance_type"": ""euclidean"", ""n"": 6, ""points"": [[943.0561055723676, 511.3275528143616], [976.2437057077042, 80.83602389560218], [607.3558319950296, 376.48658437727255], [801.9012069858072, 174.52781614402846], [871.6352741876564, 543.9414007634982], [902.2150797159884, 477.1535238392063]], ""scale"": 1000.0, ""seed"": 4, ""symmetric"": true}}"
small_exact,small_exact_random_symmetric_n6_seed4,random_symmetric,6,4,tn_exact,ok,"[5, 4, 0, 3, 2, 1]",288.5882509854286,288.5882509854286,0.0,True,True,0.01192159999982323,251.3671875,251.4375,0.0703125,30.0,,,288.5882509854286,0.0,True,"{""finite_edges"": true, ""instance_metadata"": {""complete"": true, ""high"": 100.0, ""instance_type"": ""random_symmetric"", ""low"": 1.0, ""n"": 6, ""seed"": 4, ""symmetric"": true}, ""n_layers"": null, ""normalization_factor"": 93.47260533887669, ""normalize"": true, ""seed"": 0, ""tau"": 30.0, ""valid_route"": true}"
small_exact,small_exact_random_symmetric_n6_seed4,random_symmetric,6,4,held_karp,ok,"[5, 4, 0, 3, 2, 1]",288.5882509854286,288.5882509854286,0.0,True,True,6.880000000819564e-05,251.4375,251.4375,0.0,,,,288.5882509854286,0.0,True,"{""instance_metadata"": {""complete"": true, ""high"": 100.0, ""instance_type"": ""random_symmetric"", ""low"": 1.0, ""n"": 6, ""seed"": 4, ""symmetric"": true}, ""max_n"": 18, ""start"": 5}"
small_exact,small_exact_random_symmetric_n6_seed4,random_symmetric,6,4,bruteforce,ok,"[5, 1, 2, 3, 0, 4]",288.5882509854286,288.5882509854286,0.0,True,True,0.0002886000002035871,251.4375,251.4375,0.0,,,,288.5882509854286,0.0,True,"{""instance_metadata"": {""complete"": true, ""high"": 100.0, ""instance_type"": ""random_symmetric"", ""low"": 1.0, ""n"": 6, ""seed"": 4, ""symmetric"": true}, ""max_n"": 10, ""permutations_checked"": 120, ""start"": 5}"
small_exact,small_exact_random_symmetric_n6_seed4,random_symmetric,6,4,ortools,ok,"[5, 4, 0, 3, 2, 1]",288.5882509854286,288.5882509854286,0.0,True,True,0.000863000000208558,251.4375,251.4375,0.0,,,5.0,288.5882509854286,0.0,True,"{""finite_edges"": true, ""infinity_penalty"": 560835630000, ""instance_metadata"": {""complete"": true, ""high"": 100.0, ""instance_type"": ""random_symmetric"", ""low"": 1.0, ""n"": 6, ""seed"": 4, ""symmetric"": true}, ""integer_scale"": 1000000, ""start"": 5, ""time_limit_s"": 5.0, ""valid_route"": true}"
small_exact,small_exact_random_symmetric_n6_seed4,random_symmetric,6,4,networkx_christofides,skipped_not_applicable,,,288.5882509854286,nan,,,6.510000002890592e-05,251.4375,251.4375,0.0,,,,288.5882509854286,nan,True,"{""instance_metadata"": {""complete"": true, ""high"": 100.0, ""instance_type"": ""random_symmetric"", ""low"": 1.0, ""n"": 6, ""seed"": 4, ""symmetric"": true}, ""requires_metric_symmetric_complete"": true}"
small_exact,small_exact_random_symmetric_n6_seed4,random_symmetric,6,4,networkx_greedy,ok,"[5, 1, 2, 3, 0, 4]",288.5882509854286,288.5882509854286,0.0,True,True,8.369999977730913e-05,251.4375,251.4375,0.0,,,,288.5882509854286,0.0,True,"{""finite_edges"": true, ""instance_metadata"": {""complete"": true, ""high"": 100.0, ""instance_type"": ""random_symmetric"", ""low"": 1.0, ""n"": 6, ""seed"": 4, ""symmetric"": true}, ""valid_route"": true}"
small_exact,small_exact_random_symmetric_n6_seed4,random_symmetric,6,4,python_tsp_dynamic_programming,skipped_missing_dependency,,,288.5882509854286,nan,,,0.00042230000008203206,251.4375,251.4375,0.0,,,,288.5882509854286,nan,True,"{""instance_metadata"": {""complete"": true, ""high"": 100.0, ""instance_type"": ""random_symmetric"", ""low"": 1.0, ""n"": 6, ""seed"": 4, ""symmetric"": true}}"
small_exact,small_exact_random_asymmetric_n6_seed4,random_asymmetric,6,4,tn_exact,ok,"[5, 4, 1, 2, 0, 3]",231.50383899569476,231.50383899569476,0.0,True,True,0.011313500000142085,251.44140625,251.44140625,0.0,30.0,,,231.50383899569476,0.0,True,"{""finite_edges"": true, ""instance_metadata"": {""complete"": true, ""high"": 100.0, ""instance_type"": ""random_asymmetric"", ""low"": 1.0, ""n"": 6, ""seed"": 4, ""symmetric"": false}, ""n_layers"": null, ""normalization_factor"": 97.64812686506271, ""normalize"": true, ""seed"": 0, ""tau"": 30.0, ""valid_route"": true}"
small_exact,small_exact_random_asymmetric_n6_seed4,random_asymmetric,6,4,held_karp,ok,"[5, 4, 1, 2, 0, 3]",231.50383899569476,231.50383899569476,0.0,True,True,6.690000009257346e-05,251.44140625,251.44140625,0.0,,,,231.50383899569476,0.0,True,"{""instance_metadata"": {""complete"": true, ""high"": 100.0, ""instance_type"": ""random_asymmetric"", ""low"": 1.0, ""n"": 6, ""seed"": 4, ""symmetric"": false}, ""max_n"": 18, ""start"": 5}"
small_exact,small_exact_random_asymmetric_n6_seed4,random_asymmetric,6,4,bruteforce,ok,"[5, 4, 1, 2, 0, 3]",231.50383899569476,231.50383899569476,0.0,True,True,0.0002844000000550295,251.44140625,251.44140625,0.0,,,,231.50383899569476,0.0,True,"{""instance_metadata"": {""complete"": true, ""high"": 100.0, ""instance_type"": ""random_asymmetric"", ""low"": 1.0, ""n"": 6, ""seed"": 4, ""symmetric"": false}, ""max_n"": 10, ""permutations_checked"": 120, ""start"": 5}"
small_exact,small_exact_random_asymmetric_n6_seed4,random_asymmetric,6,4,ortools,ok,"[5, 4, 2, 3, 0, 1]",234.0919444361229,231.50383899569476,0.011179535733212042,True,True,0.0009307000000262633,251.44140625,251.44140625,0.0,,,5.0,231.50383899569476,0.011179535733212042,True,"{""finite_edges"": true, ""infinity_penalty"": 585888762000, ""instance_metadata"": {""complete"": true, ""high"": 100.0, ""instance_type"": ""random_asymmetric"", ""low"": 1.0, ""n"": 6, ""seed"": 4, ""symmetric"": false}, ""integer_scale"": 1000000, ""start"": 5, ""time_limit_s"": 5.0, ""valid_route"": true}"
small_exact,small_exact_random_asymmetric_n6_seed4,random_asymmetric,6,4,networkx_christofides,skipped_not_applicable,,,231.50383899569476,nan,,,5.610000016531558e-05,251.44140625,251.44140625,0.0,,,,231.50383899569476,nan,True,"{""instance_metadata"": {""complete"": true, ""high"": 100.0, ""instance_type"": ""random_asymmetric"", ""low"": 1.0, ""n"": 6, ""seed"": 4, ""symmetric"": false}, ""requires_metric_symmetric_complete"": true}"
small_exact,small_exact_random_asymmetric_n6_seed4,random_asymmetric,6,4,networkx_greedy,ok,"[5, 4, 1, 3, 0, 2]",341.4473731203843,231.50383899569476,0.47491019847292537,True,True,0.00010280000014972757,251.44140625,251.44140625,0.0,,,,231.50383899569476,0.47491019847292537,True,"{""finite_edges"": true, ""instance_metadata"": {""complete"": true, ""high"": 100.0, ""instance_type"": ""random_asymmetric"", ""low"": 1.0, ""n"": 6, ""seed"": 4, ""symmetric"": false}, ""valid_route"": true}"
small_exact,small_exact_random_asymmetric_n6_seed4,random_asymmetric,6,4,python_tsp_dynamic_programming,skipped_missing_dependency,,,231.50383899569476,nan,,,0.00041770000007090857,251.44140625,251.44140625,0.0,,,,231.50383899569476,nan,True,"{""instance_metadata"": {""complete"": true, ""high"": 100.0, ""instance_type"": ""random_asymmetric"", ""low"": 1.0, ""n"": 6, ""seed"": 4, ""symmetric"": false}}"
small_exact,small_exact_euclidean_n7_seed0,euclidean,7,0,tn_exact,ok,"[6, 5, 1, 4, 2, 3, 0]",3204.390913430396,3204.390913430396,0.0,True,True,0.01894480000009935,251.44140625,251.5546875,0.11328125,28.0,,,3204.390913430396,0.0,True,"{""finite_edges"": true, ""instance_metadata"": {""complete"": true, ""instance_type"": ""euclidean"", ""n"": 7, ""points"": [[636.9616873214543, 269.7867137638703], [40.97352393619469, 16.527635528529096], [813.2702392002724, 912.7555772777217], [606.6357757671799, 729.4965609839984], [543.6249914654229, 935.0724237877682], [815.8535541215322, 2.738500170148095], [857.4042765875694, 33.58557530546435]], ""scale"": 1000.0, ""seed"": 0, ""symmetric"": true}, ""n_layers"": null, ""normalization_factor"": 1183.0751201760934, ""normalize"": true, ""seed"": 0, ""tau"": 28.0, ""valid_route"": true}"
small_exact,small_exact_euclidean_n7_seed0,euclidean,7,0,held_karp,ok,"[6, 5, 1, 4, 2, 3, 0]",3204.390913430396,3204.390913430396,0.0,True,True,0.00016970000024230103,251.5546875,251.5546875,0.0,,,,3204.390913430396,0.0,True,"{""instance_metadata"": {""complete"": true, ""instance_type"": ""euclidean"", ""n"": 7, ""points"": [[636.9616873214543, 269.7867137638703], [40.97352393619469, 16.527635528529096], [813.2702392002724, 912.7555772777217], [606.6357757671799, 729.4965609839984], [543.6249914654229, 935.0724237877682], [815.8535541215322, 2.738500170148095], [857.4042765875694, 33.58557530546435]], ""scale"": 1000.0, ""seed"": 0, ""symmetric"": true}, ""max_n"": 18, ""start"": 6}"
small_exact,small_exact_euclidean_n7_seed0,euclidean,7,0,bruteforce,ok,"[6, 0, 3, 2, 4, 1, 5]",3204.390913430396,3204.390913430396,0.0,True,True,0.0018247000002702407,251.5546875,251.5546875,0.0,,,,3204.390913430396,0.0,True,"{""instance_metadata"": {""complete"": true, ""instance_type"": ""euclidean"", ""n"": 7, ""points"": [[636.9616873214543, 269.7867137638703], [40.97352393619469, 16.527635528529096], [813.2702392002724, 912.7555772777217], [606.6357757671799, 729.4965609839984], [543.6249914654229, 935.0724237877682], [815.8535541215322, 2.738500170148095], [857.4042765875694, 33.58557530546435]], ""scale"": 1000.0, ""seed"": 0, ""symmetric"": true}, ""max_n"": 10, ""permutations_checked"": 720, ""start"": 6}"
small_exact,small_exact_euclidean_n7_seed0,euclidean,7,0,ortools,ok,"[6, 5, 1, 4, 2, 3, 0]",3204.390913430396,3204.390913430396,0.0,True,True,0.0009405999999216874,251.5546875,251.55859375,0.00390625,,,5.0,3204.390913430396,0.0,True,"{""finite_edges"": true, ""infinity_penalty"": 8281525840000, ""instance_metadata"": {""complete"": true, ""instance_type"": ""euclidean"", ""n"": 7, ""points"": [[636.9616873214543, 269.7867137638703], [40.97352393619469, 16.527635528529096], [813.2702392002724, 912.7555772777217], [606.6357757671799, 729.4965609839984], [543.6249914654229, 935.0724237877682], [815.8535541215322, 2.738500170148095], [857.4042765875694, 33.58557530546435]], ""scale"": 1000.0, ""seed"": 0, ""symmetric"": true}, ""integer_scale"": 1000000, ""start"": 6, ""time_limit_s"": 5.0, ""valid_route"": true}"
small_exact,small_exact_euclidean_n7_seed0,euclidean,7,0,networkx_christofides,ok,"[6, 1, 3, 4, 2, 0, 5]",3252.1836757526826,3204.390913430396,0.01491477276445126,True,True,0.0005208000002312474,251.55859375,251.5625,0.00390625,,,,3204.390913430396,0.01491477276445126,True,"{""finite_edges"": true, ""instance_metadata"": {""complete"": true, ""instance_type"": ""euclidean"", ""n"": 7, ""points"": [[636.9616873214543, 269.7867137638703], [40.97352393619469, 16.527635528529096], [813.2702392002724, 912.7555772777217], [606.6357757671799, 729.4965609839984], [543.6249914654229, 935.0724237877682], [815.8535541215322, 2.738500170148095], [857.4042765875694, 33.58557530546435]], ""scale"": 1000.0, ""seed"": 0, ""symmetric"": true}, ""requires_metric_symmetric_complete"": true, ""valid_route"": true}"
small_exact,small_exact_euclidean_n7_seed0,euclidean,7,0,networkx_greedy,ok,"[6, 1, 2, 4, 3, 0, 5]",3319.1551947455564,3204.390913430396,0.0358146944039053,True,True,8.960000013757963e-05,251.5625,251.5625,0.0,,,,3204.390913430396,0.0358146944039053,True,"{""finite_edges"": true, ""instance_metadata"": {""complete"": true, ""instance_type"": ""euclidean"", ""n"": 7, ""points"": [[636.9616873214543, 269.7867137638703], [40.97352393619469, 16.527635528529096], [813.2702392002724, 912.7555772777217], [606.6357757671799, 729.4965609839984], [543.6249914654229, 935.0724237877682], [815.8535541215322, 2.738500170148095], [857.4042765875694, 33.58557530546435]], ""scale"": 1000.0, ""seed"": 0, ""symmetric"": true}, ""valid_route"": true}"
small_exact,small_exact_euclidean_n7_seed0,euclidean,7,0,python_tsp_dynamic_programming,skipped_missing_dependency,,,3204.390913430396,nan,,,0.0004506000000219501,251.5625,251.5625,0.0,,,,3204.390913430396,nan,True,"{""instance_metadata"": {""complete"": true, ""instance_type"": ""euclidean"", ""n"": 7, ""points"": [[636.9616873214543, 269.7867137638703], [40.97352393619469, 16.527635528529096], [813.2702392002724, 912.7555772777217], [606.6357757671799, 729.4965609839984], [543.6249914654229, 935.0724237877682], [815.8535541215322, 2.738500170148095], [857.4042765875694, 33.58557530546435]], ""scale"": 1000.0, ""seed"": 0, ""symmetric"": true}}"
small_exact,small_exact_random_symmetric_n7_seed0,random_symmetric,7,0,tn_exact,ok,"[6, 1, 4, 3, 0, 5, 2]",249.2141745550418,249.21417455504178,1.1404531656816634e-16,True,True,0.01856790000010733,251.5625,251.56640625,0.00390625,28.0,,,249.21417455504178,1.1404531656816634e-16,True,"{""finite_edges"": true, ""instance_metadata"": {""complete"": true, ""high"": 100.0, ""instance_type"": ""random_symmetric"", ""low"": 1.0, ""n"": 7, ""seed"": 0, ""symmetric"": true}, ""n_layers"": null, ""normalization_factor"": 96.5970458614003, ""normalize"": true, ""seed"": 0, ""tau"": 28.0, ""valid_route"": true}"
small_exact,small_exact_random_symmetric_n7_seed0,random_symmetric,7,0,held_karp,ok,"[6, 2, 5, 0, 3, 4, 1]",249.21417455504178,249.21417455504178,0.0,True,True,0.00023469999996450497,251.56640625,251.5703125,0.00390625,,,,249.21417455504178,0.0,True,"{""instance_metadata"": {""complete"": true, ""high"": 100.0, ""instance_type"": ""random_symmetric"", ""low"": 1.0, ""n"": 7, ""seed"": 0, ""symmetric"": true}, ""max_n"": 18, ""start"": 6}"
small_exact,small_exact_random_symmetric_n7_seed0,random_symmetric,7,0,bruteforce,ok,"[6, 2, 5, 0, 3, 4, 1]",249.21417455504178,249.21417455504178,0.0,True,True,0.0018165999999837368,251.5703125,251.5703125,0.0,,,,249.21417455504178,0.0,True,"{""instance_metadata"": {""complete"": true, ""high"": 100.0, ""instance_type"": ""random_symmetric"", ""low"": 1.0, ""n"": 7, ""seed"": 0, ""symmetric"": true}, ""max_n"": 10, ""permutations_checked"": 720, ""start"": 6}"
small_exact,small_exact_random_symmetric_n7_seed0,random_symmetric,7,0,ortools,ok,"[6, 1, 4, 3, 0, 5, 2]",249.2141745550418,249.21417455504178,1.1404531656816634e-16,True,True,0.0008689999999660358,251.5703125,251.5703125,0.0,,,5.0,249.21417455504178,1.1404531656816634e-16,True,"{""finite_edges"": true, ""infinity_penalty"": 676179322000, ""instance_metadata"": {""complete"": true, ""high"": 100.0, ""instance_type"": ""random_symmetric"", ""low"": 1.0, ""n"": 7, ""seed"": 0, ""symmetric"": true}, ""integer_scale"": 1000000, ""start"": 6, ""time_limit_s"": 5.0, ""valid_route"": true}"
small_exact,small_exact_random_symmetric_n7_seed0,random_symmetric,7,0,networkx_christofides,skipped_not_applicable,,,249.21417455504178,nan,,,6.000000030326191e-05,251.5703125,251.5703125,0.0,,,,249.21417455504178,nan,True,"{""instance_metadata"": {""complete"": true, ""high"": 100.0, ""instance_type"": ""random_symmetric"", ""low"": 1.0, ""n"": 7, ""seed"": 0, ""symmetric"": true}, ""requires_metric_symmetric_complete"": true}"
small_exact,small_exact_random_symmetric_n7_seed0,random_symmetric,7,0,networkx_greedy,ok,"[6, 1, 4, 3, 0, 2, 5]",252.815268945124,249.21417455504178,0.014449797634953012,True,True,8.389999993596575e-05,251.5703125,251.5703125,0.0,,,,249.21417455504178,0.014449797634953012,True,"{""finite_edges"": true, ""instance_metadata"": {""complete"": true, ""high"": 100.0, ""instance_type"": ""random_symmetric"", ""low"": 1.0, ""n"": 7, ""seed"": 0, ""symmetric"": true}, ""valid_route"": true}"
small_exact,small_exact_random_symmetric_n7_seed0,random_symmetric,7,0,python_tsp_dynamic_programming,skipped_missing_dependency,,,249.21417455504178,nan,,,0.00038440000025730114,251.5703125,251.5703125,0.0,,,,249.21417455504178,nan,True,"{""instance_metadata"": {""complete"": true, ""high"": 100.0, ""instance_type"": ""random_symmetric"", ""low"": 1.0, ""n"": 7, ""seed"": 0, ""symmetric"": true}}"
small_exact,small_exact_random_asymmetric_n7_seed0,random_asymmetric,7,0,tn_exact,ok,"[6, 1, 4, 3, 0, 2, 5]",169.29907167420868,169.29907167420868,0.0,True,True,0.020601100000021688,251.57421875,251.671875,0.09765625,28.0,,,169.29907167420868,0.0,True,"{""finite_edges"": true, ""instance_metadata"": {""complete"": true, ""high"": 100.0, ""instance_type"": ""random_asymmetric"", ""low"": 1.0, ""n"": 7, ""seed"": 0, ""symmetric"": false}, ""n_layers"": null, ""normalization_factor"": 99.7237836431319, ""normalize"": true, ""seed"": 0, ""tau"": 28.0, ""valid_route"": true}"
small_exact,small_exact_random_asymmetric_n7_seed0,random_asymmetric,7,0,held_karp,ok,"[6, 1, 4, 3, 0, 2, 5]",169.29907167420868,169.29907167420868,0.0,True,True,0.00018769999996948172,251.671875,251.671875,0.0,,,,169.29907167420868,0.0,True,"{""instance_metadata"": {""complete"": true, ""high"": 100.0, ""instance_type"": ""random_asymmetric"", ""low"": 1.0, ""n"": 7, ""seed"": 0, ""symmetric"": false}, ""max_n"": 18, ""start"": 6}"
small_exact,small_exact_random_asymmetric_n7_seed0,random_asymmetric,7,0,bruteforce,ok,"[6, 1, 4, 3, 0, 2, 5]",169.29907167420868,169.29907167420868,0.0,True,True,0.0019277999999758322,251.671875,251.671875,0.0,,,,169.29907167420868,0.0,True,"{""instance_metadata"": {""complete"": true, ""high"": 100.0, ""instance_type"": ""random_asymmetric"", ""low"": 1.0, ""n"": 7, ""seed"": 0, ""symmetric"": false}, ""max_n"": 10, ""permutations_checked"": 720, ""start"": 6}"
small_exact,small_exact_random_asymmetric_n7_seed0,random_asymmetric,7,0,ortools,ok,"[6, 1, 4, 3, 0, 2, 5]",169.29907167420868,169.29907167420868,0.0,True,True,0.0012190000002192392,251.671875,251.671875,0.0,,,5.0,169.29907167420868,0.0,True,"{""finite_edges"": true, ""infinity_penalty"": 698066488000, ""instance_metadata"": {""complete"": true, ""high"": 100.0, ""instance_type"": ""random_asymmetric"", ""low"": 1.0, ""n"": 7, ""seed"": 0, ""symmetric"": false}, ""integer_scale"": 1000000, ""start"": 6, ""time_limit_s"": 5.0, ""valid_route"": true}"
small_exact,small_exact_random_asymmetric_n7_seed0,random_asymmetric,7,0,networkx_christofides,skipped_not_applicable,,,169.29907167420868,nan,,,7.429999959640554e-05,251.671875,251.671875,0.0,,,,169.29907167420868,nan,True,"{""instance_metadata"": {""complete"": true, ""high"": 100.0, ""instance_type"": ""random_asymmetric"", ""low"": 1.0, ""n"": 7, ""seed"": 0, ""symmetric"": false}, ""requires_metric_symmetric_complete"": true}"
small_exact,small_exact_random_asymmetric_n7_seed0,random_asymmetric,7,0,networkx_greedy,ok,"[6, 4, 3, 0, 2, 1, 5]",218.490245515217,169.29907167420868,0.29055784745039565,True,True,0.00011389999963284936,251.671875,251.671875,0.0,,,,169.29907167420868,0.29055784745039565,True,"{""finite_edges"": true, ""instance_metadata"": {""complete"": true, ""high"": 100.0, ""instance_type"": ""random_asymmetric"", ""low"": 1.0, ""n"": 7, ""seed"": 0, ""symmetric"": false}, ""valid_route"": true}"
small_exact,small_exact_random_asymmetric_n7_seed0,random_asymmetric,7,0,python_tsp_dynamic_programming,skipped_missing_dependency,,,169.29907167420868,nan,,,0.000525999999808846,251.671875,251.671875,0.0,,,,169.29907167420868,nan,True,"{""instance_metadata"": {""complete"": true, ""high"": 100.0, ""instance_type"": ""random_asymmetric"", ""low"": 1.0, ""n"": 7, ""seed"": 0, ""symmetric"": false}}"
small_exact,small_exact_euclidean_n7_seed1,euclidean,7,1,tn_exact,ok,"[6, 1, 0, 5, 3, 4, 2]",2538.9933653413536,2538.9933653413536,0.0,True,True,0.019591299999774492,251.671875,251.73046875,0.05859375,28.0,,,2538.9933653413536,0.0,True,"{""finite_edges"": true, ""instance_metadata"": {""complete"": true, ""instance_type"": ""euclidean"", ""n"": 7, ""points"": [[511.82162470025673, 950.4636963259353], [144.15961271963374, 948.6494471372439], [311.83145201048546, 423.32644897257563], [827.7025938204417, 409.1991363691613], [549.5936876730595, 27.559113243068367], [753.5131086748066, 538.1433132192782], [329.73171649909216, 788.4287034284043]], ""scale"": 1000.0, ""seed"": 1, ""symmetric"": true}, ""n_layers"": null, ""normalization_factor"": 1006.3717962694622, ""normalize"": true, ""seed"": 0, ""tau"": 28.0, ""valid_route"": true}"
small_exact,small_exact_euclidean_n7_seed1,euclidean,7,1,held_karp,ok,"[6, 2, 4, 3, 5, 0, 1]",2538.9933653413536,2538.9933653413536,0.0,True,True,0.00025049999976545223,251.73046875,251.73046875,0.0,,,,2538.9933653413536,0.0,True,"{""instance_metadata"": {""complete"": true, ""instance_type"": ""euclidean"", ""n"": 7, ""points"": [[511.82162470025673, 950.4636963259353], [144.15961271963374, 948.6494471372439], [311.83145201048546, 423.32644897257563], [827.7025938204417, 409.1991363691613], [549.5936876730595, 27.559113243068367], [753.5131086748066, 538.1433132192782], [329.73171649909216, 788.4287034284043]], ""scale"": 1000.0, ""seed"": 1, ""symmetric"": true}, ""max_n"": 18, ""start"": 6}"
small_exact,small_exact_euclidean_n7_seed1,euclidean,7,1,bruteforce,ok,"[6, 1, 0, 5, 3, 4, 2]",2538.9933653413536,2538.9933653413536,0.0,True,True,0.0018259000003126857,251.73046875,251.73046875,0.0,,,,2538.9933653413536,0.0,True,"{""instance_metadata"": {""complete"": true, ""instance_type"": ""euclidean"", ""n"": 7, ""points"": [[511.82162470025673, 950.4636963259353], [144.15961271963374, 948.6494471372439], [311.83145201048546, 423.32644897257563], [827.7025938204417, 409.1991363691613], [549.5936876730595, 27.559113243068367], [753.5131086748066, 538.1433132192782], [329.73171649909216, 788.4287034284043]], ""scale"": 1000.0, ""seed"": 1, ""symmetric"": true}, ""max_n"": 10, ""permutations_checked"": 720, ""start"": 6}"
small_exact,small_exact_euclidean_n7_seed1,euclidean,7,1,ortools,ok,"[6, 2, 4, 3, 5, 0, 1]",2538.9933653413536,2538.9933653413536,0.0,True,True,0.0010143999998035724,251.73046875,251.73828125,0.0078125,,,5.0,2538.9933653413536,0.0,True,"{""finite_edges"": true, ""infinity_penalty"": 7044602572000, ""instance_metadata"": {""complete"": true, ""instance_type"": ""euclidean"", ""n"": 7, ""points"": [[511.82162470025673, 950.4636963259353], [144.15961271963374, 948.6494471372439], [311.83145201048546, 423.32644897257563], [827.7025938204417, 409.1991363691613], [549.5936876730595, 27.559113243068367], [753.5131086748066, 538.1433132192782], [329.73171649909216, 788.4287034284043]], ""scale"": 1000.0, ""seed"": 1, ""symmetric"": true}, ""integer_scale"": 1000000, ""start"": 6, ""time_limit_s"": 5.0, ""valid_route"": true}"
small_exact,small_exact_euclidean_n7_seed1,euclidean,7,1,networkx_christofides,ok,"[6, 1, 0, 5, 3, 4, 2]",2538.9933653413536,2538.9933653413536,0.0,True,True,0.0006327000000965199,251.73828125,251.75,0.01171875,,,,2538.9933653413536,0.0,True,"{""finite_edges"": true, ""instance_metadata"": {""complete"": true, ""instance_type"": ""euclidean"", ""n"": 7, ""points"": [[511.82162470025673, 950.4636963259353], [144.15961271963374, 948.6494471372439], [311.83145201048546, 423.32644897257563], [827.7025938204417, 409.1991363691613], [549.5936876730595, 27.559113243068367], [753.5131086748066, 538.1433132192782], [329.73171649909216, 788.4287034284043]], ""scale"": 1000.0, ""seed"": 1, ""symmetric"": true}, ""requires_metric_symmetric_complete"": true, ""valid_route"": true}"
small_exact,small_exact_euclidean_n7_seed1,euclidean,7,1,networkx_greedy,ok,"[6, 0, 1, 2, 5, 3, 4]",3032.1909566820354,2538.9933653413536,0.19424926353613142,True,True,9.380000028613722e-05,251.75,251.75,0.0,,,,2538.9933653413536,0.19424926353613142,True,"{""finite_edges"": true, ""instance_metadata"": {""complete"": true, ""instance_type"": ""euclidean"", ""n"": 7, ""points"": [[511.82162470025673, 950.4636963259353], [144.15961271963374, 948.6494471372439], [311.83145201048546, 423.32644897257563], [827.7025938204417, 409.1991363691613], [549.5936876730595, 27.559113243068367], [753.5131086748066, 538.1433132192782], [329.73171649909216, 788.4287034284043]], ""scale"": 1000.0, ""seed"": 1, ""symmetric"": true}, ""valid_route"": true}"
small_exact,small_exact_euclidean_n7_seed1,euclidean,7,1,python_tsp_dynamic_programming,skipped_missing_dependency,,,2538.9933653413536,nan,,,0.00042329999996582046,251.75,251.75,0.0,,,,2538.9933653413536,nan,True,"{""instance_metadata"": {""complete"": true, ""instance_type"": ""euclidean"", ""n"": 7, ""points"": [[511.82162470025673, 950.4636963259353], [144.15961271963374, 948.6494471372439], [311.83145201048546, 423.32644897257563], [827.7025938204417, 409.1991363691613], [549.5936876730595, 27.559113243068367], [753.5131086748066, 538.1433132192782], [329.73171649909216, 788.4287034284043]], ""scale"": 1000.0, ""seed"": 1, ""symmetric"": true}}"
small_exact,small_exact_random_symmetric_n7_seed1,random_symmetric,7,1,tn_exact,ok,"[6, 3, 5, 1, 2, 0, 4]",238.71254465605827,238.71254465605827,0.0,True,True,0.022643600000264996,251.75,251.75,0.0,28.0,,,238.71254465605827,0.0,True,"{""finite_edges"": true, ""instance_metadata"": {""complete"": true, ""high"": 100.0, ""instance_type"": ""random_symmetric"", ""low"": 1.0, ""n"": 7, ""seed"": 1, ""symmetric"": true}, ""n_layers"": null, ""normalization_factor"": 80.48032078605031, ""normalize"": true, ""seed"": 0, ""tau"": 28.0, ""valid_route"": true}"
small_exact,small_exact_random_symmetric_n7_seed1,random_symmetric,7,1,held_karp,ok,"[6, 3, 5, 1, 2, 0, 4]",238.71254465605827,238.71254465605827,0.0,True,True,0.00017119999984060996,251.75,251.75,0.0,,,,238.71254465605827,0.0,True,"{""instance_metadata"": {""complete"": true, ""high"": 100.0, ""instance_type"": ""random_symmetric"", ""low"": 1.0, ""n"": 7, ""seed"": 1, ""symmetric"": true}, ""max_n"": 18, ""start"": 6}"
small_exact,small_exact_random_symmetric_n7_seed1,random_symmetric,7,1,bruteforce,ok,"[6, 3, 5, 1, 2, 0, 4]",238.71254465605827,238.71254465605827,0.0,True,True,0.0018312000001969864,251.75,251.75,0.0,,,,238.71254465605827,0.0,True,"{""instance_metadata"": {""complete"": true, ""high"": 100.0, ""instance_type"": ""random_symmetric"", ""low"": 1.0, ""n"": 7, ""seed"": 1, ""symmetric"": true}, ""max_n"": 10, ""permutations_checked"": 720, ""start"": 6}"
small_exact,small_exact_random_symmetric_n7_seed1,random_symmetric,7,1,ortools,ok,"[6, 3, 5, 1, 2, 0, 4]",238.71254465605827,238.71254465605827,0.0,True,True,0.0009265999997296603,251.75,251.75,0.0,,,5.0,238.71254465605827,0.0,True,"{""finite_edges"": true, ""infinity_penalty"": 563362247000, ""instance_metadata"": {""complete"": true, ""high"": 100.0, ""instance_type"": ""random_symmetric"", ""low"": 1.0, ""n"": 7, ""seed"": 1, ""symmetric"": true}, ""integer_scale"": 1000000, ""start"": 6, ""time_limit_s"": 5.0, ""valid_route"": true}"
small_exact,small_exact_random_symmetric_n7_seed1,random_symmetric,7,1,networkx_christofides,skipped_not_applicable,,,238.71254465605827,nan,,,6.029999985912582e-05,251.75,251.75,0.0,,,,238.71254465605827,nan,True,"{""instance_metadata"": {""complete"": true, ""high"": 100.0, ""instance_type"": ""random_symmetric"", ""low"": 1.0, ""n"": 7, ""seed"": 1, ""symmetric"": true}, ""requires_metric_symmetric_complete"": true}"
small_exact,small_exact_random_symmetric_n7_seed1,random_symmetric,7,1,networkx_greedy,ok,"[6, 3, 4, 0, 2, 1, 5]",254.64479659205728,238.71254465605827,0.06674241590007139,True,True,9.679999993750243e-05,251.75,251.75390625,0.00390625,,,,238.71254465605827,0.06674241590007139,True,"{""finite_edges"": true, ""instance_metadata"": {""complete"": true, ""high"": 100.0, ""instance_type"": ""random_symmetric"", ""low"": 1.0, ""n"": 7, ""seed"": 1, ""symmetric"": true}, ""valid_route"": true}"
small_exact,small_exact_random_symmetric_n7_seed1,random_symmetric,7,1,python_tsp_dynamic_programming,skipped_missing_dependency,,,238.71254465605827,nan,,,0.0004552000000330736,251.75390625,251.75390625,0.0,,,,238.71254465605827,nan,True,"{""instance_metadata"": {""complete"": true, ""high"": 100.0, ""instance_type"": ""random_symmetric"", ""low"": 1.0, ""n"": 7, ""seed"": 1, ""symmetric"": true}}"
small_exact,small_exact_random_asymmetric_n7_seed1,random_asymmetric,7,1,tn_exact,ok,"[6, 1, 2, 0, 5, 4, 3]",152.45913925614238,152.45913925614238,0.0,True,True,0.019391599999835307,251.75390625,251.8046875,0.05078125,28.0,,,152.45913925614238,0.0,True,"{""finite_edges"": true, ""instance_metadata"": {""complete"": true, ""high"": 100.0, ""instance_type"": ""random_asymmetric"", ""low"": 1.0, ""n"": 7, ""seed"": 1, ""symmetric"": false}, ""n_layers"": null, ""normalization_factor"": 98.09298278032263, ""normalize"": true, ""seed"": 0, ""tau"": 28.0, ""valid_route"": true}"
small_exact,small_exact_random_asymmetric_n7_seed1,random_asymmetric,7,1,held_karp,ok,"[6, 1, 2, 0, 5, 4, 3]",152.45913925614238,152.45913925614238,0.0,True,True,0.00018369999997958075,251.8046875,251.8046875,0.0,,,,152.45913925614238,0.0,True,"{""instance_metadata"": {""complete"": true, ""high"": 100.0, ""instance_type"": ""random_asymmetric"", ""low"": 1.0, ""n"": 7, ""seed"": 1, ""symmetric"": false}, ""max_n"": 18, ""start"": 6}"
small_exact,small_exact_random_asymmetric_n7_seed1,random_asymmetric,7,1,bruteforce,ok,"[6, 1, 2, 0, 5, 4, 3]",152.45913925614238,152.45913925614238,0.0,True,True,0.0019017999998141022,251.8046875,251.8046875,0.0,,,,152.45913925614238,0.0,True,"{""instance_metadata"": {""complete"": true, ""high"": 100.0, ""instance_type"": ""random_asymmetric"", ""low"": 1.0, ""n"": 7, ""seed"": 1, ""symmetric"": false}, ""max_n"": 10, ""permutations_checked"": 720, ""start"": 6}"
small_exact,small_exact_random_asymmetric_n7_seed1,random_asymmetric,7,1,ortools,ok,"[6, 1, 2, 0, 5, 4, 3]",152.45913925614238,152.45913925614238,0.0,True,True,0.000966699999935372,251.8046875,251.8046875,0.0,,,5.0,152.45913925614238,0.0,True,"{""finite_edges"": true, ""infinity_penalty"": 686650881000, ""instance_metadata"": {""complete"": true, ""high"": 100.0, ""instance_type"": ""random_asymmetric"", ""low"": 1.0, ""n"": 7, ""seed"": 1, ""symmetric"": false}, ""integer_scale"": 1000000, ""start"": 6, ""time_limit_s"": 5.0, ""valid_route"": true}"
small_exact,small_exact_random_asymmetric_n7_seed1,random_asymmetric,7,1,networkx_christofides,skipped_not_applicable,,,152.45913925614238,nan,,,5.620000001727021e-05,251.8046875,251.8046875,0.0,,,,152.45913925614238,nan,True,"{""instance_metadata"": {""complete"": true, ""high"": 100.0, ""instance_type"": ""random_asymmetric"", ""low"": 1.0, ""n"": 7, ""seed"": 1, ""symmetric"": false}, ""requires_metric_symmetric_complete"": true}"
small_exact,small_exact_random_asymmetric_n7_seed1,random_asymmetric,7,1,networkx_greedy,ok,"[6, 1, 2, 4, 3, 0, 5]",221.1712004970819,152.45913925614238,0.45069165139059525,True,True,0.00016400000004068715,251.8046875,251.8046875,0.0,,,,152.45913925614238,0.45069165139059525,True,"{""finite_edges"": true, ""instance_metadata"": {""complete"": true, ""high"": 100.0, ""instance_type"": ""random_asymmetric"", ""low"": 1.0, ""n"": 7, ""seed"": 1, ""symmetric"": false}, ""valid_route"": true}"
small_exact,small_exact_random_asymmetric_n7_seed1,random_asymmetric,7,1,python_tsp_dynamic_programming,skipped_missing_dependency,,,152.45913925614238,nan,,,0.00042829999983950984,251.8046875,251.8046875,0.0,,,,152.45913925614238,nan,True,"{""instance_metadata"": {""complete"": true, ""high"": 100.0, ""instance_type"": ""random_asymmetric"", ""low"": 1.0, ""n"": 7, ""seed"": 1, ""symmetric"": false}}"
small_exact,small_exact_euclidean_n7_seed2,euclidean,7,2,tn_exact,ok,"[6, 2, 1, 5, 3, 0, 4]",2265.6881653206246,2265.688165320624,2.0071047633428915e-16,True,True,0.01915050000025076,251.80859375,251.8125,0.00390625,28.0,,,2265.688165320624,2.0071047633428915e-16,True,"{""finite_edges"": true, ""instance_metadata"": {""complete"": true, ""instance_type"": ""euclidean"", ""n"": 7, ""points"": [[261.6121342493164, 298.4911434141233], [814.2257405942803, 91.91594213509691], [600.100525965654, 728.5605268117946], [187.90107336660344, 55.14662733306819], [274.9693679060381, 657.4330148755926], [562.265662780428, 150.06226330533613], [432.6307908047872, 669.2972985745203]], ""scale"": 1000.0, ""seed"": 2, ""symmetric"": true}, ""n_layers"": null, ""normalization_factor"": 789.553461606053, ""normalize"": true, ""seed"": 0, ""tau"": 28.0, ""valid_route"": true}"
small_exact,small_exact_euclidean_n7_seed2,euclidean,7,2,held_karp,ok,"[6, 4, 0, 3, 5, 1, 2]",2265.688165320624,2265.688165320624,0.0,True,True,0.00016969999978755368,251.8125,251.8125,0.0,,,,2265.688165320624,0.0,True,"{""instance_metadata"": {""complete"": true, ""instance_type"": ""euclidean"", ""n"": 7, ""points"": [[261.6121342493164, 298.4911434141233], [814.2257405942803, 91.91594213509691], [600.100525965654, 728.5605268117946], [187.90107336660344, 55.14662733306819], [274.9693679060381, 657.4330148755926], [562.265662780428, 150.06226330533613], [432.6307908047872, 669.2972985745203]], ""scale"": 1000.0, ""seed"": 2, ""symmetric"": true}, ""max_n"": 18, ""start"": 6}"
small_exact,small_exact_euclidean_n7_seed2,euclidean,7,2,bruteforce,ok,"[6, 4, 0, 3, 5, 1, 2]",2265.688165320624,2265.688165320624,0.0,True,True,0.0018344000000070082,251.8125,251.8125,0.0,,,,2265.688165320624,0.0,True,"{""instance_metadata"": {""complete"": true, ""instance_type"": ""euclidean"", ""n"": 7, ""points"": [[261.6121342493164, 298.4911434141233], [814.2257405942803, 91.91594213509691], [600.100525965654, 728.5605268117946], [187.90107336660344, 55.14662733306819], [274.9693679060381, 657.4330148755926], [562.265662780428, 150.06226330533613], [432.6307908047872, 669.2972985745203]], ""scale"": 1000.0, ""seed"": 2, ""symmetric"": true}, ""max_n"": 10, ""permutations_checked"": 720, ""start"": 6}"
small_exact,small_exact_euclidean_n7_seed2,euclidean,7,2,ortools,ok,"[6, 4, 0, 3, 5, 1, 2]",2265.688165320624,2265.688165320624,0.0,True,True,0.0010319999996681872,251.8125,252.0625,0.25,,,5.0,2265.688165320624,0.0,True,"{""finite_edges"": true, ""infinity_penalty"": 5526874234000, ""instance_metadata"": {""complete"": true, ""instance_type"": ""euclidean"", ""n"": 7, ""points"": [[261.6121342493164, 298.4911434141233], [814.2257405942803, 91.91594213509691], [600.100525965654, 728.5605268117946], [187.90107336660344, 55.14662733306819], [274.9693679060381, 657.4330148755926], [562.265662780428, 150.06226330533613], [432.6307908047872, 669.2972985745203]], ""scale"": 1000.0, ""seed"": 2, ""symmetric"": true}, ""integer_scale"": 1000000, ""start"": 6, ""time_limit_s"": 5.0, ""valid_route"": true}"
small_exact,small_exact_euclidean_n7_seed2,euclidean,7,2,networkx_christofides,ok,"[6, 2, 1, 5, 3, 0, 4]",2265.6881653206246,2265.688165320624,2.0071047633428915e-16,True,True,0.0008075999999164196,252.0625,252.08203125,0.01953125,,,,2265.688165320624,2.0071047633428915e-16,True,"{""finite_edges"": true, ""instance_metadata"": {""complete"": true, ""instance_type"": ""euclidean"", ""n"": 7, ""points"": [[261.6121342493164, 298.4911434141233], [814.2257405942803, 91.91594213509691], [600.100525965654, 728.5605268117946], [187.90107336660344, 55.14662733306819], [274.9693679060381, 657.4330148755926], [562.265662780428, 150.06226330533613], [432.6307908047872, 669.2972985745203]], ""scale"": 1000.0, ""seed"": 2, ""symmetric"": true}, ""requires_metric_symmetric_complete"": true, ""valid_route"": true}"
small_exact,small_exact_euclidean_n7_seed2,euclidean,7,2,networkx_greedy,ok,"[6, 1, 5, 3, 0, 2, 4]",2629.3666548007404,2265.688165320624,0.16051568571822902,True,True,9.730000010677031e-05,252.08203125,252.08203125,0.0,,,,2265.688165320624,0.16051568571822902,True,"{""finite_edges"": true, ""instance_metadata"": {""complete"": true, ""instance_type"": ""euclidean"", ""n"": 7, ""points"": [[261.6121342493164, 298.4911434141233], [814.2257405942803, 91.91594213509691], [600.100525965654, 728.5605268117946], [187.90107336660344, 55.14662733306819], [274.9693679060381, 657.4330148755926], [562.265662780428, 150.06226330533613], [432.6307908047872, 669.2972985745203]], ""scale"": 1000.0, ""seed"": 2, ""symmetric"": true}, ""valid_route"": true}"
small_exact,small_exact_euclidean_n7_seed2,euclidean,7,2,python_tsp_dynamic_programming,skipped_missing_dependency,,,2265.688165320624,nan,,,0.00040149999995264807,252.08203125,252.08203125,0.0,,,,2265.688165320624,nan,True,"{""instance_metadata"": {""complete"": true, ""instance_type"": ""euclidean"", ""n"": 7, ""points"": [[261.6121342493164, 298.4911434141233], [814.2257405942803, 91.91594213509691], [600.100525965654, 728.5605268117946], [187.90107336660344, 55.14662733306819], [274.9693679060381, 657.4330148755926], [562.265662780428, 150.06226330533613], [432.6307908047872, 669.2972985745203]], ""scale"": 1000.0, ""seed"": 2, ""symmetric"": true}}"
small_exact,small_exact_random_symmetric_n7_seed2,random_symmetric,7,2,tn_exact,ok,"[6, 5, 2, 4, 1, 0, 3]",227.1848319161639,227.1848319161639,0.0,True,True,0.01887010000018563,252.08203125,252.08203125,0.0,28.0,,,227.1848319161639,0.0,True,"{""finite_edges"": true, ""instance_metadata"": {""complete"": true, ""high"": 100.0, ""instance_type"": ""random_symmetric"", ""low"": 1.0, ""n"": 7, ""seed"": 2, ""symmetric"": true}, ""n_layers"": null, ""normalization_factor"": 90.52899522465833, ""normalize"": true, ""seed"": 0, ""tau"": 28.0, ""valid_route"": true}"
small_exact,small_exact_random_symmetric_n7_seed2,random_symmetric,7,2,held_karp,ok,"[6, 5, 2, 4, 1, 0, 3]",227.1848319161639,227.1848319161639,0.0,True,True,0.0002162000000680564,252.08203125,252.08203125,0.0,,,,227.1848319161639,0.0,True,"{""instance_metadata"": {""complete"": true, ""high"": 100.0, ""instance_type"": ""random_symmetric"", ""low"": 1.0, ""n"": 7, ""seed"": 2, ""symmetric"": true}, ""max_n"": 18, ""start"": 6}"
small_exact,small_exact_random_symmetric_n7_seed2,random_symmetric,7,2,bruteforce,ok,"[6, 3, 0, 1, 4, 2, 5]",227.1848319161639,227.1848319161639,0.0,True,True,0.001880900000287511,252.08203125,252.08203125,0.0,,,,227.1848319161639,0.0,True,"{""instance_metadata"": {""complete"": true, ""high"": 100.0, ""instance_type"": ""random_symmetric"", ""low"": 1.0, ""n"": 7, ""seed"": 2, ""symmetric"": true}, ""max_n"": 10, ""permutations_checked"": 720, ""start"": 6}"
small_exact,small_exact_random_symmetric_n7_seed2,random_symmetric,7,2,ortools,ok,"[6, 5, 2, 4, 1, 0, 3]",227.1848319161639,227.1848319161639,0.0,True,True,0.0008611000002929359,252.08203125,252.08984375,0.0078125,,,5.0,227.1848319161639,0.0,True,"{""finite_edges"": true, ""infinity_penalty"": 633702965000, ""instance_metadata"": {""complete"": true, ""high"": 100.0, ""instance_type"": ""random_symmetric"", ""low"": 1.0, ""n"": 7, ""seed"": 2, ""symmetric"": true}, ""integer_scale"": 1000000, ""start"": 6, ""time_limit_s"": 5.0, ""valid_route"": true}"
small_exact,small_exact_random_symmetric_n7_seed2,random_symmetric,7,2,networkx_christofides,skipped_not_applicable,,,227.1848319161639,nan,,,6.299999995462713e-05,252.08984375,252.08984375,0.0,,,,227.1848319161639,nan,True,"{""instance_metadata"": {""complete"": true, ""high"": 100.0, ""instance_type"": ""random_symmetric"", ""low"": 1.0, ""n"": 7, ""seed"": 2, ""symmetric"": true}, ""requires_metric_symmetric_complete"": true}"
small_exact,small_exact_random_symmetric_n7_seed2,random_symmetric,7,2,networkx_greedy,ok,"[6, 3, 0, 1, 4, 2, 5]",227.1848319161639,227.1848319161639,0.0,True,True,0.00010059999976874678,252.08984375,252.08984375,0.0,,,,227.1848319161639,0.0,True,"{""finite_edges"": true, ""instance_metadata"": {""complete"": true, ""high"": 100.0, ""instance_type"": ""random_symmetric"", ""low"": 1.0, ""n"": 7, ""seed"": 2, ""symmetric"": true}, ""valid_route"": true}"
small_exact,small_exact_random_symmetric_n7_seed2,random_symmetric,7,2,python_tsp_dynamic_programming,skipped_missing_dependency,,,227.1848319161639,nan,,,0.0004554000001917302,252.08984375,252.08984375,0.0,,,,227.1848319161639,nan,True,"{""instance_metadata"": {""complete"": true, ""high"": 100.0, ""instance_type"": ""random_symmetric"", ""low"": 1.0, ""n"": 7, ""seed"": 2, ""symmetric"": true}}"
small_exact,small_exact_random_asymmetric_n7_seed2,random_asymmetric,7,2,tn_exact,ok,"[6, 5, 4, 1, 0, 3, 2]",207.7264890192432,207.7264890192432,0.0,True,True,0.01954310000019177,252.08984375,252.15234375,0.0625,28.0,,,207.7264890192432,0.0,True,"{""finite_edges"": true, ""instance_metadata"": {""complete"": true, ""high"": 100.0, ""instance_type"": ""random_asymmetric"", ""low"": 1.0, ""n"": 7, ""seed"": 2, ""symmetric"": false}, ""n_layers"": null, ""normalization_factor"": 92.49747275417559, ""normalize"": true, ""seed"": 0, ""tau"": 28.0, ""valid_route"": true}"
small_exact,small_exact_random_asymmetric_n7_seed2,random_asymmetric,7,2,held_karp,ok,"[6, 5, 4, 1, 0, 3, 2]",207.7264890192432,207.7264890192432,0.0,True,True,0.00017049999996743281,252.15234375,252.15234375,0.0,,,,207.7264890192432,0.0,True,"{""instance_metadata"": {""complete"": true, ""high"": 100.0, ""instance_type"": ""random_asymmetric"", ""low"": 1.0, ""n"": 7, ""seed"": 2, ""symmetric"": false}, ""max_n"": 18, ""start"": 6}"
small_exact,small_exact_random_asymmetric_n7_seed2,random_asymmetric,7,2,bruteforce,ok,"[6, 5, 4, 1, 0, 3, 2]",207.7264890192432,207.7264890192432,0.0,True,True,0.0019394999999349238,252.15234375,252.15234375,0.0,,,,207.7264890192432,0.0,True,"{""instance_metadata"": {""complete"": true, ""high"": 100.0, ""instance_type"": ""random_asymmetric"", ""low"": 1.0, ""n"": 7, ""seed"": 2, ""symmetric"": false}, ""max_n"": 10, ""permutations_checked"": 720, ""start"": 6}"
small_exact,small_exact_random_asymmetric_n7_seed2,random_asymmetric,7,2,ortools,ok,"[6, 5, 4, 1, 0, 3, 2]",207.7264890192432,207.7264890192432,0.0,True,True,0.0009274999997614941,252.15234375,252.15234375,0.0,,,5.0,207.7264890192432,0.0,True,"{""finite_edges"": true, ""infinity_penalty"": 647482311000, ""instance_metadata"": {""complete"": true, ""high"": 100.0, ""instance_type"": ""random_asymmetric"", ""low"": 1.0, ""n"": 7, ""seed"": 2, ""symmetric"": false}, ""integer_scale"": 1000000, ""start"": 6, ""time_limit_s"": 5.0, ""valid_route"": true}"
small_exact,small_exact_random_asymmetric_n7_seed2,random_asymmetric,7,2,networkx_christofides,skipped_not_applicable,,,207.7264890192432,nan,,,5.219999957262189e-05,252.15234375,252.15234375,0.0,,,,207.7264890192432,nan,True,"{""instance_metadata"": {""complete"": true, ""high"": 100.0, ""instance_type"": ""random_asymmetric"", ""low"": 1.0, ""n"": 7, ""seed"": 2, ""symmetric"": false}, ""requires_metric_symmetric_complete"": true}"
small_exact,small_exact_random_asymmetric_n7_seed2,random_asymmetric,7,2,networkx_greedy,ok,"[6, 5, 0, 3, 2, 4, 1]",269.9154249755927,207.7264890192432,0.29937893934455573,True,True,0.00015749999965919415,252.15234375,252.15625,0.00390625,,,,207.7264890192432,0.29937893934455573,True,"{""finite_edges"": true, ""instance_metadata"": {""complete"": true, ""high"": 100.0, ""instance_type"": ""random_asymmetric"", ""low"": 1.0, ""n"": 7, ""seed"": 2, ""symmetric"": false}, ""valid_route"": true}"
small_exact,small_exact_random_asymmetric_n7_seed2,random_asymmetric,7,2,python_tsp_dynamic_programming,skipped_missing_dependency,,,207.7264890192432,nan,,,0.0003904000000147789,252.15625,252.15625,0.0,,,,207.7264890192432,nan,True,"{""instance_metadata"": {""complete"": true, ""high"": 100.0, ""instance_type"": ""random_asymmetric"", ""low"": 1.0, ""n"": 7, ""seed"": 2, ""symmetric"": false}}"
small_exact,small_exact_euclidean_n7_seed3,euclidean,7,3,tn_exact,ok,"[6, 5, 2, 0, 3, 4, 1]",2089.9331152272557,2089.9331152272557,0.0,True,True,0.019482499999867287,252.15625,252.16015625,0.00390625,28.0,,,2089.9331152272557,0.0,True,"{""finite_edges"": true, ""instance_metadata"": {""complete"": true, ""instance_type"": ""euclidean"", ""n"": 7, ""points"": [[85.64916714362437, 236.8105065960997], [801.2744652063969, 582.1620360643678], [94.12864224039919, 433.1269402364738], [479.05129814083404, 159.73891463707858], [734.5771514092145, 113.6720199214034], [391.22819049566203, 516.7401826213637], [430.6280204141778, 586.7985714381407]], ""scale"": 1000.0, ""seed"": 3, ""symmetric"": true}, ""n_layers"": null, ""normalization_factor"": 794.5987957035325, ""normalize"": true, ""seed"": 0, ""tau"": 28.0, ""valid_route"": true}"
small_exact,small_exact_euclidean_n7_seed3,euclidean,7,3,held_karp,ok,"[6, 5, 2, 0, 3, 4, 1]",2089.9331152272557,2089.9331152272557,0.0,True,True,0.00017350000007354538,252.16015625,252.1640625,0.00390625,,,,2089.9331152272557,0.0,True,"{""instance_metadata"": {""complete"": true, ""instance_type"": ""euclidean"", ""n"": 7, ""points"": [[85.64916714362437, 236.8105065960997], [801.2744652063969, 582.1620360643678], [94.12864224039919, 433.1269402364738], [479.05129814083404, 159.73891463707858], [734.5771514092145, 113.6720199214034], [391.22819049566203, 516.7401826213637], [430.6280204141778, 586.7985714381407]], ""scale"": 1000.0, ""seed"": 3, ""symmetric"": true}, ""max_n"": 18, ""start"": 6}"
small_exact,small_exact_euclidean_n7_seed3,euclidean,7,3,bruteforce,ok,"[6, 1, 4, 3, 0, 2, 5]",2089.9331152272557,2089.9331152272557,0.0,True,True,0.001954599999862694,252.1640625,252.1640625,0.0,,,,2089.9331152272557,0.0,True,"{""instance_metadata"": {""complete"": true, ""instance_type"": ""euclidean"", ""n"": 7, ""points"": [[85.64916714362437, 236.8105065960997], [801.2744652063969, 582.1620360643678], [94.12864224039919, 433.1269402364738], [479.05129814083404, 159.73891463707858], [734.5771514092145, 113.6720199214034], [391.22819049566203, 516.7401826213637], [430.6280204141778, 586.7985714381407]], ""scale"": 1000.0, ""seed"": 3, ""symmetric"": true}, ""max_n"": 10, ""permutations_checked"": 720, ""start"": 6}"
small_exact,small_exact_euclidean_n7_seed3,euclidean,7,3,ortools,ok,"[6, 5, 2, 0, 3, 4, 1]",2089.9331152272557,2089.9331152272557,0.0,True,True,0.0008446000001640641,252.1640625,252.1640625,0.0,,,5.0,2089.9331152272557,0.0,True,"{""finite_edges"": true, ""infinity_penalty"": 5562191572000, ""instance_metadata"": {""complete"": true, ""instance_type"": ""euclidean"", ""n"": 7, ""points"": [[85.64916714362437, 236.8105065960997], [801.2744652063969, 582.1620360643678], [94.12864224039919, 433.1269402364738], [479.05129814083404, 159.73891463707858], [734.5771514092145, 113.6720199214034], [391.22819049566203, 516.7401826213637], [430.6280204141778, 586.7985714381407]], ""scale"": 1000.0, ""seed"": 3, ""symmetric"": true}, ""integer_scale"": 1000000, ""start"": 6, ""time_limit_s"": 5.0, ""valid_route"": true}"
small_exact,small_exact_euclidean_n7_seed3,euclidean,7,3,networkx_christofides,ok,"[6, 1, 4, 3, 5, 0, 2]",2452.0213205068626,2089.9331152272557,0.17325348961717085,True,True,0.0005347999999685271,252.1640625,252.1796875,0.015625,,,,2089.9331152272557,0.17325348961717085,True,"{""finite_edges"": true, ""instance_metadata"": {""complete"": true, ""instance_type"": ""euclidean"", ""n"": 7, ""points"": [[85.64916714362437, 236.8105065960997], [801.2744652063969, 582.1620360643678], [94.12864224039919, 433.1269402364738], [479.05129814083404, 159.73891463707858], [734.5771514092145, 113.6720199214034], [391.22819049566203, 516.7401826213637], [430.6280204141778, 586.7985714381407]], ""scale"": 1000.0, ""seed"": 3, ""symmetric"": true}, ""requires_metric_symmetric_complete"": true, ""valid_route"": true}"
small_exact,small_exact_euclidean_n7_seed3,euclidean,7,3,networkx_greedy,ok,"[6, 1, 4, 3, 0, 2, 5]",2089.9331152272557,2089.9331152272557,0.0,True,True,9.760000011738157e-05,252.1796875,252.18359375,0.00390625,,,,2089.9331152272557,0.0,True,"{""finite_edges"": true, ""instance_metadata"": {""complete"": true, ""instance_type"": ""euclidean"", ""n"": 7, ""points"": [[85.64916714362437, 236.8105065960997], [801.2744652063969, 582.1620360643678], [94.12864224039919, 433.1269402364738], [479.05129814083404, 159.73891463707858], [734.5771514092145, 113.6720199214034], [391.22819049566203, 516.7401826213637], [430.6280204141778, 586.7985714381407]], ""scale"": 1000.0, ""seed"": 3, ""symmetric"": true}, ""valid_route"": true}"
small_exact,small_exact_euclidean_n7_seed3,euclidean,7,3,python_tsp_dynamic_programming,skipped_missing_dependency,,,2089.9331152272557,nan,,,0.00039879999985714676,252.18359375,252.18359375,0.0,,,,2089.9331152272557,nan,True,"{""instance_metadata"": {""complete"": true, ""instance_type"": ""euclidean"", ""n"": 7, ""points"": [[85.64916714362437, 236.8105065960997], [801.2744652063969, 582.1620360643678], [94.12864224039919, 433.1269402364738], [479.05129814083404, 159.73891463707858], [734.5771514092145, 113.6720199214034], [391.22819049566203, 516.7401826213637], [430.6280204141778, 586.7985714381407]], ""scale"": 1000.0, ""seed"": 3, ""symmetric"": true}}"
small_exact,small_exact_random_symmetric_n7_seed3,random_symmetric,7,3,tn_exact,ok,"[6, 2, 3, 4, 0, 1, 5]",208.88075868331993,208.88075868331993,0.0,True,True,0.01963019999993776,252.18359375,252.18359375,0.0,28.0,,,208.88075868331993,0.0,True,"{""finite_edges"": true, ""instance_metadata"": {""complete"": true, ""high"": 100.0, ""instance_type"": ""random_symmetric"", ""low"": 1.0, ""n"": 7, ""seed"": 3, ""symmetric"": true}, ""n_layers"": null, ""normalization_factor"": 78.00330438612363, ""normalize"": true, ""seed"": 0, ""tau"": 28.0, ""valid_route"": true}"
small_exact,small_exact_random_symmetric_n7_seed3,random_symmetric,7,3,held_karp,ok,"[6, 5, 1, 0, 4, 3, 2]",208.88075868331993,208.88075868331993,0.0,True,True,0.00017230000003110035,252.18359375,252.18359375,0.0,,,,208.88075868331993,0.0,True,"{""instance_metadata"": {""complete"": true, ""high"": 100.0, ""instance_type"": ""random_symmetric"", ""low"": 1.0, ""n"": 7, ""seed"": 3, ""symmetric"": true}, ""max_n"": 18, ""start"": 6}"
small_exact,small_exact_random_symmetric_n7_seed3,random_symmetric,7,3,bruteforce,ok,"[6, 2, 3, 4, 0, 1, 5]",208.88075868331993,208.88075868331993,0.0,True,True,0.0018673999998100044,252.18359375,252.18359375,0.0,,,,208.88075868331993,0.0,True,"{""instance_metadata"": {""complete"": true, ""high"": 100.0, ""instance_type"": ""random_symmetric"", ""low"": 1.0, ""n"": 7, ""seed"": 3, ""symmetric"": true}, ""max_n"": 10, ""permutations_checked"": 720, ""start"": 6}"
small_exact,small_exact_random_symmetric_n7_seed3,random_symmetric,7,3,ortools,ok,"[6, 2, 3, 4, 0, 1, 5]",208.88075868331993,208.88075868331993,0.0,True,True,0.0009269999995922262,252.18359375,252.18359375,0.0,,,5.0,208.88075868331993,0.0,True,"{""finite_edges"": true, ""infinity_penalty"": 546023128000, ""instance_metadata"": {""complete"": true, ""high"": 100.0, ""instance_type"": ""random_symmetric"", ""low"": 1.0, ""n"": 7, ""seed"": 3, ""symmetric"": true}, ""integer_scale"": 1000000, ""start"": 6, ""time_limit_s"": 5.0, ""valid_route"": true}"
small_exact,small_exact_random_symmetric_n7_seed3,random_symmetric,7,3,networkx_christofides,skipped_not_applicable,,,208.88075868331993,nan,,,5.9500000133994035e-05,252.18359375,252.18359375,0.0,,,,208.88075868331993,nan,True,"{""instance_metadata"": {""complete"": true, ""high"": 100.0, ""instance_type"": ""random_symmetric"", ""low"": 1.0, ""n"": 7, ""seed"": 3, ""symmetric"": true}, ""requires_metric_symmetric_complete"": true}"
small_exact,small_exact_random_symmetric_n7_seed3,random_symmetric,7,3,networkx_greedy,ok,"[6, 2, 3, 4, 0, 1, 5]",208.88075868331993,208.88075868331993,0.0,True,True,8.619999971415382e-05,252.18359375,252.18359375,0.0,,,,208.88075868331993,0.0,True,"{""finite_edges"": true, ""instance_metadata"": {""complete"": true, ""high"": 100.0, ""instance_type"": ""random_symmetric"", ""low"": 1.0, ""n"": 7, ""seed"": 3, ""symmetric"": true}, ""valid_route"": true}"
small_exact,small_exact_random_symmetric_n7_seed3,random_symmetric,7,3,python_tsp_dynamic_programming,skipped_missing_dependency,,,208.88075868331993,nan,,,0.00041260000034526456,252.18359375,252.18359375,0.0,,,,208.88075868331993,nan,True,"{""instance_metadata"": {""complete"": true, ""high"": 100.0, ""instance_type"": ""random_symmetric"", ""low"": 1.0, ""n"": 7, ""seed"": 3, ""symmetric"": true}}"
small_exact,small_exact_random_asymmetric_n7_seed3,random_asymmetric,7,3,tn_exact,ok,"[6, 5, 1, 0, 4, 3, 2]",112.00725748193636,112.00725748193636,0.0,True,True,0.01908819999971456,252.18359375,252.28515625,0.1015625,28.0,,,112.00725748193636,0.0,True,"{""finite_edges"": true, ""instance_metadata"": {""complete"": true, ""high"": 100.0, ""instance_type"": ""random_asymmetric"", ""low"": 1.0, ""n"": 7, ""seed"": 3, ""symmetric"": false}, ""n_layers"": null, ""normalization_factor"": 97.37256720187486, ""normalize"": true, ""seed"": 0, ""tau"": 28.0, ""valid_route"": true}"
small_exact,small_exact_random_asymmetric_n7_seed3,random_asymmetric,7,3,held_karp,ok,"[6, 5, 1, 0, 4, 3, 2]",112.00725748193636,112.00725748193636,0.0,True,True,0.00017109999998865533,252.28515625,252.28515625,0.0,,,,112.00725748193636,0.0,True,"{""instance_metadata"": {""complete"": true, ""high"": 100.0, ""instance_type"": ""random_asymmetric"", ""low"": 1.0, ""n"": 7, ""seed"": 3, ""symmetric"": false}, ""max_n"": 18, ""start"": 6}"
small_exact,small_exact_random_asymmetric_n7_seed3,random_asymmetric,7,3,bruteforce,ok,"[6, 5, 1, 0, 4, 3, 2]",112.00725748193636,112.00725748193636,0.0,True,True,0.0018251000001328066,252.28515625,252.28515625,0.0,,,,112.00725748193636,0.0,True,"{""instance_metadata"": {""complete"": true, ""high"": 100.0, ""instance_type"": ""random_asymmetric"", ""low"": 1.0, ""n"": 7, ""seed"": 3, ""symmetric"": false}, ""max_n"": 10, ""permutations_checked"": 720, ""start"": 6}"
small_exact,small_exact_random_asymmetric_n7_seed3,random_asymmetric,7,3,ortools,ok,"[6, 5, 1, 0, 4, 3, 2]",112.00725748193636,112.00725748193636,0.0,True,True,0.0009081999996851664,252.28515625,252.29296875,0.0078125,,,5.0,112.00725748193636,0.0,True,"{""finite_edges"": true, ""infinity_penalty"": 681607969000, ""instance_metadata"": {""complete"": true, ""high"": 100.0, ""instance_type"": ""random_asymmetric"", ""low"": 1.0, ""n"": 7, ""seed"": 3, ""symmetric"": false}, ""integer_scale"": 1000000, ""start"": 6, ""time_limit_s"": 5.0, ""valid_route"": true}"
small_exact,small_exact_random_asymmetric_n7_seed3,random_asymmetric,7,3,networkx_christofides,skipped_not_applicable,,,112.00725748193636,nan,,,5.229999987932388e-05,252.29296875,252.29296875,0.0,,,,112.00725748193636,nan,True,"{""instance_metadata"": {""complete"": true, ""high"": 100.0, ""instance_type"": ""random_asymmetric"", ""low"": 1.0, ""n"": 7, ""seed"": 3, ""symmetric"": false}, ""requires_metric_symmetric_complete"": true}"
small_exact,small_exact_random_asymmetric_n7_seed3,random_asymmetric,7,3,networkx_greedy,ok,"[6, 5, 4, 0, 1, 2, 3]",217.24512164254998,112.00725748193636,0.9395629044625571,True,True,0.00014779999992242665,252.29296875,252.296875,0.00390625,,,,112.00725748193636,0.9395629044625571,True,"{""finite_edges"": true, ""instance_metadata"": {""complete"": true, ""high"": 100.0, ""instance_type"": ""random_asymmetric"", ""low"": 1.0, ""n"": 7, ""seed"": 3, ""symmetric"": false}, ""valid_route"": true}"
small_exact,small_exact_random_asymmetric_n7_seed3,random_asymmetric,7,3,python_tsp_dynamic_programming,skipped_missing_dependency,,,112.00725748193636,nan,,,0.0004086999997525709,252.296875,252.296875,0.0,,,,112.00725748193636,nan,True,"{""instance_metadata"": {""complete"": true, ""high"": 100.0, ""instance_type"": ""random_asymmetric"", ""low"": 1.0, ""n"": 7, ""seed"": 3, ""symmetric"": false}}"
small_exact,small_exact_euclidean_n7_seed4,euclidean,7,4,tn_exact,ok,"[6, 2, 3, 1, 5, 0, 4]",1966.67153712534,1966.67153712534,0.0,True,True,0.018625599999722908,252.296875,252.296875,0.0,28.0,,,1966.67153712534,0.0,True,"{""finite_edges"": true, ""instance_metadata"": {""complete"": true, ""instance_type"": ""euclidean"", ""n"": 7, ""points"": [[943.0561055723676, 511.3275528143616], [976.2437057077042, 80.83602389560218], [607.3558319950296, 376.48658437727255], [801.9012069858072, 174.52781614402846], [871.6352741876564, 543.9414007634982], [902.2150797159884, 477.1535238392063], [430.4962777294131, 788.9467175443294]], ""scale"": 1000.0, ""seed"": 4, ""symmetric"": true}, ""n_layers"": null, ""normalization_factor"": 894.0139873651874, ""normalize"": true, ""seed"": 0, ""tau"": 28.0, ""valid_route"": true}"
small_exact,small_exact_euclidean_n7_seed4,euclidean,7,4,held_karp,ok,"[6, 4, 0, 5, 1, 3, 2]",1966.67153712534,1966.67153712534,0.0,True,True,0.000183999999990192,252.296875,252.296875,0.0,,,,1966.67153712534,0.0,True,"{""instance_metadata"": {""complete"": true, ""instance_type"": ""euclidean"", ""n"": 7, ""points"": [[943.0561055723676, 511.3275528143616], [976.2437057077042, 80.83602389560218], [607.3558319950296, 376.48658437727255], [801.9012069858072, 174.52781614402846], [871.6352741876564, 543.9414007634982], [902.2150797159884, 477.1535238392063], [430.4962777294131, 788.9467175443294]], ""scale"": 1000.0, ""seed"": 4, ""symmetric"": true}, ""max_n"": 18, ""start"": 6}"
small_exact,small_exact_euclidean_n7_seed4,euclidean,7,4,bruteforce,ok,"[6, 2, 3, 1, 5, 0, 4]",1966.67153712534,1966.67153712534,0.0,True,True,0.0021246000001156062,252.296875,252.296875,0.0,,,,1966.67153712534,0.0,True,"{""instance_metadata"": {""complete"": true, ""instance_type"": ""euclidean"", ""n"": 7, ""points"": [[943.0561055723676, 511.3275528143616], [976.2437057077042, 80.83602389560218], [607.3558319950296, 376.48658437727255], [801.9012069858072, 174.52781614402846], [871.6352741876564, 543.9414007634982], [902.2150797159884, 477.1535238392063], [430.4962777294131, 788.9467175443294]], ""scale"": 1000.0, ""seed"": 4, ""symmetric"": true}, ""max_n"": 10, ""permutations_checked"": 720, ""start"": 6}"
small_exact,small_exact_euclidean_n7_seed4,euclidean,7,4,ortools,ok,"[6, 2, 3, 1, 5, 0, 4]",1966.67153712534,1966.67153712534,0.0,True,True,0.0009984999996959232,252.296875,252.296875,0.0,,,5.0,1966.67153712534,0.0,True,"{""finite_edges"": true, ""infinity_penalty"": 6258097909000, ""instance_metadata"": {""complete"": true, ""instance_type"": ""euclidean"", ""n"": 7, ""points"": [[943.0561055723676, 511.3275528143616], [976.2437057077042, 80.83602389560218], [607.3558319950296, 376.48658437727255], [801.9012069858072, 174.52781614402846], [871.6352741876564, 543.9414007634982], [902.2150797159884, 477.1535238392063], [430.4962777294131, 788.9467175443294]], ""scale"": 1000.0, ""seed"": 4, ""symmetric"": true}, ""integer_scale"": 1000000, ""start"": 6, ""time_limit_s"": 5.0, ""valid_route"": true}"
small_exact,small_exact_euclidean_n7_seed4,euclidean,7,4,networkx_christofides,ok,"[6, 0, 4, 5, 1, 3, 2]",2065.1796398581832,1966.67153712534,0.050088741751371166,True,True,0.0006495999996332102,252.296875,252.3046875,0.0078125,,,,1966.67153712534,0.050088741751371166,True,"{""finite_edges"": true, ""instance_metadata"": {""complete"": true, ""instance_type"": ""euclidean"", ""n"": 7, ""points"": [[943.0561055723676, 511.3275528143616], [976.2437057077042, 80.83602389560218], [607.3558319950296, 376.48658437727255], [801.9012069858072, 174.52781614402846], [871.6352741876564, 543.9414007634982], [902.2150797159884, 477.1535238392063], [430.4962777294131, 788.9467175443294]], ""scale"": 1000.0, ""seed"": 4, ""symmetric"": true}, ""requires_metric_symmetric_complete"": true, ""valid_route"": true}"
small_exact,small_exact_euclidean_n7_seed4,euclidean,7,4,networkx_greedy,ok,"[6, 2, 3, 1, 5, 0, 4]",1966.67153712534,1966.67153712534,0.0,True,True,9.580000005371403e-05,252.3046875,252.3046875,0.0,,,,1966.67153712534,0.0,True,"{""finite_edges"": true, ""instance_metadata"": {""complete"": true, ""instance_type"": ""euclidean"", ""n"": 7, ""points"": [[943.0561055723676, 511.3275528143616], [976.2437057077042, 80.83602389560218], [607.3558319950296, 376.48658437727255], [801.9012069858072, 174.52781614402846], [871.6352741876564, 543.9414007634982], [902.2150797159884, 477.1535238392063], [430.4962777294131, 788.9467175443294]], ""scale"": 1000.0, ""seed"": 4, ""symmetric"": true}, ""valid_route"": true}"
small_exact,small_exact_euclidean_n7_seed4,euclidean,7,4,python_tsp_dynamic_programming,skipped_missing_dependency,,,1966.67153712534,nan,,,0.00044239999988349155,252.3046875,252.3046875,0.0,,,,1966.67153712534,nan,True,"{""instance_metadata"": {""complete"": true, ""instance_type"": ""euclidean"", ""n"": 7, ""points"": [[943.0561055723676, 511.3275528143616], [976.2437057077042, 80.83602389560218], [607.3558319950296, 376.48658437727255], [801.9012069858072, 174.52781614402846], [871.6352741876564, 543.9414007634982], [902.2150797159884, 477.1535238392063], [430.4962777294131, 788.9467175443294]], ""scale"": 1000.0, ""seed"": 4, ""symmetric"": true}}"
small_exact,small_exact_random_symmetric_n7_seed4,random_symmetric,7,4,tn_exact,ok,"[6, 4, 2, 3, 5, 1, 0]",295.50671697298117,295.5067169729811,1.923591431121525e-16,True,True,0.019661299999825133,252.3046875,252.3359375,0.03125,28.0,,,295.5067169729811,1.923591431121525e-16,True,"{""finite_edges"": true, ""instance_metadata"": {""complete"": true, ""high"": 100.0, ""instance_type"": ""random_symmetric"", ""low"": 1.0, ""n"": 7, ""seed"": 4, ""symmetric"": true}, ""n_layers"": null, ""normalization_factor"": 98.03963692912185, ""normalize"": true, ""seed"": 0, ""tau"": 28.0, ""valid_route"": true}"
small_exact,small_exact_random_symmetric_n7_seed4,random_symmetric,7,4,held_karp,ok,"[6, 0, 1, 5, 3, 2, 4]",295.5067169729811,295.5067169729811,0.0,True,True,0.0001739999997880659,252.3359375,252.3359375,0.0,,,,295.5067169729811,0.0,True,"{""instance_metadata"": {""complete"": true, ""high"": 100.0, ""instance_type"": ""random_symmetric"", ""low"": 1.0, ""n"": 7, ""seed"": 4, ""symmetric"": true}, ""max_n"": 18, ""start"": 6}"
small_exact,small_exact_random_symmetric_n7_seed4,random_symmetric,7,4,bruteforce,ok,"[6, 0, 1, 5, 3, 2, 4]",295.5067169729811,295.5067169729811,0.0,True,True,0.0019008999997822684,252.3359375,252.3359375,0.0,,,,295.5067169729811,0.0,True,"{""instance_metadata"": {""complete"": true, ""high"": 100.0, ""instance_type"": ""random_symmetric"", ""low"": 1.0, ""n"": 7, ""seed"": 4, ""symmetric"": true}, ""max_n"": 10, ""permutations_checked"": 720, ""start"": 6}"
small_exact,small_exact_random_symmetric_n7_seed4,random_symmetric,7,4,ortools,ok,"[6, 4, 2, 3, 5, 1, 0]",295.50671697298117,295.5067169729811,1.923591431121525e-16,True,True,0.0010369000001446693,252.3359375,252.34375,0.0078125,,,5.0,295.5067169729811,1.923591431121525e-16,True,"{""finite_edges"": true, ""infinity_penalty"": 686277459000, ""instance_metadata"": {""complete"": true, ""high"": 100.0, ""instance_type"": ""random_symmetric"", ""low"": 1.0, ""n"": 7, ""seed"": 4, ""symmetric"": true}, ""integer_scale"": 1000000, ""start"": 6, ""time_limit_s"": 5.0, ""valid_route"": true}"
small_exact,small_exact_random_symmetric_n7_seed4,random_symmetric,7,4,networkx_christofides,skipped_not_applicable,,,295.5067169729811,nan,,,6.359999997584964e-05,252.34375,252.34375,0.0,,,,295.5067169729811,nan,True,"{""instance_metadata"": {""complete"": true, ""high"": 100.0, ""instance_type"": ""random_symmetric"", ""low"": 1.0, ""n"": 7, ""seed"": 4, ""symmetric"": true}, ""requires_metric_symmetric_complete"": true}"
small_exact,small_exact_random_symmetric_n7_seed4,random_symmetric,7,4,networkx_greedy,ok,"[6, 4, 2, 1, 0, 3, 5]",329.81572993922697,295.5067169729811,0.1161023117094926,True,True,9.279999994760146e-05,252.34375,252.34375,0.0,,,,295.5067169729811,0.1161023117094926,True,"{""finite_edges"": true, ""instance_metadata"": {""complete"": true, ""high"": 100.0, ""instance_type"": ""random_symmetric"", ""low"": 1.0, ""n"": 7, ""seed"": 4, ""symmetric"": true}, ""valid_route"": true}"
small_exact,small_exact_random_symmetric_n7_seed4,random_symmetric,7,4,python_tsp_dynamic_programming,skipped_missing_dependency,,,295.5067169729811,nan,,,0.00042219999977533007,252.34375,252.34375,0.0,,,,295.5067169729811,nan,True,"{""instance_metadata"": {""complete"": true, ""high"": 100.0, ""instance_type"": ""random_symmetric"", ""low"": 1.0, ""n"": 7, ""seed"": 4, ""symmetric"": true}}"
small_exact,small_exact_random_asymmetric_n7_seed4,random_asymmetric,7,4,tn_exact,ok,"[6, 0, 3, 2, 1, 5, 4]",174.31552139842458,174.31552139842458,0.0,True,True,0.01923659999965821,252.34375,252.44921875,0.10546875,28.0,,,174.31552139842458,0.0,True,"{""finite_edges"": true, ""instance_metadata"": {""complete"": true, ""high"": 100.0, ""instance_type"": ""random_asymmetric"", ""low"": 1.0, ""n"": 7, ""seed"": 4, ""symmetric"": false}, ""n_layers"": null, ""normalization_factor"": 98.43114699318102, ""normalize"": true, ""seed"": 0, ""tau"": 28.0, ""valid_route"": true}"
small_exact,small_exact_random_asymmetric_n7_seed4,random_asymmetric,7,4,held_karp,ok,"[6, 0, 3, 2, 1, 5, 4]",174.31552139842458,174.31552139842458,0.0,True,True,0.00017489999981989968,252.44921875,252.45703125,0.0078125,,,,174.31552139842458,0.0,True,"{""instance_metadata"": {""complete"": true, ""high"": 100.0, ""instance_type"": ""random_asymmetric"", ""low"": 1.0, ""n"": 7, ""seed"": 4, ""symmetric"": false}, ""max_n"": 18, ""start"": 6}"
small_exact,small_exact_random_asymmetric_n7_seed4,random_asymmetric,7,4,bruteforce,ok,"[6, 0, 3, 2, 1, 5, 4]",174.31552139842458,174.31552139842458,0.0,True,True,0.0018356000000494532,252.45703125,252.45703125,0.0,,,,174.31552139842458,0.0,True,"{""instance_metadata"": {""complete"": true, ""high"": 100.0, ""instance_type"": ""random_asymmetric"", ""low"": 1.0, ""n"": 7, ""seed"": 4, ""symmetric"": false}, ""max_n"": 10, ""permutations_checked"": 720, ""start"": 6}"
small_exact,small_exact_random_asymmetric_n7_seed4,random_asymmetric,7,4,ortools,ok,"[6, 0, 3, 2, 1, 5, 4]",174.31552139842458,174.31552139842458,0.0,True,True,0.0009460999999646447,252.45703125,252.45703125,0.0,,,5.0,174.31552139842458,0.0,True,"{""finite_edges"": true, ""infinity_penalty"": 689018029000, ""instance_metadata"": {""complete"": true, ""high"": 100.0, ""instance_type"": ""random_asymmetric"", ""low"": 1.0, ""n"": 7, ""seed"": 4, ""symmetric"": false}, ""integer_scale"": 1000000, ""start"": 6, ""time_limit_s"": 5.0, ""valid_route"": true}"
small_exact,small_exact_random_asymmetric_n7_seed4,random_asymmetric,7,4,networkx_christofides,skipped_not_applicable,,,174.31552139842458,nan,,,5.319999991115765e-05,252.45703125,252.45703125,0.0,,,,174.31552139842458,nan,True,"{""instance_metadata"": {""complete"": true, ""high"": 100.0, ""instance_type"": ""random_asymmetric"", ""low"": 1.0, ""n"": 7, ""seed"": 4, ""symmetric"": false}, ""requires_metric_symmetric_complete"": true}"
small_exact,small_exact_random_asymmetric_n7_seed4,random_asymmetric,7,4,networkx_greedy,ok,"[6, 3, 2, 4, 1, 0, 5]",207.69618491406976,174.31552139842458,0.19149564678952832,True,True,0.00014860000010230578,252.45703125,252.4609375,0.00390625,,,,174.31552139842458,0.19149564678952832,True,"{""finite_edges"": true, ""instance_metadata"": {""complete"": true, ""high"": 100.0, ""instance_type"": ""random_asymmetric"", ""low"": 1.0, ""n"": 7, ""seed"": 4, ""symmetric"": false}, ""valid_route"": true}"
small_exact,small_exact_random_asymmetric_n7_seed4,random_asymmetric,7,4,python_tsp_dynamic_programming,skipped_missing_dependency,,,174.31552139842458,nan,,,0.0003953999998884683,252.4609375,252.4609375,0.0,,,,174.31552139842458,nan,True,"{""instance_metadata"": {""complete"": true, ""high"": 100.0, ""instance_type"": ""random_asymmetric"", ""low"": 1.0, ""n"": 7, ""seed"": 4, ""symmetric"": false}}"
small_exact,small_exact_euclidean_n8_seed0,euclidean,8,0,tn_exact,ok,"[7, 0, 3, 2, 4, 1, 5, 6]",3204.471168142345,3204.471168142345,0.0,True,True,0.02849549999973533,252.4609375,252.5703125,0.109375,16.0,,,3204.471168142345,0.0,True,"{""finite_edges"": true, ""instance_metadata"": {""complete"": true, ""instance_type"": ""euclidean"", ""n"": 8, ""points"": [[636.9616873214543, 269.7867137638703], [40.97352393619469, 16.527635528529096], [813.2702392002724, 912.7555772777217], [606.6357757671799, 729.4965609839984], [543.6249914654229, 935.0724237877682], [815.8535541215322, 2.738500170148095], [857.4042765875694, 33.58557530546435], [729.655446429944, 175.65562060255903]], ""scale"": 1000.0, ""seed"": 0, ""symmetric"": true}, ""n_layers"": null, ""normalization_factor"": 1183.0751201760934, ""normalize"": true, ""seed"": 0, ""tau"": 16.0, ""valid_route"": true}"
small_exact,small_exact_euclidean_n8_seed0,euclidean,8,0,held_karp,ok,"[7, 0, 3, 2, 4, 1, 5, 6]",3204.471168142345,3204.471168142345,0.0,True,True,0.00048509999987800256,252.5703125,252.5859375,0.015625,,,,3204.471168142345,0.0,True,"{""instance_metadata"": {""complete"": true, ""instance_type"": ""euclidean"", ""n"": 8, ""points"": [[636.9616873214543, 269.7867137638703], [40.97352393619469, 16.527635528529096], [813.2702392002724, 912.7555772777217], [606.6357757671799, 729.4965609839984], [543.6249914654229, 935.0724237877682], [815.8535541215322, 2.738500170148095], [857.4042765875694, 33.58557530546435], [729.655446429944, 175.65562060255903]], ""scale"": 1000.0, ""seed"": 0, ""symmetric"": true}, ""max_n"": 18, ""start"": 7}"
small_exact,small_exact_euclidean_n8_seed0,euclidean,8,0,bruteforce,ok,"[7, 0, 3, 2, 4, 1, 5, 6]",3204.471168142345,3204.471168142345,0.0,True,True,0.013985600000069098,252.5859375,252.5859375,0.0,,,,3204.471168142345,0.0,True,"{""instance_metadata"": {""complete"": true, ""instance_type"": ""euclidean"", ""n"": 8, ""points"": [[636.9616873214543, 269.7867137638703], [40.97352393619469, 16.527635528529096], [813.2702392002724, 912.7555772777217], [606.6357757671799, 729.4965609839984], [543.6249914654229, 935.0724237877682], [815.8535541215322, 2.738500170148095], [857.4042765875694, 33.58557530546435], [729.655446429944, 175.65562060255903]], ""scale"": 1000.0, ""seed"": 0, ""symmetric"": true}, ""max_n"": 10, ""permutations_checked"": 5040, ""start"": 7}"
small_exact,small_exact_euclidean_n8_seed0,euclidean,8,0,ortools,ok,"[7, 0, 3, 2, 4, 1, 5, 6]",3204.471168142345,3204.471168142345,0.0,True,True,0.0011140999999952328,252.5859375,252.58984375,0.00390625,,,5.0,3204.471168142345,0.0,True,"{""finite_edges"": true, ""infinity_penalty"": 9464600960000, ""instance_metadata"": {""complete"": true, ""instance_type"": ""euclidean"", ""n"": 8, ""points"": [[636.9616873214543, 269.7867137638703], [40.97352393619469, 16.527635528529096], [813.2702392002724, 912.7555772777217], [606.6357757671799, 729.4965609839984], [543.6249914654229, 935.0724237877682], [815.8535541215322, 2.738500170148095], [857.4042765875694, 33.58557530546435], [729.655446429944, 175.65562060255903]], ""scale"": 1000.0, ""seed"": 0, ""symmetric"": true}, ""integer_scale"": 1000000, ""start"": 7, ""time_limit_s"": 5.0, ""valid_route"": true}"
small_exact,small_exact_euclidean_n8_seed0,euclidean,8,0,networkx_christofides,ok,"[7, 0, 2, 4, 3, 1, 5, 6]",3212.316103695901,3204.471168142345,0.0024481217467478755,True,True,0.0005642000000989356,252.58984375,252.59765625,0.0078125,,,,3204.471168142345,0.0024481217467478755,True,"{""finite_edges"": true, ""instance_metadata"": {""complete"": true, ""instance_type"": ""euclidean"", ""n"": 8, ""points"": [[636.9616873214543, 269.7867137638703], [40.97352393619469, 16.527635528529096], [813.2702392002724, 912.7555772777217], [606.6357757671799, 729.4965609839984], [543.6249914654229, 935.0724237877682], [815.8535541215322, 2.738500170148095], [857.4042765875694, 33.58557530546435], [729.655446429944, 175.65562060255903]], ""scale"": 1000.0, ""seed"": 0, ""symmetric"": true}, ""requires_metric_symmetric_complete"": true, ""valid_route"": true}"
small_exact,small_exact_euclidean_n8_seed0,euclidean,8,0,networkx_greedy,ok,"[7, 0, 5, 6, 3, 4, 2, 1]",3620.4874323814593,3204.471168142345,0.12982368771951905,True,True,9.84000002972607e-05,252.59765625,252.6015625,0.00390625,,,,3204.471168142345,0.12982368771951905,True,"{""finite_edges"": true, ""instance_metadata"": {""complete"": true, ""instance_type"": ""euclidean"", ""n"": 8, ""points"": [[636.9616873214543, 269.7867137638703], [40.97352393619469, 16.527635528529096], [813.2702392002724, 912.7555772777217], [606.6357757671799, 729.4965609839984], [543.6249914654229, 935.0724237877682], [815.8535541215322, 2.738500170148095], [857.4042765875694, 33.58557530546435], [729.655446429944, 175.65562060255903]], ""scale"": 1000.0, ""seed"": 0, ""symmetric"": true}, ""valid_route"": true}"
small_exact,small_exact_euclidean_n8_seed0,euclidean,8,0,python_tsp_dynamic_programming,skipped_missing_dependency,,,3204.471168142345,nan,,,0.0004392000000734697,252.6015625,252.6015625,0.0,,,,3204.471168142345,nan,True,"{""instance_metadata"": {""complete"": true, ""instance_type"": ""euclidean"", ""n"": 8, ""points"": [[636.9616873214543, 269.7867137638703], [40.97352393619469, 16.527635528529096], [813.2702392002724, 912.7555772777217], [606.6357757671799, 729.4965609839984], [543.6249914654229, 935.0724237877682], [815.8535541215322, 2.738500170148095], [857.4042765875694, 33.58557530546435], [729.655446429944, 175.65562060255903]], ""scale"": 1000.0, ""seed"": 0, ""symmetric"": true}}"
small_exact,small_exact_random_symmetric_n8_seed0,random_symmetric,8,0,tn_exact,ok,"[7, 6, 5, 1, 3, 0, 2, 4]",211.97541156312445,211.9754115631244,2.6816043635268777e-16,True,True,0.029550200000358018,252.6015625,252.6328125,0.03125,16.0,,,211.9754115631244,2.6816043635268777e-16,True,"{""finite_edges"": true, ""instance_metadata"": {""complete"": true, ""high"": 100.0, ""instance_type"": ""random_symmetric"", ""low"": 1.0, ""n"": 8, ""seed"": 0, ""symmetric"": true}, ""n_layers"": null, ""normalization_factor"": 90.6211234649642, ""normalize"": true, ""seed"": 0, ""tau"": 16.0, ""valid_route"": true}"
small_exact,small_exact_random_symmetric_n8_seed0,random_symmetric,8,0,held_karp,ok,"[7, 4, 2, 0, 3, 1, 5, 6]",211.9754115631244,211.9754115631244,0.0,True,True,0.0004937999997309817,252.6328125,252.6328125,0.0,,,,211.9754115631244,0.0,True,"{""instance_metadata"": {""complete"": true, ""high"": 100.0, ""instance_type"": ""random_symmetric"", ""low"": 1.0, ""n"": 8, ""seed"": 0, ""symmetric"": true}, ""max_n"": 18, ""start"": 7}"
small_exact,small_exact_random_symmetric_n8_seed0,random_symmetric,8,0,bruteforce,ok,"[7, 4, 2, 0, 3, 1, 5, 6]",211.9754115631244,211.9754115631244,0.0,True,True,0.014219099999991158,252.6328125,252.6328125,0.0,,,,211.9754115631244,0.0,True,"{""instance_metadata"": {""complete"": true, ""high"": 100.0, ""instance_type"": ""random_symmetric"", ""low"": 1.0, ""n"": 8, ""seed"": 0, ""symmetric"": true}, ""max_n"": 10, ""permutations_checked"": 5040, ""start"": 7}"
small_exact,small_exact_random_symmetric_n8_seed0,random_symmetric,8,0,ortools,ok,"[7, 6, 5, 1, 3, 0, 2, 4]",211.97541156312445,211.9754115631244,2.6816043635268777e-16,True,True,0.001047299999754614,252.6328125,252.6328125,0.0,,,5.0,211.9754115631244,2.6816043635268777e-16,True,"{""finite_edges"": true, ""infinity_penalty"": 724968984000, ""instance_metadata"": {""complete"": true, ""high"": 100.0, ""instance_type"": ""random_symmetric"", ""low"": 1.0, ""n"": 8, ""seed"": 0, ""symmetric"": true}, ""integer_scale"": 1000000, ""start"": 7, ""time_limit_s"": 5.0, ""valid_route"": true}"
small_exact,small_exact_random_symmetric_n8_seed0,random_symmetric,8,0,networkx_christofides,skipped_not_applicable,,,211.9754115631244,nan,,,6.189999976413674e-05,252.6328125,252.6328125,0.0,,,,211.9754115631244,nan,True,"{""instance_metadata"": {""complete"": true, ""high"": 100.0, ""instance_type"": ""random_symmetric"", ""low"": 1.0, ""n"": 8, ""seed"": 0, ""symmetric"": true}, ""requires_metric_symmetric_complete"": true}"
small_exact,small_exact_random_symmetric_n8_seed0,random_symmetric,8,0,networkx_greedy,ok,"[7, 4, 2, 0, 3, 1, 5, 6]",211.9754115631244,211.9754115631244,0.0,True,True,9.369999997943523e-05,252.6328125,252.6328125,0.0,,,,211.9754115631244,0.0,True,"{""finite_edges"": true, ""instance_metadata"": {""complete"": true, ""high"": 100.0, ""instance_type"": ""random_symmetric"", ""low"": 1.0, ""n"": 8, ""seed"": 0, ""symmetric"": true}, ""valid_route"": true}"
small_exact,small_exact_random_symmetric_n8_seed0,random_symmetric,8,0,python_tsp_dynamic_programming,skipped_missing_dependency,,,211.9754115631244,nan,,,0.0004003999997621577,252.6328125,252.6328125,0.0,,,,211.9754115631244,nan,True,"{""instance_metadata"": {""complete"": true, ""high"": 100.0, ""instance_type"": ""random_symmetric"", ""low"": 1.0, ""n"": 8, ""seed"": 0, ""symmetric"": true}}"
small_exact,small_exact_random_asymmetric_n8_seed0,random_asymmetric,8,0,tn_exact,ok,"[7, 2, 4, 0, 3, 1, 5, 6]",127.32333485788601,127.32333485788601,0.0,True,True,0.028665600000294944,252.640625,252.71875,0.078125,16.0,,,127.32333485788601,0.0,True,"{""finite_edges"": true, ""instance_metadata"": {""complete"": true, ""high"": 100.0, ""instance_type"": ""random_asymmetric"", ""low"": 1.0, ""n"": 8, ""seed"": 0, ""symmetric"": false}, ""n_layers"": null, ""normalization_factor"": 99.7237836431319, ""normalize"": true, ""seed"": 0, ""tau"": 16.0, ""valid_route"": true}"
small_exact,small_exact_random_asymmetric_n8_seed0,random_asymmetric,8,0,held_karp,ok,"[7, 2, 4, 0, 3, 1, 5, 6]",127.32333485788601,127.32333485788601,0.0,True,True,0.0004318999999668449,252.71875,252.71875,0.0,,,,127.32333485788601,0.0,True,"{""instance_metadata"": {""complete"": true, ""high"": 100.0, ""instance_type"": ""random_asymmetric"", ""low"": 1.0, ""n"": 8, ""seed"": 0, ""symmetric"": false}, ""max_n"": 18, ""start"": 7}"
small_exact,small_exact_random_asymmetric_n8_seed0,random_asymmetric,8,0,bruteforce,ok,"[7, 2, 4, 0, 3, 1, 5, 6]",127.32333485788601,127.32333485788601,0.0,True,True,0.014162500000111322,252.71875,252.71875,0.0,,,,127.32333485788601,0.0,True,"{""instance_metadata"": {""complete"": true, ""high"": 100.0, ""instance_type"": ""random_asymmetric"", ""low"": 1.0, ""n"": 8, ""seed"": 0, ""symmetric"": false}, ""max_n"": 10, ""permutations_checked"": 5040, ""start"": 7}"
small_exact,small_exact_random_asymmetric_n8_seed0,random_asymmetric,8,0,ortools,ok,"[7, 3, 1, 5, 6, 0, 2, 4]",127.54703019428672,127.32333485788601,0.0017569076135995842,True,True,0.001014599999962229,252.71875,252.71875,0.0,,,5.0,127.32333485788601,0.0017569076135995842,True,"{""finite_edges"": true, ""infinity_penalty"": 797790272000, ""instance_metadata"": {""complete"": true, ""high"": 100.0, ""instance_type"": ""random_asymmetric"", ""low"": 1.0, ""n"": 8, ""seed"": 0, ""symmetric"": false}, ""integer_scale"": 1000000, ""start"": 7, ""time_limit_s"": 5.0, ""valid_route"": true}"
small_exact,small_exact_random_asymmetric_n8_seed0,random_asymmetric,8,0,networkx_christofides,skipped_not_applicable,,,127.32333485788601,nan,,,7.270000014614197e-05,252.71875,252.71875,0.0,,,,127.32333485788601,nan,True,"{""instance_metadata"": {""complete"": true, ""high"": 100.0, ""instance_type"": ""random_asymmetric"", ""low"": 1.0, ""n"": 8, ""seed"": 0, ""symmetric"": false}, ""requires_metric_symmetric_complete"": true}"
small_exact,small_exact_random_asymmetric_n8_seed0,random_asymmetric,8,0,networkx_greedy,ok,"[7, 3, 1, 5, 6, 0, 2, 4]",127.54703019428672,127.32333485788601,0.0017569076135995842,True,True,0.00011730000005627517,252.71875,252.72265625,0.00390625,,,,127.32333485788601,0.0017569076135995842,True,"{""finite_edges"": true, ""instance_metadata"": {""complete"": true, ""high"": 100.0, ""instance_type"": ""random_asymmetric"", ""low"": 1.0, ""n"": 8, ""seed"": 0, ""symmetric"": false}, ""valid_route"": true}"
small_exact,small_exact_random_asymmetric_n8_seed0,random_asymmetric,8,0,python_tsp_dynamic_programming,skipped_missing_dependency,,,127.32333485788601,nan,,,0.0004169999997429841,252.72265625,252.72265625,0.0,,,,127.32333485788601,nan,True,"{""instance_metadata"": {""complete"": true, ""high"": 100.0, ""instance_type"": ""random_asymmetric"", ""low"": 1.0, ""n"": 8, ""seed"": 0, ""symmetric"": false}}"
small_exact,small_exact_euclidean_n8_seed1,euclidean,8,1,tn_exact,ok,"[7, 2, 4, 3, 5, 0, 1, 6]",2540.816236279214,2540.816236279214,0.0,True,True,0.029666599999927712,252.72265625,252.78515625,0.0625,16.0,,,2540.816236279214,0.0,True,"{""finite_edges"": true, ""instance_metadata"": {""complete"": true, ""instance_type"": ""euclidean"", ""n"": 8, ""points"": [[511.82162470025673, 950.4636963259353], [144.15961271963374, 948.6494471372439], [311.83145201048546, 423.32644897257563], [827.7025938204417, 409.1991363691613], [549.5936876730595, 27.559113243068367], [753.5131086748066, 538.1433132192782], [329.73171649909216, 788.4287034284043], [303.19482929164496, 453.4978894806515]], ""scale"": 1000.0, ""seed"": 1, ""symmetric"": true}, ""n_layers"": null, ""normalization_factor"": 1006.3717962694622, ""normalize"": true, ""seed"": 0, ""tau"": 16.0, ""valid_route"": true}"
small_exact,small_exact_euclidean_n8_seed1,euclidean,8,1,held_karp,ok,"[7, 6, 1, 0, 5, 3, 4, 2]",2540.816236279214,2540.816236279214,0.0,True,True,0.00043099999993501115,252.78515625,252.78515625,0.0,,,,2540.816236279214,0.0,True,"{""instance_metadata"": {""complete"": true, ""instance_type"": ""euclidean"", ""n"": 8, ""points"": [[511.82162470025673, 950.4636963259353], [144.15961271963374, 948.6494471372439], [311.83145201048546, 423.32644897257563], [827.7025938204417, 409.1991363691613], [549.5936876730595, 27.559113243068367], [753.5131086748066, 538.1433132192782], [329.73171649909216, 788.4287034284043], [303.19482929164496, 453.4978894806515]], ""scale"": 1000.0, ""seed"": 1, ""symmetric"": true}, ""max_n"": 18, ""start"": 7}"
small_exact,small_exact_euclidean_n8_seed1,euclidean,8,1,bruteforce,ok,"[7, 2, 4, 3, 5, 0, 1, 6]",2540.816236279214,2540.816236279214,0.0,True,True,0.014219299999695068,252.78515625,252.78515625,0.0,,,,2540.816236279214,0.0,True,"{""instance_metadata"": {""complete"": true, ""instance_type"": ""euclidean"", ""n"": 8, ""points"": [[511.82162470025673, 950.4636963259353], [144.15961271963374, 948.6494471372439], [311.83145201048546, 423.32644897257563], [827.7025938204417, 409.1991363691613], [549.5936876730595, 27.559113243068367], [753.5131086748066, 538.1433132192782], [329.73171649909216, 788.4287034284043], [303.19482929164496, 453.4978894806515]], ""scale"": 1000.0, ""seed"": 1, ""symmetric"": true}, ""max_n"": 10, ""permutations_checked"": 5040, ""start"": 7}"
small_exact,small_exact_euclidean_n8_seed1,euclidean,8,1,ortools,ok,"[7, 2, 4, 3, 5, 0, 1, 6]",2540.816236279214,2540.816236279214,0.0,True,True,0.001113599999825965,252.78515625,252.78515625,0.0,,,5.0,2540.816236279214,0.0,True,"{""finite_edges"": true, ""infinity_penalty"": 8050974368000, ""instance_metadata"": {""complete"": true, ""instance_type"": ""euclidean"", ""n"": 8, ""points"": [[511.82162470025673, 950.4636963259353], [144.15961271963374, 948.6494471372439], [311.83145201048546, 423.32644897257563], [827.7025938204417, 409.1991363691613], [549.5936876730595, 27.559113243068367], [753.5131086748066, 538.1433132192782], [329.73171649909216, 788.4287034284043], [303.19482929164496, 453.4978894806515]], ""scale"": 1000.0, ""seed"": 1, ""symmetric"": true}, ""integer_scale"": 1000000, ""start"": 7, ""time_limit_s"": 5.0, ""valid_route"": true}"
small_exact,small_exact_euclidean_n8_seed1,euclidean,8,1,networkx_christofides,ok,"[7, 0, 1, 6, 2, 4, 3, 5]",3058.242512337845,2540.816236279214,0.20364569018039366,True,True,0.0007160999998632178,252.78515625,252.80078125,0.015625,,,,2540.816236279214,0.20364569018039366,True,"{""finite_edges"": true, ""instance_metadata"": {""complete"": true, ""instance_type"": ""euclidean"", ""n"": 8, ""points"": [[511.82162470025673, 950.4636963259353], [144.15961271963374, 948.6494471372439], [311.83145201048546, 423.32644897257563], [827.7025938204417, 409.1991363691613], [549.5936876730595, 27.559113243068367], [753.5131086748066, 538.1433132192782], [329.73171649909216, 788.4287034284043], [303.19482929164496, 453.4978894806515]], ""scale"": 1000.0, ""seed"": 1, ""symmetric"": true}, ""requires_metric_symmetric_complete"": true, ""valid_route"": true}"
small_exact,small_exact_euclidean_n8_seed1,euclidean,8,1,networkx_greedy,ok,"[7, 2, 6, 0, 1, 5, 3, 4]",2856.124922862681,2540.816236279214,0.12409739912761536,True,True,0.00010370000018156134,252.80078125,252.80078125,0.0,,,,2540.816236279214,0.12409739912761536,True,"{""finite_edges"": true, ""instance_metadata"": {""complete"": true, ""instance_type"": ""euclidean"", ""n"": 8, ""points"": [[511.82162470025673, 950.4636963259353], [144.15961271963374, 948.6494471372439], [311.83145201048546, 423.32644897257563], [827.7025938204417, 409.1991363691613], [549.5936876730595, 27.559113243068367], [753.5131086748066, 538.1433132192782], [329.73171649909216, 788.4287034284043], [303.19482929164496, 453.4978894806515]], ""scale"": 1000.0, ""seed"": 1, ""symmetric"": true}, ""valid_route"": true}"
small_exact,small_exact_euclidean_n8_seed1,euclidean,8,1,python_tsp_dynamic_programming,skipped_missing_dependency,,,2540.816236279214,nan,,,0.0004210999995848397,252.80078125,252.80078125,0.0,,,,2540.816236279214,nan,True,"{""instance_metadata"": {""complete"": true, ""instance_type"": ""euclidean"", ""n"": 8, ""points"": [[511.82162470025673, 950.4636963259353], [144.15961271963374, 948.6494471372439], [311.83145201048546, 423.32644897257563], [827.7025938204417, 409.1991363691613], [549.5936876730595, 27.559113243068367], [753.5131086748066, 538.1433132192782], [329.73171649909216, 788.4287034284043], [303.19482929164496, 453.4978894806515]], ""scale"": 1000.0, ""seed"": 1, ""symmetric"": true}}"
small_exact,small_exact_random_symmetric_n8_seed1,random_symmetric,8,1,tn_exact,ok,"[7, 4, 6, 1, 3, 2, 0, 5]",318.841342086089,318.841342086089,0.0,True,True,0.029525099999773374,252.80078125,252.85546875,0.0546875,16.0,,,318.841342086089,0.0,True,"{""finite_edges"": true, ""instance_metadata"": {""complete"": true, ""high"": 100.0, ""instance_type"": ""random_symmetric"", ""low"": 1.0, ""n"": 8, ""seed"": 1, ""symmetric"": true}, ""n_layers"": null, ""normalization_factor"": 95.56017871965102, ""normalize"": true, ""seed"": 0, ""tau"": 16.0, ""valid_route"": true}"
small_exact,small_exact_random_symmetric_n8_seed1,random_symmetric,8,1,held_karp,ok,"[7, 4, 6, 1, 3, 2, 0, 5]",318.841342086089,318.841342086089,0.0,True,True,0.0004284000001462118,252.85546875,252.85546875,0.0,,,,318.841342086089,0.0,True,"{""instance_metadata"": {""complete"": true, ""high"": 100.0, ""instance_type"": ""random_symmetric"", ""low"": 1.0, ""n"": 8, ""seed"": 1, ""symmetric"": true}, ""max_n"": 18, ""start"": 7}"
small_exact,small_exact_random_symmetric_n8_seed1,random_symmetric,8,1,bruteforce,ok,"[7, 4, 6, 1, 3, 2, 0, 5]",318.841342086089,318.841342086089,0.0,True,True,0.014205599999968399,252.85546875,252.85546875,0.0,,,,318.841342086089,0.0,True,"{""instance_metadata"": {""complete"": true, ""high"": 100.0, ""instance_type"": ""random_symmetric"", ""low"": 1.0, ""n"": 8, ""seed"": 1, ""symmetric"": true}, ""max_n"": 10, ""permutations_checked"": 5040, ""start"": 7}"
small_exact,small_exact_random_symmetric_n8_seed1,random_symmetric,8,1,ortools,ok,"[7, 4, 1, 6, 0, 2, 5, 3]",330.27510864533645,318.841342086089,0.035860363917801626,True,True,0.001163899999937712,252.85546875,252.85546875,0.0,,,5.0,318.841342086089,0.035860363917801626,True,"{""finite_edges"": true, ""infinity_penalty"": 764481432000, ""instance_metadata"": {""complete"": true, ""high"": 100.0, ""instance_type"": ""random_symmetric"", ""low"": 1.0, ""n"": 8, ""seed"": 1, ""symmetric"": true}, ""integer_scale"": 1000000, ""start"": 7, ""time_limit_s"": 5.0, ""valid_route"": true}"
small_exact,small_exact_random_symmetric_n8_seed1,random_symmetric,8,1,networkx_christofides,skipped_not_applicable,,,318.841342086089,nan,,,6.149999990157085e-05,252.85546875,252.85546875,0.0,,,,318.841342086089,nan,True,"{""instance_metadata"": {""complete"": true, ""high"": 100.0, ""instance_type"": ""random_symmetric"", ""low"": 1.0, ""n"": 8, ""seed"": 1, ""symmetric"": true}, ""requires_metric_symmetric_complete"": true}"
small_exact,small_exact_random_symmetric_n8_seed1,random_symmetric,8,1,networkx_greedy,ok,"[7, 1, 5, 3, 2, 0, 6, 4]",365.91381067069193,318.841342086089,0.14763602573186094,True,True,9.350000027552596e-05,252.85546875,252.85546875,0.0,,,,318.841342086089,0.14763602573186094,True,"{""finite_edges"": true, ""instance_metadata"": {""complete"": true, ""high"": 100.0, ""instance_type"": ""random_symmetric"", ""low"": 1.0, ""n"": 8, ""seed"": 1, ""symmetric"": true}, ""valid_route"": true}"
small_exact,small_exact_random_symmetric_n8_seed1,random_symmetric,8,1,python_tsp_dynamic_programming,skipped_missing_dependency,,,318.841342086089,nan,,,0.0004100999999536725,252.85546875,252.85546875,0.0,,,,318.841342086089,nan,True,"{""instance_metadata"": {""complete"": true, ""high"": 100.0, ""instance_type"": ""random_symmetric"", ""low"": 1.0, ""n"": 8, ""seed"": 1, ""symmetric"": true}}"
small_exact,small_exact_random_asymmetric_n8_seed1,random_asymmetric,8,1,tn_exact,ok,"[7, 5, 3, 6, 0, 2, 1, 4]",193.1828454564066,193.1828454564066,0.0,True,True,0.03018530000008468,252.85546875,252.890625,0.03515625,16.0,,,193.1828454564066,0.0,True,"{""finite_edges"": true, ""instance_metadata"": {""complete"": true, ""high"": 100.0, ""instance_type"": ""random_asymmetric"", ""low"": 1.0, ""n"": 8, ""seed"": 1, ""symmetric"": false}, ""n_layers"": null, ""normalization_factor"": 98.09298278032263, ""normalize"": true, ""seed"": 0, ""tau"": 16.0, ""valid_route"": true}"
small_exact,small_exact_random_asymmetric_n8_seed1,random_asymmetric,8,1,held_karp,ok,"[7, 5, 3, 6, 0, 2, 1, 4]",193.1828454564066,193.1828454564066,0.0,True,True,0.000441900000168971,252.890625,252.890625,0.0,,,,193.1828454564066,0.0,True,"{""instance_metadata"": {""complete"": true, ""high"": 100.0, ""instance_type"": ""random_asymmetric"", ""low"": 1.0, ""n"": 8, ""seed"": 1, ""symmetric"": false}, ""max_n"": 18, ""start"": 7}"
small_exact,small_exact_random_asymmetric_n8_seed1,random_asymmetric,8,1,bruteforce,ok,"[7, 5, 3, 6, 0, 2, 1, 4]",193.1828454564066,193.1828454564066,0.0,True,True,0.014186400000198773,252.890625,252.890625,0.0,,,,193.1828454564066,0.0,True,"{""instance_metadata"": {""complete"": true, ""high"": 100.0, ""instance_type"": ""random_asymmetric"", ""low"": 1.0, ""n"": 8, ""seed"": 1, ""symmetric"": false}, ""max_n"": 10, ""permutations_checked"": 5040, ""start"": 7}"
small_exact,small_exact_random_asymmetric_n8_seed1,random_asymmetric,8,1,ortools,ok,"[7, 5, 3, 6, 0, 2, 1, 4]",193.1828454564066,193.1828454564066,0.0,True,True,0.0015378999996755738,252.890625,252.890625,0.0,,,5.0,193.1828454564066,0.0,True,"{""finite_edges"": true, ""infinity_penalty"": 784743864000, ""instance_metadata"": {""complete"": true, ""high"": 100.0, ""instance_type"": ""random_asymmetric"", ""low"": 1.0, ""n"": 8, ""seed"": 1, ""symmetric"": false}, ""integer_scale"": 1000000, ""start"": 7, ""time_limit_s"": 5.0, ""valid_route"": true}"
small_exact,small_exact_random_asymmetric_n8_seed1,random_asymmetric,8,1,networkx_christofides,skipped_not_applicable,,,193.1828454564066,nan,,,6.69999999445281e-05,252.890625,252.890625,0.0,,,,193.1828454564066,nan,True,"{""instance_metadata"": {""complete"": true, ""high"": 100.0, ""instance_type"": ""random_asymmetric"", ""low"": 1.0, ""n"": 8, ""seed"": 1, ""symmetric"": false}, ""requires_metric_symmetric_complete"": true}"
small_exact,small_exact_random_asymmetric_n8_seed1,random_asymmetric,8,1,networkx_greedy,ok,"[7, 5, 3, 4, 6, 0, 2, 1]",209.5510995508958,193.1828454564066,0.08472933533936812,True,True,0.0001266999997824314,252.890625,252.89453125,0.00390625,,,,193.1828454564066,0.08472933533936812,True,"{""finite_edges"": true, ""instance_metadata"": {""complete"": true, ""high"": 100.0, ""instance_type"": ""random_asymmetric"", ""low"": 1.0, ""n"": 8, ""seed"": 1, ""symmetric"": false}, ""valid_route"": true}"
small_exact,small_exact_random_asymmetric_n8_seed1,random_asymmetric,8,1,python_tsp_dynamic_programming,skipped_missing_dependency,,,193.1828454564066,nan,,,0.00048420000030091614,252.89453125,252.89453125,0.0,,,,193.1828454564066,nan,True,"{""instance_metadata"": {""complete"": true, ""high"": 100.0, ""instance_type"": ""random_asymmetric"", ""low"": 1.0, ""n"": 8, ""seed"": 1, ""symmetric"": false}}"
small_exact,small_exact_euclidean_n8_seed2,euclidean,8,2,tn_exact,ok,"[7, 6, 2, 1, 5, 3, 0, 4]",2294.803126824912,2294.803126824912,0.0,True,True,0.05973900000026333,252.89453125,252.9453125,0.05078125,16.0,,,2294.803126824912,0.0,True,"{""finite_edges"": true, ""instance_metadata"": {""complete"": true, ""instance_type"": ""euclidean"", ""n"": 8, ""points"": [[261.6121342493164, 298.4911434141233], [814.2257405942803, 91.91594213509691], [600.100525965654, 728.5605268117946], [187.90107336660344, 55.14662733306819], [274.9693679060381, 657.4330148755926], [562.265662780428, 150.06226330533613], [432.6307908047872, 669.2972985745203], [422.7846732701278, 633.1843992741165]], ""scale"": 1000.0, ""seed"": 2, ""symmetric"": true}, ""n_layers"": null, ""normalization_factor"": 789.553461606053, ""normalize"": true, ""seed"": 0, ""tau"": 16.0, ""valid_route"": true}"
small_exact,small_exact_euclidean_n8_seed2,euclidean,8,2,held_karp,ok,"[7, 6, 2, 1, 5, 3, 0, 4]",2294.803126824912,2294.803126824912,0.0,True,True,0.0004889000001639943,252.9453125,252.9453125,0.0,,,,2294.803126824912,0.0,True,"{""instance_metadata"": {""complete"": true, ""instance_type"": ""euclidean"", ""n"": 8, ""points"": [[261.6121342493164, 298.4911434141233], [814.2257405942803, 91.91594213509691], [600.100525965654, 728.5605268117946], [187.90107336660344, 55.14662733306819], [274.9693679060381, 657.4330148755926], [562.265662780428, 150.06226330533613], [432.6307908047872, 669.2972985745203], [422.7846732701278, 633.1843992741165]], ""scale"": 1000.0, ""seed"": 2, ""symmetric"": true}, ""max_n"": 18, ""start"": 7}"
small_exact,small_exact_euclidean_n8_seed2,euclidean,8,2,bruteforce,ok,"[7, 4, 0, 3, 5, 1, 2, 6]",2294.803126824912,2294.803126824912,0.0,True,True,0.013967700000193872,252.9453125,252.9453125,0.0,,,,2294.803126824912,0.0,True,"{""instance_metadata"": {""complete"": true, ""instance_type"": ""euclidean"", ""n"": 8, ""points"": [[261.6121342493164, 298.4911434141233], [814.2257405942803, 91.91594213509691], [600.100525965654, 728.5605268117946], [187.90107336660344, 55.14662733306819], [274.9693679060381, 657.4330148755926], [562.265662780428, 150.06226330533613], [432.6307908047872, 669.2972985745203], [422.7846732701278, 633.1843992741165]], ""scale"": 1000.0, ""seed"": 2, ""symmetric"": true}, ""max_n"": 10, ""permutations_checked"": 5040, ""start"": 7}"
small_exact,small_exact_euclidean_n8_seed2,euclidean,8,2,ortools,ok,"[7, 4, 0, 3, 5, 1, 2, 6]",2294.803126824912,2294.803126824912,0.0,True,True,0.0014119000002210669,252.9453125,252.9453125,0.0,,,5.0,2294.803126824912,0.0,True,"{""finite_edges"": true, ""infinity_penalty"": 6316427696000, ""instance_metadata"": {""complete"": true, ""instance_type"": ""euclidean"", ""n"": 8, ""points"": [[261.6121342493164, 298.4911434141233], [814.2257405942803, 91.91594213509691], [600.100525965654, 728.5605268117946], [187.90107336660344, 55.14662733306819], [274.9693679060381, 657.4330148755926], [562.265662780428, 150.06226330533613], [432.6307908047872, 669.2972985745203], [422.7846732701278, 633.1843992741165]], ""scale"": 1000.0, ""seed"": 2, ""symmetric"": true}, ""integer_scale"": 1000000, ""start"": 7, ""time_limit_s"": 5.0, ""valid_route"": true}"
small_exact,small_exact_euclidean_n8_seed2,euclidean,8,2,networkx_christofides,ok,"[7, 4, 0, 3, 5, 1, 2, 6]",2294.803126824912,2294.803126824912,0.0,True,True,0.0005670000000463915,252.9453125,252.9453125,0.0,,,,2294.803126824912,0.0,True,"{""finite_edges"": true, ""instance_metadata"": {""complete"": true, ""instance_type"": ""euclidean"", ""n"": 8, ""points"": [[261.6121342493164, 298.4911434141233], [814.2257405942803, 91.91594213509691], [600.100525965654, 728.5605268117946], [187.90107336660344, 55.14662733306819], [274.9693679060381, 657.4330148755926], [562.265662780428, 150.06226330533613], [432.6307908047872, 669.2972985745203], [422.7846732701278, 633.1843992741165]], ""scale"": 1000.0, ""seed"": 2, ""symmetric"": true}, ""requires_metric_symmetric_complete"": true, ""valid_route"": true}"
small_exact,small_exact_euclidean_n8_seed2,euclidean,8,2,networkx_greedy,ok,"[7, 1, 5, 3, 0, 2, 4, 6]",2642.691382720586,2294.803126824912,0.1515983013222628,True,True,9.850000014921534e-05,252.9453125,252.9453125,0.0,,,,2294.803126824912,0.1515983013222628,True,"{""finite_edges"": true, ""instance_metadata"": {""complete"": true, ""instance_type"": ""euclidean"", ""n"": 8, ""points"": [[261.6121342493164, 298.4911434141233], [814.2257405942803, 91.91594213509691], [600.100525965654, 728.5605268117946], [187.90107336660344, 55.14662733306819], [274.9693679060381, 657.4330148755926], [562.265662780428, 150.06226330533613], [432.6307908047872, 669.2972985745203], [422.7846732701278, 633.1843992741165]], ""scale"": 1000.0, ""seed"": 2, ""symmetric"": true}, ""valid_route"": true}"
small_exact,small_exact_euclidean_n8_seed2,euclidean,8,2,python_tsp_dynamic_programming,skipped_missing_dependency,,,2294.803126824912,nan,,,0.000675400000091031,252.9453125,252.9453125,0.0,,,,2294.803126824912,nan,True,"{""instance_metadata"": {""complete"": true, ""instance_type"": ""euclidean"", ""n"": 8, ""points"": [[261.6121342493164, 298.4911434141233], [814.2257405942803, 91.91594213509691], [600.100525965654, 728.5605268117946], [187.90107336660344, 55.14662733306819], [274.9693679060381, 657.4330148755926], [562.265662780428, 150.06226330533613], [432.6307908047872, 669.2972985745203], [422.7846732701278, 633.1843992741165]], ""scale"": 1000.0, ""seed"": 2, ""symmetric"": true}}"
small_exact,small_exact_random_symmetric_n8_seed2,random_symmetric,8,2,tn_exact,ok,"[7, 5, 3, 0, 6, 1, 2, 4]",255.78590472523754,255.78590472523751,1.1111522920285348e-16,True,True,0.029876900000090245,252.9453125,252.9453125,0.0,16.0,,,255.78590472523751,1.1111522920285348e-16,True,"{""finite_edges"": true, ""instance_metadata"": {""complete"": true, ""high"": 100.0, ""instance_type"": ""random_symmetric"", ""low"": 1.0, ""n"": 8, ""seed"": 2, ""symmetric"": true}, ""n_layers"": null, ""normalization_factor"": 89.19225380785386, ""normalize"": true, ""seed"": 0, ""tau"": 16.0, ""valid_route"": true}"
small_exact,small_exact_random_symmetric_n8_seed2,random_symmetric,8,2,held_karp,ok,"[7, 4, 2, 1, 6, 0, 3, 5]",255.78590472523751,255.78590472523751,0.0,True,True,0.0005301999999574036,252.9453125,252.9453125,0.0,,,,255.78590472523751,0.0,True,"{""instance_metadata"": {""complete"": true, ""high"": 100.0, ""instance_type"": ""random_symmetric"", ""low"": 1.0, ""n"": 8, ""seed"": 2, ""symmetric"": true}, ""max_n"": 18, ""start"": 7}"
small_exact,small_exact_random_symmetric_n8_seed2,random_symmetric,8,2,bruteforce,ok,"[7, 4, 2, 1, 6, 0, 3, 5]",255.78590472523751,255.78590472523751,0.0,True,True,0.014802200000303856,252.9453125,252.9453125,0.0,,,,255.78590472523751,0.0,True,"{""instance_metadata"": {""complete"": true, ""high"": 100.0, ""instance_type"": ""random_symmetric"", ""low"": 1.0, ""n"": 8, ""seed"": 2, ""symmetric"": true}, ""max_n"": 10, ""permutations_checked"": 5040, ""start"": 7}"
small_exact,small_exact_random_symmetric_n8_seed2,random_symmetric,8,2,ortools,ok,"[7, 5, 3, 0, 6, 1, 2, 4]",255.78590472523754,255.78590472523751,1.1111522920285348e-16,True,True,0.0010438999997859355,252.9453125,252.9453125,0.0,,,5.0,255.78590472523751,1.1111522920285348e-16,True,"{""finite_edges"": true, ""infinity_penalty"": 713538032000, ""instance_metadata"": {""complete"": true, ""high"": 100.0, ""instance_type"": ""random_symmetric"", ""low"": 1.0, ""n"": 8, ""seed"": 2, ""symmetric"": true}, ""integer_scale"": 1000000, ""start"": 7, ""time_limit_s"": 5.0, ""valid_route"": true}"
small_exact,small_exact_random_symmetric_n8_seed2,random_symmetric,8,2,networkx_christofides,skipped_not_applicable,,,255.78590472523751,nan,,,6.56000001981738e-05,252.9453125,252.9453125,0.0,,,,255.78590472523751,nan,True,"{""instance_metadata"": {""complete"": true, ""high"": 100.0, ""instance_type"": ""random_symmetric"", ""low"": 1.0, ""n"": 8, ""seed"": 2, ""symmetric"": true}, ""requires_metric_symmetric_complete"": true}"
small_exact,small_exact_random_symmetric_n8_seed2,random_symmetric,8,2,networkx_greedy,ok,"[7, 4, 2, 1, 6, 0, 3, 5]",255.78590472523751,255.78590472523751,0.0,True,True,9.219999992637895e-05,252.9453125,252.9453125,0.0,,,,255.78590472523751,0.0,True,"{""finite_edges"": true, ""instance_metadata"": {""complete"": true, ""high"": 100.0, ""instance_type"": ""random_symmetric"", ""low"": 1.0, ""n"": 8, ""seed"": 2, ""symmetric"": true}, ""valid_route"": true}"
small_exact,small_exact_random_symmetric_n8_seed2,random_symmetric,8,2,python_tsp_dynamic_programming,skipped_missing_dependency,,,255.78590472523751,nan,,,0.00043249999998806743,252.9453125,252.9453125,0.0,,,,255.78590472523751,nan,True,"{""instance_metadata"": {""complete"": true, ""high"": 100.0, ""instance_type"": ""random_symmetric"", ""low"": 1.0, ""n"": 8, ""seed"": 2, ""symmetric"": true}}"
small_exact,small_exact_random_asymmetric_n8_seed2,random_asymmetric,8,2,tn_exact,ok,"[7, 4, 2, 3, 5, 6, 1, 0]",205.95624611089886,205.95624611089886,0.0,True,True,0.028561999999965337,252.9453125,252.9453125,0.0,16.0,,,205.95624611089886,0.0,True,"{""finite_edges"": true, ""instance_metadata"": {""complete"": true, ""high"": 100.0, ""instance_type"": ""random_asymmetric"", ""low"": 1.0, ""n"": 8, ""seed"": 2, ""symmetric"": false}, ""n_layers"": null, ""normalization_factor"": 97.39419820081707, ""normalize"": true, ""seed"": 0, ""tau"": 16.0, ""valid_route"": true}"
small_exact,small_exact_random_asymmetric_n8_seed2,random_asymmetric,8,2,held_karp,ok,"[7, 4, 2, 3, 5, 6, 1, 0]",205.95624611089886,205.95624611089886,0.0,True,True,0.0004306999999243999,252.9453125,252.9453125,0.0,,,,205.95624611089886,0.0,True,"{""instance_metadata"": {""complete"": true, ""high"": 100.0, ""instance_type"": ""random_asymmetric"", ""low"": 1.0, ""n"": 8, ""seed"": 2, ""symmetric"": false}, ""max_n"": 18, ""start"": 7}"
small_exact,small_exact_random_asymmetric_n8_seed2,random_asymmetric,8,2,bruteforce,ok,"[7, 4, 2, 3, 5, 6, 1, 0]",205.95624611089886,205.95624611089886,0.0,True,True,0.014512100000047212,252.9453125,252.9453125,0.0,,,,205.95624611089886,0.0,True,"{""instance_metadata"": {""complete"": true, ""high"": 100.0, ""instance_type"": ""random_asymmetric"", ""low"": 1.0, ""n"": 8, ""seed"": 2, ""symmetric"": false}, ""max_n"": 10, ""permutations_checked"": 5040, ""start"": 7}"
small_exact,small_exact_random_asymmetric_n8_seed2,random_asymmetric,8,2,ortools,ok,"[7, 4, 2, 3, 5, 6, 1, 0]",205.95624611089886,205.95624611089886,0.0,True,True,0.0011792000000241387,252.9453125,252.9453125,0.0,,,5.0,205.95624611089886,0.0,True,"{""finite_edges"": true, ""infinity_penalty"": 779153584000, ""instance_metadata"": {""complete"": true, ""high"": 100.0, ""instance_type"": ""random_asymmetric"", ""low"": 1.0, ""n"": 8, ""seed"": 2, ""symmetric"": false}, ""integer_scale"": 1000000, ""start"": 7, ""time_limit_s"": 5.0, ""valid_route"": true}"
small_exact,small_exact_random_asymmetric_n8_seed2,random_asymmetric,8,2,networkx_christofides,skipped_not_applicable,,,205.95624611089886,nan,,,5.5900000006658956e-05,252.9453125,252.9453125,0.0,,,,205.95624611089886,nan,True,"{""instance_metadata"": {""complete"": true, ""high"": 100.0, ""instance_type"": ""random_asymmetric"", ""low"": 1.0, ""n"": 8, ""seed"": 2, ""symmetric"": false}, ""requires_metric_symmetric_complete"": true}"
small_exact,small_exact_random_asymmetric_n8_seed2,random_asymmetric,8,2,networkx_greedy,ok,"[7, 4, 3, 5, 6, 1, 0, 2]",315.7964109447973,205.95624611089886,0.5333179590715306,True,True,0.0001052999996318249,252.9453125,252.9453125,0.0,,,,205.95624611089886,0.5333179590715306,True,"{""finite_edges"": true, ""instance_metadata"": {""complete"": true, ""high"": 100.0, ""instance_type"": ""random_asymmetric"", ""low"": 1.0, ""n"": 8, ""seed"": 2, ""symmetric"": false}, ""valid_route"": true}"
small_exact,small_exact_random_asymmetric_n8_seed2,random_asymmetric,8,2,python_tsp_dynamic_programming,skipped_missing_dependency,,,205.95624611089886,nan,,,0.00042910000001938897,252.9453125,252.9453125,0.0,,,,205.95624611089886,nan,True,"{""instance_metadata"": {""complete"": true, ""high"": 100.0, ""instance_type"": ""random_asymmetric"", ""low"": 1.0, ""n"": 8, ""seed"": 2, ""symmetric"": false}}"
small_exact,small_exact_euclidean_n8_seed3,euclidean,8,3,tn_exact,ok,"[7, 1, 4, 3, 0, 2, 5, 6]",2579.208113007827,2579.208113007827,0.0,True,True,0.029995899999903486,252.9453125,252.94921875,0.00390625,16.0,,,2579.208113007827,0.0,True,"{""finite_edges"": true, ""instance_metadata"": {""complete"": true, ""instance_type"": ""euclidean"", ""n"": 8, ""points"": [[85.64916714362437, 236.8105065960997], [801.2744652063969, 582.1620360643678], [94.12864224039919, 433.1269402364738], [479.05129814083404, 159.73891463707858], [734.5771514092145, 113.6720199214034], [391.22819049566203, 516.7401826213637], [430.6280204141778, 586.7985714381407], [737.8377872921602, 956.2672548360986]], ""scale"": 1000.0, ""seed"": 3, ""symmetric"": true}, ""n_layers"": null, ""normalization_factor"": 971.065398847742, ""normalize"": true, ""seed"": 0, ""tau"": 16.0, ""valid_route"": true}"
small_exact,small_exact_euclidean_n8_seed3,euclidean,8,3,held_karp,ok,"[7, 6, 5, 2, 0, 3, 4, 1]",2579.208113007827,2579.208113007827,0.0,True,True,0.0004322999998294108,252.94921875,252.94921875,0.0,,,,2579.208113007827,0.0,True,"{""instance_metadata"": {""complete"": true, ""instance_type"": ""euclidean"", ""n"": 8, ""points"": [[85.64916714362437, 236.8105065960997], [801.2744652063969, 582.1620360643678], [94.12864224039919, 433.1269402364738], [479.05129814083404, 159.73891463707858], [734.5771514092145, 113.6720199214034], [391.22819049566203, 516.7401826213637], [430.6280204141778, 586.7985714381407], [737.8377872921602, 956.2672548360986]], ""scale"": 1000.0, ""seed"": 3, ""symmetric"": true}, ""max_n"": 18, ""start"": 7}"
small_exact,small_exact_euclidean_n8_seed3,euclidean,8,3,bruteforce,ok,"[7, 1, 4, 3, 0, 2, 5, 6]",2579.208113007827,2579.208113007827,0.0,True,True,0.014495900000383699,252.94921875,252.94921875,0.0,,,,2579.208113007827,0.0,True,"{""instance_metadata"": {""complete"": true, ""instance_type"": ""euclidean"", ""n"": 8, ""points"": [[85.64916714362437, 236.8105065960997], [801.2744652063969, 582.1620360643678], [94.12864224039919, 433.1269402364738], [479.05129814083404, 159.73891463707858], [734.5771514092145, 113.6720199214034], [391.22819049566203, 516.7401826213637], [430.6280204141778, 586.7985714381407], [737.8377872921602, 956.2672548360986]], ""scale"": 1000.0, ""seed"": 3, ""symmetric"": true}, ""max_n"": 10, ""permutations_checked"": 5040, ""start"": 7}"
small_exact,small_exact_euclidean_n8_seed3,euclidean,8,3,ortools,ok,"[7, 1, 4, 3, 0, 2, 5, 6]",2579.208113007827,2579.208113007827,0.0,True,True,0.0011368999998921936,252.94921875,252.94921875,0.0,,,5.0,2579.208113007827,0.0,True,"{""finite_edges"": true, ""infinity_penalty"": 7768523192000, ""instance_metadata"": {""complete"": true, ""instance_type"": ""euclidean"", ""n"": 8, ""points"": [[85.64916714362437, 236.8105065960997], [801.2744652063969, 582.1620360643678], [94.12864224039919, 433.1269402364738], [479.05129814083404, 159.73891463707858], [734.5771514092145, 113.6720199214034], [391.22819049566203, 516.7401826213637], [430.6280204141778, 586.7985714381407], [737.8377872921602, 956.2672548360986]], ""scale"": 1000.0, ""seed"": 3, ""symmetric"": true}, ""integer_scale"": 1000000, ""start"": 7, ""time_limit_s"": 5.0, ""valid_route"": true}"
small_exact,small_exact_euclidean_n8_seed3,euclidean,8,3,networkx_christofides,ok,"[7, 1, 6, 2, 0, 4, 3, 5]",3164.0985074849464,2579.208113007827,0.2267713068702435,True,True,0.0007138999999369844,252.94921875,252.94921875,0.0,,,,2579.208113007827,0.2267713068702435,True,"{""finite_edges"": true, ""instance_metadata"": {""complete"": true, ""instance_type"": ""euclidean"", ""n"": 8, ""points"": [[85.64916714362437, 236.8105065960997], [801.2744652063969, 582.1620360643678], [94.12864224039919, 433.1269402364738], [479.05129814083404, 159.73891463707858], [734.5771514092145, 113.6720199214034], [391.22819049566203, 516.7401826213637], [430.6280204141778, 586.7985714381407], [737.8377872921602, 956.2672548360986]], ""scale"": 1000.0, ""seed"": 3, ""symmetric"": true}, ""requires_metric_symmetric_complete"": true, ""valid_route"": true}"
small_exact,small_exact_euclidean_n8_seed3,euclidean,8,3,networkx_greedy,ok,"[7, 1, 6, 5, 2, 0, 3, 4]",2838.766277357857,2579.208113007827,0.10063482781439372,True,True,0.00010800000018207356,252.94921875,252.94921875,0.0,,,,2579.208113007827,0.10063482781439372,True,"{""finite_edges"": true, ""instance_metadata"": {""complete"": true, ""instance_type"": ""euclidean"", ""n"": 8, ""points"": [[85.64916714362437, 236.8105065960997], [801.2744652063969, 582.1620360643678], [94.12864224039919, 433.1269402364738], [479.05129814083404, 159.73891463707858], [734.5771514092145, 113.6720199214034], [391.22819049566203, 516.7401826213637], [430.6280204141778, 586.7985714381407], [737.8377872921602, 956.2672548360986]], ""scale"": 1000.0, ""seed"": 3, ""symmetric"": true}, ""valid_route"": true}"
small_exact,small_exact_euclidean_n8_seed3,euclidean,8,3,python_tsp_dynamic_programming,skipped_missing_dependency,,,2579.208113007827,nan,,,0.0004484999999476713,252.94921875,252.94921875,0.0,,,,2579.208113007827,nan,True,"{""instance_metadata"": {""complete"": true, ""instance_type"": ""euclidean"", ""n"": 8, ""points"": [[85.64916714362437, 236.8105065960997], [801.2744652063969, 582.1620360643678], [94.12864224039919, 433.1269402364738], [479.05129814083404, 159.73891463707858], [734.5771514092145, 113.6720199214034], [391.22819049566203, 516.7401826213637], [430.6280204141778, 586.7985714381407], [737.8377872921602, 956.2672548360986]], ""scale"": 1000.0, ""seed"": 3, ""symmetric"": true}}"
small_exact,small_exact_random_symmetric_n8_seed3,random_symmetric,8,3,tn_exact,ok,"[7, 3, 6, 2, 4, 0, 1, 5]",285.9169685033527,285.9169685033527,0.0,True,True,0.029299999999693682,252.94921875,252.94921875,0.0,16.0,,,285.9169685033527,0.0,True,"{""finite_edges"": true, ""instance_metadata"": {""complete"": true, ""high"": 100.0, ""instance_type"": ""random_symmetric"", ""low"": 1.0, ""n"": 8, ""seed"": 3, ""symmetric"": true}, ""n_layers"": null, ""normalization_factor"": 82.98482954002478, ""normalize"": true, ""seed"": 0, ""tau"": 16.0, ""valid_route"": true}"
small_exact,small_exact_random_symmetric_n8_seed3,random_symmetric,8,3,held_karp,ok,"[7, 5, 1, 0, 4, 2, 6, 3]",285.9169685033527,285.9169685033527,0.0,True,True,0.00043349999987185583,252.94921875,252.94921875,0.0,,,,285.9169685033527,0.0,True,"{""instance_metadata"": {""complete"": true, ""high"": 100.0, ""instance_type"": ""random_symmetric"", ""low"": 1.0, ""n"": 8, ""seed"": 3, ""symmetric"": true}, ""max_n"": 18, ""start"": 7}"
small_exact,small_exact_random_symmetric_n8_seed3,random_symmetric,8,3,bruteforce,ok,"[7, 3, 6, 2, 4, 0, 1, 5]",285.9169685033527,285.9169685033527,0.0,True,True,0.015543500000148924,252.94921875,252.94921875,0.0,,,,285.9169685033527,0.0,True,"{""instance_metadata"": {""complete"": true, ""high"": 100.0, ""instance_type"": ""random_symmetric"", ""low"": 1.0, ""n"": 8, ""seed"": 3, ""symmetric"": true}, ""max_n"": 10, ""permutations_checked"": 5040, ""start"": 7}"
small_exact,small_exact_random_symmetric_n8_seed3,random_symmetric,8,3,ortools,ok,"[7, 3, 6, 2, 4, 0, 1, 5]",285.9169685033527,285.9169685033527,0.0,True,True,0.0017647999998189334,252.94921875,252.94921875,0.0,,,5.0,285.9169685033527,0.0,True,"{""finite_edges"": true, ""infinity_penalty"": 663878640000, ""instance_metadata"": {""complete"": true, ""high"": 100.0, ""instance_type"": ""random_symmetric"", ""low"": 1.0, ""n"": 8, ""seed"": 3, ""symmetric"": true}, ""integer_scale"": 1000000, ""start"": 7, ""time_limit_s"": 5.0, ""valid_route"": true}"
small_exact,small_exact_random_symmetric_n8_seed3,random_symmetric,8,3,networkx_christofides,skipped_not_applicable,,,285.9169685033527,nan,,,0.00016809999988254276,252.94921875,252.94921875,0.0,,,,285.9169685033527,nan,True,"{""instance_metadata"": {""complete"": true, ""high"": 100.0, ""instance_type"": ""random_symmetric"", ""low"": 1.0, ""n"": 8, ""seed"": 3, ""symmetric"": true}, ""requires_metric_symmetric_complete"": true}"
small_exact,small_exact_random_symmetric_n8_seed3,random_symmetric,8,3,networkx_greedy,ok,"[7, 3, 6, 2, 4, 0, 1, 5]",285.9169685033527,285.9169685033527,0.0,True,True,0.00023259999989022617,252.94921875,252.94921875,0.0,,,,285.9169685033527,0.0,True,"{""finite_edges"": true, ""instance_metadata"": {""complete"": true, ""high"": 100.0, ""instance_type"": ""random_symmetric"", ""low"": 1.0, ""n"": 8, ""seed"": 3, ""symmetric"": true}, ""valid_route"": true}"
small_exact,small_exact_random_symmetric_n8_seed3,random_symmetric,8,3,python_tsp_dynamic_programming,skipped_missing_dependency,,,285.9169685033527,nan,,,0.0005985000002510787,252.94921875,252.94921875,0.0,,,,285.9169685033527,nan,True,"{""instance_metadata"": {""complete"": true, ""high"": 100.0, ""instance_type"": ""random_symmetric"", ""low"": 1.0, ""n"": 8, ""seed"": 3, ""symmetric"": true}}"
small_exact,small_exact_random_asymmetric_n8_seed3,random_asymmetric,8,3,tn_exact,ok,"[7, 3, 4, 2, 0, 1, 6, 5]",214.6451166951947,214.6451166951947,0.0,True,True,0.03796639999973195,252.953125,252.953125,0.0,16.0,,,214.6451166951947,0.0,True,"{""finite_edges"": true, ""instance_metadata"": {""complete"": true, ""high"": 100.0, ""instance_type"": ""random_asymmetric"", ""low"": 1.0, ""n"": 8, ""seed"": 3, ""symmetric"": false}, ""n_layers"": null, ""normalization_factor"": 97.37256720187486, ""normalize"": true, ""seed"": 0, ""tau"": 16.0, ""valid_route"": true}"
small_exact,small_exact_random_asymmetric_n8_seed3,random_asymmetric,8,3,held_karp,ok,"[7, 3, 4, 2, 0, 1, 6, 5]",214.6451166951947,214.6451166951947,0.0,True,True,0.0005707000000256812,252.953125,252.953125,0.0,,,,214.6451166951947,0.0,True,"{""instance_metadata"": {""complete"": true, ""high"": 100.0, ""instance_type"": ""random_asymmetric"", ""low"": 1.0, ""n"": 8, ""seed"": 3, ""symmetric"": false}, ""max_n"": 18, ""start"": 7}"
small_exact,small_exact_random_asymmetric_n8_seed3,random_asymmetric,8,3,bruteforce,ok,"[7, 3, 4, 2, 0, 1, 6, 5]",214.6451166951947,214.6451166951947,0.0,True,True,0.01816999999982727,252.953125,252.953125,0.0,,,,214.6451166951947,0.0,True,"{""instance_metadata"": {""complete"": true, ""high"": 100.0, ""instance_type"": ""random_asymmetric"", ""low"": 1.0, ""n"": 8, ""seed"": 3, ""symmetric"": false}, ""max_n"": 10, ""permutations_checked"": 5040, ""start"": 7}"
small_exact,small_exact_random_asymmetric_n8_seed3,random_asymmetric,8,3,ortools,ok,"[7, 3, 4, 2, 0, 1, 6, 5]",214.6451166951947,214.6451166951947,0.0,True,True,0.001875099999779195,252.953125,252.953125,0.0,,,5.0,214.6451166951947,0.0,True,"{""finite_edges"": true, ""infinity_penalty"": 778980536000, ""instance_metadata"": {""complete"": true, ""high"": 100.0, ""instance_type"": ""random_asymmetric"", ""low"": 1.0, ""n"": 8, ""seed"": 3, ""symmetric"": false}, ""integer_scale"": 1000000, ""start"": 7, ""time_limit_s"": 5.0, ""valid_route"": true}"
small_exact,small_exact_random_asymmetric_n8_seed3,random_asymmetric,8,3,networkx_christofides,skipped_not_applicable,,,214.6451166951947,nan,,,0.00011449999965407187,252.953125,252.953125,0.0,,,,214.6451166951947,nan,True,"{""instance_metadata"": {""complete"": true, ""high"": 100.0, ""instance_type"": ""random_asymmetric"", ""low"": 1.0, ""n"": 8, ""seed"": 3, ""symmetric"": false}, ""requires_metric_symmetric_complete"": true}"
small_exact,small_exact_random_asymmetric_n8_seed3,random_asymmetric,8,3,networkx_greedy,ok,"[7, 4, 2, 0, 1, 3, 6, 5]",225.18352039459603,214.6451166951947,0.04909687143903821,True,True,0.0003154000000904489,252.953125,252.953125,0.0,,,,214.6451166951947,0.04909687143903821,True,"{""finite_edges"": true, ""instance_metadata"": {""complete"": true, ""high"": 100.0, ""instance_type"": ""random_asymmetric"", ""low"": 1.0, ""n"": 8, ""seed"": 3, ""symmetric"": false}, ""valid_route"": true}"
small_exact,small_exact_random_asymmetric_n8_seed3,random_asymmetric,8,3,python_tsp_dynamic_programming,skipped_missing_dependency,,,214.6451166951947,nan,,,0.0008146000000124332,252.953125,252.953125,0.0,,,,214.6451166951947,nan,True,"{""instance_metadata"": {""complete"": true, ""high"": 100.0, ""instance_type"": ""random_asymmetric"", ""low"": 1.0, ""n"": 8, ""seed"": 3, ""symmetric"": false}}"
small_exact,small_exact_euclidean_n8_seed4,euclidean,8,4,tn_exact,ok,"[7, 1, 3, 2, 6, 4, 0, 5]",1987.6067512679601,1987.6067512679601,0.0,True,True,0.04384029999982886,252.953125,252.953125,0.0,16.0,,,1987.6067512679601,0.0,True,"{""finite_edges"": true, ""instance_metadata"": {""complete"": true, ""instance_type"": ""euclidean"", ""n"": 8, ""points"": [[943.0561055723676, 511.3275528143616], [976.2437057077042, 80.83602389560218], [607.3558319950296, 376.48658437727255], [801.9012069858072, 174.52781614402846], [871.6352741876564, 543.9414007634982], [902.2150797159884, 477.1535238392063], [430.4962777294131, 788.9467175443294], [984.1529999311214, 369.72579265242877]], ""scale"": 1000.0, ""seed"": 4, ""symmetric"": true}, ""n_layers"": null, ""normalization_factor"": 894.0139873651874, ""normalize"": true, ""seed"": 0, ""tau"": 16.0, ""valid_route"": true}"
small_exact,small_exact_euclidean_n8_seed4,euclidean,8,4,held_karp,ok,"[7, 1, 3, 2, 6, 4, 0, 5]",1987.6067512679601,1987.6067512679601,0.0,True,True,0.0005616999997073435,252.953125,252.953125,0.0,,,,1987.6067512679601,0.0,True,"{""instance_metadata"": {""complete"": true, ""instance_type"": ""euclidean"", ""n"": 8, ""points"": [[943.0561055723676, 511.3275528143616], [976.2437057077042, 80.83602389560218], [607.3558319950296, 376.48658437727255], [801.9012069858072, 174.52781614402846], [871.6352741876564, 543.9414007634982], [902.2150797159884, 477.1535238392063], [430.4962777294131, 788.9467175443294], [984.1529999311214, 369.72579265242877]], ""scale"": 1000.0, ""seed"": 4, ""symmetric"": true}, ""max_n"": 18, ""start"": 7}"
small_exact,small_exact_euclidean_n8_seed4,euclidean,8,4,bruteforce,ok,"[7, 1, 3, 2, 6, 4, 0, 5]",1987.6067512679601,1987.6067512679601,0.0,True,True,0.02083809999976438,252.953125,252.953125,0.0,,,,1987.6067512679601,0.0,True,"{""instance_metadata"": {""complete"": true, ""instance_type"": ""euclidean"", ""n"": 8, ""points"": [[943.0561055723676, 511.3275528143616], [976.2437057077042, 80.83602389560218], [607.3558319950296, 376.48658437727255], [801.9012069858072, 174.52781614402846], [871.6352741876564, 543.9414007634982], [902.2150797159884, 477.1535238392063], [430.4962777294131, 788.9467175443294], [984.1529999311214, 369.72579265242877]], ""scale"": 1000.0, ""seed"": 4, ""symmetric"": true}, ""max_n"": 10, ""permutations_checked"": 5040, ""start"": 7}"
small_exact,small_exact_euclidean_n8_seed4,euclidean,8,4,ortools,ok,"[7, 5, 0, 4, 6, 2, 3, 1]",1987.6067512679604,1987.6067512679601,1.143957049341792e-16,True,True,0.0018699000002015964,252.953125,252.953125,0.0,,,5.0,1987.6067512679601,1.143957049341792e-16,True,"{""finite_edges"": true, ""infinity_penalty"": 7152111896000, ""instance_metadata"": {""complete"": true, ""instance_type"": ""euclidean"", ""n"": 8, ""points"": [[943.0561055723676, 511.3275528143616], [976.2437057077042, 80.83602389560218], [607.3558319950296, 376.48658437727255], [801.9012069858072, 174.52781614402846], [871.6352741876564, 543.9414007634982], [902.2150797159884, 477.1535238392063], [430.4962777294131, 788.9467175443294], [984.1529999311214, 369.72579265242877]], ""scale"": 1000.0, ""seed"": 4, ""symmetric"": true}, ""integer_scale"": 1000000, ""start"": 7, ""time_limit_s"": 5.0, ""valid_route"": true}"
small_exact,small_exact_euclidean_n8_seed4,euclidean,8,4,networkx_christofides,ok,"[7, 3, 1, 2, 6, 4, 0, 5]",2157.9878642352883,1987.6067512679601,0.08572174191833289,True,True,0.0011316999998598476,252.953125,252.953125,0.0,,,,1987.6067512679601,0.08572174191833289,True,"{""finite_edges"": true, ""instance_metadata"": {""complete"": true, ""instance_type"": ""euclidean"", ""n"": 8, ""points"": [[943.0561055723676, 511.3275528143616], [976.2437057077042, 80.83602389560218], [607.3558319950296, 376.48658437727255], [801.9012069858072, 174.52781614402846], [871.6352741876564, 543.9414007634982], [902.2150797159884, 477.1535238392063], [430.4962777294131, 788.9467175443294], [984.1529999311214, 369.72579265242877]], ""scale"": 1000.0, ""seed"": 4, ""symmetric"": true}, ""requires_metric_symmetric_complete"": true, ""valid_route"": true}"
small_exact,small_exact_euclidean_n8_seed4,euclidean,8,4,networkx_greedy,ok,"[7, 5, 0, 4, 2, 3, 1, 6]",2646.5642652048505,1987.6067512679601,0.33153314332250056,True,True,0.00019499999962135917,252.953125,252.953125,0.0,,,,1987.6067512679601,0.33153314332250056,True,"{""finite_edges"": true, ""instance_metadata"": {""complete"": true, ""instance_type"": ""euclidean"", ""n"": 8, ""points"": [[943.0561055723676, 511.3275528143616], [976.2437057077042, 80.83602389560218], [607.3558319950296, 376.48658437727255], [801.9012069858072, 174.52781614402846], [871.6352741876564, 543.9414007634982], [902.2150797159884, 477.1535238392063], [430.4962777294131, 788.9467175443294], [984.1529999311214, 369.72579265242877]], ""scale"": 1000.0, ""seed"": 4, ""symmetric"": true}, ""valid_route"": true}"
small_exact,small_exact_euclidean_n8_seed4,euclidean,8,4,python_tsp_dynamic_programming,skipped_missing_dependency,,,1987.6067512679601,nan,,,0.0008834999998725834,252.953125,252.953125,0.0,,,,1987.6067512679601,nan,True,"{""instance_metadata"": {""complete"": true, ""instance_type"": ""euclidean"", ""n"": 8, ""points"": [[943.0561055723676, 511.3275528143616], [976.2437057077042, 80.83602389560218], [607.3558319950296, 376.48658437727255], [801.9012069858072, 174.52781614402846], [871.6352741876564, 543.9414007634982], [902.2150797159884, 477.1535238392063], [430.4962777294131, 788.9467175443294], [984.1529999311214, 369.72579265242877]], ""scale"": 1000.0, ""seed"": 4, ""symmetric"": true}}"
small_exact,small_exact_random_symmetric_n8_seed4,random_symmetric,8,4,tn_exact,ok,"[7, 1, 4, 2, 5, 6, 3, 0]",319.280983276246,319.280983276246,0.0,True,True,0.04992659999970783,252.953125,252.95703125,0.00390625,16.0,,,319.280983276246,0.0,True,"{""finite_edges"": true, ""instance_metadata"": {""complete"": true, ""high"": 100.0, ""instance_type"": ""random_symmetric"", ""low"": 1.0, ""n"": 8, ""seed"": 4, ""symmetric"": true}, ""n_layers"": null, ""normalization_factor"": 97.28624046368498, ""normalize"": true, ""seed"": 0, ""tau"": 16.0, ""valid_route"": true}"
small_exact,small_exact_random_symmetric_n8_seed4,random_symmetric,8,4,held_karp,ok,"[7, 1, 4, 2, 5, 6, 3, 0]",319.280983276246,319.280983276246,0.0,True,True,0.000785499999892636,252.95703125,252.95703125,0.0,,,,319.280983276246,0.0,True,"{""instance_metadata"": {""complete"": true, ""high"": 100.0, ""instance_type"": ""random_symmetric"", ""low"": 1.0, ""n"": 8, ""seed"": 4, ""symmetric"": true}, ""max_n"": 18, ""start"": 7}"
small_exact,small_exact_random_symmetric_n8_seed4,random_symmetric,8,4,bruteforce,ok,"[7, 1, 4, 2, 5, 6, 3, 0]",319.280983276246,319.280983276246,0.0,True,True,0.021395100000063394,252.95703125,252.95703125,0.0,,,,319.280983276246,0.0,True,"{""instance_metadata"": {""complete"": true, ""high"": 100.0, ""instance_type"": ""random_symmetric"", ""low"": 1.0, ""n"": 8, ""seed"": 4, ""symmetric"": true}, ""max_n"": 10, ""permutations_checked"": 5040, ""start"": 7}"
small_exact,small_exact_random_symmetric_n8_seed4,random_symmetric,8,4,ortools,ok,"[7, 0, 3, 6, 5, 2, 4, 1]",319.28098327624605,319.280983276246,1.7803571724666847e-16,True,True,0.002474599999914062,252.95703125,252.95703125,0.0,,,5.0,319.280983276246,1.7803571724666847e-16,True,"{""finite_edges"": true, ""infinity_penalty"": 778289920000, ""instance_metadata"": {""complete"": true, ""high"": 100.0, ""instance_type"": ""random_symmetric"", ""low"": 1.0, ""n"": 8, ""seed"": 4, ""symmetric"": true}, ""integer_scale"": 1000000, ""start"": 7, ""time_limit_s"": 5.0, ""valid_route"": true}"
small_exact,small_exact_random_symmetric_n8_seed4,random_symmetric,8,4,networkx_christofides,skipped_not_applicable,,,319.280983276246,nan,,,0.00017009999965011957,252.95703125,252.95703125,0.0,,,,319.280983276246,nan,True,"{""instance_metadata"": {""complete"": true, ""high"": 100.0, ""instance_type"": ""random_symmetric"", ""low"": 1.0, ""n"": 8, ""seed"": 4, ""symmetric"": true}, ""requires_metric_symmetric_complete"": true}"
small_exact,small_exact_random_symmetric_n8_seed4,random_symmetric,8,4,networkx_greedy,ok,"[7, 0, 3, 6, 5, 4, 2, 1]",355.05726318910365,319.280983276246,0.11205264887919605,True,True,0.0002003000004151545,252.95703125,252.95703125,0.0,,,,319.280983276246,0.11205264887919605,True,"{""finite_edges"": true, ""instance_metadata"": {""complete"": true, ""high"": 100.0, ""instance_type"": ""random_symmetric"", ""low"": 1.0, ""n"": 8, ""seed"": 4, ""symmetric"": true}, ""valid_route"": true}"
small_exact,small_exact_random_symmetric_n8_seed4,random_symmetric,8,4,python_tsp_dynamic_programming,skipped_missing_dependency,,,319.280983276246,nan,,,0.000824199999897246,252.95703125,252.95703125,0.0,,,,319.280983276246,nan,True,"{""instance_metadata"": {""complete"": true, ""high"": 100.0, ""instance_type"": ""random_symmetric"", ""low"": 1.0, ""n"": 8, ""seed"": 4, ""symmetric"": true}}"
small_exact,small_exact_random_asymmetric_n8_seed4,random_asymmetric,8,4,tn_exact,ok,"[7, 0, 3, 5, 6, 1, 4, 2]",217.49388944423853,217.49388944423853,0.0,True,True,0.08678480000025957,252.95703125,252.95703125,0.0,16.0,,,217.49388944423853,0.0,True,"{""finite_edges"": true, ""instance_metadata"": {""complete"": true, ""high"": 100.0, ""instance_type"": ""random_asymmetric"", ""low"": 1.0, ""n"": 8, ""seed"": 4, ""symmetric"": false}, ""n_layers"": null, ""normalization_factor"": 98.43114699318102, ""normalize"": true, ""seed"": 0, ""tau"": 16.0, ""valid_route"": true}"
small_exact,small_exact_random_asymmetric_n8_seed4,random_asymmetric,8,4,held_karp,ok,"[7, 0, 3, 5, 6, 1, 4, 2]",217.49388944423853,217.49388944423853,0.0,True,True,0.0005973000002086337,252.95703125,252.95703125,0.0,,,,217.49388944423853,0.0,True,"{""instance_metadata"": {""complete"": true, ""high"": 100.0, ""instance_type"": ""random_asymmetric"", ""low"": 1.0, ""n"": 8, ""seed"": 4, ""symmetric"": false}, ""max_n"": 18, ""start"": 7}"
small_exact,small_exact_random_asymmetric_n8_seed4,random_asymmetric,8,4,bruteforce,ok,"[7, 0, 3, 5, 6, 1, 4, 2]",217.49388944423853,217.49388944423853,0.0,True,True,0.018932299999960378,252.95703125,252.95703125,0.0,,,,217.49388944423853,0.0,True,"{""instance_metadata"": {""complete"": true, ""high"": 100.0, ""instance_type"": ""random_asymmetric"", ""low"": 1.0, ""n"": 8, ""seed"": 4, ""symmetric"": false}, ""max_n"": 10, ""permutations_checked"": 5040, ""start"": 7}"
small_exact,small_exact_random_asymmetric_n8_seed4,random_asymmetric,8,4,ortools,ok,"[7, 1, 4, 2, 6, 3, 5, 0]",289.6401350225534,217.49388944423853,0.33171619562586313,True,True,0.0019833000001199252,252.95703125,252.95703125,0.0,,,5.0,217.49388944423853,0.33171619562586313,True,"{""finite_edges"": true, ""infinity_penalty"": 787449176000, ""instance_metadata"": {""complete"": true, ""high"": 100.0, ""instance_type"": ""random_asymmetric"", ""low"": 1.0, ""n"": 8, ""seed"": 4, ""symmetric"": false}, ""integer_scale"": 1000000, ""start"": 7, ""time_limit_s"": 5.0, ""valid_route"": true}"
small_exact,small_exact_random_asymmetric_n8_seed4,random_asymmetric,8,4,networkx_christofides,skipped_not_applicable,,,217.49388944423853,nan,,,0.00016830000004119938,252.95703125,252.95703125,0.0,,,,217.49388944423853,nan,True,"{""instance_metadata"": {""complete"": true, ""high"": 100.0, ""instance_type"": ""random_asymmetric"", ""low"": 1.0, ""n"": 8, ""seed"": 4, ""symmetric"": false}, ""requires_metric_symmetric_complete"": true}"
small_exact,small_exact_random_asymmetric_n8_seed4,random_asymmetric,8,4,networkx_greedy,ok,"[7, 1, 4, 2, 3, 5, 6, 0]",320.75076914053204,217.49388944423853,0.47475761254785365,True,True,0.00020200000017212005,252.95703125,252.95703125,0.0,,,,217.49388944423853,0.47475761254785365,True,"{""finite_edges"": true, ""instance_metadata"": {""complete"": true, ""high"": 100.0, ""instance_type"": ""random_asymmetric"", ""low"": 1.0, ""n"": 8, ""seed"": 4, ""symmetric"": false}, ""valid_route"": true}"
small_exact,small_exact_random_asymmetric_n8_seed4,random_asymmetric,8,4,python_tsp_dynamic_programming,skipped_missing_dependency,,,217.49388944423853,nan,,,0.0006367000000864209,252.95703125,252.95703125,0.0,,,,217.49388944423853,nan,True,"{""instance_metadata"": {""complete"": true, ""high"": 100.0, ""instance_type"": ""random_asymmetric"", ""low"": 1.0, ""n"": 8, ""seed"": 4, ""symmetric"": false}}"
small_exact,small_exact_euclidean_n9_seed0,euclidean,9,0,tn_exact,ok,"[8, 2, 4, 3, 1, 5, 6, 7, 0]",3273.773087016747,3273.773087016747,0.0,True,True,0.1191740000003847,252.95703125,254.609375,1.65234375,28.0,,,3273.773087016747,0.0,True,"{""finite_edges"": true, ""instance_metadata"": {""complete"": true, ""instance_type"": ""euclidean"", ""n"": 9, ""points"": [[636.9616873214543, 269.7867137638703], [40.97352393619469, 16.527635528529096], [813.2702392002724, 912.7555772777217], [606.6357757671799, 729.4965609839984], [543.6249914654229, 935.0724237877682], [815.8535541215322, 2.738500170148095], [857.4042765875694, 33.58557530546435], [729.655446429944, 175.65562060255903], [863.1789223498865, 541.4612202490918]], ""scale"": 1000.0, ""seed"": 0, ""symmetric"": true}, ""n_layers"": null, ""normalization_factor"": 1183.0751201760934, ""normalize"": true, ""seed"": 0, ""tau"": 28.0, ""valid_route"": true}"
small_exact,small_exact_euclidean_n9_seed0,euclidean,9,0,held_karp,ok,"[8, 2, 4, 3, 1, 5, 6, 7, 0]",3273.773087016747,3273.773087016747,0.0,True,True,0.0022690000000693544,254.609375,254.61328125,0.00390625,,,,3273.773087016747,0.0,True,"{""instance_metadata"": {""complete"": true, ""instance_type"": ""euclidean"", ""n"": 9, ""points"": [[636.9616873214543, 269.7867137638703], [40.97352393619469, 16.527635528529096], [813.2702392002724, 912.7555772777217], [606.6357757671799, 729.4965609839984], [543.6249914654229, 935.0724237877682], [815.8535541215322, 2.738500170148095], [857.4042765875694, 33.58557530546435], [729.655446429944, 175.65562060255903], [863.1789223498865, 541.4612202490918]], ""scale"": 1000.0, ""seed"": 0, ""symmetric"": true}, ""max_n"": 18, ""start"": 8}"
small_exact,small_exact_euclidean_n9_seed0,euclidean,9,0,bruteforce,ok,"[8, 0, 7, 6, 5, 1, 3, 4, 2]",3273.773087016747,3273.773087016747,0.0,True,True,0.20740089999981137,254.61328125,254.61328125,0.0,,,,3273.773087016747,0.0,True,"{""instance_metadata"": {""complete"": true, ""instance_type"": ""euclidean"", ""n"": 9, ""points"": [[636.9616873214543, 269.7867137638703], [40.97352393619469, 16.527635528529096], [813.2702392002724, 912.7555772777217], [606.6357757671799, 729.4965609839984], [543.6249914654229, 935.0724237877682], [815.8535541215322, 2.738500170148095], [857.4042765875694, 33.58557530546435], [729.655446429944, 175.65562060255903], [863.1789223498865, 541.4612202490918]], ""scale"": 1000.0, ""seed"": 0, ""symmetric"": true}, ""max_n"": 10, ""permutations_checked"": 40320, ""start"": 8}"
small_exact,small_exact_euclidean_n9_seed0,euclidean,9,0,ortools,ok,"[8, 2, 4, 3, 1, 5, 6, 7, 0]",3273.773087016747,3273.773087016747,0.0,True,True,0.0016847000001689594,254.61328125,255.5234375,0.91015625,,,5.0,3273.773087016747,0.0,True,"{""finite_edges"": true, ""infinity_penalty"": 10647676080000, ""instance_metadata"": {""complete"": true, ""instance_type"": ""euclidean"", ""n"": 9, ""points"": [[636.9616873214543, 269.7867137638703], [40.97352393619469, 16.527635528529096], [813.2702392002724, 912.7555772777217], [606.6357757671799, 729.4965609839984], [543.6249914654229, 935.0724237877682], [815.8535541215322, 2.738500170148095], [857.4042765875694, 33.58557530546435], [729.655446429944, 175.65562060255903], [863.1789223498865, 541.4612202490918]], ""scale"": 1000.0, ""seed"": 0, ""symmetric"": true}, ""integer_scale"": 1000000, ""start"": 8, ""time_limit_s"": 5.0, ""valid_route"": true}"
small_exact,small_exact_euclidean_n9_seed0,euclidean,9,0,networkx_christofides,ok,"[8, 1, 5, 6, 7, 0, 2, 4, 3]",3595.7700878624187,3273.773087016747,0.09835654221810898,True,True,0.0007829000001038366,255.5234375,255.5234375,0.0,,,,3273.773087016747,0.09835654221810898,True,"{""finite_edges"": true, ""instance_metadata"": {""complete"": true, ""instance_type"": ""euclidean"", ""n"": 9, ""points"": [[636.9616873214543, 269.7867137638703], [40.97352393619469, 16.527635528529096], [813.2702392002724, 912.7555772777217], [606.6357757671799, 729.4965609839984], [543.6249914654229, 935.0724237877682], [815.8535541215322, 2.738500170148095], [857.4042765875694, 33.58557530546435], [729.655446429944, 175.65562060255903], [863.1789223498865, 541.4612202490918]], ""scale"": 1000.0, ""seed"": 0, ""symmetric"": true}, ""requires_metric_symmetric_complete"": true, ""valid_route"": true}"
small_exact,small_exact_euclidean_n9_seed0,euclidean,9,0,networkx_greedy,ok,"[8, 1, 5, 6, 7, 0, 2, 4, 3]",3595.7700878624187,3273.773087016747,0.09835654221810898,True,True,0.00012960000003658934,255.5234375,255.5234375,0.0,,,,3273.773087016747,0.09835654221810898,True,"{""finite_edges"": true, ""instance_metadata"": {""complete"": true, ""instance_type"": ""euclidean"", ""n"": 9, ""points"": [[636.9616873214543, 269.7867137638703], [40.97352393619469, 16.527635528529096], [813.2702392002724, 912.7555772777217], [606.6357757671799, 729.4965609839984], [543.6249914654229, 935.0724237877682], [815.8535541215322, 2.738500170148095], [857.4042765875694, 33.58557530546435], [729.655446429944, 175.65562060255903], [863.1789223498865, 541.4612202490918]], ""scale"": 1000.0, ""seed"": 0, ""symmetric"": true}, ""valid_route"": true}"
small_exact,small_exact_euclidean_n9_seed0,euclidean,9,0,python_tsp_dynamic_programming,skipped_missing_dependency,,,3273.773087016747,nan,,,0.00048000000015235855,255.5234375,255.5234375,0.0,,,,3273.773087016747,nan,True,"{""instance_metadata"": {""complete"": true, ""instance_type"": ""euclidean"", ""n"": 9, ""points"": [[636.9616873214543, 269.7867137638703], [40.97352393619469, 16.527635528529096], [813.2702392002724, 912.7555772777217], [606.6357757671799, 729.4965609839984], [543.6249914654229, 935.0724237877682], [815.8535541215322, 2.738500170148095], [857.4042765875694, 33.58557530546435], [729.655446429944, 175.65562060255903], [863.1789223498865, 541.4612202490918]], ""scale"": 1000.0, ""seed"": 0, ""symmetric"": true}}"
small_exact,small_exact_random_symmetric_n9_seed0,random_symmetric,9,0,tn_exact,ok,"[8, 0, 2, 1, 6, 7, 3, 5, 4]",280.77402284609394,280.5098921946555,0.0009416090440588107,True,True,0.10929699999996956,255.5234375,255.54296875,0.01953125,28.0,,,280.5098921946555,0.0009416090440588107,True,"{""finite_edges"": true, ""instance_metadata"": {""complete"": true, ""high"": 100.0, ""instance_type"": ""random_symmetric"", ""low"": 1.0, ""n"": 9, ""seed"": 0, ""symmetric"": true}, ""n_layers"": null, ""normalization_factor"": 90.24998149948445, ""normalize"": true, ""seed"": 0, ""tau"": 28.0, ""valid_route"": true}"
small_exact,small_exact_random_symmetric_n9_seed0,random_symmetric,9,0,held_karp,ok,"[8, 4, 3, 5, 6, 7, 1, 2, 0]",280.5098921946555,280.5098921946555,0.0,True,True,0.0021525000001929584,255.54296875,255.54296875,0.0,,,,280.5098921946555,0.0,True,"{""instance_metadata"": {""complete"": true, ""high"": 100.0, ""instance_type"": ""random_symmetric"", ""low"": 1.0, ""n"": 9, ""seed"": 0, ""symmetric"": true}, ""max_n"": 18, ""start"": 8}"
small_exact,small_exact_random_symmetric_n9_seed0,random_symmetric,9,0,bruteforce,ok,"[8, 0, 2, 1, 7, 6, 5, 3, 4]",280.5098921946555,280.5098921946555,0.0,True,True,0.17348549999996976,255.54296875,255.54296875,0.0,,,,280.5098921946555,0.0,True,"{""instance_metadata"": {""complete"": true, ""high"": 100.0, ""instance_type"": ""random_symmetric"", ""low"": 1.0, ""n"": 9, ""seed"": 0, ""symmetric"": true}, ""max_n"": 10, ""permutations_checked"": 40320, ""start"": 8}"
small_exact,small_exact_random_symmetric_n9_seed0,random_symmetric,9,0,ortools,ok,"[8, 4, 3, 5, 6, 7, 1, 2, 0]",280.5098921946555,280.5098921946555,0.0,True,True,0.0015740000003461319,255.54296875,255.55078125,0.0078125,,,5.0,280.5098921946555,0.0,True,"{""finite_edges"": true, ""infinity_penalty"": 812249829000, ""instance_metadata"": {""complete"": true, ""high"": 100.0, ""instance_type"": ""random_symmetric"", ""low"": 1.0, ""n"": 9, ""seed"": 0, ""symmetric"": true}, ""integer_scale"": 1000000, ""start"": 8, ""time_limit_s"": 5.0, ""valid_route"": true}"
small_exact,small_exact_random_symmetric_n9_seed0,random_symmetric,9,0,networkx_christofides,skipped_not_applicable,,,280.5098921946555,nan,,,8.849999994708924e-05,255.55078125,255.55078125,0.0,,,,280.5098921946555,nan,True,"{""instance_metadata"": {""complete"": true, ""high"": 100.0, ""instance_type"": ""random_symmetric"", ""low"": 1.0, ""n"": 9, ""seed"": 0, ""symmetric"": true}, ""requires_metric_symmetric_complete"": true}"
small_exact,small_exact_random_symmetric_n9_seed0,random_symmetric,9,0,networkx_greedy,ok,"[8, 3, 5, 6, 7, 2, 0, 1, 4]",310.2621610477613,280.5098921946555,0.1060649541459297,True,True,0.00012489999971876387,255.55078125,255.55078125,0.0,,,,280.5098921946555,0.1060649541459297,True,"{""finite_edges"": true, ""instance_metadata"": {""complete"": true, ""high"": 100.0, ""instance_type"": ""random_symmetric"", ""low"": 1.0, ""n"": 9, ""seed"": 0, ""symmetric"": true}, ""valid_route"": true}"
small_exact,small_exact_random_symmetric_n9_seed0,random_symmetric,9,0,python_tsp_dynamic_programming,skipped_missing_dependency,,,280.5098921946555,nan,,,0.000532500000190339,255.55078125,255.55078125,0.0,,,,280.5098921946555,nan,True,"{""instance_metadata"": {""complete"": true, ""high"": 100.0, ""instance_type"": ""random_symmetric"", ""low"": 1.0, ""n"": 9, ""seed"": 0, ""symmetric"": true}}"
small_exact,small_exact_random_asymmetric_n9_seed0,random_asymmetric,9,0,tn_exact,ok,"[8, 0, 2, 3, 5, 1, 4, 7, 6]",161.02768479121897,161.02768479121897,0.0,True,True,0.10266799999999421,255.55078125,255.578125,0.02734375,28.0,,,161.02768479121897,0.0,True,"{""finite_edges"": true, ""instance_metadata"": {""complete"": true, ""high"": 100.0, ""instance_type"": ""random_asymmetric"", ""low"": 1.0, ""n"": 9, ""seed"": 0, ""symmetric"": false}, ""n_layers"": null, ""normalization_factor"": 99.7237836431319, ""normalize"": true, ""seed"": 0, ""tau"": 28.0, ""valid_route"": true}"
small_exact,small_exact_random_asymmetric_n9_seed0,random_asymmetric,9,0,held_karp,ok,"[8, 0, 2, 3, 5, 1, 4, 7, 6]",161.02768479121897,161.02768479121897,0.0,True,True,0.0021747000000686967,255.578125,255.5859375,0.0078125,,,,161.02768479121897,0.0,True,"{""instance_metadata"": {""complete"": true, ""high"": 100.0, ""instance_type"": ""random_asymmetric"", ""low"": 1.0, ""n"": 9, ""seed"": 0, ""symmetric"": false}, ""max_n"": 18, ""start"": 8}"
small_exact,small_exact_random_asymmetric_n9_seed0,random_asymmetric,9,0,bruteforce,ok,"[8, 0, 2, 3, 5, 1, 4, 7, 6]",161.02768479121897,161.02768479121897,0.0,True,True,0.19406019999996715,255.5859375,255.5859375,0.0,,,,161.02768479121897,0.0,True,"{""instance_metadata"": {""complete"": true, ""high"": 100.0, ""instance_type"": ""random_asymmetric"", ""low"": 1.0, ""n"": 9, ""seed"": 0, ""symmetric"": false}, ""max_n"": 10, ""permutations_checked"": 40320, ""start"": 8}"
small_exact,small_exact_random_asymmetric_n9_seed0,random_asymmetric,9,0,ortools,ok,"[8, 4, 7, 6, 1, 2, 0, 3, 5]",179.92765701507346,161.02768479121897,0.11737094927719614,True,True,0.001723500000025524,255.5859375,255.5859375,0.0,,,5.0,161.02768479121897,0.11737094927719614,True,"{""finite_edges"": true, ""infinity_penalty"": 897514056000, ""instance_metadata"": {""complete"": true, ""high"": 100.0, ""instance_type"": ""random_asymmetric"", ""low"": 1.0, ""n"": 9, ""seed"": 0, ""symmetric"": false}, ""integer_scale"": 1000000, ""start"": 8, ""time_limit_s"": 5.0, ""valid_route"": true}"
small_exact,small_exact_random_asymmetric_n9_seed0,random_asymmetric,9,0,networkx_christofides,skipped_not_applicable,,,161.02768479121897,nan,,,8.329999991474324e-05,255.5859375,255.5859375,0.0,,,,161.02768479121897,nan,True,"{""instance_metadata"": {""complete"": true, ""high"": 100.0, ""instance_type"": ""random_asymmetric"", ""low"": 1.0, ""n"": 9, ""seed"": 0, ""symmetric"": false}, ""requires_metric_symmetric_complete"": true}"
small_exact,small_exact_random_asymmetric_n9_seed0,random_asymmetric,9,0,networkx_greedy,ok,"[8, 3, 5, 1, 2, 0, 6, 7, 4]",328.6525904969258,161.02768479121897,1.040969482502599,True,True,0.00014870000040900777,255.5859375,255.5859375,0.0,,,,161.02768479121897,1.040969482502599,True,"{""finite_edges"": true, ""instance_metadata"": {""complete"": true, ""high"": 100.0, ""instance_type"": ""random_asymmetric"", ""low"": 1.0, ""n"": 9, ""seed"": 0, ""symmetric"": false}, ""valid_route"": true}"
small_exact,small_exact_random_asymmetric_n9_seed0,random_asymmetric,9,0,python_tsp_dynamic_programming,skipped_missing_dependency,,,161.02768479121897,nan,,,0.000536399999873538,255.5859375,255.5859375,0.0,,,,161.02768479121897,nan,True,"{""instance_metadata"": {""complete"": true, ""high"": 100.0, ""instance_type"": ""random_asymmetric"", ""low"": 1.0, ""n"": 9, ""seed"": 0, ""symmetric"": false}}"
small_exact,small_exact_euclidean_n9_seed1,euclidean,9,1,tn_exact,ok,"[8, 7, 2, 4, 3, 5, 0, 6, 1]",2803.043157500547,2803.043157500547,0.0,True,True,0.09283929999992324,255.58984375,255.7265625,0.13671875,28.0,,,2803.043157500547,0.0,True,"{""finite_edges"": true, ""instance_metadata"": {""complete"": true, ""instance_type"": ""euclidean"", ""n"": 9, ""points"": [[511.82162470025673, 950.4636963259353], [144.15961271963374, 948.6494471372439], [311.83145201048546, 423.32644897257563], [827.7025938204417, 409.1991363691613], [549.5936876730595, 27.559113243068367], [753.5131086748066, 538.1433132192782], [329.73171649909216, 788.4287034284043], [303.19482929164496, 453.4978894806515], [134.04169724716473, 403.11298644712923]], ""scale"": 1000.0, ""seed"": 1, ""symmetric"": true}, ""n_layers"": null, ""normalization_factor"": 1006.3717962694622, ""normalize"": true, ""seed"": 0, ""tau"": 28.0, ""valid_route"": true}"
small_exact,small_exact_euclidean_n9_seed1,euclidean,9,1,held_karp,ok,"[8, 7, 2, 4, 3, 5, 0, 6, 1]",2803.043157500547,2803.043157500547,0.0,True,True,0.002335900000161928,255.7265625,255.7265625,0.0,,,,2803.043157500547,0.0,True,"{""instance_metadata"": {""complete"": true, ""instance_type"": ""euclidean"", ""n"": 9, ""points"": [[511.82162470025673, 950.4636963259353], [144.15961271963374, 948.6494471372439], [311.83145201048546, 423.32644897257563], [827.7025938204417, 409.1991363691613], [549.5936876730595, 27.559113243068367], [753.5131086748066, 538.1433132192782], [329.73171649909216, 788.4287034284043], [303.19482929164496, 453.4978894806515], [134.04169724716473, 403.11298644712923]], ""scale"": 1000.0, ""seed"": 1, ""symmetric"": true}, ""max_n"": 18, ""start"": 8}"
small_exact,small_exact_euclidean_n9_seed1,euclidean,9,1,bruteforce,ok,"[8, 1, 6, 0, 5, 3, 4, 2, 7]",2803.043157500547,2803.043157500547,0.0,True,True,0.1920402999999169,255.7265625,255.7265625,0.0,,,,2803.043157500547,0.0,True,"{""instance_metadata"": {""complete"": true, ""instance_type"": ""euclidean"", ""n"": 9, ""points"": [[511.82162470025673, 950.4636963259353], [144.15961271963374, 948.6494471372439], [311.83145201048546, 423.32644897257563], [827.7025938204417, 409.1991363691613], [549.5936876730595, 27.559113243068367], [753.5131086748066, 538.1433132192782], [329.73171649909216, 788.4287034284043], [303.19482929164496, 453.4978894806515], [134.04169724716473, 403.11298644712923]], ""scale"": 1000.0, ""seed"": 1, ""symmetric"": true}, ""max_n"": 10, ""permutations_checked"": 40320, ""start"": 8}"
small_exact,small_exact_euclidean_n9_seed1,euclidean,9,1,ortools,ok,"[8, 1, 6, 0, 5, 3, 4, 2, 7]",2803.043157500547,2803.043157500547,0.0,True,True,0.0017490999998699408,255.7265625,255.7265625,0.0,,,5.0,2803.043157500547,0.0,True,"{""finite_edges"": true, ""infinity_penalty"": 9057346164000, ""instance_metadata"": {""complete"": true, ""instance_type"": ""euclidean"", ""n"": 9, ""points"": [[511.82162470025673, 950.4636963259353], [144.15961271963374, 948.6494471372439], [311.83145201048546, 423.32644897257563], [827.7025938204417, 409.1991363691613], [549.5936876730595, 27.559113243068367], [753.5131086748066, 538.1433132192782], [329.73171649909216, 788.4287034284043], [303.19482929164496, 453.4978894806515], [134.04169724716473, 403.11298644712923]], ""scale"": 1000.0, ""seed"": 1, ""symmetric"": true}, ""integer_scale"": 1000000, ""start"": 8, ""time_limit_s"": 5.0, ""valid_route"": true}"
small_exact,small_exact_euclidean_n9_seed1,euclidean,9,1,networkx_christofides,ok,"[8, 1, 0, 6, 7, 2, 4, 3, 5]",3241.105044858848,2803.043157500547,0.15628082150148476,True,True,0.0009337999999843305,255.7265625,255.73046875,0.00390625,,,,2803.043157500547,0.15628082150148476,True,"{""finite_edges"": true, ""instance_metadata"": {""complete"": true, ""instance_type"": ""euclidean"", ""n"": 9, ""points"": [[511.82162470025673, 950.4636963259353], [144.15961271963374, 948.6494471372439], [311.83145201048546, 423.32644897257563], [827.7025938204417, 409.1991363691613], [549.5936876730595, 27.559113243068367], [753.5131086748066, 538.1433132192782], [329.73171649909216, 788.4287034284043], [303.19482929164496, 453.4978894806515], [134.04169724716473, 403.11298644712923]], ""scale"": 1000.0, ""seed"": 1, ""symmetric"": true}, ""requires_metric_symmetric_complete"": true, ""valid_route"": true}"
small_exact,small_exact_euclidean_n9_seed1,euclidean,9,1,networkx_greedy,ok,"[8, 4, 3, 5, 1, 0, 6, 2, 7]",3100.660019131026,2803.043157500547,0.10617633939530984,True,True,0.0001253000000360771,255.73046875,255.734375,0.00390625,,,,2803.043157500547,0.10617633939530984,True,"{""finite_edges"": true, ""instance_metadata"": {""complete"": true, ""instance_type"": ""euclidean"", ""n"": 9, ""points"": [[511.82162470025673, 950.4636963259353], [144.15961271963374, 948.6494471372439], [311.83145201048546, 423.32644897257563], [827.7025938204417, 409.1991363691613], [549.5936876730595, 27.559113243068367], [753.5131086748066, 538.1433132192782], [329.73171649909216, 788.4287034284043], [303.19482929164496, 453.4978894806515], [134.04169724716473, 403.11298644712923]], ""scale"": 1000.0, ""seed"": 1, ""symmetric"": true}, ""valid_route"": true}"
small_exact,small_exact_euclidean_n9_seed1,euclidean,9,1,python_tsp_dynamic_programming,skipped_missing_dependency,,,2803.043157500547,nan,,,0.000510600000325212,255.734375,255.734375,0.0,,,,2803.043157500547,nan,True,"{""instance_metadata"": {""complete"": true, ""instance_type"": ""euclidean"", ""n"": 9, ""points"": [[511.82162470025673, 950.4636963259353], [144.15961271963374, 948.6494471372439], [311.83145201048546, 423.32644897257563], [827.7025938204417, 409.1991363691613], [549.5936876730595, 27.559113243068367], [753.5131086748066, 538.1433132192782], [329.73171649909216, 788.4287034284043], [303.19482929164496, 453.4978894806515], [134.04169724716473, 403.11298644712923]], ""scale"": 1000.0, ""seed"": 1, ""symmetric"": true}}"
small_exact,small_exact_random_symmetric_n9_seed1,random_symmetric,9,1,tn_exact,ok,"[8, 1, 6, 7, 5, 3, 4, 0, 2]",311.33160918650594,311.33160918650594,0.0,True,True,0.11757500000021537,255.734375,255.83203125,0.09765625,28.0,,,311.33160918650594,0.0,True,"{""finite_edges"": true, ""instance_metadata"": {""complete"": true, ""high"": 100.0, ""instance_type"": ""random_symmetric"", ""low"": 1.0, ""n"": 9, ""seed"": 1, ""symmetric"": true}, ""n_layers"": null, ""normalization_factor"": 90.93576631356741, ""normalize"": true, ""seed"": 0, ""tau"": 28.0, ""valid_route"": true}"
small_exact,small_exact_random_symmetric_n9_seed1,random_symmetric,9,1,held_karp,ok,"[8, 2, 0, 4, 3, 5, 7, 6, 1]",311.33160918650594,311.33160918650594,0.0,True,True,0.0022950000002310844,255.83203125,255.85546875,0.0234375,,,,311.33160918650594,0.0,True,"{""instance_metadata"": {""complete"": true, ""high"": 100.0, ""instance_type"": ""random_symmetric"", ""low"": 1.0, ""n"": 9, ""seed"": 1, ""symmetric"": true}, ""max_n"": 18, ""start"": 8}"
small_exact,small_exact_random_symmetric_n9_seed1,random_symmetric,9,1,bruteforce,ok,"[8, 1, 6, 7, 5, 3, 4, 0, 2]",311.33160918650594,311.33160918650594,0.0,True,True,0.19373770000038348,255.85546875,255.85546875,0.0,,,,311.33160918650594,0.0,True,"{""instance_metadata"": {""complete"": true, ""high"": 100.0, ""instance_type"": ""random_symmetric"", ""low"": 1.0, ""n"": 9, ""seed"": 1, ""symmetric"": true}, ""max_n"": 10, ""permutations_checked"": 40320, ""start"": 8}"
small_exact,small_exact_random_symmetric_n9_seed1,random_symmetric,9,1,ortools,ok,"[8, 1, 6, 5, 7, 2, 0, 4, 3]",327.8922995327319,311.33160918650594,0.053193090125022054,True,True,0.0014962000000195985,255.85546875,255.85546875,0.0,,,5.0,311.33160918650594,0.053193090125022054,True,"{""finite_edges"": true, ""infinity_penalty"": 818421894000, ""instance_metadata"": {""complete"": true, ""high"": 100.0, ""instance_type"": ""random_symmetric"", ""low"": 1.0, ""n"": 9, ""seed"": 1, ""symmetric"": true}, ""integer_scale"": 1000000, ""start"": 8, ""time_limit_s"": 5.0, ""valid_route"": true}"
small_exact,small_exact_random_symmetric_n9_seed1,random_symmetric,9,1,networkx_christofides,skipped_not_applicable,,,311.33160918650594,nan,,,9.390000013809185e-05,255.85546875,255.85546875,0.0,,,,311.33160918650594,nan,True,"{""instance_metadata"": {""complete"": true, ""high"": 100.0, ""instance_type"": ""random_symmetric"", ""low"": 1.0, ""n"": 9, ""seed"": 1, ""symmetric"": true}, ""requires_metric_symmetric_complete"": true}"
small_exact,small_exact_random_symmetric_n9_seed1,random_symmetric,9,1,networkx_greedy,ok,"[8, 1, 3, 4, 0, 2, 7, 6, 5]",362.99221622949,311.33160918650594,0.1659343462681822,True,True,0.00012759999981426517,255.85546875,255.85546875,0.0,,,,311.33160918650594,0.1659343462681822,True,"{""finite_edges"": true, ""instance_metadata"": {""complete"": true, ""high"": 100.0, ""instance_type"": ""random_symmetric"", ""low"": 1.0, ""n"": 9, ""seed"": 1, ""symmetric"": true}, ""valid_route"": true}"
small_exact,small_exact_random_symmetric_n9_seed1,random_symmetric,9,1,python_tsp_dynamic_programming,skipped_missing_dependency,,,311.33160918650594,nan,,,0.0005166999999346444,255.85546875,255.85546875,0.0,,,,311.33160918650594,nan,True,"{""instance_metadata"": {""complete"": true, ""high"": 100.0, ""instance_type"": ""random_symmetric"", ""low"": 1.0, ""n"": 9, ""seed"": 1, ""symmetric"": true}}"
small_exact,small_exact_random_asymmetric_n9_seed1,random_asymmetric,9,1,tn_exact,ok,"[8, 3, 4, 0, 2, 1, 5, 6, 7]",223.43579263643807,223.43579263643807,0.0,True,True,0.07961440000008224,255.859375,256.05078125,0.19140625,28.0,,,223.43579263643807,0.0,True,"{""finite_edges"": true, ""instance_metadata"": {""complete"": true, ""high"": 100.0, ""instance_type"": ""random_asymmetric"", ""low"": 1.0, ""n"": 9, ""seed"": 1, ""symmetric"": false}, ""n_layers"": null, ""normalization_factor"": 98.09298278032263, ""normalize"": true, ""seed"": 0, ""tau"": 28.0, ""valid_route"": true}"
small_exact,small_exact_random_asymmetric_n9_seed1,random_asymmetric,9,1,held_karp,ok,"[8, 3, 4, 0, 2, 1, 5, 6, 7]",223.43579263643807,223.43579263643807,0.0,True,True,0.0022198000001480978,256.05078125,256.0625,0.01171875,,,,223.43579263643807,0.0,True,"{""instance_metadata"": {""complete"": true, ""high"": 100.0, ""instance_type"": ""random_asymmetric"", ""low"": 1.0, ""n"": 9, ""seed"": 1, ""symmetric"": false}, ""max_n"": 18, ""start"": 8}"
small_exact,small_exact_random_asymmetric_n9_seed1,random_asymmetric,9,1,bruteforce,ok,"[8, 3, 4, 0, 2, 1, 5, 6, 7]",223.43579263643807,223.43579263643807,0.0,True,True,0.20826919999990423,256.0625,256.0625,0.0,,,,223.43579263643807,0.0,True,"{""instance_metadata"": {""complete"": true, ""high"": 100.0, ""instance_type"": ""random_asymmetric"", ""low"": 1.0, ""n"": 9, ""seed"": 1, ""symmetric"": false}, ""max_n"": 10, ""permutations_checked"": 40320, ""start"": 8}"
small_exact,small_exact_random_asymmetric_n9_seed1,random_asymmetric,9,1,ortools,ok,"[8, 3, 4, 0, 2, 1, 5, 6, 7]",223.43579263643807,223.43579263643807,0.0,True,True,0.0016642000000501866,256.0625,256.0625,0.0,,,5.0,223.43579263643807,0.0,True,"{""finite_edges"": true, ""infinity_penalty"": 882836847000, ""instance_metadata"": {""complete"": true, ""high"": 100.0, ""instance_type"": ""random_asymmetric"", ""low"": 1.0, ""n"": 9, ""seed"": 1, ""symmetric"": false}, ""integer_scale"": 1000000, ""start"": 8, ""time_limit_s"": 5.0, ""valid_route"": true}"
small_exact,small_exact_random_asymmetric_n9_seed1,random_asymmetric,9,1,networkx_christofides,skipped_not_applicable,,,223.43579263643807,nan,,,9.009999985210015e-05,256.0625,256.0625,0.0,,,,223.43579263643807,nan,True,"{""instance_metadata"": {""complete"": true, ""high"": 100.0, ""instance_type"": ""random_asymmetric"", ""low"": 1.0, ""n"": 9, ""seed"": 1, ""symmetric"": false}, ""requires_metric_symmetric_complete"": true}"
small_exact,small_exact_random_asymmetric_n9_seed1,random_asymmetric,9,1,networkx_greedy,ok,"[8, 3, 4, 0, 2, 1, 7, 5, 6]",301.8753122438626,223.43579263643807,0.3510606724279705,True,True,0.000156799999786017,256.0625,256.0625,0.0,,,,223.43579263643807,0.3510606724279705,True,"{""finite_edges"": true, ""instance_metadata"": {""complete"": true, ""high"": 100.0, ""instance_type"": ""random_asymmetric"", ""low"": 1.0, ""n"": 9, ""seed"": 1, ""symmetric"": false}, ""valid_route"": true}"
small_exact,small_exact_random_asymmetric_n9_seed1,random_asymmetric,9,1,python_tsp_dynamic_programming,skipped_missing_dependency,,,223.43579263643807,nan,,,0.0005925000000388536,256.0625,256.0625,0.0,,,,223.43579263643807,nan,True,"{""instance_metadata"": {""complete"": true, ""high"": 100.0, ""instance_type"": ""random_asymmetric"", ""low"": 1.0, ""n"": 9, ""seed"": 1, ""symmetric"": false}}"
small_exact,small_exact_euclidean_n9_seed2,euclidean,9,2,tn_exact,ok,"[8, 2, 6, 7, 4, 0, 3, 5, 1]",2603.9366098683063,2603.936609868306,1.74638410613791e-16,True,True,0.09747980000020107,256.06640625,256.1953125,0.12890625,28.0,,,2603.936609868306,1.74638410613791e-16,True,"{""finite_edges"": true, ""instance_metadata"": {""complete"": true, ""instance_type"": ""euclidean"", ""n"": 9, ""points"": [[261.6121342493164, 298.4911434141233], [814.2257405942803, 91.91594213509691], [600.100525965654, 728.5605268117946], [187.90107336660344, 55.14662733306819], [274.9693679060381, 657.4330148755926], [562.265662780428, 150.06226330533613], [432.6307908047872, 669.2972985745203], [422.7846732701278, 633.1843992741165], [967.4359524936766, 683.0648223096252]], ""scale"": 1000.0, ""seed"": 2, ""symmetric"": true}, ""n_layers"": null, ""normalization_factor"": 1000.9774659592883, ""normalize"": true, ""seed"": 0, ""tau"": 28.0, ""valid_route"": true}"
small_exact,small_exact_euclidean_n9_seed2,euclidean,9,2,held_karp,ok,"[8, 1, 5, 3, 0, 4, 7, 6, 2]",2603.936609868306,2603.936609868306,0.0,True,True,0.002269900000101188,256.1953125,256.22265625,0.02734375,,,,2603.936609868306,0.0,True,"{""instance_metadata"": {""complete"": true, ""instance_type"": ""euclidean"", ""n"": 9, ""points"": [[261.6121342493164, 298.4911434141233], [814.2257405942803, 91.91594213509691], [600.100525965654, 728.5605268117946], [187.90107336660344, 55.14662733306819], [274.9693679060381, 657.4330148755926], [562.265662780428, 150.06226330533613], [432.6307908047872, 669.2972985745203], [422.7846732701278, 633.1843992741165], [967.4359524936766, 683.0648223096252]], ""scale"": 1000.0, ""seed"": 2, ""symmetric"": true}, ""max_n"": 18, ""start"": 8}"
small_exact,small_exact_euclidean_n9_seed2,euclidean,9,2,bruteforce,ok,"[8, 1, 5, 3, 0, 4, 7, 6, 2]",2603.936609868306,2603.936609868306,0.0,True,True,0.19607559999985824,256.22265625,256.22265625,0.0,,,,2603.936609868306,0.0,True,"{""instance_metadata"": {""complete"": true, ""instance_type"": ""euclidean"", ""n"": 9, ""points"": [[261.6121342493164, 298.4911434141233], [814.2257405942803, 91.91594213509691], [600.100525965654, 728.5605268117946], [187.90107336660344, 55.14662733306819], [274.9693679060381, 657.4330148755926], [562.265662780428, 150.06226330533613], [432.6307908047872, 669.2972985745203], [422.7846732701278, 633.1843992741165], [967.4359524936766, 683.0648223096252]], ""scale"": 1000.0, ""seed"": 2, ""symmetric"": true}, ""max_n"": 10, ""permutations_checked"": 40320, ""start"": 8}"
small_exact,small_exact_euclidean_n9_seed2,euclidean,9,2,ortools,ok,"[8, 2, 6, 7, 4, 0, 3, 5, 1]",2603.9366098683063,2603.936609868306,1.74638410613791e-16,True,True,0.0014509000002362882,256.22265625,256.22265625,0.0,,,5.0,2603.936609868306,1.74638410613791e-16,True,"{""finite_edges"": true, ""infinity_penalty"": 9008797194000, ""instance_metadata"": {""complete"": true, ""instance_type"": ""euclidean"", ""n"": 9, ""points"": [[261.6121342493164, 298.4911434141233], [814.2257405942803, 91.91594213509691], [600.100525965654, 728.5605268117946], [187.90107336660344, 55.14662733306819], [274.9693679060381, 657.4330148755926], [562.265662780428, 150.06226330533613], [432.6307908047872, 669.2972985745203], [422.7846732701278, 633.1843992741165], [967.4359524936766, 683.0648223096252]], ""scale"": 1000.0, ""seed"": 2, ""symmetric"": true}, ""integer_scale"": 1000000, ""start"": 8, ""time_limit_s"": 5.0, ""valid_route"": true}"
small_exact,small_exact_euclidean_n9_seed2,euclidean,9,2,networkx_christofides,ok,"[8, 1, 5, 3, 0, 4, 7, 6, 2]",2603.936609868306,2603.936609868306,0.0,True,True,0.0008081999999376421,256.22265625,256.234375,0.01171875,,,,2603.936609868306,0.0,True,"{""finite_edges"": true, ""instance_metadata"": {""complete"": true, ""instance_type"": ""euclidean"", ""n"": 9, ""points"": [[261.6121342493164, 298.4911434141233], [814.2257405942803, 91.91594213509691], [600.100525965654, 728.5605268117946], [187.90107336660344, 55.14662733306819], [274.9693679060381, 657.4330148755926], [562.265662780428, 150.06226330533613], [432.6307908047872, 669.2972985745203], [422.7846732701278, 633.1843992741165], [967.4359524936766, 683.0648223096252]], ""scale"": 1000.0, ""seed"": 2, ""symmetric"": true}, ""requires_metric_symmetric_complete"": true, ""valid_route"": true}"
small_exact,small_exact_euclidean_n9_seed2,euclidean,9,2,networkx_greedy,ok,"[8, 1, 5, 3, 0, 4, 7, 6, 2]",2603.936609868306,2603.936609868306,0.0,True,True,0.00012000000015177648,256.234375,256.23828125,0.00390625,,,,2603.936609868306,0.0,True,"{""finite_edges"": true, ""instance_metadata"": {""complete"": true, ""instance_type"": ""euclidean"", ""n"": 9, ""points"": [[261.6121342493164, 298.4911434141233], [814.2257405942803, 91.91594213509691], [600.100525965654, 728.5605268117946], [187.90107336660344, 55.14662733306819], [274.9693679060381, 657.4330148755926], [562.265662780428, 150.06226330533613], [432.6307908047872, 669.2972985745203], [422.7846732701278, 633.1843992741165], [967.4359524936766, 683.0648223096252]], ""scale"": 1000.0, ""seed"": 2, ""symmetric"": true}, ""valid_route"": true}"
small_exact,small_exact_euclidean_n9_seed2,euclidean,9,2,python_tsp_dynamic_programming,skipped_missing_dependency,,,2603.936609868306,nan,,,0.0004969000001437962,256.23828125,256.23828125,0.0,,,,2603.936609868306,nan,True,"{""instance_metadata"": {""complete"": true, ""instance_type"": ""euclidean"", ""n"": 9, ""points"": [[261.6121342493164, 298.4911434141233], [814.2257405942803, 91.91594213509691], [600.100525965654, 728.5605268117946], [187.90107336660344, 55.14662733306819], [274.9693679060381, 657.4330148755926], [562.265662780428, 150.06226330533613], [432.6307908047872, 669.2972985745203], [422.7846732701278, 633.1843992741165], [967.4359524936766, 683.0648223096252]], ""scale"": 1000.0, ""seed"": 2, ""symmetric"": true}}"
small_exact,small_exact_random_symmetric_n9_seed2,random_symmetric,9,2,tn_exact,ok,"[8, 3, 1, 2, 6, 0, 7, 4, 5]",311.1481014945948,311.14810149459475,1.8268926786877887e-16,True,True,0.10296520000019882,256.23828125,256.421875,0.18359375,28.0,,,311.14810149459475,1.8268926786877887e-16,True,"{""finite_edges"": true, ""instance_metadata"": {""complete"": true, ""high"": 100.0, ""instance_type"": ""random_symmetric"", ""low"": 1.0, ""n"": 9, ""seed"": 2, ""symmetric"": true}, ""n_layers"": null, ""normalization_factor"": 87.9820861044146, ""normalize"": true, ""seed"": 0, ""tau"": 28.0, ""valid_route"": true}"
small_exact,small_exact_random_symmetric_n9_seed2,random_symmetric,9,2,held_karp,ok,"[8, 5, 4, 7, 0, 6, 2, 1, 3]",311.14810149459475,311.14810149459475,0.0,True,True,0.0021409000000858214,256.421875,256.43359375,0.01171875,,,,311.14810149459475,0.0,True,"{""instance_metadata"": {""complete"": true, ""high"": 100.0, ""instance_type"": ""random_symmetric"", ""low"": 1.0, ""n"": 9, ""seed"": 2, ""symmetric"": true}, ""max_n"": 18, ""start"": 8}"
small_exact,small_exact_random_symmetric_n9_seed2,random_symmetric,9,2,bruteforce,ok,"[8, 5, 4, 7, 0, 6, 2, 1, 3]",311.14810149459475,311.14810149459475,0.0,True,True,0.18323039999995672,256.43359375,256.43359375,0.0,,,,311.14810149459475,0.0,True,"{""instance_metadata"": {""complete"": true, ""high"": 100.0, ""instance_type"": ""random_symmetric"", ""low"": 1.0, ""n"": 9, ""seed"": 2, ""symmetric"": true}, ""max_n"": 10, ""permutations_checked"": 40320, ""start"": 8}"
small_exact,small_exact_random_symmetric_n9_seed2,random_symmetric,9,2,ortools,ok,"[8, 3, 1, 2, 6, 0, 7, 4, 5]",311.1481014945948,311.14810149459475,1.8268926786877887e-16,True,True,0.0014066999997339735,256.43359375,256.43359375,0.0,,,5.0,311.14810149459475,1.8268926786877887e-16,True,"{""finite_edges"": true, ""infinity_penalty"": 791838774000, ""instance_metadata"": {""complete"": true, ""high"": 100.0, ""instance_type"": ""random_symmetric"", ""low"": 1.0, ""n"": 9, ""seed"": 2, ""symmetric"": true}, ""integer_scale"": 1000000, ""start"": 8, ""time_limit_s"": 5.0, ""valid_route"": true}"
small_exact,small_exact_random_symmetric_n9_seed2,random_symmetric,9,2,networkx_christofides,skipped_not_applicable,,,311.14810149459475,nan,,,0.00011270000004515168,256.43359375,256.43359375,0.0,,,,311.14810149459475,nan,True,"{""instance_metadata"": {""complete"": true, ""high"": 100.0, ""instance_type"": ""random_symmetric"", ""low"": 1.0, ""n"": 9, ""seed"": 2, ""symmetric"": true}, ""requires_metric_symmetric_complete"": true}"
small_exact,small_exact_random_symmetric_n9_seed2,random_symmetric,9,2,networkx_greedy,ok,"[8, 3, 1, 2, 6, 0, 7, 4, 5]",311.1481014945948,311.14810149459475,1.8268926786877887e-16,True,True,0.00013420000004771282,256.43359375,256.43359375,0.0,,,,311.14810149459475,1.8268926786877887e-16,True,"{""finite_edges"": true, ""instance_metadata"": {""complete"": true, ""high"": 100.0, ""instance_type"": ""random_symmetric"", ""low"": 1.0, ""n"": 9, ""seed"": 2, ""symmetric"": true}, ""valid_route"": true}"
small_exact,small_exact_random_symmetric_n9_seed2,random_symmetric,9,2,python_tsp_dynamic_programming,skipped_missing_dependency,,,311.14810149459475,nan,,,0.00046269999984360766,256.43359375,256.43359375,0.0,,,,311.14810149459475,nan,True,"{""instance_metadata"": {""complete"": true, ""high"": 100.0, ""instance_type"": ""random_symmetric"", ""low"": 1.0, ""n"": 9, ""seed"": 2, ""symmetric"": true}}"
small_exact,small_exact_random_asymmetric_n9_seed2,random_asymmetric,9,2,tn_exact,ok,"[8, 5, 4, 3, 1, 2, 6, 7, 0]",191.91645712512536,191.91645712512536,0.0,True,True,0.08580110000002605,256.43359375,256.6328125,0.19921875,28.0,,,191.91645712512536,0.0,True,"{""finite_edges"": true, ""instance_metadata"": {""complete"": true, ""high"": 100.0, ""instance_type"": ""random_asymmetric"", ""low"": 1.0, ""n"": 9, ""seed"": 2, ""symmetric"": false}, ""n_layers"": null, ""normalization_factor"": 97.39419820081707, ""normalize"": true, ""seed"": 0, ""tau"": 28.0, ""valid_route"": true}"
small_exact,small_exact_random_asymmetric_n9_seed2,random_asymmetric,9,2,held_karp,ok,"[8, 5, 4, 3, 1, 2, 6, 7, 0]",191.91645712512536,191.91645712512536,0.0,True,True,0.0021956000000500353,256.6328125,256.6640625,0.03125,,,,191.91645712512536,0.0,True,"{""instance_metadata"": {""complete"": true, ""high"": 100.0, ""instance_type"": ""random_asymmetric"", ""low"": 1.0, ""n"": 9, ""seed"": 2, ""symmetric"": false}, ""max_n"": 18, ""start"": 8}"
small_exact,small_exact_random_asymmetric_n9_seed2,random_asymmetric,9,2,bruteforce,ok,"[8, 5, 4, 3, 1, 2, 6, 7, 0]",191.91645712512536,191.91645712512536,0.0,True,True,0.2067800999998326,256.6640625,256.6640625,0.0,,,,191.91645712512536,0.0,True,"{""instance_metadata"": {""complete"": true, ""high"": 100.0, ""instance_type"": ""random_asymmetric"", ""low"": 1.0, ""n"": 9, ""seed"": 2, ""symmetric"": false}, ""max_n"": 10, ""permutations_checked"": 40320, ""start"": 8}"
small_exact,small_exact_random_asymmetric_n9_seed2,random_asymmetric,9,2,ortools,ok,"[8, 5, 4, 3, 1, 2, 6, 7, 0]",191.91645712512536,191.91645712512536,0.0,True,True,0.0015855000001465669,256.6640625,256.6640625,0.0,,,5.0,191.91645712512536,0.0,True,"{""finite_edges"": true, ""infinity_penalty"": 876547782000, ""instance_metadata"": {""complete"": true, ""high"": 100.0, ""instance_type"": ""random_asymmetric"", ""low"": 1.0, ""n"": 9, ""seed"": 2, ""symmetric"": false}, ""integer_scale"": 1000000, ""start"": 8, ""time_limit_s"": 5.0, ""valid_route"": true}"
small_exact,small_exact_random_asymmetric_n9_seed2,random_asymmetric,9,2,networkx_christofides,skipped_not_applicable,,,191.91645712512536,nan,,,8.549999984097667e-05,256.6640625,256.6640625,0.0,,,,191.91645712512536,nan,True,"{""instance_metadata"": {""complete"": true, ""high"": 100.0, ""instance_type"": ""random_asymmetric"", ""low"": 1.0, ""n"": 9, ""seed"": 2, ""symmetric"": false}, ""requires_metric_symmetric_complete"": true}"
small_exact,small_exact_random_asymmetric_n9_seed2,random_asymmetric,9,2,networkx_greedy,ok,"[8, 5, 4, 3, 2, 1, 6, 7, 0]",226.52332827535827,191.91645712512536,0.18032258238109292,True,True,0.0001495999999860942,256.6640625,256.66796875,0.00390625,,,,191.91645712512536,0.18032258238109292,True,"{""finite_edges"": true, ""instance_metadata"": {""complete"": true, ""high"": 100.0, ""instance_type"": ""random_asymmetric"", ""low"": 1.0, ""n"": 9, ""seed"": 2, ""symmetric"": false}, ""valid_route"": true}"
small_exact,small_exact_random_asymmetric_n9_seed2,random_asymmetric,9,2,python_tsp_dynamic_programming,skipped_missing_dependency,,,191.91645712512536,nan,,,0.0005956999998488754,256.66796875,256.66796875,0.0,,,,191.91645712512536,nan,True,"{""instance_metadata"": {""complete"": true, ""high"": 100.0, ""instance_type"": ""random_asymmetric"", ""low"": 1.0, ""n"": 9, ""seed"": 2, ""symmetric"": false}}"
small_exact,small_exact_euclidean_n9_seed3,euclidean,9,3,tn_exact,ok,"[8, 2, 0, 3, 4, 1, 7, 6, 5]",2727.6411359085246,2727.6411359085246,0.0,True,True,0.08290609999994558,256.66796875,256.875,0.20703125,28.0,,,2727.6411359085246,0.0,True,"{""finite_edges"": true, ""instance_metadata"": {""complete"": true, ""instance_type"": ""euclidean"", ""n"": 9, ""points"": [[85.64916714362437, 236.8105065960997], [801.2744652063969, 582.1620360643678], [94.12864224039919, 433.1269402364738], [479.05129814083404, 159.73891463707858], [734.5771514092145, 113.6720199214034], [391.22819049566203, 516.7401826213637], [430.6280204141778, 586.7985714381407], [737.8377872921602, 956.2672548360986], [284.20116374879143, 648.5472070798251]], ""scale"": 1000.0, ""seed"": 3, ""symmetric"": true}, ""n_layers"": null, ""normalization_factor"": 971.065398847742, ""normalize"": true, ""seed"": 0, ""tau"": 28.0, ""valid_route"": true}"
small_exact,small_exact_euclidean_n9_seed3,euclidean,9,3,held_karp,ok,"[8, 5, 6, 7, 1, 4, 3, 0, 2]",2727.6411359085246,2727.6411359085246,0.0,True,True,0.0022576999999728287,256.875,256.875,0.0,,,,2727.6411359085246,0.0,True,"{""instance_metadata"": {""complete"": true, ""instance_type"": ""euclidean"", ""n"": 9, ""points"": [[85.64916714362437, 236.8105065960997], [801.2744652063969, 582.1620360643678], [94.12864224039919, 433.1269402364738], [479.05129814083404, 159.73891463707858], [734.5771514092145, 113.6720199214034], [391.22819049566203, 516.7401826213637], [430.6280204141778, 586.7985714381407], [737.8377872921602, 956.2672548360986], [284.20116374879143, 648.5472070798251]], ""scale"": 1000.0, ""seed"": 3, ""symmetric"": true}, ""max_n"": 18, ""start"": 8}"
small_exact,small_exact_euclidean_n9_seed3,euclidean,9,3,bruteforce,ok,"[8, 2, 0, 3, 4, 1, 7, 6, 5]",2727.6411359085246,2727.6411359085246,0.0,True,True,0.19916190000003553,256.875,256.875,0.0,,,,2727.6411359085246,0.0,True,"{""instance_metadata"": {""complete"": true, ""instance_type"": ""euclidean"", ""n"": 9, ""points"": [[85.64916714362437, 236.8105065960997], [801.2744652063969, 582.1620360643678], [94.12864224039919, 433.1269402364738], [479.05129814083404, 159.73891463707858], [734.5771514092145, 113.6720199214034], [391.22819049566203, 516.7401826213637], [430.6280204141778, 586.7985714381407], [737.8377872921602, 956.2672548360986], [284.20116374879143, 648.5472070798251]], ""scale"": 1000.0, ""seed"": 3, ""symmetric"": true}, ""max_n"": 10, ""permutations_checked"": 40320, ""start"": 8}"
small_exact,small_exact_euclidean_n9_seed3,euclidean,9,3,ortools,ok,"[8, 5, 6, 7, 1, 4, 3, 0, 2]",2727.6411359085246,2727.6411359085246,0.0,True,True,0.001460899999983667,256.875,256.875,0.0,,,5.0,2727.6411359085246,0.0,True,"{""finite_edges"": true, ""infinity_penalty"": 8739588591000, ""instance_metadata"": {""complete"": true, ""instance_type"": ""euclidean"", ""n"": 9, ""points"": [[85.64916714362437, 236.8105065960997], [801.2744652063969, 582.1620360643678], [94.12864224039919, 433.1269402364738], [479.05129814083404, 159.73891463707858], [734.5771514092145, 113.6720199214034], [391.22819049566203, 516.7401826213637], [430.6280204141778, 586.7985714381407], [737.8377872921602, 956.2672548360986], [284.20116374879143, 648.5472070798251]], ""scale"": 1000.0, ""seed"": 3, ""symmetric"": true}, ""integer_scale"": 1000000, ""start"": 8, ""time_limit_s"": 5.0, ""valid_route"": true}"
small_exact,small_exact_euclidean_n9_seed3,euclidean,9,3,networkx_christofides,ok,"[8, 1, 7, 6, 5, 3, 4, 0, 2]",3233.228998729661,2727.6411359085246,0.18535717773325583,True,True,0.0007177000002229761,256.875,256.88671875,0.01171875,,,,2727.6411359085246,0.18535717773325583,True,"{""finite_edges"": true, ""instance_metadata"": {""complete"": true, ""instance_type"": ""euclidean"", ""n"": 9, ""points"": [[85.64916714362437, 236.8105065960997], [801.2744652063969, 582.1620360643678], [94.12864224039919, 433.1269402364738], [479.05129814083404, 159.73891463707858], [734.5771514092145, 113.6720199214034], [391.22819049566203, 516.7401826213637], [430.6280204141778, 586.7985714381407], [737.8377872921602, 956.2672548360986], [284.20116374879143, 648.5472070798251]], ""scale"": 1000.0, ""seed"": 3, ""symmetric"": true}, ""requires_metric_symmetric_complete"": true, ""valid_route"": true}"
small_exact,small_exact_euclidean_n9_seed3,euclidean,9,3,networkx_greedy,ok,"[8, 6, 5, 2, 0, 3, 4, 1, 7]",2805.7759754581302,2727.6411359085246,0.028645571633667436,True,True,0.00011139999969600467,256.88671875,256.890625,0.00390625,,,,2727.6411359085246,0.028645571633667436,True,"{""finite_edges"": true, ""instance_metadata"": {""complete"": true, ""instance_type"": ""euclidean"", ""n"": 9, ""points"": [[85.64916714362437, 236.8105065960997], [801.2744652063969, 582.1620360643678], [94.12864224039919, 433.1269402364738], [479.05129814083404, 159.73891463707858], [734.5771514092145, 113.6720199214034], [391.22819049566203, 516.7401826213637], [430.6280204141778, 586.7985714381407], [737.8377872921602, 956.2672548360986], [284.20116374879143, 648.5472070798251]], ""scale"": 1000.0, ""seed"": 3, ""symmetric"": true}, ""valid_route"": true}"
small_exact,small_exact_euclidean_n9_seed3,euclidean,9,3,python_tsp_dynamic_programming,skipped_missing_dependency,,,2727.6411359085246,nan,,,0.0006741000001966313,256.890625,256.890625,0.0,,,,2727.6411359085246,nan,True,"{""instance_metadata"": {""complete"": true, ""instance_type"": ""euclidean"", ""n"": 9, ""points"": [[85.64916714362437, 236.8105065960997], [801.2744652063969, 582.1620360643678], [94.12864224039919, 433.1269402364738], [479.05129814083404, 159.73891463707858], [734.5771514092145, 113.6720199214034], [391.22819049566203, 516.7401826213637], [430.6280204141778, 586.7985714381407], [737.8377872921602, 956.2672548360986], [284.20116374879143, 648.5472070798251]], ""scale"": 1000.0, ""seed"": 3, ""symmetric"": true}}"
small_exact,small_exact_random_symmetric_n9_seed3,random_symmetric,9,3,tn_exact,ok,"[8, 4, 3, 1, 0, 7, 2, 5, 6]",250.4371058000164,250.43710580001635,2.2697682389845083e-16,True,True,0.10406890000012936,256.890625,256.94921875,0.05859375,28.0,,,250.43710580001635,2.2697682389845083e-16,True,"{""finite_edges"": true, ""instance_metadata"": {""complete"": true, ""high"": 100.0, ""instance_type"": ""random_symmetric"", ""low"": 1.0, ""n"": 9, ""seed"": 3, ""symmetric"": true}, ""n_layers"": null, ""normalization_factor"": 91.54543441727714, ""normalize"": true, ""seed"": 0, ""tau"": 28.0, ""valid_route"": true}"
small_exact,small_exact_random_symmetric_n9_seed3,random_symmetric,9,3,held_karp,ok,"[8, 6, 5, 2, 7, 0, 1, 3, 4]",250.43710580001635,250.43710580001635,0.0,True,True,0.0021781999998893298,256.94921875,256.984375,0.03515625,,,,250.43710580001635,0.0,True,"{""instance_metadata"": {""complete"": true, ""high"": 100.0, ""instance_type"": ""random_symmetric"", ""low"": 1.0, ""n"": 9, ""seed"": 3, ""symmetric"": true}, ""max_n"": 18, ""start"": 8}"
small_exact,small_exact_random_symmetric_n9_seed3,random_symmetric,9,3,bruteforce,ok,"[8, 6, 5, 2, 7, 0, 1, 3, 4]",250.43710580001635,250.43710580001635,0.0,True,True,0.19533289999981207,256.984375,256.984375,0.0,,,,250.43710580001635,0.0,True,"{""instance_metadata"": {""complete"": true, ""high"": 100.0, ""instance_type"": ""random_symmetric"", ""low"": 1.0, ""n"": 9, ""seed"": 3, ""symmetric"": true}, ""max_n"": 10, ""permutations_checked"": 40320, ""start"": 8}"
small_exact,small_exact_random_symmetric_n9_seed3,random_symmetric,9,3,ortools,ok,"[8, 4, 3, 1, 0, 7, 2, 5, 6]",250.4371058000164,250.43710580001635,2.2697682389845083e-16,True,True,0.0017725000002428715,256.984375,257.04296875,0.05859375,,,5.0,250.43710580001635,2.2697682389845083e-16,True,"{""finite_edges"": true, ""infinity_penalty"": 823908906000, ""instance_metadata"": {""complete"": true, ""high"": 100.0, ""instance_type"": ""random_symmetric"", ""low"": 1.0, ""n"": 9, ""seed"": 3, ""symmetric"": true}, ""integer_scale"": 1000000, ""start"": 8, ""time_limit_s"": 5.0, ""valid_route"": true}"
small_exact,small_exact_random_symmetric_n9_seed3,random_symmetric,9,3,networkx_christofides,skipped_not_applicable,,,250.43710580001635,nan,,,8.720000005268957e-05,257.04296875,257.04296875,0.0,,,,250.43710580001635,nan,True,"{""instance_metadata"": {""complete"": true, ""high"": 100.0, ""instance_type"": ""random_symmetric"", ""low"": 1.0, ""n"": 9, ""seed"": 3, ""symmetric"": true}, ""requires_metric_symmetric_complete"": true}"
small_exact,small_exact_random_symmetric_n9_seed3,random_symmetric,9,3,networkx_greedy,ok,"[8, 2, 7, 3, 4, 0, 1, 6, 5]",280.6014381350306,250.43710580001635,0.12044673746989246,True,True,0.00012800000013157842,257.04296875,257.04296875,0.0,,,,250.43710580001635,0.12044673746989246,True,"{""finite_edges"": true, ""instance_metadata"": {""complete"": true, ""high"": 100.0, ""instance_type"": ""random_symmetric"", ""low"": 1.0, ""n"": 9, ""seed"": 3, ""symmetric"": true}, ""valid_route"": true}"
small_exact,small_exact_random_symmetric_n9_seed3,random_symmetric,9,3,python_tsp_dynamic_programming,skipped_missing_dependency,,,250.43710580001635,nan,,,0.0004689000002144894,257.04296875,257.04296875,0.0,,,,250.43710580001635,nan,True,"{""instance_metadata"": {""complete"": true, ""high"": 100.0, ""instance_type"": ""random_symmetric"", ""low"": 1.0, ""n"": 9, ""seed"": 3, ""symmetric"": true}}"
small_exact,small_exact_random_asymmetric_n9_seed3,random_asymmetric,9,3,tn_exact,ok,"[8, 2, 5, 6, 3, 1, 0, 7, 4]",188.72338315540503,188.72338315540503,0.0,True,True,0.08245320000014544,257.04296875,257.27734375,0.234375,28.0,,,188.72338315540503,0.0,True,"{""finite_edges"": true, ""instance_metadata"": {""complete"": true, ""high"": 100.0, ""instance_type"": ""random_asymmetric"", ""low"": 1.0, ""n"": 9, ""seed"": 3, ""symmetric"": false}, ""n_layers"": null, ""normalization_factor"": 97.37256720187486, ""normalize"": true, ""seed"": 0, ""tau"": 28.0, ""valid_route"": true}"
small_exact,small_exact_random_asymmetric_n9_seed3,random_asymmetric,9,3,held_karp,ok,"[8, 2, 5, 6, 3, 1, 0, 7, 4]",188.72338315540503,188.72338315540503,0.0,True,True,0.0021854999999959546,257.27734375,257.28125,0.00390625,,,,188.72338315540503,0.0,True,"{""instance_metadata"": {""complete"": true, ""high"": 100.0, ""instance_type"": ""random_asymmetric"", ""low"": 1.0, ""n"": 9, ""seed"": 3, ""symmetric"": false}, ""max_n"": 18, ""start"": 8}"
small_exact,small_exact_random_asymmetric_n9_seed3,random_asymmetric,9,3,bruteforce,ok,"[8, 2, 5, 6, 3, 1, 0, 7, 4]",188.72338315540503,188.72338315540503,0.0,True,True,0.18962699999974575,257.28125,257.28125,0.0,,,,188.72338315540503,0.0,True,"{""instance_metadata"": {""complete"": true, ""high"": 100.0, ""instance_type"": ""random_asymmetric"", ""low"": 1.0, ""n"": 9, ""seed"": 3, ""symmetric"": false}, ""max_n"": 10, ""permutations_checked"": 40320, ""start"": 8}"
small_exact,small_exact_random_asymmetric_n9_seed3,random_asymmetric,9,3,ortools,ok,"[8, 2, 4, 3, 1, 0, 7, 6, 5]",205.74051522282883,188.72338315540503,0.09016970649265532,True,True,0.001577500000166765,257.28125,257.2890625,0.0078125,,,5.0,188.72338315540503,0.09016970649265532,True,"{""finite_edges"": true, ""infinity_penalty"": 876353103000, ""instance_metadata"": {""complete"": true, ""high"": 100.0, ""instance_type"": ""random_asymmetric"", ""low"": 1.0, ""n"": 9, ""seed"": 3, ""symmetric"": false}, ""integer_scale"": 1000000, ""start"": 8, ""time_limit_s"": 5.0, ""valid_route"": true}"
small_exact,small_exact_random_asymmetric_n9_seed3,random_asymmetric,9,3,networkx_christofides,skipped_not_applicable,,,188.72338315540503,nan,,,7.860000005166512e-05,257.2890625,257.2890625,0.0,,,,188.72338315540503,nan,True,"{""instance_metadata"": {""complete"": true, ""high"": 100.0, ""instance_type"": ""random_asymmetric"", ""low"": 1.0, ""n"": 9, ""seed"": 3, ""symmetric"": false}, ""requires_metric_symmetric_complete"": true}"
small_exact,small_exact_random_asymmetric_n9_seed3,random_asymmetric,9,3,networkx_greedy,ok,"[8, 2, 1, 0, 4, 3, 7, 6, 5]",216.19040221055758,188.72338315540503,0.14554115444472887,True,True,0.00014660000033472897,257.2890625,257.2890625,0.0,,,,188.72338315540503,0.14554115444472887,True,"{""finite_edges"": true, ""instance_metadata"": {""complete"": true, ""high"": 100.0, ""instance_type"": ""random_asymmetric"", ""low"": 1.0, ""n"": 9, ""seed"": 3, ""symmetric"": false}, ""valid_route"": true}"
small_exact,small_exact_random_asymmetric_n9_seed3,random_asymmetric,9,3,python_tsp_dynamic_programming,skipped_missing_dependency,,,188.72338315540503,nan,,,0.0005095000001347216,257.2890625,257.2890625,0.0,,,,188.72338315540503,nan,True,"{""instance_metadata"": {""complete"": true, ""high"": 100.0, ""instance_type"": ""random_asymmetric"", ""low"": 1.0, ""n"": 9, ""seed"": 3, ""symmetric"": false}}"
small_exact,small_exact_euclidean_n9_seed4,euclidean,9,4,tn_exact,ok,"[8, 6, 2, 3, 1, 7, 5, 0, 4]",2436.5433218299013,2436.5433218299013,0.0,True,True,0.10392680000040855,257.2890625,257.3671875,0.078125,28.0,,,2436.5433218299013,0.0,True,"{""finite_edges"": true, ""instance_metadata"": {""complete"": true, ""instance_type"": ""euclidean"", ""n"": 9, ""points"": [[943.0561055723676, 511.3275528143616], [976.2437057077042, 80.83602389560218], [607.3558319950296, 376.48658437727255], [801.9012069858072, 174.52781614402846], [871.6352741876564, 543.9414007634982], [902.2150797159884, 477.1535238392063], [430.4962777294131, 788.9467175443294], [984.1529999311214, 369.72579265242877], [968.9328693162349, 929.0263877654195]], ""scale"": 1000.0, ""seed"": 4, ""symmetric"": true}, ""n_layers"": null, ""normalization_factor"": 894.0139873651874, ""normalize"": true, ""seed"": 0, ""tau"": 28.0, ""valid_route"": true}"
small_exact,small_exact_euclidean_n9_seed4,euclidean,9,4,held_karp,ok,"[8, 6, 2, 3, 1, 7, 5, 0, 4]",2436.5433218299013,2436.5433218299013,0.0,True,True,0.0021953999998913787,257.3671875,257.3828125,0.015625,,,,2436.5433218299013,0.0,True,"{""instance_metadata"": {""complete"": true, ""instance_type"": ""euclidean"", ""n"": 9, ""points"": [[943.0561055723676, 511.3275528143616], [976.2437057077042, 80.83602389560218], [607.3558319950296, 376.48658437727255], [801.9012069858072, 174.52781614402846], [871.6352741876564, 543.9414007634982], [902.2150797159884, 477.1535238392063], [430.4962777294131, 788.9467175443294], [984.1529999311214, 369.72579265242877], [968.9328693162349, 929.0263877654195]], ""scale"": 1000.0, ""seed"": 4, ""symmetric"": true}, ""max_n"": 18, ""start"": 8}"
small_exact,small_exact_euclidean_n9_seed4,euclidean,9,4,bruteforce,ok,"[8, 4, 0, 5, 7, 1, 3, 2, 6]",2436.5433218299013,2436.5433218299013,0.0,True,True,0.19266140000036103,257.3828125,257.3828125,0.0,,,,2436.5433218299013,0.0,True,"{""instance_metadata"": {""complete"": true, ""instance_type"": ""euclidean"", ""n"": 9, ""points"": [[943.0561055723676, 511.3275528143616], [976.2437057077042, 80.83602389560218], [607.3558319950296, 376.48658437727255], [801.9012069858072, 174.52781614402846], [871.6352741876564, 543.9414007634982], [902.2150797159884, 477.1535238392063], [430.4962777294131, 788.9467175443294], [984.1529999311214, 369.72579265242877], [968.9328693162349, 929.0263877654195]], ""scale"": 1000.0, ""seed"": 4, ""symmetric"": true}, ""max_n"": 10, ""permutations_checked"": 40320, ""start"": 8}"
small_exact,small_exact_euclidean_n9_seed4,euclidean,9,4,ortools,ok,"[8, 4, 0, 5, 7, 1, 3, 2, 6]",2436.5433218299013,2436.5433218299013,0.0,True,True,0.0015227000003505964,257.3828125,257.3828125,0.0,,,5.0,2436.5433218299013,0.0,True,"{""finite_edges"": true, ""infinity_penalty"": 8046125883000, ""instance_metadata"": {""complete"": true, ""instance_type"": ""euclidean"", ""n"": 9, ""points"": [[943.0561055723676, 511.3275528143616], [976.2437057077042, 80.83602389560218], [607.3558319950296, 376.48658437727255], [801.9012069858072, 174.52781614402846], [871.6352741876564, 543.9414007634982], [902.2150797159884, 477.1535238392063], [430.4962777294131, 788.9467175443294], [984.1529999311214, 369.72579265242877], [968.9328693162349, 929.0263877654195]], ""scale"": 1000.0, ""seed"": 4, ""symmetric"": true}, ""integer_scale"": 1000000, ""start"": 8, ""time_limit_s"": 5.0, ""valid_route"": true}"
small_exact,small_exact_euclidean_n9_seed4,euclidean,9,4,networkx_christofides,ok,"[8, 4, 0, 5, 7, 3, 1, 2, 6]",2606.924434797229,2436.5433218299013,0.06992738911753371,True,True,0.0007507000000259723,257.3828125,257.40234375,0.01953125,,,,2436.5433218299013,0.06992738911753371,True,"{""finite_edges"": true, ""instance_metadata"": {""complete"": true, ""instance_type"": ""euclidean"", ""n"": 9, ""points"": [[943.0561055723676, 511.3275528143616], [976.2437057077042, 80.83602389560218], [607.3558319950296, 376.48658437727255], [801.9012069858072, 174.52781614402846], [871.6352741876564, 543.9414007634982], [902.2150797159884, 477.1535238392063], [430.4962777294131, 788.9467175443294], [984.1529999311214, 369.72579265242877], [968.9328693162349, 929.0263877654195]], ""scale"": 1000.0, ""seed"": 4, ""symmetric"": true}, ""requires_metric_symmetric_complete"": true, ""valid_route"": true}"
small_exact,small_exact_euclidean_n9_seed4,euclidean,9,4,networkx_greedy,ok,"[8, 4, 5, 0, 7, 3, 1, 2, 6]",2614.2008002695384,2436.5433218299013,0.07291373678766037,True,True,0.0001191000001199427,257.40234375,257.40625,0.00390625,,,,2436.5433218299013,0.07291373678766037,True,"{""finite_edges"": true, ""instance_metadata"": {""complete"": true, ""instance_type"": ""euclidean"", ""n"": 9, ""points"": [[943.0561055723676, 511.3275528143616], [976.2437057077042, 80.83602389560218], [607.3558319950296, 376.48658437727255], [801.9012069858072, 174.52781614402846], [871.6352741876564, 543.9414007634982], [902.2150797159884, 477.1535238392063], [430.4962777294131, 788.9467175443294], [984.1529999311214, 369.72579265242877], [968.9328693162349, 929.0263877654195]], ""scale"": 1000.0, ""seed"": 4, ""symmetric"": true}, ""valid_route"": true}"
small_exact,small_exact_euclidean_n9_seed4,euclidean,9,4,python_tsp_dynamic_programming,skipped_missing_dependency,,,2436.5433218299013,nan,,,0.0005068000000392203,257.40625,257.40625,0.0,,,,2436.5433218299013,nan,True,"{""instance_metadata"": {""complete"": true, ""instance_type"": ""euclidean"", ""n"": 9, ""points"": [[943.0561055723676, 511.3275528143616], [976.2437057077042, 80.83602389560218], [607.3558319950296, 376.48658437727255], [801.9012069858072, 174.52781614402846], [871.6352741876564, 543.9414007634982], [902.2150797159884, 477.1535238392063], [430.4962777294131, 788.9467175443294], [984.1529999311214, 369.72579265242877], [968.9328693162349, 929.0263877654195]], ""scale"": 1000.0, ""seed"": 4, ""symmetric"": true}}"
small_exact,small_exact_random_symmetric_n9_seed4,random_symmetric,9,4,tn_exact,ok,"[8, 4, 3, 7, 0, 5, 6, 1, 2]",292.3514670061684,292.3514670061683,1.9443520993041119e-16,True,True,0.11180909999984578,257.40625,257.5703125,0.1640625,28.0,,,292.3514670061683,1.9443520993041119e-16,True,"{""finite_edges"": true, ""instance_metadata"": {""complete"": true, ""high"": 100.0, ""instance_type"": ""random_symmetric"", ""low"": 1.0, ""n"": 9, ""seed"": 4, ""symmetric"": true}, ""n_layers"": null, ""normalization_factor"": 93.74425657014328, ""normalize"": true, ""seed"": 0, ""tau"": 28.0, ""valid_route"": true}"
small_exact,small_exact_random_symmetric_n9_seed4,random_symmetric,9,4,held_karp,ok,"[8, 2, 1, 6, 5, 0, 7, 3, 4]",292.3514670061683,292.3514670061683,0.0,True,True,0.0021231999999145046,257.5703125,257.5703125,0.0,,,,292.3514670061683,0.0,True,"{""instance_metadata"": {""complete"": true, ""high"": 100.0, ""instance_type"": ""random_symmetric"", ""low"": 1.0, ""n"": 9, ""seed"": 4, ""symmetric"": true}, ""max_n"": 18, ""start"": 8}"
small_exact,small_exact_random_symmetric_n9_seed4,random_symmetric,9,4,bruteforce,ok,"[8, 2, 1, 6, 5, 0, 7, 3, 4]",292.3514670061683,292.3514670061683,0.0,True,True,0.192240700000184,257.5703125,257.5703125,0.0,,,,292.3514670061683,0.0,True,"{""instance_metadata"": {""complete"": true, ""high"": 100.0, ""instance_type"": ""random_symmetric"", ""low"": 1.0, ""n"": 9, ""seed"": 4, ""symmetric"": true}, ""max_n"": 10, ""permutations_checked"": 40320, ""start"": 8}"
small_exact,small_exact_random_symmetric_n9_seed4,random_symmetric,9,4,ortools,ok,"[8, 4, 7, 3, 1, 6, 5, 0, 2]",305.8541006667483,292.3514670061683,0.04618630376257047,True,True,0.001428600000053848,257.5703125,257.5703125,0.0,,,5.0,292.3514670061683,0.04618630376257047,True,"{""finite_edges"": true, ""infinity_penalty"": 843698313000, ""instance_metadata"": {""complete"": true, ""high"": 100.0, ""instance_type"": ""random_symmetric"", ""low"": 1.0, ""n"": 9, ""seed"": 4, ""symmetric"": true}, ""integer_scale"": 1000000, ""start"": 8, ""time_limit_s"": 5.0, ""valid_route"": true}"
small_exact,small_exact_random_symmetric_n9_seed4,random_symmetric,9,4,networkx_christofides,skipped_not_applicable,,,292.3514670061683,nan,,,9.619999991627992e-05,257.5703125,257.5703125,0.0,,,,292.3514670061683,nan,True,"{""instance_metadata"": {""complete"": true, ""high"": 100.0, ""instance_type"": ""random_symmetric"", ""low"": 1.0, ""n"": 9, ""seed"": 4, ""symmetric"": true}, ""requires_metric_symmetric_complete"": true}"
small_exact,small_exact_random_symmetric_n9_seed4,random_symmetric,9,4,networkx_greedy,ok,"[8, 2, 0, 5, 6, 1, 3, 7, 4]",305.85410066674825,292.3514670061683,0.046186303762570276,True,True,0.00012549999973998638,257.5703125,257.5703125,0.0,,,,292.3514670061683,0.046186303762570276,True,"{""finite_edges"": true, ""instance_metadata"": {""complete"": true, ""high"": 100.0, ""instance_type"": ""random_symmetric"", ""low"": 1.0, ""n"": 9, ""seed"": 4, ""symmetric"": true}, ""valid_route"": true}"
small_exact,small_exact_random_symmetric_n9_seed4,random_symmetric,9,4,python_tsp_dynamic_programming,skipped_missing_dependency,,,292.3514670061683,nan,,,0.0005636999999296677,257.5703125,257.5703125,0.0,,,,292.3514670061683,nan,True,"{""instance_metadata"": {""complete"": true, ""high"": 100.0, ""instance_type"": ""random_symmetric"", ""low"": 1.0, ""n"": 9, ""seed"": 4, ""symmetric"": true}}"
small_exact,small_exact_random_asymmetric_n9_seed4,random_asymmetric,9,4,tn_exact,ok,"[8, 4, 6, 1, 2, 5, 0, 3, 7]",181.93455118506083,181.93455118506083,0.0,True,True,0.09387599999990925,257.5703125,257.61328125,0.04296875,28.0,,,181.93455118506083,0.0,True,"{""finite_edges"": true, ""instance_metadata"": {""complete"": true, ""high"": 100.0, ""instance_type"": ""random_asymmetric"", ""low"": 1.0, ""n"": 9, ""seed"": 4, ""symmetric"": false}, ""n_layers"": null, ""normalization_factor"": 98.43114699318102, ""normalize"": true, ""seed"": 0, ""tau"": 28.0, ""valid_route"": true}"
small_exact,small_exact_random_asymmetric_n9_seed4,random_asymmetric,9,4,held_karp,ok,"[8, 4, 6, 1, 2, 5, 0, 3, 7]",181.93455118506083,181.93455118506083,0.0,True,True,0.002211800000168296,257.61328125,257.6328125,0.01953125,,,,181.93455118506083,0.0,True,"{""instance_metadata"": {""complete"": true, ""high"": 100.0, ""instance_type"": ""random_asymmetric"", ""low"": 1.0, ""n"": 9, ""seed"": 4, ""symmetric"": false}, ""max_n"": 18, ""start"": 8}"
small_exact,small_exact_random_asymmetric_n9_seed4,random_asymmetric,9,4,bruteforce,ok,"[8, 4, 6, 1, 2, 5, 0, 3, 7]",181.93455118506083,181.93455118506083,0.0,True,True,0.20307389999970837,257.6328125,257.6328125,0.0,,,,181.93455118506083,0.0,True,"{""instance_metadata"": {""complete"": true, ""high"": 100.0, ""instance_type"": ""random_asymmetric"", ""low"": 1.0, ""n"": 9, ""seed"": 4, ""symmetric"": false}, ""max_n"": 10, ""permutations_checked"": 40320, ""start"": 8}"
small_exact,small_exact_random_asymmetric_n9_seed4,random_asymmetric,9,4,ortools,ok,"[8, 4, 6, 1, 2, 5, 0, 3, 7]",181.93455118506083,181.93455118506083,0.0,True,True,0.0016945000002124289,257.6328125,257.6328125,0.0,,,5.0,181.93455118506083,0.0,True,"{""finite_edges"": true, ""infinity_penalty"": 885880323000, ""instance_metadata"": {""complete"": true, ""high"": 100.0, ""instance_type"": ""random_asymmetric"", ""low"": 1.0, ""n"": 9, ""seed"": 4, ""symmetric"": false}, ""integer_scale"": 1000000, ""start"": 8, ""time_limit_s"": 5.0, ""valid_route"": true}"
small_exact,small_exact_random_asymmetric_n9_seed4,random_asymmetric,9,4,networkx_christofides,skipped_not_applicable,,,181.93455118506083,nan,,,8.930000012696837e-05,257.6328125,257.6328125,0.0,,,,181.93455118506083,nan,True,"{""instance_metadata"": {""complete"": true, ""high"": 100.0, ""instance_type"": ""random_asymmetric"", ""low"": 1.0, ""n"": 9, ""seed"": 4, ""symmetric"": false}, ""requires_metric_symmetric_complete"": true}"
small_exact,small_exact_random_asymmetric_n9_seed4,random_asymmetric,9,4,networkx_greedy,ok,"[8, 4, 6, 1, 3, 2, 5, 0, 7]",182.2288091449616,181.93455118506083,0.0016173836029718576,True,True,0.0001806999998734682,257.6328125,257.63671875,0.00390625,,,,181.93455118506083,0.0016173836029718576,True,"{""finite_edges"": true, ""instance_metadata"": {""complete"": true, ""high"": 100.0, ""instance_type"": ""random_asymmetric"", ""low"": 1.0, ""n"": 9, ""seed"": 4, ""symmetric"": false}, ""valid_route"": true}"
small_exact,small_exact_random_asymmetric_n9_seed4,random_asymmetric,9,4,python_tsp_dynamic_programming,skipped_missing_dependency,,,181.93455118506083,nan,,,0.0005450000003293098,257.63671875,257.63671875,0.0,,,,181.93455118506083,nan,True,"{""instance_metadata"": {""complete"": true, ""high"": 100.0, ""instance_type"": ""random_asymmetric"", ""low"": 1.0, ""n"": 9, ""seed"": 4, ""symmetric"": false}}"
small_exact,small_exact_euclidean_n10_seed0,euclidean,10,0,tn_exact,ok,"[9, 1, 5, 6, 7, 0, 8, 2, 4, 3]",3279.2105192794525,3279.2105192794525,0.0,True,True,0.1494631999999001,257.63671875,258.296875,0.66015625,26.0,,,3279.2105192794525,0.0,True,"{""finite_edges"": true, ""instance_metadata"": {""complete"": true, ""instance_type"": ""euclidean"", ""n"": 10, ""points"": [[636.9616873214543, 269.7867137638703], [40.97352393619469, 16.527635528529096], [813.2702392002724, 912.7555772777217], [606.6357757671799, 729.4965609839984], [543.6249914654229, 935.0724237877682], [815.8535541215322, 2.738500170148095], [857.4042765875694, 33.58557530546435], [729.655446429944, 175.65562060255903], [863.1789223498865, 541.4612202490918], [299.71189053738476, 422.68722119765846]], ""scale"": 1000.0, ""seed"": 0, ""symmetric"": true}, ""n_layers"": null, ""normalization_factor"": 1183.0751201760934, ""normalize"": true, ""seed"": 0, ""tau"": 26.0, ""valid_route"": true}"
small_exact,small_exact_euclidean_n10_seed0,euclidean,10,0,held_karp,ok,"[9, 1, 5, 6, 7, 0, 8, 2, 4, 3]",3279.2105192794525,3279.2105192794525,0.0,True,True,0.00571540000009918,258.296875,258.50390625,0.20703125,,,,3279.2105192794525,0.0,True,"{""instance_metadata"": {""complete"": true, ""instance_type"": ""euclidean"", ""n"": 10, ""points"": [[636.9616873214543, 269.7867137638703], [40.97352393619469, 16.527635528529096], [813.2702392002724, 912.7555772777217], [606.6357757671799, 729.4965609839984], [543.6249914654229, 935.0724237877682], [815.8535541215322, 2.738500170148095], [857.4042765875694, 33.58557530546435], [729.655446429944, 175.65562060255903], [863.1789223498865, 541.4612202490918], [299.71189053738476, 422.68722119765846]], ""scale"": 1000.0, ""seed"": 0, ""symmetric"": true}, ""max_n"": 18, ""start"": 9}"
small_exact,small_exact_euclidean_n10_seed0,euclidean,10,0,bruteforce,ok,"[9, 1, 5, 6, 7, 0, 8, 2, 4, 3]",3279.2105192794525,3279.2105192794525,0.0,True,True,1.4111031999996158,258.50390625,258.50390625,0.0,,,,3279.2105192794525,0.0,True,"{""instance_metadata"": {""complete"": true, ""instance_type"": ""euclidean"", ""n"": 10, ""points"": [[636.9616873214543, 269.7867137638703], [40.97352393619469, 16.527635528529096], [813.2702392002724, 912.7555772777217], [606.6357757671799, 729.4965609839984], [543.6249914654229, 935.0724237877682], [815.8535541215322, 2.738500170148095], [857.4042765875694, 33.58557530546435], [729.655446429944, 175.65562060255903], [863.1789223498865, 541.4612202490918], [299.71189053738476, 422.68722119765846]], ""scale"": 1000.0, ""seed"": 0, ""symmetric"": true}, ""max_n"": 10, ""permutations_checked"": 362880, ""start"": 9}"
small_exact,small_exact_euclidean_n10_seed0,euclidean,10,0,ortools,ok,"[9, 3, 4, 2, 8, 6, 5, 7, 0, 1]",3308.3071930002297,3279.2105192794525,0.008873072817286144,True,True,0.0017640999999457563,258.50390625,258.57421875,0.0703125,,,5.0,3279.2105192794525,0.008873072817286144,True,"{""finite_edges"": true, ""infinity_penalty"": 11830751200000, ""instance_metadata"": {""complete"": true, ""instance_type"": ""euclidean"", ""n"": 10, ""points"": [[636.9616873214543, 269.7867137638703], [40.97352393619469, 16.527635528529096], [813.2702392002724, 912.7555772777217], [606.6357757671799, 729.4965609839984], [543.6249914654229, 935.0724237877682], [815.8535541215322, 2.738500170148095], [857.4042765875694, 33.58557530546435], [729.655446429944, 175.65562060255903], [863.1789223498865, 541.4612202490918], [299.71189053738476, 422.68722119765846]], ""scale"": 1000.0, ""seed"": 0, ""symmetric"": true}, ""integer_scale"": 1000000, ""start"": 9, ""time_limit_s"": 5.0, ""valid_route"": true}"
small_exact,small_exact_euclidean_n10_seed0,euclidean,10,0,networkx_christofides,ok,"[9, 1, 5, 6, 7, 0, 2, 4, 3, 8]",3677.7028057330713,3279.2105192794525,0.12152080023858314,True,True,0.0008348999999725493,258.57421875,258.58984375,0.015625,,,,3279.2105192794525,0.12152080023858314,True,"{""finite_edges"": true, ""instance_metadata"": {""complete"": true, ""instance_type"": ""euclidean"", ""n"": 10, ""points"": [[636.9616873214543, 269.7867137638703], [40.97352393619469, 16.527635528529096], [813.2702392002724, 912.7555772777217], [606.6357757671799, 729.4965609839984], [543.6249914654229, 935.0724237877682], [815.8535541215322, 2.738500170148095], [857.4042765875694, 33.58557530546435], [729.655446429944, 175.65562060255903], [863.1789223498865, 541.4612202490918], [299.71189053738476, 422.68722119765846]], ""scale"": 1000.0, ""seed"": 0, ""symmetric"": true}, ""requires_metric_symmetric_complete"": true, ""valid_route"": true}"
small_exact,small_exact_euclidean_n10_seed0,euclidean,10,0,networkx_greedy,ok,"[9, 0, 7, 6, 5, 8, 3, 4, 2, 1]",3754.3115777824423,3279.2105192794525,0.14488275629445857,True,True,0.00013020000005781185,258.58984375,258.58984375,0.0,,,,3279.2105192794525,0.14488275629445857,True,"{""finite_edges"": true, ""instance_metadata"": {""complete"": true, ""instance_type"": ""euclidean"", ""n"": 10, ""points"": [[636.9616873214543, 269.7867137638703], [40.97352393619469, 16.527635528529096], [813.2702392002724, 912.7555772777217], [606.6357757671799, 729.4965609839984], [543.6249914654229, 935.0724237877682], [815.8535541215322, 2.738500170148095], [857.4042765875694, 33.58557530546435], [729.655446429944, 175.65562060255903], [863.1789223498865, 541.4612202490918], [299.71189053738476, 422.68722119765846]], ""scale"": 1000.0, ""seed"": 0, ""symmetric"": true}, ""valid_route"": true}"
small_exact,small_exact_euclidean_n10_seed0,euclidean,10,0,python_tsp_dynamic_programming,skipped_missing_dependency,,,3279.2105192794525,nan,,,0.0004939999998896383,258.58984375,258.58984375,0.0,,,,3279.2105192794525,nan,True,"{""instance_metadata"": {""complete"": true, ""instance_type"": ""euclidean"", ""n"": 10, ""points"": [[636.9616873214543, 269.7867137638703], [40.97352393619469, 16.527635528529096], [813.2702392002724, 912.7555772777217], [606.6357757671799, 729.4965609839984], [543.6249914654229, 935.0724237877682], [815.8535541215322, 2.738500170148095], [857.4042765875694, 33.58557530546435], [729.655446429944, 175.65562060255903], [863.1789223498865, 541.4612202490918], [299.71189053738476, 422.68722119765846]], ""scale"": 1000.0, ""seed"": 0, ""symmetric"": true}}"
small_exact,small_exact_random_symmetric_n10_seed0,random_symmetric,10,0,tn_exact,ok,"[9, 6, 4, 8, 1, 3, 5, 7, 0, 2]",316.0016784917155,316.0016784917155,0.0,True,True,0.16295919999993203,258.58984375,258.796875,0.20703125,26.0,,,316.0016784917155,0.0,True,"{""finite_edges"": true, ""instance_metadata"": {""complete"": true, ""high"": 100.0, ""instance_type"": ""random_symmetric"", ""low"": 1.0, ""n"": 10, ""seed"": 0, ""symmetric"": true}, ""n_layers"": null, ""normalization_factor"": 94.1096663967816, ""normalize"": true, ""seed"": 0, ""tau"": 26.0, ""valid_route"": true}"
small_exact,small_exact_random_symmetric_n10_seed0,random_symmetric,10,0,held_karp,ok,"[9, 6, 4, 8, 1, 3, 5, 7, 0, 2]",316.0016784917155,316.0016784917155,0.0,True,True,0.004277099999853817,258.796875,258.83203125,0.03515625,,,,316.0016784917155,0.0,True,"{""instance_metadata"": {""complete"": true, ""high"": 100.0, ""instance_type"": ""random_symmetric"", ""low"": 1.0, ""n"": 10, ""seed"": 0, ""symmetric"": true}, ""max_n"": 18, ""start"": 9}"
small_exact,small_exact_random_symmetric_n10_seed0,random_symmetric,10,0,bruteforce,ok,"[9, 2, 0, 7, 5, 3, 1, 8, 4, 6]",316.0016784917155,316.0016784917155,0.0,True,True,1.3262332999997852,258.83203125,258.83203125,0.0,,,,316.0016784917155,0.0,True,"{""instance_metadata"": {""complete"": true, ""high"": 100.0, ""instance_type"": ""random_symmetric"", ""low"": 1.0, ""n"": 10, ""seed"": 0, ""symmetric"": true}, ""max_n"": 10, ""permutations_checked"": 362880, ""start"": 9}"
small_exact,small_exact_random_symmetric_n10_seed0,random_symmetric,10,0,ortools,ok,"[9, 6, 7, 4, 8, 1, 5, 3, 0, 2]",329.7077640477486,316.0016784917155,0.043373458082414634,True,True,0.0016439000000900705,258.83203125,258.83203125,0.0,,,5.0,316.0016784917155,0.043373458082414634,True,"{""finite_edges"": true, ""infinity_penalty"": 941096660000, ""instance_metadata"": {""complete"": true, ""high"": 100.0, ""instance_type"": ""random_symmetric"", ""low"": 1.0, ""n"": 10, ""seed"": 0, ""symmetric"": true}, ""integer_scale"": 1000000, ""start"": 9, ""time_limit_s"": 5.0, ""valid_route"": true}"
small_exact,small_exact_random_symmetric_n10_seed0,random_symmetric,10,0,networkx_christofides,skipped_not_applicable,,,316.0016784917155,nan,,,9.579999959896668e-05,258.83203125,258.83203125,0.0,,,,316.0016784917155,nan,True,"{""instance_metadata"": {""complete"": true, ""high"": 100.0, ""instance_type"": ""random_symmetric"", ""low"": 1.0, ""n"": 10, ""seed"": 0, ""symmetric"": true}, ""requires_metric_symmetric_complete"": true}"
small_exact,small_exact_random_symmetric_n10_seed0,random_symmetric,10,0,networkx_greedy,ok,"[9, 6, 4, 8, 1, 5, 3, 0, 2, 7]",331.15143505470564,316.0016784917155,0.04794201295164109,True,True,0.0001336000000264903,258.83203125,258.83203125,0.0,,,,316.0016784917155,0.04794201295164109,True,"{""finite_edges"": true, ""instance_metadata"": {""complete"": true, ""high"": 100.0, ""instance_type"": ""random_symmetric"", ""low"": 1.0, ""n"": 10, ""seed"": 0, ""symmetric"": true}, ""valid_route"": true}"
small_exact,small_exact_random_symmetric_n10_seed0,random_symmetric,10,0,python_tsp_dynamic_programming,skipped_missing_dependency,,,316.0016784917155,nan,,,0.0005161999997653766,258.83203125,258.83203125,0.0,,,,316.0016784917155,nan,True,"{""instance_metadata"": {""complete"": true, ""high"": 100.0, ""instance_type"": ""random_symmetric"", ""low"": 1.0, ""n"": 10, ""seed"": 0, ""symmetric"": true}}"
small_exact,small_exact_random_asymmetric_n10_seed0,random_asymmetric,10,0,tn_exact,ok,"[9, 6, 2, 0, 3, 4, 8, 1, 7, 5]",248.57691935115795,246.91846540479634,0.006716605595465535,True,True,0.11462889999984327,258.83203125,258.8046875,-0.02734375,26.0,,,246.91846540479634,0.006716605595465535,True,"{""finite_edges"": true, ""instance_metadata"": {""complete"": true, ""high"": 100.0, ""instance_type"": ""random_asymmetric"", ""low"": 1.0, ""n"": 10, ""seed"": 0, ""symmetric"": false}, ""n_layers"": null, ""normalization_factor"": 99.7237836431319, ""normalize"": true, ""seed"": 0, ""tau"": 26.0, ""valid_route"": true}"
small_exact,small_exact_random_asymmetric_n10_seed0,random_asymmetric,10,0,held_karp,ok,"[9, 2, 0, 3, 1, 7, 5, 8, 4, 6]",246.91846540479634,246.91846540479634,0.0,True,True,0.005894999999782158,258.8046875,258.92578125,0.12109375,,,,246.91846540479634,0.0,True,"{""instance_metadata"": {""complete"": true, ""high"": 100.0, ""instance_type"": ""random_asymmetric"", ""low"": 1.0, ""n"": 10, ""seed"": 0, ""symmetric"": false}, ""max_n"": 18, ""start"": 9}"
small_exact,small_exact_random_asymmetric_n10_seed0,random_asymmetric,10,0,bruteforce,ok,"[9, 2, 0, 3, 1, 7, 5, 8, 4, 6]",246.91846540479634,246.91846540479634,0.0,True,True,1.3559512000001632,258.92578125,258.92578125,0.0,,,,246.91846540479634,0.0,True,"{""instance_metadata"": {""complete"": true, ""high"": 100.0, ""instance_type"": ""random_asymmetric"", ""low"": 1.0, ""n"": 10, ""seed"": 0, ""symmetric"": false}, ""max_n"": 10, ""permutations_checked"": 362880, ""start"": 9}"
small_exact,small_exact_random_asymmetric_n10_seed0,random_asymmetric,10,0,ortools,ok,"[9, 2, 0, 3, 1, 7, 5, 8, 4, 6]",246.91846540479634,246.91846540479634,0.0,True,True,0.0017357000001538836,258.92578125,258.92578125,0.0,,,5.0,246.91846540479634,0.0,True,"{""finite_edges"": true, ""infinity_penalty"": 997237840000, ""instance_metadata"": {""complete"": true, ""high"": 100.0, ""instance_type"": ""random_asymmetric"", ""low"": 1.0, ""n"": 10, ""seed"": 0, ""symmetric"": false}, ""integer_scale"": 1000000, ""start"": 9, ""time_limit_s"": 5.0, ""valid_route"": true}"
small_exact,small_exact_random_asymmetric_n10_seed0,random_asymmetric,10,0,networkx_christofides,skipped_not_applicable,,,246.91846540479634,nan,,,8.109999998850981e-05,258.92578125,258.92578125,0.0,,,,246.91846540479634,nan,True,"{""instance_metadata"": {""complete"": true, ""high"": 100.0, ""instance_type"": ""random_asymmetric"", ""low"": 1.0, ""n"": 10, ""seed"": 0, ""symmetric"": false}, ""requires_metric_symmetric_complete"": true}"
small_exact,small_exact_random_asymmetric_n10_seed0,random_asymmetric,10,0,networkx_greedy,ok,"[9, 2, 0, 3, 5, 8, 4, 6, 1, 7]",251.78478377170723,246.91846540479634,0.019708199461441988,True,True,0.0001467000001866836,258.92578125,258.92578125,0.0,,,,246.91846540479634,0.019708199461441988,True,"{""finite_edges"": true, ""instance_metadata"": {""complete"": true, ""high"": 100.0, ""instance_type"": ""random_asymmetric"", ""low"": 1.0, ""n"": 10, ""seed"": 0, ""symmetric"": false}, ""valid_route"": true}"
small_exact,small_exact_random_asymmetric_n10_seed0,random_asymmetric,10,0,python_tsp_dynamic_programming,skipped_missing_dependency,,,246.91846540479634,nan,,,0.0005181000001357461,258.92578125,258.92578125,0.0,,,,246.91846540479634,nan,True,"{""instance_metadata"": {""complete"": true, ""high"": 100.0, ""instance_type"": ""random_asymmetric"", ""low"": 1.0, ""n"": 10, ""seed"": 0, ""symmetric"": false}}"
small_exact,small_exact_euclidean_n10_seed1,euclidean,10,1,tn_exact,ok,"[9, 4, 3, 5, 0, 1, 6, 7, 2, 8]",2833.2721574374555,2833.2721574374555,0.0,True,True,0.14788339999995515,258.9296875,259.1875,0.2578125,26.0,,,2833.2721574374555,0.0,True,"{""finite_edges"": true, ""instance_metadata"": {""complete"": true, ""instance_type"": ""euclidean"", ""n"": 10, ""points"": [[511.82162470025673, 950.4636963259353], [144.15961271963374, 948.6494471372439], [311.83145201048546, 423.32644897257563], [827.7025938204417, 409.1991363691613], [549.5936876730595, 27.559113243068367], [753.5131086748066, 538.1433132192782], [329.73171649909216, 788.4287034284043], [303.19482929164496, 453.4978894806515], [134.04169724716473, 403.11298644712923], [203.45524067614963, 262.3133404418495]], ""scale"": 1000.0, ""seed"": 1, ""symmetric"": true}, ""n_layers"": null, ""normalization_factor"": 1006.3717962694622, ""normalize"": true, ""seed"": 0, ""tau"": 26.0, ""valid_route"": true}"
small_exact,small_exact_euclidean_n10_seed1,euclidean,10,1,held_karp,ok,"[9, 8, 2, 7, 6, 1, 0, 5, 3, 4]",2833.2721574374555,2833.2721574374555,0.0,True,True,0.005240200000116602,259.1875,259.265625,0.078125,,,,2833.2721574374555,0.0,True,"{""instance_metadata"": {""complete"": true, ""instance_type"": ""euclidean"", ""n"": 10, ""points"": [[511.82162470025673, 950.4636963259353], [144.15961271963374, 948.6494471372439], [311.83145201048546, 423.32644897257563], [827.7025938204417, 409.1991363691613], [549.5936876730595, 27.559113243068367], [753.5131086748066, 538.1433132192782], [329.73171649909216, 788.4287034284043], [303.19482929164496, 453.4978894806515], [134.04169724716473, 403.11298644712923], [203.45524067614963, 262.3133404418495]], ""scale"": 1000.0, ""seed"": 1, ""symmetric"": true}, ""max_n"": 18, ""start"": 9}"
small_exact,small_exact_euclidean_n10_seed1,euclidean,10,1,bruteforce,ok,"[9, 4, 3, 5, 0, 1, 6, 7, 2, 8]",2833.2721574374555,2833.2721574374555,0.0,True,True,1.374627899999723,259.265625,259.265625,0.0,,,,2833.2721574374555,0.0,True,"{""instance_metadata"": {""complete"": true, ""instance_type"": ""euclidean"", ""n"": 10, ""points"": [[511.82162470025673, 950.4636963259353], [144.15961271963374, 948.6494471372439], [311.83145201048546, 423.32644897257563], [827.7025938204417, 409.1991363691613], [549.5936876730595, 27.559113243068367], [753.5131086748066, 538.1433132192782], [329.73171649909216, 788.4287034284043], [303.19482929164496, 453.4978894806515], [134.04169724716473, 403.11298644712923], [203.45524067614963, 262.3133404418495]], ""scale"": 1000.0, ""seed"": 1, ""symmetric"": true}, ""max_n"": 10, ""permutations_checked"": 362880, ""start"": 9}"
small_exact,small_exact_euclidean_n10_seed1,euclidean,10,1,ortools,ok,"[9, 8, 2, 7, 6, 1, 0, 5, 3, 4]",2833.2721574374555,2833.2721574374555,0.0,True,True,0.0018350000000282307,259.265625,259.52734375,0.26171875,,,5.0,2833.2721574374555,0.0,True,"{""finite_edges"": true, ""infinity_penalty"": 10063717960000, ""instance_metadata"": {""complete"": true, ""instance_type"": ""euclidean"", ""n"": 10, ""points"": [[511.82162470025673, 950.4636963259353], [144.15961271963374, 948.6494471372439], [311.83145201048546, 423.32644897257563], [827.7025938204417, 409.1991363691613], [549.5936876730595, 27.559113243068367], [753.5131086748066, 538.1433132192782], [329.73171649909216, 788.4287034284043], [303.19482929164496, 453.4978894806515], [134.04169724716473, 403.11298644712923], [203.45524067614963, 262.3133404418495]], ""scale"": 1000.0, ""seed"": 1, ""symmetric"": true}, ""integer_scale"": 1000000, ""start"": 9, ""time_limit_s"": 5.0, ""valid_route"": true}"
small_exact,small_exact_euclidean_n10_seed1,euclidean,10,1,networkx_christofides,ok,"[9, 4, 3, 5, 2, 0, 1, 6, 7, 8]",3341.6760373730467,2833.2721574374555,0.17944053789573663,True,True,0.0009341999998468964,259.52734375,259.52734375,0.0,,,,2833.2721574374555,0.17944053789573663,True,"{""finite_edges"": true, ""instance_metadata"": {""complete"": true, ""instance_type"": ""euclidean"", ""n"": 10, ""points"": [[511.82162470025673, 950.4636963259353], [144.15961271963374, 948.6494471372439], [311.83145201048546, 423.32644897257563], [827.7025938204417, 409.1991363691613], [549.5936876730595, 27.559113243068367], [753.5131086748066, 538.1433132192782], [329.73171649909216, 788.4287034284043], [303.19482929164496, 453.4978894806515], [134.04169724716473, 403.11298644712923], [203.45524067614963, 262.3133404418495]], ""scale"": 1000.0, ""seed"": 1, ""symmetric"": true}, ""requires_metric_symmetric_complete"": true, ""valid_route"": true}"
small_exact,small_exact_euclidean_n10_seed1,euclidean,10,1,networkx_greedy,ok,"[9, 4, 3, 5, 1, 0, 6, 2, 7, 8]",3115.7653801978818,2833.2721574374555,0.09970564317969596,True,True,0.00013179999996282277,259.52734375,259.52734375,0.0,,,,2833.2721574374555,0.09970564317969596,True,"{""finite_edges"": true, ""instance_metadata"": {""complete"": true, ""instance_type"": ""euclidean"", ""n"": 10, ""points"": [[511.82162470025673, 950.4636963259353], [144.15961271963374, 948.6494471372439], [311.83145201048546, 423.32644897257563], [827.7025938204417, 409.1991363691613], [549.5936876730595, 27.559113243068367], [753.5131086748066, 538.1433132192782], [329.73171649909216, 788.4287034284043], [303.19482929164496, 453.4978894806515], [134.04169724716473, 403.11298644712923], [203.45524067614963, 262.3133404418495]], ""scale"": 1000.0, ""seed"": 1, ""symmetric"": true}, ""valid_route"": true}"
small_exact,small_exact_euclidean_n10_seed1,euclidean,10,1,python_tsp_dynamic_programming,skipped_missing_dependency,,,2833.2721574374555,nan,,,0.0005866000001333305,259.52734375,259.52734375,0.0,,,,2833.2721574374555,nan,True,"{""instance_metadata"": {""complete"": true, ""instance_type"": ""euclidean"", ""n"": 10, ""points"": [[511.82162470025673, 950.4636963259353], [144.15961271963374, 948.6494471372439], [311.83145201048546, 423.32644897257563], [827.7025938204417, 409.1991363691613], [549.5936876730595, 27.559113243068367], [753.5131086748066, 538.1433132192782], [329.73171649909216, 788.4287034284043], [303.19482929164496, 453.4978894806515], [134.04169724716473, 403.11298644712923], [203.45524067614963, 262.3133404418495]], ""scale"": 1000.0, ""seed"": 1, ""symmetric"": true}}"
small_exact,small_exact_random_symmetric_n10_seed1,random_symmetric,10,1,tn_exact,ok,"[9, 3, 6, 1, 2, 0, 7, 5, 4, 8]",321.6595227649204,321.6595227649203,1.767192165560449e-16,True,True,0.1613256000000547,259.52734375,259.88671875,0.359375,26.0,,,321.6595227649203,1.767192165560449e-16,True,"{""finite_edges"": true, ""instance_metadata"": {""complete"": true, ""high"": 100.0, ""instance_type"": ""random_symmetric"", ""low"": 1.0, ""n"": 10, ""seed"": 1, ""symmetric"": true}, ""n_layers"": null, ""normalization_factor"": 86.12326236330892, ""normalize"": true, ""seed"": 0, ""tau"": 26.0, ""valid_route"": true}"
small_exact,small_exact_random_symmetric_n10_seed1,random_symmetric,10,1,held_karp,ok,"[9, 8, 4, 5, 7, 0, 2, 1, 6, 3]",321.6595227649203,321.6595227649203,0.0,True,True,0.005580800000188901,259.88671875,259.9765625,0.08984375,,,,321.6595227649203,0.0,True,"{""instance_metadata"": {""complete"": true, ""high"": 100.0, ""instance_type"": ""random_symmetric"", ""low"": 1.0, ""n"": 10, ""seed"": 1, ""symmetric"": true}, ""max_n"": 18, ""start"": 9}"
small_exact,small_exact_random_symmetric_n10_seed1,random_symmetric,10,1,bruteforce,ok,"[9, 8, 4, 5, 7, 0, 2, 1, 6, 3]",321.6595227649203,321.6595227649203,0.0,True,True,1.3426428000002488,259.9765625,259.9765625,0.0,,,,321.6595227649203,0.0,True,"{""instance_metadata"": {""complete"": true, ""high"": 100.0, ""instance_type"": ""random_symmetric"", ""low"": 1.0, ""n"": 10, ""seed"": 1, ""symmetric"": true}, ""max_n"": 10, ""permutations_checked"": 362880, ""start"": 9}"
small_exact,small_exact_random_symmetric_n10_seed1,random_symmetric,10,1,ortools,ok,"[9, 3, 4, 5, 7, 0, 2, 6, 1, 8]",329.5902346997845,321.6595227649203,0.02465561058691308,True,True,0.0020440999996935716,259.9765625,260.23046875,0.25390625,,,5.0,321.6595227649203,0.02465561058691308,True,"{""finite_edges"": true, ""infinity_penalty"": 861232620000, ""instance_metadata"": {""complete"": true, ""high"": 100.0, ""instance_type"": ""random_symmetric"", ""low"": 1.0, ""n"": 10, ""seed"": 1, ""symmetric"": true}, ""integer_scale"": 1000000, ""start"": 9, ""time_limit_s"": 5.0, ""valid_route"": true}"
small_exact,small_exact_random_symmetric_n10_seed1,random_symmetric,10,1,networkx_christofides,skipped_not_applicable,,,321.6595227649203,nan,,,9.4600000011269e-05,260.23046875,260.23046875,0.0,,,,321.6595227649203,nan,True,"{""instance_metadata"": {""complete"": true, ""high"": 100.0, ""instance_type"": ""random_symmetric"", ""low"": 1.0, ""n"": 10, ""seed"": 1, ""symmetric"": true}, ""requires_metric_symmetric_complete"": true}"
small_exact,small_exact_random_symmetric_n10_seed1,random_symmetric,10,1,networkx_greedy,ok,"[9, 2, 4, 5, 7, 0, 6, 1, 8, 3]",381.15964028419495,321.6595227649203,0.18497856680201358,True,True,0.00019659999998111743,260.23046875,260.23046875,0.0,,,,321.6595227649203,0.18497856680201358,True,"{""finite_edges"": true, ""instance_metadata"": {""complete"": true, ""high"": 100.0, ""instance_type"": ""random_symmetric"", ""low"": 1.0, ""n"": 10, ""seed"": 1, ""symmetric"": true}, ""valid_route"": true}"
small_exact,small_exact_random_symmetric_n10_seed1,random_symmetric,10,1,python_tsp_dynamic_programming,skipped_missing_dependency,,,321.6595227649203,nan,,,0.0005381000000852509,260.23046875,260.23046875,0.0,,,,321.6595227649203,nan,True,"{""instance_metadata"": {""complete"": true, ""high"": 100.0, ""instance_type"": ""random_symmetric"", ""low"": 1.0, ""n"": 10, ""seed"": 1, ""symmetric"": true}}"
small_exact,small_exact_random_asymmetric_n10_seed1,random_asymmetric,10,1,tn_exact,ok,"[9, 3, 6, 1, 4, 8, 5, 2, 7, 0]",130.08061398049472,130.08061398049472,0.0,True,True,0.2157718999997087,260.23046875,260.19921875,-0.03125,26.0,,,130.08061398049472,0.0,True,"{""finite_edges"": true, ""instance_metadata"": {""complete"": true, ""high"": 100.0, ""instance_type"": ""random_asymmetric"", ""low"": 1.0, ""n"": 10, ""seed"": 1, ""symmetric"": false}, ""n_layers"": null, ""normalization_factor"": 98.09298278032263, ""normalize"": true, ""seed"": 0, ""tau"": 26.0, ""valid_route"": true}"
small_exact,small_exact_random_asymmetric_n10_seed1,random_asymmetric,10,1,held_karp,ok,"[9, 3, 6, 1, 4, 8, 5, 2, 7, 0]",130.08061398049472,130.08061398049472,0.0,True,True,0.005595999999968626,260.19921875,260.19921875,0.0,,,,130.08061398049472,0.0,True,"{""instance_metadata"": {""complete"": true, ""high"": 100.0, ""instance_type"": ""random_asymmetric"", ""low"": 1.0, ""n"": 10, ""seed"": 1, ""symmetric"": false}, ""max_n"": 18, ""start"": 9}"
small_exact,small_exact_random_asymmetric_n10_seed1,random_asymmetric,10,1,bruteforce,ok,"[9, 3, 6, 1, 4, 8, 5, 2, 7, 0]",130.08061398049472,130.08061398049472,0.0,True,True,1.3254437000000507,260.19921875,260.19921875,0.0,,,,130.08061398049472,0.0,True,"{""instance_metadata"": {""complete"": true, ""high"": 100.0, ""instance_type"": ""random_asymmetric"", ""low"": 1.0, ""n"": 10, ""seed"": 1, ""symmetric"": false}, ""max_n"": 10, ""permutations_checked"": 362880, ""start"": 9}"
small_exact,small_exact_random_asymmetric_n10_seed1,random_asymmetric,10,1,ortools,ok,"[9, 3, 6, 1, 4, 8, 5, 2, 7, 0]",130.08061398049472,130.08061398049472,0.0,True,True,0.0018005000001721783,260.19921875,260.20703125,0.0078125,,,5.0,130.08061398049472,0.0,True,"{""finite_edges"": true, ""infinity_penalty"": 980929830000, ""instance_metadata"": {""complete"": true, ""high"": 100.0, ""instance_type"": ""random_asymmetric"", ""low"": 1.0, ""n"": 10, ""seed"": 1, ""symmetric"": false}, ""integer_scale"": 1000000, ""start"": 9, ""time_limit_s"": 5.0, ""valid_route"": true}"
small_exact,small_exact_random_asymmetric_n10_seed1,random_asymmetric,10,1,networkx_christofides,skipped_not_applicable,,,130.08061398049472,nan,,,9.589999990566866e-05,260.20703125,260.20703125,0.0,,,,130.08061398049472,nan,True,"{""instance_metadata"": {""complete"": true, ""high"": 100.0, ""instance_type"": ""random_asymmetric"", ""low"": 1.0, ""n"": 10, ""seed"": 1, ""symmetric"": false}, ""requires_metric_symmetric_complete"": true}"
small_exact,small_exact_random_asymmetric_n10_seed1,random_asymmetric,10,1,networkx_greedy,ok,"[9, 3, 6, 1, 8, 5, 4, 2, 7, 0]",164.23433299384354,130.08061398049472,0.26255810122844353,True,True,0.00017329999991488876,260.20703125,260.20703125,0.0,,,,130.08061398049472,0.26255810122844353,True,"{""finite_edges"": true, ""instance_metadata"": {""complete"": true, ""high"": 100.0, ""instance_type"": ""random_asymmetric"", ""low"": 1.0, ""n"": 10, ""seed"": 1, ""symmetric"": false}, ""valid_route"": true}"
small_exact,small_exact_random_asymmetric_n10_seed1,random_asymmetric,10,1,python_tsp_dynamic_programming,skipped_missing_dependency,,,130.08061398049472,nan,,,0.0007878000001255714,260.20703125,260.20703125,0.0,,,,130.08061398049472,nan,True,"{""instance_metadata"": {""complete"": true, ""high"": 100.0, ""instance_type"": ""random_asymmetric"", ""low"": 1.0, ""n"": 10, ""seed"": 1, ""symmetric"": false}}"
small_exact,small_exact_euclidean_n10_seed2,euclidean,10,2,tn_exact,ok,"[9, 3, 0, 4, 7, 6, 2, 8, 1, 5]",2635.180812604283,2635.180812604283,0.0,True,True,0.14722570000003543,260.20703125,260.45703125,0.25,26.0,,,2635.180812604283,0.0,True,"{""finite_edges"": true, ""instance_metadata"": {""complete"": true, ""instance_type"": ""euclidean"", ""n"": 10, ""points"": [[261.6121342493164, 298.4911434141233], [814.2257405942803, 91.91594213509691], [600.100525965654, 728.5605268117946], [187.90107336660344, 55.14662733306819], [274.9693679060381, 657.4330148755926], [562.265662780428, 150.06226330533613], [432.6307908047872, 669.2972985745203], [422.7846732701278, 633.1843992741165], [967.4359524936766, 683.0648223096252], [391.6248330800262, 187.25256972009808]], ""scale"": 1000.0, ""seed"": 2, ""symmetric"": true}, ""n_layers"": null, ""normalization_factor"": 1000.9774659592883, ""normalize"": true, ""seed"": 0, ""tau"": 26.0, ""valid_route"": true}"
small_exact,small_exact_euclidean_n10_seed2,euclidean,10,2,held_karp,ok,"[9, 5, 1, 8, 2, 6, 7, 4, 0, 3]",2635.180812604283,2635.180812604283,0.0,True,True,0.00569550000000163,260.45703125,260.45703125,0.0,,,,2635.180812604283,0.0,True,"{""instance_metadata"": {""complete"": true, ""instance_type"": ""euclidean"", ""n"": 10, ""points"": [[261.6121342493164, 298.4911434141233], [814.2257405942803, 91.91594213509691], [600.100525965654, 728.5605268117946], [187.90107336660344, 55.14662733306819], [274.9693679060381, 657.4330148755926], [562.265662780428, 150.06226330533613], [432.6307908047872, 669.2972985745203], [422.7846732701278, 633.1843992741165], [967.4359524936766, 683.0648223096252], [391.6248330800262, 187.25256972009808]], ""scale"": 1000.0, ""seed"": 2, ""symmetric"": true}, ""max_n"": 18, ""start"": 9}"
small_exact,small_exact_euclidean_n10_seed2,euclidean,10,2,bruteforce,ok,"[9, 3, 0, 4, 7, 6, 2, 8, 1, 5]",2635.180812604283,2635.180812604283,0.0,True,True,1.3805532999999741,260.45703125,260.45703125,0.0,,,,2635.180812604283,0.0,True,"{""instance_metadata"": {""complete"": true, ""instance_type"": ""euclidean"", ""n"": 10, ""points"": [[261.6121342493164, 298.4911434141233], [814.2257405942803, 91.91594213509691], [600.100525965654, 728.5605268117946], [187.90107336660344, 55.14662733306819], [274.9693679060381, 657.4330148755926], [562.265662780428, 150.06226330533613], [432.6307908047872, 669.2972985745203], [422.7846732701278, 633.1843992741165], [967.4359524936766, 683.0648223096252], [391.6248330800262, 187.25256972009808]], ""scale"": 1000.0, ""seed"": 2, ""symmetric"": true}, ""max_n"": 10, ""permutations_checked"": 362880, ""start"": 9}"
small_exact,small_exact_euclidean_n10_seed2,euclidean,10,2,ortools,ok,"[9, 5, 1, 8, 2, 6, 7, 4, 0, 3]",2635.180812604283,2635.180812604283,0.0,True,True,0.001741900000070018,260.45703125,260.45703125,0.0,,,5.0,2635.180812604283,0.0,True,"{""finite_edges"": true, ""infinity_penalty"": 10009774660000, ""instance_metadata"": {""complete"": true, ""instance_type"": ""euclidean"", ""n"": 10, ""points"": [[261.6121342493164, 298.4911434141233], [814.2257405942803, 91.91594213509691], [600.100525965654, 728.5605268117946], [187.90107336660344, 55.14662733306819], [274.9693679060381, 657.4330148755926], [562.265662780428, 150.06226330533613], [432.6307908047872, 669.2972985745203], [422.7846732701278, 633.1843992741165], [967.4359524936766, 683.0648223096252], [391.6248330800262, 187.25256972009808]], ""scale"": 1000.0, ""seed"": 2, ""symmetric"": true}, ""integer_scale"": 1000000, ""start"": 9, ""time_limit_s"": 5.0, ""valid_route"": true}"
small_exact,small_exact_euclidean_n10_seed2,euclidean,10,2,networkx_christofides,ok,"[9, 3, 0, 4, 7, 6, 2, 8, 1, 5]",2635.180812604283,2635.180812604283,0.0,True,True,0.000826999999844702,260.45703125,260.45703125,0.0,,,,2635.180812604283,0.0,True,"{""finite_edges"": true, ""instance_metadata"": {""complete"": true, ""instance_type"": ""euclidean"", ""n"": 10, ""points"": [[261.6121342493164, 298.4911434141233], [814.2257405942803, 91.91594213509691], [600.100525965654, 728.5605268117946], [187.90107336660344, 55.14662733306819], [274.9693679060381, 657.4330148755926], [562.265662780428, 150.06226330533613], [432.6307908047872, 669.2972985745203], [422.7846732701278, 633.1843992741165], [967.4359524936766, 683.0648223096252], [391.6248330800262, 187.25256972009808]], ""scale"": 1000.0, ""seed"": 2, ""symmetric"": true}, ""requires_metric_symmetric_complete"": true, ""valid_route"": true}"
small_exact,small_exact_euclidean_n10_seed2,euclidean,10,2,networkx_greedy,ok,"[9, 0, 3, 5, 1, 8, 2, 6, 7, 4]",2900.2883740269435,2635.180812604283,0.1006031768881398,True,True,0.00013420000004771282,260.45703125,260.45703125,0.0,,,,2635.180812604283,0.1006031768881398,True,"{""finite_edges"": true, ""instance_metadata"": {""complete"": true, ""instance_type"": ""euclidean"", ""n"": 10, ""points"": [[261.6121342493164, 298.4911434141233], [814.2257405942803, 91.91594213509691], [600.100525965654, 728.5605268117946], [187.90107336660344, 55.14662733306819], [274.9693679060381, 657.4330148755926], [562.265662780428, 150.06226330533613], [432.6307908047872, 669.2972985745203], [422.7846732701278, 633.1843992741165], [967.4359524936766, 683.0648223096252], [391.6248330800262, 187.25256972009808]], ""scale"": 1000.0, ""seed"": 2, ""symmetric"": true}, ""valid_route"": true}"
small_exact,small_exact_euclidean_n10_seed2,euclidean,10,2,python_tsp_dynamic_programming,skipped_missing_dependency,,,2635.180812604283,nan,,,0.0007292000000234111,260.45703125,260.45703125,0.0,,,,2635.180812604283,nan,True,"{""instance_metadata"": {""complete"": true, ""instance_type"": ""euclidean"", ""n"": 10, ""points"": [[261.6121342493164, 298.4911434141233], [814.2257405942803, 91.91594213509691], [600.100525965654, 728.5605268117946], [187.90107336660344, 55.14662733306819], [274.9693679060381, 657.4330148755926], [562.265662780428, 150.06226330533613], [432.6307908047872, 669.2972985745203], [422.7846732701278, 633.1843992741165], [967.4359524936766, 683.0648223096252], [391.6248330800262, 187.25256972009808]], ""scale"": 1000.0, ""seed"": 2, ""symmetric"": true}}"
small_exact,small_exact_random_symmetric_n10_seed2,random_symmetric,10,2,tn_exact,ok,"[9, 2, 1, 5, 4, 8, 6, 3, 0, 7]",298.8961155611272,298.8961155611272,0.0,True,True,0.1425954000001184,260.45703125,260.484375,0.02734375,26.0,,,298.8961155611272,0.0,True,"{""finite_edges"": true, ""instance_metadata"": {""complete"": true, ""high"": 100.0, ""instance_type"": ""random_symmetric"", ""low"": 1.0, ""n"": 10, ""seed"": 2, ""symmetric"": true}, ""n_layers"": null, ""normalization_factor"": 91.18657665819998, ""normalize"": true, ""seed"": 0, ""tau"": 26.0, ""valid_route"": true}"
small_exact,small_exact_random_symmetric_n10_seed2,random_symmetric,10,2,held_karp,ok,"[9, 7, 0, 3, 6, 8, 4, 5, 1, 2]",298.8961155611272,298.8961155611272,0.0,True,True,0.004195800000161398,260.484375,260.484375,0.0,,,,298.8961155611272,0.0,True,"{""instance_metadata"": {""complete"": true, ""high"": 100.0, ""instance_type"": ""random_symmetric"", ""low"": 1.0, ""n"": 10, ""seed"": 2, ""symmetric"": true}, ""max_n"": 18, ""start"": 9}"
small_exact,small_exact_random_symmetric_n10_seed2,random_symmetric,10,2,bruteforce,ok,"[9, 2, 1, 5, 4, 8, 6, 3, 0, 7]",298.8961155611272,298.8961155611272,0.0,True,True,1.4557416999996349,260.484375,260.484375,0.0,,,,298.8961155611272,0.0,True,"{""instance_metadata"": {""complete"": true, ""high"": 100.0, ""instance_type"": ""random_symmetric"", ""low"": 1.0, ""n"": 10, ""seed"": 2, ""symmetric"": true}, ""max_n"": 10, ""permutations_checked"": 362880, ""start"": 9}"
small_exact,small_exact_random_symmetric_n10_seed2,random_symmetric,10,2,ortools,ok,"[9, 7, 0, 3, 6, 8, 4, 5, 1, 2]",298.8961155611272,298.8961155611272,0.0,True,True,0.0016519000000698725,260.484375,260.484375,0.0,,,5.0,298.8961155611272,0.0,True,"{""finite_edges"": true, ""infinity_penalty"": 911865770000, ""instance_metadata"": {""complete"": true, ""high"": 100.0, ""instance_type"": ""random_symmetric"", ""low"": 1.0, ""n"": 10, ""seed"": 2, ""symmetric"": true}, ""integer_scale"": 1000000, ""start"": 9, ""time_limit_s"": 5.0, ""valid_route"": true}"
small_exact,small_exact_random_symmetric_n10_seed2,random_symmetric,10,2,networkx_christofides,skipped_not_applicable,,,298.8961155611272,nan,,,8.820000039122533e-05,260.484375,260.484375,0.0,,,,298.8961155611272,nan,True,"{""instance_metadata"": {""complete"": true, ""high"": 100.0, ""instance_type"": ""random_symmetric"", ""low"": 1.0, ""n"": 10, ""seed"": 2, ""symmetric"": true}, ""requires_metric_symmetric_complete"": true}"
small_exact,small_exact_random_symmetric_n10_seed2,random_symmetric,10,2,networkx_greedy,ok,"[9, 2, 1, 5, 7, 3, 0, 6, 4, 8]",327.383439124306,298.8961155611272,0.09530844356976212,True,True,0.00013320000016392441,260.484375,260.484375,0.0,,,,298.8961155611272,0.09530844356976212,True,"{""finite_edges"": true, ""instance_metadata"": {""complete"": true, ""high"": 100.0, ""instance_type"": ""random_symmetric"", ""low"": 1.0, ""n"": 10, ""seed"": 2, ""symmetric"": true}, ""valid_route"": true}"
small_exact,small_exact_random_symmetric_n10_seed2,random_symmetric,10,2,python_tsp_dynamic_programming,skipped_missing_dependency,,,298.8961155611272,nan,,,0.0005323999998836371,260.484375,260.484375,0.0,,,,298.8961155611272,nan,True,"{""instance_metadata"": {""complete"": true, ""high"": 100.0, ""instance_type"": ""random_symmetric"", ""low"": 1.0, ""n"": 10, ""seed"": 2, ""symmetric"": true}}"
small_exact,small_exact_random_asymmetric_n10_seed2,random_asymmetric,10,2,tn_exact,ok,"[9, 3, 0, 7, 5, 1, 2, 8, 6, 4]",195.84358249377016,195.84358249377016,0.0,True,True,0.1401562000000922,260.48828125,260.48828125,0.0,26.0,,,195.84358249377016,0.0,True,"{""finite_edges"": true, ""instance_metadata"": {""complete"": true, ""high"": 100.0, ""instance_type"": ""random_asymmetric"", ""low"": 1.0, ""n"": 10, ""seed"": 2, ""symmetric"": false}, ""n_layers"": null, ""normalization_factor"": 98.20645097631477, ""normalize"": true, ""seed"": 0, ""tau"": 26.0, ""valid_route"": true}"
small_exact,small_exact_random_asymmetric_n10_seed2,random_asymmetric,10,2,held_karp,ok,"[9, 3, 0, 7, 5, 1, 2, 8, 6, 4]",195.84358249377016,195.84358249377016,0.0,True,True,0.005625499999950989,260.48828125,260.48828125,0.0,,,,195.84358249377016,0.0,True,"{""instance_metadata"": {""complete"": true, ""high"": 100.0, ""instance_type"": ""random_asymmetric"", ""low"": 1.0, ""n"": 10, ""seed"": 2, ""symmetric"": false}, ""max_n"": 18, ""start"": 9}"
small_exact,small_exact_random_asymmetric_n10_seed2,random_asymmetric,10,2,bruteforce,ok,"[9, 3, 0, 7, 5, 1, 2, 8, 6, 4]",195.84358249377016,195.84358249377016,0.0,True,True,1.3866688000002796,260.48828125,260.48828125,0.0,,,,195.84358249377016,0.0,True,"{""instance_metadata"": {""complete"": true, ""high"": 100.0, ""instance_type"": ""random_asymmetric"", ""low"": 1.0, ""n"": 10, ""seed"": 2, ""symmetric"": false}, ""max_n"": 10, ""permutations_checked"": 362880, ""start"": 9}"
small_exact,small_exact_random_asymmetric_n10_seed2,random_asymmetric,10,2,ortools,ok,"[9, 3, 0, 7, 5, 4, 8, 6, 1, 2]",210.6337580876692,195.84358249377016,0.07552034846160727,True,True,0.0015726000001450302,260.48828125,260.48828125,0.0,,,5.0,195.84358249377016,0.07552034846160727,True,"{""finite_edges"": true, ""infinity_penalty"": 982064510000, ""instance_metadata"": {""complete"": true, ""high"": 100.0, ""instance_type"": ""random_asymmetric"", ""low"": 1.0, ""n"": 10, ""seed"": 2, ""symmetric"": false}, ""integer_scale"": 1000000, ""start"": 9, ""time_limit_s"": 5.0, ""valid_route"": true}"
small_exact,small_exact_random_asymmetric_n10_seed2,random_asymmetric,10,2,networkx_christofides,skipped_not_applicable,,,195.84358249377016,nan,,,7.919999961814028e-05,260.48828125,260.48828125,0.0,,,,195.84358249377016,nan,True,"{""instance_metadata"": {""complete"": true, ""high"": 100.0, ""instance_type"": ""random_asymmetric"", ""low"": 1.0, ""n"": 10, ""seed"": 2, ""symmetric"": false}, ""requires_metric_symmetric_complete"": true}"
small_exact,small_exact_random_asymmetric_n10_seed2,random_asymmetric,10,2,networkx_greedy,ok,"[9, 7, 0, 3, 5, 4, 8, 6, 1, 2]",230.10105202112027,195.84358249377016,0.17492260451495698,True,True,0.00015519999988100608,260.48828125,260.48828125,0.0,,,,195.84358249377016,0.17492260451495698,True,"{""finite_edges"": true, ""instance_metadata"": {""complete"": true, ""high"": 100.0, ""instance_type"": ""random_asymmetric"", ""low"": 1.0, ""n"": 10, ""seed"": 2, ""symmetric"": false}, ""valid_route"": true}"
small_exact,small_exact_random_asymmetric_n10_seed2,random_asymmetric,10,2,python_tsp_dynamic_programming,skipped_missing_dependency,,,195.84358249377016,nan,,,0.0006571999997504463,260.48828125,260.48828125,0.0,,,,195.84358249377016,nan,True,"{""instance_metadata"": {""complete"": true, ""high"": 100.0, ""instance_type"": ""random_asymmetric"", ""low"": 1.0, ""n"": 10, ""seed"": 2, ""symmetric"": false}}"
small_exact,small_exact_euclidean_n10_seed3,euclidean,10,3,tn_exact,ok,"[9, 4, 3, 0, 2, 8, 5, 6, 7, 1]",2745.4573340863712,2745.457334086371,1.6563628406842252e-16,True,True,0.13939990000017133,260.48828125,260.48828125,0.0,26.0,,,2745.457334086371,1.6563628406842252e-16,True,"{""finite_edges"": true, ""instance_metadata"": {""complete"": true, ""instance_type"": ""euclidean"", ""n"": 10, ""points"": [[85.64916714362437, 236.8105065960997], [801.2744652063969, 582.1620360643678], [94.12864224039919, 433.1269402364738], [479.05129814083404, 159.73891463707858], [734.5771514092145, 113.6720199214034], [391.22819049566203, 516.7401826213637], [430.6280204141778, 586.7985714381407], [737.8377872921602, 956.2672548360986], [284.20116374879143, 648.5472070798251], [696.2159966701554, 292.72074901248715]], ""scale"": 1000.0, ""seed"": 3, ""symmetric"": true}, ""n_layers"": null, ""normalization_factor"": 971.065398847742, ""normalize"": true, ""seed"": 0, ""tau"": 26.0, ""valid_route"": true}"
small_exact,small_exact_euclidean_n10_seed3,euclidean,10,3,held_karp,ok,"[9, 1, 7, 6, 5, 8, 2, 0, 3, 4]",2745.457334086371,2745.457334086371,0.0,True,True,0.005642899999656947,260.48828125,260.48828125,0.0,,,,2745.457334086371,0.0,True,"{""instance_metadata"": {""complete"": true, ""instance_type"": ""euclidean"", ""n"": 10, ""points"": [[85.64916714362437, 236.8105065960997], [801.2744652063969, 582.1620360643678], [94.12864224039919, 433.1269402364738], [479.05129814083404, 159.73891463707858], [734.5771514092145, 113.6720199214034], [391.22819049566203, 516.7401826213637], [430.6280204141778, 586.7985714381407], [737.8377872921602, 956.2672548360986], [284.20116374879143, 648.5472070798251], [696.2159966701554, 292.72074901248715]], ""scale"": 1000.0, ""seed"": 3, ""symmetric"": true}, ""max_n"": 18, ""start"": 9}"
small_exact,small_exact_euclidean_n10_seed3,euclidean,10,3,bruteforce,ok,"[9, 1, 7, 6, 5, 8, 2, 0, 3, 4]",2745.457334086371,2745.457334086371,0.0,True,True,1.4046911000000364,260.48828125,260.48828125,0.0,,,,2745.457334086371,0.0,True,"{""instance_metadata"": {""complete"": true, ""instance_type"": ""euclidean"", ""n"": 10, ""points"": [[85.64916714362437, 236.8105065960997], [801.2744652063969, 582.1620360643678], [94.12864224039919, 433.1269402364738], [479.05129814083404, 159.73891463707858], [734.5771514092145, 113.6720199214034], [391.22819049566203, 516.7401826213637], [430.6280204141778, 586.7985714381407], [737.8377872921602, 956.2672548360986], [284.20116374879143, 648.5472070798251], [696.2159966701554, 292.72074901248715]], ""scale"": 1000.0, ""seed"": 3, ""symmetric"": true}, ""max_n"": 10, ""permutations_checked"": 362880, ""start"": 9}"
small_exact,small_exact_euclidean_n10_seed3,euclidean,10,3,ortools,ok,"[9, 4, 3, 0, 2, 8, 5, 6, 7, 1]",2745.4573340863712,2745.457334086371,1.6563628406842252e-16,True,True,0.001939799999945535,260.48828125,260.48828125,0.0,,,5.0,2745.457334086371,1.6563628406842252e-16,True,"{""finite_edges"": true, ""infinity_penalty"": 9710653990000, ""instance_metadata"": {""complete"": true, ""instance_type"": ""euclidean"", ""n"": 10, ""points"": [[85.64916714362437, 236.8105065960997], [801.2744652063969, 582.1620360643678], [94.12864224039919, 433.1269402364738], [479.05129814083404, 159.73891463707858], [734.5771514092145, 113.6720199214034], [391.22819049566203, 516.7401826213637], [430.6280204141778, 586.7985714381407], [737.8377872921602, 956.2672548360986], [284.20116374879143, 648.5472070798251], [696.2159966701554, 292.72074901248715]], ""scale"": 1000.0, ""seed"": 3, ""symmetric"": true}, ""integer_scale"": 1000000, ""start"": 9, ""time_limit_s"": 5.0, ""valid_route"": true}"
small_exact,small_exact_euclidean_n10_seed3,euclidean,10,3,networkx_christofides,ok,"[9, 1, 7, 0, 2, 8, 6, 5, 3, 4]",3191.908618306546,2745.457334086371,0.1626145410009603,True,True,0.0008988999998109648,260.48828125,260.48828125,0.0,,,,2745.457334086371,0.1626145410009603,True,"{""finite_edges"": true, ""instance_metadata"": {""complete"": true, ""instance_type"": ""euclidean"", ""n"": 10, ""points"": [[85.64916714362437, 236.8105065960997], [801.2744652063969, 582.1620360643678], [94.12864224039919, 433.1269402364738], [479.05129814083404, 159.73891463707858], [734.5771514092145, 113.6720199214034], [391.22819049566203, 516.7401826213637], [430.6280204141778, 586.7985714381407], [737.8377872921602, 956.2672548360986], [284.20116374879143, 648.5472070798251], [696.2159966701554, 292.72074901248715]], ""scale"": 1000.0, ""seed"": 3, ""symmetric"": true}, ""requires_metric_symmetric_complete"": true, ""valid_route"": true}"
small_exact,small_exact_euclidean_n10_seed3,euclidean,10,3,networkx_greedy,ok,"[9, 4, 3, 5, 6, 8, 2, 0, 1, 7]",3372.374554825159,2745.457334086371,0.2283471001188998,True,True,0.00012700000024779,260.48828125,260.48828125,0.0,,,,2745.457334086371,0.2283471001188998,True,"{""finite_edges"": true, ""instance_metadata"": {""complete"": true, ""instance_type"": ""euclidean"", ""n"": 10, ""points"": [[85.64916714362437, 236.8105065960997], [801.2744652063969, 582.1620360643678], [94.12864224039919, 433.1269402364738], [479.05129814083404, 159.73891463707858], [734.5771514092145, 113.6720199214034], [391.22819049566203, 516.7401826213637], [430.6280204141778, 586.7985714381407], [737.8377872921602, 956.2672548360986], [284.20116374879143, 648.5472070798251], [696.2159966701554, 292.72074901248715]], ""scale"": 1000.0, ""seed"": 3, ""symmetric"": true}, ""valid_route"": true}"
small_exact,small_exact_euclidean_n10_seed3,euclidean,10,3,python_tsp_dynamic_programming,skipped_missing_dependency,,,2745.457334086371,nan,,,0.0006048999998711224,260.48828125,260.48828125,0.0,,,,2745.457334086371,nan,True,"{""instance_metadata"": {""complete"": true, ""instance_type"": ""euclidean"", ""n"": 10, ""points"": [[85.64916714362437, 236.8105065960997], [801.2744652063969, 582.1620360643678], [94.12864224039919, 433.1269402364738], [479.05129814083404, 159.73891463707858], [734.5771514092145, 113.6720199214034], [391.22819049566203, 516.7401826213637], [430.6280204141778, 586.7985714381407], [737.8377872921602, 956.2672548360986], [284.20116374879143, 648.5472070798251], [696.2159966701554, 292.72074901248715]], ""scale"": 1000.0, ""seed"": 3, ""symmetric"": true}}"
small_exact,small_exact_random_symmetric_n10_seed3,random_symmetric,10,3,tn_exact,ok,"[9, 8, 2, 0, 1, 3, 4, 7, 6, 5]",312.1259180694656,312.12591806946557,1.821169456621579e-16,True,True,0.13071050000007745,260.48828125,260.4921875,0.00390625,26.0,,,312.12591806946557,1.821169456621579e-16,True,"{""finite_edges"": true, ""instance_metadata"": {""complete"": true, ""high"": 100.0, ""instance_type"": ""random_symmetric"", ""low"": 1.0, ""n"": 10, ""seed"": 3, ""symmetric"": true}, ""n_layers"": null, ""normalization_factor"": 90.84248803602469, ""normalize"": true, ""seed"": 0, ""tau"": 26.0, ""valid_route"": true}"
small_exact,small_exact_random_symmetric_n10_seed3,random_symmetric,10,3,held_karp,ok,"[9, 5, 6, 7, 4, 3, 1, 0, 2, 8]",312.12591806946557,312.12591806946557,0.0,True,True,0.00619619999997667,260.4921875,260.4921875,0.0,,,,312.12591806946557,0.0,True,"{""instance_metadata"": {""complete"": true, ""high"": 100.0, ""instance_type"": ""random_symmetric"", ""low"": 1.0, ""n"": 10, ""seed"": 3, ""symmetric"": true}, ""max_n"": 18, ""start"": 9}"
small_exact,small_exact_random_symmetric_n10_seed3,random_symmetric,10,3,bruteforce,ok,"[9, 5, 6, 7, 4, 3, 1, 0, 2, 8]",312.12591806946557,312.12591806946557,0.0,True,True,1.3636523999998644,260.4921875,260.4921875,0.0,,,,312.12591806946557,0.0,True,"{""instance_metadata"": {""complete"": true, ""high"": 100.0, ""instance_type"": ""random_symmetric"", ""low"": 1.0, ""n"": 10, ""seed"": 3, ""symmetric"": true}, ""max_n"": 10, ""permutations_checked"": 362880, ""start"": 9}"
small_exact,small_exact_random_symmetric_n10_seed3,random_symmetric,10,3,ortools,ok,"[9, 8, 2, 0, 1, 3, 4, 7, 6, 5]",312.1259180694656,312.12591806946557,1.821169456621579e-16,True,True,0.002183300000069721,260.4921875,260.4921875,0.0,,,5.0,312.12591806946557,1.821169456621579e-16,True,"{""finite_edges"": true, ""infinity_penalty"": 908424880000, ""instance_metadata"": {""complete"": true, ""high"": 100.0, ""instance_type"": ""random_symmetric"", ""low"": 1.0, ""n"": 10, ""seed"": 3, ""symmetric"": true}, ""integer_scale"": 1000000, ""start"": 9, ""time_limit_s"": 5.0, ""valid_route"": true}"
small_exact,small_exact_random_symmetric_n10_seed3,random_symmetric,10,3,networkx_christofides,skipped_not_applicable,,,312.12591806946557,nan,,,0.00011210000002392917,260.4921875,260.4921875,0.0,,,,312.12591806946557,nan,True,"{""instance_metadata"": {""complete"": true, ""high"": 100.0, ""instance_type"": ""random_symmetric"", ""low"": 1.0, ""n"": 10, ""seed"": 3, ""symmetric"": true}, ""requires_metric_symmetric_complete"": true}"
small_exact,small_exact_random_symmetric_n10_seed3,random_symmetric,10,3,networkx_greedy,ok,"[9, 5, 4, 7, 6, 3, 1, 0, 2, 8]",346.7825456664119,312.12591806946557,0.11103412305937792,True,True,0.00013620000027003698,260.4921875,260.4921875,0.0,,,,312.12591806946557,0.11103412305937792,True,"{""finite_edges"": true, ""instance_metadata"": {""complete"": true, ""high"": 100.0, ""instance_type"": ""random_symmetric"", ""low"": 1.0, ""n"": 10, ""seed"": 3, ""symmetric"": true}, ""valid_route"": true}"
small_exact,small_exact_random_symmetric_n10_seed3,random_symmetric,10,3,python_tsp_dynamic_programming,skipped_missing_dependency,,,312.12591806946557,nan,,,0.0005822999996780709,260.4921875,260.4921875,0.0,,,,312.12591806946557,nan,True,"{""instance_metadata"": {""complete"": true, ""high"": 100.0, ""instance_type"": ""random_symmetric"", ""low"": 1.0, ""n"": 10, ""seed"": 3, ""symmetric"": true}}"
small_exact,small_exact_random_asymmetric_n10_seed3,random_asymmetric,10,3,tn_exact,ok,"[9, 2, 8, 0, 4, 7, 6, 5, 3, 1]",199.0377019849326,199.0377019849326,0.0,True,True,0.12701209999977436,260.4921875,260.4921875,0.0,26.0,,,199.0377019849326,0.0,True,"{""finite_edges"": true, ""instance_metadata"": {""complete"": true, ""high"": 100.0, ""instance_type"": ""random_asymmetric"", ""low"": 1.0, ""n"": 10, ""seed"": 3, ""symmetric"": false}, ""n_layers"": null, ""normalization_factor"": 97.37256720187486, ""normalize"": true, ""seed"": 0, ""tau"": 26.0, ""valid_route"": true}"
small_exact,small_exact_random_asymmetric_n10_seed3,random_asymmetric,10,3,held_karp,ok,"[9, 2, 8, 0, 4, 7, 6, 5, 3, 1]",199.0377019849326,199.0377019849326,0.0,True,True,0.003986900000199967,260.4921875,260.4921875,0.0,,,,199.0377019849326,0.0,True,"{""instance_metadata"": {""complete"": true, ""high"": 100.0, ""instance_type"": ""random_asymmetric"", ""low"": 1.0, ""n"": 10, ""seed"": 3, ""symmetric"": false}, ""max_n"": 18, ""start"": 9}"
small_exact,small_exact_random_asymmetric_n10_seed3,random_asymmetric,10,3,bruteforce,ok,"[9, 2, 8, 0, 4, 7, 6, 5, 3, 1]",199.0377019849326,199.0377019849326,0.0,True,True,1.5316207000000759,260.4921875,260.4921875,0.0,,,,199.0377019849326,0.0,True,"{""instance_metadata"": {""complete"": true, ""high"": 100.0, ""instance_type"": ""random_asymmetric"", ""low"": 1.0, ""n"": 10, ""seed"": 3, ""symmetric"": false}, ""max_n"": 10, ""permutations_checked"": 362880, ""start"": 9}"
small_exact,small_exact_random_asymmetric_n10_seed3,random_asymmetric,10,3,ortools,ok,"[9, 2, 8, 0, 4, 7, 6, 5, 3, 1]",199.0377019849326,199.0377019849326,0.0,True,True,0.0020543000000543543,260.4921875,260.4921875,0.0,,,5.0,199.0377019849326,0.0,True,"{""finite_edges"": true, ""infinity_penalty"": 973725670000, ""instance_metadata"": {""complete"": true, ""high"": 100.0, ""instance_type"": ""random_asymmetric"", ""low"": 1.0, ""n"": 10, ""seed"": 3, ""symmetric"": false}, ""integer_scale"": 1000000, ""start"": 9, ""time_limit_s"": 5.0, ""valid_route"": true}"
small_exact,small_exact_random_asymmetric_n10_seed3,random_asymmetric,10,3,networkx_christofides,skipped_not_applicable,,,199.0377019849326,nan,,,9.950000003300374e-05,260.4921875,260.4921875,0.0,,,,199.0377019849326,nan,True,"{""instance_metadata"": {""complete"": true, ""high"": 100.0, ""instance_type"": ""random_asymmetric"", ""low"": 1.0, ""n"": 10, ""seed"": 3, ""symmetric"": false}, ""requires_metric_symmetric_complete"": true}"
small_exact,small_exact_random_asymmetric_n10_seed3,random_asymmetric,10,3,networkx_greedy,ok,"[9, 7, 4, 1, 6, 0, 5, 3, 2, 8]",291.37963605310347,199.0377019849326,0.463941922295512,True,True,0.00018179999960921123,260.4921875,260.4921875,0.0,,,,199.0377019849326,0.463941922295512,True,"{""finite_edges"": true, ""instance_metadata"": {""complete"": true, ""high"": 100.0, ""instance_type"": ""random_asymmetric"", ""low"": 1.0, ""n"": 10, ""seed"": 3, ""symmetric"": false}, ""valid_route"": true}"
small_exact,small_exact_random_asymmetric_n10_seed3,random_asymmetric,10,3,python_tsp_dynamic_programming,skipped_missing_dependency,,,199.0377019849326,nan,,,0.0005745999997088802,260.4921875,260.4921875,0.0,,,,199.0377019849326,nan,True,"{""instance_metadata"": {""complete"": true, ""high"": 100.0, ""instance_type"": ""random_asymmetric"", ""low"": 1.0, ""n"": 10, ""seed"": 3, ""symmetric"": false}}"
small_exact,small_exact_euclidean_n10_seed4,euclidean,10,4,tn_exact,ok,"[9, 6, 8, 4, 0, 5, 7, 1, 3, 2]",2786.6285604215577,2786.6285604215573,1.6318907993165424e-16,True,True,0.1571819000000687,260.4921875,260.4921875,0.0,26.0,,,2786.6285604215573,1.6318907993165424e-16,True,"{""finite_edges"": true, ""instance_metadata"": {""complete"": true, ""instance_type"": ""euclidean"", ""n"": 10, ""points"": [[943.0561055723676, 511.3275528143616], [976.2437057077042, 80.83602389560218], [607.3558319950296, 376.48658437727255], [801.9012069858072, 174.52781614402846], [871.6352741876564, 543.9414007634982], [902.2150797159884, 477.1535238392063], [430.4962777294131, 788.9467175443294], [984.1529999311214, 369.72579265242877], [968.9328693162349, 929.0263877654195], [177.6925857619811, 608.8516168445476]], ""scale"": 1000.0, ""seed"": 4, ""symmetric"": true}, ""n_layers"": null, ""normalization_factor"": 957.331895198209, ""normalize"": true, ""seed"": 0, ""tau"": 26.0, ""valid_route"": true}"
small_exact,small_exact_euclidean_n10_seed4,euclidean,10,4,held_karp,ok,"[9, 2, 3, 1, 7, 5, 0, 4, 8, 6]",2786.6285604215573,2786.6285604215573,0.0,True,True,0.004932900000312657,260.4921875,260.4921875,0.0,,,,2786.6285604215573,0.0,True,"{""instance_metadata"": {""complete"": true, ""instance_type"": ""euclidean"", ""n"": 10, ""points"": [[943.0561055723676, 511.3275528143616], [976.2437057077042, 80.83602389560218], [607.3558319950296, 376.48658437727255], [801.9012069858072, 174.52781614402846], [871.6352741876564, 543.9414007634982], [902.2150797159884, 477.1535238392063], [430.4962777294131, 788.9467175443294], [984.1529999311214, 369.72579265242877], [968.9328693162349, 929.0263877654195], [177.6925857619811, 608.8516168445476]], ""scale"": 1000.0, ""seed"": 4, ""symmetric"": true}, ""max_n"": 18, ""start"": 9}"
small_exact,small_exact_euclidean_n10_seed4,euclidean,10,4,bruteforce,ok,"[9, 2, 3, 1, 7, 5, 0, 4, 8, 6]",2786.6285604215573,2786.6285604215573,0.0,True,True,1.4300360000002001,260.4921875,260.4921875,0.0,,,,2786.6285604215573,0.0,True,"{""instance_metadata"": {""complete"": true, ""instance_type"": ""euclidean"", ""n"": 10, ""points"": [[943.0561055723676, 511.3275528143616], [976.2437057077042, 80.83602389560218], [607.3558319950296, 376.48658437727255], [801.9012069858072, 174.52781614402846], [871.6352741876564, 543.9414007634982], [902.2150797159884, 477.1535238392063], [430.4962777294131, 788.9467175443294], [984.1529999311214, 369.72579265242877], [968.9328693162349, 929.0263877654195], [177.6925857619811, 608.8516168445476]], ""scale"": 1000.0, ""seed"": 4, ""symmetric"": true}, ""max_n"": 10, ""permutations_checked"": 362880, ""start"": 9}"
small_exact,small_exact_euclidean_n10_seed4,euclidean,10,4,ortools,ok,"[9, 6, 8, 4, 0, 5, 7, 1, 3, 2]",2786.6285604215577,2786.6285604215573,1.6318907993165424e-16,True,True,0.0016061000001172943,260.4921875,260.4921875,0.0,,,5.0,2786.6285604215573,1.6318907993165424e-16,True,"{""finite_edges"": true, ""infinity_penalty"": 9573318950000, ""instance_metadata"": {""complete"": true, ""instance_type"": ""euclidean"", ""n"": 10, ""points"": [[943.0561055723676, 511.3275528143616], [976.2437057077042, 80.83602389560218], [607.3558319950296, 376.48658437727255], [801.9012069858072, 174.52781614402846], [871.6352741876564, 543.9414007634982], [902.2150797159884, 477.1535238392063], [430.4962777294131, 788.9467175443294], [984.1529999311214, 369.72579265242877], [968.9328693162349, 929.0263877654195], [177.6925857619811, 608.8516168445476]], ""scale"": 1000.0, ""seed"": 4, ""symmetric"": true}, ""integer_scale"": 1000000, ""start"": 9, ""time_limit_s"": 5.0, ""valid_route"": true}"
small_exact,small_exact_euclidean_n10_seed4,euclidean,10,4,networkx_christofides,ok,"[9, 6, 2, 1, 3, 7, 5, 0, 4, 8]",3214.52272987882,2786.6285604215573,0.15355263903292926,True,True,0.0008950999999797205,260.4921875,260.4921875,0.0,,,,2786.6285604215573,0.15355263903292926,True,"{""finite_edges"": true, ""instance_metadata"": {""complete"": true, ""instance_type"": ""euclidean"", ""n"": 10, ""points"": [[943.0561055723676, 511.3275528143616], [976.2437057077042, 80.83602389560218], [607.3558319950296, 376.48658437727255], [801.9012069858072, 174.52781614402846], [871.6352741876564, 543.9414007634982], [902.2150797159884, 477.1535238392063], [430.4962777294131, 788.9467175443294], [984.1529999311214, 369.72579265242877], [968.9328693162349, 929.0263877654195], [177.6925857619811, 608.8516168445476]], ""scale"": 1000.0, ""seed"": 4, ""symmetric"": true}, ""requires_metric_symmetric_complete"": true, ""valid_route"": true}"
small_exact,small_exact_euclidean_n10_seed4,euclidean,10,4,networkx_greedy,ok,"[9, 6, 2, 3, 1, 7, 5, 0, 4, 8]",3044.141616911492,2786.6285604215573,0.0924102552264728,True,True,0.00018640000007508206,260.4921875,260.4921875,0.0,,,,2786.6285604215573,0.0924102552264728,True,"{""finite_edges"": true, ""instance_metadata"": {""complete"": true, ""instance_type"": ""euclidean"", ""n"": 10, ""points"": [[943.0561055723676, 511.3275528143616], [976.2437057077042, 80.83602389560218], [607.3558319950296, 376.48658437727255], [801.9012069858072, 174.52781614402846], [871.6352741876564, 543.9414007634982], [902.2150797159884, 477.1535238392063], [430.4962777294131, 788.9467175443294], [984.1529999311214, 369.72579265242877], [968.9328693162349, 929.0263877654195], [177.6925857619811, 608.8516168445476]], ""scale"": 1000.0, ""seed"": 4, ""symmetric"": true}, ""valid_route"": true}"
small_exact,small_exact_euclidean_n10_seed4,euclidean,10,4,python_tsp_dynamic_programming,skipped_missing_dependency,,,2786.6285604215573,nan,,,0.000514500000008411,260.4921875,260.4921875,0.0,,,,2786.6285604215573,nan,True,"{""instance_metadata"": {""complete"": true, ""instance_type"": ""euclidean"", ""n"": 10, ""points"": [[943.0561055723676, 511.3275528143616], [976.2437057077042, 80.83602389560218], [607.3558319950296, 376.48658437727255], [801.9012069858072, 174.52781614402846], [871.6352741876564, 543.9414007634982], [902.2150797159884, 477.1535238392063], [430.4962777294131, 788.9467175443294], [984.1529999311214, 369.72579265242877], [968.9328693162349, 929.0263877654195], [177.6925857619811, 608.8516168445476]], ""scale"": 1000.0, ""seed"": 4, ""symmetric"": true}}"
small_exact,small_exact_random_symmetric_n10_seed4,random_symmetric,10,4,tn_exact,ok,"[9, 3, 0, 7, 6, 4, 2, 8, 1, 5]",301.6794063985891,301.6794063985891,0.0,True,True,0.13731629999983852,260.4921875,260.22265625,-0.26953125,26.0,,,301.6794063985891,0.0,True,"{""finite_edges"": true, ""instance_metadata"": {""complete"": true, ""high"": 100.0, ""instance_type"": ""random_symmetric"", ""low"": 1.0, ""n"": 10, ""seed"": 4, ""symmetric"": true}, ""n_layers"": null, ""normalization_factor"": 96.28313406708058, ""normalize"": true, ""seed"": 0, ""tau"": 26.0, ""valid_route"": true}"
small_exact,small_exact_random_symmetric_n10_seed4,random_symmetric,10,4,held_karp,ok,"[9, 3, 0, 7, 6, 4, 2, 8, 1, 5]",301.6794063985891,301.6794063985891,0.0,True,True,0.004465600000003178,260.22265625,260.22265625,0.0,,,,301.6794063985891,0.0,True,"{""instance_metadata"": {""complete"": true, ""high"": 100.0, ""instance_type"": ""random_symmetric"", ""low"": 1.0, ""n"": 10, ""seed"": 4, ""symmetric"": true}, ""max_n"": 18, ""start"": 9}"
small_exact,small_exact_random_symmetric_n10_seed4,random_symmetric,10,4,bruteforce,ok,"[9, 3, 0, 7, 6, 4, 2, 8, 1, 5]",301.6794063985891,301.6794063985891,0.0,True,True,1.3792373999999654,260.22265625,260.22265625,0.0,,,,301.6794063985891,0.0,True,"{""instance_metadata"": {""complete"": true, ""high"": 100.0, ""instance_type"": ""random_symmetric"", ""low"": 1.0, ""n"": 10, ""seed"": 4, ""symmetric"": true}, ""max_n"": 10, ""permutations_checked"": 362880, ""start"": 9}"
small_exact,small_exact_random_symmetric_n10_seed4,random_symmetric,10,4,ortools,ok,"[9, 3, 0, 7, 6, 4, 2, 8, 1, 5]",301.6794063985891,301.6794063985891,0.0,True,True,0.0016258000000561879,260.22265625,260.2890625,0.06640625,,,5.0,301.6794063985891,0.0,True,"{""finite_edges"": true, ""infinity_penalty"": 962831340000, ""instance_metadata"": {""complete"": true, ""high"": 100.0, ""instance_type"": ""random_symmetric"", ""low"": 1.0, ""n"": 10, ""seed"": 4, ""symmetric"": true}, ""integer_scale"": 1000000, ""start"": 9, ""time_limit_s"": 5.0, ""valid_route"": true}"
small_exact,small_exact_random_symmetric_n10_seed4,random_symmetric,10,4,networkx_christofides,skipped_not_applicable,,,301.6794063985891,nan,,,0.00010950000023512985,260.2890625,260.2890625,0.0,,,,301.6794063985891,nan,True,"{""instance_metadata"": {""complete"": true, ""high"": 100.0, ""instance_type"": ""random_symmetric"", ""low"": 1.0, ""n"": 10, ""seed"": 4, ""symmetric"": true}, ""requires_metric_symmetric_complete"": true}"
small_exact,small_exact_random_symmetric_n10_seed4,random_symmetric,10,4,networkx_greedy,ok,"[9, 3, 0, 7, 6, 4, 2, 8, 1, 5]",301.6794063985891,301.6794063985891,0.0,True,True,0.00014370000008057104,260.2890625,260.2890625,0.0,,,,301.6794063985891,0.0,True,"{""finite_edges"": true, ""instance_metadata"": {""complete"": true, ""high"": 100.0, ""instance_type"": ""random_symmetric"", ""low"": 1.0, ""n"": 10, ""seed"": 4, ""symmetric"": true}, ""valid_route"": true}"
small_exact,small_exact_random_symmetric_n10_seed4,random_symmetric,10,4,python_tsp_dynamic_programming,skipped_missing_dependency,,,301.6794063985891,nan,,,0.0006102000002101704,260.2890625,260.2890625,0.0,,,,301.6794063985891,nan,True,"{""instance_metadata"": {""complete"": true, ""high"": 100.0, ""instance_type"": ""random_symmetric"", ""low"": 1.0, ""n"": 10, ""seed"": 4, ""symmetric"": true}}"
small_exact,small_exact_random_asymmetric_n10_seed4,random_asymmetric,10,4,tn_exact,ok,"[9, 0, 7, 6, 4, 5, 1, 8, 2, 3]",181.89475198663715,181.89475198663715,0.0,True,True,0.13564140000016778,260.2890625,260.37109375,0.08203125,26.0,,,181.89475198663715,0.0,True,"{""finite_edges"": true, ""instance_metadata"": {""complete"": true, ""high"": 100.0, ""instance_type"": ""random_asymmetric"", ""low"": 1.0, ""n"": 10, ""seed"": 4, ""symmetric"": false}, ""n_layers"": null, ""normalization_factor"": 98.43114699318102, ""normalize"": true, ""seed"": 0, ""tau"": 26.0, ""valid_route"": true}"
small_exact,small_exact_random_asymmetric_n10_seed4,random_asymmetric,10,4,held_karp,ok,"[9, 0, 7, 6, 4, 5, 1, 8, 2, 3]",181.89475198663715,181.89475198663715,0.0,True,True,0.0057667000000947155,260.37109375,260.37109375,0.0,,,,181.89475198663715,0.0,True,"{""instance_metadata"": {""complete"": true, ""high"": 100.0, ""instance_type"": ""random_asymmetric"", ""low"": 1.0, ""n"": 10, ""seed"": 4, ""symmetric"": false}, ""max_n"": 18, ""start"": 9}"
small_exact,small_exact_random_asymmetric_n10_seed4,random_asymmetric,10,4,bruteforce,ok,"[9, 0, 7, 6, 4, 5, 1, 8, 2, 3]",181.89475198663715,181.89475198663715,0.0,True,True,1.4641057999997429,260.37109375,260.37109375,0.0,,,,181.89475198663715,0.0,True,"{""instance_metadata"": {""complete"": true, ""high"": 100.0, ""instance_type"": ""random_asymmetric"", ""low"": 1.0, ""n"": 10, ""seed"": 4, ""symmetric"": false}, ""max_n"": 10, ""permutations_checked"": 362880, ""start"": 9}"
small_exact,small_exact_random_asymmetric_n10_seed4,random_asymmetric,10,4,ortools,ok,"[9, 0, 7, 6, 4, 5, 1, 8, 2, 3]",181.89475198663715,181.89475198663715,0.0,True,True,0.002193700000134413,260.37109375,260.37109375,0.0,,,5.0,181.89475198663715,0.0,True,"{""finite_edges"": true, ""infinity_penalty"": 984311470000, ""instance_metadata"": {""complete"": true, ""high"": 100.0, ""instance_type"": ""random_asymmetric"", ""low"": 1.0, ""n"": 10, ""seed"": 4, ""symmetric"": false}, ""integer_scale"": 1000000, ""start"": 9, ""time_limit_s"": 5.0, ""valid_route"": true}"
small_exact,small_exact_random_asymmetric_n10_seed4,random_asymmetric,10,4,networkx_christofides,skipped_not_applicable,,,181.89475198663715,nan,,,9.449999970456702e-05,260.37109375,260.37109375,0.0,,,,181.89475198663715,nan,True,"{""instance_metadata"": {""complete"": true, ""high"": 100.0, ""instance_type"": ""random_asymmetric"", ""low"": 1.0, ""n"": 10, ""seed"": 4, ""symmetric"": false}, ""requires_metric_symmetric_complete"": true}"
small_exact,small_exact_random_asymmetric_n10_seed4,random_asymmetric,10,4,networkx_greedy,ok,"[9, 0, 3, 4, 5, 1, 8, 2, 6, 7]",285.0579635298468,181.89475198663715,0.5671588125356608,True,True,0.000178900000264548,260.37109375,260.37109375,0.0,,,,181.89475198663715,0.5671588125356608,True,"{""finite_edges"": true, ""instance_metadata"": {""complete"": true, ""high"": 100.0, ""instance_type"": ""random_asymmetric"", ""low"": 1.0, ""n"": 10, ""seed"": 4, ""symmetric"": false}, ""valid_route"": true}"
small_exact,small_exact_random_asymmetric_n10_seed4,random_asymmetric,10,4,python_tsp_dynamic_programming,skipped_missing_dependency,,,181.89475198663715,nan,,,0.0006109000000833475,260.37109375,260.37109375,0.0,,,,181.89475198663715,nan,True,"{""instance_metadata"": {""complete"": true, ""high"": 100.0, ""instance_type"": ""random_asymmetric"", ""low"": 1.0, ""n"": 10, ""seed"": 4, ""symmetric"": false}}"
