experiment,split,instance_id,instance_type,n,seed,solver,status,route,cost,optimum_cost,best_known_cost,relative_gap,gap_to_best_known,exact_optimum_available,valid_route,finite_edges,runtime_s,rss_before_mb,rss_after_mb,rss_delta_mb,tau,tau_source,n_layers,exact_mode,time_limit_s,metadata_json
small_exact,evaluation,small_exact_euclidean_n5_seed5,euclidean,5,5,tn_exact,ok,"[4, 2, 3, 1, 0]",2746.08894113388,2746.08894113388,2746.08894113388,0.0,0.0,True,True,True,0.013162500003090827,221.19921875,224.34765625,3.1484375,31.4,calibrated_on_calibration_split,,True,,"{""exact_mode"": true, ""finite_edges"": true, ""instance_metadata"": {""complete"": true, ""instance_type"": ""euclidean"", ""n"": 5, ""points"": [[805.0029237453801, 807.9407897364938], [515.325561042142, 285.8013800881416], [53.930702381656424, 383.36888078551823], [408.47320541999864, 45.27519390244517], [48.75771072716806, 999.1761150650714]], ""scale"": 1000.0, ""seed"": 5, ""symmetric"": true}, ""max_layers"": 3, ""n_layers"": null, ""n_layers_effective"": 3, ""normalization_factor"": 1019.4715319796893, ""normalize"": true, ""seed"": 5, ""tau"": 31.4, ""valid_route"": true}"
small_exact,evaluation,small_exact_euclidean_n5_seed5,euclidean,5,5,held_karp,ok,"[4, 2, 3, 1, 0]",2746.08894113388,2746.08894113388,2746.08894113388,0.0,0.0,True,True,True,3.979999746661633e-05,224.34765625,224.34765625,0.0,31.4,calibrated_on_calibration_split,,,,"{""instance_metadata"": {""complete"": true, ""instance_type"": ""euclidean"", ""n"": 5, ""points"": [[805.0029237453801, 807.9407897364938], [515.325561042142, 285.8013800881416], [53.930702381656424, 383.36888078551823], [408.47320541999864, 45.27519390244517], [48.75771072716806, 999.1761150650714]], ""scale"": 1000.0, ""seed"": 5, ""symmetric"": true}, ""max_n"": 18, ""start"": 4}"
small_exact,evaluation,small_exact_euclidean_n5_seed5,euclidean,5,5,bruteforce,ok,"[4, 0, 1, 3, 2]",2746.08894113388,2746.08894113388,2746.08894113388,0.0,0.0,True,True,True,6.759999814676121e-05,224.3515625,224.3515625,0.0,31.4,calibrated_on_calibration_split,,,,"{""instance_metadata"": {""complete"": true, ""instance_type"": ""euclidean"", ""n"": 5, ""points"": [[805.0029237453801, 807.9407897364938], [515.325561042142, 285.8013800881416], [53.930702381656424, 383.36888078551823], [408.47320541999864, 45.27519390244517], [48.75771072716806, 999.1761150650714]], ""scale"": 1000.0, ""seed"": 5, ""symmetric"": true}, ""max_n"": 10, ""permutations_checked"": 24, ""start"": 4}"
small_exact,evaluation,small_exact_euclidean_n5_seed5,euclidean,5,5,ortools,ok,"[4, 2, 3, 1, 0]",2746.08894113388,2746.08894113388,2746.08894113388,0.0,0.0,True,True,True,0.2739526000004844,224.3515625,238.796875,14.4453125,31.4,calibrated_on_calibration_split,,,5.0,"{""finite_edges"": true, ""infinity_penalty"": 5097357660000, ""instance_metadata"": {""complete"": true, ""instance_type"": ""euclidean"", ""n"": 5, ""points"": [[805.0029237453801, 807.9407897364938], [515.325561042142, 285.8013800881416], [53.930702381656424, 383.36888078551823], [408.47320541999864, 45.27519390244517], [48.75771072716806, 999.1761150650714]], ""scale"": 1000.0, ""seed"": 5, ""symmetric"": true}, ""integer_scale"": 1000000, ""start"": 4, ""time_limit_s"": 5.0, ""valid_route"": true}"
small_exact,evaluation,small_exact_euclidean_n5_seed5,euclidean,5,5,networkx_christofides,ok,"[4, 0, 3, 1, 2]",2990.2590349258508,2746.08894113388,2746.08894113388,0.08891558104128677,0.08891558104128677,True,True,True,0.30515890000242507,238.796875,247.8125,9.015625,31.4,calibrated_on_calibration_split,,,,"{""finite_edges"": true, ""instance_metadata"": {""complete"": true, ""instance_type"": ""euclidean"", ""n"": 5, ""points"": [[805.0029237453801, 807.9407897364938], [515.325561042142, 285.8013800881416], [53.930702381656424, 383.36888078551823], [408.47320541999864, 45.27519390244517], [48.75771072716806, 999.1761150650714]], ""scale"": 1000.0, ""seed"": 5, ""symmetric"": true}, ""requires_metric_symmetric_complete"": true, ""valid_route"": true}"
small_exact,evaluation,small_exact_euclidean_n5_seed5,euclidean,5,5,networkx_greedy,ok,"[4, 0, 3, 1, 2]",2990.2590349258508,2746.08894113388,2746.08894113388,0.08891558104128677,0.08891558104128677,True,True,True,0.000298099999781698,247.8125,247.8203125,0.0078125,31.4,calibrated_on_calibration_split,,,,"{""finite_edges"": true, ""instance_metadata"": {""complete"": true, ""instance_type"": ""euclidean"", ""n"": 5, ""points"": [[805.0029237453801, 807.9407897364938], [515.325561042142, 285.8013800881416], [53.930702381656424, 383.36888078551823], [408.47320541999864, 45.27519390244517], [48.75771072716806, 999.1761150650714]], ""scale"": 1000.0, ""seed"": 5, ""symmetric"": true}, ""valid_route"": true}"
small_exact,evaluation,small_exact_euclidean_n5_seed5,euclidean,5,5,python_tsp_dynamic_programming,skipped_missing_dependency,,,2746.08894113388,2746.08894113388,nan,nan,True,,,0.0005406999989645556,247.8203125,247.8203125,0.0,31.4,calibrated_on_calibration_split,,,,"{""instance_metadata"": {""complete"": true, ""instance_type"": ""euclidean"", ""n"": 5, ""points"": [[805.0029237453801, 807.9407897364938], [515.325561042142, 285.8013800881416], [53.930702381656424, 383.36888078551823], [408.47320541999864, 45.27519390244517], [48.75771072716806, 999.1761150650714]], ""scale"": 1000.0, ""seed"": 5, ""symmetric"": true}}"
small_exact,evaluation,small_exact_random_symmetric_n5_seed5,random_symmetric,5,5,tn_exact,ok,"[4, 3, 1, 2, 0]",134.8477274354301,134.8477274354301,134.8477274354301,0.0,0.0,True,True,True,0.009219100000336766,247.82421875,247.9296875,0.10546875,31.4,calibrated_on_calibration_split,,True,,"{""exact_mode"": true, ""finite_edges"": true, ""instance_metadata"": {""complete"": true, ""high"": 100.0, ""instance_type"": ""random_symmetric"", ""low"": 1.0, ""n"": 5, ""seed"": 5, ""symmetric"": true}, ""max_layers"": 3, ""n_layers"": null, ""n_layers_effective"": 3, ""normalization_factor"": 88.97777468145182, ""normalize"": true, ""seed"": 5, ""tau"": 31.4, ""valid_route"": true}"
small_exact,evaluation,small_exact_random_symmetric_n5_seed5,random_symmetric,5,5,held_karp,ok,"[4, 3, 1, 2, 0]",134.8477274354301,134.8477274354301,134.8477274354301,0.0,0.0,True,True,True,3.769999966607429e-05,247.9296875,247.9296875,0.0,31.4,calibrated_on_calibration_split,,,,"{""instance_metadata"": {""complete"": true, ""high"": 100.0, ""instance_type"": ""random_symmetric"", ""low"": 1.0, ""n"": 5, ""seed"": 5, ""symmetric"": true}, ""max_n"": 18, ""start"": 4}"
small_exact,evaluation,small_exact_random_symmetric_n5_seed5,random_symmetric,5,5,bruteforce,ok,"[4, 0, 2, 1, 3]",134.8477274354301,134.8477274354301,134.8477274354301,0.0,0.0,True,True,True,6.430000212276354e-05,247.9296875,247.9296875,0.0,31.4,calibrated_on_calibration_split,,,,"{""instance_metadata"": {""complete"": true, ""high"": 100.0, ""instance_type"": ""random_symmetric"", ""low"": 1.0, ""n"": 5, ""seed"": 5, ""symmetric"": true}, ""max_n"": 10, ""permutations_checked"": 24, ""start"": 4}"
small_exact,evaluation,small_exact_random_symmetric_n5_seed5,random_symmetric,5,5,ortools,ok,"[4, 3, 1, 2, 0]",134.8477274354301,134.8477274354301,134.8477274354301,0.0,0.0,True,True,True,0.0014844000033917837,247.9296875,249.4375,1.5078125,31.4,calibrated_on_calibration_split,,,5.0,"{""finite_edges"": true, ""infinity_penalty"": 444888875000, ""instance_metadata"": {""complete"": true, ""high"": 100.0, ""instance_type"": ""random_symmetric"", ""low"": 1.0, ""n"": 5, ""seed"": 5, ""symmetric"": true}, ""integer_scale"": 1000000, ""start"": 4, ""time_limit_s"": 5.0, ""valid_route"": true}"
small_exact,evaluation,small_exact_random_symmetric_n5_seed5,random_symmetric,5,5,networkx_christofides,skipped_not_applicable,,,134.8477274354301,134.8477274354301,nan,nan,True,,,0.00011190000077476725,249.4375,249.4375,0.0,31.4,calibrated_on_calibration_split,,,,"{""instance_metadata"": {""complete"": true, ""high"": 100.0, ""instance_type"": ""random_symmetric"", ""low"": 1.0, ""n"": 5, ""seed"": 5, ""symmetric"": true}, ""requires_metric_symmetric_complete"": true}"
small_exact,evaluation,small_exact_random_symmetric_n5_seed5,random_symmetric,5,5,networkx_greedy,ok,"[4, 0, 2, 1, 3]",134.8477274354301,134.8477274354301,134.8477274354301,0.0,0.0,True,True,True,0.00010750000001280569,249.4375,249.4375,0.0,31.4,calibrated_on_calibration_split,,,,"{""finite_edges"": true, ""instance_metadata"": {""complete"": true, ""high"": 100.0, ""instance_type"": ""random_symmetric"", ""low"": 1.0, ""n"": 5, ""seed"": 5, ""symmetric"": true}, ""valid_route"": true}"
small_exact,evaluation,small_exact_random_symmetric_n5_seed5,random_symmetric,5,5,python_tsp_dynamic_programming,skipped_missing_dependency,,,134.8477274354301,134.8477274354301,nan,nan,True,,,0.0005935000008321367,249.4375,249.4375,0.0,31.4,calibrated_on_calibration_split,,,,"{""instance_metadata"": {""complete"": true, ""high"": 100.0, ""instance_type"": ""random_symmetric"", ""low"": 1.0, ""n"": 5, ""seed"": 5, ""symmetric"": true}}"
small_exact,evaluation,small_exact_random_asymmetric_n5_seed5,random_asymmetric,5,5,tn_exact,ok,"[4, 3, 1, 2, 0]",124.6112168423868,124.6112168423868,124.6112168423868,0.0,0.0,True,True,True,0.00799159999951371,249.4375,249.51953125,0.08203125,31.4,calibrated_on_calibration_split,,True,,"{""exact_mode"": true, ""finite_edges"": true, ""instance_metadata"": {""complete"": true, ""high"": 100.0, ""instance_type"": ""random_asymmetric"", ""low"": 1.0, ""n"": 5, ""seed"": 5, ""symmetric"": false}, ""max_layers"": 3, ""n_layers"": null, ""n_layers_effective"": 3, ""normalization_factor"": 99.91843539144207, ""normalize"": true, ""seed"": 5, ""tau"": 31.4, ""valid_route"": true}"
small_exact,evaluation,small_exact_random_asymmetric_n5_seed5,random_asymmetric,5,5,held_karp,ok,"[4, 3, 1, 2, 0]",124.6112168423868,124.6112168423868,124.6112168423868,0.0,0.0,True,True,True,3.739999738172628e-05,249.51953125,249.51953125,0.0,31.4,calibrated_on_calibration_split,,,,"{""instance_metadata"": {""complete"": true, ""high"": 100.0, ""instance_type"": ""random_asymmetric"", ""low"": 1.0, ""n"": 5, ""seed"": 5, ""symmetric"": false}, ""max_n"": 18, ""start"": 4}"
small_exact,evaluation,small_exact_random_asymmetric_n5_seed5,random_asymmetric,5,5,bruteforce,ok,"[4, 3, 1, 2, 0]",124.6112168423868,124.6112168423868,124.6112168423868,0.0,0.0,True,True,True,6.380000195349567e-05,249.51953125,249.51953125,0.0,31.4,calibrated_on_calibration_split,,,,"{""instance_metadata"": {""complete"": true, ""high"": 100.0, ""instance_type"": ""random_asymmetric"", ""low"": 1.0, ""n"": 5, ""seed"": 5, ""symmetric"": false}, ""max_n"": 10, ""permutations_checked"": 24, ""start"": 4}"
small_exact,evaluation,small_exact_random_asymmetric_n5_seed5,random_asymmetric,5,5,ortools,ok,"[4, 3, 1, 2, 0]",124.6112168423868,124.6112168423868,124.6112168423868,0.0,0.0,True,True,True,0.0012420999992173165,249.51953125,249.73828125,0.21875,31.4,calibrated_on_calibration_split,,,5.0,"{""finite_edges"": true, ""infinity_penalty"": 499592175000, ""instance_metadata"": {""complete"": true, ""high"": 100.0, ""instance_type"": ""random_asymmetric"", ""low"": 1.0, ""n"": 5, ""seed"": 5, ""symmetric"": false}, ""integer_scale"": 1000000, ""start"": 4, ""time_limit_s"": 5.0, ""valid_route"": true}"
small_exact,evaluation,small_exact_random_asymmetric_n5_seed5,random_asymmetric,5,5,networkx_christofides,skipped_not_applicable,,,124.6112168423868,124.6112168423868,nan,nan,True,,,8.660000094096176e-05,249.7421875,249.7421875,0.0,31.4,calibrated_on_calibration_split,,,,"{""instance_metadata"": {""complete"": true, ""high"": 100.0, ""instance_type"": ""random_asymmetric"", ""low"": 1.0, ""n"": 5, ""seed"": 5, ""symmetric"": false}, ""requires_metric_symmetric_complete"": true}"
small_exact,evaluation,small_exact_random_asymmetric_n5_seed5,random_asymmetric,5,5,networkx_greedy,ok,"[4, 3, 1, 2, 0]",124.6112168423868,124.6112168423868,124.6112168423868,0.0,0.0,True,True,True,0.00029379999978118576,249.7421875,249.76171875,0.01953125,31.4,calibrated_on_calibration_split,,,,"{""finite_edges"": true, ""instance_metadata"": {""complete"": true, ""high"": 100.0, ""instance_type"": ""random_asymmetric"", ""low"": 1.0, ""n"": 5, ""seed"": 5, ""symmetric"": false}, ""valid_route"": true}"
small_exact,evaluation,small_exact_random_asymmetric_n5_seed5,random_asymmetric,5,5,python_tsp_dynamic_programming,skipped_missing_dependency,,,124.6112168423868,124.6112168423868,nan,nan,True,,,0.0005732999998144805,249.76171875,249.76171875,0.0,31.4,calibrated_on_calibration_split,,,,"{""instance_metadata"": {""complete"": true, ""high"": 100.0, ""instance_type"": ""random_asymmetric"", ""low"": 1.0, ""n"": 5, ""seed"": 5, ""symmetric"": false}}"
small_exact,evaluation,small_exact_euclidean_n5_seed6,euclidean,5,6,tn_exact,ok,"[4, 1, 0, 3, 2]",1739.5673976664866,1739.5673976664866,1739.5673976664866,0.0,0.0,True,True,True,0.008017200001631863,249.76171875,249.828125,0.06640625,31.4,calibrated_on_calibration_split,,True,,"{""exact_mode"": true, ""finite_edges"": true, ""instance_metadata"": {""complete"": true, ""instance_type"": ""euclidean"", ""n"": 5, ""points"": [[538.1643514719432, 343.27086981333844], [369.06723979537827, 374.49676558788235], [987.4449901864666, 632.7562726071461], [674.3239305044935, 329.96345538545836], [679.9176611640223, 122.97237488719004]], ""scale"": 1000.0, ""seed"": 6, ""symmetric"": true}, ""max_layers"": 3, ""n_layers"": null, ""n_layers_effective"": 3, ""normalization_factor"": 670.1410412327962, ""normalize"": true, ""seed"": 6, ""tau"": 31.4, ""valid_route"": true}"
small_exact,evaluation,small_exact_euclidean_n5_seed6,euclidean,5,6,held_karp,ok,"[4, 2, 3, 0, 1]",1739.5673976664866,1739.5673976664866,1739.5673976664866,0.0,0.0,True,True,True,4.0099999750964344e-05,249.828125,249.828125,0.0,31.4,calibrated_on_calibration_split,,,,"{""instance_metadata"": {""complete"": true, ""instance_type"": ""euclidean"", ""n"": 5, ""points"": [[538.1643514719432, 343.27086981333844], [369.06723979537827, 374.49676558788235], [987.4449901864666, 632.7562726071461], [674.3239305044935, 329.96345538545836], [679.9176611640223, 122.97237488719004]], ""scale"": 1000.0, ""seed"": 6, ""symmetric"": true}, ""max_n"": 18, ""start"": 4}"
small_exact,evaluation,small_exact_euclidean_n5_seed6,euclidean,5,6,bruteforce,ok,"[4, 1, 0, 3, 2]",1739.5673976664866,1739.5673976664866,1739.5673976664866,0.0,0.0,True,True,True,7.60000002628658e-05,249.828125,249.828125,0.0,31.4,calibrated_on_calibration_split,,,,"{""instance_metadata"": {""complete"": true, ""instance_type"": ""euclidean"", ""n"": 5, ""points"": [[538.1643514719432, 343.27086981333844], [369.06723979537827, 374.49676558788235], [987.4449901864666, 632.7562726071461], [674.3239305044935, 329.96345538545836], [679.9176611640223, 122.97237488719004]], ""scale"": 1000.0, ""seed"": 6, ""symmetric"": true}, ""max_n"": 10, ""permutations_checked"": 24, ""start"": 4}"
small_exact,evaluation,small_exact_euclidean_n5_seed6,euclidean,5,6,ortools,ok,"[4, 1, 0, 3, 2]",1739.5673976664866,1739.5673976664866,1739.5673976664866,0.0,0.0,True,True,True,0.0011167000011482742,249.828125,250.19140625,0.36328125,31.4,calibrated_on_calibration_split,,,5.0,"{""finite_edges"": true, ""infinity_penalty"": 3350705205000, ""instance_metadata"": {""complete"": true, ""instance_type"": ""euclidean"", ""n"": 5, ""points"": [[538.1643514719432, 343.27086981333844], [369.06723979537827, 374.49676558788235], [987.4449901864666, 632.7562726071461], [674.3239305044935, 329.96345538545836], [679.9176611640223, 122.97237488719004]], ""scale"": 1000.0, ""seed"": 6, ""symmetric"": true}, ""integer_scale"": 1000000, ""start"": 4, ""time_limit_s"": 5.0, ""valid_route"": true}"
small_exact,evaluation,small_exact_euclidean_n5_seed6,euclidean,5,6,networkx_christofides,ok,"[4, 1, 0, 2, 3]",1748.9333554208445,1739.5673976664866,1739.5673976664866,0.0053840729407332285,0.0053840729407332285,True,True,True,0.0005610000007436611,250.19140625,250.19921875,0.0078125,31.4,calibrated_on_calibration_split,,,,"{""finite_edges"": true, ""instance_metadata"": {""complete"": true, ""instance_type"": ""euclidean"", ""n"": 5, ""points"": [[538.1643514719432, 343.27086981333844], [369.06723979537827, 374.49676558788235], [987.4449901864666, 632.7562726071461], [674.3239305044935, 329.96345538545836], [679.9176611640223, 122.97237488719004]], ""scale"": 1000.0, ""seed"": 6, ""symmetric"": true}, ""requires_metric_symmetric_complete"": true, ""valid_route"": true}"
small_exact,evaluation,small_exact_euclidean_n5_seed6,euclidean,5,6,networkx_greedy,ok,"[4, 2, 1, 0, 3]",1781.3313732308661,1739.5673976664866,1739.5673976664866,0.02400825378792629,0.02400825378792629,True,True,True,0.00010169999950448982,250.19921875,250.19921875,0.0,31.4,calibrated_on_calibration_split,,,,"{""finite_edges"": true, ""instance_metadata"": {""complete"": true, ""instance_type"": ""euclidean"", ""n"": 5, ""points"": [[538.1643514719432, 343.27086981333844], [369.06723979537827, 374.49676558788235], [987.4449901864666, 632.7562726071461], [674.3239305044935, 329.96345538545836], [679.9176611640223, 122.97237488719004]], ""scale"": 1000.0, ""seed"": 6, ""symmetric"": true}, ""valid_route"": true}"
small_exact,evaluation,small_exact_euclidean_n5_seed6,euclidean,5,6,python_tsp_dynamic_programming,skipped_missing_dependency,,,1739.5673976664866,1739.5673976664866,nan,nan,True,,,0.0005262999984552152,250.19921875,250.19921875,0.0,31.4,calibrated_on_calibration_split,,,,"{""instance_metadata"": {""complete"": true, ""instance_type"": ""euclidean"", ""n"": 5, ""points"": [[538.1643514719432, 343.27086981333844], [369.06723979537827, 374.49676558788235], [987.4449901864666, 632.7562726071461], [674.3239305044935, 329.96345538545836], [679.9176611640223, 122.97237488719004]], ""scale"": 1000.0, ""seed"": 6, ""symmetric"": true}}"
small_exact,evaluation,small_exact_random_symmetric_n5_seed6,random_symmetric,5,6,tn_exact,ok,"[4, 1, 3, 0, 2]",181.57142342122316,181.57142342122316,181.57142342122316,0.0,0.0,True,True,True,0.008323899997776607,250.203125,250.29296875,0.08984375,31.4,calibrated_on_calibration_split,,True,,"{""exact_mode"": true, ""finite_edges"": true, ""instance_metadata"": {""complete"": true, ""high"": 100.0, ""instance_type"": ""random_symmetric"", ""low"": 1.0, ""n"": 5, ""seed"": 6, ""symmetric"": true}, ""max_layers"": 3, ""n_layers"": null, ""n_layers_effective"": 3, ""normalization_factor"": 80.93818973253225, ""normalize"": true, ""seed"": 6, ""tau"": 31.4, ""valid_route"": true}"
small_exact,evaluation,small_exact_random_symmetric_n5_seed6,random_symmetric,5,6,held_karp,ok,"[4, 2, 0, 3, 1]",181.57142342122316,181.57142342122316,181.57142342122316,0.0,0.0,True,True,True,4.669999907491729e-05,250.29296875,250.29296875,0.0,31.4,calibrated_on_calibration_split,,,,"{""instance_metadata"": {""complete"": true, ""high"": 100.0, ""instance_type"": ""random_symmetric"", ""low"": 1.0, ""n"": 5, ""seed"": 6, ""symmetric"": true}, ""max_n"": 18, ""start"": 4}"
small_exact,evaluation,small_exact_random_symmetric_n5_seed6,random_symmetric,5,6,bruteforce,ok,"[4, 1, 3, 0, 2]",181.57142342122316,181.57142342122316,181.57142342122316,0.0,0.0,True,True,True,7.360000017797574e-05,250.29296875,250.296875,0.00390625,31.4,calibrated_on_calibration_split,,,,"{""instance_metadata"": {""complete"": true, ""high"": 100.0, ""instance_type"": ""random_symmetric"", ""low"": 1.0, ""n"": 5, ""seed"": 6, ""symmetric"": true}, ""max_n"": 10, ""permutations_checked"": 24, ""start"": 4}"
small_exact,evaluation,small_exact_random_symmetric_n5_seed6,random_symmetric,5,6,ortools,ok,"[4, 1, 3, 0, 2]",181.57142342122316,181.57142342122316,181.57142342122316,0.0,0.0,True,True,True,0.0012615999985428061,250.296875,250.3046875,0.0078125,31.4,calibrated_on_calibration_split,,,5.0,"{""finite_edges"": true, ""infinity_penalty"": 404690950000, ""instance_metadata"": {""complete"": true, ""high"": 100.0, ""instance_type"": ""random_symmetric"", ""low"": 1.0, ""n"": 5, ""seed"": 6, ""symmetric"": true}, ""integer_scale"": 1000000, ""start"": 4, ""time_limit_s"": 5.0, ""valid_route"": true}"
small_exact,evaluation,small_exact_random_symmetric_n5_seed6,random_symmetric,5,6,networkx_christofides,skipped_not_applicable,,,181.57142342122316,181.57142342122316,nan,nan,True,,,0.00011070000255131163,250.3046875,250.3046875,0.0,31.4,calibrated_on_calibration_split,,,,"{""instance_metadata"": {""complete"": true, ""high"": 100.0, ""instance_type"": ""random_symmetric"", ""low"": 1.0, ""n"": 5, ""seed"": 6, ""symmetric"": true}, ""requires_metric_symmetric_complete"": true}"
small_exact,evaluation,small_exact_random_symmetric_n5_seed6,random_symmetric,5,6,networkx_greedy,ok,"[4, 1, 3, 0, 2]",181.57142342122316,181.57142342122316,181.57142342122316,0.0,0.0,True,True,True,0.00011979999908362515,250.3046875,250.3046875,0.0,31.4,calibrated_on_calibration_split,,,,"{""finite_edges"": true, ""instance_metadata"": {""complete"": true, ""high"": 100.0, ""instance_type"": ""random_symmetric"", ""low"": 1.0, ""n"": 5, ""seed"": 6, ""symmetric"": true}, ""valid_route"": true}"
small_exact,evaluation,small_exact_random_symmetric_n5_seed6,random_symmetric,5,6,python_tsp_dynamic_programming,skipped_missing_dependency,,,181.57142342122316,181.57142342122316,nan,nan,True,,,0.0006073999975342304,250.3046875,250.30859375,0.00390625,31.4,calibrated_on_calibration_split,,,,"{""instance_metadata"": {""complete"": true, ""high"": 100.0, ""instance_type"": ""random_symmetric"", ""low"": 1.0, ""n"": 5, ""seed"": 6, ""symmetric"": true}}"
small_exact,evaluation,small_exact_random_asymmetric_n5_seed6,random_asymmetric,5,6,tn_exact,ok,"[4, 2, 0, 3, 1]",82.57819963578314,82.57819963578314,82.57819963578314,0.0,0.0,True,True,True,0.007623500001500361,250.30859375,250.375,0.06640625,31.4,calibrated_on_calibration_split,,True,,"{""exact_mode"": true, ""finite_edges"": true, ""instance_metadata"": {""complete"": true, ""high"": 100.0, ""instance_type"": ""random_asymmetric"", ""low"": 1.0, ""n"": 5, ""seed"": 6, ""symmetric"": false}, ""max_layers"": 3, ""n_layers"": null, ""n_layers_effective"": 3, ""normalization_factor"": 98.75705402846019, ""normalize"": true, ""seed"": 6, ""tau"": 31.4, ""valid_route"": true}"
small_exact,evaluation,small_exact_random_asymmetric_n5_seed6,random_asymmetric,5,6,held_karp,ok,"[4, 2, 0, 3, 1]",82.57819963578314,82.57819963578314,82.57819963578314,0.0,0.0,True,True,True,3.189999915775843e-05,250.375,250.375,0.0,31.4,calibrated_on_calibration_split,,,,"{""instance_metadata"": {""complete"": true, ""high"": 100.0, ""instance_type"": ""random_asymmetric"", ""low"": 1.0, ""n"": 5, ""seed"": 6, ""symmetric"": false}, ""max_n"": 18, ""start"": 4}"
small_exact,evaluation,small_exact_random_asymmetric_n5_seed6,random_asymmetric,5,6,bruteforce,ok,"[4, 2, 0, 3, 1]",82.57819963578314,82.57819963578314,82.57819963578314,0.0,0.0,True,True,True,6.0599999414989725e-05,250.375,250.375,0.0,31.4,calibrated_on_calibration_split,,,,"{""instance_metadata"": {""complete"": true, ""high"": 100.0, ""instance_type"": ""random_asymmetric"", ""low"": 1.0, ""n"": 5, ""seed"": 6, ""symmetric"": false}, ""max_n"": 10, ""permutations_checked"": 24, ""start"": 4}"
small_exact,evaluation,small_exact_random_asymmetric_n5_seed6,random_asymmetric,5,6,ortools,ok,"[4, 2, 0, 3, 1]",82.57819963578314,82.57819963578314,82.57819963578314,0.0,0.0,True,True,True,0.0010138000034203287,250.375,250.375,0.0,31.4,calibrated_on_calibration_split,,,5.0,"{""finite_edges"": true, ""infinity_penalty"": 493785270000, ""instance_metadata"": {""complete"": true, ""high"": 100.0, ""instance_type"": ""random_asymmetric"", ""low"": 1.0, ""n"": 5, ""seed"": 6, ""symmetric"": false}, ""integer_scale"": 1000000, ""start"": 4, ""time_limit_s"": 5.0, ""valid_route"": true}"
small_exact,evaluation,small_exact_random_asymmetric_n5_seed6,random_asymmetric,5,6,networkx_christofides,skipped_not_applicable,,,82.57819963578314,82.57819963578314,nan,nan,True,,,6.900000153109431e-05,250.375,250.375,0.0,31.4,calibrated_on_calibration_split,,,,"{""instance_metadata"": {""complete"": true, ""high"": 100.0, ""instance_type"": ""random_asymmetric"", ""low"": 1.0, ""n"": 5, ""seed"": 6, ""symmetric"": false}, ""requires_metric_symmetric_complete"": true}"
small_exact,evaluation,small_exact_random_asymmetric_n5_seed6,random_asymmetric,5,6,networkx_greedy,ok,"[4, 1, 2, 0, 3]",134.78569967888797,82.57819963578314,82.57819963578314,0.6322189182298672,0.6322189182298672,True,True,True,9.609999688109383e-05,250.375,250.375,0.0,31.4,calibrated_on_calibration_split,,,,"{""finite_edges"": true, ""instance_metadata"": {""complete"": true, ""high"": 100.0, ""instance_type"": ""random_asymmetric"", ""low"": 1.0, ""n"": 5, ""seed"": 6, ""symmetric"": false}, ""valid_route"": true}"
small_exact,evaluation,small_exact_random_asymmetric_n5_seed6,random_asymmetric,5,6,python_tsp_dynamic_programming,skipped_missing_dependency,,,82.57819963578314,82.57819963578314,nan,nan,True,,,0.0005200999985390808,250.375,250.375,0.0,31.4,calibrated_on_calibration_split,,,,"{""instance_metadata"": {""complete"": true, ""high"": 100.0, ""instance_type"": ""random_asymmetric"", ""low"": 1.0, ""n"": 5, ""seed"": 6, ""symmetric"": false}}"
small_exact,evaluation,small_exact_euclidean_n5_seed7,euclidean,5,7,tn_exact,ok,"[4, 1, 3, 2, 0]",2305.4673776306468,2305.4673776306468,2305.4673776306468,0.0,0.0,True,True,True,0.007066099999065045,250.375,250.375,0.0,31.4,calibrated_on_calibration_split,,True,,"{""exact_mode"": true, ""finite_edges"": true, ""instance_metadata"": {""complete"": true, ""instance_type"": ""euclidean"", ""n"": 5, ""points"": [[625.095466604667, 897.2138009695755], [775.6856902451935, 225.20718999059187], [300.16628491122543, 873.5534453962618], [5.265304565574724, 821.2284183827662], [797.0694287520462, 467.9349528437208]], ""scale"": 1000.0, ""seed"": 7, ""symmetric"": true}, ""max_layers"": 3, ""n_layers"": null, ""n_layers_effective"": 3, ""normalization_factor"": 974.0579425089911, ""normalize"": true, ""seed"": 7, ""tau"": 31.4, ""valid_route"": true}"
small_exact,evaluation,small_exact_euclidean_n5_seed7,euclidean,5,7,held_karp,ok,"[4, 1, 3, 2, 0]",2305.4673776306468,2305.4673776306468,2305.4673776306468,0.0,0.0,True,True,True,3.610000203480013e-05,250.375,250.375,0.0,31.4,calibrated_on_calibration_split,,,,"{""instance_metadata"": {""complete"": true, ""instance_type"": ""euclidean"", ""n"": 5, ""points"": [[625.095466604667, 897.2138009695755], [775.6856902451935, 225.20718999059187], [300.16628491122543, 873.5534453962618], [5.265304565574724, 821.2284183827662], [797.0694287520462, 467.9349528437208]], ""scale"": 1000.0, ""seed"": 7, ""symmetric"": true}, ""max_n"": 18, ""start"": 4}"
small_exact,evaluation,small_exact_euclidean_n5_seed7,euclidean,5,7,bruteforce,ok,"[4, 0, 2, 3, 1]",2305.4673776306468,2305.4673776306468,2305.4673776306468,0.0,0.0,True,True,True,6.520000169984996e-05,250.375,250.375,0.0,31.4,calibrated_on_calibration_split,,,,"{""instance_metadata"": {""complete"": true, ""instance_type"": ""euclidean"", ""n"": 5, ""points"": [[625.095466604667, 897.2138009695755], [775.6856902451935, 225.20718999059187], [300.16628491122543, 873.5534453962618], [5.265304565574724, 821.2284183827662], [797.0694287520462, 467.9349528437208]], ""scale"": 1000.0, ""seed"": 7, ""symmetric"": true}, ""max_n"": 10, ""permutations_checked"": 24, ""start"": 4}"
small_exact,evaluation,small_exact_euclidean_n5_seed7,euclidean,5,7,ortools,ok,"[4, 1, 3, 2, 0]",2305.4673776306468,2305.4673776306468,2305.4673776306468,0.0,0.0,True,True,True,0.0009195999991788995,250.375,250.375,0.0,31.4,calibrated_on_calibration_split,,,5.0,"{""finite_edges"": true, ""infinity_penalty"": 4870289715000, ""instance_metadata"": {""complete"": true, ""instance_type"": ""euclidean"", ""n"": 5, ""points"": [[625.095466604667, 897.2138009695755], [775.6856902451935, 225.20718999059187], [300.16628491122543, 873.5534453962618], [5.265304565574724, 821.2284183827662], [797.0694287520462, 467.9349528437208]], ""scale"": 1000.0, ""seed"": 7, ""symmetric"": true}, ""integer_scale"": 1000000, ""start"": 4, ""time_limit_s"": 5.0, ""valid_route"": true}"
small_exact,evaluation,small_exact_euclidean_n5_seed7,euclidean,5,7,networkx_christofides,ok,"[4, 0, 2, 3, 1]",2305.4673776306468,2305.4673776306468,2305.4673776306468,0.0,0.0,True,True,True,0.00038869999843882397,250.375,250.375,0.0,31.4,calibrated_on_calibration_split,,,,"{""finite_edges"": true, ""instance_metadata"": {""complete"": true, ""instance_type"": ""euclidean"", ""n"": 5, ""points"": [[625.095466604667, 897.2138009695755], [775.6856902451935, 225.20718999059187], [300.16628491122543, 873.5534453962618], [5.265304565574724, 821.2284183827662], [797.0694287520462, 467.9349528437208]], ""scale"": 1000.0, ""seed"": 7, ""symmetric"": true}, ""requires_metric_symmetric_complete"": true, ""valid_route"": true}"
small_exact,evaluation,small_exact_euclidean_n5_seed7,euclidean,5,7,networkx_greedy,ok,"[4, 1, 0, 2, 3]",2424.6840318796394,2305.4673776306468,2305.4673776306468,0.051710406057236376,0.051710406057236376,True,True,True,8.710000111022964e-05,250.375,250.375,0.0,31.4,calibrated_on_calibration_split,,,,"{""finite_edges"": true, ""instance_metadata"": {""complete"": true, ""instance_type"": ""euclidean"", ""n"": 5, ""points"": [[625.095466604667, 897.2138009695755], [775.6856902451935, 225.20718999059187], [300.16628491122543, 873.5534453962618], [5.265304565574724, 821.2284183827662], [797.0694287520462, 467.9349528437208]], ""scale"": 1000.0, ""seed"": 7, ""symmetric"": true}, ""valid_route"": true}"
small_exact,evaluation,small_exact_euclidean_n5_seed7,euclidean,5,7,python_tsp_dynamic_programming,skipped_missing_dependency,,,2305.4673776306468,2305.4673776306468,nan,nan,True,,,0.0004999000011594035,250.375,250.375,0.0,31.4,calibrated_on_calibration_split,,,,"{""instance_metadata"": {""complete"": true, ""instance_type"": ""euclidean"", ""n"": 5, ""points"": [[625.095466604667, 897.2138009695755], [775.6856902451935, 225.20718999059187], [300.16628491122543, 873.5534453962618], [5.265304565574724, 821.2284183827662], [797.0694287520462, 467.9349528437208]], ""scale"": 1000.0, ""seed"": 7, ""symmetric"": true}}"
small_exact,evaluation,small_exact_random_symmetric_n5_seed7,random_symmetric,5,7,tn_exact,ok,"[4, 1, 2, 3, 0]",215.85607899092395,215.85607899092395,215.85607899092395,0.0,0.0,True,True,True,0.007074100001773331,250.375,250.375,0.0,31.4,calibrated_on_calibration_split,,True,,"{""exact_mode"": true, ""finite_edges"": true, ""instance_metadata"": {""complete"": true, ""high"": 100.0, ""instance_type"": ""random_symmetric"", ""low"": 1.0, ""n"": 5, ""seed"": 7, ""symmetric"": true}, ""max_layers"": 3, ""n_layers"": null, ""n_layers_effective"": 3, ""normalization_factor"": 89.73220075322872, ""normalize"": true, ""seed"": 7, ""tau"": 31.4, ""valid_route"": true}"
small_exact,evaluation,small_exact_random_symmetric_n5_seed7,random_symmetric,5,7,held_karp,ok,"[4, 1, 2, 3, 0]",215.85607899092395,215.85607899092395,215.85607899092395,0.0,0.0,True,True,True,3.3399999665562063e-05,250.375,250.375,0.0,31.4,calibrated_on_calibration_split,,,,"{""instance_metadata"": {""complete"": true, ""high"": 100.0, ""instance_type"": ""random_symmetric"", ""low"": 1.0, ""n"": 5, ""seed"": 7, ""symmetric"": true}, ""max_n"": 18, ""start"": 4}"
small_exact,evaluation,small_exact_random_symmetric_n5_seed7,random_symmetric,5,7,bruteforce,ok,"[4, 0, 3, 2, 1]",215.85607899092395,215.85607899092395,215.85607899092395,0.0,0.0,True,True,True,6.340000254567713e-05,250.375,250.375,0.0,31.4,calibrated_on_calibration_split,,,,"{""instance_metadata"": {""complete"": true, ""high"": 100.0, ""instance_type"": ""random_symmetric"", ""low"": 1.0, ""n"": 5, ""seed"": 7, ""symmetric"": true}, ""max_n"": 10, ""permutations_checked"": 24, ""start"": 4}"
small_exact,evaluation,small_exact_random_symmetric_n5_seed7,random_symmetric,5,7,ortools,ok,"[4, 0, 3, 2, 1]",215.85607899092395,215.85607899092395,215.85607899092395,0.0,0.0,True,True,True,0.0008471000001009088,250.375,250.375,0.0,31.4,calibrated_on_calibration_split,,,5.0,"{""finite_edges"": true, ""infinity_penalty"": 448661005000, ""instance_metadata"": {""complete"": true, ""high"": 100.0, ""instance_type"": ""random_symmetric"", ""low"": 1.0, ""n"": 5, ""seed"": 7, ""symmetric"": true}, ""integer_scale"": 1000000, ""start"": 4, ""time_limit_s"": 5.0, ""valid_route"": true}"
small_exact,evaluation,small_exact_random_symmetric_n5_seed7,random_symmetric,5,7,networkx_christofides,skipped_not_applicable,,,215.85607899092395,215.85607899092395,nan,nan,True,,,7.140000161598437e-05,250.375,250.375,0.0,31.4,calibrated_on_calibration_split,,,,"{""instance_metadata"": {""complete"": true, ""high"": 100.0, ""instance_type"": ""random_symmetric"", ""low"": 1.0, ""n"": 5, ""seed"": 7, ""symmetric"": true}, ""requires_metric_symmetric_complete"": true}"
small_exact,evaluation,small_exact_random_symmetric_n5_seed7,random_symmetric,5,7,networkx_greedy,ok,"[4, 0, 3, 2, 1]",215.85607899092395,215.85607899092395,215.85607899092395,0.0,0.0,True,True,True,8.779999916441739e-05,250.375,250.375,0.0,31.4,calibrated_on_calibration_split,,,,"{""finite_edges"": true, ""instance_metadata"": {""complete"": true, ""high"": 100.0, ""instance_type"": ""random_symmetric"", ""low"": 1.0, ""n"": 5, ""seed"": 7, ""symmetric"": true}, ""valid_route"": true}"
small_exact,evaluation,small_exact_random_symmetric_n5_seed7,random_symmetric,5,7,python_tsp_dynamic_programming,skipped_missing_dependency,,,215.85607899092395,215.85607899092395,nan,nan,True,,,0.0004806000033568125,250.375,250.375,0.0,31.4,calibrated_on_calibration_split,,,,"{""instance_metadata"": {""complete"": true, ""high"": 100.0, ""instance_type"": ""random_symmetric"", ""low"": 1.0, ""n"": 5, ""seed"": 7, ""symmetric"": true}}"
small_exact,evaluation,small_exact_random_asymmetric_n5_seed7,random_asymmetric,5,7,tn_exact,ok,"[4, 0, 3, 2, 1]",200.97429886605934,200.97429886605934,200.97429886605934,0.0,0.0,True,True,True,0.007193500001449138,250.375,250.375,0.0,31.4,calibrated_on_calibration_split,,True,,"{""exact_mode"": true, ""finite_edges"": true, ""instance_metadata"": {""complete"": true, ""high"": 100.0, ""instance_type"": ""random_asymmetric"", ""low"": 1.0, ""n"": 5, ""seed"": 7, ""symmetric"": false}, ""max_layers"": 3, ""n_layers"": null, ""n_layers_effective"": 3, ""normalization_factor"": 99.55452806000487, ""normalize"": true, ""seed"": 7, ""tau"": 31.4, ""valid_route"": true}"
small_exact,evaluation,small_exact_random_asymmetric_n5_seed7,random_asymmetric,5,7,held_karp,ok,"[4, 0, 3, 2, 1]",200.97429886605934,200.97429886605934,200.97429886605934,0.0,0.0,True,True,True,3.5000000934815034e-05,250.375,250.375,0.0,31.4,calibrated_on_calibration_split,,,,"{""instance_metadata"": {""complete"": true, ""high"": 100.0, ""instance_type"": ""random_asymmetric"", ""low"": 1.0, ""n"": 5, ""seed"": 7, ""symmetric"": false}, ""max_n"": 18, ""start"": 4}"
small_exact,evaluation,small_exact_random_asymmetric_n5_seed7,random_asymmetric,5,7,bruteforce,ok,"[4, 0, 3, 2, 1]",200.97429886605934,200.97429886605934,200.97429886605934,0.0,0.0,True,True,True,6.410000059986487e-05,250.375,250.375,0.0,31.4,calibrated_on_calibration_split,,,,"{""instance_metadata"": {""complete"": true, ""high"": 100.0, ""instance_type"": ""random_asymmetric"", ""low"": 1.0, ""n"": 5, ""seed"": 7, ""symmetric"": false}, ""max_n"": 10, ""permutations_checked"": 24, ""start"": 4}"
small_exact,evaluation,small_exact_random_asymmetric_n5_seed7,random_asymmetric,5,7,ortools,ok,"[4, 0, 3, 2, 1]",200.97429886605934,200.97429886605934,200.97429886605934,0.0,0.0,True,True,True,0.0008581000001868233,250.375,250.375,0.0,31.4,calibrated_on_calibration_split,,,5.0,"{""finite_edges"": true, ""infinity_penalty"": 497772640000, ""instance_metadata"": {""complete"": true, ""high"": 100.0, ""instance_type"": ""random_asymmetric"", ""low"": 1.0, ""n"": 5, ""seed"": 7, ""symmetric"": false}, ""integer_scale"": 1000000, ""start"": 4, ""time_limit_s"": 5.0, ""valid_route"": true}"
small_exact,evaluation,small_exact_random_asymmetric_n5_seed7,random_asymmetric,5,7,networkx_christofides,skipped_not_applicable,,,200.97429886605934,200.97429886605934,nan,nan,True,,,6.199999916134402e-05,250.375,250.375,0.0,31.4,calibrated_on_calibration_split,,,,"{""instance_metadata"": {""complete"": true, ""high"": 100.0, ""instance_type"": ""random_asymmetric"", ""low"": 1.0, ""n"": 5, ""seed"": 7, ""symmetric"": false}, ""requires_metric_symmetric_complete"": true}"
small_exact,evaluation,small_exact_random_asymmetric_n5_seed7,random_asymmetric,5,7,networkx_greedy,ok,"[4, 3, 0, 2, 1]",214.82907590733078,200.97429886605934,200.97429886605934,0.0689380538677985,0.0689380538677985,True,True,True,9.420000060345046e-05,250.375,250.375,0.0,31.4,calibrated_on_calibration_split,,,,"{""finite_edges"": true, ""instance_metadata"": {""complete"": true, ""high"": 100.0, ""instance_type"": ""random_asymmetric"", ""low"": 1.0, ""n"": 5, ""seed"": 7, ""symmetric"": false}, ""valid_route"": true}"
small_exact,evaluation,small_exact_random_asymmetric_n5_seed7,random_asymmetric,5,7,python_tsp_dynamic_programming,skipped_missing_dependency,,,200.97429886605934,200.97429886605934,nan,nan,True,,,0.0004894000012427568,250.375,250.375,0.0,31.4,calibrated_on_calibration_split,,,,"{""instance_metadata"": {""complete"": true, ""high"": 100.0, ""instance_type"": ""random_asymmetric"", ""low"": 1.0, ""n"": 5, ""seed"": 7, ""symmetric"": false}}"
small_exact,evaluation,small_exact_euclidean_n5_seed8,euclidean,5,8,tn_exact,ok,"[4, 3, 2, 0, 1]",2160.2940160956678,2160.2940160956678,2160.2940160956678,0.0,0.0,True,True,True,0.00703359999897657,250.375,250.37890625,0.00390625,31.4,calibrated_on_calibration_split,,True,,"{""exact_mode"": true, ""finite_edges"": true, ""instance_metadata"": {""complete"": true, ""instance_type"": ""euclidean"", ""n"": 5, ""points"": [[326.9722766055607, 987.2768433379256], [318.7108384855167, 788.548935820029], [869.8965116962161, 391.08480653919395], [437.8818731227988, 372.74890308935306], [106.95359647277436, 478.965454162717]], ""scale"": 1000.0, ""seed"": 8, ""symmetric"": true}, ""max_layers"": 3, ""n_layers"": null, ""n_layers_effective"": 3, ""normalization_factor"": 806.3570361762793, ""normalize"": true, ""seed"": 8, ""tau"": 31.4, ""valid_route"": true}"
small_exact,evaluation,small_exact_euclidean_n5_seed8,euclidean,5,8,held_karp,ok,"[4, 3, 2, 0, 1]",2160.2940160956678,2160.2940160956678,2160.2940160956678,0.0,0.0,True,True,True,3.2800002372823656e-05,250.37890625,250.37890625,0.0,31.4,calibrated_on_calibration_split,,,,"{""instance_metadata"": {""complete"": true, ""instance_type"": ""euclidean"", ""n"": 5, ""points"": [[326.9722766055607, 987.2768433379256], [318.7108384855167, 788.548935820029], [869.8965116962161, 391.08480653919395], [437.8818731227988, 372.74890308935306], [106.95359647277436, 478.965454162717]], ""scale"": 1000.0, ""seed"": 8, ""symmetric"": true}, ""max_n"": 18, ""start"": 4}"
small_exact,evaluation,small_exact_euclidean_n5_seed8,euclidean,5,8,bruteforce,ok,"[4, 1, 0, 2, 3]",2160.2940160956678,2160.2940160956678,2160.2940160956678,0.0,0.0,True,True,True,6.399999983841553e-05,250.37890625,250.37890625,0.0,31.4,calibrated_on_calibration_split,,,,"{""instance_metadata"": {""complete"": true, ""instance_type"": ""euclidean"", ""n"": 5, ""points"": [[326.9722766055607, 987.2768433379256], [318.7108384855167, 788.548935820029], [869.8965116962161, 391.08480653919395], [437.8818731227988, 372.74890308935306], [106.95359647277436, 478.965454162717]], ""scale"": 1000.0, ""seed"": 8, ""symmetric"": true}, ""max_n"": 10, ""permutations_checked"": 24, ""start"": 4}"
small_exact,evaluation,small_exact_euclidean_n5_seed8,euclidean,5,8,ortools,ok,"[4, 3, 2, 0, 1]",2160.2940160956678,2160.2940160956678,2160.2940160956678,0.0,0.0,True,True,True,0.0008213000000978354,250.37890625,250.37890625,0.0,31.4,calibrated_on_calibration_split,,,5.0,"{""finite_edges"": true, ""infinity_penalty"": 4031785180000, ""instance_metadata"": {""complete"": true, ""instance_type"": ""euclidean"", ""n"": 5, ""points"": [[326.9722766055607, 987.2768433379256], [318.7108384855167, 788.548935820029], [869.8965116962161, 391.08480653919395], [437.8818731227988, 372.74890308935306], [106.95359647277436, 478.965454162717]], ""scale"": 1000.0, ""seed"": 8, ""symmetric"": true}, ""integer_scale"": 1000000, ""start"": 4, ""time_limit_s"": 5.0, ""valid_route"": true}"
small_exact,evaluation,small_exact_euclidean_n5_seed8,euclidean,5,8,networkx_christofides,ok,"[4, 1, 0, 2, 3]",2160.2940160956678,2160.2940160956678,2160.2940160956678,0.0,0.0,True,True,True,0.0004335999983595684,250.37890625,250.3828125,0.00390625,31.4,calibrated_on_calibration_split,,,,"{""finite_edges"": true, ""instance_metadata"": {""complete"": true, ""instance_type"": ""euclidean"", ""n"": 5, ""points"": [[326.9722766055607, 987.2768433379256], [318.7108384855167, 788.548935820029], [869.8965116962161, 391.08480653919395], [437.8818731227988, 372.74890308935306], [106.95359647277436, 478.965454162717]], ""scale"": 1000.0, ""seed"": 8, ""symmetric"": true}, ""requires_metric_symmetric_complete"": true, ""valid_route"": true}"
small_exact,evaluation,small_exact_euclidean_n5_seed8,euclidean,5,8,networkx_greedy,ok,"[4, 0, 1, 2, 3]",2212.291109886164,2160.2940160956678,2160.2940160956678,0.024069452307455587,0.024069452307455587,True,True,True,8.549999984097667e-05,250.3828125,250.3828125,0.0,31.4,calibrated_on_calibration_split,,,,"{""finite_edges"": true, ""instance_metadata"": {""complete"": true, ""instance_type"": ""euclidean"", ""n"": 5, ""points"": [[326.9722766055607, 987.2768433379256], [318.7108384855167, 788.548935820029], [869.8965116962161, 391.08480653919395], [437.8818731227988, 372.74890308935306], [106.95359647277436, 478.965454162717]], ""scale"": 1000.0, ""seed"": 8, ""symmetric"": true}, ""valid_route"": true}"
small_exact,evaluation,small_exact_euclidean_n5_seed8,euclidean,5,8,python_tsp_dynamic_programming,skipped_missing_dependency,,,2160.2940160956678,2160.2940160956678,nan,nan,True,,,0.00046940000174799934,250.3828125,250.3828125,0.0,31.4,calibrated_on_calibration_split,,,,"{""instance_metadata"": {""complete"": true, ""instance_type"": ""euclidean"", ""n"": 5, ""points"": [[326.9722766055607, 987.2768433379256], [318.7108384855167, 788.548935820029], [869.8965116962161, 391.08480653919395], [437.8818731227988, 372.74890308935306], [106.95359647277436, 478.965454162717]], ""scale"": 1000.0, ""seed"": 8, ""symmetric"": true}}"
small_exact,evaluation,small_exact_random_symmetric_n5_seed8,random_symmetric,5,8,tn_exact,ok,"[4, 1, 3, 0, 2]",200.4684004074341,200.4684004074341,200.4684004074341,0.0,0.0,True,True,True,0.007523699998273514,250.3828125,250.4375,0.0546875,31.4,calibrated_on_calibration_split,,True,,"{""exact_mode"": true, ""finite_edges"": true, ""instance_metadata"": {""complete"": true, ""high"": 100.0, ""instance_type"": ""random_symmetric"", ""low"": 1.0, ""n"": 5, ""seed"": 8, ""symmetric"": true}, ""max_layers"": 3, ""n_layers"": null, ""n_layers_effective"": 3, ""normalization_factor"": 89.17201816116463, ""normalize"": true, ""seed"": 8, ""tau"": 31.4, ""valid_route"": true}"
small_exact,evaluation,small_exact_random_symmetric_n5_seed8,random_symmetric,5,8,held_karp,ok,"[4, 2, 0, 3, 1]",200.4684004074341,200.4684004074341,200.4684004074341,0.0,0.0,True,True,True,3.020000076503493e-05,250.4375,250.4375,0.0,31.4,calibrated_on_calibration_split,,,,"{""instance_metadata"": {""complete"": true, ""high"": 100.0, ""instance_type"": ""random_symmetric"", ""low"": 1.0, ""n"": 5, ""seed"": 8, ""symmetric"": true}, ""max_n"": 18, ""start"": 4}"
small_exact,evaluation,small_exact_random_symmetric_n5_seed8,random_symmetric,5,8,bruteforce,ok,"[4, 1, 3, 0, 2]",200.4684004074341,200.4684004074341,200.4684004074341,0.0,0.0,True,True,True,5.6000000768108293e-05,250.4375,250.4375,0.0,31.4,calibrated_on_calibration_split,,,,"{""instance_metadata"": {""complete"": true, ""high"": 100.0, ""instance_type"": ""random_symmetric"", ""low"": 1.0, ""n"": 5, ""seed"": 8, ""symmetric"": true}, ""max_n"": 10, ""permutations_checked"": 24, ""start"": 4}"
small_exact,evaluation,small_exact_random_symmetric_n5_seed8,random_symmetric,5,8,ortools,ok,"[4, 1, 3, 0, 2]",200.4684004074341,200.4684004074341,200.4684004074341,0.0,0.0,True,True,True,0.000789400000940077,250.4375,250.4375,0.0,31.4,calibrated_on_calibration_split,,,5.0,"{""finite_edges"": true, ""infinity_penalty"": 445860090000, ""instance_metadata"": {""complete"": true, ""high"": 100.0, ""instance_type"": ""random_symmetric"", ""low"": 1.0, ""n"": 5, ""seed"": 8, ""symmetric"": true}, ""integer_scale"": 1000000, ""start"": 4, ""time_limit_s"": 5.0, ""valid_route"": true}"
small_exact,evaluation,small_exact_random_symmetric_n5_seed8,random_symmetric,5,8,networkx_christofides,skipped_not_applicable,,,200.4684004074341,200.4684004074341,nan,nan,True,,,5.8999998145736754e-05,250.4375,250.4375,0.0,31.4,calibrated_on_calibration_split,,,,"{""instance_metadata"": {""complete"": true, ""high"": 100.0, ""instance_type"": ""random_symmetric"", ""low"": 1.0, ""n"": 5, ""seed"": 8, ""symmetric"": true}, ""requires_metric_symmetric_complete"": true}"
small_exact,evaluation,small_exact_random_symmetric_n5_seed8,random_symmetric,5,8,networkx_greedy,ok,"[4, 0, 2, 3, 1]",208.8473827349472,200.4684004074341,200.4684004074341,0.041797022924728054,0.041797022924728054,True,True,True,7.400000322377309e-05,250.4375,250.4375,0.0,31.4,calibrated_on_calibration_split,,,,"{""finite_edges"": true, ""instance_metadata"": {""complete"": true, ""high"": 100.0, ""instance_type"": ""random_symmetric"", ""low"": 1.0, ""n"": 5, ""seed"": 8, ""symmetric"": true}, ""valid_route"": true}"
small_exact,evaluation,small_exact_random_symmetric_n5_seed8,random_symmetric,5,8,python_tsp_dynamic_programming,skipped_missing_dependency,,,200.4684004074341,200.4684004074341,nan,nan,True,,,0.0004518999994616024,250.4375,250.4375,0.0,31.4,calibrated_on_calibration_split,,,,"{""instance_metadata"": {""complete"": true, ""high"": 100.0, ""instance_type"": ""random_symmetric"", ""low"": 1.0, ""n"": 5, ""seed"": 8, ""symmetric"": true}}"
small_exact,evaluation,small_exact_random_asymmetric_n5_seed8,random_asymmetric,5,8,tn_exact,ok,"[4, 1, 0, 2, 3]",173.37170896216662,173.37170896216662,173.37170896216662,0.0,0.0,True,True,True,0.006616899998334702,250.4375,250.4375,0.0,31.4,calibrated_on_calibration_split,,True,,"{""exact_mode"": true, ""finite_edges"": true, ""instance_metadata"": {""complete"": true, ""high"": 100.0, ""instance_type"": ""random_asymmetric"", ""low"": 1.0, ""n"": 5, ""seed"": 8, ""symmetric"": false}, ""max_layers"": 3, ""n_layers"": null, ""n_layers_effective"": 3, ""normalization_factor"": 98.74040749045463, ""normalize"": true, ""seed"": 8, ""tau"": 31.4, ""valid_route"": true}"
small_exact,evaluation,small_exact_random_asymmetric_n5_seed8,random_asymmetric,5,8,held_karp,ok,"[4, 1, 0, 2, 3]",173.37170896216662,173.37170896216662,173.37170896216662,0.0,0.0,True,True,True,3.0399998649954796e-05,250.4375,250.4375,0.0,31.4,calibrated_on_calibration_split,,,,"{""instance_metadata"": {""complete"": true, ""high"": 100.0, ""instance_type"": ""random_asymmetric"", ""low"": 1.0, ""n"": 5, ""seed"": 8, ""symmetric"": false}, ""max_n"": 18, ""start"": 4}"
small_exact,evaluation,small_exact_random_asymmetric_n5_seed8,random_asymmetric,5,8,bruteforce,ok,"[4, 1, 0, 2, 3]",173.37170896216662,173.37170896216662,173.37170896216662,0.0,0.0,True,True,True,5.869999949936755e-05,250.4375,250.4375,0.0,31.4,calibrated_on_calibration_split,,,,"{""instance_metadata"": {""complete"": true, ""high"": 100.0, ""instance_type"": ""random_asymmetric"", ""low"": 1.0, ""n"": 5, ""seed"": 8, ""symmetric"": false}, ""max_n"": 10, ""permutations_checked"": 24, ""start"": 4}"
small_exact,evaluation,small_exact_random_asymmetric_n5_seed8,random_asymmetric,5,8,ortools,ok,"[4, 3, 0, 2, 1]",179.48021031858585,173.37170896216662,173.37170896216662,0.035233553346078104,0.035233553346078104,True,True,True,0.0007843999992473982,250.4375,250.4375,0.0,31.4,calibrated_on_calibration_split,,,5.0,"{""finite_edges"": true, ""infinity_penalty"": 493702035000, ""instance_metadata"": {""complete"": true, ""high"": 100.0, ""instance_type"": ""random_asymmetric"", ""low"": 1.0, ""n"": 5, ""seed"": 8, ""symmetric"": false}, ""integer_scale"": 1000000, ""start"": 4, ""time_limit_s"": 5.0, ""valid_route"": true}"
small_exact,evaluation,small_exact_random_asymmetric_n5_seed8,random_asymmetric,5,8,networkx_christofides,skipped_not_applicable,,,173.37170896216662,173.37170896216662,nan,nan,True,,,5.5100001191021875e-05,250.4375,250.4375,0.0,31.4,calibrated_on_calibration_split,,,,"{""instance_metadata"": {""complete"": true, ""high"": 100.0, ""instance_type"": ""random_asymmetric"", ""low"": 1.0, ""n"": 5, ""seed"": 8, ""symmetric"": false}, ""requires_metric_symmetric_complete"": true}"
small_exact,evaluation,small_exact_random_asymmetric_n5_seed8,random_asymmetric,5,8,networkx_greedy,ok,"[4, 1, 3, 0, 2]",184.45555811673117,173.37170896216662,173.37170896216662,0.06393112936888265,0.06393112936888265,True,True,True,8.620000153314322e-05,250.4375,250.4375,0.0,31.4,calibrated_on_calibration_split,,,,"{""finite_edges"": true, ""instance_metadata"": {""complete"": true, ""high"": 100.0, ""instance_type"": ""random_asymmetric"", ""low"": 1.0, ""n"": 5, ""seed"": 8, ""symmetric"": false}, ""valid_route"": true}"
small_exact,evaluation,small_exact_random_asymmetric_n5_seed8,random_asymmetric,5,8,python_tsp_dynamic_programming,skipped_missing_dependency,,,173.37170896216662,173.37170896216662,nan,nan,True,,,0.0004413999995449558,250.4375,250.4375,0.0,31.4,calibrated_on_calibration_split,,,,"{""instance_metadata"": {""complete"": true, ""high"": 100.0, ""instance_type"": ""random_asymmetric"", ""low"": 1.0, ""n"": 5, ""seed"": 8, ""symmetric"": false}}"
small_exact,evaluation,small_exact_euclidean_n5_seed9,euclidean,5,9,tn_exact,ok,"[4, 0, 3, 2, 1]",2480.4986547308963,2480.4986547308963,2480.4986547308963,0.0,0.0,True,True,True,0.007468599997082492,250.4375,250.4375,0.0,31.4,calibrated_on_calibration_split,,True,,"{""exact_mode"": true, ""finite_edges"": true, ""instance_metadata"": {""complete"": true, ""instance_type"": ""euclidean"", ""n"": 5, ""points"": [[870.2492039700846, 286.8172090875554], [603.1481500515619, 777.5340829201788], [716.0746296035653, 915.3801204905076], [860.3936491828846, 918.2376290487624], [26.587734467597212, 437.2480001295087]], ""scale"": 1000.0, ""seed"": 9, ""symmetric"": true}, ""max_layers"": 3, ""n_layers"": null, ""n_layers_effective"": 3, ""normalization_factor"": 962.5919834187685, ""normalize"": true, ""seed"": 9, ""tau"": 31.4, ""valid_route"": true}"
small_exact,evaluation,small_exact_euclidean_n5_seed9,euclidean,5,9,held_karp,ok,"[4, 1, 2, 3, 0]",2480.4986547308963,2480.4986547308963,2480.4986547308963,0.0,0.0,True,True,True,4.9199999921256676e-05,250.4375,250.4375,0.0,31.4,calibrated_on_calibration_split,,,,"{""instance_metadata"": {""complete"": true, ""instance_type"": ""euclidean"", ""n"": 5, ""points"": [[870.2492039700846, 286.8172090875554], [603.1481500515619, 777.5340829201788], [716.0746296035653, 915.3801204905076], [860.3936491828846, 918.2376290487624], [26.587734467597212, 437.2480001295087]], ""scale"": 1000.0, ""seed"": 9, ""symmetric"": true}, ""max_n"": 18, ""start"": 4}"
small_exact,evaluation,small_exact_euclidean_n5_seed9,euclidean,5,9,bruteforce,ok,"[4, 0, 3, 2, 1]",2480.4986547308963,2480.4986547308963,2480.4986547308963,0.0,0.0,True,True,True,7.199999890872277e-05,250.4375,250.4375,0.0,31.4,calibrated_on_calibration_split,,,,"{""instance_metadata"": {""complete"": true, ""instance_type"": ""euclidean"", ""n"": 5, ""points"": [[870.2492039700846, 286.8172090875554], [603.1481500515619, 777.5340829201788], [716.0746296035653, 915.3801204905076], [860.3936491828846, 918.2376290487624], [26.587734467597212, 437.2480001295087]], ""scale"": 1000.0, ""seed"": 9, ""symmetric"": true}, ""max_n"": 10, ""permutations_checked"": 24, ""start"": 4}"
small_exact,evaluation,small_exact_euclidean_n5_seed9,euclidean,5,9,ortools,ok,"[4, 1, 2, 3, 0]",2480.4986547308963,2480.4986547308963,2480.4986547308963,0.0,0.0,True,True,True,0.0010197999981755856,250.4375,250.4375,0.0,31.4,calibrated_on_calibration_split,,,5.0,"{""finite_edges"": true, ""infinity_penalty"": 4812959915000, ""instance_metadata"": {""complete"": true, ""instance_type"": ""euclidean"", ""n"": 5, ""points"": [[870.2492039700846, 286.8172090875554], [603.1481500515619, 777.5340829201788], [716.0746296035653, 915.3801204905076], [860.3936491828846, 918.2376290487624], [26.587734467597212, 437.2480001295087]], ""scale"": 1000.0, ""seed"": 9, ""symmetric"": true}, ""integer_scale"": 1000000, ""start"": 4, ""time_limit_s"": 5.0, ""valid_route"": true}"
small_exact,evaluation,small_exact_euclidean_n5_seed9,euclidean,5,9,networkx_christofides,ok,"[4, 0, 2, 3, 1]",2611.210921925104,2480.4986547308963,2480.4986547308963,0.05269596375104189,0.05269596375104189,True,True,True,0.0004465000019990839,250.4375,250.4375,0.0,31.4,calibrated_on_calibration_split,,,,"{""finite_edges"": true, ""instance_metadata"": {""complete"": true, ""instance_type"": ""euclidean"", ""n"": 5, ""points"": [[870.2492039700846, 286.8172090875554], [603.1481500515619, 777.5340829201788], [716.0746296035653, 915.3801204905076], [860.3936491828846, 918.2376290487624], [26.587734467597212, 437.2480001295087]], ""scale"": 1000.0, ""seed"": 9, ""symmetric"": true}, ""requires_metric_symmetric_complete"": true, ""valid_route"": true}"
small_exact,evaluation,small_exact_euclidean_n5_seed9,euclidean,5,9,networkx_greedy,ok,"[4, 0, 3, 2, 1]",2480.4986547308963,2480.4986547308963,2480.4986547308963,0.0,0.0,True,True,True,8.890000026440248e-05,250.4375,250.4375,0.0,31.4,calibrated_on_calibration_split,,,,"{""finite_edges"": true, ""instance_metadata"": {""complete"": true, ""instance_type"": ""euclidean"", ""n"": 5, ""points"": [[870.2492039700846, 286.8172090875554], [603.1481500515619, 777.5340829201788], [716.0746296035653, 915.3801204905076], [860.3936491828846, 918.2376290487624], [26.587734467597212, 437.2480001295087]], ""scale"": 1000.0, ""seed"": 9, ""symmetric"": true}, ""valid_route"": true}"
small_exact,evaluation,small_exact_euclidean_n5_seed9,euclidean,5,9,python_tsp_dynamic_programming,skipped_missing_dependency,,,2480.4986547308963,2480.4986547308963,nan,nan,True,,,0.0005230999995546881,250.4375,250.4375,0.0,31.4,calibrated_on_calibration_split,,,,"{""instance_metadata"": {""complete"": true, ""instance_type"": ""euclidean"", ""n"": 5, ""points"": [[870.2492039700846, 286.8172090875554], [603.1481500515619, 777.5340829201788], [716.0746296035653, 915.3801204905076], [860.3936491828846, 918.2376290487624], [26.587734467597212, 437.2480001295087]], ""scale"": 1000.0, ""seed"": 9, ""symmetric"": true}}"
small_exact,evaluation,small_exact_random_symmetric_n5_seed9,random_symmetric,5,9,tn_exact,ok,"[4, 0, 2, 1, 3]",259.25597826537074,259.25597826537074,259.25597826537074,0.0,0.0,True,True,True,0.007888700001785764,250.4375,250.44140625,0.00390625,31.4,calibrated_on_calibration_split,,True,,"{""exact_mode"": true, ""finite_edges"": true, ""instance_metadata"": {""complete"": true, ""high"": 100.0, ""instance_type"": ""random_symmetric"", ""low"": 1.0, ""n"": 5, ""seed"": 9, ""symmetric"": true}, ""max_layers"": 3, ""n_layers"": null, ""n_layers_effective"": 3, ""normalization_factor"": 98.56662806344724, ""normalize"": true, ""seed"": 9, ""tau"": 31.4, ""valid_route"": true}"
small_exact,evaluation,small_exact_random_symmetric_n5_seed9,random_symmetric,5,9,held_karp,ok,"[4, 3, 1, 2, 0]",259.25597826537074,259.25597826537074,259.25597826537074,0.0,0.0,True,True,True,3.5799999750452116e-05,250.44140625,250.44140625,0.0,31.4,calibrated_on_calibration_split,,,,"{""instance_metadata"": {""complete"": true, ""high"": 100.0, ""instance_type"": ""random_symmetric"", ""low"": 1.0, ""n"": 5, ""seed"": 9, ""symmetric"": true}, ""max_n"": 18, ""start"": 4}"
small_exact,evaluation,small_exact_random_symmetric_n5_seed9,random_symmetric,5,9,bruteforce,ok,"[4, 0, 2, 1, 3]",259.25597826537074,259.25597826537074,259.25597826537074,0.0,0.0,True,True,True,6.240000220714137e-05,250.44140625,250.44140625,0.0,31.4,calibrated_on_calibration_split,,,,"{""instance_metadata"": {""complete"": true, ""high"": 100.0, ""instance_type"": ""random_symmetric"", ""low"": 1.0, ""n"": 5, ""seed"": 9, ""symmetric"": true}, ""max_n"": 10, ""permutations_checked"": 24, ""start"": 4}"
small_exact,evaluation,small_exact_random_symmetric_n5_seed9,random_symmetric,5,9,ortools,ok,"[4, 0, 2, 1, 3]",259.25597826537074,259.25597826537074,259.25597826537074,0.0,0.0,True,True,True,0.0011498999992909376,250.44140625,250.4453125,0.00390625,31.4,calibrated_on_calibration_split,,,5.0,"{""finite_edges"": true, ""infinity_penalty"": 492833140000, ""instance_metadata"": {""complete"": true, ""high"": 100.0, ""instance_type"": ""random_symmetric"", ""low"": 1.0, ""n"": 5, ""seed"": 9, ""symmetric"": true}, ""integer_scale"": 1000000, ""start"": 4, ""time_limit_s"": 5.0, ""valid_route"": true}"
small_exact,evaluation,small_exact_random_symmetric_n5_seed9,random_symmetric,5,9,networkx_christofides,skipped_not_applicable,,,259.25597826537074,259.25597826537074,nan,nan,True,,,0.00012860000060754828,250.4453125,250.4453125,0.0,31.4,calibrated_on_calibration_split,,,,"{""instance_metadata"": {""complete"": true, ""high"": 100.0, ""instance_type"": ""random_symmetric"", ""low"": 1.0, ""n"": 5, ""seed"": 9, ""symmetric"": true}, ""requires_metric_symmetric_complete"": true}"
small_exact,evaluation,small_exact_random_symmetric_n5_seed9,random_symmetric,5,9,networkx_greedy,ok,"[4, 0, 2, 1, 3]",259.25597826537074,259.25597826537074,259.25597826537074,0.0,0.0,True,True,True,0.00011369999992894009,250.4453125,250.4453125,0.0,31.4,calibrated_on_calibration_split,,,,"{""finite_edges"": true, ""instance_metadata"": {""complete"": true, ""high"": 100.0, ""instance_type"": ""random_symmetric"", ""low"": 1.0, ""n"": 5, ""seed"": 9, ""symmetric"": true}, ""valid_route"": true}"
small_exact,evaluation,small_exact_random_symmetric_n5_seed9,random_symmetric,5,9,python_tsp_dynamic_programming,skipped_missing_dependency,,,259.25597826537074,259.25597826537074,nan,nan,True,,,0.0006654999997408595,250.4453125,250.4453125,0.0,31.4,calibrated_on_calibration_split,,,,"{""instance_metadata"": {""complete"": true, ""high"": 100.0, ""instance_type"": ""random_symmetric"", ""low"": 1.0, ""n"": 5, ""seed"": 9, ""symmetric"": true}}"
small_exact,evaluation,small_exact_random_asymmetric_n5_seed9,random_asymmetric,5,9,tn_exact,ok,"[4, 0, 2, 1, 3]",174.8231926668169,174.8231926668169,174.8231926668169,0.0,0.0,True,True,True,0.00830119999955059,250.44921875,250.453125,0.00390625,31.4,calibrated_on_calibration_split,,True,,"{""exact_mode"": true, ""finite_edges"": true, ""instance_metadata"": {""complete"": true, ""high"": 100.0, ""instance_type"": ""random_asymmetric"", ""low"": 1.0, ""n"": 5, ""seed"": 9, ""symmetric"": false}, ""max_layers"": 3, ""n_layers"": null, ""n_layers_effective"": 3, ""normalization_factor"": 98.78633394256309, ""normalize"": true, ""seed"": 9, ""tau"": 31.4, ""valid_route"": true}"
small_exact,evaluation,small_exact_random_asymmetric_n5_seed9,random_asymmetric,5,9,held_karp,ok,"[4, 0, 2, 1, 3]",174.8231926668169,174.8231926668169,174.8231926668169,0.0,0.0,True,True,True,3.7000001611886546e-05,250.453125,250.453125,0.0,31.4,calibrated_on_calibration_split,,,,"{""instance_metadata"": {""complete"": true, ""high"": 100.0, ""instance_type"": ""random_asymmetric"", ""low"": 1.0, ""n"": 5, ""seed"": 9, ""symmetric"": false}, ""max_n"": 18, ""start"": 4}"
small_exact,evaluation,small_exact_random_asymmetric_n5_seed9,random_asymmetric,5,9,bruteforce,ok,"[4, 0, 2, 1, 3]",174.8231926668169,174.8231926668169,174.8231926668169,0.0,0.0,True,True,True,6.260000009206124e-05,250.453125,250.453125,0.0,31.4,calibrated_on_calibration_split,,,,"{""instance_metadata"": {""complete"": true, ""high"": 100.0, ""instance_type"": ""random_asymmetric"", ""low"": 1.0, ""n"": 5, ""seed"": 9, ""symmetric"": false}, ""max_n"": 10, ""permutations_checked"": 24, ""start"": 4}"
small_exact,evaluation,small_exact_random_asymmetric_n5_seed9,random_asymmetric,5,9,ortools,ok,"[4, 0, 2, 1, 3]",174.8231926668169,174.8231926668169,174.8231926668169,0.0,0.0,True,True,True,0.0013122999989718664,250.453125,250.453125,0.0,31.4,calibrated_on_calibration_split,,,5.0,"{""finite_edges"": true, ""infinity_penalty"": 493931670000, ""instance_metadata"": {""complete"": true, ""high"": 100.0, ""instance_type"": ""random_asymmetric"", ""low"": 1.0, ""n"": 5, ""seed"": 9, ""symmetric"": false}, ""integer_scale"": 1000000, ""start"": 4, ""time_limit_s"": 5.0, ""valid_route"": true}"
small_exact,evaluation,small_exact_random_asymmetric_n5_seed9,random_asymmetric,5,9,networkx_christofides,skipped_not_applicable,,,174.8231926668169,174.8231926668169,nan,nan,True,,,9.560000034980476e-05,250.453125,250.453125,0.0,31.4,calibrated_on_calibration_split,,,,"{""instance_metadata"": {""complete"": true, ""high"": 100.0, ""instance_type"": ""random_asymmetric"", ""low"": 1.0, ""n"": 5, ""seed"": 9, ""symmetric"": false}, ""requires_metric_symmetric_complete"": true}"
small_exact,evaluation,small_exact_random_asymmetric_n5_seed9,random_asymmetric,5,9,networkx_greedy,ok,"[4, 0, 1, 3, 2]",230.89702310572784,174.8231926668169,174.8231926668169,0.32074594671073225,0.32074594671073225,True,True,True,0.00011109999832115136,250.453125,250.453125,0.0,31.4,calibrated_on_calibration_split,,,,"{""finite_edges"": true, ""instance_metadata"": {""complete"": true, ""high"": 100.0, ""instance_type"": ""random_asymmetric"", ""low"": 1.0, ""n"": 5, ""seed"": 9, ""symmetric"": false}, ""valid_route"": true}"
small_exact,evaluation,small_exact_random_asymmetric_n5_seed9,random_asymmetric,5,9,python_tsp_dynamic_programming,skipped_missing_dependency,,,174.8231926668169,174.8231926668169,nan,nan,True,,,0.000640500002191402,250.453125,250.453125,0.0,31.4,calibrated_on_calibration_split,,,,"{""instance_metadata"": {""complete"": true, ""high"": 100.0, ""instance_type"": ""random_asymmetric"", ""low"": 1.0, ""n"": 5, ""seed"": 9, ""symmetric"": false}}"
small_exact,evaluation,small_exact_euclidean_n6_seed5,euclidean,6,5,tn_exact,ok,"[5, 1, 3, 2, 4, 0]",2888.7013155611753,2888.701315561175,2888.701315561175,1.574227658764099e-16,1.574227658764099e-16,True,True,True,0.014035100000910461,250.453125,250.6328125,0.1796875,25.4,calibrated_on_calibration_split,,True,,"{""exact_mode"": true, ""finite_edges"": true, ""instance_metadata"": {""complete"": true, ""instance_type"": ""euclidean"", ""n"": 6, ""points"": [[805.0029237453801, 807.9407897364938], [515.325561042142, 285.8013800881416], [53.930702381656424, 383.36888078551823], [408.47320541999864, 45.27519390244517], [48.75771072716806, 999.1761150650714], [652.3691115879877, 234.51020166982394]], ""scale"": 1000.0, ""seed"": 5, ""symmetric"": true}, ""max_layers"": 4, ""n_layers"": null, ""n_layers_effective"": 4, ""normalization_factor"": 1019.4715319796893, ""normalize"": true, ""seed"": 5, ""tau"": 25.4, ""valid_route"": true}"
small_exact,evaluation,small_exact_euclidean_n6_seed5,euclidean,6,5,held_karp,ok,"[5, 0, 4, 2, 3, 1]",2888.701315561175,2888.701315561175,2888.701315561175,0.0,0.0,True,True,True,8.270000034826808e-05,250.6328125,250.6328125,0.0,25.4,calibrated_on_calibration_split,,,,"{""instance_metadata"": {""complete"": true, ""instance_type"": ""euclidean"", ""n"": 6, ""points"": [[805.0029237453801, 807.9407897364938], [515.325561042142, 285.8013800881416], [53.930702381656424, 383.36888078551823], [408.47320541999864, 45.27519390244517], [48.75771072716806, 999.1761150650714], [652.3691115879877, 234.51020166982394]], ""scale"": 1000.0, ""seed"": 5, ""symmetric"": true}, ""max_n"": 18, ""start"": 5}"
small_exact,evaluation,small_exact_euclidean_n6_seed5,euclidean,6,5,bruteforce,ok,"[5, 0, 4, 2, 3, 1]",2888.701315561175,2888.701315561175,2888.701315561175,0.0,0.0,True,True,True,0.0003035000008821953,250.6328125,250.6328125,0.0,25.4,calibrated_on_calibration_split,,,,"{""instance_metadata"": {""complete"": true, ""instance_type"": ""euclidean"", ""n"": 6, ""points"": [[805.0029237453801, 807.9407897364938], [515.325561042142, 285.8013800881416], [53.930702381656424, 383.36888078551823], [408.47320541999864, 45.27519390244517], [48.75771072716806, 999.1761150650714], [652.3691115879877, 234.51020166982394]], ""scale"": 1000.0, ""seed"": 5, ""symmetric"": true}, ""max_n"": 10, ""permutations_checked"": 120, ""start"": 5}"
small_exact,evaluation,small_exact_euclidean_n6_seed5,euclidean,6,5,ortools,ok,"[5, 1, 3, 2, 4, 0]",2888.7013155611753,2888.701315561175,2888.701315561175,1.574227658764099e-16,1.574227658764099e-16,True,True,True,0.0011664000012387987,250.6328125,250.88671875,0.25390625,25.4,calibrated_on_calibration_split,,,5.0,"{""finite_edges"": true, ""infinity_penalty"": 6116829192000, ""instance_metadata"": {""complete"": true, ""instance_type"": ""euclidean"", ""n"": 6, ""points"": [[805.0029237453801, 807.9407897364938], [515.325561042142, 285.8013800881416], [53.930702381656424, 383.36888078551823], [408.47320541999864, 45.27519390244517], [48.75771072716806, 999.1761150650714], [652.3691115879877, 234.51020166982394]], ""scale"": 1000.0, ""seed"": 5, ""symmetric"": true}, ""integer_scale"": 1000000, ""start"": 5, ""time_limit_s"": 5.0, ""valid_route"": true}"
small_exact,evaluation,small_exact_euclidean_n6_seed5,euclidean,6,5,networkx_christofides,ok,"[5, 0, 4, 2, 1, 3]",3032.7650431040033,2888.701315561175,2888.701315561175,0.049871451495095774,0.049871451495095774,True,True,True,0.0005429999982879963,250.88671875,250.88671875,0.0,25.4,calibrated_on_calibration_split,,,,"{""finite_edges"": true, ""instance_metadata"": {""complete"": true, ""instance_type"": ""euclidean"", ""n"": 6, ""points"": [[805.0029237453801, 807.9407897364938], [515.325561042142, 285.8013800881416], [53.930702381656424, 383.36888078551823], [408.47320541999864, 45.27519390244517], [48.75771072716806, 999.1761150650714], [652.3691115879877, 234.51020166982394]], ""scale"": 1000.0, ""seed"": 5, ""symmetric"": true}, ""requires_metric_symmetric_complete"": true, ""valid_route"": true}"
small_exact,evaluation,small_exact_euclidean_n6_seed5,euclidean,6,5,networkx_greedy,ok,"[5, 0, 4, 2, 3, 1]",2888.701315561175,2888.701315561175,2888.701315561175,0.0,0.0,True,True,True,9.510000018053688e-05,250.88671875,250.88671875,0.0,25.4,calibrated_on_calibration_split,,,,"{""finite_edges"": true, ""instance_metadata"": {""complete"": true, ""instance_type"": ""euclidean"", ""n"": 6, ""points"": [[805.0029237453801, 807.9407897364938], [515.325561042142, 285.8013800881416], [53.930702381656424, 383.36888078551823], [408.47320541999864, 45.27519390244517], [48.75771072716806, 999.1761150650714], [652.3691115879877, 234.51020166982394]], ""scale"": 1000.0, ""seed"": 5, ""symmetric"": true}, ""valid_route"": true}"
small_exact,evaluation,small_exact_euclidean_n6_seed5,euclidean,6,5,python_tsp_dynamic_programming,skipped_missing_dependency,,,2888.701315561175,2888.701315561175,nan,nan,True,,,0.0005029000021750107,250.88671875,250.88671875,0.0,25.4,calibrated_on_calibration_split,,,,"{""instance_metadata"": {""complete"": true, ""instance_type"": ""euclidean"", ""n"": 6, ""points"": [[805.0029237453801, 807.9407897364938], [515.325561042142, 285.8013800881416], [53.930702381656424, 383.36888078551823], [408.47320541999864, 45.27519390244517], [48.75771072716806, 999.1761150650714], [652.3691115879877, 234.51020166982394]], ""scale"": 1000.0, ""seed"": 5, ""symmetric"": true}}"
small_exact,evaluation,small_exact_random_symmetric_n6_seed5,random_symmetric,6,5,tn_exact,ok,"[5, 1, 3, 0, 2, 4]",206.47231718646333,206.4723171864633,206.4723171864633,1.376538502482956e-16,1.376538502482956e-16,True,True,True,0.014116700000158744,250.88671875,250.890625,0.00390625,25.4,calibrated_on_calibration_split,,True,,"{""exact_mode"": true, ""finite_edges"": true, ""instance_metadata"": {""complete"": true, ""high"": 100.0, ""instance_type"": ""random_symmetric"", ""low"": 1.0, ""n"": 6, ""seed"": 5, ""symmetric"": true}, ""max_layers"": 4, ""n_layers"": null, ""n_layers_effective"": 4, ""normalization_factor"": 88.86742093107789, ""normalize"": true, ""seed"": 5, ""tau"": 25.4, ""valid_route"": true}"
small_exact,evaluation,small_exact_random_symmetric_n6_seed5,random_symmetric,6,5,held_karp,ok,"[5, 4, 2, 0, 3, 1]",206.4723171864633,206.4723171864633,206.4723171864633,0.0,0.0,True,True,True,8.629999865661375e-05,250.890625,250.890625,0.0,25.4,calibrated_on_calibration_split,,,,"{""instance_metadata"": {""complete"": true, ""high"": 100.0, ""instance_type"": ""random_symmetric"", ""low"": 1.0, ""n"": 6, ""seed"": 5, ""symmetric"": true}, ""max_n"": 18, ""start"": 5}"
small_exact,evaluation,small_exact_random_symmetric_n6_seed5,random_symmetric,6,5,bruteforce,ok,"[5, 4, 2, 0, 3, 1]",206.4723171864633,206.4723171864633,206.4723171864633,0.0,0.0,True,True,True,0.000311100000544684,250.890625,250.890625,0.0,25.4,calibrated_on_calibration_split,,,,"{""instance_metadata"": {""complete"": true, ""high"": 100.0, ""instance_type"": ""random_symmetric"", ""low"": 1.0, ""n"": 6, ""seed"": 5, ""symmetric"": true}, ""max_n"": 10, ""permutations_checked"": 120, ""start"": 5}"
small_exact,evaluation,small_exact_random_symmetric_n6_seed5,random_symmetric,6,5,ortools,ok,"[5, 4, 2, 0, 3, 1]",206.4723171864633,206.4723171864633,206.4723171864633,0.0,0.0,True,True,True,0.0014034000014362391,250.890625,250.89453125,0.00390625,25.4,calibrated_on_calibration_split,,,5.0,"{""finite_edges"": true, ""infinity_penalty"": 533204526000, ""instance_metadata"": {""complete"": true, ""high"": 100.0, ""instance_type"": ""random_symmetric"", ""low"": 1.0, ""n"": 6, ""seed"": 5, ""symmetric"": true}, ""integer_scale"": 1000000, ""start"": 5, ""time_limit_s"": 5.0, ""valid_route"": true}"
small_exact,evaluation,small_exact_random_symmetric_n6_seed5,random_symmetric,6,5,networkx_christofides,skipped_not_applicable,,,206.4723171864633,206.4723171864633,nan,nan,True,,,8.97999998414889e-05,250.89453125,250.89453125,0.0,25.4,calibrated_on_calibration_split,,,,"{""instance_metadata"": {""complete"": true, ""high"": 100.0, ""instance_type"": ""random_symmetric"", ""low"": 1.0, ""n"": 6, ""seed"": 5, ""symmetric"": true}, ""requires_metric_symmetric_complete"": true}"
small_exact,evaluation,small_exact_random_symmetric_n6_seed5,random_symmetric,6,5,networkx_greedy,ok,"[5, 1, 3, 0, 2, 4]",206.47231718646333,206.4723171864633,206.4723171864633,1.376538502482956e-16,1.376538502482956e-16,True,True,True,0.0001033000007737428,250.89453125,250.89453125,0.0,25.4,calibrated_on_calibration_split,,,,"{""finite_edges"": true, ""instance_metadata"": {""complete"": true, ""high"": 100.0, ""instance_type"": ""random_symmetric"", ""low"": 1.0, ""n"": 6, ""seed"": 5, ""symmetric"": true}, ""valid_route"": true}"
small_exact,evaluation,small_exact_random_symmetric_n6_seed5,random_symmetric,6,5,python_tsp_dynamic_programming,skipped_missing_dependency,,,206.4723171864633,206.4723171864633,nan,nan,True,,,0.0005225999993854202,250.89453125,250.89453125,0.0,25.4,calibrated_on_calibration_split,,,,"{""instance_metadata"": {""complete"": true, ""high"": 100.0, ""instance_type"": ""random_symmetric"", ""low"": 1.0, ""n"": 6, ""seed"": 5, ""symmetric"": true}}"
small_exact,evaluation,small_exact_random_asymmetric_n6_seed5,random_asymmetric,6,5,tn_exact,ok,"[5, 3, 1, 2, 0, 4]",110.30867186565072,110.30867186565072,110.30867186565072,0.0,0.0,True,True,True,0.06402319999688189,250.89453125,251.0703125,0.17578125,25.4,calibrated_on_calibration_split,,True,,"{""exact_mode"": true, ""finite_edges"": true, ""instance_metadata"": {""complete"": true, ""high"": 100.0, ""instance_type"": ""random_asymmetric"", ""low"": 1.0, ""n"": 6, ""seed"": 5, ""symmetric"": false}, ""max_layers"": 4, ""n_layers"": null, ""n_layers_effective"": 4, ""normalization_factor"": 99.91843539144207, ""normalize"": true, ""seed"": 5, ""tau"": 25.4, ""valid_route"": true}"
small_exact,evaluation,small_exact_random_asymmetric_n6_seed5,random_asymmetric,6,5,held_karp,ok,"[5, 3, 1, 2, 0, 4]",110.30867186565072,110.30867186565072,110.30867186565072,0.0,0.0,True,True,True,0.0008236999965447467,251.0703125,251.0703125,0.0,25.4,calibrated_on_calibration_split,,,,"{""instance_metadata"": {""complete"": true, ""high"": 100.0, ""instance_type"": ""random_asymmetric"", ""low"": 1.0, ""n"": 6, ""seed"": 5, ""symmetric"": false}, ""max_n"": 18, ""start"": 5}"
small_exact,evaluation,small_exact_random_asymmetric_n6_seed5,random_asymmetric,6,5,bruteforce,ok,"[5, 3, 1, 2, 0, 4]",110.30867186565072,110.30867186565072,110.30867186565072,0.0,0.0,True,True,True,0.003627599999163067,251.0703125,251.0703125,0.0,25.4,calibrated_on_calibration_split,,,,"{""instance_metadata"": {""complete"": true, ""high"": 100.0, ""instance_type"": ""random_asymmetric"", ""low"": 1.0, ""n"": 6, ""seed"": 5, ""symmetric"": false}, ""max_n"": 10, ""permutations_checked"": 120, ""start"": 5}"
small_exact,evaluation,small_exact_random_asymmetric_n6_seed5,random_asymmetric,6,5,ortools,ok,"[5, 1, 2, 4, 0, 3]",151.68438149797677,110.30867186565072,110.30867186565072,0.37509027107786375,0.37509027107786375,True,True,True,0.0041258999990532175,251.0703125,251.0703125,0.0,25.4,calibrated_on_calibration_split,,,5.0,"{""finite_edges"": true, ""infinity_penalty"": 599510610000, ""instance_metadata"": {""complete"": true, ""high"": 100.0, ""instance_type"": ""random_asymmetric"", ""low"": 1.0, ""n"": 6, ""seed"": 5, ""symmetric"": false}, ""integer_scale"": 1000000, ""start"": 5, ""time_limit_s"": 5.0, ""valid_route"": true}"
small_exact,evaluation,small_exact_random_asymmetric_n6_seed5,random_asymmetric,6,5,networkx_christofides,skipped_not_applicable,,,110.30867186565072,110.30867186565072,nan,nan,True,,,0.0002886000002035871,251.0703125,251.0703125,0.0,25.4,calibrated_on_calibration_split,,,,"{""instance_metadata"": {""complete"": true, ""high"": 100.0, ""instance_type"": ""random_asymmetric"", ""low"": 1.0, ""n"": 6, ""seed"": 5, ""symmetric"": false}, ""requires_metric_symmetric_complete"": true}"
small_exact,evaluation,small_exact_random_asymmetric_n6_seed5,random_asymmetric,6,5,networkx_greedy,ok,"[5, 1, 2, 4, 0, 3]",151.68438149797677,110.30867186565072,110.30867186565072,0.37509027107786375,0.37509027107786375,True,True,True,0.0036434000030567404,251.0703125,251.07421875,0.00390625,25.4,calibrated_on_calibration_split,,,,"{""finite_edges"": true, ""instance_metadata"": {""complete"": true, ""high"": 100.0, ""instance_type"": ""random_asymmetric"", ""low"": 1.0, ""n"": 6, ""seed"": 5, ""symmetric"": false}, ""valid_route"": true}"
small_exact,evaluation,small_exact_random_asymmetric_n6_seed5,random_asymmetric,6,5,python_tsp_dynamic_programming,skipped_missing_dependency,,,110.30867186565072,110.30867186565072,nan,nan,True,,,0.001078500001312932,251.07421875,251.07421875,0.0,25.4,calibrated_on_calibration_split,,,,"{""instance_metadata"": {""complete"": true, ""high"": 100.0, ""instance_type"": ""random_asymmetric"", ""low"": 1.0, ""n"": 6, ""seed"": 5, ""symmetric"": false}}"
small_exact,evaluation,small_exact_euclidean_n6_seed6,euclidean,6,6,tn_exact,ok,"[5, 1, 0, 4, 3, 2]",2609.041331354613,2609.041331354613,2609.041331354613,0.0,0.0,True,True,True,0.1278416000022844,251.07421875,251.078125,0.00390625,25.4,calibrated_on_calibration_split,,True,,"{""exact_mode"": true, ""finite_edges"": true, ""instance_metadata"": {""complete"": true, ""instance_type"": ""euclidean"", ""n"": 6, ""points"": [[538.1643514719432, 343.27086981333844], [369.06723979537827, 374.49676558788235], [987.4449901864666, 632.7562726071461], [674.3239305044935, 329.96345538545836], [679.9176611640223, 122.97237488719004], [51.729231983775215, 850.1913468087871]], ""scale"": 1000.0, ""seed"": 6, ""symmetric"": true}, ""max_layers"": 4, ""n_layers"": null, ""n_layers_effective"": 4, ""normalization_factor"": 960.9724947565621, ""normalize"": true, ""seed"": 6, ""tau"": 25.4, ""valid_route"": true}"
small_exact,evaluation,small_exact_euclidean_n6_seed6,euclidean,6,6,held_karp,ok,"[5, 1, 0, 4, 3, 2]",2609.041331354613,2609.041331354613,2609.041331354613,0.0,0.0,True,True,True,0.00012960000094608404,251.078125,251.078125,0.0,25.4,calibrated_on_calibration_split,,,,"{""instance_metadata"": {""complete"": true, ""instance_type"": ""euclidean"", ""n"": 6, ""points"": [[538.1643514719432, 343.27086981333844], [369.06723979537827, 374.49676558788235], [987.4449901864666, 632.7562726071461], [674.3239305044935, 329.96345538545836], [679.9176611640223, 122.97237488719004], [51.729231983775215, 850.1913468087871]], ""scale"": 1000.0, ""seed"": 6, ""symmetric"": true}, ""max_n"": 18, ""start"": 5}"
small_exact,evaluation,small_exact_euclidean_n6_seed6,euclidean,6,6,bruteforce,ok,"[5, 1, 0, 4, 3, 2]",2609.041331354613,2609.041331354613,2609.041331354613,0.0,0.0,True,True,True,0.0007242000028782059,251.078125,251.078125,0.0,25.4,calibrated_on_calibration_split,,,,"{""instance_metadata"": {""complete"": true, ""instance_type"": ""euclidean"", ""n"": 6, ""points"": [[538.1643514719432, 343.27086981333844], [369.06723979537827, 374.49676558788235], [987.4449901864666, 632.7562726071461], [674.3239305044935, 329.96345538545836], [679.9176611640223, 122.97237488719004], [51.729231983775215, 850.1913468087871]], ""scale"": 1000.0, ""seed"": 6, ""symmetric"": true}, ""max_n"": 10, ""permutations_checked"": 120, ""start"": 5}"
small_exact,evaluation,small_exact_euclidean_n6_seed6,euclidean,6,6,ortools,ok,"[5, 1, 0, 4, 3, 2]",2609.041331354613,2609.041331354613,2609.041331354613,0.0,0.0,True,True,True,0.002187500002037268,251.078125,251.0859375,0.0078125,25.4,calibrated_on_calibration_split,,,5.0,"{""finite_edges"": true, ""infinity_penalty"": 5765834970000, ""instance_metadata"": {""complete"": true, ""instance_type"": ""euclidean"", ""n"": 6, ""points"": [[538.1643514719432, 343.27086981333844], [369.06723979537827, 374.49676558788235], [987.4449901864666, 632.7562726071461], [674.3239305044935, 329.96345538545836], [679.9176611640223, 122.97237488719004], [51.729231983775215, 850.1913468087871]], ""scale"": 1000.0, ""seed"": 6, ""symmetric"": true}, ""integer_scale"": 1000000, ""start"": 5, ""time_limit_s"": 5.0, ""valid_route"": true}"
small_exact,evaluation,small_exact_euclidean_n6_seed6,euclidean,6,6,networkx_christofides,ok,"[5, 1, 0, 4, 3, 2]",2609.041331354613,2609.041331354613,2609.041331354613,0.0,0.0,True,True,True,0.0030890000016370323,251.0859375,251.0859375,0.0,25.4,calibrated_on_calibration_split,,,,"{""finite_edges"": true, ""instance_metadata"": {""complete"": true, ""instance_type"": ""euclidean"", ""n"": 6, ""points"": [[538.1643514719432, 343.27086981333844], [369.06723979537827, 374.49676558788235], [987.4449901864666, 632.7562726071461], [674.3239305044935, 329.96345538545836], [679.9176611640223, 122.97237488719004], [51.729231983775215, 850.1913468087871]], ""scale"": 1000.0, ""seed"": 6, ""symmetric"": true}, ""requires_metric_symmetric_complete"": true, ""valid_route"": true}"
small_exact,evaluation,small_exact_euclidean_n6_seed6,euclidean,6,6,networkx_greedy,ok,"[5, 1, 0, 3, 4, 2]",2643.6662826378238,2609.041331354613,2609.041331354613,0.013271139428532442,0.013271139428532442,True,True,True,0.0010436999982630368,251.0859375,251.0859375,0.0,25.4,calibrated_on_calibration_split,,,,"{""finite_edges"": true, ""instance_metadata"": {""complete"": true, ""instance_type"": ""euclidean"", ""n"": 6, ""points"": [[538.1643514719432, 343.27086981333844], [369.06723979537827, 374.49676558788235], [987.4449901864666, 632.7562726071461], [674.3239305044935, 329.96345538545836], [679.9176611640223, 122.97237488719004], [51.729231983775215, 850.1913468087871]], ""scale"": 1000.0, ""seed"": 6, ""symmetric"": true}, ""valid_route"": true}"
small_exact,evaluation,small_exact_euclidean_n6_seed6,euclidean,6,6,python_tsp_dynamic_programming,skipped_missing_dependency,,,2609.041331354613,2609.041331354613,nan,nan,True,,,0.0022475000005215406,251.0859375,251.0859375,0.0,25.4,calibrated_on_calibration_split,,,,"{""instance_metadata"": {""complete"": true, ""instance_type"": ""euclidean"", ""n"": 6, ""points"": [[538.1643514719432, 343.27086981333844], [369.06723979537827, 374.49676558788235], [987.4449901864666, 632.7562726071461], [674.3239305044935, 329.96345538545836], [679.9176611640223, 122.97237488719004], [51.729231983775215, 850.1913468087871]], ""scale"": 1000.0, ""seed"": 6, ""symmetric"": true}}"
small_exact,evaluation,small_exact_random_symmetric_n6_seed6,random_symmetric,6,6,tn_exact,ok,"[5, 4, 1, 3, 0, 2]",217.29896482564422,217.29896482564422,217.29896482564422,0.0,0.0,True,True,True,0.09057609999945271,251.0859375,251.0859375,0.0,25.4,calibrated_on_calibration_split,,True,,"{""exact_mode"": true, ""finite_edges"": true, ""instance_metadata"": {""complete"": true, ""high"": 100.0, ""instance_type"": ""random_symmetric"", ""low"": 1.0, ""n"": 6, ""seed"": 6, ""symmetric"": true}, ""max_layers"": 4, ""n_layers"": null, ""n_layers_effective"": 4, ""normalization_factor"": 87.47212256693568, ""normalize"": true, ""seed"": 6, ""tau"": 25.4, ""valid_route"": true}"
small_exact,evaluation,small_exact_random_symmetric_n6_seed6,random_symmetric,6,6,held_karp,ok,"[5, 4, 1, 3, 0, 2]",217.29896482564422,217.29896482564422,217.29896482564422,0.0,0.0,True,True,True,0.00020219999714754522,251.0859375,251.0859375,0.0,25.4,calibrated_on_calibration_split,,,,"{""instance_metadata"": {""complete"": true, ""high"": 100.0, ""instance_type"": ""random_symmetric"", ""low"": 1.0, ""n"": 6, ""seed"": 6, ""symmetric"": true}, ""max_n"": 18, ""start"": 5}"
small_exact,evaluation,small_exact_random_symmetric_n6_seed6,random_symmetric,6,6,bruteforce,ok,"[5, 4, 1, 3, 0, 2]",217.29896482564422,217.29896482564422,217.29896482564422,0.0,0.0,True,True,True,0.0011464000017440412,251.0859375,251.0859375,0.0,25.4,calibrated_on_calibration_split,,,,"{""instance_metadata"": {""complete"": true, ""high"": 100.0, ""instance_type"": ""random_symmetric"", ""low"": 1.0, ""n"": 6, ""seed"": 6, ""symmetric"": true}, ""max_n"": 10, ""permutations_checked"": 120, ""start"": 5}"
small_exact,evaluation,small_exact_random_symmetric_n6_seed6,random_symmetric,6,6,ortools,ok,"[5, 2, 0, 3, 1, 4]",217.29896482564425,217.29896482564422,217.29896482564422,1.3079542027827397e-16,1.3079542027827397e-16,True,True,True,0.002775099997961661,251.0859375,251.0859375,0.0,25.4,calibrated_on_calibration_split,,,5.0,"{""finite_edges"": true, ""infinity_penalty"": 524832738000, ""instance_metadata"": {""complete"": true, ""high"": 100.0, ""instance_type"": ""random_symmetric"", ""low"": 1.0, ""n"": 6, ""seed"": 6, ""symmetric"": true}, ""integer_scale"": 1000000, ""start"": 5, ""time_limit_s"": 5.0, ""valid_route"": true}"
small_exact,evaluation,small_exact_random_symmetric_n6_seed6,random_symmetric,6,6,networkx_christofides,skipped_not_applicable,,,217.29896482564422,217.29896482564422,nan,nan,True,,,0.00017590000061318278,251.0859375,251.0859375,0.0,25.4,calibrated_on_calibration_split,,,,"{""instance_metadata"": {""complete"": true, ""high"": 100.0, ""instance_type"": ""random_symmetric"", ""low"": 1.0, ""n"": 6, ""seed"": 6, ""symmetric"": true}, ""requires_metric_symmetric_complete"": true}"
small_exact,evaluation,small_exact_random_symmetric_n6_seed6,random_symmetric,6,6,networkx_greedy,ok,"[5, 0, 3, 1, 4, 2]",222.3881987817457,217.29896482564422,217.29896482564422,0.02342042429969681,0.02342042429969681,True,True,True,0.0002494000000297092,251.0859375,251.0859375,0.0,25.4,calibrated_on_calibration_split,,,,"{""finite_edges"": true, ""instance_metadata"": {""complete"": true, ""high"": 100.0, ""instance_type"": ""random_symmetric"", ""low"": 1.0, ""n"": 6, ""seed"": 6, ""symmetric"": true}, ""valid_route"": true}"
small_exact,evaluation,small_exact_random_symmetric_n6_seed6,random_symmetric,6,6,python_tsp_dynamic_programming,skipped_missing_dependency,,,217.29896482564422,217.29896482564422,nan,nan,True,,,0.001481199997215299,251.0859375,251.0859375,0.0,25.4,calibrated_on_calibration_split,,,,"{""instance_metadata"": {""complete"": true, ""high"": 100.0, ""instance_type"": ""random_symmetric"", ""low"": 1.0, ""n"": 6, ""seed"": 6, ""symmetric"": true}}"
small_exact,evaluation,small_exact_random_asymmetric_n6_seed6,random_asymmetric,6,6,tn_exact,ok,"[5, 1, 4, 2, 0, 3]",140.48351038458767,140.48351038458767,140.48351038458767,0.0,0.0,True,True,True,0.02952259999801754,251.0859375,251.09765625,0.01171875,25.4,calibrated_on_calibration_split,,True,,"{""exact_mode"": true, ""finite_edges"": true, ""instance_metadata"": {""complete"": true, ""high"": 100.0, ""instance_type"": ""random_asymmetric"", ""low"": 1.0, ""n"": 6, ""seed"": 6, ""symmetric"": false}, ""max_layers"": 4, ""n_layers"": null, ""n_layers_effective"": 4, ""normalization_factor"": 98.75705402846019, ""normalize"": true, ""seed"": 6, ""tau"": 25.4, ""valid_route"": true}"
small_exact,evaluation,small_exact_random_asymmetric_n6_seed6,random_asymmetric,6,6,held_karp,ok,"[5, 1, 4, 2, 0, 3]",140.48351038458767,140.48351038458767,140.48351038458767,0.0,0.0,True,True,True,0.0001157000006060116,251.09765625,251.09765625,0.0,25.4,calibrated_on_calibration_split,,,,"{""instance_metadata"": {""complete"": true, ""high"": 100.0, ""instance_type"": ""random_asymmetric"", ""low"": 1.0, ""n"": 6, ""seed"": 6, ""symmetric"": false}, ""max_n"": 18, ""start"": 5}"
small_exact,evaluation,small_exact_random_asymmetric_n6_seed6,random_asymmetric,6,6,bruteforce,ok,"[5, 1, 4, 2, 0, 3]",140.48351038458767,140.48351038458767,140.48351038458767,0.0,0.0,True,True,True,0.0006830000020272564,251.09765625,251.09765625,0.0,25.4,calibrated_on_calibration_split,,,,"{""instance_metadata"": {""complete"": true, ""high"": 100.0, ""instance_type"": ""random_asymmetric"", ""low"": 1.0, ""n"": 6, ""seed"": 6, ""symmetric"": false}, ""max_n"": 10, ""permutations_checked"": 120, ""start"": 5}"
small_exact,evaluation,small_exact_random_asymmetric_n6_seed6,random_asymmetric,6,6,ortools,ok,"[5, 1, 4, 2, 0, 3]",140.48351038458767,140.48351038458767,140.48351038458767,0.0,0.0,True,True,True,0.0015634999981557485,251.09765625,251.09765625,0.0,25.4,calibrated_on_calibration_split,,,5.0,"{""finite_edges"": true, ""infinity_penalty"": 592542324000, ""instance_metadata"": {""complete"": true, ""high"": 100.0, ""instance_type"": ""random_asymmetric"", ""low"": 1.0, ""n"": 6, ""seed"": 6, ""symmetric"": false}, ""integer_scale"": 1000000, ""start"": 5, ""time_limit_s"": 5.0, ""valid_route"": true}"
small_exact,evaluation,small_exact_random_asymmetric_n6_seed6,random_asymmetric,6,6,networkx_christofides,skipped_not_applicable,,,140.48351038458767,140.48351038458767,nan,nan,True,,,0.00010189999738940969,251.09765625,251.09765625,0.0,25.4,calibrated_on_calibration_split,,,,"{""instance_metadata"": {""complete"": true, ""high"": 100.0, ""instance_type"": ""random_asymmetric"", ""low"": 1.0, ""n"": 6, ""seed"": 6, ""symmetric"": false}, ""requires_metric_symmetric_complete"": true}"
small_exact,evaluation,small_exact_random_asymmetric_n6_seed6,random_asymmetric,6,6,networkx_greedy,ok,"[5, 1, 4, 2, 0, 3]",140.48351038458767,140.48351038458767,140.48351038458767,0.0,0.0,True,True,True,0.00018370000179857016,251.09765625,251.09765625,0.0,25.4,calibrated_on_calibration_split,,,,"{""finite_edges"": true, ""instance_metadata"": {""complete"": true, ""high"": 100.0, ""instance_type"": ""random_asymmetric"", ""low"": 1.0, ""n"": 6, ""seed"": 6, ""symmetric"": false}, ""valid_route"": true}"
small_exact,evaluation,small_exact_random_asymmetric_n6_seed6,random_asymmetric,6,6,python_tsp_dynamic_programming,skipped_missing_dependency,,,140.48351038458767,140.48351038458767,nan,nan,True,,,0.0009699000002001412,251.09765625,251.09765625,0.0,25.4,calibrated_on_calibration_split,,,,"{""instance_metadata"": {""complete"": true, ""high"": 100.0, ""instance_type"": ""random_asymmetric"", ""low"": 1.0, ""n"": 6, ""seed"": 6, ""symmetric"": false}}"
small_exact,evaluation,small_exact_euclidean_n6_seed7,euclidean,6,7,tn_exact,ok,"[5, 1, 4, 0, 2, 3]",2426.1617134676144,2426.1617134676144,2426.1617134676144,0.0,0.0,True,True,True,0.036433400000532856,251.1015625,251.1015625,0.0,25.4,calibrated_on_calibration_split,,True,,"{""exact_mode"": true, ""finite_edges"": true, ""instance_metadata"": {""complete"": true, ""instance_type"": ""euclidean"", ""n"": 6, ""points"": [[625.095466604667, 897.2138009695755], [775.6856902451935, 225.20718999059187], [300.16628491122543, 873.5534453962618], [5.265304565574724, 821.2284183827662], [797.0694287520462, 467.9349528437208], [303.0324268193135, 278.4256121007733]], ""scale"": 1000.0, ""seed"": 7, ""symmetric"": true}, ""max_layers"": 4, ""n_layers"": null, ""n_layers_effective"": 4, ""normalization_factor"": 974.0579425089911, ""normalize"": true, ""seed"": 7, ""tau"": 25.4, ""valid_route"": true}"
small_exact,evaluation,small_exact_euclidean_n6_seed7,euclidean,6,7,held_karp,ok,"[5, 3, 2, 0, 4, 1]",2426.1617134676144,2426.1617134676144,2426.1617134676144,0.0,0.0,True,True,True,0.0001336999994236976,251.1015625,251.1015625,0.0,25.4,calibrated_on_calibration_split,,,,"{""instance_metadata"": {""complete"": true, ""instance_type"": ""euclidean"", ""n"": 6, ""points"": [[625.095466604667, 897.2138009695755], [775.6856902451935, 225.20718999059187], [300.16628491122543, 873.5534453962618], [5.265304565574724, 821.2284183827662], [797.0694287520462, 467.9349528437208], [303.0324268193135, 278.4256121007733]], ""scale"": 1000.0, ""seed"": 7, ""symmetric"": true}, ""max_n"": 18, ""start"": 5}"
small_exact,evaluation,small_exact_euclidean_n6_seed7,euclidean,6,7,bruteforce,ok,"[5, 1, 4, 0, 2, 3]",2426.1617134676144,2426.1617134676144,2426.1617134676144,0.0,0.0,True,True,True,0.0008598999993409961,251.1015625,251.1015625,0.0,25.4,calibrated_on_calibration_split,,,,"{""instance_metadata"": {""complete"": true, ""instance_type"": ""euclidean"", ""n"": 6, ""points"": [[625.095466604667, 897.2138009695755], [775.6856902451935, 225.20718999059187], [300.16628491122543, 873.5534453962618], [5.265304565574724, 821.2284183827662], [797.0694287520462, 467.9349528437208], [303.0324268193135, 278.4256121007733]], ""scale"": 1000.0, ""seed"": 7, ""symmetric"": true}, ""max_n"": 10, ""permutations_checked"": 120, ""start"": 5}"
small_exact,evaluation,small_exact_euclidean_n6_seed7,euclidean,6,7,ortools,ok,"[5, 1, 4, 0, 2, 3]",2426.1617134676144,2426.1617134676144,2426.1617134676144,0.0,0.0,True,True,True,0.0025094999982684385,251.1015625,251.1015625,0.0,25.4,calibrated_on_calibration_split,,,5.0,"{""finite_edges"": true, ""infinity_penalty"": 5844347658000, ""instance_metadata"": {""complete"": true, ""instance_type"": ""euclidean"", ""n"": 6, ""points"": [[625.095466604667, 897.2138009695755], [775.6856902451935, 225.20718999059187], [300.16628491122543, 873.5534453962618], [5.265304565574724, 821.2284183827662], [797.0694287520462, 467.9349528437208], [303.0324268193135, 278.4256121007733]], ""scale"": 1000.0, ""seed"": 7, ""symmetric"": true}, ""integer_scale"": 1000000, ""start"": 5, ""time_limit_s"": 5.0, ""valid_route"": true}"
small_exact,evaluation,small_exact_euclidean_n6_seed7,euclidean,6,7,networkx_christofides,ok,"[5, 1, 4, 0, 2, 3]",2426.1617134676144,2426.1617134676144,2426.1617134676144,0.0,0.0,True,True,True,0.0008679000020492822,251.1015625,251.1015625,0.0,25.4,calibrated_on_calibration_split,,,,"{""finite_edges"": true, ""instance_metadata"": {""complete"": true, ""instance_type"": ""euclidean"", ""n"": 6, ""points"": [[625.095466604667, 897.2138009695755], [775.6856902451935, 225.20718999059187], [300.16628491122543, 873.5534453962618], [5.265304565574724, 821.2284183827662], [797.0694287520462, 467.9349528437208], [303.0324268193135, 278.4256121007733]], ""scale"": 1000.0, ""seed"": 7, ""symmetric"": true}, ""requires_metric_symmetric_complete"": true, ""valid_route"": true}"
small_exact,evaluation,small_exact_euclidean_n6_seed7,euclidean,6,7,networkx_greedy,ok,"[5, 1, 4, 0, 2, 3]",2426.1617134676144,2426.1617134676144,2426.1617134676144,0.0,0.0,True,True,True,0.00029290000020409934,251.1015625,251.1015625,0.0,25.4,calibrated_on_calibration_split,,,,"{""finite_edges"": true, ""instance_metadata"": {""complete"": true, ""instance_type"": ""euclidean"", ""n"": 6, ""points"": [[625.095466604667, 897.2138009695755], [775.6856902451935, 225.20718999059187], [300.16628491122543, 873.5534453962618], [5.265304565574724, 821.2284183827662], [797.0694287520462, 467.9349528437208], [303.0324268193135, 278.4256121007733]], ""scale"": 1000.0, ""seed"": 7, ""symmetric"": true}, ""valid_route"": true}"
small_exact,evaluation,small_exact_euclidean_n6_seed7,euclidean,6,7,python_tsp_dynamic_programming,skipped_missing_dependency,,,2426.1617134676144,2426.1617134676144,nan,nan,True,,,0.0024403999996138737,251.1015625,251.1015625,0.0,25.4,calibrated_on_calibration_split,,,,"{""instance_metadata"": {""complete"": true, ""instance_type"": ""euclidean"", ""n"": 6, ""points"": [[625.095466604667, 897.2138009695755], [775.6856902451935, 225.20718999059187], [300.16628491122543, 873.5534453962618], [5.265304565574724, 821.2284183827662], [797.0694287520462, 467.9349528437208], [303.0324268193135, 278.4256121007733]], ""scale"": 1000.0, ""seed"": 7, ""symmetric"": true}}"
small_exact,evaluation,small_exact_random_symmetric_n6_seed7,random_symmetric,6,7,tn_exact,ok,"[5, 1, 4, 0, 2, 3]",189.9129843404558,189.91298434045578,189.91298434045578,1.4965648362121778e-16,1.4965648362121778e-16,True,True,True,0.03361589999985881,251.1015625,251.1015625,0.0,25.4,calibrated_on_calibration_split,,True,,"{""exact_mode"": true, ""finite_edges"": true, ""instance_metadata"": {""complete"": true, ""high"": 100.0, ""instance_type"": ""random_symmetric"", ""low"": 1.0, ""n"": 6, ""seed"": 7, ""symmetric"": true}, ""max_layers"": 4, ""n_layers"": null, ""n_layers_effective"": 4, ""normalization_factor"": 76.72051518456121, ""normalize"": true, ""seed"": 7, ""tau"": 25.4, ""valid_route"": true}"
small_exact,evaluation,small_exact_random_symmetric_n6_seed7,random_symmetric,6,7,held_karp,ok,"[5, 3, 2, 0, 4, 1]",189.91298434045578,189.91298434045578,189.91298434045578,0.0,0.0,True,True,True,0.00012690000221482478,251.1015625,251.1015625,0.0,25.4,calibrated_on_calibration_split,,,,"{""instance_metadata"": {""complete"": true, ""high"": 100.0, ""instance_type"": ""random_symmetric"", ""low"": 1.0, ""n"": 6, ""seed"": 7, ""symmetric"": true}, ""max_n"": 18, ""start"": 5}"
small_exact,evaluation,small_exact_random_symmetric_n6_seed7,random_symmetric,6,7,bruteforce,ok,"[5, 3, 2, 0, 4, 1]",189.91298434045578,189.91298434045578,189.91298434045578,0.0,0.0,True,True,True,0.0006824999982200097,251.1015625,251.1015625,0.0,25.4,calibrated_on_calibration_split,,,,"{""instance_metadata"": {""complete"": true, ""high"": 100.0, ""instance_type"": ""random_symmetric"", ""low"": 1.0, ""n"": 6, ""seed"": 7, ""symmetric"": true}, ""max_n"": 10, ""permutations_checked"": 120, ""start"": 5}"
small_exact,evaluation,small_exact_random_symmetric_n6_seed7,random_symmetric,6,7,ortools,ok,"[5, 3, 2, 0, 4, 1]",189.91298434045578,189.91298434045578,189.91298434045578,0.0,0.0,True,True,True,0.0020611999971151818,251.1015625,251.1015625,0.0,25.4,calibrated_on_calibration_split,,,5.0,"{""finite_edges"": true, ""infinity_penalty"": 460323090000, ""instance_metadata"": {""complete"": true, ""high"": 100.0, ""instance_type"": ""random_symmetric"", ""low"": 1.0, ""n"": 6, ""seed"": 7, ""symmetric"": true}, ""integer_scale"": 1000000, ""start"": 5, ""time_limit_s"": 5.0, ""valid_route"": true}"
small_exact,evaluation,small_exact_random_symmetric_n6_seed7,random_symmetric,6,7,networkx_christofides,skipped_not_applicable,,,189.91298434045578,189.91298434045578,nan,nan,True,,,0.00013949999993201345,251.1015625,251.1015625,0.0,25.4,calibrated_on_calibration_split,,,,"{""instance_metadata"": {""complete"": true, ""high"": 100.0, ""instance_type"": ""random_symmetric"", ""low"": 1.0, ""n"": 6, ""seed"": 7, ""symmetric"": true}, ""requires_metric_symmetric_complete"": true}"
small_exact,evaluation,small_exact_random_symmetric_n6_seed7,random_symmetric,6,7,networkx_greedy,ok,"[5, 1, 4, 0, 2, 3]",189.9129843404558,189.91298434045578,189.91298434045578,1.4965648362121778e-16,1.4965648362121778e-16,True,True,True,0.0006197000002430286,251.1015625,251.1015625,0.0,25.4,calibrated_on_calibration_split,,,,"{""finite_edges"": true, ""instance_metadata"": {""complete"": true, ""high"": 100.0, ""instance_type"": ""random_symmetric"", ""low"": 1.0, ""n"": 6, ""seed"": 7, ""symmetric"": true}, ""valid_route"": true}"
small_exact,evaluation,small_exact_random_symmetric_n6_seed7,random_symmetric,6,7,python_tsp_dynamic_programming,skipped_missing_dependency,,,189.91298434045578,189.91298434045578,nan,nan,True,,,0.0018726999987848103,251.10546875,251.10546875,0.0,25.4,calibrated_on_calibration_split,,,,"{""instance_metadata"": {""complete"": true, ""high"": 100.0, ""instance_type"": ""random_symmetric"", ""low"": 1.0, ""n"": 6, ""seed"": 7, ""symmetric"": true}}"
small_exact,evaluation,small_exact_random_asymmetric_n6_seed7,random_asymmetric,6,7,tn_exact,ok,"[5, 2, 1, 4, 0, 3]",111.4084912620337,111.4084912620337,111.4084912620337,0.0,0.0,True,True,True,0.03181369999947492,251.10546875,251.1171875,0.01171875,25.4,calibrated_on_calibration_split,,True,,"{""exact_mode"": true, ""finite_edges"": true, ""instance_metadata"": {""complete"": true, ""high"": 100.0, ""instance_type"": ""random_asymmetric"", ""low"": 1.0, ""n"": 6, ""seed"": 7, ""symmetric"": false}, ""max_layers"": 4, ""n_layers"": null, ""n_layers_effective"": 4, ""normalization_factor"": 99.55452806000487, ""normalize"": true, ""seed"": 7, ""tau"": 25.4, ""valid_route"": true}"
small_exact,evaluation,small_exact_random_asymmetric_n6_seed7,random_asymmetric,6,7,held_karp,ok,"[5, 2, 1, 4, 0, 3]",111.4084912620337,111.4084912620337,111.4084912620337,0.0,0.0,True,True,True,0.00012649999916902743,251.1171875,251.1171875,0.0,25.4,calibrated_on_calibration_split,,,,"{""instance_metadata"": {""complete"": true, ""high"": 100.0, ""instance_type"": ""random_asymmetric"", ""low"": 1.0, ""n"": 6, ""seed"": 7, ""symmetric"": false}, ""max_n"": 18, ""start"": 5}"
small_exact,evaluation,small_exact_random_asymmetric_n6_seed7,random_asymmetric,6,7,bruteforce,ok,"[5, 2, 1, 4, 0, 3]",111.4084912620337,111.4084912620337,111.4084912620337,0.0,0.0,True,True,True,0.0006955999997444451,251.1171875,251.1171875,0.0,25.4,calibrated_on_calibration_split,,,,"{""instance_metadata"": {""complete"": true, ""high"": 100.0, ""instance_type"": ""random_asymmetric"", ""low"": 1.0, ""n"": 6, ""seed"": 7, ""symmetric"": false}, ""max_n"": 10, ""permutations_checked"": 120, ""start"": 5}"
small_exact,evaluation,small_exact_random_asymmetric_n6_seed7,random_asymmetric,6,7,ortools,ok,"[5, 3, 2, 1, 0, 4]",171.56130203380715,111.4084912620337,111.4084912620337,0.5399302161833744,0.5399302161833744,True,True,True,0.0020681000023614615,251.1171875,251.12109375,0.00390625,25.4,calibrated_on_calibration_split,,,5.0,"{""finite_edges"": true, ""infinity_penalty"": 597327168000, ""instance_metadata"": {""complete"": true, ""high"": 100.0, ""instance_type"": ""random_asymmetric"", ""low"": 1.0, ""n"": 6, ""seed"": 7, ""symmetric"": false}, ""integer_scale"": 1000000, ""start"": 5, ""time_limit_s"": 5.0, ""valid_route"": true}"
small_exact,evaluation,small_exact_random_asymmetric_n6_seed7,random_asymmetric,6,7,networkx_christofides,skipped_not_applicable,,,111.4084912620337,111.4084912620337,nan,nan,True,,,0.00012769999739248306,251.12109375,251.12109375,0.0,25.4,calibrated_on_calibration_split,,,,"{""instance_metadata"": {""complete"": true, ""high"": 100.0, ""instance_type"": ""random_asymmetric"", ""low"": 1.0, ""n"": 6, ""seed"": 7, ""symmetric"": false}, ""requires_metric_symmetric_complete"": true}"
small_exact,evaluation,small_exact_random_asymmetric_n6_seed7,random_asymmetric,6,7,networkx_greedy,ok,"[5, 2, 0, 3, 4, 1]",193.87475914340726,111.4084912620337,111.4084912620337,0.7402152829393606,0.7402152829393606,True,True,True,0.00021470000137924217,251.12109375,251.12109375,0.0,25.4,calibrated_on_calibration_split,,,,"{""finite_edges"": true, ""instance_metadata"": {""complete"": true, ""high"": 100.0, ""instance_type"": ""random_asymmetric"", ""low"": 1.0, ""n"": 6, ""seed"": 7, ""symmetric"": false}, ""valid_route"": true}"
small_exact,evaluation,small_exact_random_asymmetric_n6_seed7,random_asymmetric,6,7,python_tsp_dynamic_programming,skipped_missing_dependency,,,111.4084912620337,111.4084912620337,nan,nan,True,,,0.0011158000015711877,251.12109375,251.12109375,0.0,25.4,calibrated_on_calibration_split,,,,"{""instance_metadata"": {""complete"": true, ""high"": 100.0, ""instance_type"": ""random_asymmetric"", ""low"": 1.0, ""n"": 6, ""seed"": 7, ""symmetric"": false}}"
small_exact,evaluation,small_exact_euclidean_n6_seed8,euclidean,6,8,tn_exact,ok,"[5, 4, 1, 0, 2, 3]",2300.1058103271894,2300.1058103271894,2300.1058103271894,0.0,0.0,True,True,True,0.0347795000016049,251.12109375,251.12109375,0.0,25.4,calibrated_on_calibration_split,,True,,"{""exact_mode"": true, ""finite_edges"": true, ""instance_metadata"": {""complete"": true, ""instance_type"": ""euclidean"", ""n"": 6, ""points"": [[326.9722766055607, 987.2768433379256], [318.7108384855167, 788.548935820029], [869.8965116962161, 391.08480653919395], [437.8818731227988, 372.74890308935306], [106.95359647277436, 478.965454162717], [241.3521450846823, 257.1452485511297]], ""scale"": 1000.0, ""seed"": 8, ""symmetric"": true}, ""max_layers"": 4, ""n_layers"": null, ""n_layers_effective"": 4, ""normalization_factor"": 806.3570361762793, ""normalize"": true, ""seed"": 8, ""tau"": 25.4, ""valid_route"": true}"
small_exact,evaluation,small_exact_euclidean_n6_seed8,euclidean,6,8,held_karp,ok,"[5, 4, 1, 0, 2, 3]",2300.1058103271894,2300.1058103271894,2300.1058103271894,0.0,0.0,True,True,True,0.00032749999809311703,251.12109375,251.12109375,0.0,25.4,calibrated_on_calibration_split,,,,"{""instance_metadata"": {""complete"": true, ""instance_type"": ""euclidean"", ""n"": 6, ""points"": [[326.9722766055607, 987.2768433379256], [318.7108384855167, 788.548935820029], [869.8965116962161, 391.08480653919395], [437.8818731227988, 372.74890308935306], [106.95359647277436, 478.965454162717], [241.3521450846823, 257.1452485511297]], ""scale"": 1000.0, ""seed"": 8, ""symmetric"": true}, ""max_n"": 18, ""start"": 5}"
small_exact,evaluation,small_exact_euclidean_n6_seed8,euclidean,6,8,bruteforce,ok,"[5, 4, 1, 0, 2, 3]",2300.1058103271894,2300.1058103271894,2300.1058103271894,0.0,0.0,True,True,True,0.0012922000023536384,251.12109375,251.12109375,0.0,25.4,calibrated_on_calibration_split,,,,"{""instance_metadata"": {""complete"": true, ""instance_type"": ""euclidean"", ""n"": 6, ""points"": [[326.9722766055607, 987.2768433379256], [318.7108384855167, 788.548935820029], [869.8965116962161, 391.08480653919395], [437.8818731227988, 372.74890308935306], [106.95359647277436, 478.965454162717], [241.3521450846823, 257.1452485511297]], ""scale"": 1000.0, ""seed"": 8, ""symmetric"": true}, ""max_n"": 10, ""permutations_checked"": 120, ""start"": 5}"
small_exact,evaluation,small_exact_euclidean_n6_seed8,euclidean,6,8,ortools,ok,"[5, 3, 2, 0, 1, 4]",2300.10581032719,2300.1058103271894,2300.1058103271894,1.9770714409950404e-16,1.9770714409950404e-16,True,True,True,0.0036485000018728897,251.12109375,251.12109375,0.0,25.4,calibrated_on_calibration_split,,,5.0,"{""finite_edges"": true, ""infinity_penalty"": 4838142216000, ""instance_metadata"": {""complete"": true, ""instance_type"": ""euclidean"", ""n"": 6, ""points"": [[326.9722766055607, 987.2768433379256], [318.7108384855167, 788.548935820029], [869.8965116962161, 391.08480653919395], [437.8818731227988, 372.74890308935306], [106.95359647277436, 478.965454162717], [241.3521450846823, 257.1452485511297]], ""scale"": 1000.0, ""seed"": 8, ""symmetric"": true}, ""integer_scale"": 1000000, ""start"": 5, ""time_limit_s"": 5.0, ""valid_route"": true}"
small_exact,evaluation,small_exact_euclidean_n6_seed8,euclidean,6,8,networkx_christofides,ok,"[5, 3, 2, 0, 1, 4]",2300.10581032719,2300.1058103271894,2300.1058103271894,1.9770714409950404e-16,1.9770714409950404e-16,True,True,True,0.0013877999990654644,251.12109375,251.12109375,0.0,25.4,calibrated_on_calibration_split,,,,"{""finite_edges"": true, ""instance_metadata"": {""complete"": true, ""instance_type"": ""euclidean"", ""n"": 6, ""points"": [[326.9722766055607, 987.2768433379256], [318.7108384855167, 788.548935820029], [869.8965116962161, 391.08480653919395], [437.8818731227988, 372.74890308935306], [106.95359647277436, 478.965454162717], [241.3521450846823, 257.1452485511297]], ""scale"": 1000.0, ""seed"": 8, ""symmetric"": true}, ""requires_metric_symmetric_complete"": true, ""valid_route"": true}"
small_exact,evaluation,small_exact_euclidean_n6_seed8,euclidean,6,8,networkx_greedy,ok,"[5, 2, 0, 1, 4, 3]",2598.5563650031645,2300.1058103271894,2300.1058103271894,0.12975514140956873,0.12975514140956873,True,True,True,0.00025970000206143595,251.12109375,251.12109375,0.0,25.4,calibrated_on_calibration_split,,,,"{""finite_edges"": true, ""instance_metadata"": {""complete"": true, ""instance_type"": ""euclidean"", ""n"": 6, ""points"": [[326.9722766055607, 987.2768433379256], [318.7108384855167, 788.548935820029], [869.8965116962161, 391.08480653919395], [437.8818731227988, 372.74890308935306], [106.95359647277436, 478.965454162717], [241.3521450846823, 257.1452485511297]], ""scale"": 1000.0, ""seed"": 8, ""symmetric"": true}, ""valid_route"": true}"
small_exact,evaluation,small_exact_euclidean_n6_seed8,euclidean,6,8,python_tsp_dynamic_programming,skipped_missing_dependency,,,2300.1058103271894,2300.1058103271894,nan,nan,True,,,0.0014991999996709637,251.125,251.125,0.0,25.4,calibrated_on_calibration_split,,,,"{""instance_metadata"": {""complete"": true, ""instance_type"": ""euclidean"", ""n"": 6, ""points"": [[326.9722766055607, 987.2768433379256], [318.7108384855167, 788.548935820029], [869.8965116962161, 391.08480653919395], [437.8818731227988, 372.74890308935306], [106.95359647277436, 478.965454162717], [241.3521450846823, 257.1452485511297]], ""scale"": 1000.0, ""seed"": 8, ""symmetric"": true}}"
small_exact,evaluation,small_exact_random_symmetric_n6_seed8,random_symmetric,6,8,tn_exact,ok,"[5, 3, 4, 0, 2, 1]",181.7127334759569,181.7127334759569,181.7127334759569,0.0,0.0,True,True,True,0.04304570000022068,251.12890625,251.171875,0.04296875,25.4,calibrated_on_calibration_split,,True,,"{""exact_mode"": true, ""finite_edges"": true, ""instance_metadata"": {""complete"": true, ""high"": 100.0, ""instance_type"": ""random_symmetric"", ""low"": 1.0, ""n"": 6, ""seed"": 8, ""symmetric"": true}, ""max_layers"": 4, ""n_layers"": null, ""n_layers_effective"": 4, ""normalization_factor"": 71.54535646480585, ""normalize"": true, ""seed"": 8, ""tau"": 25.4, ""valid_route"": true}"
small_exact,evaluation,small_exact_random_symmetric_n6_seed8,random_symmetric,6,8,held_karp,ok,"[5, 3, 4, 0, 2, 1]",181.7127334759569,181.7127334759569,181.7127334759569,0.0,0.0,True,True,True,0.00030049999986658804,251.171875,251.171875,0.0,25.4,calibrated_on_calibration_split,,,,"{""instance_metadata"": {""complete"": true, ""high"": 100.0, ""instance_type"": ""random_symmetric"", ""low"": 1.0, ""n"": 6, ""seed"": 8, ""symmetric"": true}, ""max_n"": 18, ""start"": 5}"
small_exact,evaluation,small_exact_random_symmetric_n6_seed8,random_symmetric,6,8,bruteforce,ok,"[5, 3, 4, 0, 2, 1]",181.7127334759569,181.7127334759569,181.7127334759569,0.0,0.0,True,True,True,0.0010016999985964503,251.171875,251.171875,0.0,25.4,calibrated_on_calibration_split,,,,"{""instance_metadata"": {""complete"": true, ""high"": 100.0, ""instance_type"": ""random_symmetric"", ""low"": 1.0, ""n"": 6, ""seed"": 8, ""symmetric"": true}, ""max_n"": 10, ""permutations_checked"": 120, ""start"": 5}"
small_exact,evaluation,small_exact_random_symmetric_n6_seed8,random_symmetric,6,8,ortools,ok,"[5, 1, 2, 0, 4, 3]",181.71273347595692,181.7127334759569,181.7127334759569,1.564101143972092e-16,1.564101143972092e-16,True,True,True,0.0021622000022034626,251.171875,251.171875,0.0,25.4,calibrated_on_calibration_split,,,5.0,"{""finite_edges"": true, ""infinity_penalty"": 429272136000, ""instance_metadata"": {""complete"": true, ""high"": 100.0, ""instance_type"": ""random_symmetric"", ""low"": 1.0, ""n"": 6, ""seed"": 8, ""symmetric"": true}, ""integer_scale"": 1000000, ""start"": 5, ""time_limit_s"": 5.0, ""valid_route"": true}"
small_exact,evaluation,small_exact_random_symmetric_n6_seed8,random_symmetric,6,8,networkx_christofides,skipped_not_applicable,,,181.7127334759569,181.7127334759569,nan,nan,True,,,0.0003699000008055009,251.171875,251.171875,0.0,25.4,calibrated_on_calibration_split,,,,"{""instance_metadata"": {""complete"": true, ""high"": 100.0, ""instance_type"": ""random_symmetric"", ""low"": 1.0, ""n"": 6, ""seed"": 8, ""symmetric"": true}, ""requires_metric_symmetric_complete"": true}"
small_exact,evaluation,small_exact_random_symmetric_n6_seed8,random_symmetric,6,8,networkx_greedy,ok,"[5, 1, 2, 0, 4, 3]",181.71273347595692,181.7127334759569,181.7127334759569,1.564101143972092e-16,1.564101143972092e-16,True,True,True,0.0005187000024307054,251.171875,251.171875,0.0,25.4,calibrated_on_calibration_split,,,,"{""finite_edges"": true, ""instance_metadata"": {""complete"": true, ""high"": 100.0, ""instance_type"": ""random_symmetric"", ""low"": 1.0, ""n"": 6, ""seed"": 8, ""symmetric"": true}, ""valid_route"": true}"
small_exact,evaluation,small_exact_random_symmetric_n6_seed8,random_symmetric,6,8,python_tsp_dynamic_programming,skipped_missing_dependency,,,181.7127334759569,181.7127334759569,nan,nan,True,,,0.0018275000002176967,251.171875,251.171875,0.0,25.4,calibrated_on_calibration_split,,,,"{""instance_metadata"": {""complete"": true, ""high"": 100.0, ""instance_type"": ""random_symmetric"", ""low"": 1.0, ""n"": 6, ""seed"": 8, ""symmetric"": true}}"
small_exact,evaluation,small_exact_random_asymmetric_n6_seed8,random_asymmetric,6,8,tn_exact,ok,"[5, 4, 0, 2, 1, 3]",143.5161445266795,143.5161445266795,143.5161445266795,0.0,0.0,True,True,True,0.06331810000119731,251.171875,251.171875,0.0,25.4,calibrated_on_calibration_split,,True,,"{""exact_mode"": true, ""finite_edges"": true, ""instance_metadata"": {""complete"": true, ""high"": 100.0, ""instance_type"": ""random_asymmetric"", ""low"": 1.0, ""n"": 6, ""seed"": 8, ""symmetric"": false}, ""max_layers"": 4, ""n_layers"": null, ""n_layers_effective"": 4, ""normalization_factor"": 98.74040749045463, ""normalize"": true, ""seed"": 8, ""tau"": 25.4, ""valid_route"": true}"
small_exact,evaluation,small_exact_random_asymmetric_n6_seed8,random_asymmetric,6,8,held_karp,ok,"[5, 4, 0, 2, 1, 3]",143.5161445266795,143.5161445266795,143.5161445266795,0.0,0.0,True,True,True,0.0001450000017939601,251.171875,251.171875,0.0,25.4,calibrated_on_calibration_split,,,,"{""instance_metadata"": {""complete"": true, ""high"": 100.0, ""instance_type"": ""random_asymmetric"", ""low"": 1.0, ""n"": 6, ""seed"": 8, ""symmetric"": false}, ""max_n"": 18, ""start"": 5}"
small_exact,evaluation,small_exact_random_asymmetric_n6_seed8,random_asymmetric,6,8,bruteforce,ok,"[5, 4, 0, 2, 1, 3]",143.5161445266795,143.5161445266795,143.5161445266795,0.0,0.0,True,True,True,0.0020761000014317688,251.171875,251.171875,0.0,25.4,calibrated_on_calibration_split,,,,"{""instance_metadata"": {""complete"": true, ""high"": 100.0, ""instance_type"": ""random_asymmetric"", ""low"": 1.0, ""n"": 6, ""seed"": 8, ""symmetric"": false}, ""max_n"": 10, ""permutations_checked"": 120, ""start"": 5}"
small_exact,evaluation,small_exact_random_asymmetric_n6_seed8,random_asymmetric,6,8,ortools,ok,"[5, 4, 0, 2, 1, 3]",143.5161445266795,143.5161445266795,143.5161445266795,0.0,0.0,True,True,True,0.004153599998971913,251.171875,251.171875,0.0,25.4,calibrated_on_calibration_split,,,5.0,"{""finite_edges"": true, ""infinity_penalty"": 592442442000, ""instance_metadata"": {""complete"": true, ""high"": 100.0, ""instance_type"": ""random_asymmetric"", ""low"": 1.0, ""n"": 6, ""seed"": 8, ""symmetric"": false}, ""integer_scale"": 1000000, ""start"": 5, ""time_limit_s"": 5.0, ""valid_route"": true}"
small_exact,evaluation,small_exact_random_asymmetric_n6_seed8,random_asymmetric,6,8,networkx_christofides,skipped_not_applicable,,,143.5161445266795,143.5161445266795,nan,nan,True,,,0.00018220000129076652,251.171875,251.171875,0.0,25.4,calibrated_on_calibration_split,,,,"{""instance_metadata"": {""complete"": true, ""high"": 100.0, ""instance_type"": ""random_asymmetric"", ""low"": 1.0, ""n"": 6, ""seed"": 8, ""symmetric"": false}, ""requires_metric_symmetric_complete"": true}"
small_exact,evaluation,small_exact_random_asymmetric_n6_seed8,random_asymmetric,6,8,networkx_greedy,ok,"[5, 4, 0, 2, 1, 3]",143.5161445266795,143.5161445266795,143.5161445266795,0.0,0.0,True,True,True,0.0003049000006285496,251.171875,251.171875,0.0,25.4,calibrated_on_calibration_split,,,,"{""finite_edges"": true, ""instance_metadata"": {""complete"": true, ""high"": 100.0, ""instance_type"": ""random_asymmetric"", ""low"": 1.0, ""n"": 6, ""seed"": 8, ""symmetric"": false}, ""valid_route"": true}"
small_exact,evaluation,small_exact_random_asymmetric_n6_seed8,random_asymmetric,6,8,python_tsp_dynamic_programming,skipped_missing_dependency,,,143.5161445266795,143.5161445266795,nan,nan,True,,,0.002263700000185054,251.171875,251.171875,0.0,25.4,calibrated_on_calibration_split,,,,"{""instance_metadata"": {""complete"": true, ""high"": 100.0, ""instance_type"": ""random_asymmetric"", ""low"": 1.0, ""n"": 6, ""seed"": 8, ""symmetric"": false}}"
small_exact,evaluation,small_exact_euclidean_n6_seed9,euclidean,6,9,tn_exact,ok,"[5, 4, 1, 2, 3, 0]",2658.423163582472,2658.423163582472,2658.423163582472,0.0,0.0,True,True,True,0.0698727000017243,251.171875,251.171875,0.0,25.4,calibrated_on_calibration_split,,True,,"{""exact_mode"": true, ""finite_edges"": true, ""instance_metadata"": {""complete"": true, ""instance_type"": ""euclidean"", ""n"": 6, ""points"": [[870.2492039700846, 286.8172090875554], [603.1481500515619, 777.5340829201788], [716.0746296035653, 915.3801204905076], [860.3936491828846, 918.2376290487624], [26.587734467597212, 437.2480001295087], [484.9443269772881, 65.15419737010752]], ""scale"": 1000.0, ""seed"": 9, ""symmetric"": true}, ""max_layers"": 4, ""n_layers"": null, ""n_layers_effective"": 4, ""normalization_factor"": 962.5919834187685, ""normalize"": true, ""seed"": 9, ""tau"": 25.4, ""valid_route"": true}"
small_exact,evaluation,small_exact_euclidean_n6_seed9,euclidean,6,9,held_karp,ok,"[5, 4, 1, 2, 3, 0]",2658.423163582472,2658.423163582472,2658.423163582472,0.0,0.0,True,True,True,0.0001370999998471234,251.171875,251.171875,0.0,25.4,calibrated_on_calibration_split,,,,"{""instance_metadata"": {""complete"": true, ""instance_type"": ""euclidean"", ""n"": 6, ""points"": [[870.2492039700846, 286.8172090875554], [603.1481500515619, 777.5340829201788], [716.0746296035653, 915.3801204905076], [860.3936491828846, 918.2376290487624], [26.587734467597212, 437.2480001295087], [484.9443269772881, 65.15419737010752]], ""scale"": 1000.0, ""seed"": 9, ""symmetric"": true}, ""max_n"": 18, ""start"": 5}"
small_exact,evaluation,small_exact_euclidean_n6_seed9,euclidean,6,9,bruteforce,ok,"[5, 0, 3, 2, 1, 4]",2658.423163582472,2658.423163582472,2658.423163582472,0.0,0.0,True,True,True,0.0007306000006792601,251.171875,251.171875,0.0,25.4,calibrated_on_calibration_split,,,,"{""instance_metadata"": {""complete"": true, ""instance_type"": ""euclidean"", ""n"": 6, ""points"": [[870.2492039700846, 286.8172090875554], [603.1481500515619, 777.5340829201788], [716.0746296035653, 915.3801204905076], [860.3936491828846, 918.2376290487624], [26.587734467597212, 437.2480001295087], [484.9443269772881, 65.15419737010752]], ""scale"": 1000.0, ""seed"": 9, ""symmetric"": true}, ""max_n"": 10, ""permutations_checked"": 120, ""start"": 5}"
small_exact,evaluation,small_exact_euclidean_n6_seed9,euclidean,6,9,ortools,ok,"[5, 0, 3, 2, 1, 4]",2658.423163582472,2658.423163582472,2658.423163582472,0.0,0.0,True,True,True,0.0038337000005412847,251.171875,251.171875,0.0,25.4,calibrated_on_calibration_split,,,5.0,"{""finite_edges"": true, ""infinity_penalty"": 5775551898000, ""instance_metadata"": {""complete"": true, ""instance_type"": ""euclidean"", ""n"": 6, ""points"": [[870.2492039700846, 286.8172090875554], [603.1481500515619, 777.5340829201788], [716.0746296035653, 915.3801204905076], [860.3936491828846, 918.2376290487624], [26.587734467597212, 437.2480001295087], [484.9443269772881, 65.15419737010752]], ""scale"": 1000.0, ""seed"": 9, ""symmetric"": true}, ""integer_scale"": 1000000, ""start"": 5, ""time_limit_s"": 5.0, ""valid_route"": true}"
small_exact,evaluation,small_exact_euclidean_n6_seed9,euclidean,6,9,networkx_christofides,ok,"[5, 0, 1, 2, 3, 4]",2878.7283603509895,2658.423163582472,2658.423163582472,0.08287062789192509,0.08287062789192509,True,True,True,0.0016757999983383343,251.171875,251.171875,0.0,25.4,calibrated_on_calibration_split,,,,"{""finite_edges"": true, ""instance_metadata"": {""complete"": true, ""instance_type"": ""euclidean"", ""n"": 6, ""points"": [[870.2492039700846, 286.8172090875554], [603.1481500515619, 777.5340829201788], [716.0746296035653, 915.3801204905076], [860.3936491828846, 918.2376290487624], [26.587734467597212, 437.2480001295087], [484.9443269772881, 65.15419737010752]], ""scale"": 1000.0, ""seed"": 9, ""symmetric"": true}, ""requires_metric_symmetric_complete"": true, ""valid_route"": true}"
small_exact,evaluation,small_exact_euclidean_n6_seed9,euclidean,6,9,networkx_greedy,ok,"[5, 0, 1, 2, 3, 4]",2878.7283603509895,2658.423163582472,2658.423163582472,0.08287062789192509,0.08287062789192509,True,True,True,0.00046719999954802915,251.171875,251.171875,0.0,25.4,calibrated_on_calibration_split,,,,"{""finite_edges"": true, ""instance_metadata"": {""complete"": true, ""instance_type"": ""euclidean"", ""n"": 6, ""points"": [[870.2492039700846, 286.8172090875554], [603.1481500515619, 777.5340829201788], [716.0746296035653, 915.3801204905076], [860.3936491828846, 918.2376290487624], [26.587734467597212, 437.2480001295087], [484.9443269772881, 65.15419737010752]], ""scale"": 1000.0, ""seed"": 9, ""symmetric"": true}, ""valid_route"": true}"
small_exact,evaluation,small_exact_euclidean_n6_seed9,euclidean,6,9,python_tsp_dynamic_programming,skipped_missing_dependency,,,2658.423163582472,2658.423163582472,nan,nan,True,,,0.0018171000010624994,251.171875,251.171875,0.0,25.4,calibrated_on_calibration_split,,,,"{""instance_metadata"": {""complete"": true, ""instance_type"": ""euclidean"", ""n"": 6, ""points"": [[870.2492039700846, 286.8172090875554], [603.1481500515619, 777.5340829201788], [716.0746296035653, 915.3801204905076], [860.3936491828846, 918.2376290487624], [26.587734467597212, 437.2480001295087], [484.9443269772881, 65.15419737010752]], ""scale"": 1000.0, ""seed"": 9, ""symmetric"": true}}"
small_exact,evaluation,small_exact_random_symmetric_n6_seed9,random_symmetric,6,9,tn_exact,ok,"[5, 4, 2, 0, 3, 1]",245.73872462836624,245.73872462836624,245.73872462836624,0.0,0.0,True,True,True,0.04922360000273329,251.171875,251.24609375,0.07421875,25.4,calibrated_on_calibration_split,,True,,"{""exact_mode"": true, ""finite_edges"": true, ""instance_metadata"": {""complete"": true, ""high"": 100.0, ""instance_type"": ""random_symmetric"", ""low"": 1.0, ""n"": 6, ""seed"": 9, ""symmetric"": true}, ""max_layers"": 4, ""n_layers"": null, ""n_layers_effective"": 4, ""normalization_factor"": 89.0652732739846, ""normalize"": true, ""seed"": 9, ""tau"": 25.4, ""valid_route"": true}"
small_exact,evaluation,small_exact_random_symmetric_n6_seed9,random_symmetric,6,9,held_karp,ok,"[5, 4, 2, 0, 3, 1]",245.73872462836624,245.73872462836624,245.73872462836624,0.0,0.0,True,True,True,0.00014200000077835284,251.24609375,251.24609375,0.0,25.4,calibrated_on_calibration_split,,,,"{""instance_metadata"": {""complete"": true, ""high"": 100.0, ""instance_type"": ""random_symmetric"", ""low"": 1.0, ""n"": 6, ""seed"": 9, ""symmetric"": true}, ""max_n"": 18, ""start"": 5}"
small_exact,evaluation,small_exact_random_symmetric_n6_seed9,random_symmetric,6,9,bruteforce,ok,"[5, 1, 3, 0, 2, 4]",245.73872462836624,245.73872462836624,245.73872462836624,0.0,0.0,True,True,True,0.0021191999985603616,251.24609375,251.24609375,0.0,25.4,calibrated_on_calibration_split,,,,"{""instance_metadata"": {""complete"": true, ""high"": 100.0, ""instance_type"": ""random_symmetric"", ""low"": 1.0, ""n"": 6, ""seed"": 9, ""symmetric"": true}, ""max_n"": 10, ""permutations_checked"": 120, ""start"": 5}"
small_exact,evaluation,small_exact_random_symmetric_n6_seed9,random_symmetric,6,9,ortools,ok,"[5, 4, 2, 0, 3, 1]",245.73872462836624,245.73872462836624,245.73872462836624,0.0,0.0,True,True,True,0.002502300001651747,251.24609375,251.24609375,0.0,25.4,calibrated_on_calibration_split,,,5.0,"{""finite_edges"": true, ""infinity_penalty"": 534391638000, ""instance_metadata"": {""complete"": true, ""high"": 100.0, ""instance_type"": ""random_symmetric"", ""low"": 1.0, ""n"": 6, ""seed"": 9, ""symmetric"": true}, ""integer_scale"": 1000000, ""start"": 5, ""time_limit_s"": 5.0, ""valid_route"": true}"
small_exact,evaluation,small_exact_random_symmetric_n6_seed9,random_symmetric,6,9,networkx_christofides,skipped_not_applicable,,,245.73872462836624,245.73872462836624,nan,nan,True,,,0.000194500000361586,251.24609375,251.24609375,0.0,25.4,calibrated_on_calibration_split,,,,"{""instance_metadata"": {""complete"": true, ""high"": 100.0, ""instance_type"": ""random_symmetric"", ""low"": 1.0, ""n"": 6, ""seed"": 9, ""symmetric"": true}, ""requires_metric_symmetric_complete"": true}"
small_exact,evaluation,small_exact_random_symmetric_n6_seed9,random_symmetric,6,9,networkx_greedy,ok,"[5, 1, 3, 0, 2, 4]",245.73872462836624,245.73872462836624,245.73872462836624,0.0,0.0,True,True,True,0.00027100000079371966,251.24609375,251.24609375,0.0,25.4,calibrated_on_calibration_split,,,,"{""finite_edges"": true, ""instance_metadata"": {""complete"": true, ""high"": 100.0, ""instance_type"": ""random_symmetric"", ""low"": 1.0, ""n"": 6, ""seed"": 9, ""symmetric"": true}, ""valid_route"": true}"
small_exact,evaluation,small_exact_random_symmetric_n6_seed9,random_symmetric,6,9,python_tsp_dynamic_programming,skipped_missing_dependency,,,245.73872462836624,245.73872462836624,nan,nan,True,,,0.00178070000038133,251.24609375,251.24609375,0.0,25.4,calibrated_on_calibration_split,,,,"{""instance_metadata"": {""complete"": true, ""high"": 100.0, ""instance_type"": ""random_symmetric"", ""low"": 1.0, ""n"": 6, ""seed"": 9, ""symmetric"": true}}"
small_exact,evaluation,small_exact_random_asymmetric_n6_seed9,random_asymmetric,6,9,tn_exact,ok,"[5, 4, 3, 2, 0, 1]",143.30586681516192,143.30586681516192,143.30586681516192,0.0,0.0,True,True,True,0.07950930000151857,251.24609375,251.25,0.00390625,25.4,calibrated_on_calibration_split,,True,,"{""exact_mode"": true, ""finite_edges"": true, ""instance_metadata"": {""complete"": true, ""high"": 100.0, ""instance_type"": ""random_asymmetric"", ""low"": 1.0, ""n"": 6, ""seed"": 9, ""symmetric"": false}, ""max_layers"": 4, ""n_layers"": null, ""n_layers_effective"": 4, ""normalization_factor"": 98.78633394256309, ""normalize"": true, ""seed"": 9, ""tau"": 25.4, ""valid_route"": true}"
small_exact,evaluation,small_exact_random_asymmetric_n6_seed9,random_asymmetric,6,9,held_karp,ok,"[5, 4, 3, 2, 0, 1]",143.30586681516192,143.30586681516192,143.30586681516192,0.0,0.0,True,True,True,0.00028059999749530107,251.25,251.25,0.0,25.4,calibrated_on_calibration_split,,,,"{""instance_metadata"": {""complete"": true, ""high"": 100.0, ""instance_type"": ""random_asymmetric"", ""low"": 1.0, ""n"": 6, ""seed"": 9, ""symmetric"": false}, ""max_n"": 18, ""start"": 5}"
small_exact,evaluation,small_exact_random_asymmetric_n6_seed9,random_asymmetric,6,9,bruteforce,ok,"[5, 4, 3, 2, 0, 1]",143.30586681516192,143.30586681516192,143.30586681516192,0.0,0.0,True,True,True,0.0015304000007745344,251.25,251.25,0.0,25.4,calibrated_on_calibration_split,,,,"{""instance_metadata"": {""complete"": true, ""high"": 100.0, ""instance_type"": ""random_asymmetric"", ""low"": 1.0, ""n"": 6, ""seed"": 9, ""symmetric"": false}, ""max_n"": 10, ""permutations_checked"": 120, ""start"": 5}"
small_exact,evaluation,small_exact_random_asymmetric_n6_seed9,random_asymmetric,6,9,ortools,ok,"[5, 4, 3, 2, 0, 1]",143.30586681516192,143.30586681516192,143.30586681516192,0.0,0.0,True,True,True,0.0036285999995016027,251.25,251.49609375,0.24609375,25.4,calibrated_on_calibration_split,,,5.0,"{""finite_edges"": true, ""infinity_penalty"": 592718004000, ""instance_metadata"": {""complete"": true, ""high"": 100.0, ""instance_type"": ""random_asymmetric"", ""low"": 1.0, ""n"": 6, ""seed"": 9, ""symmetric"": false}, ""integer_scale"": 1000000, ""start"": 5, ""time_limit_s"": 5.0, ""valid_route"": true}"
small_exact,evaluation,small_exact_random_asymmetric_n6_seed9,random_asymmetric,6,9,networkx_christofides,skipped_not_applicable,,,143.30586681516192,143.30586681516192,nan,nan,True,,,0.0002113999980792869,251.49609375,251.49609375,0.0,25.4,calibrated_on_calibration_split,,,,"{""instance_metadata"": {""complete"": true, ""high"": 100.0, ""instance_type"": ""random_asymmetric"", ""low"": 1.0, ""n"": 6, ""seed"": 9, ""symmetric"": false}, ""requires_metric_symmetric_complete"": true}"
small_exact,evaluation,small_exact_random_asymmetric_n6_seed9,random_asymmetric,6,9,networkx_greedy,ok,"[5, 4, 3, 2, 0, 1]",143.30586681516192,143.30586681516192,143.30586681516192,0.0,0.0,True,True,True,0.0003495999990263954,251.49609375,251.49609375,0.0,25.4,calibrated_on_calibration_split,,,,"{""finite_edges"": true, ""instance_metadata"": {""complete"": true, ""high"": 100.0, ""instance_type"": ""random_asymmetric"", ""low"": 1.0, ""n"": 6, ""seed"": 9, ""symmetric"": false}, ""valid_route"": true}"
small_exact,evaluation,small_exact_random_asymmetric_n6_seed9,random_asymmetric,6,9,python_tsp_dynamic_programming,skipped_missing_dependency,,,143.30586681516192,143.30586681516192,nan,nan,True,,,0.0017982999997911975,251.49609375,251.49609375,0.0,25.4,calibrated_on_calibration_split,,,,"{""instance_metadata"": {""complete"": true, ""high"": 100.0, ""instance_type"": ""random_asymmetric"", ""low"": 1.0, ""n"": 6, ""seed"": 9, ""symmetric"": false}}"
small_exact,evaluation,small_exact_euclidean_n7_seed5,euclidean,7,5,tn_exact,ok,"[6, 0, 5, 1, 3, 2, 4]",2901.331768360426,2901.331768360426,2901.331768360426,0.0,0.0,True,True,True,0.12634709999838378,251.49609375,251.60546875,0.109375,34.0,calibrated_on_calibration_split,,True,,"{""exact_mode"": true, ""finite_edges"": true, ""instance_metadata"": {""complete"": true, ""instance_type"": ""euclidean"", ""n"": 7, ""points"": [[805.0029237453801, 807.9407897364938], [515.325561042142, 285.8013800881416], [53.930702381656424, 383.36888078551823], [408.47320541999864, 45.27519390244517], [48.75771072716806, 999.1761150650714], [652.3691115879877, 234.51020166982394], [434.94755222514203, 974.1861932592553]], ""scale"": 1000.0, ""seed"": 5, ""symmetric"": true}, ""max_layers"": 5, ""n_layers"": null, ""n_layers_effective"": 5, ""normalization_factor"": 1019.4715319796893, ""normalize"": true, ""seed"": 5, ""tau"": 34.0, ""valid_route"": true}"
small_exact,evaluation,small_exact_euclidean_n7_seed5,euclidean,7,5,held_karp,ok,"[6, 4, 2, 3, 1, 5, 0]",2901.331768360426,2901.331768360426,2901.331768360426,0.0,0.0,True,True,True,0.00030979999792180024,251.60546875,251.61328125,0.0078125,34.0,calibrated_on_calibration_split,,,,"{""instance_metadata"": {""complete"": true, ""instance_type"": ""euclidean"", ""n"": 7, ""points"": [[805.0029237453801, 807.9407897364938], [515.325561042142, 285.8013800881416], [53.930702381656424, 383.36888078551823], [408.47320541999864, 45.27519390244517], [48.75771072716806, 999.1761150650714], [652.3691115879877, 234.51020166982394], [434.94755222514203, 974.1861932592553]], ""scale"": 1000.0, ""seed"": 5, ""symmetric"": true}, ""max_n"": 18, ""start"": 6}"
small_exact,evaluation,small_exact_euclidean_n7_seed5,euclidean,7,5,bruteforce,ok,"[6, 0, 5, 1, 3, 2, 4]",2901.331768360426,2901.331768360426,2901.331768360426,0.0,0.0,True,True,True,0.005343400000128895,251.61328125,251.61328125,0.0,34.0,calibrated_on_calibration_split,,,,"{""instance_metadata"": {""complete"": true, ""instance_type"": ""euclidean"", ""n"": 7, ""points"": [[805.0029237453801, 807.9407897364938], [515.325561042142, 285.8013800881416], [53.930702381656424, 383.36888078551823], [408.47320541999864, 45.27519390244517], [48.75771072716806, 999.1761150650714], [652.3691115879877, 234.51020166982394], [434.94755222514203, 974.1861932592553]], ""scale"": 1000.0, ""seed"": 5, ""symmetric"": true}, ""max_n"": 10, ""permutations_checked"": 720, ""start"": 6}"
small_exact,evaluation,small_exact_euclidean_n7_seed5,euclidean,7,5,ortools,ok,"[6, 4, 2, 3, 1, 5, 0]",2901.331768360426,2901.331768360426,2901.331768360426,0.0,0.0,True,True,True,0.004035499998281011,251.61328125,251.75390625,0.140625,34.0,calibrated_on_calibration_split,,,5.0,"{""finite_edges"": true, ""infinity_penalty"": 7136300724000, ""instance_metadata"": {""complete"": true, ""instance_type"": ""euclidean"", ""n"": 7, ""points"": [[805.0029237453801, 807.9407897364938], [515.325561042142, 285.8013800881416], [53.930702381656424, 383.36888078551823], [408.47320541999864, 45.27519390244517], [48.75771072716806, 999.1761150650714], [652.3691115879877, 234.51020166982394], [434.94755222514203, 974.1861932592553]], ""scale"": 1000.0, ""seed"": 5, ""symmetric"": true}, ""integer_scale"": 1000000, ""start"": 6, ""time_limit_s"": 5.0, ""valid_route"": true}"
small_exact,evaluation,small_exact_euclidean_n7_seed5,euclidean,7,5,networkx_christofides,ok,"[6, 0, 5, 1, 3, 2, 4]",2901.331768360426,2901.331768360426,2901.331768360426,0.0,0.0,True,True,True,0.002371300000959309,251.75390625,251.7578125,0.00390625,34.0,calibrated_on_calibration_split,,,,"{""finite_edges"": true, ""instance_metadata"": {""complete"": true, ""instance_type"": ""euclidean"", ""n"": 7, ""points"": [[805.0029237453801, 807.9407897364938], [515.325561042142, 285.8013800881416], [53.930702381656424, 383.36888078551823], [408.47320541999864, 45.27519390244517], [48.75771072716806, 999.1761150650714], [652.3691115879877, 234.51020166982394], [434.94755222514203, 974.1861932592553]], ""scale"": 1000.0, ""seed"": 5, ""symmetric"": true}, ""requires_metric_symmetric_complete"": true, ""valid_route"": true}"
small_exact,evaluation,small_exact_euclidean_n7_seed5,euclidean,7,5,networkx_greedy,ok,"[6, 0, 3, 5, 1, 2, 4]",3194.723512005682,2901.331768360426,2901.331768360426,0.10112312795273841,0.10112312795273841,True,True,True,0.0004896000027656555,251.7578125,251.7578125,0.0,34.0,calibrated_on_calibration_split,,,,"{""finite_edges"": true, ""instance_metadata"": {""complete"": true, ""instance_type"": ""euclidean"", ""n"": 7, ""points"": [[805.0029237453801, 807.9407897364938], [515.325561042142, 285.8013800881416], [53.930702381656424, 383.36888078551823], [408.47320541999864, 45.27519390244517], [48.75771072716806, 999.1761150650714], [652.3691115879877, 234.51020166982394], [434.94755222514203, 974.1861932592553]], ""scale"": 1000.0, ""seed"": 5, ""symmetric"": true}, ""valid_route"": true}"
small_exact,evaluation,small_exact_euclidean_n7_seed5,euclidean,7,5,python_tsp_dynamic_programming,skipped_missing_dependency,,,2901.331768360426,2901.331768360426,nan,nan,True,,,0.005541700000321725,251.7578125,251.7578125,0.0,34.0,calibrated_on_calibration_split,,,,"{""instance_metadata"": {""complete"": true, ""instance_type"": ""euclidean"", ""n"": 7, ""points"": [[805.0029237453801, 807.9407897364938], [515.325561042142, 285.8013800881416], [53.930702381656424, 383.36888078551823], [408.47320541999864, 45.27519390244517], [48.75771072716806, 999.1761150650714], [652.3691115879877, 234.51020166982394], [434.94755222514203, 974.1861932592553]], ""scale"": 1000.0, ""seed"": 5, ""symmetric"": true}}"
small_exact,evaluation,small_exact_random_symmetric_n7_seed5,random_symmetric,7,5,tn_exact,ok,"[6, 4, 1, 0, 3, 2, 5]",221.96662499449207,221.80837067202282,221.80837067202282,0.000713473175019396,0.000713473175019396,True,True,True,0.07903059999807738,251.7578125,251.76171875,0.00390625,34.0,calibrated_on_calibration_split,,True,,"{""exact_mode"": true, ""finite_edges"": true, ""instance_metadata"": {""complete"": true, ""high"": 100.0, ""instance_type"": ""random_symmetric"", ""low"": 1.0, ""n"": 7, ""seed"": 5, ""symmetric"": true}, ""max_layers"": 5, ""n_layers"": null, ""n_layers_effective"": 5, ""normalization_factor"": 92.24865405735372, ""normalize"": true, ""seed"": 5, ""tau"": 34.0, ""valid_route"": true}"
small_exact,evaluation,small_exact_random_symmetric_n7_seed5,random_symmetric,7,5,held_karp,ok,"[6, 4, 1, 5, 2, 3, 0]",221.80837067202282,221.80837067202282,221.80837067202282,0.0,0.0,True,True,True,0.0003157999999530148,251.76171875,251.765625,0.00390625,34.0,calibrated_on_calibration_split,,,,"{""instance_metadata"": {""complete"": true, ""high"": 100.0, ""instance_type"": ""random_symmetric"", ""low"": 1.0, ""n"": 7, ""seed"": 5, ""symmetric"": true}, ""max_n"": 18, ""start"": 6}"
small_exact,evaluation,small_exact_random_symmetric_n7_seed5,random_symmetric,7,5,bruteforce,ok,"[6, 4, 1, 5, 2, 3, 0]",221.80837067202282,221.80837067202282,221.80837067202282,0.0,0.0,True,True,True,0.0074927999994542915,251.765625,251.765625,0.0,34.0,calibrated_on_calibration_split,,,,"{""instance_metadata"": {""complete"": true, ""high"": 100.0, ""instance_type"": ""random_symmetric"", ""low"": 1.0, ""n"": 7, ""seed"": 5, ""symmetric"": true}, ""max_n"": 10, ""permutations_checked"": 720, ""start"": 6}"
small_exact,evaluation,small_exact_random_symmetric_n7_seed5,random_symmetric,7,5,ortools,ok,"[6, 0, 3, 2, 5, 1, 4]",221.80837067202285,221.80837067202282,221.80837067202282,1.28136324811789e-16,1.28136324811789e-16,True,True,True,0.002874999998311978,251.765625,251.77734375,0.01171875,34.0,calibrated_on_calibration_split,,,5.0,"{""finite_edges"": true, ""infinity_penalty"": 645740578000, ""instance_metadata"": {""complete"": true, ""high"": 100.0, ""instance_type"": ""random_symmetric"", ""low"": 1.0, ""n"": 7, ""seed"": 5, ""symmetric"": true}, ""integer_scale"": 1000000, ""start"": 6, ""time_limit_s"": 5.0, ""valid_route"": true}"
small_exact,evaluation,small_exact_random_symmetric_n7_seed5,random_symmetric,7,5,networkx_christofides,skipped_not_applicable,,,221.80837067202282,221.80837067202282,nan,nan,True,,,0.00019459999748505652,251.77734375,251.77734375,0.0,34.0,calibrated_on_calibration_split,,,,"{""instance_metadata"": {""complete"": true, ""high"": 100.0, ""instance_type"": ""random_symmetric"", ""low"": 1.0, ""n"": 7, ""seed"": 5, ""symmetric"": true}, ""requires_metric_symmetric_complete"": true}"
small_exact,evaluation,small_exact_random_symmetric_n7_seed5,random_symmetric,7,5,networkx_greedy,ok,"[6, 0, 3, 5, 2, 4, 1]",248.85886825311852,221.80837067202282,221.80837067202282,0.12195435861658235,0.12195435861658235,True,True,True,0.0002600999978312757,251.77734375,251.78125,0.00390625,34.0,calibrated_on_calibration_split,,,,"{""finite_edges"": true, ""instance_metadata"": {""complete"": true, ""high"": 100.0, ""instance_type"": ""random_symmetric"", ""low"": 1.0, ""n"": 7, ""seed"": 5, ""symmetric"": true}, ""valid_route"": true}"
small_exact,evaluation,small_exact_random_symmetric_n7_seed5,random_symmetric,7,5,python_tsp_dynamic_programming,skipped_missing_dependency,,,221.80837067202282,221.80837067202282,nan,nan,True,,,0.0018674000020837411,251.78125,251.78125,0.0,34.0,calibrated_on_calibration_split,,,,"{""instance_metadata"": {""complete"": true, ""high"": 100.0, ""instance_type"": ""random_symmetric"", ""low"": 1.0, ""n"": 7, ""seed"": 5, ""symmetric"": true}}"
small_exact,evaluation,small_exact_random_asymmetric_n7_seed5,random_asymmetric,7,5,tn_exact,ok,"[6, 1, 0, 4, 3, 2, 5]",140.07054066683716,140.07054066683716,140.07054066683716,0.0,0.0,True,True,True,0.07121019999976852,251.78515625,251.875,0.08984375,34.0,calibrated_on_calibration_split,,True,,"{""exact_mode"": true, ""finite_edges"": true, ""instance_metadata"": {""complete"": true, ""high"": 100.0, ""instance_type"": ""random_asymmetric"", ""low"": 1.0, ""n"": 7, ""seed"": 5, ""symmetric"": false}, ""max_layers"": 5, ""n_layers"": null, ""n_layers_effective"": 5, ""normalization_factor"": 99.91843539144207, ""normalize"": true, ""seed"": 5, ""tau"": 34.0, ""valid_route"": true}"
small_exact,evaluation,small_exact_random_asymmetric_n7_seed5,random_asymmetric,7,5,held_karp,ok,"[6, 1, 0, 4, 3, 2, 5]",140.07054066683716,140.07054066683716,140.07054066683716,0.0,0.0,True,True,True,0.0006638999984716065,251.875,251.875,0.0,34.0,calibrated_on_calibration_split,,,,"{""instance_metadata"": {""complete"": true, ""high"": 100.0, ""instance_type"": ""random_asymmetric"", ""low"": 1.0, ""n"": 7, ""seed"": 5, ""symmetric"": false}, ""max_n"": 18, ""start"": 6}"
small_exact,evaluation,small_exact_random_asymmetric_n7_seed5,random_asymmetric,7,5,bruteforce,ok,"[6, 1, 0, 4, 3, 2, 5]",140.07054066683716,140.07054066683716,140.07054066683716,0.0,0.0,True,True,True,0.005338200000551296,251.875,251.875,0.0,34.0,calibrated_on_calibration_split,,,,"{""instance_metadata"": {""complete"": true, ""high"": 100.0, ""instance_type"": ""random_asymmetric"", ""low"": 1.0, ""n"": 7, ""seed"": 5, ""symmetric"": false}, ""max_n"": 10, ""permutations_checked"": 720, ""start"": 6}"
small_exact,evaluation,small_exact_random_asymmetric_n7_seed5,random_asymmetric,7,5,ortools,ok,"[6, 5, 3, 2, 1, 0, 4]",165.01755500565275,140.07054066683716,140.07054066683716,0.17810322013501015,0.17810322013501015,True,True,True,0.0033942999980354216,251.875,251.875,0.0,34.0,calibrated_on_calibration_split,,,5.0,"{""finite_edges"": true, ""infinity_penalty"": 699429045000, ""instance_metadata"": {""complete"": true, ""high"": 100.0, ""instance_type"": ""random_asymmetric"", ""low"": 1.0, ""n"": 7, ""seed"": 5, ""symmetric"": false}, ""integer_scale"": 1000000, ""start"": 6, ""time_limit_s"": 5.0, ""valid_route"": true}"
small_exact,evaluation,small_exact_random_asymmetric_n7_seed5,random_asymmetric,7,5,networkx_christofides,skipped_not_applicable,,,140.07054066683716,140.07054066683716,nan,nan,True,,,0.000148899998748675,251.875,251.875,0.0,34.0,calibrated_on_calibration_split,,,,"{""instance_metadata"": {""complete"": true, ""high"": 100.0, ""instance_type"": ""random_asymmetric"", ""low"": 1.0, ""n"": 7, ""seed"": 5, ""symmetric"": false}, ""requires_metric_symmetric_complete"": true}"
small_exact,evaluation,small_exact_random_asymmetric_n7_seed5,random_asymmetric,7,5,networkx_greedy,ok,"[6, 0, 4, 3, 2, 5, 1]",224.41048626528902,140.07054066683716,140.07054066683716,0.6021247950991884,0.6021247950991884,True,True,True,0.00021500000002561137,251.875,251.875,0.0,34.0,calibrated_on_calibration_split,,,,"{""finite_edges"": true, ""instance_metadata"": {""complete"": true, ""high"": 100.0, ""instance_type"": ""random_asymmetric"", ""low"": 1.0, ""n"": 7, ""seed"": 5, ""symmetric"": false}, ""valid_route"": true}"
small_exact,evaluation,small_exact_random_asymmetric_n7_seed5,random_asymmetric,7,5,python_tsp_dynamic_programming,skipped_missing_dependency,,,140.07054066683716,140.07054066683716,nan,nan,True,,,0.0011023000006389339,251.875,251.875,0.0,34.0,calibrated_on_calibration_split,,,,"{""instance_metadata"": {""complete"": true, ""high"": 100.0, ""instance_type"": ""random_asymmetric"", ""low"": 1.0, ""n"": 7, ""seed"": 5, ""symmetric"": false}}"
small_exact,evaluation,small_exact_euclidean_n7_seed6,euclidean,7,6,tn_exact,ok,"[6, 5, 1, 0, 4, 3, 2]",2821.8400236374973,2821.840023637497,2821.840023637497,1.6115277516698887e-16,1.6115277516698887e-16,True,True,True,0.11749150000105146,251.875,251.95703125,0.08203125,34.0,calibrated_on_calibration_split,,True,,"{""exact_mode"": true, ""finite_edges"": true, ""instance_metadata"": {""complete"": true, ""instance_type"": ""euclidean"", ""n"": 7, ""points"": [[538.1643514719432, 343.27086981333844], [369.06723979537827, 374.49676558788235], [987.4449901864666, 632.7562726071461], [674.3239305044935, 329.96345538545836], [679.9176611640223, 122.97237488719004], [51.729231983775215, 850.1913468087871], [8.895805535434675, 978.7675621852967]], ""scale"": 1000.0, ""seed"": 6, ""symmetric"": true}, ""max_layers"": 5, ""n_layers"": null, ""n_layers_effective"": 5, ""normalization_factor"": 1087.4997624523116, ""normalize"": true, ""seed"": 6, ""tau"": 34.0, ""valid_route"": true}"
small_exact,evaluation,small_exact_euclidean_n7_seed6,euclidean,7,6,held_karp,ok,"[6, 2, 3, 4, 0, 1, 5]",2821.840023637497,2821.840023637497,2821.840023637497,0.0,0.0,True,True,True,0.0007072999978845473,251.95703125,251.95703125,0.0,34.0,calibrated_on_calibration_split,,,,"{""instance_metadata"": {""complete"": true, ""instance_type"": ""euclidean"", ""n"": 7, ""points"": [[538.1643514719432, 343.27086981333844], [369.06723979537827, 374.49676558788235], [987.4449901864666, 632.7562726071461], [674.3239305044935, 329.96345538545836], [679.9176611640223, 122.97237488719004], [51.729231983775215, 850.1913468087871], [8.895805535434675, 978.7675621852967]], ""scale"": 1000.0, ""seed"": 6, ""symmetric"": true}, ""max_n"": 18, ""start"": 6}"
small_exact,evaluation,small_exact_euclidean_n7_seed6,euclidean,7,6,bruteforce,ok,"[6, 2, 3, 4, 0, 1, 5]",2821.840023637497,2821.840023637497,2821.840023637497,0.0,0.0,True,True,True,0.019066999997448875,251.95703125,251.95703125,0.0,34.0,calibrated_on_calibration_split,,,,"{""instance_metadata"": {""complete"": true, ""instance_type"": ""euclidean"", ""n"": 7, ""points"": [[538.1643514719432, 343.27086981333844], [369.06723979537827, 374.49676558788235], [987.4449901864666, 632.7562726071461], [674.3239305044935, 329.96345538545836], [679.9176611640223, 122.97237488719004], [51.729231983775215, 850.1913468087871], [8.895805535434675, 978.7675621852967]], ""scale"": 1000.0, ""seed"": 6, ""symmetric"": true}, ""max_n"": 10, ""permutations_checked"": 720, ""start"": 6}"
small_exact,evaluation,small_exact_euclidean_n7_seed6,euclidean,7,6,ortools,ok,"[6, 5, 1, 0, 4, 3, 2]",2821.8400236374973,2821.840023637497,2821.840023637497,1.6115277516698887e-16,1.6115277516698887e-16,True,True,True,0.0067332999969949014,251.95703125,251.95703125,0.0,34.0,calibrated_on_calibration_split,,,5.0,"{""finite_edges"": true, ""infinity_penalty"": 7612498334000, ""instance_metadata"": {""complete"": true, ""instance_type"": ""euclidean"", ""n"": 7, ""points"": [[538.1643514719432, 343.27086981333844], [369.06723979537827, 374.49676558788235], [987.4449901864666, 632.7562726071461], [674.3239305044935, 329.96345538545836], [679.9176611640223, 122.97237488719004], [51.729231983775215, 850.1913468087871], [8.895805535434675, 978.7675621852967]], ""scale"": 1000.0, ""seed"": 6, ""symmetric"": true}, ""integer_scale"": 1000000, ""start"": 6, ""time_limit_s"": 5.0, ""valid_route"": true}"
small_exact,evaluation,small_exact_euclidean_n7_seed6,euclidean,7,6,networkx_christofides,ok,"[6, 2, 3, 4, 0, 1, 5]",2821.840023637497,2821.840023637497,2821.840023637497,0.0,0.0,True,True,True,0.004070099999808008,251.95703125,251.95703125,0.0,34.0,calibrated_on_calibration_split,,,,"{""finite_edges"": true, ""instance_metadata"": {""complete"": true, ""instance_type"": ""euclidean"", ""n"": 7, ""points"": [[538.1643514719432, 343.27086981333844], [369.06723979537827, 374.49676558788235], [987.4449901864666, 632.7562726071461], [674.3239305044935, 329.96345538545836], [679.9176611640223, 122.97237488719004], [51.729231983775215, 850.1913468087871], [8.895805535434675, 978.7675621852967]], ""scale"": 1000.0, ""seed"": 6, ""symmetric"": true}, ""requires_metric_symmetric_complete"": true, ""valid_route"": true}"
small_exact,evaluation,small_exact_euclidean_n7_seed6,euclidean,7,6,networkx_greedy,ok,"[6, 2, 4, 3, 0, 1, 5]",2856.464974920708,2821.840023637497,2821.840023637497,0.012270345233312566,0.012270345233312566,True,True,True,0.0006160000011732336,251.95703125,251.95703125,0.0,34.0,calibrated_on_calibration_split,,,,"{""finite_edges"": true, ""instance_metadata"": {""complete"": true, ""instance_type"": ""euclidean"", ""n"": 7, ""points"": [[538.1643514719432, 343.27086981333844], [369.06723979537827, 374.49676558788235], [987.4449901864666, 632.7562726071461], [674.3239305044935, 329.96345538545836], [679.9176611640223, 122.97237488719004], [51.729231983775215, 850.1913468087871], [8.895805535434675, 978.7675621852967]], ""scale"": 1000.0, ""seed"": 6, ""symmetric"": true}, ""valid_route"": true}"
small_exact,evaluation,small_exact_euclidean_n7_seed6,euclidean,7,6,python_tsp_dynamic_programming,skipped_missing_dependency,,,2821.840023637497,2821.840023637497,nan,nan,True,,,0.003293800000392366,251.95703125,251.95703125,0.0,34.0,calibrated_on_calibration_split,,,,"{""instance_metadata"": {""complete"": true, ""instance_type"": ""euclidean"", ""n"": 7, ""points"": [[538.1643514719432, 343.27086981333844], [369.06723979537827, 374.49676558788235], [987.4449901864666, 632.7562726071461], [674.3239305044935, 329.96345538545836], [679.9176611640223, 122.97237488719004], [51.729231983775215, 850.1913468087871], [8.895805535434675, 978.7675621852967]], ""scale"": 1000.0, ""seed"": 6, ""symmetric"": true}}"
small_exact,evaluation,small_exact_random_symmetric_n7_seed6,random_symmetric,7,6,tn_exact,ok,"[6, 4, 5, 2, 3, 1, 0]",245.93742381076635,245.93742381076635,245.93742381076635,0.0,0.0,True,True,True,0.11389069999859203,251.95703125,251.95703125,0.0,34.0,calibrated_on_calibration_split,,True,,"{""exact_mode"": true, ""finite_edges"": true, ""instance_metadata"": {""complete"": true, ""high"": 100.0, ""instance_type"": ""random_symmetric"", ""low"": 1.0, ""n"": 7, ""seed"": 6, ""symmetric"": true}, ""max_layers"": 5, ""n_layers"": null, ""n_layers_effective"": 5, ""normalization_factor"": 92.34842286276243, ""normalize"": true, ""seed"": 6, ""tau"": 34.0, ""valid_route"": true}"
small_exact,evaluation,small_exact_random_symmetric_n7_seed6,random_symmetric,7,6,held_karp,ok,"[6, 4, 5, 2, 3, 1, 0]",245.93742381076635,245.93742381076635,245.93742381076635,0.0,0.0,True,True,True,0.0011271000003034715,251.95703125,251.95703125,0.0,34.0,calibrated_on_calibration_split,,,,"{""instance_metadata"": {""complete"": true, ""high"": 100.0, ""instance_type"": ""random_symmetric"", ""low"": 1.0, ""n"": 7, ""seed"": 6, ""symmetric"": true}, ""max_n"": 18, ""start"": 6}"
small_exact,evaluation,small_exact_random_symmetric_n7_seed6,random_symmetric,7,6,bruteforce,ok,"[6, 0, 1, 3, 2, 5, 4]",245.93742381076635,245.93742381076635,245.93742381076635,0.0,0.0,True,True,True,0.020791599999938626,251.95703125,251.95703125,0.0,34.0,calibrated_on_calibration_split,,,,"{""instance_metadata"": {""complete"": true, ""high"": 100.0, ""instance_type"": ""random_symmetric"", ""low"": 1.0, ""n"": 7, ""seed"": 6, ""symmetric"": true}, ""max_n"": 10, ""permutations_checked"": 720, ""start"": 6}"
small_exact,evaluation,small_exact_random_symmetric_n7_seed6,random_symmetric,7,6,ortools,ok,"[6, 4, 5, 2, 3, 1, 0]",245.93742381076635,245.93742381076635,245.93742381076635,0.0,0.0,True,True,True,0.011766899999201996,251.95703125,251.95703125,0.0,34.0,calibrated_on_calibration_split,,,5.0,"{""finite_edges"": true, ""infinity_penalty"": 646438961000, ""instance_metadata"": {""complete"": true, ""high"": 100.0, ""instance_type"": ""random_symmetric"", ""low"": 1.0, ""n"": 7, ""seed"": 6, ""symmetric"": true}, ""integer_scale"": 1000000, ""start"": 6, ""time_limit_s"": 5.0, ""valid_route"": true}"
small_exact,evaluation,small_exact_random_symmetric_n7_seed6,random_symmetric,7,6,networkx_christofides,skipped_not_applicable,,,245.93742381076635,245.93742381076635,nan,nan,True,,,0.00039400000241585076,251.95703125,251.95703125,0.0,34.0,calibrated_on_calibration_split,,,,"{""instance_metadata"": {""complete"": true, ""high"": 100.0, ""instance_type"": ""random_symmetric"", ""low"": 1.0, ""n"": 7, ""seed"": 6, ""symmetric"": true}, ""requires_metric_symmetric_complete"": true}"
small_exact,evaluation,small_exact_random_symmetric_n7_seed6,random_symmetric,7,6,networkx_greedy,ok,"[6, 2, 5, 0, 1, 3, 4]",285.18586362892546,245.93742381076635,245.93742381076635,0.15958709825454773,0.15958709825454773,True,True,True,0.00046830000064801425,251.95703125,251.95703125,0.0,34.0,calibrated_on_calibration_split,,,,"{""finite_edges"": true, ""instance_metadata"": {""complete"": true, ""high"": 100.0, ""instance_type"": ""random_symmetric"", ""low"": 1.0, ""n"": 7, ""seed"": 6, ""symmetric"": true}, ""valid_route"": true}"
small_exact,evaluation,small_exact_random_symmetric_n7_seed6,random_symmetric,7,6,python_tsp_dynamic_programming,skipped_missing_dependency,,,245.93742381076635,245.93742381076635,nan,nan,True,,,0.002398600001470186,251.9609375,251.9609375,0.0,34.0,calibrated_on_calibration_split,,,,"{""instance_metadata"": {""complete"": true, ""high"": 100.0, ""instance_type"": ""random_symmetric"", ""low"": 1.0, ""n"": 7, ""seed"": 6, ""symmetric"": true}}"
small_exact,evaluation,small_exact_random_asymmetric_n7_seed6,random_asymmetric,7,6,tn_exact,ok,"[6, 4, 0, 1, 3, 5, 2]",165.86999532317512,165.86999532317512,165.86999532317512,0.0,0.0,True,True,True,0.0893813999973645,251.9609375,252.01171875,0.05078125,34.0,calibrated_on_calibration_split,,True,,"{""exact_mode"": true, ""finite_edges"": true, ""instance_metadata"": {""complete"": true, ""high"": 100.0, ""instance_type"": ""random_asymmetric"", ""low"": 1.0, ""n"": 7, ""seed"": 6, ""symmetric"": false}, ""max_layers"": 5, ""n_layers"": null, ""n_layers_effective"": 5, ""normalization_factor"": 98.75705402846019, ""normalize"": true, ""seed"": 6, ""tau"": 34.0, ""valid_route"": true}"
small_exact,evaluation,small_exact_random_asymmetric_n7_seed6,random_asymmetric,7,6,held_karp,ok,"[6, 4, 0, 1, 3, 5, 2]",165.86999532317512,165.86999532317512,165.86999532317512,0.0,0.0,True,True,True,0.000685499999235617,252.01171875,252.01171875,0.0,34.0,calibrated_on_calibration_split,,,,"{""instance_metadata"": {""complete"": true, ""high"": 100.0, ""instance_type"": ""random_asymmetric"", ""low"": 1.0, ""n"": 7, ""seed"": 6, ""symmetric"": false}, ""max_n"": 18, ""start"": 6}"
small_exact,evaluation,small_exact_random_asymmetric_n7_seed6,random_asymmetric,7,6,bruteforce,ok,"[6, 4, 0, 1, 3, 5, 2]",165.86999532317512,165.86999532317512,165.86999532317512,0.0,0.0,True,True,True,0.004786299999977928,252.01171875,252.01171875,0.0,34.0,calibrated_on_calibration_split,,,,"{""instance_metadata"": {""complete"": true, ""high"": 100.0, ""instance_type"": ""random_asymmetric"", ""low"": 1.0, ""n"": 7, ""seed"": 6, ""symmetric"": false}, ""max_n"": 10, ""permutations_checked"": 720, ""start"": 6}"
small_exact,evaluation,small_exact_random_asymmetric_n7_seed6,random_asymmetric,7,6,ortools,ok,"[6, 0, 2, 3, 1, 5, 4]",170.6694335386936,165.86999532317512,165.86999532317512,0.028934939114017733,0.028934939114017733,True,True,True,0.0024019000011321623,252.01171875,252.01171875,0.0,34.0,calibrated_on_calibration_split,,,5.0,"{""finite_edges"": true, ""infinity_penalty"": 691299378000, ""instance_metadata"": {""complete"": true, ""high"": 100.0, ""instance_type"": ""random_asymmetric"", ""low"": 1.0, ""n"": 7, ""seed"": 6, ""symmetric"": false}, ""integer_scale"": 1000000, ""start"": 6, ""time_limit_s"": 5.0, ""valid_route"": true}"
small_exact,evaluation,small_exact_random_asymmetric_n7_seed6,random_asymmetric,7,6,networkx_christofides,skipped_not_applicable,,,165.86999532317512,165.86999532317512,nan,nan,True,,,0.0001261000033991877,252.01171875,252.01171875,0.0,34.0,calibrated_on_calibration_split,,,,"{""instance_metadata"": {""complete"": true, ""high"": 100.0, ""instance_type"": ""random_asymmetric"", ""low"": 1.0, ""n"": 7, ""seed"": 6, ""symmetric"": false}, ""requires_metric_symmetric_complete"": true}"
small_exact,evaluation,small_exact_random_asymmetric_n7_seed6,random_asymmetric,7,6,networkx_greedy,ok,"[6, 4, 0, 1, 5, 2, 3]",195.2179420173131,165.86999532317512,165.86999532317512,0.17693342691037947,0.17693342691037947,True,True,True,0.00040219999937107787,252.01171875,252.01171875,0.0,34.0,calibrated_on_calibration_split,,,,"{""finite_edges"": true, ""instance_metadata"": {""complete"": true, ""high"": 100.0, ""instance_type"": ""random_asymmetric"", ""low"": 1.0, ""n"": 7, ""seed"": 6, ""symmetric"": false}, ""valid_route"": true}"
small_exact,evaluation,small_exact_random_asymmetric_n7_seed6,random_asymmetric,7,6,python_tsp_dynamic_programming,skipped_missing_dependency,,,165.86999532317512,165.86999532317512,nan,nan,True,,,0.001157399998191977,252.01171875,252.01171875,0.0,34.0,calibrated_on_calibration_split,,,,"{""instance_metadata"": {""complete"": true, ""high"": 100.0, ""instance_type"": ""random_asymmetric"", ""low"": 1.0, ""n"": 7, ""seed"": 6, ""symmetric"": false}}"
small_exact,evaluation,small_exact_euclidean_n7_seed7,euclidean,7,7,tn_exact,ok,"[6, 5, 1, 4, 0, 2, 3]",2431.95417121589,2431.95417121589,2431.95417121589,0.0,0.0,True,True,True,0.1088696999977401,252.01171875,252.015625,0.00390625,34.0,calibrated_on_calibration_split,,True,,"{""exact_mode"": true, ""finite_edges"": true, ""instance_metadata"": {""complete"": true, ""instance_type"": ""euclidean"", ""n"": 7, ""points"": [[625.095466604667, 897.2138009695755], [775.6856902451935, 225.20718999059187], [300.16628491122543, 873.5534453962618], [5.265304565574724, 821.2284183827662], [797.0694287520462, 467.9349528437208], [303.0324268193135, 278.4256121007733], [254.8695876541246, 445.0763058826466]], ""scale"": 1000.0, ""seed"": 7, ""symmetric"": true}, ""max_layers"": 5, ""n_layers"": null, ""n_layers_effective"": 5, ""normalization_factor"": 974.0579425089911, ""normalize"": true, ""seed"": 7, ""tau"": 34.0, ""valid_route"": true}"
small_exact,evaluation,small_exact_euclidean_n7_seed7,euclidean,7,7,held_karp,ok,"[6, 5, 1, 4, 0, 2, 3]",2431.95417121589,2431.95417121589,2431.95417121589,0.0,0.0,True,True,True,0.0005267999986244831,252.015625,252.015625,0.0,34.0,calibrated_on_calibration_split,,,,"{""instance_metadata"": {""complete"": true, ""instance_type"": ""euclidean"", ""n"": 7, ""points"": [[625.095466604667, 897.2138009695755], [775.6856902451935, 225.20718999059187], [300.16628491122543, 873.5534453962618], [5.265304565574724, 821.2284183827662], [797.0694287520462, 467.9349528437208], [303.0324268193135, 278.4256121007733], [254.8695876541246, 445.0763058826466]], ""scale"": 1000.0, ""seed"": 7, ""symmetric"": true}, ""max_n"": 18, ""start"": 6}"
small_exact,evaluation,small_exact_euclidean_n7_seed7,euclidean,7,7,bruteforce,ok,"[6, 3, 2, 0, 4, 1, 5]",2431.95417121589,2431.95417121589,2431.95417121589,0.0,0.0,True,True,True,0.007586700001411373,252.015625,252.015625,0.0,34.0,calibrated_on_calibration_split,,,,"{""instance_metadata"": {""complete"": true, ""instance_type"": ""euclidean"", ""n"": 7, ""points"": [[625.095466604667, 897.2138009695755], [775.6856902451935, 225.20718999059187], [300.16628491122543, 873.5534453962618], [5.265304565574724, 821.2284183827662], [797.0694287520462, 467.9349528437208], [303.0324268193135, 278.4256121007733], [254.8695876541246, 445.0763058826466]], ""scale"": 1000.0, ""seed"": 7, ""symmetric"": true}, ""max_n"": 10, ""permutations_checked"": 720, ""start"": 6}"
small_exact,evaluation,small_exact_euclidean_n7_seed7,euclidean,7,7,ortools,ok,"[6, 5, 1, 4, 0, 2, 3]",2431.95417121589,2431.95417121589,2431.95417121589,0.0,0.0,True,True,True,0.0031271999978343956,252.015625,252.01953125,0.00390625,34.0,calibrated_on_calibration_split,,,5.0,"{""finite_edges"": true, ""infinity_penalty"": 6818405601000, ""instance_metadata"": {""complete"": true, ""instance_type"": ""euclidean"", ""n"": 7, ""points"": [[625.095466604667, 897.2138009695755], [775.6856902451935, 225.20718999059187], [300.16628491122543, 873.5534453962618], [5.265304565574724, 821.2284183827662], [797.0694287520462, 467.9349528437208], [303.0324268193135, 278.4256121007733], [254.8695876541246, 445.0763058826466]], ""scale"": 1000.0, ""seed"": 7, ""symmetric"": true}, ""integer_scale"": 1000000, ""start"": 6, ""time_limit_s"": 5.0, ""valid_route"": true}"
small_exact,evaluation,small_exact_euclidean_n7_seed7,euclidean,7,7,networkx_christofides,ok,"[6, 2, 3, 0, 4, 1, 5]",2710.065743433686,2431.95417121589,2431.95417121589,0.11435724221676029,0.11435724221676029,True,True,True,0.0029777999989164528,252.01953125,252.0390625,0.01953125,34.0,calibrated_on_calibration_split,,,,"{""finite_edges"": true, ""instance_metadata"": {""complete"": true, ""instance_type"": ""euclidean"", ""n"": 7, ""points"": [[625.095466604667, 897.2138009695755], [775.6856902451935, 225.20718999059187], [300.16628491122543, 873.5534453962618], [5.265304565574724, 821.2284183827662], [797.0694287520462, 467.9349528437208], [303.0324268193135, 278.4256121007733], [254.8695876541246, 445.0763058826466]], ""scale"": 1000.0, ""seed"": 7, ""symmetric"": true}, ""requires_metric_symmetric_complete"": true, ""valid_route"": true}"
small_exact,evaluation,small_exact_euclidean_n7_seed7,euclidean,7,7,networkx_greedy,ok,"[6, 3, 2, 0, 4, 1, 5]",2431.95417121589,2431.95417121589,2431.95417121589,0.0,0.0,True,True,True,0.00030609999885200523,252.0390625,252.0390625,0.0,34.0,calibrated_on_calibration_split,,,,"{""finite_edges"": true, ""instance_metadata"": {""complete"": true, ""instance_type"": ""euclidean"", ""n"": 7, ""points"": [[625.095466604667, 897.2138009695755], [775.6856902451935, 225.20718999059187], [300.16628491122543, 873.5534453962618], [5.265304565574724, 821.2284183827662], [797.0694287520462, 467.9349528437208], [303.0324268193135, 278.4256121007733], [254.8695876541246, 445.0763058826466]], ""scale"": 1000.0, ""seed"": 7, ""symmetric"": true}, ""valid_route"": true}"
small_exact,evaluation,small_exact_euclidean_n7_seed7,euclidean,7,7,python_tsp_dynamic_programming,skipped_missing_dependency,,,2431.95417121589,2431.95417121589,nan,nan,True,,,0.0017391999972460326,252.0390625,252.0390625,0.0,34.0,calibrated_on_calibration_split,,,,"{""instance_metadata"": {""complete"": true, ""instance_type"": ""euclidean"", ""n"": 7, ""points"": [[625.095466604667, 897.2138009695755], [775.6856902451935, 225.20718999059187], [300.16628491122543, 873.5534453962618], [5.265304565574724, 821.2284183827662], [797.0694287520462, 467.9349528437208], [303.0324268193135, 278.4256121007733], [254.8695876541246, 445.0763058826466]], ""scale"": 1000.0, ""seed"": 7, ""symmetric"": true}}"
small_exact,evaluation,small_exact_random_symmetric_n7_seed7,random_symmetric,7,7,tn_exact,ok,"[6, 0, 3, 4, 5, 1, 2]",230.2750155120375,230.2750155120375,230.2750155120375,0.0,0.0,True,True,True,0.0915344000022742,252.0390625,252.0390625,0.0,34.0,calibrated_on_calibration_split,,True,,"{""exact_mode"": true, ""finite_edges"": true, ""instance_metadata"": {""complete"": true, ""high"": 100.0, ""instance_type"": ""random_symmetric"", ""low"": 1.0, ""n"": 7, ""seed"": 7, ""symmetric"": true}, ""max_layers"": 5, ""n_layers"": null, ""n_layers_effective"": 5, ""normalization_factor"": 86.06288985794092, ""normalize"": true, ""seed"": 7, ""tau"": 34.0, ""valid_route"": true}"
small_exact,evaluation,small_exact_random_symmetric_n7_seed7,random_symmetric,7,7,held_karp,ok,"[6, 0, 3, 4, 5, 1, 2]",230.2750155120375,230.2750155120375,230.2750155120375,0.0,0.0,True,True,True,0.0003127999989374075,252.0390625,252.0390625,0.0,34.0,calibrated_on_calibration_split,,,,"{""instance_metadata"": {""complete"": true, ""high"": 100.0, ""instance_type"": ""random_symmetric"", ""low"": 1.0, ""n"": 7, ""seed"": 7, ""symmetric"": true}, ""max_n"": 18, ""start"": 6}"
small_exact,evaluation,small_exact_random_symmetric_n7_seed7,random_symmetric,7,7,bruteforce,ok,"[6, 0, 3, 4, 5, 1, 2]",230.2750155120375,230.2750155120375,230.2750155120375,0.0,0.0,True,True,True,0.007487200000468874,252.0390625,252.0390625,0.0,34.0,calibrated_on_calibration_split,,,,"{""instance_metadata"": {""complete"": true, ""high"": 100.0, ""instance_type"": ""random_symmetric"", ""low"": 1.0, ""n"": 7, ""seed"": 7, ""symmetric"": true}, ""max_n"": 10, ""permutations_checked"": 720, ""start"": 6}"
small_exact,evaluation,small_exact_random_symmetric_n7_seed7,random_symmetric,7,7,ortools,ok,"[6, 0, 3, 4, 5, 1, 2]",230.2750155120375,230.2750155120375,230.2750155120375,0.0,0.0,True,True,True,0.007908299998234725,252.0390625,252.0390625,0.0,34.0,calibrated_on_calibration_split,,,5.0,"{""finite_edges"": true, ""infinity_penalty"": 602440230000, ""instance_metadata"": {""complete"": true, ""high"": 100.0, ""instance_type"": ""random_symmetric"", ""low"": 1.0, ""n"": 7, ""seed"": 7, ""symmetric"": true}, ""integer_scale"": 1000000, ""start"": 6, ""time_limit_s"": 5.0, ""valid_route"": true}"
small_exact,evaluation,small_exact_random_symmetric_n7_seed7,random_symmetric,7,7,networkx_christofides,skipped_not_applicable,,,230.2750155120375,230.2750155120375,nan,nan,True,,,0.00014490000103251077,252.0390625,252.0390625,0.0,34.0,calibrated_on_calibration_split,,,,"{""instance_metadata"": {""complete"": true, ""high"": 100.0, ""instance_type"": ""random_symmetric"", ""low"": 1.0, ""n"": 7, ""seed"": 7, ""symmetric"": true}, ""requires_metric_symmetric_complete"": true}"
small_exact,evaluation,small_exact_random_symmetric_n7_seed7,random_symmetric,7,7,networkx_greedy,ok,"[6, 0, 3, 4, 5, 1, 2]",230.2750155120375,230.2750155120375,230.2750155120375,0.0,0.0,True,True,True,0.00021010000273236074,252.0390625,252.0390625,0.0,34.0,calibrated_on_calibration_split,,,,"{""finite_edges"": true, ""instance_metadata"": {""complete"": true, ""high"": 100.0, ""instance_type"": ""random_symmetric"", ""low"": 1.0, ""n"": 7, ""seed"": 7, ""symmetric"": true}, ""valid_route"": true}"
small_exact,evaluation,small_exact_random_symmetric_n7_seed7,random_symmetric,7,7,python_tsp_dynamic_programming,skipped_missing_dependency,,,230.2750155120375,230.2750155120375,nan,nan,True,,,0.0010944999994535465,252.0390625,252.0390625,0.0,34.0,calibrated_on_calibration_split,,,,"{""instance_metadata"": {""complete"": true, ""high"": 100.0, ""instance_type"": ""random_symmetric"", ""low"": 1.0, ""n"": 7, ""seed"": 7, ""symmetric"": true}}"
small_exact,evaluation,small_exact_random_asymmetric_n7_seed7,random_asymmetric,7,7,tn_exact,ok,"[6, 4, 5, 2, 1, 3, 0]",136.65427173334808,136.65427173334808,136.65427173334808,0.0,0.0,True,True,True,0.06634520000079647,252.04296875,252.10546875,0.0625,34.0,calibrated_on_calibration_split,,True,,"{""exact_mode"": true, ""finite_edges"": true, ""instance_metadata"": {""complete"": true, ""high"": 100.0, ""instance_type"": ""random_asymmetric"", ""low"": 1.0, ""n"": 7, ""seed"": 7, ""symmetric"": false}, ""max_layers"": 5, ""n_layers"": null, ""n_layers_effective"": 5, ""normalization_factor"": 98.9070546205066, ""normalize"": true, ""seed"": 7, ""tau"": 34.0, ""valid_route"": true}"
small_exact,evaluation,small_exact_random_asymmetric_n7_seed7,random_asymmetric,7,7,held_karp,ok,"[6, 4, 5, 2, 1, 3, 0]",136.65427173334808,136.65427173334808,136.65427173334808,0.0,0.0,True,True,True,0.00032079999800771475,252.10546875,252.10546875,0.0,34.0,calibrated_on_calibration_split,,,,"{""instance_metadata"": {""complete"": true, ""high"": 100.0, ""instance_type"": ""random_asymmetric"", ""low"": 1.0, ""n"": 7, ""seed"": 7, ""symmetric"": false}, ""max_n"": 18, ""start"": 6}"
small_exact,evaluation,small_exact_random_asymmetric_n7_seed7,random_asymmetric,7,7,bruteforce,ok,"[6, 4, 5, 2, 1, 3, 0]",136.65427173334808,136.65427173334808,136.65427173334808,0.0,0.0,True,True,True,0.005027800001698779,252.10546875,252.10546875,0.0,34.0,calibrated_on_calibration_split,,,,"{""instance_metadata"": {""complete"": true, ""high"": 100.0, ""instance_type"": ""random_asymmetric"", ""low"": 1.0, ""n"": 7, ""seed"": 7, ""symmetric"": false}, ""max_n"": 10, ""permutations_checked"": 720, ""start"": 6}"
small_exact,evaluation,small_exact_random_asymmetric_n7_seed7,random_asymmetric,7,7,ortools,ok,"[6, 4, 5, 2, 1, 3, 0]",136.65427173334808,136.65427173334808,136.65427173334808,0.0,0.0,True,True,True,0.002660699999978533,252.10546875,252.10546875,0.0,34.0,calibrated_on_calibration_split,,,5.0,"{""finite_edges"": true, ""infinity_penalty"": 692349385000, ""instance_metadata"": {""complete"": true, ""high"": 100.0, ""instance_type"": ""random_asymmetric"", ""low"": 1.0, ""n"": 7, ""seed"": 7, ""symmetric"": false}, ""integer_scale"": 1000000, ""start"": 6, ""time_limit_s"": 5.0, ""valid_route"": true}"
small_exact,evaluation,small_exact_random_asymmetric_n7_seed7,random_asymmetric,7,7,networkx_christofides,skipped_not_applicable,,,136.65427173334808,136.65427173334808,nan,nan,True,,,0.0001297999988310039,252.10546875,252.10546875,0.0,34.0,calibrated_on_calibration_split,,,,"{""instance_metadata"": {""complete"": true, ""high"": 100.0, ""instance_type"": ""random_asymmetric"", ""low"": 1.0, ""n"": 7, ""seed"": 7, ""symmetric"": false}, ""requires_metric_symmetric_complete"": true}"
small_exact,evaluation,small_exact_random_asymmetric_n7_seed7,random_asymmetric,7,7,networkx_greedy,ok,"[6, 4, 5, 2, 0, 3, 1]",212.42533167026085,136.65427173334808,136.65427173334808,0.5544726774788568,0.5544726774788568,True,True,True,0.0003802999999606982,252.10546875,252.109375,0.00390625,34.0,calibrated_on_calibration_split,,,,"{""finite_edges"": true, ""instance_metadata"": {""complete"": true, ""high"": 100.0, ""instance_type"": ""random_asymmetric"", ""low"": 1.0, ""n"": 7, ""seed"": 7, ""symmetric"": false}, ""valid_route"": true}"
small_exact,evaluation,small_exact_random_asymmetric_n7_seed7,random_asymmetric,7,7,python_tsp_dynamic_programming,skipped_missing_dependency,,,136.65427173334808,136.65427173334808,nan,nan,True,,,0.0010962000014842488,252.109375,252.109375,0.0,34.0,calibrated_on_calibration_split,,,,"{""instance_metadata"": {""complete"": true, ""high"": 100.0, ""instance_type"": ""random_asymmetric"", ""low"": 1.0, ""n"": 7, ""seed"": 7, ""symmetric"": false}}"
small_exact,evaluation,small_exact_euclidean_n7_seed8,euclidean,7,8,tn_exact,ok,"[6, 4, 1, 0, 2, 3, 5]",2421.1801347910573,2421.1801347910573,2421.1801347910573,0.0,0.0,True,True,True,0.12455639999825507,252.109375,252.109375,0.0,34.0,calibrated_on_calibration_split,,True,,"{""exact_mode"": true, ""finite_edges"": true, ""instance_metadata"": {""complete"": true, ""instance_type"": ""euclidean"", ""n"": 7, ""points"": [[326.9722766055607, 987.2768433379256], [318.7108384855167, 788.548935820029], [869.8965116962161, 391.08480653919395], [437.8818731227988, 372.74890308935306], [106.95359647277436, 478.965454162717], [241.3521450846823, 257.1452485511297], [184.7315568344149, 193.8645489043107]], ""scale"": 1000.0, ""seed"": 8, ""symmetric"": true}, ""max_layers"": 5, ""n_layers"": null, ""n_layers_effective"": 5, ""normalization_factor"": 806.3570361762793, ""normalize"": true, ""seed"": 8, ""tau"": 34.0, ""valid_route"": true}"
small_exact,evaluation,small_exact_euclidean_n7_seed8,euclidean,7,8,held_karp,ok,"[6, 5, 3, 2, 0, 1, 4]",2421.1801347910573,2421.1801347910573,2421.1801347910573,0.0,0.0,True,True,True,0.00043509999886737205,252.109375,252.109375,0.0,34.0,calibrated_on_calibration_split,,,,"{""instance_metadata"": {""complete"": true, ""instance_type"": ""euclidean"", ""n"": 7, ""points"": [[326.9722766055607, 987.2768433379256], [318.7108384855167, 788.548935820029], [869.8965116962161, 391.08480653919395], [437.8818731227988, 372.74890308935306], [106.95359647277436, 478.965454162717], [241.3521450846823, 257.1452485511297], [184.7315568344149, 193.8645489043107]], ""scale"": 1000.0, ""seed"": 8, ""symmetric"": true}, ""max_n"": 18, ""start"": 6}"
small_exact,evaluation,small_exact_euclidean_n7_seed8,euclidean,7,8,bruteforce,ok,"[6, 4, 1, 0, 2, 3, 5]",2421.1801347910573,2421.1801347910573,2421.1801347910573,0.0,0.0,True,True,True,0.007332799999858253,252.109375,252.109375,0.0,34.0,calibrated_on_calibration_split,,,,"{""instance_metadata"": {""complete"": true, ""instance_type"": ""euclidean"", ""n"": 7, ""points"": [[326.9722766055607, 987.2768433379256], [318.7108384855167, 788.548935820029], [869.8965116962161, 391.08480653919395], [437.8818731227988, 372.74890308935306], [106.95359647277436, 478.965454162717], [241.3521450846823, 257.1452485511297], [184.7315568344149, 193.8645489043107]], ""scale"": 1000.0, ""seed"": 8, ""symmetric"": true}, ""max_n"": 10, ""permutations_checked"": 720, ""start"": 6}"
small_exact,evaluation,small_exact_euclidean_n7_seed8,euclidean,7,8,ortools,ok,"[6, 5, 3, 2, 0, 1, 4]",2421.1801347910573,2421.1801347910573,2421.1801347910573,0.0,0.0,True,True,True,0.006559500001458218,252.109375,252.109375,0.0,34.0,calibrated_on_calibration_split,,,5.0,"{""finite_edges"": true, ""infinity_penalty"": 5644499252000, ""instance_metadata"": {""complete"": true, ""instance_type"": ""euclidean"", ""n"": 7, ""points"": [[326.9722766055607, 987.2768433379256], [318.7108384855167, 788.548935820029], [869.8965116962161, 391.08480653919395], [437.8818731227988, 372.74890308935306], [106.95359647277436, 478.965454162717], [241.3521450846823, 257.1452485511297], [184.7315568344149, 193.8645489043107]], ""scale"": 1000.0, ""seed"": 8, ""symmetric"": true}, ""integer_scale"": 1000000, ""start"": 6, ""time_limit_s"": 5.0, ""valid_route"": true}"
small_exact,evaluation,small_exact_euclidean_n7_seed8,euclidean,7,8,networkx_christofides,ok,"[6, 4, 1, 0, 2, 3, 5]",2421.1801347910573,2421.1801347910573,2421.1801347910573,0.0,0.0,True,True,True,0.0020303999990574084,252.109375,252.1171875,0.0078125,34.0,calibrated_on_calibration_split,,,,"{""finite_edges"": true, ""instance_metadata"": {""complete"": true, ""instance_type"": ""euclidean"", ""n"": 7, ""points"": [[326.9722766055607, 987.2768433379256], [318.7108384855167, 788.548935820029], [869.8965116962161, 391.08480653919395], [437.8818731227988, 372.74890308935306], [106.95359647277436, 478.965454162717], [241.3521450846823, 257.1452485511297], [184.7315568344149, 193.8645489043107]], ""scale"": 1000.0, ""seed"": 8, ""symmetric"": true}, ""requires_metric_symmetric_complete"": true, ""valid_route"": true}"
small_exact,evaluation,small_exact_euclidean_n7_seed8,euclidean,7,8,networkx_greedy,ok,"[6, 2, 0, 1, 4, 3, 5]",2753.797688225936,2421.1801347910573,2421.1801347910573,0.1373782762609618,0.1373782762609618,True,True,True,0.00020120000044698827,252.1171875,252.12109375,0.00390625,34.0,calibrated_on_calibration_split,,,,"{""finite_edges"": true, ""instance_metadata"": {""complete"": true, ""instance_type"": ""euclidean"", ""n"": 7, ""points"": [[326.9722766055607, 987.2768433379256], [318.7108384855167, 788.548935820029], [869.8965116962161, 391.08480653919395], [437.8818731227988, 372.74890308935306], [106.95359647277436, 478.965454162717], [241.3521450846823, 257.1452485511297], [184.7315568344149, 193.8645489043107]], ""scale"": 1000.0, ""seed"": 8, ""symmetric"": true}, ""valid_route"": true}"
small_exact,evaluation,small_exact_euclidean_n7_seed8,euclidean,7,8,python_tsp_dynamic_programming,skipped_missing_dependency,,,2421.1801347910573,2421.1801347910573,nan,nan,True,,,0.0010691000024962705,252.12109375,252.12109375,0.0,34.0,calibrated_on_calibration_split,,,,"{""instance_metadata"": {""complete"": true, ""instance_type"": ""euclidean"", ""n"": 7, ""points"": [[326.9722766055607, 987.2768433379256], [318.7108384855167, 788.548935820029], [869.8965116962161, 391.08480653919395], [437.8818731227988, 372.74890308935306], [106.95359647277436, 478.965454162717], [241.3521450846823, 257.1452485511297], [184.7315568344149, 193.8645489043107]], ""scale"": 1000.0, ""seed"": 8, ""symmetric"": true}}"
small_exact,evaluation,small_exact_random_symmetric_n7_seed8,random_symmetric,7,8,tn_exact,ok,"[6, 0, 5, 4, 3, 2, 1]",257.4419797722655,243.87523111547387,243.87523111547387,0.05562987514040661,0.05562987514040661,True,True,True,0.05863589999717078,252.125,252.125,0.0,34.0,calibrated_on_calibration_split,,True,,"{""exact_mode"": true, ""finite_edges"": true, ""instance_metadata"": {""complete"": true, ""high"": 100.0, ""instance_type"": ""random_symmetric"", ""low"": 1.0, ""n"": 7, ""seed"": 8, ""symmetric"": true}, ""max_layers"": 5, ""n_layers"": null, ""n_layers_effective"": 5, ""normalization_factor"": 74.58791057710924, ""normalize"": true, ""seed"": 8, ""tau"": 34.0, ""valid_route"": true}"
small_exact,evaluation,small_exact_random_symmetric_n7_seed8,random_symmetric,7,8,held_karp,ok,"[6, 1, 2, 0, 5, 4, 3]",243.87523111547387,243.87523111547387,243.87523111547387,0.0,0.0,True,True,True,0.0003195000026607886,252.125,252.125,0.0,34.0,calibrated_on_calibration_split,,,,"{""instance_metadata"": {""complete"": true, ""high"": 100.0, ""instance_type"": ""random_symmetric"", ""low"": 1.0, ""n"": 7, ""seed"": 8, ""symmetric"": true}, ""max_n"": 18, ""start"": 6}"
small_exact,evaluation,small_exact_random_symmetric_n7_seed8,random_symmetric,7,8,bruteforce,ok,"[6, 1, 2, 0, 5, 4, 3]",243.87523111547387,243.87523111547387,243.87523111547387,0.0,0.0,True,True,True,0.0046196000002964865,252.125,252.125,0.0,34.0,calibrated_on_calibration_split,,,,"{""instance_metadata"": {""complete"": true, ""high"": 100.0, ""instance_type"": ""random_symmetric"", ""low"": 1.0, ""n"": 7, ""seed"": 8, ""symmetric"": true}, ""max_n"": 10, ""permutations_checked"": 720, ""start"": 6}"
small_exact,evaluation,small_exact_random_symmetric_n7_seed8,random_symmetric,7,8,ortools,ok,"[6, 1, 2, 0, 5, 4, 3]",243.87523111547387,243.87523111547387,243.87523111547387,0.0,0.0,True,True,True,0.0031173999996099155,252.125,252.125,0.0,34.0,calibrated_on_calibration_split,,,5.0,"{""finite_edges"": true, ""infinity_penalty"": 522115377000, ""instance_metadata"": {""complete"": true, ""high"": 100.0, ""instance_type"": ""random_symmetric"", ""low"": 1.0, ""n"": 7, ""seed"": 8, ""symmetric"": true}, ""integer_scale"": 1000000, ""start"": 6, ""time_limit_s"": 5.0, ""valid_route"": true}"
small_exact,evaluation,small_exact_random_symmetric_n7_seed8,random_symmetric,7,8,networkx_christofides,skipped_not_applicable,,,243.87523111547387,243.87523111547387,nan,nan,True,,,0.0001581999968038872,252.125,252.125,0.0,34.0,calibrated_on_calibration_split,,,,"{""instance_metadata"": {""complete"": true, ""high"": 100.0, ""instance_type"": ""random_symmetric"", ""low"": 1.0, ""n"": 7, ""seed"": 8, ""symmetric"": true}, ""requires_metric_symmetric_complete"": true}"
small_exact,evaluation,small_exact_random_symmetric_n7_seed8,random_symmetric,7,8,networkx_greedy,ok,"[6, 1, 3, 4, 5, 0, 2]",248.90458186156377,243.87523111547387,243.87523111547387,0.020622638564342467,0.020622638564342467,True,True,True,0.0002007000002777204,252.125,252.125,0.0,34.0,calibrated_on_calibration_split,,,,"{""finite_edges"": true, ""instance_metadata"": {""complete"": true, ""high"": 100.0, ""instance_type"": ""random_symmetric"", ""low"": 1.0, ""n"": 7, ""seed"": 8, ""symmetric"": true}, ""valid_route"": true}"
small_exact,evaluation,small_exact_random_symmetric_n7_seed8,random_symmetric,7,8,python_tsp_dynamic_programming,skipped_missing_dependency,,,243.87523111547387,243.87523111547387,nan,nan,True,,,0.0010607999975036364,252.125,252.125,0.0,34.0,calibrated_on_calibration_split,,,,"{""instance_metadata"": {""complete"": true, ""high"": 100.0, ""instance_type"": ""random_symmetric"", ""low"": 1.0, ""n"": 7, ""seed"": 8, ""symmetric"": true}}"
small_exact,evaluation,small_exact_random_asymmetric_n7_seed8,random_asymmetric,7,8,tn_exact,ok,"[6, 1, 3, 0, 2, 5, 4]",167.7609834756112,167.7609834756112,167.7609834756112,0.0,0.0,True,True,True,0.07326869999815244,252.125,252.234375,0.109375,34.0,calibrated_on_calibration_split,,True,,"{""exact_mode"": true, ""finite_edges"": true, ""instance_metadata"": {""complete"": true, ""high"": 100.0, ""instance_type"": ""random_asymmetric"", ""low"": 1.0, ""n"": 7, ""seed"": 8, ""symmetric"": false}, ""max_layers"": 5, ""n_layers"": null, ""n_layers_effective"": 5, ""normalization_factor"": 98.88858626864226, ""normalize"": true, ""seed"": 8, ""tau"": 34.0, ""valid_route"": true}"
small_exact,evaluation,small_exact_random_asymmetric_n7_seed8,random_asymmetric,7,8,held_karp,ok,"[6, 1, 3, 0, 2, 5, 4]",167.7609834756112,167.7609834756112,167.7609834756112,0.0,0.0,True,True,True,0.0005520000013348181,252.234375,252.234375,0.0,34.0,calibrated_on_calibration_split,,,,"{""instance_metadata"": {""complete"": true, ""high"": 100.0, ""instance_type"": ""random_asymmetric"", ""low"": 1.0, ""n"": 7, ""seed"": 8, ""symmetric"": false}, ""max_n"": 18, ""start"": 6}"
small_exact,evaluation,small_exact_random_asymmetric_n7_seed8,random_asymmetric,7,8,bruteforce,ok,"[6, 1, 3, 0, 2, 5, 4]",167.7609834756112,167.7609834756112,167.7609834756112,0.0,0.0,True,True,True,0.011336999999912223,252.234375,252.234375,0.0,34.0,calibrated_on_calibration_split,,,,"{""instance_metadata"": {""complete"": true, ""high"": 100.0, ""instance_type"": ""random_asymmetric"", ""low"": 1.0, ""n"": 7, ""seed"": 8, ""symmetric"": false}, ""max_n"": 10, ""permutations_checked"": 720, ""start"": 6}"
small_exact,evaluation,small_exact_random_asymmetric_n7_seed8,random_asymmetric,7,8,ortools,ok,"[6, 5, 4, 3, 0, 2, 1]",172.49753524968372,167.7609834756112,167.7609834756112,0.028233929462872488,0.028233929462872488,True,True,True,0.003879899999446934,252.234375,252.234375,0.0,34.0,calibrated_on_calibration_split,,,5.0,"{""finite_edges"": true, ""infinity_penalty"": 692220102000, ""instance_metadata"": {""complete"": true, ""high"": 100.0, ""instance_type"": ""random_asymmetric"", ""low"": 1.0, ""n"": 7, ""seed"": 8, ""symmetric"": false}, ""integer_scale"": 1000000, ""start"": 6, ""time_limit_s"": 5.0, ""valid_route"": true}"
small_exact,evaluation,small_exact_random_asymmetric_n7_seed8,random_asymmetric,7,8,networkx_christofides,skipped_not_applicable,,,167.7609834756112,167.7609834756112,nan,nan,True,,,0.00024510000002919696,252.234375,252.234375,0.0,34.0,calibrated_on_calibration_split,,,,"{""instance_metadata"": {""complete"": true, ""high"": 100.0, ""instance_type"": ""random_asymmetric"", ""low"": 1.0, ""n"": 7, ""seed"": 8, ""symmetric"": false}, ""requires_metric_symmetric_complete"": true}"
small_exact,evaluation,small_exact_random_asymmetric_n7_seed8,random_asymmetric,7,8,networkx_greedy,ok,"[6, 1, 5, 4, 3, 0, 2]",200.90908586091737,167.7609834756112,167.7609834756112,0.19759124975638442,0.19759124975638442,True,True,True,0.0004345999986981042,252.234375,252.23828125,0.00390625,34.0,calibrated_on_calibration_split,,,,"{""finite_edges"": true, ""instance_metadata"": {""complete"": true, ""high"": 100.0, ""instance_type"": ""random_asymmetric"", ""low"": 1.0, ""n"": 7, ""seed"": 8, ""symmetric"": false}, ""valid_route"": true}"
small_exact,evaluation,small_exact_random_asymmetric_n7_seed8,random_asymmetric,7,8,python_tsp_dynamic_programming,skipped_missing_dependency,,,167.7609834756112,167.7609834756112,nan,nan,True,,,0.003705000002810266,252.23828125,252.23828125,0.0,34.0,calibrated_on_calibration_split,,,,"{""instance_metadata"": {""complete"": true, ""high"": 100.0, ""instance_type"": ""random_asymmetric"", ""low"": 1.0, ""n"": 7, ""seed"": 8, ""symmetric"": false}}"
small_exact,evaluation,small_exact_euclidean_n7_seed9,euclidean,7,9,tn_exact,ok,"[6, 1, 2, 3, 0, 5, 4]",2982.7407019235393,2982.7407019235393,2982.7407019235393,0.0,0.0,True,True,True,0.14216339999984484,252.23828125,252.23828125,0.0,34.0,calibrated_on_calibration_split,,True,,"{""exact_mode"": true, ""finite_edges"": true, ""instance_metadata"": {""complete"": true, ""instance_type"": ""euclidean"", ""n"": 7, ""points"": [[870.2492039700846, 286.8172090875554], [603.1481500515619, 777.5340829201788], [716.0746296035653, 915.3801204905076], [860.3936491828846, 918.2376290487624], [26.587734467597212, 437.2480001295087], [484.9443269772881, 65.15419737010752], [5.626050679392924, 830.621436971257]], ""scale"": 1000.0, ""seed"": 9, ""symmetric"": true}, ""max_layers"": 5, ""n_layers"": null, ""n_layers_effective"": 5, ""normalization_factor"": 1021.4187365965673, ""normalize"": true, ""seed"": 9, ""tau"": 34.0, ""valid_route"": true}"
small_exact,evaluation,small_exact_euclidean_n7_seed9,euclidean,7,9,held_karp,ok,"[6, 1, 2, 3, 0, 5, 4]",2982.7407019235393,2982.7407019235393,2982.7407019235393,0.0,0.0,True,True,True,0.0004110999980184715,252.23828125,252.23828125,0.0,34.0,calibrated_on_calibration_split,,,,"{""instance_metadata"": {""complete"": true, ""instance_type"": ""euclidean"", ""n"": 7, ""points"": [[870.2492039700846, 286.8172090875554], [603.1481500515619, 777.5340829201788], [716.0746296035653, 915.3801204905076], [860.3936491828846, 918.2376290487624], [26.587734467597212, 437.2480001295087], [484.9443269772881, 65.15419737010752], [5.626050679392924, 830.621436971257]], ""scale"": 1000.0, ""seed"": 9, ""symmetric"": true}, ""max_n"": 18, ""start"": 6}"
small_exact,evaluation,small_exact_euclidean_n7_seed9,euclidean,7,9,bruteforce,ok,"[6, 1, 2, 3, 0, 5, 4]",2982.7407019235393,2982.7407019235393,2982.7407019235393,0.0,0.0,True,True,True,0.00648659999933443,252.23828125,252.23828125,0.0,34.0,calibrated_on_calibration_split,,,,"{""instance_metadata"": {""complete"": true, ""instance_type"": ""euclidean"", ""n"": 7, ""points"": [[870.2492039700846, 286.8172090875554], [603.1481500515619, 777.5340829201788], [716.0746296035653, 915.3801204905076], [860.3936491828846, 918.2376290487624], [26.587734467597212, 437.2480001295087], [484.9443269772881, 65.15419737010752], [5.626050679392924, 830.621436971257]], ""scale"": 1000.0, ""seed"": 9, ""symmetric"": true}, ""max_n"": 10, ""permutations_checked"": 720, ""start"": 6}"
small_exact,evaluation,small_exact_euclidean_n7_seed9,euclidean,7,9,ortools,ok,"[6, 4, 5, 0, 3, 2, 1]",2982.7407019235397,2982.7407019235393,2982.7407019235393,1.5245956532299377e-16,1.5245956532299377e-16,True,True,True,0.002737100003287196,252.23828125,252.23828125,0.0,34.0,calibrated_on_calibration_split,,,5.0,"{""finite_edges"": true, ""infinity_penalty"": 7149931159000, ""instance_metadata"": {""complete"": true, ""instance_type"": ""euclidean"", ""n"": 7, ""points"": [[870.2492039700846, 286.8172090875554], [603.1481500515619, 777.5340829201788], [716.0746296035653, 915.3801204905076], [860.3936491828846, 918.2376290487624], [26.587734467597212, 437.2480001295087], [484.9443269772881, 65.15419737010752], [5.626050679392924, 830.621436971257]], ""scale"": 1000.0, ""seed"": 9, ""symmetric"": true}, ""integer_scale"": 1000000, ""start"": 6, ""time_limit_s"": 5.0, ""valid_route"": true}"
small_exact,evaluation,small_exact_euclidean_n7_seed9,euclidean,7,9,networkx_christofides,ok,"[6, 3, 2, 1, 0, 5, 4]",3169.3142338916705,2982.7407019235393,2982.7407019235393,0.06255103966892323,0.06255103966892323,True,True,True,0.0012750000023515895,252.23828125,252.2421875,0.00390625,34.0,calibrated_on_calibration_split,,,,"{""finite_edges"": true, ""instance_metadata"": {""complete"": true, ""instance_type"": ""euclidean"", ""n"": 7, ""points"": [[870.2492039700846, 286.8172090875554], [603.1481500515619, 777.5340829201788], [716.0746296035653, 915.3801204905076], [860.3936491828846, 918.2376290487624], [26.587734467597212, 437.2480001295087], [484.9443269772881, 65.15419737010752], [5.626050679392924, 830.621436971257]], ""scale"": 1000.0, ""seed"": 9, ""symmetric"": true}, ""requires_metric_symmetric_complete"": true, ""valid_route"": true}"
small_exact,evaluation,small_exact_euclidean_n7_seed9,euclidean,7,9,networkx_greedy,ok,"[6, 3, 2, 1, 0, 5, 4]",3169.3142338916705,2982.7407019235393,2982.7407019235393,0.06255103966892323,0.06255103966892323,True,True,True,0.00040699999954085797,252.2421875,252.24609375,0.00390625,34.0,calibrated_on_calibration_split,,,,"{""finite_edges"": true, ""instance_metadata"": {""complete"": true, ""instance_type"": ""euclidean"", ""n"": 7, ""points"": [[870.2492039700846, 286.8172090875554], [603.1481500515619, 777.5340829201788], [716.0746296035653, 915.3801204905076], [860.3936491828846, 918.2376290487624], [26.587734467597212, 437.2480001295087], [484.9443269772881, 65.15419737010752], [5.626050679392924, 830.621436971257]], ""scale"": 1000.0, ""seed"": 9, ""symmetric"": true}, ""valid_route"": true}"
small_exact,evaluation,small_exact_euclidean_n7_seed9,euclidean,7,9,python_tsp_dynamic_programming,skipped_missing_dependency,,,2982.7407019235393,2982.7407019235393,nan,nan,True,,,0.0011851999988721218,252.24609375,252.24609375,0.0,34.0,calibrated_on_calibration_split,,,,"{""instance_metadata"": {""complete"": true, ""instance_type"": ""euclidean"", ""n"": 7, ""points"": [[870.2492039700846, 286.8172090875554], [603.1481500515619, 777.5340829201788], [716.0746296035653, 915.3801204905076], [860.3936491828846, 918.2376290487624], [26.587734467597212, 437.2480001295087], [484.9443269772881, 65.15419737010752], [5.626050679392924, 830.621436971257]], ""scale"": 1000.0, ""seed"": 9, ""symmetric"": true}}"
small_exact,evaluation,small_exact_random_symmetric_n7_seed9,random_symmetric,7,9,tn_exact,ok,"[6, 0, 3, 5, 1, 4, 2]",314.4406863124172,304.0802624262743,304.0802624262743,0.034071346175106695,0.034071346175106695,True,True,True,0.06414159999985714,252.24609375,252.2578125,0.01171875,34.0,calibrated_on_calibration_split,,True,,"{""exact_mode"": true, ""finite_edges"": true, ""instance_metadata"": {""complete"": true, ""high"": 100.0, ""instance_type"": ""random_symmetric"", ""low"": 1.0, ""n"": 7, ""seed"": 9, ""symmetric"": true}, ""max_layers"": 5, ""n_layers"": null, ""n_layers_effective"": 5, ""normalization_factor"": 85.3247383557491, ""normalize"": true, ""seed"": 9, ""tau"": 34.0, ""valid_route"": true}"
small_exact,evaluation,small_exact_random_symmetric_n7_seed9,random_symmetric,7,9,held_karp,ok,"[6, 4, 1, 5, 3, 0, 2]",304.0802624262743,304.0802624262743,304.0802624262743,0.0,0.0,True,True,True,0.00033459999758633785,252.2578125,252.2578125,0.0,34.0,calibrated_on_calibration_split,,,,"{""instance_metadata"": {""complete"": true, ""high"": 100.0, ""instance_type"": ""random_symmetric"", ""low"": 1.0, ""n"": 7, ""seed"": 9, ""symmetric"": true}, ""max_n"": 18, ""start"": 6}"
small_exact,evaluation,small_exact_random_symmetric_n7_seed9,random_symmetric,7,9,bruteforce,ok,"[6, 2, 0, 3, 5, 1, 4]",304.0802624262743,304.0802624262743,304.0802624262743,0.0,0.0,True,True,True,0.004438800002390053,252.2578125,252.2578125,0.0,34.0,calibrated_on_calibration_split,,,,"{""instance_metadata"": {""complete"": true, ""high"": 100.0, ""instance_type"": ""random_symmetric"", ""low"": 1.0, ""n"": 7, ""seed"": 9, ""symmetric"": true}, ""max_n"": 10, ""permutations_checked"": 720, ""start"": 6}"
small_exact,evaluation,small_exact_random_symmetric_n7_seed9,random_symmetric,7,9,ortools,ok,"[6, 4, 1, 5, 3, 0, 2]",304.0802624262743,304.0802624262743,304.0802624262743,0.0,0.0,True,True,True,0.0023837000007915776,252.2578125,252.2578125,0.0,34.0,calibrated_on_calibration_split,,,5.0,"{""finite_edges"": true, ""infinity_penalty"": 597273166000, ""instance_metadata"": {""complete"": true, ""high"": 100.0, ""instance_type"": ""random_symmetric"", ""low"": 1.0, ""n"": 7, ""seed"": 9, ""symmetric"": true}, ""integer_scale"": 1000000, ""start"": 6, ""time_limit_s"": 5.0, ""valid_route"": true}"
small_exact,evaluation,small_exact_random_symmetric_n7_seed9,random_symmetric,7,9,networkx_christofides,skipped_not_applicable,,,304.0802624262743,304.0802624262743,nan,nan,True,,,0.00013449999823933467,252.2578125,252.2578125,0.0,34.0,calibrated_on_calibration_split,,,,"{""instance_metadata"": {""complete"": true, ""high"": 100.0, ""instance_type"": ""random_symmetric"", ""low"": 1.0, ""n"": 7, ""seed"": 9, ""symmetric"": true}, ""requires_metric_symmetric_complete"": true}"
small_exact,evaluation,small_exact_random_symmetric_n7_seed9,random_symmetric,7,9,networkx_greedy,ok,"[6, 2, 0, 3, 5, 1, 4]",304.0802624262743,304.0802624262743,304.0802624262743,0.0,0.0,True,True,True,0.0001979000007850118,252.2578125,252.2578125,0.0,34.0,calibrated_on_calibration_split,,,,"{""finite_edges"": true, ""instance_metadata"": {""complete"": true, ""high"": 100.0, ""instance_type"": ""random_symmetric"", ""low"": 1.0, ""n"": 7, ""seed"": 9, ""symmetric"": true}, ""valid_route"": true}"
small_exact,evaluation,small_exact_random_symmetric_n7_seed9,random_symmetric,7,9,python_tsp_dynamic_programming,skipped_missing_dependency,,,304.0802624262743,304.0802624262743,nan,nan,True,,,0.0010961000007227995,252.2578125,252.2578125,0.0,34.0,calibrated_on_calibration_split,,,,"{""instance_metadata"": {""complete"": true, ""high"": 100.0, ""instance_type"": ""random_symmetric"", ""low"": 1.0, ""n"": 7, ""seed"": 9, ""symmetric"": true}}"
small_exact,evaluation,small_exact_random_asymmetric_n7_seed9,random_asymmetric,7,9,tn_exact,ok,"[6, 1, 5, 3, 0, 2, 4]",214.608545359774,214.608545359774,214.608545359774,0.0,0.0,True,True,True,0.054013999997550854,252.2578125,252.37890625,0.12109375,34.0,calibrated_on_calibration_split,,True,,"{""exact_mode"": true, ""finite_edges"": true, ""instance_metadata"": {""complete"": true, ""high"": 100.0, ""instance_type"": ""random_asymmetric"", ""low"": 1.0, ""n"": 7, ""seed"": 9, ""symmetric"": false}, ""max_layers"": 5, ""n_layers"": null, ""n_layers_effective"": 5, ""normalization_factor"": 98.78633394256309, ""normalize"": true, ""seed"": 9, ""tau"": 34.0, ""valid_route"": true}"
small_exact,evaluation,small_exact_random_asymmetric_n7_seed9,random_asymmetric,7,9,held_karp,ok,"[6, 1, 5, 3, 0, 2, 4]",214.608545359774,214.608545359774,214.608545359774,0.0,0.0,True,True,True,0.0003865999970003031,252.37890625,252.37890625,0.0,34.0,calibrated_on_calibration_split,,,,"{""instance_metadata"": {""complete"": true, ""high"": 100.0, ""instance_type"": ""random_asymmetric"", ""low"": 1.0, ""n"": 7, ""seed"": 9, ""symmetric"": false}, ""max_n"": 18, ""start"": 6}"
small_exact,evaluation,small_exact_random_asymmetric_n7_seed9,random_asymmetric,7,9,bruteforce,ok,"[6, 1, 5, 3, 0, 2, 4]",214.608545359774,214.608545359774,214.608545359774,0.0,0.0,True,True,True,0.008581300000514602,252.37890625,252.37890625,0.0,34.0,calibrated_on_calibration_split,,,,"{""instance_metadata"": {""complete"": true, ""high"": 100.0, ""instance_type"": ""random_asymmetric"", ""low"": 1.0, ""n"": 7, ""seed"": 9, ""symmetric"": false}, ""max_n"": 10, ""permutations_checked"": 720, ""start"": 6}"
small_exact,evaluation,small_exact_random_asymmetric_n7_seed9,random_asymmetric,7,9,ortools,ok,"[6, 1, 5, 3, 0, 2, 4]",214.608545359774,214.608545359774,214.608545359774,0.0,0.0,True,True,True,0.006648100003076252,252.37890625,252.37890625,0.0,34.0,calibrated_on_calibration_split,,,5.0,"{""finite_edges"": true, ""infinity_penalty"": 691504338000, ""instance_metadata"": {""complete"": true, ""high"": 100.0, ""instance_type"": ""random_asymmetric"", ""low"": 1.0, ""n"": 7, ""seed"": 9, ""symmetric"": false}, ""integer_scale"": 1000000, ""start"": 6, ""time_limit_s"": 5.0, ""valid_route"": true}"
small_exact,evaluation,small_exact_random_asymmetric_n7_seed9,random_asymmetric,7,9,networkx_christofides,skipped_not_applicable,,,214.608545359774,214.608545359774,nan,nan,True,,,0.0003915999986929819,252.37890625,252.37890625,0.0,34.0,calibrated_on_calibration_split,,,,"{""instance_metadata"": {""complete"": true, ""high"": 100.0, ""instance_type"": ""random_asymmetric"", ""low"": 1.0, ""n"": 7, ""seed"": 9, ""symmetric"": false}, ""requires_metric_symmetric_complete"": true}"
small_exact,evaluation,small_exact_random_asymmetric_n7_seed9,random_asymmetric,7,9,networkx_greedy,ok,"[6, 1, 5, 0, 2, 4, 3]",225.72005510290384,214.608545359774,214.608545359774,0.051775709697404054,0.051775709697404054,True,True,True,0.0010270999991917051,252.37890625,252.37890625,0.0,34.0,calibrated_on_calibration_split,,,,"{""finite_edges"": true, ""instance_metadata"": {""complete"": true, ""high"": 100.0, ""instance_type"": ""random_asymmetric"", ""low"": 1.0, ""n"": 7, ""seed"": 9, ""symmetric"": false}, ""valid_route"": true}"
small_exact,evaluation,small_exact_random_asymmetric_n7_seed9,random_asymmetric,7,9,python_tsp_dynamic_programming,skipped_missing_dependency,,,214.608545359774,214.608545359774,nan,nan,True,,,0.0016843000012158882,252.37890625,252.37890625,0.0,34.0,calibrated_on_calibration_split,,,,"{""instance_metadata"": {""complete"": true, ""high"": 100.0, ""instance_type"": ""random_asymmetric"", ""low"": 1.0, ""n"": 7, ""seed"": 9, ""symmetric"": false}}"
small_exact,evaluation,small_exact_euclidean_n8_seed5,euclidean,8,5,tn_exact,ok,"[7, 0, 6, 4, 2, 3, 1, 5]",3064.6799756744094,3064.6799756744094,3064.6799756744094,0.0,0.0,True,True,True,0.1616902999994636,252.37890625,252.4921875,0.11328125,14.6,calibrated_on_calibration_split,,True,,"{""exact_mode"": true, ""finite_edges"": true, ""instance_metadata"": {""complete"": true, ""instance_type"": ""euclidean"", ""n"": 8, ""points"": [[805.0029237453801, 807.9407897364938], [515.325561042142, 285.8013800881416], [53.930702381656424, 383.36888078551823], [408.47320541999864, 45.27519390244517], [48.75771072716806, 999.1761150650714], [652.3691115879877, 234.51020166982394], [434.94755222514203, 974.1861932592553], [897.6776081085488, 844.231037608741]], ""scale"": 1000.0, ""seed"": 5, ""symmetric"": true}, ""max_layers"": 6, ""n_layers"": null, ""n_layers_effective"": 6, ""normalization_factor"": 1019.4715319796893, ""normalize"": true, ""seed"": 5, ""tau"": 14.6, ""valid_route"": true}"
small_exact,evaluation,small_exact_euclidean_n8_seed5,euclidean,8,5,held_karp,ok,"[7, 5, 1, 3, 2, 4, 6, 0]",3064.6799756744094,3064.6799756744094,3064.6799756744094,0.0,0.0,True,True,True,0.0015211000027193222,252.4921875,252.51171875,0.01953125,14.6,calibrated_on_calibration_split,,,,"{""instance_metadata"": {""complete"": true, ""instance_type"": ""euclidean"", ""n"": 8, ""points"": [[805.0029237453801, 807.9407897364938], [515.325561042142, 285.8013800881416], [53.930702381656424, 383.36888078551823], [408.47320541999864, 45.27519390244517], [48.75771072716806, 999.1761150650714], [652.3691115879877, 234.51020166982394], [434.94755222514203, 974.1861932592553], [897.6776081085488, 844.231037608741]], ""scale"": 1000.0, ""seed"": 5, ""symmetric"": true}, ""max_n"": 18, ""start"": 7}"
small_exact,evaluation,small_exact_euclidean_n8_seed5,euclidean,8,5,bruteforce,ok,"[7, 0, 6, 4, 2, 3, 1, 5]",3064.6799756744094,3064.6799756744094,3064.6799756744094,0.0,0.0,True,True,True,0.06983430000036606,252.51171875,252.51171875,0.0,14.6,calibrated_on_calibration_split,,,,"{""instance_metadata"": {""complete"": true, ""instance_type"": ""euclidean"", ""n"": 8, ""points"": [[805.0029237453801, 807.9407897364938], [515.325561042142, 285.8013800881416], [53.930702381656424, 383.36888078551823], [408.47320541999864, 45.27519390244517], [48.75771072716806, 999.1761150650714], [652.3691115879877, 234.51020166982394], [434.94755222514203, 974.1861932592553], [897.6776081085488, 844.231037608741]], ""scale"": 1000.0, ""seed"": 5, ""symmetric"": true}, ""max_n"": 10, ""permutations_checked"": 5040, ""start"": 7}"
small_exact,evaluation,small_exact_euclidean_n8_seed5,euclidean,8,5,ortools,ok,"[7, 0, 6, 4, 2, 3, 1, 5]",3064.6799756744094,3064.6799756744094,3064.6799756744094,0.0,0.0,True,True,True,0.0031029999991005752,252.51171875,252.515625,0.00390625,14.6,calibrated_on_calibration_split,,,5.0,"{""finite_edges"": true, ""infinity_penalty"": 8155772256000, ""instance_metadata"": {""complete"": true, ""instance_type"": ""euclidean"", ""n"": 8, ""points"": [[805.0029237453801, 807.9407897364938], [515.325561042142, 285.8013800881416], [53.930702381656424, 383.36888078551823], [408.47320541999864, 45.27519390244517], [48.75771072716806, 999.1761150650714], [652.3691115879877, 234.51020166982394], [434.94755222514203, 974.1861932592553], [897.6776081085488, 844.231037608741]], ""scale"": 1000.0, ""seed"": 5, ""symmetric"": true}, ""integer_scale"": 1000000, ""start"": 7, ""time_limit_s"": 5.0, ""valid_route"": true}"
small_exact,evaluation,small_exact_euclidean_n8_seed5,euclidean,8,5,networkx_christofides,ok,"[7, 0, 5, 1, 3, 2, 4, 6]",3075.8081127524442,3064.6799756744094,3064.6799756744094,0.003631092696909064,0.003631092696909064,True,True,True,0.0012427000001480337,252.515625,252.51953125,0.00390625,14.6,calibrated_on_calibration_split,,,,"{""finite_edges"": true, ""instance_metadata"": {""complete"": true, ""instance_type"": ""euclidean"", ""n"": 8, ""points"": [[805.0029237453801, 807.9407897364938], [515.325561042142, 285.8013800881416], [53.930702381656424, 383.36888078551823], [408.47320541999864, 45.27519390244517], [48.75771072716806, 999.1761150650714], [652.3691115879877, 234.51020166982394], [434.94755222514203, 974.1861932592553], [897.6776081085488, 844.231037608741]], ""scale"": 1000.0, ""seed"": 5, ""symmetric"": true}, ""requires_metric_symmetric_complete"": true, ""valid_route"": true}"
small_exact,evaluation,small_exact_euclidean_n8_seed5,euclidean,8,5,networkx_greedy,ok,"[7, 0, 6, 4, 2, 1, 5, 3]",3371.490986957837,3064.6799756744094,3064.6799756744094,0.10011192480738906,0.10011192480738906,True,True,True,0.00022569999782717787,252.51953125,252.5234375,0.00390625,14.6,calibrated_on_calibration_split,,,,"{""finite_edges"": true, ""instance_metadata"": {""complete"": true, ""instance_type"": ""euclidean"", ""n"": 8, ""points"": [[805.0029237453801, 807.9407897364938], [515.325561042142, 285.8013800881416], [53.930702381656424, 383.36888078551823], [408.47320541999864, 45.27519390244517], [48.75771072716806, 999.1761150650714], [652.3691115879877, 234.51020166982394], [434.94755222514203, 974.1861932592553], [897.6776081085488, 844.231037608741]], ""scale"": 1000.0, ""seed"": 5, ""symmetric"": true}, ""valid_route"": true}"
small_exact,evaluation,small_exact_euclidean_n8_seed5,euclidean,8,5,python_tsp_dynamic_programming,skipped_missing_dependency,,,3064.6799756744094,3064.6799756744094,nan,nan,True,,,0.0012089999981981236,252.5234375,252.5234375,0.0,14.6,calibrated_on_calibration_split,,,,"{""instance_metadata"": {""complete"": true, ""instance_type"": ""euclidean"", ""n"": 8, ""points"": [[805.0029237453801, 807.9407897364938], [515.325561042142, 285.8013800881416], [53.930702381656424, 383.36888078551823], [408.47320541999864, 45.27519390244517], [48.75771072716806, 999.1761150650714], [652.3691115879877, 234.51020166982394], [434.94755222514203, 974.1861932592553], [897.6776081085488, 844.231037608741]], ""scale"": 1000.0, ""seed"": 5, ""symmetric"": true}}"
small_exact,evaluation,small_exact_random_symmetric_n8_seed5,random_symmetric,8,5,tn_exact,ok,"[7, 5, 3, 2, 1, 4, 6, 0]",249.79819949313597,249.79819949313597,249.79819949313597,0.0,0.0,True,True,True,0.08421480000106385,252.5234375,252.5546875,0.03125,14.6,calibrated_on_calibration_split,,True,,"{""exact_mode"": true, ""finite_edges"": true, ""instance_metadata"": {""complete"": true, ""high"": 100.0, ""instance_type"": ""random_symmetric"", ""low"": 1.0, ""n"": 8, ""seed"": 5, ""symmetric"": true}, ""max_layers"": 6, ""n_layers"": null, ""n_layers_effective"": 6, ""normalization_factor"": 91.62962466253214, ""normalize"": true, ""seed"": 5, ""tau"": 14.6, ""valid_route"": true}"
small_exact,evaluation,small_exact_random_symmetric_n8_seed5,random_symmetric,8,5,held_karp,ok,"[7, 5, 3, 2, 1, 4, 6, 0]",249.79819949313597,249.79819949313597,249.79819949313597,0.0,0.0,True,True,True,0.0015606000015395693,252.5546875,252.5546875,0.0,14.6,calibrated_on_calibration_split,,,,"{""instance_metadata"": {""complete"": true, ""high"": 100.0, ""instance_type"": ""random_symmetric"", ""low"": 1.0, ""n"": 8, ""seed"": 5, ""symmetric"": true}, ""max_n"": 18, ""start"": 7}"
small_exact,evaluation,small_exact_random_symmetric_n8_seed5,random_symmetric,8,5,bruteforce,ok,"[7, 5, 3, 2, 1, 4, 6, 0]",249.79819949313597,249.79819949313597,249.79819949313597,0.0,0.0,True,True,True,0.06374570000116364,252.5546875,252.5546875,0.0,14.6,calibrated_on_calibration_split,,,,"{""instance_metadata"": {""complete"": true, ""high"": 100.0, ""instance_type"": ""random_symmetric"", ""low"": 1.0, ""n"": 8, ""seed"": 5, ""symmetric"": true}, ""max_n"": 10, ""permutations_checked"": 5040, ""start"": 7}"
small_exact,evaluation,small_exact_random_symmetric_n8_seed5,random_symmetric,8,5,ortools,ok,"[7, 5, 3, 2, 1, 4, 6, 0]",249.79819949313597,249.79819949313597,249.79819949313597,0.0,0.0,True,True,True,0.002529600002162624,252.5546875,252.5546875,0.0,14.6,calibrated_on_calibration_split,,,5.0,"{""finite_edges"": true, ""infinity_penalty"": 733037000000, ""instance_metadata"": {""complete"": true, ""high"": 100.0, ""instance_type"": ""random_symmetric"", ""low"": 1.0, ""n"": 8, ""seed"": 5, ""symmetric"": true}, ""integer_scale"": 1000000, ""start"": 7, ""time_limit_s"": 5.0, ""valid_route"": true}"
small_exact,evaluation,small_exact_random_symmetric_n8_seed5,random_symmetric,8,5,networkx_christofides,skipped_not_applicable,,,249.79819949313597,249.79819949313597,nan,nan,True,,,0.00028979999842704274,252.5546875,252.5546875,0.0,14.6,calibrated_on_calibration_split,,,,"{""instance_metadata"": {""complete"": true, ""high"": 100.0, ""instance_type"": ""random_symmetric"", ""low"": 1.0, ""n"": 8, ""seed"": 5, ""symmetric"": true}, ""requires_metric_symmetric_complete"": true}"
small_exact,evaluation,small_exact_random_symmetric_n8_seed5,random_symmetric,8,5,networkx_greedy,ok,"[7, 0, 6, 4, 2, 3, 5, 1]",294.31433060162317,249.79819949313597,249.79819949313597,0.17820837459523173,0.17820837459523173,True,True,True,0.000216199998249067,252.5546875,252.5546875,0.0,14.6,calibrated_on_calibration_split,,,,"{""finite_edges"": true, ""instance_metadata"": {""complete"": true, ""high"": 100.0, ""instance_type"": ""random_symmetric"", ""low"": 1.0, ""n"": 8, ""seed"": 5, ""symmetric"": true}, ""valid_route"": true}"
small_exact,evaluation,small_exact_random_symmetric_n8_seed5,random_symmetric,8,5,python_tsp_dynamic_programming,skipped_missing_dependency,,,249.79819949313597,249.79819949313597,nan,nan,True,,,0.0010595999992801808,252.5546875,252.5546875,0.0,14.6,calibrated_on_calibration_split,,,,"{""instance_metadata"": {""complete"": true, ""high"": 100.0, ""instance_type"": ""random_symmetric"", ""low"": 1.0, ""n"": 8, ""seed"": 5, ""symmetric"": true}}"
small_exact,evaluation,small_exact_random_asymmetric_n8_seed5,random_asymmetric,8,5,tn_exact,ok,"[7, 1, 0, 4, 6, 2, 3, 5]",96.42701533055552,96.42701533055552,96.42701533055552,0.0,0.0,True,True,True,0.08172950000152923,252.5546875,252.640625,0.0859375,14.6,calibrated_on_calibration_split,,True,,"{""exact_mode"": true, ""finite_edges"": true, ""instance_metadata"": {""complete"": true, ""high"": 100.0, ""instance_type"": ""random_asymmetric"", ""low"": 1.0, ""n"": 8, ""seed"": 5, ""symmetric"": false}, ""max_layers"": 6, ""n_layers"": null, ""n_layers_effective"": 6, ""normalization_factor"": 97.44443313266628, ""normalize"": true, ""seed"": 5, ""tau"": 14.6, ""valid_route"": true}"
small_exact,evaluation,small_exact_random_asymmetric_n8_seed5,random_asymmetric,8,5,held_karp,ok,"[7, 1, 0, 4, 6, 2, 3, 5]",96.42701533055552,96.42701533055552,96.42701533055552,0.0,0.0,True,True,True,0.000919999998586718,252.640625,252.640625,0.0,14.6,calibrated_on_calibration_split,,,,"{""instance_metadata"": {""complete"": true, ""high"": 100.0, ""instance_type"": ""random_asymmetric"", ""low"": 1.0, ""n"": 8, ""seed"": 5, ""symmetric"": false}, ""max_n"": 18, ""start"": 7}"
small_exact,evaluation,small_exact_random_asymmetric_n8_seed5,random_asymmetric,8,5,bruteforce,ok,"[7, 1, 0, 4, 6, 2, 3, 5]",96.42701533055552,96.42701533055552,96.42701533055552,0.0,0.0,True,True,True,0.03806529999928898,252.640625,252.640625,0.0,14.6,calibrated_on_calibration_split,,,,"{""instance_metadata"": {""complete"": true, ""high"": 100.0, ""instance_type"": ""random_asymmetric"", ""low"": 1.0, ""n"": 8, ""seed"": 5, ""symmetric"": false}, ""max_n"": 10, ""permutations_checked"": 5040, ""start"": 7}"
small_exact,evaluation,small_exact_random_asymmetric_n8_seed5,random_asymmetric,8,5,ortools,ok,"[7, 6, 0, 4, 1, 3, 5, 2]",134.69830989635344,96.42701533055552,96.42701533055552,0.39689390400192776,0.39689390400192776,True,True,True,0.002943999999843072,252.640625,252.640625,0.0,14.6,calibrated_on_calibration_split,,,5.0,"{""finite_edges"": true, ""infinity_penalty"": 779555464000, ""instance_metadata"": {""complete"": true, ""high"": 100.0, ""instance_type"": ""random_asymmetric"", ""low"": 1.0, ""n"": 8, ""seed"": 5, ""symmetric"": false}, ""integer_scale"": 1000000, ""start"": 7, ""time_limit_s"": 5.0, ""valid_route"": true}"
small_exact,evaluation,small_exact_random_asymmetric_n8_seed5,random_asymmetric,8,5,networkx_christofides,skipped_not_applicable,,,96.42701533055552,96.42701533055552,nan,nan,True,,,0.00012989999959245324,252.640625,252.640625,0.0,14.6,calibrated_on_calibration_split,,,,"{""instance_metadata"": {""complete"": true, ""high"": 100.0, ""instance_type"": ""random_asymmetric"", ""low"": 1.0, ""n"": 8, ""seed"": 5, ""symmetric"": false}, ""requires_metric_symmetric_complete"": true}"
small_exact,evaluation,small_exact_random_asymmetric_n8_seed5,random_asymmetric,8,5,networkx_greedy,ok,"[7, 6, 0, 4, 2, 3, 5, 1]",227.39378488523846,96.42701533055552,96.42701533055552,1.3581958241238081,1.3581958241238081,True,True,True,0.0002496999986760784,252.640625,252.6484375,0.0078125,14.6,calibrated_on_calibration_split,,,,"{""finite_edges"": true, ""instance_metadata"": {""complete"": true, ""high"": 100.0, ""instance_type"": ""random_asymmetric"", ""low"": 1.0, ""n"": 8, ""seed"": 5, ""symmetric"": false}, ""valid_route"": true}"
small_exact,evaluation,small_exact_random_asymmetric_n8_seed5,random_asymmetric,8,5,python_tsp_dynamic_programming,skipped_missing_dependency,,,96.42701533055552,96.42701533055552,nan,nan,True,,,0.0012188000000605825,252.6484375,252.6484375,0.0,14.6,calibrated_on_calibration_split,,,,"{""instance_metadata"": {""complete"": true, ""high"": 100.0, ""instance_type"": ""random_asymmetric"", ""low"": 1.0, ""n"": 8, ""seed"": 5, ""symmetric"": false}}"
small_exact,evaluation,small_exact_euclidean_n8_seed6,euclidean,8,6,tn_exact,ok,"[7, 2, 3, 4, 0, 1, 5, 6]",2845.933648874112,2845.933648874112,2845.933648874112,0.0,0.0,True,True,True,0.09495530000276631,252.6484375,252.703125,0.0546875,14.6,calibrated_on_calibration_split,,True,,"{""exact_mode"": true, ""finite_edges"": true, ""instance_metadata"": {""complete"": true, ""instance_type"": ""euclidean"", ""n"": 8, ""points"": [[538.1643514719432, 343.27086981333844], [369.06723979537827, 374.49676558788235], [987.4449901864666, 632.7562726071461], [674.3239305044935, 329.96345538545836], [679.9176611640223, 122.97237488719004], [51.729231983775215, 850.1913468087871], [8.895805535434675, 978.7675621852967], [827.0030258190536, 785.2109593263714]], ""scale"": 1000.0, ""seed"": 6, ""symmetric"": true}, ""max_layers"": 6, ""n_layers"": null, ""n_layers_effective"": 6, ""normalization_factor"": 1087.4997624523116, ""normalize"": true, ""seed"": 6, ""tau"": 14.6, ""valid_route"": true}"
small_exact,evaluation,small_exact_euclidean_n8_seed6,euclidean,8,6,held_karp,ok,"[7, 6, 5, 1, 0, 4, 3, 2]",2845.933648874112,2845.933648874112,2845.933648874112,0.0,0.0,True,True,True,0.0011081999982707202,252.703125,252.703125,0.0,14.6,calibrated_on_calibration_split,,,,"{""instance_metadata"": {""complete"": true, ""instance_type"": ""euclidean"", ""n"": 8, ""points"": [[538.1643514719432, 343.27086981333844], [369.06723979537827, 374.49676558788235], [987.4449901864666, 632.7562726071461], [674.3239305044935, 329.96345538545836], [679.9176611640223, 122.97237488719004], [51.729231983775215, 850.1913468087871], [8.895805535434675, 978.7675621852967], [827.0030258190536, 785.2109593263714]], ""scale"": 1000.0, ""seed"": 6, ""symmetric"": true}, ""max_n"": 18, ""start"": 7}"
small_exact,evaluation,small_exact_euclidean_n8_seed6,euclidean,8,6,bruteforce,ok,"[7, 2, 3, 4, 0, 1, 5, 6]",2845.933648874112,2845.933648874112,2845.933648874112,0.0,0.0,True,True,True,0.04077550000147312,252.703125,252.703125,0.0,14.6,calibrated_on_calibration_split,,,,"{""instance_metadata"": {""complete"": true, ""instance_type"": ""euclidean"", ""n"": 8, ""points"": [[538.1643514719432, 343.27086981333844], [369.06723979537827, 374.49676558788235], [987.4449901864666, 632.7562726071461], [674.3239305044935, 329.96345538545836], [679.9176611640223, 122.97237488719004], [51.729231983775215, 850.1913468087871], [8.895805535434675, 978.7675621852967], [827.0030258190536, 785.2109593263714]], ""scale"": 1000.0, ""seed"": 6, ""symmetric"": true}, ""max_n"": 10, ""permutations_checked"": 5040, ""start"": 7}"
small_exact,evaluation,small_exact_euclidean_n8_seed6,euclidean,8,6,ortools,ok,"[7, 2, 3, 4, 0, 1, 5, 6]",2845.933648874112,2845.933648874112,2845.933648874112,0.0,0.0,True,True,True,0.003131299999949988,252.703125,252.703125,0.0,14.6,calibrated_on_calibration_split,,,5.0,"{""finite_edges"": true, ""infinity_penalty"": 8699998096000, ""instance_metadata"": {""complete"": true, ""instance_type"": ""euclidean"", ""n"": 8, ""points"": [[538.1643514719432, 343.27086981333844], [369.06723979537827, 374.49676558788235], [987.4449901864666, 632.7562726071461], [674.3239305044935, 329.96345538545836], [679.9176611640223, 122.97237488719004], [51.729231983775215, 850.1913468087871], [8.895805535434675, 978.7675621852967], [827.0030258190536, 785.2109593263714]], ""scale"": 1000.0, ""seed"": 6, ""symmetric"": true}, ""integer_scale"": 1000000, ""start"": 7, ""time_limit_s"": 5.0, ""valid_route"": true}"
small_exact,evaluation,small_exact_euclidean_n8_seed6,euclidean,8,6,networkx_christofides,ok,"[7, 2, 3, 4, 0, 1, 5, 6]",2845.933648874112,2845.933648874112,2845.933648874112,0.0,0.0,True,True,True,0.0011831999981950503,252.703125,252.71484375,0.01171875,14.6,calibrated_on_calibration_split,,,,"{""finite_edges"": true, ""instance_metadata"": {""complete"": true, ""instance_type"": ""euclidean"", ""n"": 8, ""points"": [[538.1643514719432, 343.27086981333844], [369.06723979537827, 374.49676558788235], [987.4449901864666, 632.7562726071461], [674.3239305044935, 329.96345538545836], [679.9176611640223, 122.97237488719004], [51.729231983775215, 850.1913468087871], [8.895805535434675, 978.7675621852967], [827.0030258190536, 785.2109593263714]], ""scale"": 1000.0, ""seed"": 6, ""symmetric"": true}, ""requires_metric_symmetric_complete"": true, ""valid_route"": true}"
small_exact,evaluation,small_exact_euclidean_n8_seed6,euclidean,8,6,networkx_greedy,ok,"[7, 2, 3, 0, 1, 4, 5, 6]",3302.719575921141,2845.933648874112,2845.933648874112,0.16050477045652115,0.16050477045652115,True,True,True,0.00018669999917619862,252.71484375,252.71484375,0.0,14.6,calibrated_on_calibration_split,,,,"{""finite_edges"": true, ""instance_metadata"": {""complete"": true, ""instance_type"": ""euclidean"", ""n"": 8, ""points"": [[538.1643514719432, 343.27086981333844], [369.06723979537827, 374.49676558788235], [987.4449901864666, 632.7562726071461], [674.3239305044935, 329.96345538545836], [679.9176611640223, 122.97237488719004], [51.729231983775215, 850.1913468087871], [8.895805535434675, 978.7675621852967], [827.0030258190536, 785.2109593263714]], ""scale"": 1000.0, ""seed"": 6, ""symmetric"": true}, ""valid_route"": true}"
small_exact,evaluation,small_exact_euclidean_n8_seed6,euclidean,8,6,python_tsp_dynamic_programming,skipped_missing_dependency,,,2845.933648874112,2845.933648874112,nan,nan,True,,,0.0017874000004667323,252.71484375,252.71484375,0.0,14.6,calibrated_on_calibration_split,,,,"{""instance_metadata"": {""complete"": true, ""instance_type"": ""euclidean"", ""n"": 8, ""points"": [[538.1643514719432, 343.27086981333844], [369.06723979537827, 374.49676558788235], [987.4449901864666, 632.7562726071461], [674.3239305044935, 329.96345538545836], [679.9176611640223, 122.97237488719004], [51.729231983775215, 850.1913468087871], [8.895805535434675, 978.7675621852967], [827.0030258190536, 785.2109593263714]], ""scale"": 1000.0, ""seed"": 6, ""symmetric"": true}}"
small_exact,evaluation,small_exact_random_symmetric_n8_seed6,random_symmetric,8,6,tn_exact,ok,"[7, 3, 4, 1, 0, 2, 6, 5]",294.73315521278374,294.73315521278374,294.73315521278374,0.0,0.0,True,True,True,0.08328469999833032,252.71484375,252.76953125,0.0546875,14.6,calibrated_on_calibration_split,,True,,"{""exact_mode"": true, ""finite_edges"": true, ""instance_metadata"": {""complete"": true, ""high"": 100.0, ""instance_type"": ""random_symmetric"", ""low"": 1.0, ""n"": 8, ""seed"": 6, ""symmetric"": true}, ""max_layers"": 6, ""n_layers"": null, ""n_layers_effective"": 6, ""normalization_factor"": 93.07280945339467, ""normalize"": true, ""seed"": 6, ""tau"": 14.6, ""valid_route"": true}"
small_exact,evaluation,small_exact_random_symmetric_n8_seed6,random_symmetric,8,6,held_karp,ok,"[7, 5, 6, 2, 0, 1, 4, 3]",294.73315521278374,294.73315521278374,294.73315521278374,0.0,0.0,True,True,True,0.001085100000636885,252.76953125,252.76953125,0.0,14.6,calibrated_on_calibration_split,,,,"{""instance_metadata"": {""complete"": true, ""high"": 100.0, ""instance_type"": ""random_symmetric"", ""low"": 1.0, ""n"": 8, ""seed"": 6, ""symmetric"": true}, ""max_n"": 18, ""start"": 7}"
small_exact,evaluation,small_exact_random_symmetric_n8_seed6,random_symmetric,8,6,bruteforce,ok,"[7, 3, 4, 1, 0, 2, 6, 5]",294.73315521278374,294.73315521278374,294.73315521278374,0.0,0.0,True,True,True,0.0382543000014266,252.76953125,252.76953125,0.0,14.6,calibrated_on_calibration_split,,,,"{""instance_metadata"": {""complete"": true, ""high"": 100.0, ""instance_type"": ""random_symmetric"", ""low"": 1.0, ""n"": 8, ""seed"": 6, ""symmetric"": true}, ""max_n"": 10, ""permutations_checked"": 5040, ""start"": 7}"
small_exact,evaluation,small_exact_random_symmetric_n8_seed6,random_symmetric,8,6,ortools,ok,"[7, 4, 3, 0, 1, 2, 6, 5]",299.15879976695135,294.73315521278374,294.73315521278374,0.015015767571084743,0.015015767571084743,True,True,True,0.002870299998903647,252.76953125,252.76953125,0.0,14.6,calibrated_on_calibration_split,,,5.0,"{""finite_edges"": true, ""infinity_penalty"": 744582472000, ""instance_metadata"": {""complete"": true, ""high"": 100.0, ""instance_type"": ""random_symmetric"", ""low"": 1.0, ""n"": 8, ""seed"": 6, ""symmetric"": true}, ""integer_scale"": 1000000, ""start"": 7, ""time_limit_s"": 5.0, ""valid_route"": true}"
small_exact,evaluation,small_exact_random_symmetric_n8_seed6,random_symmetric,8,6,networkx_christofides,skipped_not_applicable,,,294.73315521278374,294.73315521278374,nan,nan,True,,,0.00014000000010128133,252.76953125,252.76953125,0.0,14.6,calibrated_on_calibration_split,,,,"{""instance_metadata"": {""complete"": true, ""high"": 100.0, ""instance_type"": ""random_symmetric"", ""low"": 1.0, ""n"": 8, ""seed"": 6, ""symmetric"": true}, ""requires_metric_symmetric_complete"": true}"
small_exact,evaluation,small_exact_random_symmetric_n8_seed6,random_symmetric,8,6,networkx_greedy,ok,"[7, 3, 2, 5, 0, 1, 4, 6]",363.26701741733194,294.73315521278374,294.73315521278374,0.23252851263058583,0.23252851263058583,True,True,True,0.00021099999867146835,252.76953125,252.76953125,0.0,14.6,calibrated_on_calibration_split,,,,"{""finite_edges"": true, ""instance_metadata"": {""complete"": true, ""high"": 100.0, ""instance_type"": ""random_symmetric"", ""low"": 1.0, ""n"": 8, ""seed"": 6, ""symmetric"": true}, ""valid_route"": true}"
small_exact,evaluation,small_exact_random_symmetric_n8_seed6,random_symmetric,8,6,python_tsp_dynamic_programming,skipped_missing_dependency,,,294.73315521278374,294.73315521278374,nan,nan,True,,,0.0010474999980942812,252.76953125,252.76953125,0.0,14.6,calibrated_on_calibration_split,,,,"{""instance_metadata"": {""complete"": true, ""high"": 100.0, ""instance_type"": ""random_symmetric"", ""low"": 1.0, ""n"": 8, ""seed"": 6, ""symmetric"": true}}"
small_exact,evaluation,small_exact_random_asymmetric_n8_seed6,random_asymmetric,8,6,tn_exact,ok,"[7, 1, 4, 5, 6, 2, 0, 3]",125.16533641760796,125.16533641760796,125.16533641760796,0.0,0.0,True,True,True,0.10434109999914654,252.76953125,252.8125,0.04296875,14.6,calibrated_on_calibration_split,,True,,"{""exact_mode"": true, ""finite_edges"": true, ""instance_metadata"": {""complete"": true, ""high"": 100.0, ""instance_type"": ""random_asymmetric"", ""low"": 1.0, ""n"": 8, ""seed"": 6, ""symmetric"": false}, ""max_layers"": 6, ""n_layers"": null, ""n_layers_effective"": 6, ""normalization_factor"": 98.75705402846019, ""normalize"": true, ""seed"": 6, ""tau"": 14.6, ""valid_route"": true}"
small_exact,evaluation,small_exact_random_asymmetric_n8_seed6,random_asymmetric,8,6,held_karp,ok,"[7, 1, 4, 5, 6, 2, 0, 3]",125.16533641760796,125.16533641760796,125.16533641760796,0.0,0.0,True,True,True,0.0015217000000120606,252.8125,252.8125,0.0,14.6,calibrated_on_calibration_split,,,,"{""instance_metadata"": {""complete"": true, ""high"": 100.0, ""instance_type"": ""random_asymmetric"", ""low"": 1.0, ""n"": 8, ""seed"": 6, ""symmetric"": false}, ""max_n"": 18, ""start"": 7}"
small_exact,evaluation,small_exact_random_asymmetric_n8_seed6,random_asymmetric,8,6,bruteforce,ok,"[7, 1, 4, 5, 6, 2, 0, 3]",125.16533641760796,125.16533641760796,125.16533641760796,0.0,0.0,True,True,True,0.05218310000054771,252.8125,252.8125,0.0,14.6,calibrated_on_calibration_split,,,,"{""instance_metadata"": {""complete"": true, ""high"": 100.0, ""instance_type"": ""random_asymmetric"", ""low"": 1.0, ""n"": 8, ""seed"": 6, ""symmetric"": false}, ""max_n"": 10, ""permutations_checked"": 5040, ""start"": 7}"
small_exact,evaluation,small_exact_random_asymmetric_n8_seed6,random_asymmetric,8,6,ortools,ok,"[7, 1, 4, 5, 6, 2, 0, 3]",125.16533641760796,125.16533641760796,125.16533641760796,0.0,0.0,True,True,True,0.0025583000024198554,252.8125,252.8125,0.0,14.6,calibrated_on_calibration_split,,,5.0,"{""finite_edges"": true, ""infinity_penalty"": 790056432000, ""instance_metadata"": {""complete"": true, ""high"": 100.0, ""instance_type"": ""random_asymmetric"", ""low"": 1.0, ""n"": 8, ""seed"": 6, ""symmetric"": false}, ""integer_scale"": 1000000, ""start"": 7, ""time_limit_s"": 5.0, ""valid_route"": true}"
small_exact,evaluation,small_exact_random_asymmetric_n8_seed6,random_asymmetric,8,6,networkx_christofides,skipped_not_applicable,,,125.16533641760796,125.16533641760796,nan,nan,True,,,0.00014240000018617138,252.8125,252.8125,0.0,14.6,calibrated_on_calibration_split,,,,"{""instance_metadata"": {""complete"": true, ""high"": 100.0, ""instance_type"": ""random_asymmetric"", ""low"": 1.0, ""n"": 8, ""seed"": 6, ""symmetric"": false}, ""requires_metric_symmetric_complete"": true}"
small_exact,evaluation,small_exact_random_asymmetric_n8_seed6,random_asymmetric,8,6,networkx_greedy,ok,"[7, 1, 4, 5, 6, 2, 0, 3]",125.16533641760796,125.16533641760796,125.16533641760796,0.0,0.0,True,True,True,0.00026500000240048394,252.8125,252.81640625,0.00390625,14.6,calibrated_on_calibration_split,,,,"{""finite_edges"": true, ""instance_metadata"": {""complete"": true, ""high"": 100.0, ""instance_type"": ""random_asymmetric"", ""low"": 1.0, ""n"": 8, ""seed"": 6, ""symmetric"": false}, ""valid_route"": true}"
small_exact,evaluation,small_exact_random_asymmetric_n8_seed6,random_asymmetric,8,6,python_tsp_dynamic_programming,skipped_missing_dependency,,,125.16533641760796,125.16533641760796,nan,nan,True,,,0.00196479999794974,252.81640625,252.81640625,0.0,14.6,calibrated_on_calibration_split,,,,"{""instance_metadata"": {""complete"": true, ""high"": 100.0, ""instance_type"": ""random_asymmetric"", ""low"": 1.0, ""n"": 8, ""seed"": 6, ""symmetric"": false}}"
small_exact,evaluation,small_exact_euclidean_n8_seed7,euclidean,8,7,tn_exact,ok,"[7, 0, 2, 3, 6, 5, 1, 4]",2638.5295991658368,2638.5295991658368,2638.5295991658368,0.0,0.0,True,True,True,0.20937380000032135,252.81640625,252.859375,0.04296875,14.6,calibrated_on_calibration_split,,True,,"{""exact_mode"": true, ""finite_edges"": true, ""instance_metadata"": {""complete"": true, ""instance_type"": ""euclidean"", ""n"": 8, ""points"": [[625.095466604667, 897.2138009695755], [775.6856902451935, 225.20718999059187], [300.16628491122543, 873.5534453962618], [5.265304565574724, 821.2284183827662], [797.0694287520462, 467.9349528437208], [303.0324268193135, 278.4256121007733], [254.8695876541246, 445.0763058826466], [504.5482589579533, 553.4973520744925]], ""scale"": 1000.0, ""seed"": 7, ""symmetric"": true}, ""max_layers"": 6, ""n_layers"": null, ""n_layers_effective"": 6, ""normalization_factor"": 974.0579425089911, ""normalize"": true, ""seed"": 7, ""tau"": 14.6, ""valid_route"": true}"
small_exact,evaluation,small_exact_euclidean_n8_seed7,euclidean,8,7,held_karp,ok,"[7, 0, 2, 3, 6, 5, 1, 4]",2638.5295991658368,2638.5295991658368,2638.5295991658368,0.0,0.0,True,True,True,0.000828100000944687,252.859375,252.859375,0.0,14.6,calibrated_on_calibration_split,,,,"{""instance_metadata"": {""complete"": true, ""instance_type"": ""euclidean"", ""n"": 8, ""points"": [[625.095466604667, 897.2138009695755], [775.6856902451935, 225.20718999059187], [300.16628491122543, 873.5534453962618], [5.265304565574724, 821.2284183827662], [797.0694287520462, 467.9349528437208], [303.0324268193135, 278.4256121007733], [254.8695876541246, 445.0763058826466], [504.5482589579533, 553.4973520744925]], ""scale"": 1000.0, ""seed"": 7, ""symmetric"": true}, ""max_n"": 18, ""start"": 7}"
small_exact,evaluation,small_exact_euclidean_n8_seed7,euclidean,8,7,bruteforce,ok,"[7, 0, 2, 3, 6, 5, 1, 4]",2638.5295991658368,2638.5295991658368,2638.5295991658368,0.0,0.0,True,True,True,0.0351872999999614,252.859375,252.859375,0.0,14.6,calibrated_on_calibration_split,,,,"{""instance_metadata"": {""complete"": true, ""instance_type"": ""euclidean"", ""n"": 8, ""points"": [[625.095466604667, 897.2138009695755], [775.6856902451935, 225.20718999059187], [300.16628491122543, 873.5534453962618], [5.265304565574724, 821.2284183827662], [797.0694287520462, 467.9349528437208], [303.0324268193135, 278.4256121007733], [254.8695876541246, 445.0763058826466], [504.5482589579533, 553.4973520744925]], ""scale"": 1000.0, ""seed"": 7, ""symmetric"": true}, ""max_n"": 10, ""permutations_checked"": 5040, ""start"": 7}"
small_exact,evaluation,small_exact_euclidean_n8_seed7,euclidean,8,7,ortools,ok,"[7, 0, 2, 3, 6, 5, 1, 4]",2638.5295991658368,2638.5295991658368,2638.5295991658368,0.0,0.0,True,True,True,0.003371399998286506,252.859375,252.859375,0.0,14.6,calibrated_on_calibration_split,,,5.0,"{""finite_edges"": true, ""infinity_penalty"": 7792463544000, ""instance_metadata"": {""complete"": true, ""instance_type"": ""euclidean"", ""n"": 8, ""points"": [[625.095466604667, 897.2138009695755], [775.6856902451935, 225.20718999059187], [300.16628491122543, 873.5534453962618], [5.265304565574724, 821.2284183827662], [797.0694287520462, 467.9349528437208], [303.0324268193135, 278.4256121007733], [254.8695876541246, 445.0763058826466], [504.5482589579533, 553.4973520744925]], ""scale"": 1000.0, ""seed"": 7, ""symmetric"": true}, ""integer_scale"": 1000000, ""start"": 7, ""time_limit_s"": 5.0, ""valid_route"": true}"
small_exact,evaluation,small_exact_euclidean_n8_seed7,euclidean,8,7,networkx_christofides,ok,"[7, 0, 2, 3, 4, 1, 5, 6]",3021.56755552922,2638.5295991658368,2638.5295991658368,0.14517099087479615,0.14517099087479615,True,True,True,0.0020218999998178333,252.859375,252.859375,0.0,14.6,calibrated_on_calibration_split,,,,"{""finite_edges"": true, ""instance_metadata"": {""complete"": true, ""instance_type"": ""euclidean"", ""n"": 8, ""points"": [[625.095466604667, 897.2138009695755], [775.6856902451935, 225.20718999059187], [300.16628491122543, 873.5534453962618], [5.265304565574724, 821.2284183827662], [797.0694287520462, 467.9349528437208], [303.0324268193135, 278.4256121007733], [254.8695876541246, 445.0763058826466], [504.5482589579533, 553.4973520744925]], ""scale"": 1000.0, ""seed"": 7, ""symmetric"": true}, ""requires_metric_symmetric_complete"": true, ""valid_route"": true}"
small_exact,evaluation,small_exact_euclidean_n8_seed7,euclidean,8,7,networkx_greedy,ok,"[7, 3, 2, 0, 4, 1, 5, 6]",2819.2595869791567,2638.5295991658368,2638.5295991658368,0.06849647920207419,0.06849647920207419,True,True,True,0.00024979999943752773,252.859375,252.859375,0.0,14.6,calibrated_on_calibration_split,,,,"{""finite_edges"": true, ""instance_metadata"": {""complete"": true, ""instance_type"": ""euclidean"", ""n"": 8, ""points"": [[625.095466604667, 897.2138009695755], [775.6856902451935, 225.20718999059187], [300.16628491122543, 873.5534453962618], [5.265304565574724, 821.2284183827662], [797.0694287520462, 467.9349528437208], [303.0324268193135, 278.4256121007733], [254.8695876541246, 445.0763058826466], [504.5482589579533, 553.4973520744925]], ""scale"": 1000.0, ""seed"": 7, ""symmetric"": true}, ""valid_route"": true}"
small_exact,evaluation,small_exact_euclidean_n8_seed7,euclidean,8,7,python_tsp_dynamic_programming,skipped_missing_dependency,,,2638.5295991658368,2638.5295991658368,nan,nan,True,,,0.0012594999971042853,252.859375,252.859375,0.0,14.6,calibrated_on_calibration_split,,,,"{""instance_metadata"": {""complete"": true, ""instance_type"": ""euclidean"", ""n"": 8, ""points"": [[625.095466604667, 897.2138009695755], [775.6856902451935, 225.20718999059187], [300.16628491122543, 873.5534453962618], [5.265304565574724, 821.2284183827662], [797.0694287520462, 467.9349528437208], [303.0324268193135, 278.4256121007733], [254.8695876541246, 445.0763058826466], [504.5482589579533, 553.4973520744925]], ""scale"": 1000.0, ""seed"": 7, ""symmetric"": true}}"
small_exact,evaluation,small_exact_random_symmetric_n8_seed7,random_symmetric,8,7,tn_exact,ok,"[7, 3, 0, 4, 1, 2, 5, 6]",251.9904843882264,251.99048438822638,251.99048438822638,1.1278882017868744e-16,1.1278882017868744e-16,True,True,True,0.12289919999966514,252.859375,252.859375,0.0,14.6,calibrated_on_calibration_split,,True,,"{""exact_mode"": true, ""finite_edges"": true, ""instance_metadata"": {""complete"": true, ""high"": 100.0, ""instance_type"": ""random_symmetric"", ""low"": 1.0, ""n"": 8, ""seed"": 7, ""symmetric"": true}, ""max_layers"": 6, ""n_layers"": null, ""n_layers_effective"": 6, ""normalization_factor"": 88.67370569713951, ""normalize"": true, ""seed"": 7, ""tau"": 14.6, ""valid_route"": true}"
small_exact,evaluation,small_exact_random_symmetric_n8_seed7,random_symmetric,8,7,held_karp,ok,"[7, 6, 5, 2, 1, 4, 0, 3]",251.99048438822638,251.99048438822638,251.99048438822638,0.0,0.0,True,True,True,0.002865800001018215,252.859375,252.859375,0.0,14.6,calibrated_on_calibration_split,,,,"{""instance_metadata"": {""complete"": true, ""high"": 100.0, ""instance_type"": ""random_symmetric"", ""low"": 1.0, ""n"": 8, ""seed"": 7, ""symmetric"": true}, ""max_n"": 18, ""start"": 7}"
small_exact,evaluation,small_exact_random_symmetric_n8_seed7,random_symmetric,8,7,bruteforce,ok,"[7, 6, 5, 2, 1, 4, 0, 3]",251.99048438822638,251.99048438822638,251.99048438822638,0.0,0.0,True,True,True,0.055912899999384535,252.859375,252.859375,0.0,14.6,calibrated_on_calibration_split,,,,"{""instance_metadata"": {""complete"": true, ""high"": 100.0, ""instance_type"": ""random_symmetric"", ""low"": 1.0, ""n"": 8, ""seed"": 7, ""symmetric"": true}, ""max_n"": 10, ""permutations_checked"": 5040, ""start"": 7}"
small_exact,evaluation,small_exact_random_symmetric_n8_seed7,random_symmetric,8,7,ortools,ok,"[7, 3, 0, 4, 1, 2, 5, 6]",251.9904843882264,251.99048438822638,251.99048438822638,1.1278882017868744e-16,1.1278882017868744e-16,True,True,True,0.007002999998803716,252.859375,252.859375,0.0,14.6,calibrated_on_calibration_split,,,5.0,"{""finite_edges"": true, ""infinity_penalty"": 709389648000, ""instance_metadata"": {""complete"": true, ""high"": 100.0, ""instance_type"": ""random_symmetric"", ""low"": 1.0, ""n"": 8, ""seed"": 7, ""symmetric"": true}, ""integer_scale"": 1000000, ""start"": 7, ""time_limit_s"": 5.0, ""valid_route"": true}"
small_exact,evaluation,small_exact_random_symmetric_n8_seed7,random_symmetric,8,7,networkx_christofides,skipped_not_applicable,,,251.99048438822638,251.99048438822638,nan,nan,True,,,0.0003788999965763651,252.859375,252.859375,0.0,14.6,calibrated_on_calibration_split,,,,"{""instance_metadata"": {""complete"": true, ""high"": 100.0, ""instance_type"": ""random_symmetric"", ""low"": 1.0, ""n"": 8, ""seed"": 7, ""symmetric"": true}, ""requires_metric_symmetric_complete"": true}"
small_exact,evaluation,small_exact_random_symmetric_n8_seed7,random_symmetric,8,7,networkx_greedy,ok,"[7, 4, 0, 3, 1, 2, 5, 6]",265.2591287072363,251.99048438822638,251.99048438822638,0.05265533875702914,0.05265533875702914,True,True,True,0.0004755000009026844,252.859375,252.859375,0.0,14.6,calibrated_on_calibration_split,,,,"{""finite_edges"": true, ""instance_metadata"": {""complete"": true, ""high"": 100.0, ""instance_type"": ""random_symmetric"", ""low"": 1.0, ""n"": 8, ""seed"": 7, ""symmetric"": true}, ""valid_route"": true}"
small_exact,evaluation,small_exact_random_symmetric_n8_seed7,random_symmetric,8,7,python_tsp_dynamic_programming,skipped_missing_dependency,,,251.99048438822638,251.99048438822638,nan,nan,True,,,0.004085600001417333,252.859375,252.859375,0.0,14.6,calibrated_on_calibration_split,,,,"{""instance_metadata"": {""complete"": true, ""high"": 100.0, ""instance_type"": ""random_symmetric"", ""low"": 1.0, ""n"": 8, ""seed"": 7, ""symmetric"": true}}"
small_exact,evaluation,small_exact_random_asymmetric_n8_seed7,random_asymmetric,8,7,tn_exact,ok,"[7, 1, 3, 0, 6, 4, 5, 2]",138.23807085254663,138.23807085254663,138.23807085254663,0.0,0.0,True,True,True,0.09554650000063702,252.86328125,252.86328125,0.0,14.6,calibrated_on_calibration_split,,True,,"{""exact_mode"": true, ""finite_edges"": true, ""instance_metadata"": {""complete"": true, ""high"": 100.0, ""instance_type"": ""random_asymmetric"", ""low"": 1.0, ""n"": 8, ""seed"": 7, ""symmetric"": false}, ""max_layers"": 6, ""n_layers"": null, ""n_layers_effective"": 6, ""normalization_factor"": 99.55452806000487, ""normalize"": true, ""seed"": 7, ""tau"": 14.6, ""valid_route"": true}"
small_exact,evaluation,small_exact_random_asymmetric_n8_seed7,random_asymmetric,8,7,held_karp,ok,"[7, 1, 3, 0, 6, 4, 5, 2]",138.23807085254663,138.23807085254663,138.23807085254663,0.0,0.0,True,True,True,0.0007387000005110167,252.86328125,252.86328125,0.0,14.6,calibrated_on_calibration_split,,,,"{""instance_metadata"": {""complete"": true, ""high"": 100.0, ""instance_type"": ""random_asymmetric"", ""low"": 1.0, ""n"": 8, ""seed"": 7, ""symmetric"": false}, ""max_n"": 18, ""start"": 7}"
small_exact,evaluation,small_exact_random_asymmetric_n8_seed7,random_asymmetric,8,7,bruteforce,ok,"[7, 1, 3, 0, 6, 4, 5, 2]",138.23807085254663,138.23807085254663,138.23807085254663,0.0,0.0,True,True,True,0.04145019999850774,252.86328125,252.86328125,0.0,14.6,calibrated_on_calibration_split,,,,"{""instance_metadata"": {""complete"": true, ""high"": 100.0, ""instance_type"": ""random_asymmetric"", ""low"": 1.0, ""n"": 8, ""seed"": 7, ""symmetric"": false}, ""max_n"": 10, ""permutations_checked"": 5040, ""start"": 7}"
small_exact,evaluation,small_exact_random_asymmetric_n8_seed7,random_asymmetric,8,7,ortools,ok,"[7, 1, 3, 0, 6, 4, 5, 2]",138.23807085254663,138.23807085254663,138.23807085254663,0.0,0.0,True,True,True,0.003939800000807736,252.86328125,252.86328125,0.0,14.6,calibrated_on_calibration_split,,,5.0,"{""finite_edges"": true, ""infinity_penalty"": 796436224000, ""instance_metadata"": {""complete"": true, ""high"": 100.0, ""instance_type"": ""random_asymmetric"", ""low"": 1.0, ""n"": 8, ""seed"": 7, ""symmetric"": false}, ""integer_scale"": 1000000, ""start"": 7, ""time_limit_s"": 5.0, ""valid_route"": true}"
small_exact,evaluation,small_exact_random_asymmetric_n8_seed7,random_asymmetric,8,7,networkx_christofides,skipped_not_applicable,,,138.23807085254663,138.23807085254663,nan,nan,True,,,0.00013439999747788534,252.86328125,252.86328125,0.0,14.6,calibrated_on_calibration_split,,,,"{""instance_metadata"": {""complete"": true, ""high"": 100.0, ""instance_type"": ""random_asymmetric"", ""low"": 1.0, ""n"": 8, ""seed"": 7, ""symmetric"": false}, ""requires_metric_symmetric_complete"": true}"
small_exact,evaluation,small_exact_random_asymmetric_n8_seed7,random_asymmetric,8,7,networkx_greedy,ok,"[7, 1, 4, 5, 6, 2, 3, 0]",298.73117250702444,138.23807085254663,138.23807085254663,1.1609906060224886,1.1609906060224886,True,True,True,0.00024090000079013407,252.86328125,252.86328125,0.0,14.6,calibrated_on_calibration_split,,,,"{""finite_edges"": true, ""instance_metadata"": {""complete"": true, ""high"": 100.0, ""instance_type"": ""random_asymmetric"", ""low"": 1.0, ""n"": 8, ""seed"": 7, ""symmetric"": false}, ""valid_route"": true}"
small_exact,evaluation,small_exact_random_asymmetric_n8_seed7,random_asymmetric,8,7,python_tsp_dynamic_programming,skipped_missing_dependency,,,138.23807085254663,138.23807085254663,nan,nan,True,,,0.001119799999287352,252.86328125,252.86328125,0.0,14.6,calibrated_on_calibration_split,,,,"{""instance_metadata"": {""complete"": true, ""high"": 100.0, ""instance_type"": ""random_asymmetric"", ""low"": 1.0, ""n"": 8, ""seed"": 7, ""symmetric"": false}}"
small_exact,evaluation,small_exact_euclidean_n8_seed8,euclidean,8,8,tn_exact,ok,"[7, 2, 3, 5, 6, 4, 1, 0]",2424.6192409307196,2424.6192409307196,2424.6192409307196,0.0,0.0,True,True,True,0.14645160000145552,252.86328125,252.86328125,0.0,14.6,calibrated_on_calibration_split,,True,,"{""exact_mode"": true, ""finite_edges"": true, ""instance_metadata"": {""complete"": true, ""instance_type"": ""euclidean"", ""n"": 8, ""points"": [[326.9722766055607, 987.2768433379256], [318.7108384855167, 788.548935820029], [869.8965116962161, 391.08480653919395], [437.8818731227988, 372.74890308935306], [106.95359647277436, 478.965454162717], [241.3521450846823, 257.1452485511297], [184.7315568344149, 193.8645489043107], [813.827670155021, 422.9841881442263]], ""scale"": 1000.0, ""seed"": 8, ""symmetric"": true}, ""max_layers"": 6, ""n_layers"": null, ""n_layers_effective"": 6, ""normalization_factor"": 806.3570361762793, ""normalize"": true, ""seed"": 8, ""tau"": 14.6, ""valid_route"": true}"
small_exact,evaluation,small_exact_euclidean_n8_seed8,euclidean,8,8,held_karp,ok,"[7, 2, 3, 5, 6, 4, 1, 0]",2424.6192409307196,2424.6192409307196,2424.6192409307196,0.0,0.0,True,True,True,0.0010094000026583672,252.86328125,252.86328125,0.0,14.6,calibrated_on_calibration_split,,,,"{""instance_metadata"": {""complete"": true, ""instance_type"": ""euclidean"", ""n"": 8, ""points"": [[326.9722766055607, 987.2768433379256], [318.7108384855167, 788.548935820029], [869.8965116962161, 391.08480653919395], [437.8818731227988, 372.74890308935306], [106.95359647277436, 478.965454162717], [241.3521450846823, 257.1452485511297], [184.7315568344149, 193.8645489043107], [813.827670155021, 422.9841881442263]], ""scale"": 1000.0, ""seed"": 8, ""symmetric"": true}, ""max_n"": 18, ""start"": 7}"
small_exact,evaluation,small_exact_euclidean_n8_seed8,euclidean,8,8,bruteforce,ok,"[7, 0, 1, 4, 6, 5, 3, 2]",2424.6192409307196,2424.6192409307196,2424.6192409307196,0.0,0.0,True,True,True,0.038652200000797166,252.86328125,252.86328125,0.0,14.6,calibrated_on_calibration_split,,,,"{""instance_metadata"": {""complete"": true, ""instance_type"": ""euclidean"", ""n"": 8, ""points"": [[326.9722766055607, 987.2768433379256], [318.7108384855167, 788.548935820029], [869.8965116962161, 391.08480653919395], [437.8818731227988, 372.74890308935306], [106.95359647277436, 478.965454162717], [241.3521450846823, 257.1452485511297], [184.7315568344149, 193.8645489043107], [813.827670155021, 422.9841881442263]], ""scale"": 1000.0, ""seed"": 8, ""symmetric"": true}, ""max_n"": 10, ""permutations_checked"": 5040, ""start"": 7}"
small_exact,evaluation,small_exact_euclidean_n8_seed8,euclidean,8,8,ortools,ok,"[7, 2, 3, 5, 6, 4, 1, 0]",2424.6192409307196,2424.6192409307196,2424.6192409307196,0.0,0.0,True,True,True,0.003313900000648573,252.86328125,252.86328125,0.0,14.6,calibrated_on_calibration_split,,,5.0,"{""finite_edges"": true, ""infinity_penalty"": 6450856288000, ""instance_metadata"": {""complete"": true, ""instance_type"": ""euclidean"", ""n"": 8, ""points"": [[326.9722766055607, 987.2768433379256], [318.7108384855167, 788.548935820029], [869.8965116962161, 391.08480653919395], [437.8818731227988, 372.74890308935306], [106.95359647277436, 478.965454162717], [241.3521450846823, 257.1452485511297], [184.7315568344149, 193.8645489043107], [813.827670155021, 422.9841881442263]], ""scale"": 1000.0, ""seed"": 8, ""symmetric"": true}, ""integer_scale"": 1000000, ""start"": 7, ""time_limit_s"": 5.0, ""valid_route"": true}"
small_exact,evaluation,small_exact_euclidean_n8_seed8,euclidean,8,8,networkx_christofides,ok,"[7, 2, 0, 1, 4, 6, 5, 3]",2432.5718455986816,2424.6192409307196,2424.6192409307196,0.0032799396019431793,0.0032799396019431793,True,True,True,0.0013675000009243377,252.86328125,252.86328125,0.0,14.6,calibrated_on_calibration_split,,,,"{""finite_edges"": true, ""instance_metadata"": {""complete"": true, ""instance_type"": ""euclidean"", ""n"": 8, ""points"": [[326.9722766055607, 987.2768433379256], [318.7108384855167, 788.548935820029], [869.8965116962161, 391.08480653919395], [437.8818731227988, 372.74890308935306], [106.95359647277436, 478.965454162717], [241.3521450846823, 257.1452485511297], [184.7315568344149, 193.8645489043107], [813.827670155021, 422.9841881442263]], ""scale"": 1000.0, ""seed"": 8, ""symmetric"": true}, ""requires_metric_symmetric_complete"": true, ""valid_route"": true}"
small_exact,evaluation,small_exact_euclidean_n8_seed8,euclidean,8,8,networkx_greedy,ok,"[7, 0, 1, 4, 6, 5, 3, 2]",2424.6192409307196,2424.6192409307196,2424.6192409307196,0.0,0.0,True,True,True,0.00019919999976991676,252.86328125,252.86328125,0.0,14.6,calibrated_on_calibration_split,,,,"{""finite_edges"": true, ""instance_metadata"": {""complete"": true, ""instance_type"": ""euclidean"", ""n"": 8, ""points"": [[326.9722766055607, 987.2768433379256], [318.7108384855167, 788.548935820029], [869.8965116962161, 391.08480653919395], [437.8818731227988, 372.74890308935306], [106.95359647277436, 478.965454162717], [241.3521450846823, 257.1452485511297], [184.7315568344149, 193.8645489043107], [813.827670155021, 422.9841881442263]], ""scale"": 1000.0, ""seed"": 8, ""symmetric"": true}, ""valid_route"": true}"
small_exact,evaluation,small_exact_euclidean_n8_seed8,euclidean,8,8,python_tsp_dynamic_programming,skipped_missing_dependency,,,2424.6192409307196,2424.6192409307196,nan,nan,True,,,0.0011386000005586538,252.86328125,252.86328125,0.0,14.6,calibrated_on_calibration_split,,,,"{""instance_metadata"": {""complete"": true, ""instance_type"": ""euclidean"", ""n"": 8, ""points"": [[326.9722766055607, 987.2768433379256], [318.7108384855167, 788.548935820029], [869.8965116962161, 391.08480653919395], [437.8818731227988, 372.74890308935306], [106.95359647277436, 478.965454162717], [241.3521450846823, 257.1452485511297], [184.7315568344149, 193.8645489043107], [813.827670155021, 422.9841881442263]], ""scale"": 1000.0, ""seed"": 8, ""symmetric"": true}}"
small_exact,evaluation,small_exact_random_symmetric_n8_seed8,random_symmetric,8,8,tn_exact,ok,"[7, 5, 3, 1, 4, 2, 6, 0]",259.37913006137455,258.47003950157267,258.47003950157267,0.0035171989819591867,0.0035171989819591867,True,True,True,0.0908452000003308,252.86328125,252.86328125,0.0,14.6,calibrated_on_calibration_split,,True,,"{""exact_mode"": true, ""finite_edges"": true, ""instance_metadata"": {""complete"": true, ""high"": 100.0, ""instance_type"": ""random_symmetric"", ""low"": 1.0, ""n"": 8, ""seed"": 8, ""symmetric"": true}, ""max_layers"": 6, ""n_layers"": null, ""n_layers_effective"": 6, ""normalization_factor"": 72.84500176697068, ""normalize"": true, ""seed"": 8, ""tau"": 14.6, ""valid_route"": true}"
small_exact,evaluation,small_exact_random_symmetric_n8_seed8,random_symmetric,8,8,held_karp,ok,"[7, 5, 3, 0, 2, 6, 1, 4]",258.47003950157267,258.47003950157267,258.47003950157267,0.0,0.0,True,True,True,0.0008095000011962838,252.86328125,252.86328125,0.0,14.6,calibrated_on_calibration_split,,,,"{""instance_metadata"": {""complete"": true, ""high"": 100.0, ""instance_type"": ""random_symmetric"", ""low"": 1.0, ""n"": 8, ""seed"": 8, ""symmetric"": true}, ""max_n"": 18, ""start"": 7}"
small_exact,evaluation,small_exact_random_symmetric_n8_seed8,random_symmetric,8,8,bruteforce,ok,"[7, 4, 1, 6, 2, 0, 3, 5]",258.47003950157267,258.47003950157267,258.47003950157267,0.0,0.0,True,True,True,0.062179299999115756,252.86328125,252.86328125,0.0,14.6,calibrated_on_calibration_split,,,,"{""instance_metadata"": {""complete"": true, ""high"": 100.0, ""instance_type"": ""random_symmetric"", ""low"": 1.0, ""n"": 8, ""seed"": 8, ""symmetric"": true}, ""max_n"": 10, ""permutations_checked"": 5040, ""start"": 7}"
small_exact,evaluation,small_exact_random_symmetric_n8_seed8,random_symmetric,8,8,ortools,ok,"[7, 4, 1, 6, 2, 0, 3, 5]",258.47003950157267,258.47003950157267,258.47003950157267,0.0,0.0,True,True,True,0.007699300000240328,252.86328125,252.86328125,0.0,14.6,calibrated_on_calibration_split,,,5.0,"{""finite_edges"": true, ""infinity_penalty"": 582760016000, ""instance_metadata"": {""complete"": true, ""high"": 100.0, ""instance_type"": ""random_symmetric"", ""low"": 1.0, ""n"": 8, ""seed"": 8, ""symmetric"": true}, ""integer_scale"": 1000000, ""start"": 7, ""time_limit_s"": 5.0, ""valid_route"": true}"
small_exact,evaluation,small_exact_random_symmetric_n8_seed8,random_symmetric,8,8,networkx_christofides,skipped_not_applicable,,,258.47003950157267,258.47003950157267,nan,nan,True,,,0.00016309999773511663,252.86328125,252.86328125,0.0,14.6,calibrated_on_calibration_split,,,,"{""instance_metadata"": {""complete"": true, ""high"": 100.0, ""instance_type"": ""random_symmetric"", ""low"": 1.0, ""n"": 8, ""seed"": 8, ""symmetric"": true}, ""requires_metric_symmetric_complete"": true}"
small_exact,evaluation,small_exact_random_symmetric_n8_seed8,random_symmetric,8,8,networkx_greedy,ok,"[7, 4, 1, 3, 5, 2, 0, 6]",277.10693888779923,258.47003950157267,258.47003950157267,0.07210467960683374,0.07210467960683374,True,True,True,0.0002199000009568408,252.86328125,252.86328125,0.0,14.6,calibrated_on_calibration_split,,,,"{""finite_edges"": true, ""instance_metadata"": {""complete"": true, ""high"": 100.0, ""instance_type"": ""random_symmetric"", ""low"": 1.0, ""n"": 8, ""seed"": 8, ""symmetric"": true}, ""valid_route"": true}"
small_exact,evaluation,small_exact_random_symmetric_n8_seed8,random_symmetric,8,8,python_tsp_dynamic_programming,skipped_missing_dependency,,,258.47003950157267,258.47003950157267,nan,nan,True,,,0.0017711000000417698,252.86328125,252.86328125,0.0,14.6,calibrated_on_calibration_split,,,,"{""instance_metadata"": {""complete"": true, ""high"": 100.0, ""instance_type"": ""random_symmetric"", ""low"": 1.0, ""n"": 8, ""seed"": 8, ""symmetric"": true}}"
small_exact,evaluation,small_exact_random_asymmetric_n8_seed8,random_asymmetric,8,8,tn_exact,ok,"[7, 5, 3, 0, 2, 6, 1, 4]",146.9224341772793,146.9224341772793,146.9224341772793,0.0,0.0,True,True,True,0.07547429999976885,252.86328125,252.8671875,0.00390625,14.6,calibrated_on_calibration_split,,True,,"{""exact_mode"": true, ""finite_edges"": true, ""instance_metadata"": {""complete"": true, ""high"": 100.0, ""instance_type"": ""random_asymmetric"", ""low"": 1.0, ""n"": 8, ""seed"": 8, ""symmetric"": false}, ""max_layers"": 6, ""n_layers"": null, ""n_layers_effective"": 6, ""normalization_factor"": 98.88858626864226, ""normalize"": true, ""seed"": 8, ""tau"": 14.6, ""valid_route"": true}"
small_exact,evaluation,small_exact_random_asymmetric_n8_seed8,random_asymmetric,8,8,held_karp,ok,"[7, 5, 3, 0, 2, 6, 1, 4]",146.9224341772793,146.9224341772793,146.9224341772793,0.0,0.0,True,True,True,0.000740100000257371,252.8671875,252.8671875,0.0,14.6,calibrated_on_calibration_split,,,,"{""instance_metadata"": {""complete"": true, ""high"": 100.0, ""instance_type"": ""random_asymmetric"", ""low"": 1.0, ""n"": 8, ""seed"": 8, ""symmetric"": false}, ""max_n"": 18, ""start"": 7}"
small_exact,evaluation,small_exact_random_asymmetric_n8_seed8,random_asymmetric,8,8,bruteforce,ok,"[7, 5, 3, 0, 2, 6, 1, 4]",146.9224341772793,146.9224341772793,146.9224341772793,0.0,0.0,True,True,True,0.05599200000142446,252.8671875,252.8671875,0.0,14.6,calibrated_on_calibration_split,,,,"{""instance_metadata"": {""complete"": true, ""high"": 100.0, ""instance_type"": ""random_asymmetric"", ""low"": 1.0, ""n"": 8, ""seed"": 8, ""symmetric"": false}, ""max_n"": 10, ""permutations_checked"": 5040, ""start"": 7}"
small_exact,evaluation,small_exact_random_asymmetric_n8_seed8,random_asymmetric,8,8,ortools,ok,"[7, 5, 3, 0, 2, 6, 1, 4]",146.9224341772793,146.9224341772793,146.9224341772793,0.0,0.0,True,True,True,0.004018300001916941,252.8671875,252.8671875,0.0,14.6,calibrated_on_calibration_split,,,5.0,"{""finite_edges"": true, ""infinity_penalty"": 791108688000, ""instance_metadata"": {""complete"": true, ""high"": 100.0, ""instance_type"": ""random_asymmetric"", ""low"": 1.0, ""n"": 8, ""seed"": 8, ""symmetric"": false}, ""integer_scale"": 1000000, ""start"": 7, ""time_limit_s"": 5.0, ""valid_route"": true}"
small_exact,evaluation,small_exact_random_asymmetric_n8_seed8,random_asymmetric,8,8,networkx_christofides,skipped_not_applicable,,,146.9224341772793,146.9224341772793,nan,nan,True,,,0.00012489999789977446,252.8671875,252.8671875,0.0,14.6,calibrated_on_calibration_split,,,,"{""instance_metadata"": {""complete"": true, ""high"": 100.0, ""instance_type"": ""random_asymmetric"", ""low"": 1.0, ""n"": 8, ""seed"": 8, ""symmetric"": false}, ""requires_metric_symmetric_complete"": true}"
small_exact,evaluation,small_exact_random_asymmetric_n8_seed8,random_asymmetric,8,8,networkx_greedy,ok,"[7, 5, 3, 0, 2, 6, 1, 4]",146.9224341772793,146.9224341772793,146.9224341772793,0.0,0.0,True,True,True,0.00023249999867402948,252.8671875,252.8671875,0.0,14.6,calibrated_on_calibration_split,,,,"{""finite_edges"": true, ""instance_metadata"": {""complete"": true, ""high"": 100.0, ""instance_type"": ""random_asymmetric"", ""low"": 1.0, ""n"": 8, ""seed"": 8, ""symmetric"": false}, ""valid_route"": true}"
small_exact,evaluation,small_exact_random_asymmetric_n8_seed8,random_asymmetric,8,8,python_tsp_dynamic_programming,skipped_missing_dependency,,,146.9224341772793,146.9224341772793,nan,nan,True,,,0.001293900000746362,252.8671875,252.8671875,0.0,14.6,calibrated_on_calibration_split,,,,"{""instance_metadata"": {""complete"": true, ""high"": 100.0, ""instance_type"": ""random_asymmetric"", ""low"": 1.0, ""n"": 8, ""seed"": 8, ""symmetric"": false}}"
small_exact,evaluation,small_exact_euclidean_n8_seed9,euclidean,8,9,tn_exact,ok,"[7, 3, 2, 1, 6, 4, 5, 0]",3043.2691720324383,3043.2691720324383,3043.2691720324383,0.0,0.0,True,True,True,0.11909709999963525,252.8671875,252.8671875,0.0,14.6,calibrated_on_calibration_split,,True,,"{""exact_mode"": true, ""finite_edges"": true, ""instance_metadata"": {""complete"": true, ""instance_type"": ""euclidean"", ""n"": 8, ""points"": [[870.2492039700846, 286.8172090875554], [603.1481500515619, 777.5340829201788], [716.0746296035653, 915.3801204905076], [860.3936491828846, 918.2376290487624], [26.587734467597212, 437.2480001295087], [484.9443269772881, 65.15419737010752], [5.626050679392924, 830.621436971257], [983.3022442861756, 784.6098526726796]], ""scale"": 1000.0, ""seed"": 9, ""symmetric"": true}, ""max_layers"": 6, ""n_layers"": null, ""n_layers_effective"": 6, ""normalization_factor"": 1021.4187365965673, ""normalize"": true, ""seed"": 9, ""tau"": 14.6, ""valid_route"": true}"
small_exact,evaluation,small_exact_euclidean_n8_seed9,euclidean,8,9,held_karp,ok,"[7, 3, 2, 1, 6, 4, 5, 0]",3043.2691720324383,3043.2691720324383,3043.2691720324383,0.0,0.0,True,True,True,0.0007502000007661991,252.8671875,252.8671875,0.0,14.6,calibrated_on_calibration_split,,,,"{""instance_metadata"": {""complete"": true, ""instance_type"": ""euclidean"", ""n"": 8, ""points"": [[870.2492039700846, 286.8172090875554], [603.1481500515619, 777.5340829201788], [716.0746296035653, 915.3801204905076], [860.3936491828846, 918.2376290487624], [26.587734467597212, 437.2480001295087], [484.9443269772881, 65.15419737010752], [5.626050679392924, 830.621436971257], [983.3022442861756, 784.6098526726796]], ""scale"": 1000.0, ""seed"": 9, ""symmetric"": true}, ""max_n"": 18, ""start"": 7}"
small_exact,evaluation,small_exact_euclidean_n8_seed9,euclidean,8,9,bruteforce,ok,"[7, 0, 5, 4, 6, 1, 2, 3]",3043.2691720324383,3043.2691720324383,3043.2691720324383,0.0,0.0,True,True,True,0.03960000000006403,252.8671875,252.8671875,0.0,14.6,calibrated_on_calibration_split,,,,"{""instance_metadata"": {""complete"": true, ""instance_type"": ""euclidean"", ""n"": 8, ""points"": [[870.2492039700846, 286.8172090875554], [603.1481500515619, 777.5340829201788], [716.0746296035653, 915.3801204905076], [860.3936491828846, 918.2376290487624], [26.587734467597212, 437.2480001295087], [484.9443269772881, 65.15419737010752], [5.626050679392924, 830.621436971257], [983.3022442861756, 784.6098526726796]], ""scale"": 1000.0, ""seed"": 9, ""symmetric"": true}, ""max_n"": 10, ""permutations_checked"": 5040, ""start"": 7}"
small_exact,evaluation,small_exact_euclidean_n8_seed9,euclidean,8,9,ortools,ok,"[7, 3, 2, 1, 6, 4, 5, 0]",3043.2691720324383,3043.2691720324383,3043.2691720324383,0.0,0.0,True,True,True,0.0022833000002719928,252.8671875,252.8671875,0.0,14.6,calibrated_on_calibration_split,,,5.0,"{""finite_edges"": true, ""infinity_penalty"": 8171349896000, ""instance_metadata"": {""complete"": true, ""instance_type"": ""euclidean"", ""n"": 8, ""points"": [[870.2492039700846, 286.8172090875554], [603.1481500515619, 777.5340829201788], [716.0746296035653, 915.3801204905076], [860.3936491828846, 918.2376290487624], [26.587734467597212, 437.2480001295087], [484.9443269772881, 65.15419737010752], [5.626050679392924, 830.621436971257], [983.3022442861756, 784.6098526726796]], ""scale"": 1000.0, ""seed"": 9, ""symmetric"": true}, ""integer_scale"": 1000000, ""start"": 7, ""time_limit_s"": 5.0, ""valid_route"": true}"
small_exact,evaluation,small_exact_euclidean_n8_seed9,euclidean,8,9,networkx_christofides,ok,"[7, 0, 5, 4, 6, 1, 2, 3]",3043.2691720324383,3043.2691720324383,3043.2691720324383,0.0,0.0,True,True,True,0.0009393000000272878,252.8671875,252.8671875,0.0,14.6,calibrated_on_calibration_split,,,,"{""finite_edges"": true, ""instance_metadata"": {""complete"": true, ""instance_type"": ""euclidean"", ""n"": 8, ""points"": [[870.2492039700846, 286.8172090875554], [603.1481500515619, 777.5340829201788], [716.0746296035653, 915.3801204905076], [860.3936491828846, 918.2376290487624], [26.587734467597212, 437.2480001295087], [484.9443269772881, 65.15419737010752], [5.626050679392924, 830.621436971257], [983.3022442861756, 784.6098526726796]], ""scale"": 1000.0, ""seed"": 9, ""symmetric"": true}, ""requires_metric_symmetric_complete"": true, ""valid_route"": true}"
small_exact,evaluation,small_exact_euclidean_n8_seed9,euclidean,8,9,networkx_greedy,ok,"[7, 3, 2, 1, 0, 5, 4, 6]",3470.383101011423,3043.2691720324383,3043.2691720324383,0.14034707573820626,0.14034707573820626,True,True,True,0.00031829999716137536,252.8671875,252.8671875,0.0,14.6,calibrated_on_calibration_split,,,,"{""finite_edges"": true, ""instance_metadata"": {""complete"": true, ""instance_type"": ""euclidean"", ""n"": 8, ""points"": [[870.2492039700846, 286.8172090875554], [603.1481500515619, 777.5340829201788], [716.0746296035653, 915.3801204905076], [860.3936491828846, 918.2376290487624], [26.587734467597212, 437.2480001295087], [484.9443269772881, 65.15419737010752], [5.626050679392924, 830.621436971257], [983.3022442861756, 784.6098526726796]], ""scale"": 1000.0, ""seed"": 9, ""symmetric"": true}, ""valid_route"": true}"
small_exact,evaluation,small_exact_euclidean_n8_seed9,euclidean,8,9,python_tsp_dynamic_programming,skipped_missing_dependency,,,3043.2691720324383,3043.2691720324383,nan,nan,True,,,0.0017434000001230743,252.8671875,252.8671875,0.0,14.6,calibrated_on_calibration_split,,,,"{""instance_metadata"": {""complete"": true, ""instance_type"": ""euclidean"", ""n"": 8, ""points"": [[870.2492039700846, 286.8172090875554], [603.1481500515619, 777.5340829201788], [716.0746296035653, 915.3801204905076], [860.3936491828846, 918.2376290487624], [26.587734467597212, 437.2480001295087], [484.9443269772881, 65.15419737010752], [5.626050679392924, 830.621436971257], [983.3022442861756, 784.6098526726796]], ""scale"": 1000.0, ""seed"": 9, ""symmetric"": true}}"
small_exact,evaluation,small_exact_random_symmetric_n8_seed9,random_symmetric,8,9,tn_exact,ok,"[7, 5, 3, 6, 4, 2, 0, 1]",250.68622756756787,250.68622756756787,250.68622756756787,0.0,0.0,True,True,True,0.10548879999987548,252.8671875,252.87109375,0.00390625,14.6,calibrated_on_calibration_split,,True,,"{""exact_mode"": true, ""finite_edges"": true, ""instance_metadata"": {""complete"": true, ""high"": 100.0, ""instance_type"": ""random_symmetric"", ""low"": 1.0, ""n"": 8, ""seed"": 9, ""symmetric"": true}, ""max_layers"": 6, ""n_layers"": null, ""n_layers_effective"": 6, ""normalization_factor"": 94.75394238397979, ""normalize"": true, ""seed"": 9, ""tau"": 14.6, ""valid_route"": true}"
small_exact,evaluation,small_exact_random_symmetric_n8_seed9,random_symmetric,8,9,held_karp,ok,"[7, 5, 3, 6, 4, 2, 0, 1]",250.68622756756787,250.68622756756787,250.68622756756787,0.0,0.0,True,True,True,0.0013767000018560793,252.87109375,252.87109375,0.0,14.6,calibrated_on_calibration_split,,,,"{""instance_metadata"": {""complete"": true, ""high"": 100.0, ""instance_type"": ""random_symmetric"", ""low"": 1.0, ""n"": 8, ""seed"": 9, ""symmetric"": true}, ""max_n"": 18, ""start"": 7}"
small_exact,evaluation,small_exact_random_symmetric_n8_seed9,random_symmetric,8,9,bruteforce,ok,"[7, 1, 0, 2, 4, 6, 3, 5]",250.68622756756787,250.68622756756787,250.68622756756787,0.0,0.0,True,True,True,0.05983159999959753,252.87109375,252.87109375,0.0,14.6,calibrated_on_calibration_split,,,,"{""instance_metadata"": {""complete"": true, ""high"": 100.0, ""instance_type"": ""random_symmetric"", ""low"": 1.0, ""n"": 8, ""seed"": 9, ""symmetric"": true}, ""max_n"": 10, ""permutations_checked"": 5040, ""start"": 7}"
small_exact,evaluation,small_exact_random_symmetric_n8_seed9,random_symmetric,8,9,ortools,ok,"[7, 5, 3, 6, 4, 2, 0, 1]",250.68622756756787,250.68622756756787,250.68622756756787,0.0,0.0,True,True,True,0.011881399997946573,252.87109375,252.87109375,0.0,14.6,calibrated_on_calibration_split,,,5.0,"{""finite_edges"": true, ""infinity_penalty"": 758031536000, ""instance_metadata"": {""complete"": true, ""high"": 100.0, ""instance_type"": ""random_symmetric"", ""low"": 1.0, ""n"": 8, ""seed"": 9, ""symmetric"": true}, ""integer_scale"": 1000000, ""start"": 7, ""time_limit_s"": 5.0, ""valid_route"": true}"
small_exact,evaluation,small_exact_random_symmetric_n8_seed9,random_symmetric,8,9,networkx_christofides,skipped_not_applicable,,,250.68622756756787,250.68622756756787,nan,nan,True,,,0.0004833000020880718,252.87109375,252.87109375,0.0,14.6,calibrated_on_calibration_split,,,,"{""instance_metadata"": {""complete"": true, ""high"": 100.0, ""instance_type"": ""random_symmetric"", ""low"": 1.0, ""n"": 8, ""seed"": 9, ""symmetric"": true}, ""requires_metric_symmetric_complete"": true}"
small_exact,evaluation,small_exact_random_symmetric_n8_seed9,random_symmetric,8,9,networkx_greedy,ok,"[7, 1, 0, 2, 4, 6, 3, 5]",250.68622756756787,250.68622756756787,250.68622756756787,0.0,0.0,True,True,True,0.0008493999994243495,252.87109375,252.87109375,0.0,14.6,calibrated_on_calibration_split,,,,"{""finite_edges"": true, ""instance_metadata"": {""complete"": true, ""high"": 100.0, ""instance_type"": ""random_symmetric"", ""low"": 1.0, ""n"": 8, ""seed"": 9, ""symmetric"": true}, ""valid_route"": true}"
small_exact,evaluation,small_exact_random_symmetric_n8_seed9,random_symmetric,8,9,python_tsp_dynamic_programming,skipped_missing_dependency,,,250.68622756756787,250.68622756756787,nan,nan,True,,,0.005238999998255167,252.87109375,252.87109375,0.0,14.6,calibrated_on_calibration_split,,,,"{""instance_metadata"": {""complete"": true, ""high"": 100.0, ""instance_type"": ""random_symmetric"", ""low"": 1.0, ""n"": 8, ""seed"": 9, ""symmetric"": true}}"
small_exact,evaluation,small_exact_random_asymmetric_n8_seed9,random_asymmetric,8,9,tn_exact,ok,"[7, 2, 0, 1, 4, 6, 3, 5]",126.4648744835167,126.4648744835167,126.4648744835167,0.0,0.0,True,True,True,0.13672090000181925,252.87109375,252.875,0.00390625,14.6,calibrated_on_calibration_split,,True,,"{""exact_mode"": true, ""finite_edges"": true, ""instance_metadata"": {""complete"": true, ""high"": 100.0, ""instance_type"": ""random_asymmetric"", ""low"": 1.0, ""n"": 8, ""seed"": 9, ""symmetric"": false}, ""max_layers"": 6, ""n_layers"": null, ""n_layers_effective"": 6, ""normalization_factor"": 98.78633394256309, ""normalize"": true, ""seed"": 9, ""tau"": 14.6, ""valid_route"": true}"
small_exact,evaluation,small_exact_random_asymmetric_n8_seed9,random_asymmetric,8,9,held_karp,ok,"[7, 2, 0, 1, 4, 6, 3, 5]",126.4648744835167,126.4648744835167,126.4648744835167,0.0,0.0,True,True,True,0.0021790999999211635,252.875,252.875,0.0,14.6,calibrated_on_calibration_split,,,,"{""instance_metadata"": {""complete"": true, ""high"": 100.0, ""instance_type"": ""random_asymmetric"", ""low"": 1.0, ""n"": 8, ""seed"": 9, ""symmetric"": false}, ""max_n"": 18, ""start"": 7}"
small_exact,evaluation,small_exact_random_asymmetric_n8_seed9,random_asymmetric,8,9,bruteforce,ok,"[7, 2, 0, 1, 4, 6, 3, 5]",126.4648744835167,126.4648744835167,126.4648744835167,0.0,0.0,True,True,True,0.039189399998576846,252.875,252.875,0.0,14.6,calibrated_on_calibration_split,,,,"{""instance_metadata"": {""complete"": true, ""high"": 100.0, ""instance_type"": ""random_asymmetric"", ""low"": 1.0, ""n"": 8, ""seed"": 9, ""symmetric"": false}, ""max_n"": 10, ""permutations_checked"": 5040, ""start"": 7}"
small_exact,evaluation,small_exact_random_asymmetric_n8_seed9,random_asymmetric,8,9,ortools,ok,"[7, 2, 0, 1, 4, 6, 3, 5]",126.4648744835167,126.4648744835167,126.4648744835167,0.0,0.0,True,True,True,0.004268400000000838,252.875,252.875,0.0,14.6,calibrated_on_calibration_split,,,5.0,"{""finite_edges"": true, ""infinity_penalty"": 790290672000, ""instance_metadata"": {""complete"": true, ""high"": 100.0, ""instance_type"": ""random_asymmetric"", ""low"": 1.0, ""n"": 8, ""seed"": 9, ""symmetric"": false}, ""integer_scale"": 1000000, ""start"": 7, ""time_limit_s"": 5.0, ""valid_route"": true}"
small_exact,evaluation,small_exact_random_asymmetric_n8_seed9,random_asymmetric,8,9,networkx_christofides,skipped_not_applicable,,,126.4648744835167,126.4648744835167,nan,nan,True,,,0.00040810000064084306,252.875,252.875,0.0,14.6,calibrated_on_calibration_split,,,,"{""instance_metadata"": {""complete"": true, ""high"": 100.0, ""instance_type"": ""random_asymmetric"", ""low"": 1.0, ""n"": 8, ""seed"": 9, ""symmetric"": false}, ""requires_metric_symmetric_complete"": true}"
small_exact,evaluation,small_exact_random_asymmetric_n8_seed9,random_asymmetric,8,9,networkx_greedy,ok,"[7, 2, 4, 3, 5, 6, 1, 0]",235.6552717485972,126.4648744835167,126.4648744835167,0.8634049392055678,0.8634049392055678,True,True,True,0.00041060000148718245,252.875,252.875,0.0,14.6,calibrated_on_calibration_split,,,,"{""finite_edges"": true, ""instance_metadata"": {""complete"": true, ""high"": 100.0, ""instance_type"": ""random_asymmetric"", ""low"": 1.0, ""n"": 8, ""seed"": 9, ""symmetric"": false}, ""valid_route"": true}"
small_exact,evaluation,small_exact_random_asymmetric_n8_seed9,random_asymmetric,8,9,python_tsp_dynamic_programming,skipped_missing_dependency,,,126.4648744835167,126.4648744835167,nan,nan,True,,,0.0020550999979604967,252.875,252.875,0.0,14.6,calibrated_on_calibration_split,,,,"{""instance_metadata"": {""complete"": true, ""high"": 100.0, ""instance_type"": ""random_asymmetric"", ""low"": 1.0, ""n"": 8, ""seed"": 9, ""symmetric"": false}}"
small_exact,evaluation,small_exact_euclidean_n9_seed5,euclidean,9,5,tn_exact,ok,"[8, 1, 5, 3, 2, 4, 6, 7, 0]",3287.9020549067313,3287.9020549067313,3287.9020549067313,0.0,0.0,True,True,True,0.142790399997466,252.875,254.06640625,1.19140625,26.0,calibrated_on_calibration_split,,True,,"{""exact_mode"": true, ""finite_edges"": true, ""instance_metadata"": {""complete"": true, ""instance_type"": ""euclidean"", ""n"": 9, ""points"": [[805.0029237453801, 807.9407897364938], [515.325561042142, 285.8013800881416], [53.930702381656424, 383.36888078551823], [408.47320541999864, 45.27519390244517], [48.75771072716806, 999.1761150650714], [652.3691115879877, 234.51020166982394], [434.94755222514203, 974.1861932592553], [897.6776081085488, 844.231037608741], [392.40466433477815, 493.0230187317426]], ""scale"": 1000.0, ""seed"": 5, ""symmetric"": true}, ""max_layers"": 7, ""n_layers"": null, ""n_layers_effective"": 7, ""normalization_factor"": 1019.4715319796893, ""normalize"": true, ""seed"": 5, ""tau"": 26.0, ""valid_route"": true}"
small_exact,evaluation,small_exact_euclidean_n9_seed5,euclidean,9,5,held_karp,ok,"[8, 1, 5, 3, 2, 4, 6, 7, 0]",3287.9020549067313,3287.9020549067313,3287.9020549067313,0.0,0.0,True,True,True,0.002052300002105767,254.06640625,254.06640625,0.0,26.0,calibrated_on_calibration_split,,,,"{""instance_metadata"": {""complete"": true, ""instance_type"": ""euclidean"", ""n"": 9, ""points"": [[805.0029237453801, 807.9407897364938], [515.325561042142, 285.8013800881416], [53.930702381656424, 383.36888078551823], [408.47320541999864, 45.27519390244517], [48.75771072716806, 999.1761150650714], [652.3691115879877, 234.51020166982394], [434.94755222514203, 974.1861932592553], [897.6776081085488, 844.231037608741], [392.40466433477815, 493.0230187317426]], ""scale"": 1000.0, ""seed"": 5, ""symmetric"": true}, ""max_n"": 18, ""start"": 8}"
small_exact,evaluation,small_exact_euclidean_n9_seed5,euclidean,9,5,bruteforce,ok,"[8, 0, 7, 6, 4, 2, 3, 5, 1]",3287.9020549067313,3287.9020549067313,3287.9020549067313,0.0,0.0,True,True,True,0.3276752000019769,254.06640625,254.06640625,0.0,26.0,calibrated_on_calibration_split,,,,"{""instance_metadata"": {""complete"": true, ""instance_type"": ""euclidean"", ""n"": 9, ""points"": [[805.0029237453801, 807.9407897364938], [515.325561042142, 285.8013800881416], [53.930702381656424, 383.36888078551823], [408.47320541999864, 45.27519390244517], [48.75771072716806, 999.1761150650714], [652.3691115879877, 234.51020166982394], [434.94755222514203, 974.1861932592553], [897.6776081085488, 844.231037608741], [392.40466433477815, 493.0230187317426]], ""scale"": 1000.0, ""seed"": 5, ""symmetric"": true}, ""max_n"": 10, ""permutations_checked"": 40320, ""start"": 8}"
small_exact,evaluation,small_exact_euclidean_n9_seed5,euclidean,9,5,ortools,ok,"[8, 1, 5, 3, 2, 4, 6, 7, 0]",3287.9020549067313,3287.9020549067313,3287.9020549067313,0.0,0.0,True,True,True,0.02061369999864837,254.06640625,254.9140625,0.84765625,26.0,calibrated_on_calibration_split,,,5.0,"{""finite_edges"": true, ""infinity_penalty"": 9175243788000, ""instance_metadata"": {""complete"": true, ""instance_type"": ""euclidean"", ""n"": 9, ""points"": [[805.0029237453801, 807.9407897364938], [515.325561042142, 285.8013800881416], [53.930702381656424, 383.36888078551823], [408.47320541999864, 45.27519390244517], [48.75771072716806, 999.1761150650714], [652.3691115879877, 234.51020166982394], [434.94755222514203, 974.1861932592553], [897.6776081085488, 844.231037608741], [392.40466433477815, 493.0230187317426]], ""scale"": 1000.0, ""seed"": 5, ""symmetric"": true}, ""integer_scale"": 1000000, ""start"": 8, ""time_limit_s"": 5.0, ""valid_route"": true}"
small_exact,evaluation,small_exact_euclidean_n9_seed5,euclidean,9,5,networkx_christofides,ok,"[8, 2, 3, 1, 5, 7, 0, 6, 4]",3416.4317025030937,3287.9020549067313,3287.9020549067313,0.03909168991349664,0.03909168991349664,True,True,True,0.007984199997736141,254.9140625,254.91796875,0.00390625,26.0,calibrated_on_calibration_split,,,,"{""finite_edges"": true, ""instance_metadata"": {""complete"": true, ""instance_type"": ""euclidean"", ""n"": 9, ""points"": [[805.0029237453801, 807.9407897364938], [515.325561042142, 285.8013800881416], [53.930702381656424, 383.36888078551823], [408.47320541999864, 45.27519390244517], [48.75771072716806, 999.1761150650714], [652.3691115879877, 234.51020166982394], [434.94755222514203, 974.1861932592553], [897.6776081085488, 844.231037608741], [392.40466433477815, 493.0230187317426]], ""scale"": 1000.0, ""seed"": 5, ""symmetric"": true}, ""requires_metric_symmetric_complete"": true, ""valid_route"": true}"
small_exact,evaluation,small_exact_euclidean_n9_seed5,euclidean,9,5,networkx_greedy,ok,"[8, 1, 5, 3, 2, 4, 6, 0, 7]",3309.2484362691766,3287.9020549067313,3287.9020549067313,0.006492401843476094,0.006492401843476094,True,True,True,0.0016032999992603436,254.91796875,254.91796875,0.0,26.0,calibrated_on_calibration_split,,,,"{""finite_edges"": true, ""instance_metadata"": {""complete"": true, ""instance_type"": ""euclidean"", ""n"": 9, ""points"": [[805.0029237453801, 807.9407897364938], [515.325561042142, 285.8013800881416], [53.930702381656424, 383.36888078551823], [408.47320541999864, 45.27519390244517], [48.75771072716806, 999.1761150650714], [652.3691115879877, 234.51020166982394], [434.94755222514203, 974.1861932592553], [897.6776081085488, 844.231037608741], [392.40466433477815, 493.0230187317426]], ""scale"": 1000.0, ""seed"": 5, ""symmetric"": true}, ""valid_route"": true}"
small_exact,evaluation,small_exact_euclidean_n9_seed5,euclidean,9,5,python_tsp_dynamic_programming,skipped_missing_dependency,,,3287.9020549067313,3287.9020549067313,nan,nan,True,,,0.009196900002280017,254.91796875,254.91796875,0.0,26.0,calibrated_on_calibration_split,,,,"{""instance_metadata"": {""complete"": true, ""instance_type"": ""euclidean"", ""n"": 9, ""points"": [[805.0029237453801, 807.9407897364938], [515.325561042142, 285.8013800881416], [53.930702381656424, 383.36888078551823], [408.47320541999864, 45.27519390244517], [48.75771072716806, 999.1761150650714], [652.3691115879877, 234.51020166982394], [434.94755222514203, 974.1861932592553], [897.6776081085488, 844.231037608741], [392.40466433477815, 493.0230187317426]], ""scale"": 1000.0, ""seed"": 5, ""symmetric"": true}}"
small_exact,evaluation,small_exact_random_symmetric_n9_seed5,random_symmetric,9,5,tn_exact,ok,"[8, 0, 4, 3, 5, 2, 1, 7, 6]",270.89404954511747,270.89404954511747,270.89404954511747,0.0,0.0,True,True,True,0.13848109999889857,254.91796875,254.9375,0.01953125,26.0,calibrated_on_calibration_split,,True,,"{""exact_mode"": true, ""finite_edges"": true, ""instance_metadata"": {""complete"": true, ""high"": 100.0, ""instance_type"": ""random_symmetric"", ""low"": 1.0, ""n"": 9, ""seed"": 5, ""symmetric"": true}, ""max_layers"": 7, ""n_layers"": null, ""n_layers_effective"": 7, ""normalization_factor"": 90.45228678767748, ""normalize"": true, ""seed"": 5, ""tau"": 26.0, ""valid_route"": true}"
small_exact,evaluation,small_exact_random_symmetric_n9_seed5,random_symmetric,9,5,held_karp,ok,"[8, 0, 4, 3, 5, 2, 1, 7, 6]",270.89404954511747,270.89404954511747,270.89404954511747,0.0,0.0,True,True,True,0.0019815000014204998,254.9375,254.98828125,0.05078125,26.0,calibrated_on_calibration_split,,,,"{""instance_metadata"": {""complete"": true, ""high"": 100.0, ""instance_type"": ""random_symmetric"", ""low"": 1.0, ""n"": 9, ""seed"": 5, ""symmetric"": true}, ""max_n"": 18, ""start"": 8}"
small_exact,evaluation,small_exact_random_symmetric_n9_seed5,random_symmetric,9,5,bruteforce,ok,"[8, 0, 4, 3, 5, 2, 1, 7, 6]",270.89404954511747,270.89404954511747,270.89404954511747,0.0,0.0,True,True,True,0.2489385000008042,254.98828125,254.98828125,0.0,26.0,calibrated_on_calibration_split,,,,"{""instance_metadata"": {""complete"": true, ""high"": 100.0, ""instance_type"": ""random_symmetric"", ""low"": 1.0, ""n"": 9, ""seed"": 5, ""symmetric"": true}, ""max_n"": 10, ""permutations_checked"": 40320, ""start"": 8}"
small_exact,evaluation,small_exact_random_symmetric_n9_seed5,random_symmetric,9,5,ortools,ok,"[8, 0, 4, 3, 5, 2, 1, 7, 6]",270.89404954511747,270.89404954511747,270.89404954511747,0.0,0.0,True,True,True,0.0019188000005669892,254.98828125,255.34375,0.35546875,26.0,calibrated_on_calibration_split,,,5.0,"{""finite_edges"": true, ""infinity_penalty"": 814070583000, ""instance_metadata"": {""complete"": true, ""high"": 100.0, ""instance_type"": ""random_symmetric"", ""low"": 1.0, ""n"": 9, ""seed"": 5, ""symmetric"": true}, ""integer_scale"": 1000000, ""start"": 8, ""time_limit_s"": 5.0, ""valid_route"": true}"
small_exact,evaluation,small_exact_random_symmetric_n9_seed5,random_symmetric,9,5,networkx_christofides,skipped_not_applicable,,,270.89404954511747,270.89404954511747,nan,nan,True,,,0.00041120000241789967,255.34375,255.34375,0.0,26.0,calibrated_on_calibration_split,,,,"{""instance_metadata"": {""complete"": true, ""high"": 100.0, ""instance_type"": ""random_symmetric"", ""low"": 1.0, ""n"": 9, ""seed"": 5, ""symmetric"": true}, ""requires_metric_symmetric_complete"": true}"
small_exact,evaluation,small_exact_random_symmetric_n9_seed5,random_symmetric,9,5,networkx_greedy,ok,"[8, 0, 7, 1, 2, 3, 5, 6, 4]",355.79380461221876,270.89404954511747,270.89404954511747,0.3134057584862573,0.3134057584862573,True,True,True,0.0009728999975777697,255.34375,255.34375,0.0,26.0,calibrated_on_calibration_split,,,,"{""finite_edges"": true, ""instance_metadata"": {""complete"": true, ""high"": 100.0, ""instance_type"": ""random_symmetric"", ""low"": 1.0, ""n"": 9, ""seed"": 5, ""symmetric"": true}, ""valid_route"": true}"
small_exact,evaluation,small_exact_random_symmetric_n9_seed5,random_symmetric,9,5,python_tsp_dynamic_programming,skipped_missing_dependency,,,270.89404954511747,270.89404954511747,nan,nan,True,,,0.013908799999626353,255.34375,255.34375,0.0,26.0,calibrated_on_calibration_split,,,,"{""instance_metadata"": {""complete"": true, ""high"": 100.0, ""instance_type"": ""random_symmetric"", ""low"": 1.0, ""n"": 9, ""seed"": 5, ""symmetric"": true}}"
small_exact,evaluation,small_exact_random_asymmetric_n9_seed5,random_asymmetric,9,5,tn_exact,ok,"[8, 7, 1, 2, 5, 3, 4, 6, 0]",133.55334063094844,133.55334063094844,133.55334063094844,0.0,0.0,True,True,True,0.19882199999847217,255.34375,255.37890625,0.03515625,26.0,calibrated_on_calibration_split,,True,,"{""exact_mode"": true, ""finite_edges"": true, ""instance_metadata"": {""complete"": true, ""high"": 100.0, ""instance_type"": ""random_asymmetric"", ""low"": 1.0, ""n"": 9, ""seed"": 5, ""symmetric"": false}, ""max_layers"": 7, ""n_layers"": null, ""n_layers_effective"": 7, ""normalization_factor"": 99.91843539144207, ""normalize"": true, ""seed"": 5, ""tau"": 26.0, ""valid_route"": true}"
small_exact,evaluation,small_exact_random_asymmetric_n9_seed5,random_asymmetric,9,5,held_karp,ok,"[8, 7, 1, 2, 5, 3, 4, 6, 0]",133.55334063094844,133.55334063094844,133.55334063094844,0.0,0.0,True,True,True,0.0022014000023773406,255.37890625,255.38671875,0.0078125,26.0,calibrated_on_calibration_split,,,,"{""instance_metadata"": {""complete"": true, ""high"": 100.0, ""instance_type"": ""random_asymmetric"", ""low"": 1.0, ""n"": 9, ""seed"": 5, ""symmetric"": false}, ""max_n"": 18, ""start"": 8}"
small_exact,evaluation,small_exact_random_asymmetric_n9_seed5,random_asymmetric,9,5,bruteforce,ok,"[8, 7, 1, 2, 5, 3, 4, 6, 0]",133.55334063094844,133.55334063094844,133.55334063094844,0.0,0.0,True,True,True,0.2852575000033539,255.38671875,255.38671875,0.0,26.0,calibrated_on_calibration_split,,,,"{""instance_metadata"": {""complete"": true, ""high"": 100.0, ""instance_type"": ""random_asymmetric"", ""low"": 1.0, ""n"": 9, ""seed"": 5, ""symmetric"": false}, ""max_n"": 10, ""permutations_checked"": 40320, ""start"": 8}"
small_exact,evaluation,small_exact_random_asymmetric_n9_seed5,random_asymmetric,9,5,ortools,ok,"[8, 7, 1, 2, 5, 3, 4, 6, 0]",133.55334063094844,133.55334063094844,133.55334063094844,0.0,0.0,True,True,True,0.004976100000931183,255.38671875,255.39453125,0.0078125,26.0,calibrated_on_calibration_split,,,5.0,"{""finite_edges"": true, ""infinity_penalty"": 899265915000, ""instance_metadata"": {""complete"": true, ""high"": 100.0, ""instance_type"": ""random_asymmetric"", ""low"": 1.0, ""n"": 9, ""seed"": 5, ""symmetric"": false}, ""integer_scale"": 1000000, ""start"": 8, ""time_limit_s"": 5.0, ""valid_route"": true}"
small_exact,evaluation,small_exact_random_asymmetric_n9_seed5,random_asymmetric,9,5,networkx_christofides,skipped_not_applicable,,,133.55334063094844,133.55334063094844,nan,nan,True,,,0.00024399999892921187,255.39453125,255.39453125,0.0,26.0,calibrated_on_calibration_split,,,,"{""instance_metadata"": {""complete"": true, ""high"": 100.0, ""instance_type"": ""random_asymmetric"", ""low"": 1.0, ""n"": 9, ""seed"": 5, ""symmetric"": false}, ""requires_metric_symmetric_complete"": true}"
small_exact,evaluation,small_exact_random_asymmetric_n9_seed5,random_asymmetric,9,5,networkx_greedy,ok,"[8, 7, 1, 2, 5, 3, 4, 6, 0]",133.55334063094844,133.55334063094844,133.55334063094844,0.0,0.0,True,True,True,0.0004910000025120098,255.39453125,255.39453125,0.0,26.0,calibrated_on_calibration_split,,,,"{""finite_edges"": true, ""instance_metadata"": {""complete"": true, ""high"": 100.0, ""instance_type"": ""random_asymmetric"", ""low"": 1.0, ""n"": 9, ""seed"": 5, ""symmetric"": false}, ""valid_route"": true}"
small_exact,evaluation,small_exact_random_asymmetric_n9_seed5,random_asymmetric,9,5,python_tsp_dynamic_programming,skipped_missing_dependency,,,133.55334063094844,133.55334063094844,nan,nan,True,,,0.001958500000910135,255.39453125,255.39453125,0.0,26.0,calibrated_on_calibration_split,,,,"{""instance_metadata"": {""complete"": true, ""high"": 100.0, ""instance_type"": ""random_asymmetric"", ""low"": 1.0, ""n"": 9, ""seed"": 5, ""symmetric"": false}}"
small_exact,evaluation,small_exact_euclidean_n9_seed6,euclidean,9,6,tn_exact,ok,"[8, 1, 0, 4, 3, 2, 7, 6, 5]",3278.7214071827025,3278.7214071827025,3278.7214071827025,0.0,0.0,True,True,True,0.12725219999992987,255.39453125,255.53125,0.13671875,26.0,calibrated_on_calibration_split,,True,,"{""exact_mode"": true, ""finite_edges"": true, ""instance_metadata"": {""complete"": true, ""instance_type"": ""euclidean"", ""n"": 9, ""points"": [[538.1643514719432, 343.27086981333844], [369.06723979537827, 374.49676558788235], [987.4449901864666, 632.7562726071461], [674.3239305044935, 329.96345538545836], [679.9176611640223, 122.97237488719004], [51.729231983775215, 850.1913468087871], [8.895805535434675, 978.7675621852967], [827.0030258190536, 785.2109593263714], [48.0834870025465, 207.43926620697474]], ""scale"": 1000.0, ""seed"": 6, ""symmetric"": true}, ""max_layers"": 7, ""n_layers"": null, ""n_layers_effective"": 7, ""normalization_factor"": 1087.4997624523116, ""normalize"": true, ""seed"": 6, ""tau"": 26.0, ""valid_route"": true}"
small_exact,evaluation,small_exact_euclidean_n9_seed6,euclidean,9,6,held_karp,ok,"[8, 5, 6, 7, 2, 3, 4, 0, 1]",3278.7214071827025,3278.7214071827025,3278.7214071827025,0.0,0.0,True,True,True,0.0022053000029700343,255.53125,255.54296875,0.01171875,26.0,calibrated_on_calibration_split,,,,"{""instance_metadata"": {""complete"": true, ""instance_type"": ""euclidean"", ""n"": 9, ""points"": [[538.1643514719432, 343.27086981333844], [369.06723979537827, 374.49676558788235], [987.4449901864666, 632.7562726071461], [674.3239305044935, 329.96345538545836], [679.9176611640223, 122.97237488719004], [51.729231983775215, 850.1913468087871], [8.895805535434675, 978.7675621852967], [827.0030258190536, 785.2109593263714], [48.0834870025465, 207.43926620697474]], ""scale"": 1000.0, ""seed"": 6, ""symmetric"": true}, ""max_n"": 18, ""start"": 8}"
small_exact,evaluation,small_exact_euclidean_n9_seed6,euclidean,9,6,bruteforce,ok,"[8, 1, 0, 4, 3, 2, 7, 6, 5]",3278.7214071827025,3278.7214071827025,3278.7214071827025,0.0,0.0,True,True,True,0.33198779999656836,255.54296875,255.54296875,0.0,26.0,calibrated_on_calibration_split,,,,"{""instance_metadata"": {""complete"": true, ""instance_type"": ""euclidean"", ""n"": 9, ""points"": [[538.1643514719432, 343.27086981333844], [369.06723979537827, 374.49676558788235], [987.4449901864666, 632.7562726071461], [674.3239305044935, 329.96345538545836], [679.9176611640223, 122.97237488719004], [51.729231983775215, 850.1913468087871], [8.895805535434675, 978.7675621852967], [827.0030258190536, 785.2109593263714], [48.0834870025465, 207.43926620697474]], ""scale"": 1000.0, ""seed"": 6, ""symmetric"": true}, ""max_n"": 10, ""permutations_checked"": 40320, ""start"": 8}"
small_exact,evaluation,small_exact_euclidean_n9_seed6,euclidean,9,6,ortools,ok,"[8, 1, 0, 4, 3, 2, 7, 6, 5]",3278.7214071827025,3278.7214071827025,3278.7214071827025,0.0,0.0,True,True,True,0.002725400001509115,255.54296875,255.54296875,0.0,26.0,calibrated_on_calibration_split,,,5.0,"{""finite_edges"": true, ""infinity_penalty"": 9787497858000, ""instance_metadata"": {""complete"": true, ""instance_type"": ""euclidean"", ""n"": 9, ""points"": [[538.1643514719432, 343.27086981333844], [369.06723979537827, 374.49676558788235], [987.4449901864666, 632.7562726071461], [674.3239305044935, 329.96345538545836], [679.9176611640223, 122.97237488719004], [51.729231983775215, 850.1913468087871], [8.895805535434675, 978.7675621852967], [827.0030258190536, 785.2109593263714], [48.0834870025465, 207.43926620697474]], ""scale"": 1000.0, ""seed"": 6, ""symmetric"": true}, ""integer_scale"": 1000000, ""start"": 8, ""time_limit_s"": 5.0, ""valid_route"": true}"
small_exact,evaluation,small_exact_euclidean_n9_seed6,euclidean,9,6,networkx_christofides,ok,"[8, 1, 0, 4, 3, 2, 7, 6, 5]",3278.7214071827025,3278.7214071827025,3278.7214071827025,0.0,0.0,True,True,True,0.0012572000014188234,255.54296875,255.54296875,0.0,26.0,calibrated_on_calibration_split,,,,"{""finite_edges"": true, ""instance_metadata"": {""complete"": true, ""instance_type"": ""euclidean"", ""n"": 9, ""points"": [[538.1643514719432, 343.27086981333844], [369.06723979537827, 374.49676558788235], [987.4449901864666, 632.7562726071461], [674.3239305044935, 329.96345538545836], [679.9176611640223, 122.97237488719004], [51.729231983775215, 850.1913468087871], [8.895805535434675, 978.7675621852967], [827.0030258190536, 785.2109593263714], [48.0834870025465, 207.43926620697474]], ""scale"": 1000.0, ""seed"": 6, ""symmetric"": true}, ""requires_metric_symmetric_complete"": true, ""valid_route"": true}"
small_exact,evaluation,small_exact_euclidean_n9_seed6,euclidean,9,6,networkx_greedy,ok,"[8, 1, 0, 3, 4, 2, 7, 5, 6]",3380.206971101811,3278.7214071827025,3278.7214071827025,0.030952786563928258,0.030952786563928258,True,True,True,0.00020060000315424986,255.54296875,255.54296875,0.0,26.0,calibrated_on_calibration_split,,,,"{""finite_edges"": true, ""instance_metadata"": {""complete"": true, ""instance_type"": ""euclidean"", ""n"": 9, ""points"": [[538.1643514719432, 343.27086981333844], [369.06723979537827, 374.49676558788235], [987.4449901864666, 632.7562726071461], [674.3239305044935, 329.96345538545836], [679.9176611640223, 122.97237488719004], [51.729231983775215, 850.1913468087871], [8.895805535434675, 978.7675621852967], [827.0030258190536, 785.2109593263714], [48.0834870025465, 207.43926620697474]], ""scale"": 1000.0, ""seed"": 6, ""symmetric"": true}, ""valid_route"": true}"
small_exact,evaluation,small_exact_euclidean_n9_seed6,euclidean,9,6,python_tsp_dynamic_programming,skipped_missing_dependency,,,3278.7214071827025,3278.7214071827025,nan,nan,True,,,0.0014563000004272908,255.54296875,255.54296875,0.0,26.0,calibrated_on_calibration_split,,,,"{""instance_metadata"": {""complete"": true, ""instance_type"": ""euclidean"", ""n"": 9, ""points"": [[538.1643514719432, 343.27086981333844], [369.06723979537827, 374.49676558788235], [987.4449901864666, 632.7562726071461], [674.3239305044935, 329.96345538545836], [679.9176611640223, 122.97237488719004], [51.729231983775215, 850.1913468087871], [8.895805535434675, 978.7675621852967], [827.0030258190536, 785.2109593263714], [48.0834870025465, 207.43926620697474]], ""scale"": 1000.0, ""seed"": 6, ""symmetric"": true}}"
small_exact,evaluation,small_exact_random_symmetric_n9_seed6,random_symmetric,9,6,tn_exact,ok,"[8, 2, 5, 1, 3, 7, 0, 6, 4]",310.6102087780798,310.61020877807977,310.61020877807977,1.830056361779811e-16,1.830056361779811e-16,True,True,True,0.1465515999989293,255.54296875,255.640625,0.09765625,26.0,calibrated_on_calibration_split,,True,,"{""exact_mode"": true, ""finite_edges"": true, ""instance_metadata"": {""complete"": true, ""high"": 100.0, ""instance_type"": ""random_symmetric"", ""low"": 1.0, ""n"": 9, ""seed"": 6, ""symmetric"": true}, ""max_layers"": 7, ""n_layers"": null, ""n_layers_effective"": 7, ""normalization_factor"": 97.91774004520022, ""normalize"": true, ""seed"": 6, ""tau"": 26.0, ""valid_route"": true}"
small_exact,evaluation,small_exact_random_symmetric_n9_seed6,random_symmetric,9,6,held_karp,ok,"[8, 4, 6, 0, 7, 3, 1, 5, 2]",310.61020877807977,310.61020877807977,310.61020877807977,0.0,0.0,True,True,True,0.0024040999996941537,255.640625,255.67578125,0.03515625,26.0,calibrated_on_calibration_split,,,,"{""instance_metadata"": {""complete"": true, ""high"": 100.0, ""instance_type"": ""random_symmetric"", ""low"": 1.0, ""n"": 9, ""seed"": 6, ""symmetric"": true}, ""max_n"": 18, ""start"": 8}"
small_exact,evaluation,small_exact_random_symmetric_n9_seed6,random_symmetric,9,6,bruteforce,ok,"[8, 4, 6, 0, 7, 3, 1, 5, 2]",310.61020877807977,310.61020877807977,310.61020877807977,0.0,0.0,True,True,True,0.37105670000164537,255.67578125,255.67578125,0.0,26.0,calibrated_on_calibration_split,,,,"{""instance_metadata"": {""complete"": true, ""high"": 100.0, ""instance_type"": ""random_symmetric"", ""low"": 1.0, ""n"": 9, ""seed"": 6, ""symmetric"": true}, ""max_n"": 10, ""permutations_checked"": 40320, ""start"": 8}"
small_exact,evaluation,small_exact_random_symmetric_n9_seed6,random_symmetric,9,6,ortools,ok,"[8, 7, 3, 1, 0, 6, 4, 5, 2]",321.7539099522217,310.61020877807977,310.61020877807977,0.035876802691001464,0.035876802691001464,True,True,True,0.004675799998949515,255.67578125,255.67578125,0.0,26.0,calibrated_on_calibration_split,,,5.0,"{""finite_edges"": true, ""infinity_penalty"": 881259660000, ""instance_metadata"": {""complete"": true, ""high"": 100.0, ""instance_type"": ""random_symmetric"", ""low"": 1.0, ""n"": 9, ""seed"": 6, ""symmetric"": true}, ""integer_scale"": 1000000, ""start"": 8, ""time_limit_s"": 5.0, ""valid_route"": true}"
small_exact,evaluation,small_exact_random_symmetric_n9_seed6,random_symmetric,9,6,networkx_christofides,skipped_not_applicable,,,310.61020877807977,310.61020877807977,nan,nan,True,,,0.000221800000872463,255.67578125,255.67578125,0.0,26.0,calibrated_on_calibration_split,,,,"{""instance_metadata"": {""complete"": true, ""high"": 100.0, ""instance_type"": ""random_symmetric"", ""low"": 1.0, ""n"": 9, ""seed"": 6, ""symmetric"": true}, ""requires_metric_symmetric_complete"": true}"
small_exact,evaluation,small_exact_random_symmetric_n9_seed6,random_symmetric,9,6,networkx_greedy,ok,"[8, 2, 3, 1, 0, 6, 4, 7, 5]",380.0525056197869,310.61020877807977,310.61020877807977,0.22356733577717428,0.22356733577717428,True,True,True,0.00040530000114813447,255.67578125,255.67578125,0.0,26.0,calibrated_on_calibration_split,,,,"{""finite_edges"": true, ""instance_metadata"": {""complete"": true, ""high"": 100.0, ""instance_type"": ""random_symmetric"", ""low"": 1.0, ""n"": 9, ""seed"": 6, ""symmetric"": true}, ""valid_route"": true}"
small_exact,evaluation,small_exact_random_symmetric_n9_seed6,random_symmetric,9,6,python_tsp_dynamic_programming,skipped_missing_dependency,,,310.61020877807977,310.61020877807977,nan,nan,True,,,0.002005399997869972,255.67578125,255.67578125,0.0,26.0,calibrated_on_calibration_split,,,,"{""instance_metadata"": {""complete"": true, ""high"": 100.0, ""instance_type"": ""random_symmetric"", ""low"": 1.0, ""n"": 9, ""seed"": 6, ""symmetric"": true}}"
small_exact,evaluation,small_exact_random_asymmetric_n9_seed6,random_asymmetric,9,6,tn_exact,ok,"[8, 4, 6, 0, 1, 7, 3, 5, 2]",185.28605662213405,185.28605662213405,185.28605662213405,0.0,0.0,True,True,True,0.11675729999842588,255.67578125,255.8828125,0.20703125,26.0,calibrated_on_calibration_split,,True,,"{""exact_mode"": true, ""finite_edges"": true, ""instance_metadata"": {""complete"": true, ""high"": 100.0, ""instance_type"": ""random_asymmetric"", ""low"": 1.0, ""n"": 9, ""seed"": 6, ""symmetric"": false}, ""max_layers"": 7, ""n_layers"": null, ""n_layers_effective"": 7, ""normalization_factor"": 98.76630070269854, ""normalize"": true, ""seed"": 6, ""tau"": 26.0, ""valid_route"": true}"
small_exact,evaluation,small_exact_random_asymmetric_n9_seed6,random_asymmetric,9,6,held_karp,ok,"[8, 4, 6, 0, 1, 7, 3, 5, 2]",185.28605662213405,185.28605662213405,185.28605662213405,0.0,0.0,True,True,True,0.0020171999967715237,255.8828125,255.89453125,0.01171875,26.0,calibrated_on_calibration_split,,,,"{""instance_metadata"": {""complete"": true, ""high"": 100.0, ""instance_type"": ""random_asymmetric"", ""low"": 1.0, ""n"": 9, ""seed"": 6, ""symmetric"": false}, ""max_n"": 18, ""start"": 8}"
small_exact,evaluation,small_exact_random_asymmetric_n9_seed6,random_asymmetric,9,6,bruteforce,ok,"[8, 4, 6, 0, 1, 7, 3, 5, 2]",185.28605662213405,185.28605662213405,185.28605662213405,0.0,0.0,True,True,True,0.2933216999990691,255.89453125,255.89453125,0.0,26.0,calibrated_on_calibration_split,,,,"{""instance_metadata"": {""complete"": true, ""high"": 100.0, ""instance_type"": ""random_asymmetric"", ""low"": 1.0, ""n"": 9, ""seed"": 6, ""symmetric"": false}, ""max_n"": 10, ""permutations_checked"": 40320, ""start"": 8}"
small_exact,evaluation,small_exact_random_asymmetric_n9_seed6,random_asymmetric,9,6,ortools,ok,"[8, 4, 6, 0, 1, 7, 3, 5, 2]",185.28605662213405,185.28605662213405,185.28605662213405,0.0,0.0,True,True,True,0.0037378999986685812,255.89453125,255.89453125,0.0,26.0,calibrated_on_calibration_split,,,5.0,"{""finite_edges"": true, ""infinity_penalty"": 888896709000, ""instance_metadata"": {""complete"": true, ""high"": 100.0, ""instance_type"": ""random_asymmetric"", ""low"": 1.0, ""n"": 9, ""seed"": 6, ""symmetric"": false}, ""integer_scale"": 1000000, ""start"": 8, ""time_limit_s"": 5.0, ""valid_route"": true}"
small_exact,evaluation,small_exact_random_asymmetric_n9_seed6,random_asymmetric,9,6,networkx_christofides,skipped_not_applicable,,,185.28605662213405,185.28605662213405,nan,nan,True,,,0.00017130000196630135,255.89453125,255.89453125,0.0,26.0,calibrated_on_calibration_split,,,,"{""instance_metadata"": {""complete"": true, ""high"": 100.0, ""instance_type"": ""random_asymmetric"", ""low"": 1.0, ""n"": 9, ""seed"": 6, ""symmetric"": false}, ""requires_metric_symmetric_complete"": true}"
small_exact,evaluation,small_exact_random_asymmetric_n9_seed6,random_asymmetric,9,6,networkx_greedy,ok,"[8, 4, 6, 3, 1, 7, 2, 5, 0]",326.5676234106355,185.28605662213405,185.28605662213405,0.7625051197275259,0.7625051197275259,True,True,True,0.0002671999973244965,255.89453125,255.89453125,0.0,26.0,calibrated_on_calibration_split,,,,"{""finite_edges"": true, ""instance_metadata"": {""complete"": true, ""high"": 100.0, ""instance_type"": ""random_asymmetric"", ""low"": 1.0, ""n"": 9, ""seed"": 6, ""symmetric"": false}, ""valid_route"": true}"
small_exact,evaluation,small_exact_random_asymmetric_n9_seed6,random_asymmetric,9,6,python_tsp_dynamic_programming,skipped_missing_dependency,,,185.28605662213405,185.28605662213405,nan,nan,True,,,0.0010489999986020848,255.89453125,255.89453125,0.0,26.0,calibrated_on_calibration_split,,,,"{""instance_metadata"": {""complete"": true, ""high"": 100.0, ""instance_type"": ""random_asymmetric"", ""low"": 1.0, ""n"": 9, ""seed"": 6, ""symmetric"": false}}"
small_exact,evaluation,small_exact_euclidean_n9_seed7,euclidean,9,7,tn_exact,ok,"[8, 0, 2, 3, 6, 5, 7, 1, 4]",3026.0723164234623,3026.0723164234623,3026.0723164234623,0.0,0.0,True,True,True,0.11598579999918002,255.89453125,256.03515625,0.140625,26.0,calibrated_on_calibration_split,,True,,"{""exact_mode"": true, ""finite_edges"": true, ""instance_metadata"": {""complete"": true, ""instance_type"": ""euclidean"", ""n"": 9, ""points"": [[625.095466604667, 897.2138009695755], [775.6856902451935, 225.20718999059187], [300.16628491122543, 873.5534453962618], [5.265304565574724, 821.2284183827662], [797.0694287520462, 467.9349528437208], [303.0324268193135, 278.4256121007733], [254.8695876541246, 445.0763058826466], [504.5482589579533, 553.4973520744925], [995.5002834343927, 792.6619192137531]], ""scale"": 1000.0, ""seed"": 7, ""symmetric"": true}, ""max_layers"": 7, ""n_layers"": null, ""n_layers_effective"": 7, ""normalization_factor"": 990.6469392523765, ""normalize"": true, ""seed"": 7, ""tau"": 26.0, ""valid_route"": true}"
small_exact,evaluation,small_exact_euclidean_n9_seed7,euclidean,9,7,held_karp,ok,"[8, 0, 2, 3, 6, 5, 7, 1, 4]",3026.0723164234623,3026.0723164234623,3026.0723164234623,0.0,0.0,True,True,True,0.001961699999810662,256.03515625,256.06640625,0.03125,26.0,calibrated_on_calibration_split,,,,"{""instance_metadata"": {""complete"": true, ""instance_type"": ""euclidean"", ""n"": 9, ""points"": [[625.095466604667, 897.2138009695755], [775.6856902451935, 225.20718999059187], [300.16628491122543, 873.5534453962618], [5.265304565574724, 821.2284183827662], [797.0694287520462, 467.9349528437208], [303.0324268193135, 278.4256121007733], [254.8695876541246, 445.0763058826466], [504.5482589579533, 553.4973520744925], [995.5002834343927, 792.6619192137531]], ""scale"": 1000.0, ""seed"": 7, ""symmetric"": true}, ""max_n"": 18, ""start"": 8}"
small_exact,evaluation,small_exact_euclidean_n9_seed7,euclidean,9,7,bruteforce,ok,"[8, 0, 2, 3, 6, 5, 7, 1, 4]",3026.0723164234623,3026.0723164234623,3026.0723164234623,0.0,0.0,True,True,True,0.4774639000024763,256.06640625,256.06640625,0.0,26.0,calibrated_on_calibration_split,,,,"{""instance_metadata"": {""complete"": true, ""instance_type"": ""euclidean"", ""n"": 9, ""points"": [[625.095466604667, 897.2138009695755], [775.6856902451935, 225.20718999059187], [300.16628491122543, 873.5534453962618], [5.265304565574724, 821.2284183827662], [797.0694287520462, 467.9349528437208], [303.0324268193135, 278.4256121007733], [254.8695876541246, 445.0763058826466], [504.5482589579533, 553.4973520744925], [995.5002834343927, 792.6619192137531]], ""scale"": 1000.0, ""seed"": 7, ""symmetric"": true}, ""max_n"": 10, ""permutations_checked"": 40320, ""start"": 8}"
small_exact,evaluation,small_exact_euclidean_n9_seed7,euclidean,9,7,ortools,ok,"[8, 4, 1, 7, 5, 6, 3, 2, 0]",3026.072316423463,3026.0723164234623,3026.0723164234623,1.5027643206621495e-16,1.5027643206621495e-16,True,True,True,0.0071490999980596825,256.06640625,256.06640625,0.0,26.0,calibrated_on_calibration_split,,,5.0,"{""finite_edges"": true, ""infinity_penalty"": 8915822451000, ""instance_metadata"": {""complete"": true, ""instance_type"": ""euclidean"", ""n"": 9, ""points"": [[625.095466604667, 897.2138009695755], [775.6856902451935, 225.20718999059187], [300.16628491122543, 873.5534453962618], [5.265304565574724, 821.2284183827662], [797.0694287520462, 467.9349528437208], [303.0324268193135, 278.4256121007733], [254.8695876541246, 445.0763058826466], [504.5482589579533, 553.4973520744925], [995.5002834343927, 792.6619192137531]], ""scale"": 1000.0, ""seed"": 7, ""symmetric"": true}, ""integer_scale"": 1000000, ""start"": 8, ""time_limit_s"": 5.0, ""valid_route"": true}"
small_exact,evaluation,small_exact_euclidean_n9_seed7,euclidean,9,7,networkx_christofides,ok,"[8, 4, 1, 6, 5, 3, 2, 0, 7]",3517.77774856964,3026.0723164234623,3026.0723164234623,0.16248965019029293,0.16248965019029293,True,True,True,0.002647699999215547,256.06640625,256.07421875,0.0078125,26.0,calibrated_on_calibration_split,,,,"{""finite_edges"": true, ""instance_metadata"": {""complete"": true, ""instance_type"": ""euclidean"", ""n"": 9, ""points"": [[625.095466604667, 897.2138009695755], [775.6856902451935, 225.20718999059187], [300.16628491122543, 873.5534453962618], [5.265304565574724, 821.2284183827662], [797.0694287520462, 467.9349528437208], [303.0324268193135, 278.4256121007733], [254.8695876541246, 445.0763058826466], [504.5482589579533, 553.4973520744925], [995.5002834343927, 792.6619192137531]], ""scale"": 1000.0, ""seed"": 7, ""symmetric"": true}, ""requires_metric_symmetric_complete"": true, ""valid_route"": true}"
small_exact,evaluation,small_exact_euclidean_n9_seed7,euclidean,9,7,networkx_greedy,ok,"[8, 0, 3, 2, 5, 6, 7, 1, 4]",3399.6686115871867,3026.0723164234623,3026.0723164234623,0.12345914310642801,0.12345914310642801,True,True,True,0.0006996000010985881,256.07421875,256.078125,0.00390625,26.0,calibrated_on_calibration_split,,,,"{""finite_edges"": true, ""instance_metadata"": {""complete"": true, ""instance_type"": ""euclidean"", ""n"": 9, ""points"": [[625.095466604667, 897.2138009695755], [775.6856902451935, 225.20718999059187], [300.16628491122543, 873.5534453962618], [5.265304565574724, 821.2284183827662], [797.0694287520462, 467.9349528437208], [303.0324268193135, 278.4256121007733], [254.8695876541246, 445.0763058826466], [504.5482589579533, 553.4973520744925], [995.5002834343927, 792.6619192137531]], ""scale"": 1000.0, ""seed"": 7, ""symmetric"": true}, ""valid_route"": true}"
small_exact,evaluation,small_exact_euclidean_n9_seed7,euclidean,9,7,python_tsp_dynamic_programming,skipped_missing_dependency,,,3026.0723164234623,3026.0723164234623,nan,nan,True,,,0.002170800002204487,256.078125,256.078125,0.0,26.0,calibrated_on_calibration_split,,,,"{""instance_metadata"": {""complete"": true, ""instance_type"": ""euclidean"", ""n"": 9, ""points"": [[625.095466604667, 897.2138009695755], [775.6856902451935, 225.20718999059187], [300.16628491122543, 873.5534453962618], [5.265304565574724, 821.2284183827662], [797.0694287520462, 467.9349528437208], [303.0324268193135, 278.4256121007733], [254.8695876541246, 445.0763058826466], [504.5482589579533, 553.4973520744925], [995.5002834343927, 792.6619192137531]], ""scale"": 1000.0, ""seed"": 7, ""symmetric"": true}}"
small_exact,evaluation,small_exact_random_symmetric_n9_seed7,random_symmetric,9,7,tn_exact,ok,"[8, 7, 0, 6, 3, 4, 1, 5, 2]",253.91533397099153,253.91533397099153,253.91533397099153,0.0,0.0,True,True,True,0.1759273999996367,256.078125,256.24609375,0.16796875,26.0,calibrated_on_calibration_split,,True,,"{""exact_mode"": true, ""finite_edges"": true, ""instance_metadata"": {""complete"": true, ""high"": 100.0, ""instance_type"": ""random_symmetric"", ""low"": 1.0, ""n"": 9, ""seed"": 7, ""symmetric"": true}, ""max_layers"": 7, ""n_layers"": null, ""n_layers_effective"": 7, ""normalization_factor"": 87.70774076834861, ""normalize"": true, ""seed"": 7, ""tau"": 26.0, ""valid_route"": true}"
small_exact,evaluation,small_exact_random_symmetric_n9_seed7,random_symmetric,9,7,held_karp,ok,"[8, 7, 0, 6, 3, 4, 1, 5, 2]",253.91533397099153,253.91533397099153,253.91533397099153,0.0,0.0,True,True,True,0.0019504000010783784,256.24609375,256.2578125,0.01171875,26.0,calibrated_on_calibration_split,,,,"{""instance_metadata"": {""complete"": true, ""high"": 100.0, ""instance_type"": ""random_symmetric"", ""low"": 1.0, ""n"": 9, ""seed"": 7, ""symmetric"": true}, ""max_n"": 18, ""start"": 8}"
small_exact,evaluation,small_exact_random_symmetric_n9_seed7,random_symmetric,9,7,bruteforce,ok,"[8, 2, 5, 1, 4, 3, 6, 0, 7]",253.91533397099153,253.91533397099153,253.91533397099153,0.0,0.0,True,True,True,0.326955700002145,256.2578125,256.2578125,0.0,26.0,calibrated_on_calibration_split,,,,"{""instance_metadata"": {""complete"": true, ""high"": 100.0, ""instance_type"": ""random_symmetric"", ""low"": 1.0, ""n"": 9, ""seed"": 7, ""symmetric"": true}, ""max_n"": 10, ""permutations_checked"": 40320, ""start"": 8}"
small_exact,evaluation,small_exact_random_symmetric_n9_seed7,random_symmetric,9,7,ortools,ok,"[8, 7, 0, 6, 3, 4, 1, 5, 2]",253.91533397099153,253.91533397099153,253.91533397099153,0.0,0.0,True,True,True,0.0027568000004976057,256.2578125,256.27734375,0.01953125,26.0,calibrated_on_calibration_split,,,5.0,"{""finite_edges"": true, ""infinity_penalty"": 789369669000, ""instance_metadata"": {""complete"": true, ""high"": 100.0, ""instance_type"": ""random_symmetric"", ""low"": 1.0, ""n"": 9, ""seed"": 7, ""symmetric"": true}, ""integer_scale"": 1000000, ""start"": 8, ""time_limit_s"": 5.0, ""valid_route"": true}"
small_exact,evaluation,small_exact_random_symmetric_n9_seed7,random_symmetric,9,7,networkx_christofides,skipped_not_applicable,,,253.91533397099153,253.91533397099153,nan,nan,True,,,0.00014379999993252568,256.27734375,256.27734375,0.0,26.0,calibrated_on_calibration_split,,,,"{""instance_metadata"": {""complete"": true, ""high"": 100.0, ""instance_type"": ""random_symmetric"", ""low"": 1.0, ""n"": 9, ""seed"": 7, ""symmetric"": true}, ""requires_metric_symmetric_complete"": true}"
small_exact,evaluation,small_exact_random_symmetric_n9_seed7,random_symmetric,9,7,networkx_greedy,ok,"[8, 0, 6, 1, 4, 3, 5, 2, 7]",299.0163739975617,253.91533397099153,253.91533397099153,0.17762235671723045,0.17762235671723045,True,True,True,0.00023720000172033906,256.27734375,256.27734375,0.0,26.0,calibrated_on_calibration_split,,,,"{""finite_edges"": true, ""instance_metadata"": {""complete"": true, ""high"": 100.0, ""instance_type"": ""random_symmetric"", ""low"": 1.0, ""n"": 9, ""seed"": 7, ""symmetric"": true}, ""valid_route"": true}"
small_exact,evaluation,small_exact_random_symmetric_n9_seed7,random_symmetric,9,7,python_tsp_dynamic_programming,skipped_missing_dependency,,,253.91533397099153,253.91533397099153,nan,nan,True,,,0.0010879000001295935,256.27734375,256.27734375,0.0,26.0,calibrated_on_calibration_split,,,,"{""instance_metadata"": {""complete"": true, ""high"": 100.0, ""instance_type"": ""random_symmetric"", ""low"": 1.0, ""n"": 9, ""seed"": 7, ""symmetric"": true}}"
small_exact,evaluation,small_exact_random_asymmetric_n9_seed7,random_asymmetric,9,7,tn_exact,ok,"[8, 2, 5, 7, 4, 0, 6, 1, 3]",138.88713037670286,138.88713037670286,138.88713037670286,0.0,0.0,True,True,True,0.15230270000029122,256.27734375,256.58203125,0.3046875,26.0,calibrated_on_calibration_split,,True,,"{""exact_mode"": true, ""finite_edges"": true, ""instance_metadata"": {""complete"": true, ""high"": 100.0, ""instance_type"": ""random_asymmetric"", ""low"": 1.0, ""n"": 9, ""seed"": 7, ""symmetric"": false}, ""max_layers"": 7, ""n_layers"": null, ""n_layers_effective"": 7, ""normalization_factor"": 99.55452806000487, ""normalize"": true, ""seed"": 7, ""tau"": 26.0, ""valid_route"": true}"
small_exact,evaluation,small_exact_random_asymmetric_n9_seed7,random_asymmetric,9,7,held_karp,ok,"[8, 2, 5, 7, 4, 0, 6, 1, 3]",138.88713037670286,138.88713037670286,138.88713037670286,0.0,0.0,True,True,True,0.002258399999846006,256.58203125,256.61328125,0.03125,26.0,calibrated_on_calibration_split,,,,"{""instance_metadata"": {""complete"": true, ""high"": 100.0, ""instance_type"": ""random_asymmetric"", ""low"": 1.0, ""n"": 9, ""seed"": 7, ""symmetric"": false}, ""max_n"": 18, ""start"": 8}"
small_exact,evaluation,small_exact_random_asymmetric_n9_seed7,random_asymmetric,9,7,bruteforce,ok,"[8, 2, 5, 7, 4, 0, 6, 1, 3]",138.88713037670286,138.88713037670286,138.88713037670286,0.0,0.0,True,True,True,0.34647060000133933,256.61328125,256.61328125,0.0,26.0,calibrated_on_calibration_split,,,,"{""instance_metadata"": {""complete"": true, ""high"": 100.0, ""instance_type"": ""random_asymmetric"", ""low"": 1.0, ""n"": 9, ""seed"": 7, ""symmetric"": false}, ""max_n"": 10, ""permutations_checked"": 40320, ""start"": 8}"
small_exact,evaluation,small_exact_random_asymmetric_n9_seed7,random_asymmetric,9,7,ortools,ok,"[8, 2, 5, 7, 4, 0, 6, 1, 3]",138.88713037670286,138.88713037670286,138.88713037670286,0.0,0.0,True,True,True,0.003276799998275237,256.61328125,256.61328125,0.0,26.0,calibrated_on_calibration_split,,,5.0,"{""finite_edges"": true, ""infinity_penalty"": 895990752000, ""instance_metadata"": {""complete"": true, ""high"": 100.0, ""instance_type"": ""random_asymmetric"", ""low"": 1.0, ""n"": 9, ""seed"": 7, ""symmetric"": false}, ""integer_scale"": 1000000, ""start"": 8, ""time_limit_s"": 5.0, ""valid_route"": true}"
small_exact,evaluation,small_exact_random_asymmetric_n9_seed7,random_asymmetric,9,7,networkx_christofides,skipped_not_applicable,,,138.88713037670286,138.88713037670286,nan,nan,True,,,0.00013099999705445953,256.61328125,256.61328125,0.0,26.0,calibrated_on_calibration_split,,,,"{""instance_metadata"": {""complete"": true, ""high"": 100.0, ""instance_type"": ""random_asymmetric"", ""low"": 1.0, ""n"": 9, ""seed"": 7, ""symmetric"": false}, ""requires_metric_symmetric_complete"": true}"
small_exact,evaluation,small_exact_random_asymmetric_n9_seed7,random_asymmetric,9,7,networkx_greedy,ok,"[8, 2, 6, 1, 3, 5, 7, 4, 0]",197.76537033556815,138.88713037670286,138.88713037670286,0.42392869518702087,0.42392869518702087,True,True,True,0.0002585000002000015,256.61328125,256.61328125,0.0,26.0,calibrated_on_calibration_split,,,,"{""finite_edges"": true, ""instance_metadata"": {""complete"": true, ""high"": 100.0, ""instance_type"": ""random_asymmetric"", ""low"": 1.0, ""n"": 9, ""seed"": 7, ""symmetric"": false}, ""valid_route"": true}"
small_exact,evaluation,small_exact_random_asymmetric_n9_seed7,random_asymmetric,9,7,python_tsp_dynamic_programming,skipped_missing_dependency,,,138.88713037670286,138.88713037670286,nan,nan,True,,,0.0010819000017363578,256.61328125,256.61328125,0.0,26.0,calibrated_on_calibration_split,,,,"{""instance_metadata"": {""complete"": true, ""high"": 100.0, ""instance_type"": ""random_asymmetric"", ""low"": 1.0, ""n"": 9, ""seed"": 7, ""symmetric"": false}}"
small_exact,evaluation,small_exact_euclidean_n9_seed8,euclidean,9,8,tn_exact,ok,"[8, 4, 6, 5, 3, 2, 7, 0, 1]",2443.2582043692787,2443.2582043692787,2443.2582043692787,0.0,0.0,True,True,True,0.12914420000015525,256.6171875,256.94140625,0.32421875,26.0,calibrated_on_calibration_split,,True,,"{""exact_mode"": true, ""finite_edges"": true, ""instance_metadata"": {""complete"": true, ""instance_type"": ""euclidean"", ""n"": 9, ""points"": [[326.9722766055607, 987.2768433379256], [318.7108384855167, 788.548935820029], [869.8965116962161, 391.08480653919395], [437.8818731227988, 372.74890308935306], [106.95359647277436, 478.965454162717], [241.3521450846823, 257.1452485511297], [184.7315568344149, 193.8645489043107], [813.827670155021, 422.9841881442263], [255.92050515822606, 590.9028517654116]], ""scale"": 1000.0, ""seed"": 8, ""symmetric"": true}, ""max_layers"": 7, ""n_layers"": null, ""n_layers_effective"": 7, ""normalization_factor"": 806.3570361762793, ""normalize"": true, ""seed"": 8, ""tau"": 26.0, ""valid_route"": true}"
small_exact,evaluation,small_exact_euclidean_n9_seed8,euclidean,9,8,held_karp,ok,"[8, 4, 6, 5, 3, 2, 7, 0, 1]",2443.2582043692787,2443.2582043692787,2443.2582043692787,0.0,0.0,True,True,True,0.002056999997876119,256.94140625,256.9453125,0.00390625,26.0,calibrated_on_calibration_split,,,,"{""instance_metadata"": {""complete"": true, ""instance_type"": ""euclidean"", ""n"": 9, ""points"": [[326.9722766055607, 987.2768433379256], [318.7108384855167, 788.548935820029], [869.8965116962161, 391.08480653919395], [437.8818731227988, 372.74890308935306], [106.95359647277436, 478.965454162717], [241.3521450846823, 257.1452485511297], [184.7315568344149, 193.8645489043107], [813.827670155021, 422.9841881442263], [255.92050515822606, 590.9028517654116]], ""scale"": 1000.0, ""seed"": 8, ""symmetric"": true}, ""max_n"": 18, ""start"": 8}"
small_exact,evaluation,small_exact_euclidean_n9_seed8,euclidean,9,8,bruteforce,ok,"[8, 1, 0, 7, 2, 3, 5, 6, 4]",2443.2582043692787,2443.2582043692787,2443.2582043692787,0.0,0.0,True,True,True,0.2990319000018644,256.9453125,256.9453125,0.0,26.0,calibrated_on_calibration_split,,,,"{""instance_metadata"": {""complete"": true, ""instance_type"": ""euclidean"", ""n"": 9, ""points"": [[326.9722766055607, 987.2768433379256], [318.7108384855167, 788.548935820029], [869.8965116962161, 391.08480653919395], [437.8818731227988, 372.74890308935306], [106.95359647277436, 478.965454162717], [241.3521450846823, 257.1452485511297], [184.7315568344149, 193.8645489043107], [813.827670155021, 422.9841881442263], [255.92050515822606, 590.9028517654116]], ""scale"": 1000.0, ""seed"": 8, ""symmetric"": true}, ""max_n"": 10, ""permutations_checked"": 40320, ""start"": 8}"
small_exact,evaluation,small_exact_euclidean_n9_seed8,euclidean,9,8,ortools,ok,"[8, 4, 6, 5, 3, 2, 7, 0, 1]",2443.2582043692787,2443.2582043692787,2443.2582043692787,0.0,0.0,True,True,True,0.002789499998471001,256.9453125,256.9765625,0.03125,26.0,calibrated_on_calibration_split,,,5.0,"{""finite_edges"": true, ""infinity_penalty"": 7257213324000, ""instance_metadata"": {""complete"": true, ""instance_type"": ""euclidean"", ""n"": 9, ""points"": [[326.9722766055607, 987.2768433379256], [318.7108384855167, 788.548935820029], [869.8965116962161, 391.08480653919395], [437.8818731227988, 372.74890308935306], [106.95359647277436, 478.965454162717], [241.3521450846823, 257.1452485511297], [184.7315568344149, 193.8645489043107], [813.827670155021, 422.9841881442263], [255.92050515822606, 590.9028517654116]], ""scale"": 1000.0, ""seed"": 8, ""symmetric"": true}, ""integer_scale"": 1000000, ""start"": 8, ""time_limit_s"": 5.0, ""valid_route"": true}"
small_exact,evaluation,small_exact_euclidean_n9_seed8,euclidean,9,8,networkx_christofides,ok,"[8, 1, 0, 2, 7, 3, 5, 6, 4]",2451.2108090372403,2443.2582043692787,2443.2582043692787,0.003254917819876745,0.003254917819876745,True,True,True,0.0011488000018289313,256.9765625,256.98046875,0.00390625,26.0,calibrated_on_calibration_split,,,,"{""finite_edges"": true, ""instance_metadata"": {""complete"": true, ""instance_type"": ""euclidean"", ""n"": 9, ""points"": [[326.9722766055607, 987.2768433379256], [318.7108384855167, 788.548935820029], [869.8965116962161, 391.08480653919395], [437.8818731227988, 372.74890308935306], [106.95359647277436, 478.965454162717], [241.3521450846823, 257.1452485511297], [184.7315568344149, 193.8645489043107], [813.827670155021, 422.9841881442263], [255.92050515822606, 590.9028517654116]], ""scale"": 1000.0, ""seed"": 8, ""symmetric"": true}, ""requires_metric_symmetric_complete"": true, ""valid_route"": true}"
small_exact,evaluation,small_exact_euclidean_n9_seed8,euclidean,9,8,networkx_greedy,ok,"[8, 0, 1, 2, 7, 3, 6, 5, 4]",2565.517329893719,2443.2582043692787,2443.2582043692787,0.050039379917277735,0.050039379917277735,True,True,True,0.00020500000027823262,256.98046875,256.984375,0.00390625,26.0,calibrated_on_calibration_split,,,,"{""finite_edges"": true, ""instance_metadata"": {""complete"": true, ""instance_type"": ""euclidean"", ""n"": 9, ""points"": [[326.9722766055607, 987.2768433379256], [318.7108384855167, 788.548935820029], [869.8965116962161, 391.08480653919395], [437.8818731227988, 372.74890308935306], [106.95359647277436, 478.965454162717], [241.3521450846823, 257.1452485511297], [184.7315568344149, 193.8645489043107], [813.827670155021, 422.9841881442263], [255.92050515822606, 590.9028517654116]], ""scale"": 1000.0, ""seed"": 8, ""symmetric"": true}, ""valid_route"": true}"
small_exact,evaluation,small_exact_euclidean_n9_seed8,euclidean,9,8,python_tsp_dynamic_programming,skipped_missing_dependency,,,2443.2582043692787,2443.2582043692787,nan,nan,True,,,0.007909199997811811,256.984375,256.984375,0.0,26.0,calibrated_on_calibration_split,,,,"{""instance_metadata"": {""complete"": true, ""instance_type"": ""euclidean"", ""n"": 9, ""points"": [[326.9722766055607, 987.2768433379256], [318.7108384855167, 788.548935820029], [869.8965116962161, 391.08480653919395], [437.8818731227988, 372.74890308935306], [106.95359647277436, 478.965454162717], [241.3521450846823, 257.1452485511297], [184.7315568344149, 193.8645489043107], [813.827670155021, 422.9841881442263], [255.92050515822606, 590.9028517654116]], ""scale"": 1000.0, ""seed"": 8, ""symmetric"": true}}"
small_exact,evaluation,small_exact_random_symmetric_n9_seed8,random_symmetric,9,8,tn_exact,ok,"[8, 0, 5, 6, 2, 7, 4, 3, 1]",249.37439694684207,249.37439694684198,249.37439694684198,3.4191612825990153e-16,3.4191612825990153e-16,True,True,True,0.1558078000016394,256.984375,257.03125,0.046875,26.0,calibrated_on_calibration_split,,True,,"{""exact_mode"": true, ""finite_edges"": true, ""instance_metadata"": {""complete"": true, ""high"": 100.0, ""instance_type"": ""random_symmetric"", ""low"": 1.0, ""n"": 9, ""seed"": 8, ""symmetric"": true}, ""max_layers"": 7, ""n_layers"": null, ""n_layers_effective"": 7, ""normalization_factor"": 81.48908150740104, ""normalize"": true, ""seed"": 8, ""tau"": 26.0, ""valid_route"": true}"
small_exact,evaluation,small_exact_random_symmetric_n9_seed8,random_symmetric,9,8,held_karp,ok,"[8, 1, 3, 4, 7, 2, 6, 5, 0]",249.37439694684198,249.37439694684198,249.37439694684198,0.0,0.0,True,True,True,0.001937799999723211,257.03125,257.0625,0.03125,26.0,calibrated_on_calibration_split,,,,"{""instance_metadata"": {""complete"": true, ""high"": 100.0, ""instance_type"": ""random_symmetric"", ""low"": 1.0, ""n"": 9, ""seed"": 8, ""symmetric"": true}, ""max_n"": 18, ""start"": 8}"
small_exact,evaluation,small_exact_random_symmetric_n9_seed8,random_symmetric,9,8,bruteforce,ok,"[8, 1, 3, 4, 7, 2, 6, 5, 0]",249.37439694684198,249.37439694684198,249.37439694684198,0.0,0.0,True,True,True,0.29815790000066045,257.0625,257.0625,0.0,26.0,calibrated_on_calibration_split,,,,"{""instance_metadata"": {""complete"": true, ""high"": 100.0, ""instance_type"": ""random_symmetric"", ""low"": 1.0, ""n"": 9, ""seed"": 8, ""symmetric"": true}, ""max_n"": 10, ""permutations_checked"": 40320, ""start"": 8}"
small_exact,evaluation,small_exact_random_symmetric_n9_seed8,random_symmetric,9,8,ortools,ok,"[8, 1, 4, 3, 5, 6, 2, 7, 0]",256.3422223469064,249.37439694684198,249.37439694684198,0.027941222055565363,0.027941222055565363,True,True,True,0.0028128999983891845,257.0625,257.09375,0.03125,26.0,calibrated_on_calibration_split,,,5.0,"{""finite_edges"": true, ""infinity_penalty"": 733401738000, ""instance_metadata"": {""complete"": true, ""high"": 100.0, ""instance_type"": ""random_symmetric"", ""low"": 1.0, ""n"": 9, ""seed"": 8, ""symmetric"": true}, ""integer_scale"": 1000000, ""start"": 8, ""time_limit_s"": 5.0, ""valid_route"": true}"
small_exact,evaluation,small_exact_random_symmetric_n9_seed8,random_symmetric,9,8,networkx_christofides,skipped_not_applicable,,,249.37439694684198,249.37439694684198,nan,nan,True,,,0.00016909999976633117,257.09375,257.09375,0.0,26.0,calibrated_on_calibration_split,,,,"{""instance_metadata"": {""complete"": true, ""high"": 100.0, ""instance_type"": ""random_symmetric"", ""low"": 1.0, ""n"": 9, ""seed"": 8, ""symmetric"": true}, ""requires_metric_symmetric_complete"": true}"
small_exact,evaluation,small_exact_random_symmetric_n9_seed8,random_symmetric,9,8,networkx_greedy,ok,"[8, 0, 1, 7, 4, 3, 5, 6, 2]",278.43386269960536,249.37439694684198,249.37439694684198,0.11652946777434352,0.11652946777434352,True,True,True,0.00022620000163442455,257.09375,257.09375,0.0,26.0,calibrated_on_calibration_split,,,,"{""finite_edges"": true, ""instance_metadata"": {""complete"": true, ""high"": 100.0, ""instance_type"": ""random_symmetric"", ""low"": 1.0, ""n"": 9, ""seed"": 8, ""symmetric"": true}, ""valid_route"": true}"
small_exact,evaluation,small_exact_random_symmetric_n9_seed8,random_symmetric,9,8,python_tsp_dynamic_programming,skipped_missing_dependency,,,249.37439694684198,249.37439694684198,nan,nan,True,,,0.0011784999987867195,257.09375,257.09375,0.0,26.0,calibrated_on_calibration_split,,,,"{""instance_metadata"": {""complete"": true, ""high"": 100.0, ""instance_type"": ""random_symmetric"", ""low"": 1.0, ""n"": 9, ""seed"": 8, ""symmetric"": true}}"
small_exact,evaluation,small_exact_random_asymmetric_n9_seed8,random_asymmetric,9,8,tn_exact,ok,"[8, 1, 3, 5, 4, 7, 2, 6, 0]",144.16125950084538,144.16125950084538,144.16125950084538,0.0,0.0,True,True,True,0.12605180000173277,257.09375,257.33984375,0.24609375,26.0,calibrated_on_calibration_split,,True,,"{""exact_mode"": true, ""finite_edges"": true, ""instance_metadata"": {""complete"": true, ""high"": 100.0, ""instance_type"": ""random_asymmetric"", ""low"": 1.0, ""n"": 9, ""seed"": 8, ""symmetric"": false}, ""max_layers"": 7, ""n_layers"": null, ""n_layers_effective"": 7, ""normalization_factor"": 98.88858626864226, ""normalize"": true, ""seed"": 8, ""tau"": 26.0, ""valid_route"": true}"
small_exact,evaluation,small_exact_random_asymmetric_n9_seed8,random_asymmetric,9,8,held_karp,ok,"[8, 1, 3, 5, 4, 7, 2, 6, 0]",144.16125950084538,144.16125950084538,144.16125950084538,0.0,0.0,True,True,True,0.002178999999159714,257.33984375,257.34375,0.00390625,26.0,calibrated_on_calibration_split,,,,"{""instance_metadata"": {""complete"": true, ""high"": 100.0, ""instance_type"": ""random_asymmetric"", ""low"": 1.0, ""n"": 9, ""seed"": 8, ""symmetric"": false}, ""max_n"": 18, ""start"": 8}"
small_exact,evaluation,small_exact_random_asymmetric_n9_seed8,random_asymmetric,9,8,bruteforce,ok,"[8, 1, 3, 5, 4, 7, 2, 6, 0]",144.16125950084538,144.16125950084538,144.16125950084538,0.0,0.0,True,True,True,0.3426072000002023,257.34375,257.34375,0.0,26.0,calibrated_on_calibration_split,,,,"{""instance_metadata"": {""complete"": true, ""high"": 100.0, ""instance_type"": ""random_asymmetric"", ""low"": 1.0, ""n"": 9, ""seed"": 8, ""symmetric"": false}, ""max_n"": 10, ""permutations_checked"": 40320, ""start"": 8}"
small_exact,evaluation,small_exact_random_asymmetric_n9_seed8,random_asymmetric,9,8,ortools,ok,"[8, 1, 4, 3, 7, 2, 6, 5, 0]",146.481990901207,144.16125950084538,144.16125950084538,0.016098162629801585,0.016098162629801585,True,True,True,0.0034306000015931204,257.34375,257.34375,0.0,26.0,calibrated_on_calibration_split,,,5.0,"{""finite_edges"": true, ""infinity_penalty"": 889997274000, ""instance_metadata"": {""complete"": true, ""high"": 100.0, ""instance_type"": ""random_asymmetric"", ""low"": 1.0, ""n"": 9, ""seed"": 8, ""symmetric"": false}, ""integer_scale"": 1000000, ""start"": 8, ""time_limit_s"": 5.0, ""valid_route"": true}"
small_exact,evaluation,small_exact_random_asymmetric_n9_seed8,random_asymmetric,9,8,networkx_christofides,skipped_not_applicable,,,144.16125950084538,144.16125950084538,nan,nan,True,,,0.00012969999806955457,257.34375,257.34375,0.0,26.0,calibrated_on_calibration_split,,,,"{""instance_metadata"": {""complete"": true, ""high"": 100.0, ""instance_type"": ""random_asymmetric"", ""low"": 1.0, ""n"": 9, ""seed"": 8, ""symmetric"": false}, ""requires_metric_symmetric_complete"": true}"
small_exact,evaluation,small_exact_random_asymmetric_n9_seed8,random_asymmetric,9,8,networkx_greedy,ok,"[8, 2, 6, 7, 5, 4, 3, 0, 1]",287.5670513819677,144.16125950084538,144.16125950084538,0.9947595656257525,0.9947595656257525,True,True,True,0.000276099999609869,257.34375,257.34375,0.0,26.0,calibrated_on_calibration_split,,,,"{""finite_edges"": true, ""instance_metadata"": {""complete"": true, ""high"": 100.0, ""instance_type"": ""random_asymmetric"", ""low"": 1.0, ""n"": 9, ""seed"": 8, ""symmetric"": false}, ""valid_route"": true}"
small_exact,evaluation,small_exact_random_asymmetric_n9_seed8,random_asymmetric,9,8,python_tsp_dynamic_programming,skipped_missing_dependency,,,144.16125950084538,144.16125950084538,nan,nan,True,,,0.0011345999992045108,257.34375,257.34375,0.0,26.0,calibrated_on_calibration_split,,,,"{""instance_metadata"": {""complete"": true, ""high"": 100.0, ""instance_type"": ""random_asymmetric"", ""low"": 1.0, ""n"": 9, ""seed"": 8, ""symmetric"": false}}"
small_exact,evaluation,small_exact_euclidean_n9_seed9,euclidean,9,9,tn_exact,ok,"[8, 6, 4, 5, 0, 7, 3, 2, 1]",3074.2037195981256,3074.2037195981256,3074.2037195981256,0.0,0.0,True,True,True,0.12391940000088653,257.34375,257.3984375,0.0546875,26.0,calibrated_on_calibration_split,,True,,"{""exact_mode"": true, ""finite_edges"": true, ""instance_metadata"": {""complete"": true, ""instance_type"": ""euclidean"", ""n"": 9, ""points"": [[870.2492039700846, 286.8172090875554], [603.1481500515619, 777.5340829201788], [716.0746296035653, 915.3801204905076], [860.3936491828846, 918.2376290487624], [26.587734467597212, 437.2480001295087], [484.9443269772881, 65.15419737010752], [5.626050679392924, 830.621436971257], [983.3022442861756, 784.6098526726796], [315.60348997827316, 705.3337045894538]], ""scale"": 1000.0, ""seed"": 9, ""symmetric"": true}, ""max_layers"": 7, ""n_layers"": null, ""n_layers_effective"": 7, ""normalization_factor"": 1021.4187365965673, ""normalize"": true, ""seed"": 9, ""tau"": 26.0, ""valid_route"": true}"
small_exact,evaluation,small_exact_euclidean_n9_seed9,euclidean,9,9,held_karp,ok,"[8, 6, 4, 5, 0, 7, 3, 2, 1]",3074.2037195981256,3074.2037195981256,3074.2037195981256,0.0,0.0,True,True,True,0.0019623000007413793,257.3984375,257.4140625,0.015625,26.0,calibrated_on_calibration_split,,,,"{""instance_metadata"": {""complete"": true, ""instance_type"": ""euclidean"", ""n"": 9, ""points"": [[870.2492039700846, 286.8172090875554], [603.1481500515619, 777.5340829201788], [716.0746296035653, 915.3801204905076], [860.3936491828846, 918.2376290487624], [26.587734467597212, 437.2480001295087], [484.9443269772881, 65.15419737010752], [5.626050679392924, 830.621436971257], [983.3022442861756, 784.6098526726796], [315.60348997827316, 705.3337045894538]], ""scale"": 1000.0, ""seed"": 9, ""symmetric"": true}, ""max_n"": 18, ""start"": 8}"
small_exact,evaluation,small_exact_euclidean_n9_seed9,euclidean,9,9,bruteforce,ok,"[8, 1, 2, 3, 7, 0, 5, 4, 6]",3074.2037195981256,3074.2037195981256,3074.2037195981256,0.0,0.0,True,True,True,0.28691040000194334,257.4140625,257.4140625,0.0,26.0,calibrated_on_calibration_split,,,,"{""instance_metadata"": {""complete"": true, ""instance_type"": ""euclidean"", ""n"": 9, ""points"": [[870.2492039700846, 286.8172090875554], [603.1481500515619, 777.5340829201788], [716.0746296035653, 915.3801204905076], [860.3936491828846, 918.2376290487624], [26.587734467597212, 437.2480001295087], [484.9443269772881, 65.15419737010752], [5.626050679392924, 830.621436971257], [983.3022442861756, 784.6098526726796], [315.60348997827316, 705.3337045894538]], ""scale"": 1000.0, ""seed"": 9, ""symmetric"": true}, ""max_n"": 10, ""permutations_checked"": 40320, ""start"": 8}"
small_exact,evaluation,small_exact_euclidean_n9_seed9,euclidean,9,9,ortools,ok,"[8, 1, 2, 3, 7, 0, 5, 4, 6]",3074.2037195981256,3074.2037195981256,3074.2037195981256,0.0,0.0,True,True,True,0.0028751999998348765,257.41796875,257.41796875,0.0,26.0,calibrated_on_calibration_split,,,5.0,"{""finite_edges"": true, ""infinity_penalty"": 9192768633000, ""instance_metadata"": {""complete"": true, ""instance_type"": ""euclidean"", ""n"": 9, ""points"": [[870.2492039700846, 286.8172090875554], [603.1481500515619, 777.5340829201788], [716.0746296035653, 915.3801204905076], [860.3936491828846, 918.2376290487624], [26.587734467597212, 437.2480001295087], [484.9443269772881, 65.15419737010752], [5.626050679392924, 830.621436971257], [983.3022442861756, 784.6098526726796], [315.60348997827316, 705.3337045894538]], ""scale"": 1000.0, ""seed"": 9, ""symmetric"": true}, ""integer_scale"": 1000000, ""start"": 8, ""time_limit_s"": 5.0, ""valid_route"": true}"
small_exact,evaluation,small_exact_euclidean_n9_seed9,euclidean,9,9,networkx_christofides,ok,"[8, 1, 2, 3, 7, 0, 5, 4, 6]",3074.2037195981256,3074.2037195981256,3074.2037195981256,0.0,0.0,True,True,True,0.0011021999998774845,257.41796875,257.42578125,0.0078125,26.0,calibrated_on_calibration_split,,,,"{""finite_edges"": true, ""instance_metadata"": {""complete"": true, ""instance_type"": ""euclidean"", ""n"": 9, ""points"": [[870.2492039700846, 286.8172090875554], [603.1481500515619, 777.5340829201788], [716.0746296035653, 915.3801204905076], [860.3936491828846, 918.2376290487624], [26.587734467597212, 437.2480001295087], [484.9443269772881, 65.15419737010752], [5.626050679392924, 830.621436971257], [983.3022442861756, 784.6098526726796], [315.60348997827316, 705.3337045894538]], ""scale"": 1000.0, ""seed"": 9, ""symmetric"": true}, ""requires_metric_symmetric_complete"": true, ""valid_route"": true}"
small_exact,evaluation,small_exact_euclidean_n9_seed9,euclidean,9,9,networkx_greedy,ok,"[8, 1, 2, 3, 7, 0, 5, 4, 6]",3074.2037195981256,3074.2037195981256,3074.2037195981256,0.0,0.0,True,True,True,0.0002105999992636498,257.42578125,257.4296875,0.00390625,26.0,calibrated_on_calibration_split,,,,"{""finite_edges"": true, ""instance_metadata"": {""complete"": true, ""instance_type"": ""euclidean"", ""n"": 9, ""points"": [[870.2492039700846, 286.8172090875554], [603.1481500515619, 777.5340829201788], [716.0746296035653, 915.3801204905076], [860.3936491828846, 918.2376290487624], [26.587734467597212, 437.2480001295087], [484.9443269772881, 65.15419737010752], [5.626050679392924, 830.621436971257], [983.3022442861756, 784.6098526726796], [315.60348997827316, 705.3337045894538]], ""scale"": 1000.0, ""seed"": 9, ""symmetric"": true}, ""valid_route"": true}"
small_exact,evaluation,small_exact_euclidean_n9_seed9,euclidean,9,9,python_tsp_dynamic_programming,skipped_missing_dependency,,,3074.2037195981256,3074.2037195981256,nan,nan,True,,,0.001101800000469666,257.4296875,257.4296875,0.0,26.0,calibrated_on_calibration_split,,,,"{""instance_metadata"": {""complete"": true, ""instance_type"": ""euclidean"", ""n"": 9, ""points"": [[870.2492039700846, 286.8172090875554], [603.1481500515619, 777.5340829201788], [716.0746296035653, 915.3801204905076], [860.3936491828846, 918.2376290487624], [26.587734467597212, 437.2480001295087], [484.9443269772881, 65.15419737010752], [5.626050679392924, 830.621436971257], [983.3022442861756, 784.6098526726796], [315.60348997827316, 705.3337045894538]], ""scale"": 1000.0, ""seed"": 9, ""symmetric"": true}}"
small_exact,evaluation,small_exact_random_symmetric_n9_seed9,random_symmetric,9,9,tn_exact,ok,"[8, 0, 1, 2, 5, 6, 7, 4, 3]",297.96758594919567,297.9675859491956,297.9675859491956,1.907704782039614e-16,1.907704782039614e-16,True,True,True,0.1245615000007092,257.4296875,257.6171875,0.1875,26.0,calibrated_on_calibration_split,,True,,"{""exact_mode"": true, ""finite_edges"": true, ""instance_metadata"": {""complete"": true, ""high"": 100.0, ""instance_type"": ""random_symmetric"", ""low"": 1.0, ""n"": 9, ""seed"": 9, ""symmetric"": true}, ""max_layers"": 7, ""n_layers"": null, ""n_layers_effective"": 7, ""normalization_factor"": 89.77344958347678, ""normalize"": true, ""seed"": 9, ""tau"": 26.0, ""valid_route"": true}"
small_exact,evaluation,small_exact_random_symmetric_n9_seed9,random_symmetric,9,9,held_karp,ok,"[8, 3, 4, 7, 6, 5, 2, 1, 0]",297.9675859491956,297.9675859491956,297.9675859491956,0.0,0.0,True,True,True,0.0021100999983900692,257.6171875,257.6171875,0.0,26.0,calibrated_on_calibration_split,,,,"{""instance_metadata"": {""complete"": true, ""high"": 100.0, ""instance_type"": ""random_symmetric"", ""low"": 1.0, ""n"": 9, ""seed"": 9, ""symmetric"": true}, ""max_n"": 18, ""start"": 8}"
small_exact,evaluation,small_exact_random_symmetric_n9_seed9,random_symmetric,9,9,bruteforce,ok,"[8, 3, 4, 7, 6, 5, 2, 1, 0]",297.9675859491956,297.9675859491956,297.9675859491956,0.0,0.0,True,True,True,0.2880414000028395,257.6171875,257.6171875,0.0,26.0,calibrated_on_calibration_split,,,,"{""instance_metadata"": {""complete"": true, ""high"": 100.0, ""instance_type"": ""random_symmetric"", ""low"": 1.0, ""n"": 9, ""seed"": 9, ""symmetric"": true}, ""max_n"": 10, ""permutations_checked"": 40320, ""start"": 8}"
small_exact,evaluation,small_exact_random_symmetric_n9_seed9,random_symmetric,9,9,ortools,ok,"[8, 0, 1, 2, 5, 6, 7, 4, 3]",297.96758594919567,297.9675859491956,297.9675859491956,1.907704782039614e-16,1.907704782039614e-16,True,True,True,0.0028703999996650964,257.6171875,257.9453125,0.328125,26.0,calibrated_on_calibration_split,,,5.0,"{""finite_edges"": true, ""infinity_penalty"": 807961050000, ""instance_metadata"": {""complete"": true, ""high"": 100.0, ""instance_type"": ""random_symmetric"", ""low"": 1.0, ""n"": 9, ""seed"": 9, ""symmetric"": true}, ""integer_scale"": 1000000, ""start"": 8, ""time_limit_s"": 5.0, ""valid_route"": true}"
small_exact,evaluation,small_exact_random_symmetric_n9_seed9,random_symmetric,9,9,networkx_christofides,skipped_not_applicable,,,297.9675859491956,297.9675859491956,nan,nan,True,,,0.0001522999991721008,257.9453125,257.9453125,0.0,26.0,calibrated_on_calibration_split,,,,"{""instance_metadata"": {""complete"": true, ""high"": 100.0, ""instance_type"": ""random_symmetric"", ""low"": 1.0, ""n"": 9, ""seed"": 9, ""symmetric"": true}, ""requires_metric_symmetric_complete"": true}"
small_exact,evaluation,small_exact_random_symmetric_n9_seed9,random_symmetric,9,9,networkx_greedy,ok,"[8, 0, 1, 2, 3, 4, 7, 6, 5]",315.70996813523357,297.9675859491956,297.9675859491956,0.05954467204719069,0.05954467204719069,True,True,True,0.0002266000010422431,257.9453125,257.9453125,0.0,26.0,calibrated_on_calibration_split,,,,"{""finite_edges"": true, ""instance_metadata"": {""complete"": true, ""high"": 100.0, ""instance_type"": ""random_symmetric"", ""low"": 1.0, ""n"": 9, ""seed"": 9, ""symmetric"": true}, ""valid_route"": true}"
small_exact,evaluation,small_exact_random_symmetric_n9_seed9,random_symmetric,9,9,python_tsp_dynamic_programming,skipped_missing_dependency,,,297.9675859491956,297.9675859491956,nan,nan,True,,,0.0010805000019900035,257.9453125,257.9453125,0.0,26.0,calibrated_on_calibration_split,,,,"{""instance_metadata"": {""complete"": true, ""high"": 100.0, ""instance_type"": ""random_symmetric"", ""low"": 1.0, ""n"": 9, ""seed"": 9, ""symmetric"": true}}"
small_exact,evaluation,small_exact_random_asymmetric_n9_seed9,random_asymmetric,9,9,tn_exact,ok,"[8, 5, 1, 3, 7, 6, 4, 2, 0]",173.871806851148,173.871806851148,173.871806851148,0.0,0.0,True,True,True,0.13054570000167587,257.9453125,257.94921875,0.00390625,26.0,calibrated_on_calibration_split,,True,,"{""exact_mode"": true, ""finite_edges"": true, ""instance_metadata"": {""complete"": true, ""high"": 100.0, ""instance_type"": ""random_asymmetric"", ""low"": 1.0, ""n"": 9, ""seed"": 9, ""symmetric"": false}, ""max_layers"": 7, ""n_layers"": null, ""n_layers_effective"": 7, ""normalization_factor"": 98.78633394256309, ""normalize"": true, ""seed"": 9, ""tau"": 26.0, ""valid_route"": true}"
small_exact,evaluation,small_exact_random_asymmetric_n9_seed9,random_asymmetric,9,9,held_karp,ok,"[8, 5, 1, 3, 7, 6, 4, 2, 0]",173.871806851148,173.871806851148,173.871806851148,0.0,0.0,True,True,True,0.002163599998311838,257.94921875,257.96875,0.01953125,26.0,calibrated_on_calibration_split,,,,"{""instance_metadata"": {""complete"": true, ""high"": 100.0, ""instance_type"": ""random_asymmetric"", ""low"": 1.0, ""n"": 9, ""seed"": 9, ""symmetric"": false}, ""max_n"": 18, ""start"": 8}"
small_exact,evaluation,small_exact_random_asymmetric_n9_seed9,random_asymmetric,9,9,bruteforce,ok,"[8, 5, 1, 3, 7, 6, 4, 2, 0]",173.871806851148,173.871806851148,173.871806851148,0.0,0.0,True,True,True,0.3597563999974227,257.96875,257.96875,0.0,26.0,calibrated_on_calibration_split,,,,"{""instance_metadata"": {""complete"": true, ""high"": 100.0, ""instance_type"": ""random_asymmetric"", ""low"": 1.0, ""n"": 9, ""seed"": 9, ""symmetric"": false}, ""max_n"": 10, ""permutations_checked"": 40320, ""start"": 8}"
small_exact,evaluation,small_exact_random_asymmetric_n9_seed9,random_asymmetric,9,9,ortools,ok,"[8, 6, 4, 7, 5, 1, 3, 2, 0]",178.84549381053685,173.871806851148,173.871806851148,0.028605482679816174,0.028605482679816174,True,True,True,0.0071886000005179085,257.96875,258.03515625,0.06640625,26.0,calibrated_on_calibration_split,,,5.0,"{""finite_edges"": true, ""infinity_penalty"": 889077006000, ""instance_metadata"": {""complete"": true, ""high"": 100.0, ""instance_type"": ""random_asymmetric"", ""low"": 1.0, ""n"": 9, ""seed"": 9, ""symmetric"": false}, ""integer_scale"": 1000000, ""start"": 8, ""time_limit_s"": 5.0, ""valid_route"": true}"
small_exact,evaluation,small_exact_random_asymmetric_n9_seed9,random_asymmetric,9,9,networkx_christofides,skipped_not_applicable,,,173.871806851148,173.871806851148,nan,nan,True,,,0.00024090000079013407,258.03515625,258.03515625,0.0,26.0,calibrated_on_calibration_split,,,,"{""instance_metadata"": {""complete"": true, ""high"": 100.0, ""instance_type"": ""random_asymmetric"", ""low"": 1.0, ""n"": 9, ""seed"": 9, ""symmetric"": false}, ""requires_metric_symmetric_complete"": true}"
small_exact,evaluation,small_exact_random_asymmetric_n9_seed9,random_asymmetric,9,9,networkx_greedy,ok,"[8, 6, 4, 7, 2, 0, 1, 3, 5]",272.4624398369455,173.871806851148,173.871806851148,0.5670305886347703,0.5670305886347703,True,True,True,0.0014592000006814487,258.03515625,258.03515625,0.0,26.0,calibrated_on_calibration_split,,,,"{""finite_edges"": true, ""instance_metadata"": {""complete"": true, ""high"": 100.0, ""instance_type"": ""random_asymmetric"", ""low"": 1.0, ""n"": 9, ""seed"": 9, ""symmetric"": false}, ""valid_route"": true}"
small_exact,evaluation,small_exact_random_asymmetric_n9_seed9,random_asymmetric,9,9,python_tsp_dynamic_programming,skipped_missing_dependency,,,173.871806851148,173.871806851148,nan,nan,True,,,0.0016031999984988943,258.03515625,258.0390625,0.00390625,26.0,calibrated_on_calibration_split,,,,"{""instance_metadata"": {""complete"": true, ""high"": 100.0, ""instance_type"": ""random_asymmetric"", ""low"": 1.0, ""n"": 9, ""seed"": 9, ""symmetric"": false}}"
small_exact,evaluation,small_exact_euclidean_n10_seed5,euclidean,10,5,tn_exact,ok,"[9, 5, 1, 8, 0, 7, 6, 4, 2, 3]",3423.2699638137733,3423.2699638137733,3423.2699638137733,0.0,0.0,True,True,True,0.23390450000079,258.0390625,258.6015625,0.5625,25.8,calibrated_on_calibration_split,,True,,"{""exact_mode"": true, ""finite_edges"": true, ""instance_metadata"": {""complete"": true, ""instance_type"": ""euclidean"", ""n"": 10, ""points"": [[805.0029237453801, 807.9407897364938], [515.325561042142, 285.8013800881416], [53.930702381656424, 383.36888078551823], [408.47320541999864, 45.27519390244517], [48.75771072716806, 999.1761150650714], [652.3691115879877, 234.51020166982394], [434.94755222514203, 974.1861932592553], [897.6776081085488, 844.231037608741], [392.40466433477815, 493.0230187317426], [676.689351831066, 60.80271295805606]], ""scale"": 1000.0, ""seed"": 5, ""symmetric"": true}, ""max_layers"": 8, ""n_layers"": null, ""n_layers_effective"": 8, ""normalization_factor"": 1129.089362132745, ""normalize"": true, ""seed"": 5, ""tau"": 25.8, ""valid_route"": true}"
small_exact,evaluation,small_exact_euclidean_n10_seed5,euclidean,10,5,held_karp,ok,"[9, 5, 1, 8, 0, 7, 6, 4, 2, 3]",3423.2699638137733,3423.2699638137733,3423.2699638137733,0.0,0.0,True,True,True,0.008213299999624724,258.6015625,258.8046875,0.203125,25.8,calibrated_on_calibration_split,,,,"{""instance_metadata"": {""complete"": true, ""instance_type"": ""euclidean"", ""n"": 10, ""points"": [[805.0029237453801, 807.9407897364938], [515.325561042142, 285.8013800881416], [53.930702381656424, 383.36888078551823], [408.47320541999864, 45.27519390244517], [48.75771072716806, 999.1761150650714], [652.3691115879877, 234.51020166982394], [434.94755222514203, 974.1861932592553], [897.6776081085488, 844.231037608741], [392.40466433477815, 493.0230187317426], [676.689351831066, 60.80271295805606]], ""scale"": 1000.0, ""seed"": 5, ""symmetric"": true}, ""max_n"": 18, ""start"": 9}"
small_exact,evaluation,small_exact_euclidean_n10_seed5,euclidean,10,5,bruteforce,ok,"[9, 3, 2, 4, 6, 7, 0, 8, 1, 5]",3423.2699638137733,3423.2699638137733,3423.2699638137733,0.0,0.0,True,True,True,3.036344399999507,258.8046875,258.8046875,0.0,25.8,calibrated_on_calibration_split,,,,"{""instance_metadata"": {""complete"": true, ""instance_type"": ""euclidean"", ""n"": 10, ""points"": [[805.0029237453801, 807.9407897364938], [515.325561042142, 285.8013800881416], [53.930702381656424, 383.36888078551823], [408.47320541999864, 45.27519390244517], [48.75771072716806, 999.1761150650714], [652.3691115879877, 234.51020166982394], [434.94755222514203, 974.1861932592553], [897.6776081085488, 844.231037608741], [392.40466433477815, 493.0230187317426], [676.689351831066, 60.80271295805606]], ""scale"": 1000.0, ""seed"": 5, ""symmetric"": true}, ""max_n"": 10, ""permutations_checked"": 362880, ""start"": 9}"
small_exact,evaluation,small_exact_euclidean_n10_seed5,euclidean,10,5,ortools,ok,"[9, 3, 2, 4, 6, 7, 0, 8, 1, 5]",3423.2699638137733,3423.2699638137733,3423.2699638137733,0.0,0.0,True,True,True,0.0040719000026001595,258.8046875,258.8203125,0.015625,25.8,calibrated_on_calibration_split,,,5.0,"{""finite_edges"": true, ""infinity_penalty"": 11290893620000, ""instance_metadata"": {""complete"": true, ""instance_type"": ""euclidean"", ""n"": 10, ""points"": [[805.0029237453801, 807.9407897364938], [515.325561042142, 285.8013800881416], [53.930702381656424, 383.36888078551823], [408.47320541999864, 45.27519390244517], [48.75771072716806, 999.1761150650714], [652.3691115879877, 234.51020166982394], [434.94755222514203, 974.1861932592553], [897.6776081085488, 844.231037608741], [392.40466433477815, 493.0230187317426], [676.689351831066, 60.80271295805606]], ""scale"": 1000.0, ""seed"": 5, ""symmetric"": true}, ""integer_scale"": 1000000, ""start"": 9, ""time_limit_s"": 5.0, ""valid_route"": true}"
small_exact,evaluation,small_exact_euclidean_n10_seed5,euclidean,10,5,networkx_christofides,ok,"[9, 3, 1, 8, 6, 0, 7, 4, 2, 5]",4031.8934626659743,3423.2699638137733,3423.2699638137733,0.17779009697913217,0.17779009697913217,True,True,True,0.0018850999986170791,258.8203125,258.83203125,0.01171875,25.8,calibrated_on_calibration_split,,,,"{""finite_edges"": true, ""instance_metadata"": {""complete"": true, ""instance_type"": ""euclidean"", ""n"": 10, ""points"": [[805.0029237453801, 807.9407897364938], [515.325561042142, 285.8013800881416], [53.930702381656424, 383.36888078551823], [408.47320541999864, 45.27519390244517], [48.75771072716806, 999.1761150650714], [652.3691115879877, 234.51020166982394], [434.94755222514203, 974.1861932592553], [897.6776081085488, 844.231037608741], [392.40466433477815, 493.0230187317426], [676.689351831066, 60.80271295805606]], ""scale"": 1000.0, ""seed"": 5, ""symmetric"": true}, ""requires_metric_symmetric_complete"": true, ""valid_route"": true}"
small_exact,evaluation,small_exact_euclidean_n10_seed5,euclidean,10,5,networkx_greedy,ok,"[9, 4, 6, 7, 0, 3, 2, 8, 1, 5]",4364.200219291025,3423.2699638137733,3423.2699638137733,0.2748630009971479,0.2748630009971479,True,True,True,0.0002386999985901639,258.83203125,258.83203125,0.0,25.8,calibrated_on_calibration_split,,,,"{""finite_edges"": true, ""instance_metadata"": {""complete"": true, ""instance_type"": ""euclidean"", ""n"": 10, ""points"": [[805.0029237453801, 807.9407897364938], [515.325561042142, 285.8013800881416], [53.930702381656424, 383.36888078551823], [408.47320541999864, 45.27519390244517], [48.75771072716806, 999.1761150650714], [652.3691115879877, 234.51020166982394], [434.94755222514203, 974.1861932592553], [897.6776081085488, 844.231037608741], [392.40466433477815, 493.0230187317426], [676.689351831066, 60.80271295805606]], ""scale"": 1000.0, ""seed"": 5, ""symmetric"": true}, ""valid_route"": true}"
small_exact,evaluation,small_exact_euclidean_n10_seed5,euclidean,10,5,python_tsp_dynamic_programming,skipped_missing_dependency,,,3423.2699638137733,3423.2699638137733,nan,nan,True,,,0.0013873999996576458,258.83203125,258.83203125,0.0,25.8,calibrated_on_calibration_split,,,,"{""instance_metadata"": {""complete"": true, ""instance_type"": ""euclidean"", ""n"": 10, ""points"": [[805.0029237453801, 807.9407897364938], [515.325561042142, 285.8013800881416], [53.930702381656424, 383.36888078551823], [408.47320541999864, 45.27519390244517], [48.75771072716806, 999.1761150650714], [652.3691115879877, 234.51020166982394], [434.94755222514203, 974.1861932592553], [897.6776081085488, 844.231037608741], [392.40466433477815, 493.0230187317426], [676.689351831066, 60.80271295805606]], ""scale"": 1000.0, ""seed"": 5, ""symmetric"": true}}"
small_exact,evaluation,small_exact_random_symmetric_n10_seed5,random_symmetric,10,5,tn_exact,ok,"[9, 7, 0, 5, 4, 8, 3, 2, 6, 1]",316.2385643932585,316.23856439325846,316.23856439325846,1.7974853563438387e-16,1.7974853563438387e-16,True,True,True,0.18548599999849102,258.83203125,259.03515625,0.203125,25.8,calibrated_on_calibration_split,,True,,"{""exact_mode"": true, ""finite_edges"": true, ""instance_metadata"": {""complete"": true, ""high"": 100.0, ""instance_type"": ""random_symmetric"", ""low"": 1.0, ""n"": 10, ""seed"": 5, ""symmetric"": true}, ""max_layers"": 8, ""n_layers"": null, ""n_layers_effective"": 8, ""normalization_factor"": 96.14320382930042, ""normalize"": true, ""seed"": 5, ""tau"": 25.8, ""valid_route"": true}"
small_exact,evaluation,small_exact_random_symmetric_n10_seed5,random_symmetric,10,5,held_karp,ok,"[9, 1, 6, 2, 3, 8, 4, 5, 0, 7]",316.23856439325846,316.23856439325846,316.23856439325846,0.0,0.0,True,True,True,0.00568320000093081,259.03515625,259.0703125,0.03515625,25.8,calibrated_on_calibration_split,,,,"{""instance_metadata"": {""complete"": true, ""high"": 100.0, ""instance_type"": ""random_symmetric"", ""low"": 1.0, ""n"": 10, ""seed"": 5, ""symmetric"": true}, ""max_n"": 18, ""start"": 9}"
small_exact,evaluation,small_exact_random_symmetric_n10_seed5,random_symmetric,10,5,bruteforce,ok,"[9, 1, 6, 2, 3, 8, 4, 5, 0, 7]",316.23856439325846,316.23856439325846,316.23856439325846,0.0,0.0,True,True,True,3.4312592999995104,259.0703125,259.0703125,0.0,25.8,calibrated_on_calibration_split,,,,"{""instance_metadata"": {""complete"": true, ""high"": 100.0, ""instance_type"": ""random_symmetric"", ""low"": 1.0, ""n"": 10, ""seed"": 5, ""symmetric"": true}, ""max_n"": 10, ""permutations_checked"": 362880, ""start"": 9}"
small_exact,evaluation,small_exact_random_symmetric_n10_seed5,random_symmetric,10,5,ortools,ok,"[9, 7, 0, 5, 4, 8, 3, 2, 6, 1]",316.2385643932585,316.23856439325846,316.23856439325846,1.7974853563438387e-16,1.7974853563438387e-16,True,True,True,0.0032981000003928784,259.0703125,259.07421875,0.00390625,25.8,calibrated_on_calibration_split,,,5.0,"{""finite_edges"": true, ""infinity_penalty"": 961432040000, ""instance_metadata"": {""complete"": true, ""high"": 100.0, ""instance_type"": ""random_symmetric"", ""low"": 1.0, ""n"": 10, ""seed"": 5, ""symmetric"": true}, ""integer_scale"": 1000000, ""start"": 9, ""time_limit_s"": 5.0, ""valid_route"": true}"
small_exact,evaluation,small_exact_random_symmetric_n10_seed5,random_symmetric,10,5,networkx_christofides,skipped_not_applicable,,,316.23856439325846,316.23856439325846,nan,nan,True,,,0.00021460000061779283,259.07421875,259.07421875,0.0,25.8,calibrated_on_calibration_split,,,,"{""instance_metadata"": {""complete"": true, ""high"": 100.0, ""instance_type"": ""random_symmetric"", ""low"": 1.0, ""n"": 10, ""seed"": 5, ""symmetric"": true}, ""requires_metric_symmetric_complete"": true}"
small_exact,evaluation,small_exact_random_symmetric_n10_seed5,random_symmetric,10,5,networkx_greedy,ok,"[9, 1, 6, 2, 3, 8, 4, 5, 0, 7]",316.23856439325846,316.23856439325846,316.23856439325846,0.0,0.0,True,True,True,0.00029379999978118576,259.07421875,259.07421875,0.0,25.8,calibrated_on_calibration_split,,,,"{""finite_edges"": true, ""instance_metadata"": {""complete"": true, ""high"": 100.0, ""instance_type"": ""random_symmetric"", ""low"": 1.0, ""n"": 10, ""seed"": 5, ""symmetric"": true}, ""valid_route"": true}"
small_exact,evaluation,small_exact_random_symmetric_n10_seed5,random_symmetric,10,5,python_tsp_dynamic_programming,skipped_missing_dependency,,,316.23856439325846,316.23856439325846,nan,nan,True,,,0.0013463999966916163,259.07421875,259.07421875,0.0,25.8,calibrated_on_calibration_split,,,,"{""instance_metadata"": {""complete"": true, ""high"": 100.0, ""instance_type"": ""random_symmetric"", ""low"": 1.0, ""n"": 10, ""seed"": 5, ""symmetric"": true}}"
small_exact,evaluation,small_exact_random_asymmetric_n10_seed5,random_asymmetric,10,5,tn_exact,ok,"[9, 5, 0, 8, 6, 4, 7, 2, 3, 1]",157.46169902451936,157.46169902451936,157.46169902451936,0.0,0.0,True,True,True,0.19145819999903324,259.07421875,259.03125,-0.04296875,25.8,calibrated_on_calibration_split,,True,,"{""exact_mode"": true, ""finite_edges"": true, ""instance_metadata"": {""complete"": true, ""high"": 100.0, ""instance_type"": ""random_asymmetric"", ""low"": 1.0, ""n"": 10, ""seed"": 5, ""symmetric"": false}, ""max_layers"": 8, ""n_layers"": null, ""n_layers_effective"": 8, ""normalization_factor"": 99.91843539144207, ""normalize"": true, ""seed"": 5, ""tau"": 25.8, ""valid_route"": true}"
small_exact,evaluation,small_exact_random_asymmetric_n10_seed5,random_asymmetric,10,5,held_karp,ok,"[9, 5, 0, 8, 6, 4, 7, 2, 3, 1]",157.46169902451936,157.46169902451936,157.46169902451936,0.0,0.0,True,True,True,0.006366300000081537,259.03125,259.1953125,0.1640625,25.8,calibrated_on_calibration_split,,,,"{""instance_metadata"": {""complete"": true, ""high"": 100.0, ""instance_type"": ""random_asymmetric"", ""low"": 1.0, ""n"": 10, ""seed"": 5, ""symmetric"": false}, ""max_n"": 18, ""start"": 9}"
small_exact,evaluation,small_exact_random_asymmetric_n10_seed5,random_asymmetric,10,5,bruteforce,ok,"[9, 5, 0, 8, 6, 4, 7, 2, 3, 1]",157.46169902451936,157.46169902451936,157.46169902451936,0.0,0.0,True,True,True,3.4623738000009325,259.1953125,259.1953125,0.0,25.8,calibrated_on_calibration_split,,,,"{""instance_metadata"": {""complete"": true, ""high"": 100.0, ""instance_type"": ""random_asymmetric"", ""low"": 1.0, ""n"": 10, ""seed"": 5, ""symmetric"": false}, ""max_n"": 10, ""permutations_checked"": 362880, ""start"": 9}"
small_exact,evaluation,small_exact_random_asymmetric_n10_seed5,random_asymmetric,10,5,ortools,ok,"[9, 5, 0, 8, 6, 4, 7, 2, 3, 1]",157.46169902451936,157.46169902451936,157.46169902451936,0.0,0.0,True,True,True,0.004186199999821838,259.1953125,259.19140625,-0.00390625,25.8,calibrated_on_calibration_split,,,5.0,"{""finite_edges"": true, ""infinity_penalty"": 999184350000, ""instance_metadata"": {""complete"": true, ""high"": 100.0, ""instance_type"": ""random_asymmetric"", ""low"": 1.0, ""n"": 10, ""seed"": 5, ""symmetric"": false}, ""integer_scale"": 1000000, ""start"": 9, ""time_limit_s"": 5.0, ""valid_route"": true}"
small_exact,evaluation,small_exact_random_asymmetric_n10_seed5,random_asymmetric,10,5,networkx_christofides,skipped_not_applicable,,,157.46169902451936,157.46169902451936,nan,nan,True,,,0.0001412999990861863,259.19140625,259.19140625,0.0,25.8,calibrated_on_calibration_split,,,,"{""instance_metadata"": {""complete"": true, ""high"": 100.0, ""instance_type"": ""random_asymmetric"", ""low"": 1.0, ""n"": 10, ""seed"": 5, ""symmetric"": false}, ""requires_metric_symmetric_complete"": true}"
small_exact,evaluation,small_exact_random_asymmetric_n10_seed5,random_asymmetric,10,5,networkx_greedy,ok,"[9, 7, 2, 3, 1, 6, 4, 8, 0, 5]",295.8949994924104,157.46169902451936,157.46169902451936,0.8791553839790255,0.8791553839790255,True,True,True,0.00028029999884893186,259.19140625,259.19140625,0.0,25.8,calibrated_on_calibration_split,,,,"{""finite_edges"": true, ""instance_metadata"": {""complete"": true, ""high"": 100.0, ""instance_type"": ""random_asymmetric"", ""low"": 1.0, ""n"": 10, ""seed"": 5, ""symmetric"": false}, ""valid_route"": true}"
small_exact,evaluation,small_exact_random_asymmetric_n10_seed5,random_asymmetric,10,5,python_tsp_dynamic_programming,skipped_missing_dependency,,,157.46169902451936,157.46169902451936,nan,nan,True,,,0.0014057000007596798,259.19140625,259.19140625,0.0,25.8,calibrated_on_calibration_split,,,,"{""instance_metadata"": {""complete"": true, ""high"": 100.0, ""instance_type"": ""random_asymmetric"", ""low"": 1.0, ""n"": 10, ""seed"": 5, ""symmetric"": false}}"
small_exact,evaluation,small_exact_euclidean_n10_seed6,euclidean,10,6,tn_exact,ok,"[9, 2, 7, 6, 5, 8, 1, 0, 4, 3]",3289.401654062577,3289.401654062577,3289.401654062577,0.0,0.0,True,True,True,0.1925647999996727,259.19140625,259.3515625,0.16015625,25.8,calibrated_on_calibration_split,,True,,"{""exact_mode"": true, ""finite_edges"": true, ""instance_metadata"": {""complete"": true, ""instance_type"": ""euclidean"", ""n"": 10, ""points"": [[538.1643514719432, 343.27086981333844], [369.06723979537827, 374.49676558788235], [987.4449901864666, 632.7562726071461], [674.3239305044935, 329.96345538545836], [679.9176611640223, 122.97237488719004], [51.729231983775215, 850.1913468087871], [8.895805535434675, 978.7675621852967], [827.0030258190536, 785.2109593263714], [48.0834870025465, 207.43926620697474], [849.8656310952118, 432.4948116550308]], ""scale"": 1000.0, ""seed"": 6, ""symmetric"": true}, ""max_layers"": 8, ""n_layers"": null, ""n_layers_effective"": 8, ""normalization_factor"": 1087.4997624523116, ""normalize"": true, ""seed"": 6, ""tau"": 25.8, ""valid_route"": true}"
small_exact,evaluation,small_exact_euclidean_n10_seed6,euclidean,10,6,held_karp,ok,"[9, 3, 4, 0, 1, 8, 5, 6, 7, 2]",3289.401654062577,3289.401654062577,3289.401654062577,0.0,0.0,True,True,True,0.0060219000006327406,259.3515625,259.4296875,0.078125,25.8,calibrated_on_calibration_split,,,,"{""instance_metadata"": {""complete"": true, ""instance_type"": ""euclidean"", ""n"": 10, ""points"": [[538.1643514719432, 343.27086981333844], [369.06723979537827, 374.49676558788235], [987.4449901864666, 632.7562726071461], [674.3239305044935, 329.96345538545836], [679.9176611640223, 122.97237488719004], [51.729231983775215, 850.1913468087871], [8.895805535434675, 978.7675621852967], [827.0030258190536, 785.2109593263714], [48.0834870025465, 207.43926620697474], [849.8656310952118, 432.4948116550308]], ""scale"": 1000.0, ""seed"": 6, ""symmetric"": true}, ""max_n"": 18, ""start"": 9}"
small_exact,evaluation,small_exact_euclidean_n10_seed6,euclidean,10,6,bruteforce,ok,"[9, 2, 7, 6, 5, 8, 1, 0, 4, 3]",3289.401654062577,3289.401654062577,3289.401654062577,0.0,0.0,True,True,True,3.354959599997528,259.4296875,259.4296875,0.0,25.8,calibrated_on_calibration_split,,,,"{""instance_metadata"": {""complete"": true, ""instance_type"": ""euclidean"", ""n"": 10, ""points"": [[538.1643514719432, 343.27086981333844], [369.06723979537827, 374.49676558788235], [987.4449901864666, 632.7562726071461], [674.3239305044935, 329.96345538545836], [679.9176611640223, 122.97237488719004], [51.729231983775215, 850.1913468087871], [8.895805535434675, 978.7675621852967], [827.0030258190536, 785.2109593263714], [48.0834870025465, 207.43926620697474], [849.8656310952118, 432.4948116550308]], ""scale"": 1000.0, ""seed"": 6, ""symmetric"": true}, ""max_n"": 10, ""permutations_checked"": 362880, ""start"": 9}"
small_exact,evaluation,small_exact_euclidean_n10_seed6,euclidean,10,6,ortools,ok,"[9, 3, 4, 0, 1, 8, 5, 6, 7, 2]",3289.401654062577,3289.401654062577,3289.401654062577,0.0,0.0,True,True,True,0.003397700002096826,259.4296875,259.49609375,0.06640625,25.8,calibrated_on_calibration_split,,,5.0,"{""finite_edges"": true, ""infinity_penalty"": 10874997620000, ""instance_metadata"": {""complete"": true, ""instance_type"": ""euclidean"", ""n"": 10, ""points"": [[538.1643514719432, 343.27086981333844], [369.06723979537827, 374.49676558788235], [987.4449901864666, 632.7562726071461], [674.3239305044935, 329.96345538545836], [679.9176611640223, 122.97237488719004], [51.729231983775215, 850.1913468087871], [8.895805535434675, 978.7675621852967], [827.0030258190536, 785.2109593263714], [48.0834870025465, 207.43926620697474], [849.8656310952118, 432.4948116550308]], ""scale"": 1000.0, ""seed"": 6, ""symmetric"": true}, ""integer_scale"": 1000000, ""start"": 9, ""time_limit_s"": 5.0, ""valid_route"": true}"
small_exact,evaluation,small_exact_euclidean_n10_seed6,euclidean,10,6,networkx_christofides,ok,"[9, 2, 7, 6, 5, 8, 1, 0, 4, 3]",3289.401654062577,3289.401654062577,3289.401654062577,0.0,0.0,True,True,True,0.001438600000255974,259.49609375,259.49609375,0.0,25.8,calibrated_on_calibration_split,,,,"{""finite_edges"": true, ""instance_metadata"": {""complete"": true, ""instance_type"": ""euclidean"", ""n"": 10, ""points"": [[538.1643514719432, 343.27086981333844], [369.06723979537827, 374.49676558788235], [987.4449901864666, 632.7562726071461], [674.3239305044935, 329.96345538545836], [679.9176611640223, 122.97237488719004], [51.729231983775215, 850.1913468087871], [8.895805535434675, 978.7675621852967], [827.0030258190536, 785.2109593263714], [48.0834870025465, 207.43926620697474], [849.8656310952118, 432.4948116550308]], ""scale"": 1000.0, ""seed"": 6, ""symmetric"": true}, ""requires_metric_symmetric_complete"": true, ""valid_route"": true}"
small_exact,evaluation,small_exact_euclidean_n10_seed6,euclidean,10,6,networkx_greedy,ok,"[9, 3, 0, 1, 8, 4, 2, 7, 5, 6]",4244.382292918301,3289.401654062577,3289.401654062577,0.2903204714073984,0.2903204714073984,True,True,True,0.00022259999968810007,259.49609375,259.49609375,0.0,25.8,calibrated_on_calibration_split,,,,"{""finite_edges"": true, ""instance_metadata"": {""complete"": true, ""instance_type"": ""euclidean"", ""n"": 10, ""points"": [[538.1643514719432, 343.27086981333844], [369.06723979537827, 374.49676558788235], [987.4449901864666, 632.7562726071461], [674.3239305044935, 329.96345538545836], [679.9176611640223, 122.97237488719004], [51.729231983775215, 850.1913468087871], [8.895805535434675, 978.7675621852967], [827.0030258190536, 785.2109593263714], [48.0834870025465, 207.43926620697474], [849.8656310952118, 432.4948116550308]], ""scale"": 1000.0, ""seed"": 6, ""symmetric"": true}, ""valid_route"": true}"
small_exact,evaluation,small_exact_euclidean_n10_seed6,euclidean,10,6,python_tsp_dynamic_programming,skipped_missing_dependency,,,3289.401654062577,3289.401654062577,nan,nan,True,,,0.001219500001752749,259.49609375,259.49609375,0.0,25.8,calibrated_on_calibration_split,,,,"{""instance_metadata"": {""complete"": true, ""instance_type"": ""euclidean"", ""n"": 10, ""points"": [[538.1643514719432, 343.27086981333844], [369.06723979537827, 374.49676558788235], [987.4449901864666, 632.7562726071461], [674.3239305044935, 329.96345538545836], [679.9176611640223, 122.97237488719004], [51.729231983775215, 850.1913468087871], [8.895805535434675, 978.7675621852967], [827.0030258190536, 785.2109593263714], [48.0834870025465, 207.43926620697474], [849.8656310952118, 432.4948116550308]], ""scale"": 1000.0, ""seed"": 6, ""symmetric"": true}}"
small_exact,evaluation,small_exact_random_symmetric_n10_seed6,random_symmetric,10,6,tn_exact,ok,"[9, 3, 8, 2, 1, 6, 4, 7, 5, 0]",314.90791715733945,314.9079171573394,314.9079171573394,1.8050806525898486e-16,1.8050806525898486e-16,True,True,True,0.1816937000003236,259.49609375,259.9140625,0.41796875,25.8,calibrated_on_calibration_split,,True,,"{""exact_mode"": true, ""finite_edges"": true, ""instance_metadata"": {""complete"": true, ""high"": 100.0, ""instance_type"": ""random_symmetric"", ""low"": 1.0, ""n"": 10, ""seed"": 6, ""symmetric"": true}, ""max_layers"": 8, ""n_layers"": null, ""n_layers_effective"": 8, ""normalization_factor"": 93.05914028997567, ""normalize"": true, ""seed"": 6, ""tau"": 25.8, ""valid_route"": true}"
small_exact,evaluation,small_exact_random_symmetric_n10_seed6,random_symmetric,10,6,held_karp,ok,"[9, 0, 5, 7, 4, 6, 1, 2, 8, 3]",314.9079171573394,314.9079171573394,314.9079171573394,0.0,0.0,True,True,True,0.005377400000725174,259.9140625,260.0078125,0.09375,25.8,calibrated_on_calibration_split,,,,"{""instance_metadata"": {""complete"": true, ""high"": 100.0, ""instance_type"": ""random_symmetric"", ""low"": 1.0, ""n"": 10, ""seed"": 6, ""symmetric"": true}, ""max_n"": 18, ""start"": 9}"
small_exact,evaluation,small_exact_random_symmetric_n10_seed6,random_symmetric,10,6,bruteforce,ok,"[9, 0, 5, 7, 4, 6, 1, 2, 8, 3]",314.9079171573394,314.9079171573394,314.9079171573394,0.0,0.0,True,True,True,3.5455342999994173,260.0078125,260.0078125,0.0,25.8,calibrated_on_calibration_split,,,,"{""instance_metadata"": {""complete"": true, ""high"": 100.0, ""instance_type"": ""random_symmetric"", ""low"": 1.0, ""n"": 10, ""seed"": 6, ""symmetric"": true}, ""max_n"": 10, ""permutations_checked"": 362880, ""start"": 9}"
small_exact,evaluation,small_exact_random_symmetric_n10_seed6,random_symmetric,10,6,ortools,ok,"[9, 0, 1, 2, 4, 6, 7, 5, 8, 3]",320.39065548960434,314.9079171573394,314.9079171573394,0.017410608096987187,0.017410608096987187,True,True,True,0.003900600000633858,260.0078125,260.0703125,0.0625,25.8,calibrated_on_calibration_split,,,5.0,"{""finite_edges"": true, ""infinity_penalty"": 930591400000, ""instance_metadata"": {""complete"": true, ""high"": 100.0, ""instance_type"": ""random_symmetric"", ""low"": 1.0, ""n"": 10, ""seed"": 6, ""symmetric"": true}, ""integer_scale"": 1000000, ""start"": 9, ""time_limit_s"": 5.0, ""valid_route"": true}"
small_exact,evaluation,small_exact_random_symmetric_n10_seed6,random_symmetric,10,6,networkx_christofides,skipped_not_applicable,,,314.9079171573394,314.9079171573394,nan,nan,True,,,0.0009651000000303611,260.0703125,260.0703125,0.0,25.8,calibrated_on_calibration_split,,,,"{""instance_metadata"": {""complete"": true, ""high"": 100.0, ""instance_type"": ""random_symmetric"", ""low"": 1.0, ""n"": 10, ""seed"": 6, ""symmetric"": true}, ""requires_metric_symmetric_complete"": true}"
small_exact,evaluation,small_exact_random_symmetric_n10_seed6,random_symmetric,10,6,networkx_greedy,ok,"[9, 0, 1, 2, 4, 7, 5, 8, 3, 6]",382.0311698192306,314.9079171573394,314.9079171573394,0.21315200096526637,0.21315200096526637,True,True,True,0.0010172000002057757,260.0703125,260.0703125,0.0,25.8,calibrated_on_calibration_split,,,,"{""finite_edges"": true, ""instance_metadata"": {""complete"": true, ""high"": 100.0, ""instance_type"": ""random_symmetric"", ""low"": 1.0, ""n"": 10, ""seed"": 6, ""symmetric"": true}, ""valid_route"": true}"
small_exact,evaluation,small_exact_random_symmetric_n10_seed6,random_symmetric,10,6,python_tsp_dynamic_programming,skipped_missing_dependency,,,314.9079171573394,314.9079171573394,nan,nan,True,,,0.001760799998010043,260.0703125,260.0703125,0.0,25.8,calibrated_on_calibration_split,,,,"{""instance_metadata"": {""complete"": true, ""high"": 100.0, ""instance_type"": ""random_symmetric"", ""low"": 1.0, ""n"": 10, ""seed"": 6, ""symmetric"": true}}"
small_exact,evaluation,small_exact_random_asymmetric_n10_seed6,random_asymmetric,10,6,tn_exact,ok,"[9, 5, 4, 2, 8, 3, 7, 6, 1, 0]",189.7150408879565,189.7150408879565,189.7150408879565,0.0,0.0,True,True,True,0.2905754999992496,260.07421875,260.02734375,-0.046875,25.8,calibrated_on_calibration_split,,True,,"{""exact_mode"": true, ""finite_edges"": true, ""instance_metadata"": {""complete"": true, ""high"": 100.0, ""instance_type"": ""random_asymmetric"", ""low"": 1.0, ""n"": 10, ""seed"": 6, ""symmetric"": false}, ""max_layers"": 8, ""n_layers"": null, ""n_layers_effective"": 8, ""normalization_factor"": 99.38583459304218, ""normalize"": true, ""seed"": 6, ""tau"": 25.8, ""valid_route"": true}"
small_exact,evaluation,small_exact_random_asymmetric_n10_seed6,random_asymmetric,10,6,held_karp,ok,"[9, 5, 4, 2, 8, 3, 7, 6, 1, 0]",189.7150408879565,189.7150408879565,189.7150408879565,0.0,0.0,True,True,True,0.005921700001636054,260.02734375,260.02734375,0.0,25.8,calibrated_on_calibration_split,,,,"{""instance_metadata"": {""complete"": true, ""high"": 100.0, ""instance_type"": ""random_asymmetric"", ""low"": 1.0, ""n"": 10, ""seed"": 6, ""symmetric"": false}, ""max_n"": 18, ""start"": 9}"
small_exact,evaluation,small_exact_random_asymmetric_n10_seed6,random_asymmetric,10,6,bruteforce,ok,"[9, 5, 4, 2, 8, 3, 7, 6, 1, 0]",189.7150408879565,189.7150408879565,189.7150408879565,0.0,0.0,True,True,True,3.528972700001759,260.02734375,260.02734375,0.0,25.8,calibrated_on_calibration_split,,,,"{""instance_metadata"": {""complete"": true, ""high"": 100.0, ""instance_type"": ""random_asymmetric"", ""low"": 1.0, ""n"": 10, ""seed"": 6, ""symmetric"": false}, ""max_n"": 10, ""permutations_checked"": 362880, ""start"": 9}"
small_exact,evaluation,small_exact_random_asymmetric_n10_seed6,random_asymmetric,10,6,ortools,ok,"[9, 5, 4, 2, 6, 7, 8, 3, 1, 0]",192.91805938368753,189.7150408879565,189.7150408879565,0.016883313419639244,0.016883313419639244,True,True,True,0.004878399999142857,260.02734375,260.02734375,0.0,25.8,calibrated_on_calibration_split,,,5.0,"{""finite_edges"": true, ""infinity_penalty"": 993858350000, ""instance_metadata"": {""complete"": true, ""high"": 100.0, ""instance_type"": ""random_asymmetric"", ""low"": 1.0, ""n"": 10, ""seed"": 6, ""symmetric"": false}, ""integer_scale"": 1000000, ""start"": 9, ""time_limit_s"": 5.0, ""valid_route"": true}"
small_exact,evaluation,small_exact_random_asymmetric_n10_seed6,random_asymmetric,10,6,networkx_christofides,skipped_not_applicable,,,189.7150408879565,189.7150408879565,nan,nan,True,,,0.00040520000038668513,260.02734375,260.02734375,0.0,25.8,calibrated_on_calibration_split,,,,"{""instance_metadata"": {""complete"": true, ""high"": 100.0, ""instance_type"": ""random_asymmetric"", ""low"": 1.0, ""n"": 10, ""seed"": 6, ""symmetric"": false}, ""requires_metric_symmetric_complete"": true}"
small_exact,evaluation,small_exact_random_asymmetric_n10_seed6,random_asymmetric,10,6,networkx_greedy,ok,"[9, 6, 0, 7, 8, 3, 1, 2, 5, 4]",273.47410833542443,189.7150408879565,189.7150408879565,0.44149935110803934,0.44149935110803934,True,True,True,0.0003122000016446691,260.02734375,260.02734375,0.0,25.8,calibrated_on_calibration_split,,,,"{""finite_edges"": true, ""instance_metadata"": {""complete"": true, ""high"": 100.0, ""instance_type"": ""random_asymmetric"", ""low"": 1.0, ""n"": 10, ""seed"": 6, ""symmetric"": false}, ""valid_route"": true}"
small_exact,evaluation,small_exact_random_asymmetric_n10_seed6,random_asymmetric,10,6,python_tsp_dynamic_programming,skipped_missing_dependency,,,189.7150408879565,189.7150408879565,nan,nan,True,,,0.0011352999972586986,260.02734375,260.02734375,0.0,25.8,calibrated_on_calibration_split,,,,"{""instance_metadata"": {""complete"": true, ""high"": 100.0, ""instance_type"": ""random_asymmetric"", ""low"": 1.0, ""n"": 10, ""seed"": 6, ""symmetric"": false}}"
small_exact,evaluation,small_exact_euclidean_n10_seed7,euclidean,10,7,tn_exact,ok,"[9, 0, 8, 4, 1, 7, 5, 6, 3, 2]",3134.144288547415,3134.1442885474144,3134.1442885474144,1.4509458053612025e-16,1.4509458053612025e-16,True,True,True,0.18850390000079642,260.02734375,260.27734375,0.25,25.8,calibrated_on_calibration_split,,True,,"{""exact_mode"": true, ""finite_edges"": true, ""instance_metadata"": {""complete"": true, ""instance_type"": ""euclidean"", ""n"": 10, ""points"": [[625.095466604667, 897.2138009695755], [775.6856902451935, 225.20718999059187], [300.16628491122543, 873.5534453962618], [5.265304565574724, 821.2284183827662], [797.0694287520462, 467.9349528437208], [303.0324268193135, 278.4256121007733], [254.8695876541246, 445.0763058826466], [504.5482589579533, 553.4973520744925], [995.5002834343927, 792.6619192137531], [622.1792294411626, 988.9601476818849]], ""scale"": 1000.0, ""seed"": 7, ""symmetric"": true}, ""max_layers"": 8, ""n_layers"": null, ""n_layers_effective"": 8, ""normalization_factor"": 990.6469392523765, ""normalize"": true, ""seed"": 7, ""tau"": 25.8, ""valid_route"": true}"
small_exact,evaluation,small_exact_euclidean_n10_seed7,euclidean,10,7,held_karp,ok,"[9, 2, 3, 6, 5, 7, 1, 4, 8, 0]",3134.1442885474144,3134.1442885474144,3134.1442885474144,0.0,0.0,True,True,True,0.005765000001701992,260.27734375,260.27734375,0.0,25.8,calibrated_on_calibration_split,,,,"{""instance_metadata"": {""complete"": true, ""instance_type"": ""euclidean"", ""n"": 10, ""points"": [[625.095466604667, 897.2138009695755], [775.6856902451935, 225.20718999059187], [300.16628491122543, 873.5534453962618], [5.265304565574724, 821.2284183827662], [797.0694287520462, 467.9349528437208], [303.0324268193135, 278.4256121007733], [254.8695876541246, 445.0763058826466], [504.5482589579533, 553.4973520744925], [995.5002834343927, 792.6619192137531], [622.1792294411626, 988.9601476818849]], ""scale"": 1000.0, ""seed"": 7, ""symmetric"": true}, ""max_n"": 18, ""start"": 9}"
small_exact,evaluation,small_exact_euclidean_n10_seed7,euclidean,10,7,bruteforce,ok,"[9, 2, 3, 6, 5, 7, 1, 4, 8, 0]",3134.1442885474144,3134.1442885474144,3134.1442885474144,0.0,0.0,True,True,True,3.711766299998999,260.27734375,260.27734375,0.0,25.8,calibrated_on_calibration_split,,,,"{""instance_metadata"": {""complete"": true, ""instance_type"": ""euclidean"", ""n"": 10, ""points"": [[625.095466604667, 897.2138009695755], [775.6856902451935, 225.20718999059187], [300.16628491122543, 873.5534453962618], [5.265304565574724, 821.2284183827662], [797.0694287520462, 467.9349528437208], [303.0324268193135, 278.4256121007733], [254.8695876541246, 445.0763058826466], [504.5482589579533, 553.4973520744925], [995.5002834343927, 792.6619192137531], [622.1792294411626, 988.9601476818849]], ""scale"": 1000.0, ""seed"": 7, ""symmetric"": true}, ""max_n"": 10, ""permutations_checked"": 362880, ""start"": 9}"
small_exact,evaluation,small_exact_euclidean_n10_seed7,euclidean,10,7,ortools,ok,"[9, 0, 8, 4, 1, 7, 5, 6, 3, 2]",3134.144288547415,3134.1442885474144,3134.1442885474144,1.4509458053612025e-16,1.4509458053612025e-16,True,True,True,0.0029808999970555305,260.27734375,260.27734375,0.0,25.8,calibrated_on_calibration_split,,,5.0,"{""finite_edges"": true, ""infinity_penalty"": 9906469390000, ""instance_metadata"": {""complete"": true, ""instance_type"": ""euclidean"", ""n"": 10, ""points"": [[625.095466604667, 897.2138009695755], [775.6856902451935, 225.20718999059187], [300.16628491122543, 873.5534453962618], [5.265304565574724, 821.2284183827662], [797.0694287520462, 467.9349528437208], [303.0324268193135, 278.4256121007733], [254.8695876541246, 445.0763058826466], [504.5482589579533, 553.4973520744925], [995.5002834343927, 792.6619192137531], [622.1792294411626, 988.9601476818849]], ""scale"": 1000.0, ""seed"": 7, ""symmetric"": true}, ""integer_scale"": 1000000, ""start"": 9, ""time_limit_s"": 5.0, ""valid_route"": true}"
small_exact,evaluation,small_exact_euclidean_n10_seed7,euclidean,10,7,networkx_christofides,ok,"[9, 0, 7, 8, 4, 1, 6, 5, 3, 2]",3625.849720693592,3134.1442885474144,3134.1442885474144,0.15688666087995237,0.15688666087995237,True,True,True,0.001760799998010043,260.27734375,260.27734375,0.0,25.8,calibrated_on_calibration_split,,,,"{""finite_edges"": true, ""instance_metadata"": {""complete"": true, ""instance_type"": ""euclidean"", ""n"": 10, ""points"": [[625.095466604667, 897.2138009695755], [775.6856902451935, 225.20718999059187], [300.16628491122543, 873.5534453962618], [5.265304565574724, 821.2284183827662], [797.0694287520462, 467.9349528437208], [303.0324268193135, 278.4256121007733], [254.8695876541246, 445.0763058826466], [504.5482589579533, 553.4973520744925], [995.5002834343927, 792.6619192137531], [622.1792294411626, 988.9601476818849]], ""scale"": 1000.0, ""seed"": 7, ""symmetric"": true}, ""requires_metric_symmetric_complete"": true, ""valid_route"": true}"
small_exact,evaluation,small_exact_euclidean_n10_seed7,euclidean,10,7,networkx_greedy,ok,"[9, 0, 2, 3, 6, 5, 7, 4, 1, 8]",3261.7540582557713,3134.1442885474144,3134.1442885474144,0.04071598431975841,0.04071598431975841,True,True,True,0.0002852000034181401,260.27734375,260.27734375,0.0,25.8,calibrated_on_calibration_split,,,,"{""finite_edges"": true, ""instance_metadata"": {""complete"": true, ""instance_type"": ""euclidean"", ""n"": 10, ""points"": [[625.095466604667, 897.2138009695755], [775.6856902451935, 225.20718999059187], [300.16628491122543, 873.5534453962618], [5.265304565574724, 821.2284183827662], [797.0694287520462, 467.9349528437208], [303.0324268193135, 278.4256121007733], [254.8695876541246, 445.0763058826466], [504.5482589579533, 553.4973520744925], [995.5002834343927, 792.6619192137531], [622.1792294411626, 988.9601476818849]], ""scale"": 1000.0, ""seed"": 7, ""symmetric"": true}, ""valid_route"": true}"
small_exact,evaluation,small_exact_euclidean_n10_seed7,euclidean,10,7,python_tsp_dynamic_programming,skipped_missing_dependency,,,3134.1442885474144,3134.1442885474144,nan,nan,True,,,0.0020508000015979633,260.27734375,260.27734375,0.0,25.8,calibrated_on_calibration_split,,,,"{""instance_metadata"": {""complete"": true, ""instance_type"": ""euclidean"", ""n"": 10, ""points"": [[625.095466604667, 897.2138009695755], [775.6856902451935, 225.20718999059187], [300.16628491122543, 873.5534453962618], [5.265304565574724, 821.2284183827662], [797.0694287520462, 467.9349528437208], [303.0324268193135, 278.4256121007733], [254.8695876541246, 445.0763058826466], [504.5482589579533, 553.4973520744925], [995.5002834343927, 792.6619192137531], [622.1792294411626, 988.9601476818849]], ""scale"": 1000.0, ""seed"": 7, ""symmetric"": true}}"
small_exact,evaluation,small_exact_random_symmetric_n10_seed7,random_symmetric,10,7,tn_exact,ok,"[9, 8, 7, 1, 2, 3, 5, 4, 0, 6]",299.6284610647302,299.6284610647302,299.6284610647302,0.0,0.0,True,True,True,0.17118009999830974,260.27734375,260.3046875,0.02734375,25.8,calibrated_on_calibration_split,,True,,"{""exact_mode"": true, ""finite_edges"": true, ""instance_metadata"": {""complete"": true, ""high"": 100.0, ""instance_type"": ""random_symmetric"", ""low"": 1.0, ""n"": 10, ""seed"": 7, ""symmetric"": true}, ""max_layers"": 8, ""n_layers"": null, ""n_layers_effective"": 8, ""normalization_factor"": 93.3263583116622, ""normalize"": true, ""seed"": 7, ""tau"": 25.8, ""valid_route"": true}"
small_exact,evaluation,small_exact_random_symmetric_n10_seed7,random_symmetric,10,7,held_karp,ok,"[9, 8, 7, 1, 2, 3, 5, 4, 0, 6]",299.6284610647302,299.6284610647302,299.6284610647302,0.0,0.0,True,True,True,0.005396900000050664,260.3046875,260.3046875,0.0,25.8,calibrated_on_calibration_split,,,,"{""instance_metadata"": {""complete"": true, ""high"": 100.0, ""instance_type"": ""random_symmetric"", ""low"": 1.0, ""n"": 10, ""seed"": 7, ""symmetric"": true}, ""max_n"": 18, ""start"": 9}"
small_exact,evaluation,small_exact_random_symmetric_n10_seed7,random_symmetric,10,7,bruteforce,ok,"[9, 6, 0, 4, 5, 3, 2, 1, 7, 8]",299.6284610647302,299.6284610647302,299.6284610647302,0.0,0.0,True,True,True,4.167370999999548,260.3046875,260.3046875,0.0,25.8,calibrated_on_calibration_split,,,,"{""instance_metadata"": {""complete"": true, ""high"": 100.0, ""instance_type"": ""random_symmetric"", ""low"": 1.0, ""n"": 10, ""seed"": 7, ""symmetric"": true}, ""max_n"": 10, ""permutations_checked"": 362880, ""start"": 9}"
small_exact,evaluation,small_exact_random_symmetric_n10_seed7,random_symmetric,10,7,ortools,ok,"[9, 6, 0, 4, 5, 3, 2, 1, 7, 8]",299.6284610647302,299.6284610647302,299.6284610647302,0.0,0.0,True,True,True,0.009145599997282261,260.3046875,260.3046875,0.0,25.8,calibrated_on_calibration_split,,,5.0,"{""finite_edges"": true, ""infinity_penalty"": 933263580000, ""instance_metadata"": {""complete"": true, ""high"": 100.0, ""instance_type"": ""random_symmetric"", ""low"": 1.0, ""n"": 10, ""seed"": 7, ""symmetric"": true}, ""integer_scale"": 1000000, ""start"": 9, ""time_limit_s"": 5.0, ""valid_route"": true}"
small_exact,evaluation,small_exact_random_symmetric_n10_seed7,random_symmetric,10,7,networkx_christofides,skipped_not_applicable,,,299.6284610647302,299.6284610647302,nan,nan,True,,,0.00017250000018975697,260.3046875,260.3046875,0.0,25.8,calibrated_on_calibration_split,,,,"{""instance_metadata"": {""complete"": true, ""high"": 100.0, ""instance_type"": ""random_symmetric"", ""low"": 1.0, ""n"": 10, ""seed"": 7, ""symmetric"": true}, ""requires_metric_symmetric_complete"": true}"
small_exact,evaluation,small_exact_random_symmetric_n10_seed7,random_symmetric,10,7,networkx_greedy,ok,"[9, 5, 8, 0, 4, 7, 1, 2, 3, 6]",382.0479027025579,299.6284610647302,299.6284610647302,0.27507213882469683,0.27507213882469683,True,True,True,0.0002432000001135748,260.3046875,260.3046875,0.0,25.8,calibrated_on_calibration_split,,,,"{""finite_edges"": true, ""instance_metadata"": {""complete"": true, ""high"": 100.0, ""instance_type"": ""random_symmetric"", ""low"": 1.0, ""n"": 10, ""seed"": 7, ""symmetric"": true}, ""valid_route"": true}"
small_exact,evaluation,small_exact_random_symmetric_n10_seed7,random_symmetric,10,7,python_tsp_dynamic_programming,skipped_missing_dependency,,,299.6284610647302,299.6284610647302,nan,nan,True,,,0.001176499998109648,260.3046875,260.3046875,0.0,25.8,calibrated_on_calibration_split,,,,"{""instance_metadata"": {""complete"": true, ""high"": 100.0, ""instance_type"": ""random_symmetric"", ""low"": 1.0, ""n"": 10, ""seed"": 7, ""symmetric"": true}}"
small_exact,evaluation,small_exact_random_asymmetric_n10_seed7,random_asymmetric,10,7,tn_exact,ok,"[9, 8, 3, 5, 2, 1, 0, 4, 6, 7]",165.21532419345274,165.21532419345274,165.21532419345274,0.0,0.0,True,True,True,0.19275410000045667,260.3046875,260.30859375,0.00390625,25.8,calibrated_on_calibration_split,,True,,"{""exact_mode"": true, ""finite_edges"": true, ""instance_metadata"": {""complete"": true, ""high"": 100.0, ""instance_type"": ""random_asymmetric"", ""low"": 1.0, ""n"": 10, ""seed"": 7, ""symmetric"": false}, ""max_layers"": 8, ""n_layers"": null, ""n_layers_effective"": 8, ""normalization_factor"": 99.55452806000487, ""normalize"": true, ""seed"": 7, ""tau"": 25.8, ""valid_route"": true}"
small_exact,evaluation,small_exact_random_asymmetric_n10_seed7,random_asymmetric,10,7,held_karp,ok,"[9, 8, 3, 5, 2, 1, 0, 4, 6, 7]",165.21532419345274,165.21532419345274,165.21532419345274,0.0,0.0,True,True,True,0.006146499999886146,260.30859375,260.31640625,0.0078125,25.8,calibrated_on_calibration_split,,,,"{""instance_metadata"": {""complete"": true, ""high"": 100.0, ""instance_type"": ""random_asymmetric"", ""low"": 1.0, ""n"": 10, ""seed"": 7, ""symmetric"": false}, ""max_n"": 18, ""start"": 9}"
small_exact,evaluation,small_exact_random_asymmetric_n10_seed7,random_asymmetric,10,7,bruteforce,ok,"[9, 8, 3, 5, 2, 1, 0, 4, 6, 7]",165.21532419345274,165.21532419345274,165.21532419345274,0.0,0.0,True,True,True,3.8106929999994463,260.31640625,260.31640625,0.0,25.8,calibrated_on_calibration_split,,,,"{""instance_metadata"": {""complete"": true, ""high"": 100.0, ""instance_type"": ""random_asymmetric"", ""low"": 1.0, ""n"": 10, ""seed"": 7, ""symmetric"": false}, ""max_n"": 10, ""permutations_checked"": 362880, ""start"": 9}"
small_exact,evaluation,small_exact_random_asymmetric_n10_seed7,random_asymmetric,10,7,ortools,ok,"[9, 6, 7, 4, 0, 3, 5, 2, 1, 8]",210.77814962354446,165.21532419345274,165.21532419345274,0.2757784464154283,0.2757784464154283,True,True,True,0.0036279999985708855,260.31640625,260.31640625,0.0,25.8,calibrated_on_calibration_split,,,5.0,"{""finite_edges"": true, ""infinity_penalty"": 995545280000, ""instance_metadata"": {""complete"": true, ""high"": 100.0, ""instance_type"": ""random_asymmetric"", ""low"": 1.0, ""n"": 10, ""seed"": 7, ""symmetric"": false}, ""integer_scale"": 1000000, ""start"": 9, ""time_limit_s"": 5.0, ""valid_route"": true}"
small_exact,evaluation,small_exact_random_asymmetric_n10_seed7,random_asymmetric,10,7,networkx_christofides,skipped_not_applicable,,,165.21532419345274,165.21532419345274,nan,nan,True,,,0.00012889999925391749,260.31640625,260.31640625,0.0,25.8,calibrated_on_calibration_split,,,,"{""instance_metadata"": {""complete"": true, ""high"": 100.0, ""instance_type"": ""random_asymmetric"", ""low"": 1.0, ""n"": 10, ""seed"": 7, ""symmetric"": false}, ""requires_metric_symmetric_complete"": true}"
small_exact,evaluation,small_exact_random_asymmetric_n10_seed7,random_asymmetric,10,7,networkx_greedy,ok,"[9, 6, 7, 4, 0, 3, 2, 1, 5, 8]",276.31631458274575,165.21532419345274,165.21532419345274,0.6724617763616372,0.6724617763616372,True,True,True,0.00028160000147181563,260.31640625,260.31640625,0.0,25.8,calibrated_on_calibration_split,,,,"{""finite_edges"": true, ""instance_metadata"": {""complete"": true, ""high"": 100.0, ""instance_type"": ""random_asymmetric"", ""low"": 1.0, ""n"": 10, ""seed"": 7, ""symmetric"": false}, ""valid_route"": true}"
small_exact,evaluation,small_exact_random_asymmetric_n10_seed7,random_asymmetric,10,7,python_tsp_dynamic_programming,skipped_missing_dependency,,,165.21532419345274,165.21532419345274,nan,nan,True,,,0.0010174000017286744,260.31640625,260.31640625,0.0,25.8,calibrated_on_calibration_split,,,,"{""instance_metadata"": {""complete"": true, ""high"": 100.0, ""instance_type"": ""random_asymmetric"", ""low"": 1.0, ""n"": 10, ""seed"": 7, ""symmetric"": false}}"
small_exact,evaluation,small_exact_euclidean_n10_seed8,euclidean,10,8,tn_exact,ok,"[9, 0, 1, 8, 4, 6, 5, 3, 2, 7]",2443.68551700098,2443.68551700098,2443.68551700098,0.0,0.0,True,True,True,0.17587319999802276,260.31640625,260.3203125,0.00390625,25.8,calibrated_on_calibration_split,,True,,"{""exact_mode"": true, ""finite_edges"": true, ""instance_metadata"": {""complete"": true, ""instance_type"": ""euclidean"", ""n"": 10, ""points"": [[326.9722766055607, 987.2768433379256], [318.7108384855167, 788.548935820029], [869.8965116962161, 391.08480653919395], [437.8818731227988, 372.74890308935306], [106.95359647277436, 478.965454162717], [241.3521450846823, 257.1452485511297], [184.7315568344149, 193.8645489043107], [813.827670155021, 422.9841881442263], [255.92050515822606, 590.9028517654116], [604.2722960584558, 646.858027060188]], ""scale"": 1000.0, ""seed"": 8, ""symmetric"": true}, ""max_layers"": 8, ""n_layers"": null, ""n_layers_effective"": 8, ""normalization_factor"": 806.3570361762793, ""normalize"": true, ""seed"": 8, ""tau"": 25.8, ""valid_route"": true}"
small_exact,evaluation,small_exact_euclidean_n10_seed8,euclidean,10,8,held_karp,ok,"[9, 0, 1, 8, 4, 6, 5, 3, 2, 7]",2443.68551700098,2443.68551700098,2443.68551700098,0.0,0.0,True,True,True,0.005206199999520322,260.3203125,260.3203125,0.0,25.8,calibrated_on_calibration_split,,,,"{""instance_metadata"": {""complete"": true, ""instance_type"": ""euclidean"", ""n"": 10, ""points"": [[326.9722766055607, 987.2768433379256], [318.7108384855167, 788.548935820029], [869.8965116962161, 391.08480653919395], [437.8818731227988, 372.74890308935306], [106.95359647277436, 478.965454162717], [241.3521450846823, 257.1452485511297], [184.7315568344149, 193.8645489043107], [813.827670155021, 422.9841881442263], [255.92050515822606, 590.9028517654116], [604.2722960584558, 646.858027060188]], ""scale"": 1000.0, ""seed"": 8, ""symmetric"": true}, ""max_n"": 18, ""start"": 9}"
small_exact,evaluation,small_exact_euclidean_n10_seed8,euclidean,10,8,bruteforce,ok,"[9, 0, 1, 8, 4, 6, 5, 3, 2, 7]",2443.68551700098,2443.68551700098,2443.68551700098,0.0,0.0,True,True,True,3.781637600000977,260.3203125,260.3203125,0.0,25.8,calibrated_on_calibration_split,,,,"{""instance_metadata"": {""complete"": true, ""instance_type"": ""euclidean"", ""n"": 10, ""points"": [[326.9722766055607, 987.2768433379256], [318.7108384855167, 788.548935820029], [869.8965116962161, 391.08480653919395], [437.8818731227988, 372.74890308935306], [106.95359647277436, 478.965454162717], [241.3521450846823, 257.1452485511297], [184.7315568344149, 193.8645489043107], [813.827670155021, 422.9841881442263], [255.92050515822606, 590.9028517654116], [604.2722960584558, 646.858027060188]], ""scale"": 1000.0, ""seed"": 8, ""symmetric"": true}, ""max_n"": 10, ""permutations_checked"": 362880, ""start"": 9}"
small_exact,evaluation,small_exact_euclidean_n10_seed8,euclidean,10,8,ortools,ok,"[9, 7, 2, 3, 5, 6, 4, 8, 1, 0]",2443.6855170009803,2443.68551700098,2443.68551700098,1.8609078284531231e-16,1.8609078284531231e-16,True,True,True,0.004145999999309424,260.3203125,260.3203125,0.0,25.8,calibrated_on_calibration_split,,,5.0,"{""finite_edges"": true, ""infinity_penalty"": 8063570360000, ""instance_metadata"": {""complete"": true, ""instance_type"": ""euclidean"", ""n"": 10, ""points"": [[326.9722766055607, 987.2768433379256], [318.7108384855167, 788.548935820029], [869.8965116962161, 391.08480653919395], [437.8818731227988, 372.74890308935306], [106.95359647277436, 478.965454162717], [241.3521450846823, 257.1452485511297], [184.7315568344149, 193.8645489043107], [813.827670155021, 422.9841881442263], [255.92050515822606, 590.9028517654116], [604.2722960584558, 646.858027060188]], ""scale"": 1000.0, ""seed"": 8, ""symmetric"": true}, ""integer_scale"": 1000000, ""start"": 9, ""time_limit_s"": 5.0, ""valid_route"": true}"
small_exact,evaluation,small_exact_euclidean_n10_seed8,euclidean,10,8,networkx_christofides,ok,"[9, 1, 0, 8, 4, 6, 5, 3, 2, 7]",2518.711022296148,2443.68551700098,2443.68551700098,0.030701784158889314,0.030701784158889314,True,True,True,0.0023605999995197635,260.3203125,260.3203125,0.0,25.8,calibrated_on_calibration_split,,,,"{""finite_edges"": true, ""instance_metadata"": {""complete"": true, ""instance_type"": ""euclidean"", ""n"": 10, ""points"": [[326.9722766055607, 987.2768433379256], [318.7108384855167, 788.548935820029], [869.8965116962161, 391.08480653919395], [437.8818731227988, 372.74890308935306], [106.95359647277436, 478.965454162717], [241.3521450846823, 257.1452485511297], [184.7315568344149, 193.8645489043107], [813.827670155021, 422.9841881442263], [255.92050515822606, 590.9028517654116], [604.2722960584558, 646.858027060188]], ""scale"": 1000.0, ""seed"": 8, ""symmetric"": true}, ""requires_metric_symmetric_complete"": true, ""valid_route"": true}"
small_exact,evaluation,small_exact_euclidean_n10_seed8,euclidean,10,8,networkx_greedy,ok,"[9, 0, 1, 8, 4, 6, 5, 3, 2, 7]",2443.68551700098,2443.68551700098,2443.68551700098,0.0,0.0,True,True,True,0.00034450000021024607,260.3203125,260.3203125,0.0,25.8,calibrated_on_calibration_split,,,,"{""finite_edges"": true, ""instance_metadata"": {""complete"": true, ""instance_type"": ""euclidean"", ""n"": 10, ""points"": [[326.9722766055607, 987.2768433379256], [318.7108384855167, 788.548935820029], [869.8965116962161, 391.08480653919395], [437.8818731227988, 372.74890308935306], [106.95359647277436, 478.965454162717], [241.3521450846823, 257.1452485511297], [184.7315568344149, 193.8645489043107], [813.827670155021, 422.9841881442263], [255.92050515822606, 590.9028517654116], [604.2722960584558, 646.858027060188]], ""scale"": 1000.0, ""seed"": 8, ""symmetric"": true}, ""valid_route"": true}"
small_exact,evaluation,small_exact_euclidean_n10_seed8,euclidean,10,8,python_tsp_dynamic_programming,skipped_missing_dependency,,,2443.68551700098,2443.68551700098,nan,nan,True,,,0.001512499999080319,260.3203125,260.3203125,0.0,25.8,calibrated_on_calibration_split,,,,"{""instance_metadata"": {""complete"": true, ""instance_type"": ""euclidean"", ""n"": 10, ""points"": [[326.9722766055607, 987.2768433379256], [318.7108384855167, 788.548935820029], [869.8965116962161, 391.08480653919395], [437.8818731227988, 372.74890308935306], [106.95359647277436, 478.965454162717], [241.3521450846823, 257.1452485511297], [184.7315568344149, 193.8645489043107], [813.827670155021, 422.9841881442263], [255.92050515822606, 590.9028517654116], [604.2722960584558, 646.858027060188]], ""scale"": 1000.0, ""seed"": 8, ""symmetric"": true}}"
small_exact,evaluation,small_exact_random_symmetric_n10_seed8,random_symmetric,10,8,tn_exact,ok,"[9, 8, 0, 7, 4, 3, 2, 1, 6, 5]",268.6179665168381,268.6179665168381,268.6179665168381,0.0,0.0,True,True,True,0.17949310000039986,260.3203125,260.3203125,0.0,25.8,calibrated_on_calibration_split,,True,,"{""exact_mode"": true, ""finite_edges"": true, ""instance_metadata"": {""complete"": true, ""high"": 100.0, ""instance_type"": ""random_symmetric"", ""low"": 1.0, ""n"": 10, ""seed"": 8, ""symmetric"": true}, ""max_layers"": 8, ""n_layers"": null, ""n_layers_effective"": 8, ""normalization_factor"": 91.38662490692471, ""normalize"": true, ""seed"": 8, ""tau"": 25.8, ""valid_route"": true}"
small_exact,evaluation,small_exact_random_symmetric_n10_seed8,random_symmetric,10,8,held_karp,ok,"[9, 8, 0, 7, 4, 3, 2, 1, 6, 5]",268.6179665168381,268.6179665168381,268.6179665168381,0.0,0.0,True,True,True,0.005832400001963833,260.3203125,260.3203125,0.0,25.8,calibrated_on_calibration_split,,,,"{""instance_metadata"": {""complete"": true, ""high"": 100.0, ""instance_type"": ""random_symmetric"", ""low"": 1.0, ""n"": 10, ""seed"": 8, ""symmetric"": true}, ""max_n"": 18, ""start"": 9}"
small_exact,evaluation,small_exact_random_symmetric_n10_seed8,random_symmetric,10,8,bruteforce,ok,"[9, 8, 0, 7, 4, 3, 2, 1, 6, 5]",268.6179665168381,268.6179665168381,268.6179665168381,0.0,0.0,True,True,True,3.3577227999994648,260.3203125,260.3203125,0.0,25.8,calibrated_on_calibration_split,,,,"{""instance_metadata"": {""complete"": true, ""high"": 100.0, ""instance_type"": ""random_symmetric"", ""low"": 1.0, ""n"": 10, ""seed"": 8, ""symmetric"": true}, ""max_n"": 10, ""permutations_checked"": 362880, ""start"": 9}"
small_exact,evaluation,small_exact_random_symmetric_n10_seed8,random_symmetric,10,8,ortools,ok,"[9, 5, 6, 1, 2, 3, 4, 7, 0, 8]",268.6179665168382,268.6179665168381,268.6179665168381,2.1161435922509237e-16,2.1161435922509237e-16,True,True,True,0.003869000000122469,260.3203125,260.3203125,0.0,25.8,calibrated_on_calibration_split,,,5.0,"{""finite_edges"": true, ""infinity_penalty"": 913866250000, ""instance_metadata"": {""complete"": true, ""high"": 100.0, ""instance_type"": ""random_symmetric"", ""low"": 1.0, ""n"": 10, ""seed"": 8, ""symmetric"": true}, ""integer_scale"": 1000000, ""start"": 9, ""time_limit_s"": 5.0, ""valid_route"": true}"
small_exact,evaluation,small_exact_random_symmetric_n10_seed8,random_symmetric,10,8,networkx_christofides,skipped_not_applicable,,,268.6179665168381,268.6179665168381,nan,nan,True,,,0.00015159999747993425,260.3203125,260.3203125,0.0,25.8,calibrated_on_calibration_split,,,,"{""instance_metadata"": {""complete"": true, ""high"": 100.0, ""instance_type"": ""random_symmetric"", ""low"": 1.0, ""n"": 10, ""seed"": 8, ""symmetric"": true}, ""requires_metric_symmetric_complete"": true}"
small_exact,evaluation,small_exact_random_symmetric_n10_seed8,random_symmetric,10,8,networkx_greedy,ok,"[9, 0, 8, 1, 2, 5, 6, 7, 4, 3]",326.4592105641274,268.6179665168381,268.6179665168381,0.21532902209526447,0.21532902209526447,True,True,True,0.00023549999968963675,260.3203125,260.3203125,0.0,25.8,calibrated_on_calibration_split,,,,"{""finite_edges"": true, ""instance_metadata"": {""complete"": true, ""high"": 100.0, ""instance_type"": ""random_symmetric"", ""low"": 1.0, ""n"": 10, ""seed"": 8, ""symmetric"": true}, ""valid_route"": true}"
small_exact,evaluation,small_exact_random_symmetric_n10_seed8,random_symmetric,10,8,python_tsp_dynamic_programming,skipped_missing_dependency,,,268.6179665168381,268.6179665168381,nan,nan,True,,,0.0011497000014060177,260.3203125,260.3203125,0.0,25.8,calibrated_on_calibration_split,,,,"{""instance_metadata"": {""complete"": true, ""high"": 100.0, ""instance_type"": ""random_symmetric"", ""low"": 1.0, ""n"": 10, ""seed"": 8, ""symmetric"": true}}"
small_exact,evaluation,small_exact_random_asymmetric_n10_seed8,random_asymmetric,10,8,tn_exact,ok,"[9, 1, 0, 8, 2, 5, 6, 7, 4, 3]",185.18570213166973,185.18570213166973,185.18570213166973,0.0,0.0,True,True,True,0.16527459999997518,260.3203125,260.32421875,0.00390625,25.8,calibrated_on_calibration_split,,True,,"{""exact_mode"": true, ""finite_edges"": true, ""instance_metadata"": {""complete"": true, ""high"": 100.0, ""instance_type"": ""random_asymmetric"", ""low"": 1.0, ""n"": 10, ""seed"": 8, ""symmetric"": false}, ""max_layers"": 8, ""n_layers"": null, ""n_layers_effective"": 8, ""normalization_factor"": 98.88858626864226, ""normalize"": true, ""seed"": 8, ""tau"": 25.8, ""valid_route"": true}"
small_exact,evaluation,small_exact_random_asymmetric_n10_seed8,random_asymmetric,10,8,held_karp,ok,"[9, 1, 0, 8, 2, 5, 6, 7, 4, 3]",185.18570213166973,185.18570213166973,185.18570213166973,0.0,0.0,True,True,True,0.005142800000612624,260.32421875,260.32421875,0.0,25.8,calibrated_on_calibration_split,,,,"{""instance_metadata"": {""complete"": true, ""high"": 100.0, ""instance_type"": ""random_asymmetric"", ""low"": 1.0, ""n"": 10, ""seed"": 8, ""symmetric"": false}, ""max_n"": 18, ""start"": 9}"
small_exact,evaluation,small_exact_random_asymmetric_n10_seed8,random_asymmetric,10,8,bruteforce,ok,"[9, 1, 0, 8, 2, 5, 6, 7, 4, 3]",185.18570213166973,185.18570213166973,185.18570213166973,0.0,0.0,True,True,True,3.8086919999987003,260.32421875,260.26171875,-0.0625,25.8,calibrated_on_calibration_split,,,,"{""instance_metadata"": {""complete"": true, ""high"": 100.0, ""instance_type"": ""random_asymmetric"", ""low"": 1.0, ""n"": 10, ""seed"": 8, ""symmetric"": false}, ""max_n"": 10, ""permutations_checked"": 362880, ""start"": 9}"
small_exact,evaluation,small_exact_random_asymmetric_n10_seed8,random_asymmetric,10,8,ortools,ok,"[9, 1, 0, 8, 2, 5, 6, 7, 4, 3]",185.18570213166973,185.18570213166973,185.18570213166973,0.0,0.0,True,True,True,0.00926870000330382,260.26171875,260.26171875,0.0,25.8,calibrated_on_calibration_split,,,5.0,"{""finite_edges"": true, ""infinity_penalty"": 988885860000, ""instance_metadata"": {""complete"": true, ""high"": 100.0, ""instance_type"": ""random_asymmetric"", ""low"": 1.0, ""n"": 10, ""seed"": 8, ""symmetric"": false}, ""integer_scale"": 1000000, ""start"": 9, ""time_limit_s"": 5.0, ""valid_route"": true}"
small_exact,evaluation,small_exact_random_asymmetric_n10_seed8,random_asymmetric,10,8,networkx_christofides,skipped_not_applicable,,,185.18570213166973,185.18570213166973,nan,nan,True,,,0.00048239999887300655,260.26171875,260.26171875,0.0,25.8,calibrated_on_calibration_split,,,,"{""instance_metadata"": {""complete"": true, ""high"": 100.0, ""instance_type"": ""random_asymmetric"", ""low"": 1.0, ""n"": 10, ""seed"": 8, ""symmetric"": false}, ""requires_metric_symmetric_complete"": true}"
small_exact,evaluation,small_exact_random_asymmetric_n10_seed8,random_asymmetric,10,8,networkx_greedy,ok,"[9, 1, 2, 4, 3, 5, 6, 0, 8, 7]",283.178444796899,185.18570213166973,185.18570213166973,0.5291593332381298,0.5291593332381298,True,True,True,0.0010602999973343685,260.26171875,260.26171875,0.0,25.8,calibrated_on_calibration_split,,,,"{""finite_edges"": true, ""instance_metadata"": {""complete"": true, ""high"": 100.0, ""instance_type"": ""random_asymmetric"", ""low"": 1.0, ""n"": 10, ""seed"": 8, ""symmetric"": false}, ""valid_route"": true}"
small_exact,evaluation,small_exact_random_asymmetric_n10_seed8,random_asymmetric,10,8,python_tsp_dynamic_programming,skipped_missing_dependency,,,185.18570213166973,185.18570213166973,nan,nan,True,,,0.003237799999624258,260.26171875,260.26171875,0.0,25.8,calibrated_on_calibration_split,,,,"{""instance_metadata"": {""complete"": true, ""high"": 100.0, ""instance_type"": ""random_asymmetric"", ""low"": 1.0, ""n"": 10, ""seed"": 8, ""symmetric"": false}}"
small_exact,evaluation,small_exact_euclidean_n10_seed9,euclidean,10,9,tn_exact,ok,"[9, 8, 1, 2, 3, 7, 0, 5, 4, 6]",3085.9056160242603,3085.9056160242603,3085.9056160242603,0.0,0.0,True,True,True,0.29371050000190735,260.26171875,260.26171875,0.0,25.8,calibrated_on_calibration_split,,True,,"{""exact_mode"": true, ""finite_edges"": true, ""instance_metadata"": {""complete"": true, ""instance_type"": ""euclidean"", ""n"": 10, ""points"": [[870.2492039700846, 286.8172090875554], [603.1481500515619, 777.5340829201788], [716.0746296035653, 915.3801204905076], [860.3936491828846, 918.2376290487624], [26.587734467597212, 437.2480001295087], [484.9443269772881, 65.15419737010752], [5.626050679392924, 830.621436971257], [983.3022442861756, 784.6098526726796], [315.60348997827316, 705.3337045894538], [299.18107319824674, 740.7484828757487]], ""scale"": 1000.0, ""seed"": 9, ""symmetric"": true}, ""max_layers"": 8, ""n_layers"": null, ""n_layers_effective"": 8, ""normalization_factor"": 1021.4187365965673, ""normalize"": true, ""seed"": 9, ""tau"": 25.8, ""valid_route"": true}"
small_exact,evaluation,small_exact_euclidean_n10_seed9,euclidean,10,9,held_karp,ok,"[9, 8, 1, 2, 3, 7, 0, 5, 4, 6]",3085.9056160242603,3085.9056160242603,3085.9056160242603,0.0,0.0,True,True,True,0.00583819999883417,260.26171875,260.26171875,0.0,25.8,calibrated_on_calibration_split,,,,"{""instance_metadata"": {""complete"": true, ""instance_type"": ""euclidean"", ""n"": 10, ""points"": [[870.2492039700846, 286.8172090875554], [603.1481500515619, 777.5340829201788], [716.0746296035653, 915.3801204905076], [860.3936491828846, 918.2376290487624], [26.587734467597212, 437.2480001295087], [484.9443269772881, 65.15419737010752], [5.626050679392924, 830.621436971257], [983.3022442861756, 784.6098526726796], [315.60348997827316, 705.3337045894538], [299.18107319824674, 740.7484828757487]], ""scale"": 1000.0, ""seed"": 9, ""symmetric"": true}, ""max_n"": 18, ""start"": 9}"
small_exact,evaluation,small_exact_euclidean_n10_seed9,euclidean,10,9,bruteforce,ok,"[9, 6, 4, 5, 0, 7, 3, 2, 1, 8]",3085.9056160242603,3085.9056160242603,3085.9056160242603,0.0,0.0,True,True,True,3.6245754000010493,260.26171875,260.26171875,0.0,25.8,calibrated_on_calibration_split,,,,"{""instance_metadata"": {""complete"": true, ""instance_type"": ""euclidean"", ""n"": 10, ""points"": [[870.2492039700846, 286.8172090875554], [603.1481500515619, 777.5340829201788], [716.0746296035653, 915.3801204905076], [860.3936491828846, 918.2376290487624], [26.587734467597212, 437.2480001295087], [484.9443269772881, 65.15419737010752], [5.626050679392924, 830.621436971257], [983.3022442861756, 784.6098526726796], [315.60348997827316, 705.3337045894538], [299.18107319824674, 740.7484828757487]], ""scale"": 1000.0, ""seed"": 9, ""symmetric"": true}, ""max_n"": 10, ""permutations_checked"": 362880, ""start"": 9}"
small_exact,evaluation,small_exact_euclidean_n10_seed9,euclidean,10,9,ortools,ok,"[9, 8, 1, 2, 3, 7, 0, 5, 4, 6]",3085.9056160242603,3085.9056160242603,3085.9056160242603,0.0,0.0,True,True,True,0.0028937999995832797,260.26171875,260.26171875,0.0,25.8,calibrated_on_calibration_split,,,5.0,"{""finite_edges"": true, ""infinity_penalty"": 10214187370000, ""instance_metadata"": {""complete"": true, ""instance_type"": ""euclidean"", ""n"": 10, ""points"": [[870.2492039700846, 286.8172090875554], [603.1481500515619, 777.5340829201788], [716.0746296035653, 915.3801204905076], [860.3936491828846, 918.2376290487624], [26.587734467597212, 437.2480001295087], [484.9443269772881, 65.15419737010752], [5.626050679392924, 830.621436971257], [983.3022442861756, 784.6098526726796], [315.60348997827316, 705.3337045894538], [299.18107319824674, 740.7484828757487]], ""scale"": 1000.0, ""seed"": 9, ""symmetric"": true}, ""integer_scale"": 1000000, ""start"": 9, ""time_limit_s"": 5.0, ""valid_route"": true}"
small_exact,evaluation,small_exact_euclidean_n10_seed9,euclidean,10,9,networkx_christofides,ok,"[9, 6, 4, 5, 0, 7, 3, 2, 1, 8]",3085.9056160242603,3085.9056160242603,3085.9056160242603,0.0,0.0,True,True,True,0.0012978000013390556,260.26171875,260.26171875,0.0,25.8,calibrated_on_calibration_split,,,,"{""finite_edges"": true, ""instance_metadata"": {""complete"": true, ""instance_type"": ""euclidean"", ""n"": 10, ""points"": [[870.2492039700846, 286.8172090875554], [603.1481500515619, 777.5340829201788], [716.0746296035653, 915.3801204905076], [860.3936491828846, 918.2376290487624], [26.587734467597212, 437.2480001295087], [484.9443269772881, 65.15419737010752], [5.626050679392924, 830.621436971257], [983.3022442861756, 784.6098526726796], [315.60348997827316, 705.3337045894538], [299.18107319824674, 740.7484828757487]], ""scale"": 1000.0, ""seed"": 9, ""symmetric"": true}, ""requires_metric_symmetric_complete"": true, ""valid_route"": true}"
small_exact,evaluation,small_exact_euclidean_n10_seed9,euclidean,10,9,networkx_greedy,ok,"[9, 6, 4, 5, 0, 7, 3, 2, 1, 8]",3085.9056160242603,3085.9056160242603,3085.9056160242603,0.0,0.0,True,True,True,0.00020939999740221538,260.26171875,260.26171875,0.0,25.8,calibrated_on_calibration_split,,,,"{""finite_edges"": true, ""instance_metadata"": {""complete"": true, ""instance_type"": ""euclidean"", ""n"": 10, ""points"": [[870.2492039700846, 286.8172090875554], [603.1481500515619, 777.5340829201788], [716.0746296035653, 915.3801204905076], [860.3936491828846, 918.2376290487624], [26.587734467597212, 437.2480001295087], [484.9443269772881, 65.15419737010752], [5.626050679392924, 830.621436971257], [983.3022442861756, 784.6098526726796], [315.60348997827316, 705.3337045894538], [299.18107319824674, 740.7484828757487]], ""scale"": 1000.0, ""seed"": 9, ""symmetric"": true}, ""valid_route"": true}"
small_exact,evaluation,small_exact_euclidean_n10_seed9,euclidean,10,9,python_tsp_dynamic_programming,skipped_missing_dependency,,,3085.9056160242603,3085.9056160242603,nan,nan,True,,,0.0011038000011467375,260.26171875,260.26171875,0.0,25.8,calibrated_on_calibration_split,,,,"{""instance_metadata"": {""complete"": true, ""instance_type"": ""euclidean"", ""n"": 10, ""points"": [[870.2492039700846, 286.8172090875554], [603.1481500515619, 777.5340829201788], [716.0746296035653, 915.3801204905076], [860.3936491828846, 918.2376290487624], [26.587734467597212, 437.2480001295087], [484.9443269772881, 65.15419737010752], [5.626050679392924, 830.621436971257], [983.3022442861756, 784.6098526726796], [315.60348997827316, 705.3337045894538], [299.18107319824674, 740.7484828757487]], ""scale"": 1000.0, ""seed"": 9, ""symmetric"": true}}"
small_exact,evaluation,small_exact_random_symmetric_n10_seed9,random_symmetric,10,9,tn_exact,ok,"[9, 5, 7, 4, 3, 8, 0, 2, 1, 6]",330.3568560076054,330.3568560076054,330.3568560076054,0.0,0.0,True,True,True,0.20081759999811766,260.26171875,259.81640625,-0.4453125,25.8,calibrated_on_calibration_split,,True,,"{""exact_mode"": true, ""finite_edges"": true, ""instance_metadata"": {""complete"": true, ""high"": 100.0, ""instance_type"": ""random_symmetric"", ""low"": 1.0, ""n"": 10, ""seed"": 9, ""symmetric"": true}, ""max_layers"": 8, ""n_layers"": null, ""n_layers_effective"": 8, ""normalization_factor"": 87.80877071315052, ""normalize"": true, ""seed"": 9, ""tau"": 25.8, ""valid_route"": true}"
small_exact,evaluation,small_exact_random_symmetric_n10_seed9,random_symmetric,10,9,held_karp,ok,"[9, 6, 1, 2, 0, 8, 3, 4, 7, 5]",330.3568560076054,330.3568560076054,330.3568560076054,0.0,0.0,True,True,True,0.005694499999663094,259.81640625,259.81640625,0.0,25.8,calibrated_on_calibration_split,,,,"{""instance_metadata"": {""complete"": true, ""high"": 100.0, ""instance_type"": ""random_symmetric"", ""low"": 1.0, ""n"": 10, ""seed"": 9, ""symmetric"": true}, ""max_n"": 18, ""start"": 9}"
small_exact,evaluation,small_exact_random_symmetric_n10_seed9,random_symmetric,10,9,bruteforce,ok,"[9, 5, 7, 4, 3, 8, 0, 2, 1, 6]",330.3568560076054,330.3568560076054,330.3568560076054,0.0,0.0,True,True,True,3.579321400000481,259.81640625,259.81640625,0.0,25.8,calibrated_on_calibration_split,,,,"{""instance_metadata"": {""complete"": true, ""high"": 100.0, ""instance_type"": ""random_symmetric"", ""low"": 1.0, ""n"": 10, ""seed"": 9, ""symmetric"": true}, ""max_n"": 10, ""permutations_checked"": 362880, ""start"": 9}"
small_exact,evaluation,small_exact_random_symmetric_n10_seed9,random_symmetric,10,9,ortools,ok,"[9, 5, 8, 3, 4, 7, 6, 1, 0, 2]",334.30817543955123,330.3568560076054,330.3568560076054,0.011960761098461515,0.011960761098461515,True,True,True,0.004273200000170618,259.81640625,259.81640625,0.0,25.8,calibrated_on_calibration_split,,,5.0,"{""finite_edges"": true, ""infinity_penalty"": 878087710000, ""instance_metadata"": {""complete"": true, ""high"": 100.0, ""instance_type"": ""random_symmetric"", ""low"": 1.0, ""n"": 10, ""seed"": 9, ""symmetric"": true}, ""integer_scale"": 1000000, ""start"": 9, ""time_limit_s"": 5.0, ""valid_route"": true}"
small_exact,evaluation,small_exact_random_symmetric_n10_seed9,random_symmetric,10,9,networkx_christofides,skipped_not_applicable,,,330.3568560076054,330.3568560076054,nan,nan,True,,,0.0001790000023902394,259.81640625,259.81640625,0.0,25.8,calibrated_on_calibration_split,,,,"{""instance_metadata"": {""complete"": true, ""high"": 100.0, ""instance_type"": ""random_symmetric"", ""low"": 1.0, ""n"": 10, ""seed"": 9, ""symmetric"": true}, ""requires_metric_symmetric_complete"": true}"
small_exact,evaluation,small_exact_random_symmetric_n10_seed9,random_symmetric,10,9,networkx_greedy,ok,"[9, 2, 0, 1, 6, 7, 4, 3, 8, 5]",334.30817543955123,330.3568560076054,330.3568560076054,0.011960761098461515,0.011960761098461515,True,True,True,0.0005120000023453031,259.81640625,259.81640625,0.0,25.8,calibrated_on_calibration_split,,,,"{""finite_edges"": true, ""instance_metadata"": {""complete"": true, ""high"": 100.0, ""instance_type"": ""random_symmetric"", ""low"": 1.0, ""n"": 10, ""seed"": 9, ""symmetric"": true}, ""valid_route"": true}"
small_exact,evaluation,small_exact_random_symmetric_n10_seed9,random_symmetric,10,9,python_tsp_dynamic_programming,skipped_missing_dependency,,,330.3568560076054,330.3568560076054,nan,nan,True,,,0.0020331000014266465,259.81640625,259.81640625,0.0,25.8,calibrated_on_calibration_split,,,,"{""instance_metadata"": {""complete"": true, ""high"": 100.0, ""instance_type"": ""random_symmetric"", ""low"": 1.0, ""n"": 10, ""seed"": 9, ""symmetric"": true}}"
small_exact,evaluation,small_exact_random_asymmetric_n10_seed9,random_asymmetric,10,9,tn_exact,ok,"[9, 5, 8, 4, 3, 6, 7, 0, 1, 2]",160.35825866879048,160.35825866879048,160.35825866879048,0.0,0.0,True,True,True,0.1970298999985971,259.81640625,259.92578125,0.109375,25.8,calibrated_on_calibration_split,,True,,"{""exact_mode"": true, ""finite_edges"": true, ""instance_metadata"": {""complete"": true, ""high"": 100.0, ""instance_type"": ""random_asymmetric"", ""low"": 1.0, ""n"": 10, ""seed"": 9, ""symmetric"": false}, ""max_layers"": 8, ""n_layers"": null, ""n_layers_effective"": 8, ""normalization_factor"": 98.6376163787436, ""normalize"": true, ""seed"": 9, ""tau"": 25.8, ""valid_route"": true}"
small_exact,evaluation,small_exact_random_asymmetric_n10_seed9,random_asymmetric,10,9,held_karp,ok,"[9, 5, 8, 4, 3, 6, 7, 0, 1, 2]",160.35825866879048,160.35825866879048,160.35825866879048,0.0,0.0,True,True,True,0.0056944000025396235,259.92578125,259.92578125,0.0,25.8,calibrated_on_calibration_split,,,,"{""instance_metadata"": {""complete"": true, ""high"": 100.0, ""instance_type"": ""random_asymmetric"", ""low"": 1.0, ""n"": 10, ""seed"": 9, ""symmetric"": false}, ""max_n"": 18, ""start"": 9}"
small_exact,evaluation,small_exact_random_asymmetric_n10_seed9,random_asymmetric,10,9,bruteforce,ok,"[9, 5, 8, 4, 3, 6, 7, 0, 1, 2]",160.35825866879048,160.35825866879048,160.35825866879048,0.0,0.0,True,True,True,3.788140500000736,259.92578125,259.92578125,0.0,25.8,calibrated_on_calibration_split,,,,"{""instance_metadata"": {""complete"": true, ""high"": 100.0, ""instance_type"": ""random_asymmetric"", ""low"": 1.0, ""n"": 10, ""seed"": 9, ""symmetric"": false}, ""max_n"": 10, ""permutations_checked"": 362880, ""start"": 9}"
small_exact,evaluation,small_exact_random_asymmetric_n10_seed9,random_asymmetric,10,9,ortools,ok,"[9, 4, 3, 6, 7, 0, 8, 5, 1, 2]",170.43690569653384,160.35825866879048,160.35825866879048,0.06285081361827548,0.06285081361827548,True,True,True,0.004509400001552422,259.92578125,259.92578125,0.0,25.8,calibrated_on_calibration_split,,,5.0,"{""finite_edges"": true, ""infinity_penalty"": 986376160000, ""instance_metadata"": {""complete"": true, ""high"": 100.0, ""instance_type"": ""random_asymmetric"", ""low"": 1.0, ""n"": 10, ""seed"": 9, ""symmetric"": false}, ""integer_scale"": 1000000, ""start"": 9, ""time_limit_s"": 5.0, ""valid_route"": true}"
small_exact,evaluation,small_exact_random_asymmetric_n10_seed9,random_asymmetric,10,9,networkx_christofides,skipped_not_applicable,,,160.35825866879048,160.35825866879048,nan,nan,True,,,0.0003386999997019302,259.92578125,259.92578125,0.0,25.8,calibrated_on_calibration_split,,,,"{""instance_metadata"": {""complete"": true, ""high"": 100.0, ""instance_type"": ""random_asymmetric"", ""low"": 1.0, ""n"": 10, ""seed"": 9, ""symmetric"": false}, ""requires_metric_symmetric_complete"": true}"
small_exact,evaluation,small_exact_random_asymmetric_n10_seed9,random_asymmetric,10,9,networkx_greedy,ok,"[9, 5, 8, 1, 2, 0, 4, 3, 6, 7]",233.37105107654753,160.35825866879048,160.35825866879048,0.4553104593045015,0.4553104593045015,True,True,True,0.0002953000002889894,259.92578125,259.92578125,0.0,25.8,calibrated_on_calibration_split,,,,"{""finite_edges"": true, ""instance_metadata"": {""complete"": true, ""high"": 100.0, ""instance_type"": ""random_asymmetric"", ""low"": 1.0, ""n"": 10, ""seed"": 9, ""symmetric"": false}, ""valid_route"": true}"
small_exact,evaluation,small_exact_random_asymmetric_n10_seed9,random_asymmetric,10,9,python_tsp_dynamic_programming,skipped_missing_dependency,,,160.35825866879048,160.35825866879048,nan,nan,True,,,0.001215500000398606,259.92578125,259.92578125,0.0,25.8,calibrated_on_calibration_split,,,,"{""instance_metadata"": {""complete"": true, ""high"": 100.0, ""instance_type"": ""random_asymmetric"", ""low"": 1.0, ""n"": 10, ""seed"": 9, ""symmetric"": false}}"
