experiment,split,instance_id,instance_type,n,seed,solver,status,route,cost,optimum_cost,best_known_cost,relative_gap,gap_to_best_known,exact_optimum_available,valid_route,finite_edges,runtime_s,rss_before_mb,rss_after_mb,rss_delta_mb,tau,tau_source,n_layers,exact_mode,time_limit_s,metadata_json
small_exact,evaluation,small_exact_euclidean_n5_seed5,euclidean,5,5,tn_exact,ok,"[4, 0, 1, 3, 2]",2746.08894113388,2746.08894113388,2746.08894113388,0.0,0.0,True,True,True,0.009933599998475984,221.3828125,224.5234375,3.140625,1.0,manual_default_tau,,True,,"{""exact_mode"": true, ""finite_edges"": true, ""instance_metadata"": {""complete"": true, ""instance_type"": ""euclidean"", ""n"": 5, ""points"": [[805.0029237453801, 807.9407897364938], [515.325561042142, 285.8013800881416], [53.930702381656424, 383.36888078551823], [408.47320541999864, 45.27519390244517], [48.75771072716806, 999.1761150650714]], ""scale"": 1000.0, ""seed"": 5, ""symmetric"": true}, ""max_layers"": 3, ""n_layers"": null, ""n_layers_effective"": 3, ""normalization_factor"": 1019.4715319796893, ""normalize"": true, ""seed"": 5, ""tau"": 1.0, ""valid_route"": true}"
small_exact,evaluation,small_exact_euclidean_n5_seed5,euclidean,5,5,held_karp,ok,"[4, 2, 3, 1, 0]",2746.08894113388,2746.08894113388,2746.08894113388,0.0,0.0,True,True,True,4.059999992023222e-05,224.5234375,224.5234375,0.0,1.0,manual_default_tau,,,,"{""instance_metadata"": {""complete"": true, ""instance_type"": ""euclidean"", ""n"": 5, ""points"": [[805.0029237453801, 807.9407897364938], [515.325561042142, 285.8013800881416], [53.930702381656424, 383.36888078551823], [408.47320541999864, 45.27519390244517], [48.75771072716806, 999.1761150650714]], ""scale"": 1000.0, ""seed"": 5, ""symmetric"": true}, ""max_n"": 18, ""start"": 4}"
small_exact,evaluation,small_exact_euclidean_n5_seed5,euclidean,5,5,bruteforce,ok,"[4, 0, 1, 3, 2]",2746.08894113388,2746.08894113388,2746.08894113388,0.0,0.0,True,True,True,6.740000026184134e-05,224.5234375,224.5234375,0.0,1.0,manual_default_tau,,,,"{""instance_metadata"": {""complete"": true, ""instance_type"": ""euclidean"", ""n"": 5, ""points"": [[805.0029237453801, 807.9407897364938], [515.325561042142, 285.8013800881416], [53.930702381656424, 383.36888078551823], [408.47320541999864, 45.27519390244517], [48.75771072716806, 999.1761150650714]], ""scale"": 1000.0, ""seed"": 5, ""symmetric"": true}, ""max_n"": 10, ""permutations_checked"": 24, ""start"": 4}"
small_exact,evaluation,small_exact_euclidean_n5_seed5,euclidean,5,5,ortools,ok,"[4, 2, 3, 1, 0]",2746.08894113388,2746.08894113388,2746.08894113388,0.0,0.0,True,True,True,0.2213171000003058,224.5234375,238.8671875,14.34375,1.0,manual_default_tau,,,5.0,"{""finite_edges"": true, ""infinity_penalty"": 5097357660000, ""instance_metadata"": {""complete"": true, ""instance_type"": ""euclidean"", ""n"": 5, ""points"": [[805.0029237453801, 807.9407897364938], [515.325561042142, 285.8013800881416], [53.930702381656424, 383.36888078551823], [408.47320541999864, 45.27519390244517], [48.75771072716806, 999.1761150650714]], ""scale"": 1000.0, ""seed"": 5, ""symmetric"": true}, ""integer_scale"": 1000000, ""start"": 4, ""time_limit_s"": 5.0, ""valid_route"": true}"
small_exact,evaluation,small_exact_euclidean_n5_seed5,euclidean,5,5,networkx_christofides,ok,"[4, 0, 3, 1, 2]",2990.2590349258508,2746.08894113388,2746.08894113388,0.08891558104128677,0.08891558104128677,True,True,True,0.2667879000000539,238.8671875,247.7734375,8.90625,1.0,manual_default_tau,,,,"{""finite_edges"": true, ""instance_metadata"": {""complete"": true, ""instance_type"": ""euclidean"", ""n"": 5, ""points"": [[805.0029237453801, 807.9407897364938], [515.325561042142, 285.8013800881416], [53.930702381656424, 383.36888078551823], [408.47320541999864, 45.27519390244517], [48.75771072716806, 999.1761150650714]], ""scale"": 1000.0, ""seed"": 5, ""symmetric"": true}, ""requires_metric_symmetric_complete"": true, ""valid_route"": true}"
small_exact,evaluation,small_exact_euclidean_n5_seed5,euclidean,5,5,networkx_greedy,ok,"[4, 0, 3, 1, 2]",2990.2590349258508,2746.08894113388,2746.08894113388,0.08891558104128677,0.08891558104128677,True,True,True,0.00029180000274209306,247.7734375,247.77734375,0.00390625,1.0,manual_default_tau,,,,"{""finite_edges"": true, ""instance_metadata"": {""complete"": true, ""instance_type"": ""euclidean"", ""n"": 5, ""points"": [[805.0029237453801, 807.9407897364938], [515.325561042142, 285.8013800881416], [53.930702381656424, 383.36888078551823], [408.47320541999864, 45.27519390244517], [48.75771072716806, 999.1761150650714]], ""scale"": 1000.0, ""seed"": 5, ""symmetric"": true}, ""valid_route"": true}"
small_exact,evaluation,small_exact_euclidean_n5_seed5,euclidean,5,5,python_tsp_dynamic_programming,skipped_missing_dependency,,,2746.08894113388,2746.08894113388,nan,nan,True,,,0.0004980000012437813,247.77734375,247.77734375,0.0,1.0,manual_default_tau,,,,"{""instance_metadata"": {""complete"": true, ""instance_type"": ""euclidean"", ""n"": 5, ""points"": [[805.0029237453801, 807.9407897364938], [515.325561042142, 285.8013800881416], [53.930702381656424, 383.36888078551823], [408.47320541999864, 45.27519390244517], [48.75771072716806, 999.1761150650714]], ""scale"": 1000.0, ""seed"": 5, ""symmetric"": true}}"
small_exact,evaluation,small_exact_random_symmetric_n5_seed5,random_symmetric,5,5,tn_exact,ok,"[4, 3, 1, 2, 0]",134.8477274354301,134.8477274354301,134.8477274354301,0.0,0.0,True,True,True,0.008445399998890935,247.78125,247.88671875,0.10546875,1.0,manual_default_tau,,True,,"{""exact_mode"": true, ""finite_edges"": true, ""instance_metadata"": {""complete"": true, ""high"": 100.0, ""instance_type"": ""random_symmetric"", ""low"": 1.0, ""n"": 5, ""seed"": 5, ""symmetric"": true}, ""max_layers"": 3, ""n_layers"": null, ""n_layers_effective"": 3, ""normalization_factor"": 88.97777468145182, ""normalize"": true, ""seed"": 5, ""tau"": 1.0, ""valid_route"": true}"
small_exact,evaluation,small_exact_random_symmetric_n5_seed5,random_symmetric,5,5,held_karp,ok,"[4, 3, 1, 2, 0]",134.8477274354301,134.8477274354301,134.8477274354301,0.0,0.0,True,True,True,3.809999907389283e-05,247.88671875,247.88671875,0.0,1.0,manual_default_tau,,,,"{""instance_metadata"": {""complete"": true, ""high"": 100.0, ""instance_type"": ""random_symmetric"", ""low"": 1.0, ""n"": 5, ""seed"": 5, ""symmetric"": true}, ""max_n"": 18, ""start"": 4}"
small_exact,evaluation,small_exact_random_symmetric_n5_seed5,random_symmetric,5,5,bruteforce,ok,"[4, 0, 2, 1, 3]",134.8477274354301,134.8477274354301,134.8477274354301,0.0,0.0,True,True,True,6.709999797749333e-05,247.88671875,247.88671875,0.0,1.0,manual_default_tau,,,,"{""instance_metadata"": {""complete"": true, ""high"": 100.0, ""instance_type"": ""random_symmetric"", ""low"": 1.0, ""n"": 5, ""seed"": 5, ""symmetric"": true}, ""max_n"": 10, ""permutations_checked"": 24, ""start"": 4}"
small_exact,evaluation,small_exact_random_symmetric_n5_seed5,random_symmetric,5,5,ortools,ok,"[4, 3, 1, 2, 0]",134.8477274354301,134.8477274354301,134.8477274354301,0.0,0.0,True,True,True,0.0014344000010169111,247.88671875,249.58984375,1.703125,1.0,manual_default_tau,,,5.0,"{""finite_edges"": true, ""infinity_penalty"": 444888875000, ""instance_metadata"": {""complete"": true, ""high"": 100.0, ""instance_type"": ""random_symmetric"", ""low"": 1.0, ""n"": 5, ""seed"": 5, ""symmetric"": true}, ""integer_scale"": 1000000, ""start"": 4, ""time_limit_s"": 5.0, ""valid_route"": true}"
small_exact,evaluation,small_exact_random_symmetric_n5_seed5,random_symmetric,5,5,networkx_christofides,skipped_not_applicable,,,134.8477274354301,134.8477274354301,nan,nan,True,,,7.949999780976214e-05,249.58984375,249.58984375,0.0,1.0,manual_default_tau,,,,"{""instance_metadata"": {""complete"": true, ""high"": 100.0, ""instance_type"": ""random_symmetric"", ""low"": 1.0, ""n"": 5, ""seed"": 5, ""symmetric"": true}, ""requires_metric_symmetric_complete"": true}"
small_exact,evaluation,small_exact_random_symmetric_n5_seed5,random_symmetric,5,5,networkx_greedy,ok,"[4, 0, 2, 1, 3]",134.8477274354301,134.8477274354301,134.8477274354301,0.0,0.0,True,True,True,9.359999967273325e-05,249.58984375,249.58984375,0.0,1.0,manual_default_tau,,,,"{""finite_edges"": true, ""instance_metadata"": {""complete"": true, ""high"": 100.0, ""instance_type"": ""random_symmetric"", ""low"": 1.0, ""n"": 5, ""seed"": 5, ""symmetric"": true}, ""valid_route"": true}"
small_exact,evaluation,small_exact_random_symmetric_n5_seed5,random_symmetric,5,5,python_tsp_dynamic_programming,skipped_missing_dependency,,,134.8477274354301,134.8477274354301,nan,nan,True,,,0.0005830000009154901,249.58984375,249.58984375,0.0,1.0,manual_default_tau,,,,"{""instance_metadata"": {""complete"": true, ""high"": 100.0, ""instance_type"": ""random_symmetric"", ""low"": 1.0, ""n"": 5, ""seed"": 5, ""symmetric"": true}}"
small_exact,evaluation,small_exact_random_asymmetric_n5_seed5,random_asymmetric,5,5,tn_exact,ok,"[4, 3, 1, 2, 0]",124.6112168423868,124.6112168423868,124.6112168423868,0.0,0.0,True,True,True,0.007180600001447601,249.58984375,249.671875,0.08203125,1.0,manual_default_tau,,True,,"{""exact_mode"": true, ""finite_edges"": true, ""instance_metadata"": {""complete"": true, ""high"": 100.0, ""instance_type"": ""random_asymmetric"", ""low"": 1.0, ""n"": 5, ""seed"": 5, ""symmetric"": false}, ""max_layers"": 3, ""n_layers"": null, ""n_layers_effective"": 3, ""normalization_factor"": 99.91843539144207, ""normalize"": true, ""seed"": 5, ""tau"": 1.0, ""valid_route"": true}"
small_exact,evaluation,small_exact_random_asymmetric_n5_seed5,random_asymmetric,5,5,held_karp,ok,"[4, 3, 1, 2, 0]",124.6112168423868,124.6112168423868,124.6112168423868,0.0,0.0,True,True,True,3.479999941191636e-05,249.671875,249.671875,0.0,1.0,manual_default_tau,,,,"{""instance_metadata"": {""complete"": true, ""high"": 100.0, ""instance_type"": ""random_asymmetric"", ""low"": 1.0, ""n"": 5, ""seed"": 5, ""symmetric"": false}, ""max_n"": 18, ""start"": 4}"
small_exact,evaluation,small_exact_random_asymmetric_n5_seed5,random_asymmetric,5,5,bruteforce,ok,"[4, 3, 1, 2, 0]",124.6112168423868,124.6112168423868,124.6112168423868,0.0,0.0,True,True,True,6.290000237640925e-05,249.671875,249.671875,0.0,1.0,manual_default_tau,,,,"{""instance_metadata"": {""complete"": true, ""high"": 100.0, ""instance_type"": ""random_asymmetric"", ""low"": 1.0, ""n"": 5, ""seed"": 5, ""symmetric"": false}, ""max_n"": 10, ""permutations_checked"": 24, ""start"": 4}"
small_exact,evaluation,small_exact_random_asymmetric_n5_seed5,random_asymmetric,5,5,ortools,ok,"[4, 3, 1, 2, 0]",124.6112168423868,124.6112168423868,124.6112168423868,0.0,0.0,True,True,True,0.0009879999997792765,249.671875,249.90234375,0.23046875,1.0,manual_default_tau,,,5.0,"{""finite_edges"": true, ""infinity_penalty"": 499592175000, ""instance_metadata"": {""complete"": true, ""high"": 100.0, ""instance_type"": ""random_asymmetric"", ""low"": 1.0, ""n"": 5, ""seed"": 5, ""symmetric"": false}, ""integer_scale"": 1000000, ""start"": 4, ""time_limit_s"": 5.0, ""valid_route"": true}"
small_exact,evaluation,small_exact_random_asymmetric_n5_seed5,random_asymmetric,5,5,networkx_christofides,skipped_not_applicable,,,124.6112168423868,124.6112168423868,nan,nan,True,,,6.750000102329068e-05,249.90625,249.90625,0.0,1.0,manual_default_tau,,,,"{""instance_metadata"": {""complete"": true, ""high"": 100.0, ""instance_type"": ""random_asymmetric"", ""low"": 1.0, ""n"": 5, ""seed"": 5, ""symmetric"": false}, ""requires_metric_symmetric_complete"": true}"
small_exact,evaluation,small_exact_random_asymmetric_n5_seed5,random_asymmetric,5,5,networkx_greedy,ok,"[4, 3, 1, 2, 0]",124.6112168423868,124.6112168423868,124.6112168423868,0.0,0.0,True,True,True,0.00023320000036619604,249.90625,249.91015625,0.00390625,1.0,manual_default_tau,,,,"{""finite_edges"": true, ""instance_metadata"": {""complete"": true, ""high"": 100.0, ""instance_type"": ""random_asymmetric"", ""low"": 1.0, ""n"": 5, ""seed"": 5, ""symmetric"": false}, ""valid_route"": true}"
small_exact,evaluation,small_exact_random_asymmetric_n5_seed5,random_asymmetric,5,5,python_tsp_dynamic_programming,skipped_missing_dependency,,,124.6112168423868,124.6112168423868,nan,nan,True,,,0.0005773000011686236,249.91015625,249.9140625,0.00390625,1.0,manual_default_tau,,,,"{""instance_metadata"": {""complete"": true, ""high"": 100.0, ""instance_type"": ""random_asymmetric"", ""low"": 1.0, ""n"": 5, ""seed"": 5, ""symmetric"": false}}"
small_exact,evaluation,small_exact_euclidean_n5_seed6,euclidean,5,6,tn_exact,ok,"[4, 3, 2, 1, 0]",1746.7064219476554,1739.5673976664866,1739.5673976664866,0.004103907839814245,0.004103907839814245,True,True,True,0.007488499999453779,249.9140625,249.9765625,0.0625,1.0,manual_default_tau,,True,,"{""exact_mode"": true, ""finite_edges"": true, ""instance_metadata"": {""complete"": true, ""instance_type"": ""euclidean"", ""n"": 5, ""points"": [[538.1643514719432, 343.27086981333844], [369.06723979537827, 374.49676558788235], [987.4449901864666, 632.7562726071461], [674.3239305044935, 329.96345538545836], [679.9176611640223, 122.97237488719004]], ""scale"": 1000.0, ""seed"": 6, ""symmetric"": true}, ""max_layers"": 3, ""n_layers"": null, ""n_layers_effective"": 3, ""normalization_factor"": 670.1410412327962, ""normalize"": true, ""seed"": 6, ""tau"": 1.0, ""valid_route"": true}"
small_exact,evaluation,small_exact_euclidean_n5_seed6,euclidean,5,6,held_karp,ok,"[4, 2, 3, 0, 1]",1739.5673976664866,1739.5673976664866,1739.5673976664866,0.0,0.0,True,True,True,3.4500000765547156e-05,249.9765625,249.9765625,0.0,1.0,manual_default_tau,,,,"{""instance_metadata"": {""complete"": true, ""instance_type"": ""euclidean"", ""n"": 5, ""points"": [[538.1643514719432, 343.27086981333844], [369.06723979537827, 374.49676558788235], [987.4449901864666, 632.7562726071461], [674.3239305044935, 329.96345538545836], [679.9176611640223, 122.97237488719004]], ""scale"": 1000.0, ""seed"": 6, ""symmetric"": true}, ""max_n"": 18, ""start"": 4}"
small_exact,evaluation,small_exact_euclidean_n5_seed6,euclidean,5,6,bruteforce,ok,"[4, 1, 0, 3, 2]",1739.5673976664866,1739.5673976664866,1739.5673976664866,0.0,0.0,True,True,True,6.500000017695129e-05,249.9765625,249.9765625,0.0,1.0,manual_default_tau,,,,"{""instance_metadata"": {""complete"": true, ""instance_type"": ""euclidean"", ""n"": 5, ""points"": [[538.1643514719432, 343.27086981333844], [369.06723979537827, 374.49676558788235], [987.4449901864666, 632.7562726071461], [674.3239305044935, 329.96345538545836], [679.9176611640223, 122.97237488719004]], ""scale"": 1000.0, ""seed"": 6, ""symmetric"": true}, ""max_n"": 10, ""permutations_checked"": 24, ""start"": 4}"
small_exact,evaluation,small_exact_euclidean_n5_seed6,euclidean,5,6,ortools,ok,"[4, 1, 0, 3, 2]",1739.5673976664866,1739.5673976664866,1739.5673976664866,0.0,0.0,True,True,True,0.0010575000014796387,249.9765625,250.4375,0.4609375,1.0,manual_default_tau,,,5.0,"{""finite_edges"": true, ""infinity_penalty"": 3350705205000, ""instance_metadata"": {""complete"": true, ""instance_type"": ""euclidean"", ""n"": 5, ""points"": [[538.1643514719432, 343.27086981333844], [369.06723979537827, 374.49676558788235], [987.4449901864666, 632.7562726071461], [674.3239305044935, 329.96345538545836], [679.9176611640223, 122.97237488719004]], ""scale"": 1000.0, ""seed"": 6, ""symmetric"": true}, ""integer_scale"": 1000000, ""start"": 4, ""time_limit_s"": 5.0, ""valid_route"": true}"
small_exact,evaluation,small_exact_euclidean_n5_seed6,euclidean,5,6,networkx_christofides,ok,"[4, 1, 0, 2, 3]",1748.9333554208445,1739.5673976664866,1739.5673976664866,0.0053840729407332285,0.0053840729407332285,True,True,True,0.0006830999991507269,250.4375,250.4453125,0.0078125,1.0,manual_default_tau,,,,"{""finite_edges"": true, ""instance_metadata"": {""complete"": true, ""instance_type"": ""euclidean"", ""n"": 5, ""points"": [[538.1643514719432, 343.27086981333844], [369.06723979537827, 374.49676558788235], [987.4449901864666, 632.7562726071461], [674.3239305044935, 329.96345538545836], [679.9176611640223, 122.97237488719004]], ""scale"": 1000.0, ""seed"": 6, ""symmetric"": true}, ""requires_metric_symmetric_complete"": true, ""valid_route"": true}"
small_exact,evaluation,small_exact_euclidean_n5_seed6,euclidean,5,6,networkx_greedy,ok,"[4, 2, 1, 0, 3]",1781.3313732308661,1739.5673976664866,1739.5673976664866,0.02400825378792629,0.02400825378792629,True,True,True,0.00012009999772999436,250.4453125,250.4453125,0.0,1.0,manual_default_tau,,,,"{""finite_edges"": true, ""instance_metadata"": {""complete"": true, ""instance_type"": ""euclidean"", ""n"": 5, ""points"": [[538.1643514719432, 343.27086981333844], [369.06723979537827, 374.49676558788235], [987.4449901864666, 632.7562726071461], [674.3239305044935, 329.96345538545836], [679.9176611640223, 122.97237488719004]], ""scale"": 1000.0, ""seed"": 6, ""symmetric"": true}, ""valid_route"": true}"
small_exact,evaluation,small_exact_euclidean_n5_seed6,euclidean,5,6,python_tsp_dynamic_programming,skipped_missing_dependency,,,1739.5673976664866,1739.5673976664866,nan,nan,True,,,0.0005464999994728714,250.4453125,250.4453125,0.0,1.0,manual_default_tau,,,,"{""instance_metadata"": {""complete"": true, ""instance_type"": ""euclidean"", ""n"": 5, ""points"": [[538.1643514719432, 343.27086981333844], [369.06723979537827, 374.49676558788235], [987.4449901864666, 632.7562726071461], [674.3239305044935, 329.96345538545836], [679.9176611640223, 122.97237488719004]], ""scale"": 1000.0, ""seed"": 6, ""symmetric"": true}}"
small_exact,evaluation,small_exact_random_symmetric_n5_seed6,random_symmetric,5,6,tn_exact,ok,"[4, 1, 3, 0, 2]",181.57142342122316,181.57142342122316,181.57142342122316,0.0,0.0,True,True,True,0.007706399999733549,250.44921875,250.5390625,0.08984375,1.0,manual_default_tau,,True,,"{""exact_mode"": true, ""finite_edges"": true, ""instance_metadata"": {""complete"": true, ""high"": 100.0, ""instance_type"": ""random_symmetric"", ""low"": 1.0, ""n"": 5, ""seed"": 6, ""symmetric"": true}, ""max_layers"": 3, ""n_layers"": null, ""n_layers_effective"": 3, ""normalization_factor"": 80.93818973253225, ""normalize"": true, ""seed"": 6, ""tau"": 1.0, ""valid_route"": true}"
small_exact,evaluation,small_exact_random_symmetric_n5_seed6,random_symmetric,5,6,held_karp,ok,"[4, 2, 0, 3, 1]",181.57142342122316,181.57142342122316,181.57142342122316,0.0,0.0,True,True,True,3.849999848171137e-05,250.5390625,250.5390625,0.0,1.0,manual_default_tau,,,,"{""instance_metadata"": {""complete"": true, ""high"": 100.0, ""instance_type"": ""random_symmetric"", ""low"": 1.0, ""n"": 5, ""seed"": 6, ""symmetric"": true}, ""max_n"": 18, ""start"": 4}"
small_exact,evaluation,small_exact_random_symmetric_n5_seed6,random_symmetric,5,6,bruteforce,ok,"[4, 1, 3, 0, 2]",181.57142342122316,181.57142342122316,181.57142342122316,0.0,0.0,True,True,True,6.710000161547214e-05,250.5390625,250.5390625,0.0,1.0,manual_default_tau,,,,"{""instance_metadata"": {""complete"": true, ""high"": 100.0, ""instance_type"": ""random_symmetric"", ""low"": 1.0, ""n"": 5, ""seed"": 6, ""symmetric"": true}, ""max_n"": 10, ""permutations_checked"": 24, ""start"": 4}"
small_exact,evaluation,small_exact_random_symmetric_n5_seed6,random_symmetric,5,6,ortools,ok,"[4, 1, 3, 0, 2]",181.57142342122316,181.57142342122316,181.57142342122316,0.0,0.0,True,True,True,0.0010035999985120725,250.5390625,250.5390625,0.0,1.0,manual_default_tau,,,5.0,"{""finite_edges"": true, ""infinity_penalty"": 404690950000, ""instance_metadata"": {""complete"": true, ""high"": 100.0, ""instance_type"": ""random_symmetric"", ""low"": 1.0, ""n"": 5, ""seed"": 6, ""symmetric"": true}, ""integer_scale"": 1000000, ""start"": 4, ""time_limit_s"": 5.0, ""valid_route"": true}"
small_exact,evaluation,small_exact_random_symmetric_n5_seed6,random_symmetric,5,6,networkx_christofides,skipped_not_applicable,,,181.57142342122316,181.57142342122316,nan,nan,True,,,7.569999797851779e-05,250.5390625,250.5390625,0.0,1.0,manual_default_tau,,,,"{""instance_metadata"": {""complete"": true, ""high"": 100.0, ""instance_type"": ""random_symmetric"", ""low"": 1.0, ""n"": 5, ""seed"": 6, ""symmetric"": true}, ""requires_metric_symmetric_complete"": true}"
small_exact,evaluation,small_exact_random_symmetric_n5_seed6,random_symmetric,5,6,networkx_greedy,ok,"[4, 1, 3, 0, 2]",181.57142342122316,181.57142342122316,181.57142342122316,0.0,0.0,True,True,True,0.00010479999764356762,250.5390625,250.5390625,0.0,1.0,manual_default_tau,,,,"{""finite_edges"": true, ""instance_metadata"": {""complete"": true, ""high"": 100.0, ""instance_type"": ""random_symmetric"", ""low"": 1.0, ""n"": 5, ""seed"": 6, ""symmetric"": true}, ""valid_route"": true}"
small_exact,evaluation,small_exact_random_symmetric_n5_seed6,random_symmetric,5,6,python_tsp_dynamic_programming,skipped_missing_dependency,,,181.57142342122316,181.57142342122316,nan,nan,True,,,0.0005286000014166348,250.5390625,250.54296875,0.00390625,1.0,manual_default_tau,,,,"{""instance_metadata"": {""complete"": true, ""high"": 100.0, ""instance_type"": ""random_symmetric"", ""low"": 1.0, ""n"": 5, ""seed"": 6, ""symmetric"": true}}"
small_exact,evaluation,small_exact_random_asymmetric_n5_seed6,random_asymmetric,5,6,tn_exact,ok,"[4, 2, 0, 3, 1]",82.57819963578314,82.57819963578314,82.57819963578314,0.0,0.0,True,True,True,0.00801349999892409,250.54296875,250.61328125,0.0703125,1.0,manual_default_tau,,True,,"{""exact_mode"": true, ""finite_edges"": true, ""instance_metadata"": {""complete"": true, ""high"": 100.0, ""instance_type"": ""random_asymmetric"", ""low"": 1.0, ""n"": 5, ""seed"": 6, ""symmetric"": false}, ""max_layers"": 3, ""n_layers"": null, ""n_layers_effective"": 3, ""normalization_factor"": 98.75705402846019, ""normalize"": true, ""seed"": 6, ""tau"": 1.0, ""valid_route"": true}"
small_exact,evaluation,small_exact_random_asymmetric_n5_seed6,random_asymmetric,5,6,held_karp,ok,"[4, 2, 0, 3, 1]",82.57819963578314,82.57819963578314,82.57819963578314,0.0,0.0,True,True,True,4.569999873638153e-05,250.61328125,250.61328125,0.0,1.0,manual_default_tau,,,,"{""instance_metadata"": {""complete"": true, ""high"": 100.0, ""instance_type"": ""random_asymmetric"", ""low"": 1.0, ""n"": 5, ""seed"": 6, ""symmetric"": false}, ""max_n"": 18, ""start"": 4}"
small_exact,evaluation,small_exact_random_asymmetric_n5_seed6,random_asymmetric,5,6,bruteforce,ok,"[4, 2, 0, 3, 1]",82.57819963578314,82.57819963578314,82.57819963578314,0.0,0.0,True,True,True,6.550000034621917e-05,250.61328125,250.61328125,0.0,1.0,manual_default_tau,,,,"{""instance_metadata"": {""complete"": true, ""high"": 100.0, ""instance_type"": ""random_asymmetric"", ""low"": 1.0, ""n"": 5, ""seed"": 6, ""symmetric"": false}, ""max_n"": 10, ""permutations_checked"": 24, ""start"": 4}"
small_exact,evaluation,small_exact_random_asymmetric_n5_seed6,random_asymmetric,5,6,ortools,ok,"[4, 2, 0, 3, 1]",82.57819963578314,82.57819963578314,82.57819963578314,0.0,0.0,True,True,True,0.0012535000023490284,250.61328125,250.61328125,0.0,1.0,manual_default_tau,,,5.0,"{""finite_edges"": true, ""infinity_penalty"": 493785270000, ""instance_metadata"": {""complete"": true, ""high"": 100.0, ""instance_type"": ""random_asymmetric"", ""low"": 1.0, ""n"": 5, ""seed"": 6, ""symmetric"": false}, ""integer_scale"": 1000000, ""start"": 4, ""time_limit_s"": 5.0, ""valid_route"": true}"
small_exact,evaluation,small_exact_random_asymmetric_n5_seed6,random_asymmetric,5,6,networkx_christofides,skipped_not_applicable,,,82.57819963578314,82.57819963578314,nan,nan,True,,,8.35999999253545e-05,250.61328125,250.61328125,0.0,1.0,manual_default_tau,,,,"{""instance_metadata"": {""complete"": true, ""high"": 100.0, ""instance_type"": ""random_asymmetric"", ""low"": 1.0, ""n"": 5, ""seed"": 6, ""symmetric"": false}, ""requires_metric_symmetric_complete"": true}"
small_exact,evaluation,small_exact_random_asymmetric_n5_seed6,random_asymmetric,5,6,networkx_greedy,ok,"[4, 1, 2, 0, 3]",134.78569967888797,82.57819963578314,82.57819963578314,0.6322189182298672,0.6322189182298672,True,True,True,0.00010560000009718351,250.61328125,250.61328125,0.0,1.0,manual_default_tau,,,,"{""finite_edges"": true, ""instance_metadata"": {""complete"": true, ""high"": 100.0, ""instance_type"": ""random_asymmetric"", ""low"": 1.0, ""n"": 5, ""seed"": 6, ""symmetric"": false}, ""valid_route"": true}"
small_exact,evaluation,small_exact_random_asymmetric_n5_seed6,random_asymmetric,5,6,python_tsp_dynamic_programming,skipped_missing_dependency,,,82.57819963578314,82.57819963578314,nan,nan,True,,,0.000562299999728566,250.61328125,250.61328125,0.0,1.0,manual_default_tau,,,,"{""instance_metadata"": {""complete"": true, ""high"": 100.0, ""instance_type"": ""random_asymmetric"", ""low"": 1.0, ""n"": 5, ""seed"": 6, ""symmetric"": false}}"
small_exact,evaluation,small_exact_euclidean_n5_seed7,euclidean,5,7,tn_exact,ok,"[4, 1, 0, 2, 3]",2424.6840318796394,2305.4673776306468,2305.4673776306468,0.051710406057236376,0.051710406057236376,True,True,True,0.008596100000431761,250.61328125,250.6171875,0.00390625,1.0,manual_default_tau,,True,,"{""exact_mode"": true, ""finite_edges"": true, ""instance_metadata"": {""complete"": true, ""instance_type"": ""euclidean"", ""n"": 5, ""points"": [[625.095466604667, 897.2138009695755], [775.6856902451935, 225.20718999059187], [300.16628491122543, 873.5534453962618], [5.265304565574724, 821.2284183827662], [797.0694287520462, 467.9349528437208]], ""scale"": 1000.0, ""seed"": 7, ""symmetric"": true}, ""max_layers"": 3, ""n_layers"": null, ""n_layers_effective"": 3, ""normalization_factor"": 974.0579425089911, ""normalize"": true, ""seed"": 7, ""tau"": 1.0, ""valid_route"": true}"
small_exact,evaluation,small_exact_euclidean_n5_seed7,euclidean,5,7,held_karp,ok,"[4, 1, 3, 2, 0]",2305.4673776306468,2305.4673776306468,2305.4673776306468,0.0,0.0,True,True,True,4.27999984822236e-05,250.6171875,250.6171875,0.0,1.0,manual_default_tau,,,,"{""instance_metadata"": {""complete"": true, ""instance_type"": ""euclidean"", ""n"": 5, ""points"": [[625.095466604667, 897.2138009695755], [775.6856902451935, 225.20718999059187], [300.16628491122543, 873.5534453962618], [5.265304565574724, 821.2284183827662], [797.0694287520462, 467.9349528437208]], ""scale"": 1000.0, ""seed"": 7, ""symmetric"": true}, ""max_n"": 18, ""start"": 4}"
small_exact,evaluation,small_exact_euclidean_n5_seed7,euclidean,5,7,bruteforce,ok,"[4, 0, 2, 3, 1]",2305.4673776306468,2305.4673776306468,2305.4673776306468,0.0,0.0,True,True,True,7.040000127744861e-05,250.6171875,250.6171875,0.0,1.0,manual_default_tau,,,,"{""instance_metadata"": {""complete"": true, ""instance_type"": ""euclidean"", ""n"": 5, ""points"": [[625.095466604667, 897.2138009695755], [775.6856902451935, 225.20718999059187], [300.16628491122543, 873.5534453962618], [5.265304565574724, 821.2284183827662], [797.0694287520462, 467.9349528437208]], ""scale"": 1000.0, ""seed"": 7, ""symmetric"": true}, ""max_n"": 10, ""permutations_checked"": 24, ""start"": 4}"
small_exact,evaluation,small_exact_euclidean_n5_seed7,euclidean,5,7,ortools,ok,"[4, 1, 3, 2, 0]",2305.4673776306468,2305.4673776306468,2305.4673776306468,0.0,0.0,True,True,True,0.0012337999978626613,250.6171875,250.6171875,0.0,1.0,manual_default_tau,,,5.0,"{""finite_edges"": true, ""infinity_penalty"": 4870289715000, ""instance_metadata"": {""complete"": true, ""instance_type"": ""euclidean"", ""n"": 5, ""points"": [[625.095466604667, 897.2138009695755], [775.6856902451935, 225.20718999059187], [300.16628491122543, 873.5534453962618], [5.265304565574724, 821.2284183827662], [797.0694287520462, 467.9349528437208]], ""scale"": 1000.0, ""seed"": 7, ""symmetric"": true}, ""integer_scale"": 1000000, ""start"": 4, ""time_limit_s"": 5.0, ""valid_route"": true}"
small_exact,evaluation,small_exact_euclidean_n5_seed7,euclidean,5,7,networkx_christofides,ok,"[4, 0, 2, 3, 1]",2305.4673776306468,2305.4673776306468,2305.4673776306468,0.0,0.0,True,True,True,0.0004565999988699332,250.6171875,250.6171875,0.0,1.0,manual_default_tau,,,,"{""finite_edges"": true, ""instance_metadata"": {""complete"": true, ""instance_type"": ""euclidean"", ""n"": 5, ""points"": [[625.095466604667, 897.2138009695755], [775.6856902451935, 225.20718999059187], [300.16628491122543, 873.5534453962618], [5.265304565574724, 821.2284183827662], [797.0694287520462, 467.9349528437208]], ""scale"": 1000.0, ""seed"": 7, ""symmetric"": true}, ""requires_metric_symmetric_complete"": true, ""valid_route"": true}"
small_exact,evaluation,small_exact_euclidean_n5_seed7,euclidean,5,7,networkx_greedy,ok,"[4, 1, 0, 2, 3]",2424.6840318796394,2305.4673776306468,2305.4673776306468,0.051710406057236376,0.051710406057236376,True,True,True,0.00010040000051958486,250.6171875,250.6171875,0.0,1.0,manual_default_tau,,,,"{""finite_edges"": true, ""instance_metadata"": {""complete"": true, ""instance_type"": ""euclidean"", ""n"": 5, ""points"": [[625.095466604667, 897.2138009695755], [775.6856902451935, 225.20718999059187], [300.16628491122543, 873.5534453962618], [5.265304565574724, 821.2284183827662], [797.0694287520462, 467.9349528437208]], ""scale"": 1000.0, ""seed"": 7, ""symmetric"": true}, ""valid_route"": true}"
small_exact,evaluation,small_exact_euclidean_n5_seed7,euclidean,5,7,python_tsp_dynamic_programming,skipped_missing_dependency,,,2305.4673776306468,2305.4673776306468,nan,nan,True,,,0.0005506000015884638,250.6171875,250.6171875,0.0,1.0,manual_default_tau,,,,"{""instance_metadata"": {""complete"": true, ""instance_type"": ""euclidean"", ""n"": 5, ""points"": [[625.095466604667, 897.2138009695755], [775.6856902451935, 225.20718999059187], [300.16628491122543, 873.5534453962618], [5.265304565574724, 821.2284183827662], [797.0694287520462, 467.9349528437208]], ""scale"": 1000.0, ""seed"": 7, ""symmetric"": true}}"
small_exact,evaluation,small_exact_random_symmetric_n5_seed7,random_symmetric,5,7,tn_exact,ok,"[4, 1, 2, 3, 0]",215.85607899092395,215.85607899092395,215.85607899092395,0.0,0.0,True,True,True,0.007833699997718213,250.6171875,250.6171875,0.0,1.0,manual_default_tau,,True,,"{""exact_mode"": true, ""finite_edges"": true, ""instance_metadata"": {""complete"": true, ""high"": 100.0, ""instance_type"": ""random_symmetric"", ""low"": 1.0, ""n"": 5, ""seed"": 7, ""symmetric"": true}, ""max_layers"": 3, ""n_layers"": null, ""n_layers_effective"": 3, ""normalization_factor"": 89.73220075322872, ""normalize"": true, ""seed"": 7, ""tau"": 1.0, ""valid_route"": true}"
small_exact,evaluation,small_exact_random_symmetric_n5_seed7,random_symmetric,5,7,held_karp,ok,"[4, 1, 2, 3, 0]",215.85607899092395,215.85607899092395,215.85607899092395,0.0,0.0,True,True,True,3.7599998904624954e-05,250.6171875,250.6171875,0.0,1.0,manual_default_tau,,,,"{""instance_metadata"": {""complete"": true, ""high"": 100.0, ""instance_type"": ""random_symmetric"", ""low"": 1.0, ""n"": 5, ""seed"": 7, ""symmetric"": true}, ""max_n"": 18, ""start"": 4}"
small_exact,evaluation,small_exact_random_symmetric_n5_seed7,random_symmetric,5,7,bruteforce,ok,"[4, 0, 3, 2, 1]",215.85607899092395,215.85607899092395,215.85607899092395,0.0,0.0,True,True,True,6.610000127693638e-05,250.6171875,250.6171875,0.0,1.0,manual_default_tau,,,,"{""instance_metadata"": {""complete"": true, ""high"": 100.0, ""instance_type"": ""random_symmetric"", ""low"": 1.0, ""n"": 5, ""seed"": 7, ""symmetric"": true}, ""max_n"": 10, ""permutations_checked"": 24, ""start"": 4}"
small_exact,evaluation,small_exact_random_symmetric_n5_seed7,random_symmetric,5,7,ortools,ok,"[4, 0, 3, 2, 1]",215.85607899092395,215.85607899092395,215.85607899092395,0.0,0.0,True,True,True,0.0010040999986813404,250.6171875,250.6171875,0.0,1.0,manual_default_tau,,,5.0,"{""finite_edges"": true, ""infinity_penalty"": 448661005000, ""instance_metadata"": {""complete"": true, ""high"": 100.0, ""instance_type"": ""random_symmetric"", ""low"": 1.0, ""n"": 5, ""seed"": 7, ""symmetric"": true}, ""integer_scale"": 1000000, ""start"": 4, ""time_limit_s"": 5.0, ""valid_route"": true}"
small_exact,evaluation,small_exact_random_symmetric_n5_seed7,random_symmetric,5,7,networkx_christofides,skipped_not_applicable,,,215.85607899092395,215.85607899092395,nan,nan,True,,,0.00013209999815444462,250.6171875,250.6171875,0.0,1.0,manual_default_tau,,,,"{""instance_metadata"": {""complete"": true, ""high"": 100.0, ""instance_type"": ""random_symmetric"", ""low"": 1.0, ""n"": 5, ""seed"": 7, ""symmetric"": true}, ""requires_metric_symmetric_complete"": true}"
small_exact,evaluation,small_exact_random_symmetric_n5_seed7,random_symmetric,5,7,networkx_greedy,ok,"[4, 0, 3, 2, 1]",215.85607899092395,215.85607899092395,215.85607899092395,0.0,0.0,True,True,True,0.00014540000120177865,250.6171875,250.6171875,0.0,1.0,manual_default_tau,,,,"{""finite_edges"": true, ""instance_metadata"": {""complete"": true, ""high"": 100.0, ""instance_type"": ""random_symmetric"", ""low"": 1.0, ""n"": 5, ""seed"": 7, ""symmetric"": true}, ""valid_route"": true}"
small_exact,evaluation,small_exact_random_symmetric_n5_seed7,random_symmetric,5,7,python_tsp_dynamic_programming,skipped_missing_dependency,,,215.85607899092395,215.85607899092395,nan,nan,True,,,0.0006017000014253426,250.6171875,250.6171875,0.0,1.0,manual_default_tau,,,,"{""instance_metadata"": {""complete"": true, ""high"": 100.0, ""instance_type"": ""random_symmetric"", ""low"": 1.0, ""n"": 5, ""seed"": 7, ""symmetric"": true}}"
small_exact,evaluation,small_exact_random_asymmetric_n5_seed7,random_asymmetric,5,7,tn_exact,ok,"[4, 3, 2, 1, 0]",231.58617768875632,200.97429886605934,200.97429886605934,0.15231738085623808,0.15231738085623808,True,True,True,0.007577799999126,250.6171875,250.6171875,0.0,1.0,manual_default_tau,,True,,"{""exact_mode"": true, ""finite_edges"": true, ""instance_metadata"": {""complete"": true, ""high"": 100.0, ""instance_type"": ""random_asymmetric"", ""low"": 1.0, ""n"": 5, ""seed"": 7, ""symmetric"": false}, ""max_layers"": 3, ""n_layers"": null, ""n_layers_effective"": 3, ""normalization_factor"": 99.55452806000487, ""normalize"": true, ""seed"": 7, ""tau"": 1.0, ""valid_route"": true}"
small_exact,evaluation,small_exact_random_asymmetric_n5_seed7,random_asymmetric,5,7,held_karp,ok,"[4, 0, 3, 2, 1]",200.97429886605934,200.97429886605934,200.97429886605934,0.0,0.0,True,True,True,3.559999822755344e-05,250.6171875,250.6171875,0.0,1.0,manual_default_tau,,,,"{""instance_metadata"": {""complete"": true, ""high"": 100.0, ""instance_type"": ""random_asymmetric"", ""low"": 1.0, ""n"": 5, ""seed"": 7, ""symmetric"": false}, ""max_n"": 18, ""start"": 4}"
small_exact,evaluation,small_exact_random_asymmetric_n5_seed7,random_asymmetric,5,7,bruteforce,ok,"[4, 0, 3, 2, 1]",200.97429886605934,200.97429886605934,200.97429886605934,0.0,0.0,True,True,True,6.610000127693638e-05,250.6171875,250.6171875,0.0,1.0,manual_default_tau,,,,"{""instance_metadata"": {""complete"": true, ""high"": 100.0, ""instance_type"": ""random_asymmetric"", ""low"": 1.0, ""n"": 5, ""seed"": 7, ""symmetric"": false}, ""max_n"": 10, ""permutations_checked"": 24, ""start"": 4}"
small_exact,evaluation,small_exact_random_asymmetric_n5_seed7,random_asymmetric,5,7,ortools,ok,"[4, 0, 3, 2, 1]",200.97429886605934,200.97429886605934,200.97429886605934,0.0,0.0,True,True,True,0.0009709999976621475,250.6171875,250.6171875,0.0,1.0,manual_default_tau,,,5.0,"{""finite_edges"": true, ""infinity_penalty"": 497772640000, ""instance_metadata"": {""complete"": true, ""high"": 100.0, ""instance_type"": ""random_asymmetric"", ""low"": 1.0, ""n"": 5, ""seed"": 7, ""symmetric"": false}, ""integer_scale"": 1000000, ""start"": 4, ""time_limit_s"": 5.0, ""valid_route"": true}"
small_exact,evaluation,small_exact_random_asymmetric_n5_seed7,random_asymmetric,5,7,networkx_christofides,skipped_not_applicable,,,200.97429886605934,200.97429886605934,nan,nan,True,,,6.140000186860561e-05,250.6171875,250.6171875,0.0,1.0,manual_default_tau,,,,"{""instance_metadata"": {""complete"": true, ""high"": 100.0, ""instance_type"": ""random_asymmetric"", ""low"": 1.0, ""n"": 5, ""seed"": 7, ""symmetric"": false}, ""requires_metric_symmetric_complete"": true}"
small_exact,evaluation,small_exact_random_asymmetric_n5_seed7,random_asymmetric,5,7,networkx_greedy,ok,"[4, 3, 0, 2, 1]",214.82907590733078,200.97429886605934,200.97429886605934,0.0689380538677985,0.0689380538677985,True,True,True,0.00010059999840450473,250.6171875,250.6171875,0.0,1.0,manual_default_tau,,,,"{""finite_edges"": true, ""instance_metadata"": {""complete"": true, ""high"": 100.0, ""instance_type"": ""random_asymmetric"", ""low"": 1.0, ""n"": 5, ""seed"": 7, ""symmetric"": false}, ""valid_route"": true}"
small_exact,evaluation,small_exact_random_asymmetric_n5_seed7,random_asymmetric,5,7,python_tsp_dynamic_programming,skipped_missing_dependency,,,200.97429886605934,200.97429886605934,nan,nan,True,,,0.0005701000009139534,250.6171875,250.6171875,0.0,1.0,manual_default_tau,,,,"{""instance_metadata"": {""complete"": true, ""high"": 100.0, ""instance_type"": ""random_asymmetric"", ""low"": 1.0, ""n"": 5, ""seed"": 7, ""symmetric"": false}}"
small_exact,evaluation,small_exact_euclidean_n5_seed8,euclidean,5,8,tn_exact,ok,"[4, 3, 2, 0, 1]",2160.2940160956678,2160.2940160956678,2160.2940160956678,0.0,0.0,True,True,True,0.00786099999822909,250.6171875,250.625,0.0078125,1.0,manual_default_tau,,True,,"{""exact_mode"": true, ""finite_edges"": true, ""instance_metadata"": {""complete"": true, ""instance_type"": ""euclidean"", ""n"": 5, ""points"": [[326.9722766055607, 987.2768433379256], [318.7108384855167, 788.548935820029], [869.8965116962161, 391.08480653919395], [437.8818731227988, 372.74890308935306], [106.95359647277436, 478.965454162717]], ""scale"": 1000.0, ""seed"": 8, ""symmetric"": true}, ""max_layers"": 3, ""n_layers"": null, ""n_layers_effective"": 3, ""normalization_factor"": 806.3570361762793, ""normalize"": true, ""seed"": 8, ""tau"": 1.0, ""valid_route"": true}"
small_exact,evaluation,small_exact_euclidean_n5_seed8,euclidean,5,8,held_karp,ok,"[4, 3, 2, 0, 1]",2160.2940160956678,2160.2940160956678,2160.2940160956678,0.0,0.0,True,True,True,4.2199997551506385e-05,250.625,250.625,0.0,1.0,manual_default_tau,,,,"{""instance_metadata"": {""complete"": true, ""instance_type"": ""euclidean"", ""n"": 5, ""points"": [[326.9722766055607, 987.2768433379256], [318.7108384855167, 788.548935820029], [869.8965116962161, 391.08480653919395], [437.8818731227988, 372.74890308935306], [106.95359647277436, 478.965454162717]], ""scale"": 1000.0, ""seed"": 8, ""symmetric"": true}, ""max_n"": 18, ""start"": 4}"
small_exact,evaluation,small_exact_euclidean_n5_seed8,euclidean,5,8,bruteforce,ok,"[4, 1, 0, 2, 3]",2160.2940160956678,2160.2940160956678,2160.2940160956678,0.0,0.0,True,True,True,7.129999721655622e-05,250.625,250.625,0.0,1.0,manual_default_tau,,,,"{""instance_metadata"": {""complete"": true, ""instance_type"": ""euclidean"", ""n"": 5, ""points"": [[326.9722766055607, 987.2768433379256], [318.7108384855167, 788.548935820029], [869.8965116962161, 391.08480653919395], [437.8818731227988, 372.74890308935306], [106.95359647277436, 478.965454162717]], ""scale"": 1000.0, ""seed"": 8, ""symmetric"": true}, ""max_n"": 10, ""permutations_checked"": 24, ""start"": 4}"
small_exact,evaluation,small_exact_euclidean_n5_seed8,euclidean,5,8,ortools,ok,"[4, 3, 2, 0, 1]",2160.2940160956678,2160.2940160956678,2160.2940160956678,0.0,0.0,True,True,True,0.0008703999992576428,250.625,250.625,0.0,1.0,manual_default_tau,,,5.0,"{""finite_edges"": true, ""infinity_penalty"": 4031785180000, ""instance_metadata"": {""complete"": true, ""instance_type"": ""euclidean"", ""n"": 5, ""points"": [[326.9722766055607, 987.2768433379256], [318.7108384855167, 788.548935820029], [869.8965116962161, 391.08480653919395], [437.8818731227988, 372.74890308935306], [106.95359647277436, 478.965454162717]], ""scale"": 1000.0, ""seed"": 8, ""symmetric"": true}, ""integer_scale"": 1000000, ""start"": 4, ""time_limit_s"": 5.0, ""valid_route"": true}"
small_exact,evaluation,small_exact_euclidean_n5_seed8,euclidean,5,8,networkx_christofides,ok,"[4, 1, 0, 2, 3]",2160.2940160956678,2160.2940160956678,2160.2940160956678,0.0,0.0,True,True,True,0.0004638999998860527,250.625,250.62890625,0.00390625,1.0,manual_default_tau,,,,"{""finite_edges"": true, ""instance_metadata"": {""complete"": true, ""instance_type"": ""euclidean"", ""n"": 5, ""points"": [[326.9722766055607, 987.2768433379256], [318.7108384855167, 788.548935820029], [869.8965116962161, 391.08480653919395], [437.8818731227988, 372.74890308935306], [106.95359647277436, 478.965454162717]], ""scale"": 1000.0, ""seed"": 8, ""symmetric"": true}, ""requires_metric_symmetric_complete"": true, ""valid_route"": true}"
small_exact,evaluation,small_exact_euclidean_n5_seed8,euclidean,5,8,networkx_greedy,ok,"[4, 0, 1, 2, 3]",2212.291109886164,2160.2940160956678,2160.2940160956678,0.024069452307455587,0.024069452307455587,True,True,True,8.95000011951197e-05,250.62890625,250.62890625,0.0,1.0,manual_default_tau,,,,"{""finite_edges"": true, ""instance_metadata"": {""complete"": true, ""instance_type"": ""euclidean"", ""n"": 5, ""points"": [[326.9722766055607, 987.2768433379256], [318.7108384855167, 788.548935820029], [869.8965116962161, 391.08480653919395], [437.8818731227988, 372.74890308935306], [106.95359647277436, 478.965454162717]], ""scale"": 1000.0, ""seed"": 8, ""symmetric"": true}, ""valid_route"": true}"
small_exact,evaluation,small_exact_euclidean_n5_seed8,euclidean,5,8,python_tsp_dynamic_programming,skipped_missing_dependency,,,2160.2940160956678,2160.2940160956678,nan,nan,True,,,0.0005115999992995057,250.62890625,250.62890625,0.0,1.0,manual_default_tau,,,,"{""instance_metadata"": {""complete"": true, ""instance_type"": ""euclidean"", ""n"": 5, ""points"": [[326.9722766055607, 987.2768433379256], [318.7108384855167, 788.548935820029], [869.8965116962161, 391.08480653919395], [437.8818731227988, 372.74890308935306], [106.95359647277436, 478.965454162717]], ""scale"": 1000.0, ""seed"": 8, ""symmetric"": true}}"
small_exact,evaluation,small_exact_random_symmetric_n5_seed8,random_symmetric,5,8,tn_exact,ok,"[4, 1, 3, 0, 2]",200.4684004074341,200.4684004074341,200.4684004074341,0.0,0.0,True,True,True,0.007899200001702411,250.62890625,250.6875,0.05859375,1.0,manual_default_tau,,True,,"{""exact_mode"": true, ""finite_edges"": true, ""instance_metadata"": {""complete"": true, ""high"": 100.0, ""instance_type"": ""random_symmetric"", ""low"": 1.0, ""n"": 5, ""seed"": 8, ""symmetric"": true}, ""max_layers"": 3, ""n_layers"": null, ""n_layers_effective"": 3, ""normalization_factor"": 89.17201816116463, ""normalize"": true, ""seed"": 8, ""tau"": 1.0, ""valid_route"": true}"
small_exact,evaluation,small_exact_random_symmetric_n5_seed8,random_symmetric,5,8,held_karp,ok,"[4, 2, 0, 3, 1]",200.4684004074341,200.4684004074341,200.4684004074341,0.0,0.0,True,True,True,3.5000000934815034e-05,250.6875,250.6875,0.0,1.0,manual_default_tau,,,,"{""instance_metadata"": {""complete"": true, ""high"": 100.0, ""instance_type"": ""random_symmetric"", ""low"": 1.0, ""n"": 5, ""seed"": 8, ""symmetric"": true}, ""max_n"": 18, ""start"": 4}"
small_exact,evaluation,small_exact_random_symmetric_n5_seed8,random_symmetric,5,8,bruteforce,ok,"[4, 1, 3, 0, 2]",200.4684004074341,200.4684004074341,200.4684004074341,0.0,0.0,True,True,True,6.710000161547214e-05,250.6875,250.6875,0.0,1.0,manual_default_tau,,,,"{""instance_metadata"": {""complete"": true, ""high"": 100.0, ""instance_type"": ""random_symmetric"", ""low"": 1.0, ""n"": 5, ""seed"": 8, ""symmetric"": true}, ""max_n"": 10, ""permutations_checked"": 24, ""start"": 4}"
small_exact,evaluation,small_exact_random_symmetric_n5_seed8,random_symmetric,5,8,ortools,ok,"[4, 1, 3, 0, 2]",200.4684004074341,200.4684004074341,200.4684004074341,0.0,0.0,True,True,True,0.000901999999769032,250.6875,250.6875,0.0,1.0,manual_default_tau,,,5.0,"{""finite_edges"": true, ""infinity_penalty"": 445860090000, ""instance_metadata"": {""complete"": true, ""high"": 100.0, ""instance_type"": ""random_symmetric"", ""low"": 1.0, ""n"": 5, ""seed"": 8, ""symmetric"": true}, ""integer_scale"": 1000000, ""start"": 4, ""time_limit_s"": 5.0, ""valid_route"": true}"
small_exact,evaluation,small_exact_random_symmetric_n5_seed8,random_symmetric,5,8,networkx_christofides,skipped_not_applicable,,,200.4684004074341,200.4684004074341,nan,nan,True,,,6.650000068475492e-05,250.6875,250.6875,0.0,1.0,manual_default_tau,,,,"{""instance_metadata"": {""complete"": true, ""high"": 100.0, ""instance_type"": ""random_symmetric"", ""low"": 1.0, ""n"": 5, ""seed"": 8, ""symmetric"": true}, ""requires_metric_symmetric_complete"": true}"
small_exact,evaluation,small_exact_random_symmetric_n5_seed8,random_symmetric,5,8,networkx_greedy,ok,"[4, 0, 2, 3, 1]",208.8473827349472,200.4684004074341,200.4684004074341,0.041797022924728054,0.041797022924728054,True,True,True,8.829999933368526e-05,250.6875,250.6875,0.0,1.0,manual_default_tau,,,,"{""finite_edges"": true, ""instance_metadata"": {""complete"": true, ""high"": 100.0, ""instance_type"": ""random_symmetric"", ""low"": 1.0, ""n"": 5, ""seed"": 8, ""symmetric"": true}, ""valid_route"": true}"
small_exact,evaluation,small_exact_random_symmetric_n5_seed8,random_symmetric,5,8,python_tsp_dynamic_programming,skipped_missing_dependency,,,200.4684004074341,200.4684004074341,nan,nan,True,,,0.000517000000400003,250.6875,250.6875,0.0,1.0,manual_default_tau,,,,"{""instance_metadata"": {""complete"": true, ""high"": 100.0, ""instance_type"": ""random_symmetric"", ""low"": 1.0, ""n"": 5, ""seed"": 8, ""symmetric"": true}}"
small_exact,evaluation,small_exact_random_asymmetric_n5_seed8,random_asymmetric,5,8,tn_exact,ok,"[4, 1, 3, 0, 2]",184.45555811673117,173.37170896216662,173.37170896216662,0.06393112936888265,0.06393112936888265,True,True,True,0.007462300000042887,250.6875,250.6875,0.0,1.0,manual_default_tau,,True,,"{""exact_mode"": true, ""finite_edges"": true, ""instance_metadata"": {""complete"": true, ""high"": 100.0, ""instance_type"": ""random_asymmetric"", ""low"": 1.0, ""n"": 5, ""seed"": 8, ""symmetric"": false}, ""max_layers"": 3, ""n_layers"": null, ""n_layers_effective"": 3, ""normalization_factor"": 98.74040749045463, ""normalize"": true, ""seed"": 8, ""tau"": 1.0, ""valid_route"": true}"
small_exact,evaluation,small_exact_random_asymmetric_n5_seed8,random_asymmetric,5,8,held_karp,ok,"[4, 1, 0, 2, 3]",173.37170896216662,173.37170896216662,173.37170896216662,0.0,0.0,True,True,True,3.5099998058285564e-05,250.6875,250.6875,0.0,1.0,manual_default_tau,,,,"{""instance_metadata"": {""complete"": true, ""high"": 100.0, ""instance_type"": ""random_asymmetric"", ""low"": 1.0, ""n"": 5, ""seed"": 8, ""symmetric"": false}, ""max_n"": 18, ""start"": 4}"
small_exact,evaluation,small_exact_random_asymmetric_n5_seed8,random_asymmetric,5,8,bruteforce,ok,"[4, 1, 0, 2, 3]",173.37170896216662,173.37170896216662,173.37170896216662,0.0,0.0,True,True,True,7.560000085504726e-05,250.6875,250.6875,0.0,1.0,manual_default_tau,,,,"{""instance_metadata"": {""complete"": true, ""high"": 100.0, ""instance_type"": ""random_asymmetric"", ""low"": 1.0, ""n"": 5, ""seed"": 8, ""symmetric"": false}, ""max_n"": 10, ""permutations_checked"": 24, ""start"": 4}"
small_exact,evaluation,small_exact_random_asymmetric_n5_seed8,random_asymmetric,5,8,ortools,ok,"[4, 3, 0, 2, 1]",179.48021031858585,173.37170896216662,173.37170896216662,0.035233553346078104,0.035233553346078104,True,True,True,0.0008971000024757814,250.6875,250.6875,0.0,1.0,manual_default_tau,,,5.0,"{""finite_edges"": true, ""infinity_penalty"": 493702035000, ""instance_metadata"": {""complete"": true, ""high"": 100.0, ""instance_type"": ""random_asymmetric"", ""low"": 1.0, ""n"": 5, ""seed"": 8, ""symmetric"": false}, ""integer_scale"": 1000000, ""start"": 4, ""time_limit_s"": 5.0, ""valid_route"": true}"
small_exact,evaluation,small_exact_random_asymmetric_n5_seed8,random_asymmetric,5,8,networkx_christofides,skipped_not_applicable,,,173.37170896216662,173.37170896216662,nan,nan,True,,,6.239999856916256e-05,250.6875,250.6875,0.0,1.0,manual_default_tau,,,,"{""instance_metadata"": {""complete"": true, ""high"": 100.0, ""instance_type"": ""random_asymmetric"", ""low"": 1.0, ""n"": 5, ""seed"": 8, ""symmetric"": false}, ""requires_metric_symmetric_complete"": true}"
small_exact,evaluation,small_exact_random_asymmetric_n5_seed8,random_asymmetric,5,8,networkx_greedy,ok,"[4, 1, 3, 0, 2]",184.45555811673117,173.37170896216662,173.37170896216662,0.06393112936888265,0.06393112936888265,True,True,True,9.57000011112541e-05,250.6875,250.6875,0.0,1.0,manual_default_tau,,,,"{""finite_edges"": true, ""instance_metadata"": {""complete"": true, ""high"": 100.0, ""instance_type"": ""random_asymmetric"", ""low"": 1.0, ""n"": 5, ""seed"": 8, ""symmetric"": false}, ""valid_route"": true}"
small_exact,evaluation,small_exact_random_asymmetric_n5_seed8,random_asymmetric,5,8,python_tsp_dynamic_programming,skipped_missing_dependency,,,173.37170896216662,173.37170896216662,nan,nan,True,,,0.0004883999972662423,250.6875,250.6875,0.0,1.0,manual_default_tau,,,,"{""instance_metadata"": {""complete"": true, ""high"": 100.0, ""instance_type"": ""random_asymmetric"", ""low"": 1.0, ""n"": 5, ""seed"": 8, ""symmetric"": false}}"
small_exact,evaluation,small_exact_euclidean_n5_seed9,euclidean,5,9,tn_exact,ok,"[4, 0, 3, 2, 1]",2480.4986547308963,2480.4986547308963,2480.4986547308963,0.0,0.0,True,True,True,0.007584599999972852,250.6875,250.6875,0.0,1.0,manual_default_tau,,True,,"{""exact_mode"": true, ""finite_edges"": true, ""instance_metadata"": {""complete"": true, ""instance_type"": ""euclidean"", ""n"": 5, ""points"": [[870.2492039700846, 286.8172090875554], [603.1481500515619, 777.5340829201788], [716.0746296035653, 915.3801204905076], [860.3936491828846, 918.2376290487624], [26.587734467597212, 437.2480001295087]], ""scale"": 1000.0, ""seed"": 9, ""symmetric"": true}, ""max_layers"": 3, ""n_layers"": null, ""n_layers_effective"": 3, ""normalization_factor"": 962.5919834187685, ""normalize"": true, ""seed"": 9, ""tau"": 1.0, ""valid_route"": true}"
small_exact,evaluation,small_exact_euclidean_n5_seed9,euclidean,5,9,held_karp,ok,"[4, 1, 2, 3, 0]",2480.4986547308963,2480.4986547308963,2480.4986547308963,0.0,0.0,True,True,True,3.5000000934815034e-05,250.6875,250.6875,0.0,1.0,manual_default_tau,,,,"{""instance_metadata"": {""complete"": true, ""instance_type"": ""euclidean"", ""n"": 5, ""points"": [[870.2492039700846, 286.8172090875554], [603.1481500515619, 777.5340829201788], [716.0746296035653, 915.3801204905076], [860.3936491828846, 918.2376290487624], [26.587734467597212, 437.2480001295087]], ""scale"": 1000.0, ""seed"": 9, ""symmetric"": true}, ""max_n"": 18, ""start"": 4}"
small_exact,evaluation,small_exact_euclidean_n5_seed9,euclidean,5,9,bruteforce,ok,"[4, 0, 3, 2, 1]",2480.4986547308963,2480.4986547308963,2480.4986547308963,0.0,0.0,True,True,True,6.650000068475492e-05,250.6875,250.6875,0.0,1.0,manual_default_tau,,,,"{""instance_metadata"": {""complete"": true, ""instance_type"": ""euclidean"", ""n"": 5, ""points"": [[870.2492039700846, 286.8172090875554], [603.1481500515619, 777.5340829201788], [716.0746296035653, 915.3801204905076], [860.3936491828846, 918.2376290487624], [26.587734467597212, 437.2480001295087]], ""scale"": 1000.0, ""seed"": 9, ""symmetric"": true}, ""max_n"": 10, ""permutations_checked"": 24, ""start"": 4}"
small_exact,evaluation,small_exact_euclidean_n5_seed9,euclidean,5,9,ortools,ok,"[4, 1, 2, 3, 0]",2480.4986547308963,2480.4986547308963,2480.4986547308963,0.0,0.0,True,True,True,0.00087340000027325,250.6875,250.6875,0.0,1.0,manual_default_tau,,,5.0,"{""finite_edges"": true, ""infinity_penalty"": 4812959915000, ""instance_metadata"": {""complete"": true, ""instance_type"": ""euclidean"", ""n"": 5, ""points"": [[870.2492039700846, 286.8172090875554], [603.1481500515619, 777.5340829201788], [716.0746296035653, 915.3801204905076], [860.3936491828846, 918.2376290487624], [26.587734467597212, 437.2480001295087]], ""scale"": 1000.0, ""seed"": 9, ""symmetric"": true}, ""integer_scale"": 1000000, ""start"": 4, ""time_limit_s"": 5.0, ""valid_route"": true}"
small_exact,evaluation,small_exact_euclidean_n5_seed9,euclidean,5,9,networkx_christofides,ok,"[4, 0, 2, 3, 1]",2611.210921925104,2480.4986547308963,2480.4986547308963,0.05269596375104189,0.05269596375104189,True,True,True,0.00044100000013713725,250.6875,250.6875,0.0,1.0,manual_default_tau,,,,"{""finite_edges"": true, ""instance_metadata"": {""complete"": true, ""instance_type"": ""euclidean"", ""n"": 5, ""points"": [[870.2492039700846, 286.8172090875554], [603.1481500515619, 777.5340829201788], [716.0746296035653, 915.3801204905076], [860.3936491828846, 918.2376290487624], [26.587734467597212, 437.2480001295087]], ""scale"": 1000.0, ""seed"": 9, ""symmetric"": true}, ""requires_metric_symmetric_complete"": true, ""valid_route"": true}"
small_exact,evaluation,small_exact_euclidean_n5_seed9,euclidean,5,9,networkx_greedy,ok,"[4, 0, 3, 2, 1]",2480.4986547308963,2480.4986547308963,2480.4986547308963,0.0,0.0,True,True,True,8.669999806443229e-05,250.6875,250.6875,0.0,1.0,manual_default_tau,,,,"{""finite_edges"": true, ""instance_metadata"": {""complete"": true, ""instance_type"": ""euclidean"", ""n"": 5, ""points"": [[870.2492039700846, 286.8172090875554], [603.1481500515619, 777.5340829201788], [716.0746296035653, 915.3801204905076], [860.3936491828846, 918.2376290487624], [26.587734467597212, 437.2480001295087]], ""scale"": 1000.0, ""seed"": 9, ""symmetric"": true}, ""valid_route"": true}"
small_exact,evaluation,small_exact_euclidean_n5_seed9,euclidean,5,9,python_tsp_dynamic_programming,skipped_missing_dependency,,,2480.4986547308963,2480.4986547308963,nan,nan,True,,,0.0007269999987329356,250.6875,250.6875,0.0,1.0,manual_default_tau,,,,"{""instance_metadata"": {""complete"": true, ""instance_type"": ""euclidean"", ""n"": 5, ""points"": [[870.2492039700846, 286.8172090875554], [603.1481500515619, 777.5340829201788], [716.0746296035653, 915.3801204905076], [860.3936491828846, 918.2376290487624], [26.587734467597212, 437.2480001295087]], ""scale"": 1000.0, ""seed"": 9, ""symmetric"": true}}"
small_exact,evaluation,small_exact_random_symmetric_n5_seed9,random_symmetric,5,9,tn_exact,ok,"[4, 0, 2, 1, 3]",259.25597826537074,259.25597826537074,259.25597826537074,0.0,0.0,True,True,True,0.007811200001015095,250.6875,250.69140625,0.00390625,1.0,manual_default_tau,,True,,"{""exact_mode"": true, ""finite_edges"": true, ""instance_metadata"": {""complete"": true, ""high"": 100.0, ""instance_type"": ""random_symmetric"", ""low"": 1.0, ""n"": 5, ""seed"": 9, ""symmetric"": true}, ""max_layers"": 3, ""n_layers"": null, ""n_layers_effective"": 3, ""normalization_factor"": 98.56662806344724, ""normalize"": true, ""seed"": 9, ""tau"": 1.0, ""valid_route"": true}"
small_exact,evaluation,small_exact_random_symmetric_n5_seed9,random_symmetric,5,9,held_karp,ok,"[4, 3, 1, 2, 0]",259.25597826537074,259.25597826537074,259.25597826537074,0.0,0.0,True,True,True,3.719999949680641e-05,250.69140625,250.69140625,0.0,1.0,manual_default_tau,,,,"{""instance_metadata"": {""complete"": true, ""high"": 100.0, ""instance_type"": ""random_symmetric"", ""low"": 1.0, ""n"": 5, ""seed"": 9, ""symmetric"": true}, ""max_n"": 18, ""start"": 4}"
small_exact,evaluation,small_exact_random_symmetric_n5_seed9,random_symmetric,5,9,bruteforce,ok,"[4, 0, 2, 1, 3]",259.25597826537074,259.25597826537074,259.25597826537074,0.0,0.0,True,True,True,6.619999840040691e-05,250.69140625,250.69140625,0.0,1.0,manual_default_tau,,,,"{""instance_metadata"": {""complete"": true, ""high"": 100.0, ""instance_type"": ""random_symmetric"", ""low"": 1.0, ""n"": 5, ""seed"": 9, ""symmetric"": true}, ""max_n"": 10, ""permutations_checked"": 24, ""start"": 4}"
small_exact,evaluation,small_exact_random_symmetric_n5_seed9,random_symmetric,5,9,ortools,ok,"[4, 0, 2, 1, 3]",259.25597826537074,259.25597826537074,259.25597826537074,0.0,0.0,True,True,True,0.0009390000013809185,250.69140625,250.69140625,0.0,1.0,manual_default_tau,,,5.0,"{""finite_edges"": true, ""infinity_penalty"": 492833140000, ""instance_metadata"": {""complete"": true, ""high"": 100.0, ""instance_type"": ""random_symmetric"", ""low"": 1.0, ""n"": 5, ""seed"": 9, ""symmetric"": true}, ""integer_scale"": 1000000, ""start"": 4, ""time_limit_s"": 5.0, ""valid_route"": true}"
small_exact,evaluation,small_exact_random_symmetric_n5_seed9,random_symmetric,5,9,networkx_christofides,skipped_not_applicable,,,259.25597826537074,259.25597826537074,nan,nan,True,,,8.770000204094686e-05,250.69140625,250.69140625,0.0,1.0,manual_default_tau,,,,"{""instance_metadata"": {""complete"": true, ""high"": 100.0, ""instance_type"": ""random_symmetric"", ""low"": 1.0, ""n"": 5, ""seed"": 9, ""symmetric"": true}, ""requires_metric_symmetric_complete"": true}"
small_exact,evaluation,small_exact_random_symmetric_n5_seed9,random_symmetric,5,9,networkx_greedy,ok,"[4, 0, 2, 1, 3]",259.25597826537074,259.25597826537074,259.25597826537074,0.0,0.0,True,True,True,9.209999916492961e-05,250.69140625,250.69140625,0.0,1.0,manual_default_tau,,,,"{""finite_edges"": true, ""instance_metadata"": {""complete"": true, ""high"": 100.0, ""instance_type"": ""random_symmetric"", ""low"": 1.0, ""n"": 5, ""seed"": 9, ""symmetric"": true}, ""valid_route"": true}"
small_exact,evaluation,small_exact_random_symmetric_n5_seed9,random_symmetric,5,9,python_tsp_dynamic_programming,skipped_missing_dependency,,,259.25597826537074,259.25597826537074,nan,nan,True,,,0.0005023999983677641,250.69140625,250.69140625,0.0,1.0,manual_default_tau,,,,"{""instance_metadata"": {""complete"": true, ""high"": 100.0, ""instance_type"": ""random_symmetric"", ""low"": 1.0, ""n"": 5, ""seed"": 9, ""symmetric"": true}}"
small_exact,evaluation,small_exact_random_asymmetric_n5_seed9,random_asymmetric,5,9,tn_exact,ok,"[4, 0, 2, 1, 3]",174.8231926668169,174.8231926668169,174.8231926668169,0.0,0.0,True,True,True,0.00747860000046785,250.69140625,250.6953125,0.00390625,1.0,manual_default_tau,,True,,"{""exact_mode"": true, ""finite_edges"": true, ""instance_metadata"": {""complete"": true, ""high"": 100.0, ""instance_type"": ""random_asymmetric"", ""low"": 1.0, ""n"": 5, ""seed"": 9, ""symmetric"": false}, ""max_layers"": 3, ""n_layers"": null, ""n_layers_effective"": 3, ""normalization_factor"": 98.78633394256309, ""normalize"": true, ""seed"": 9, ""tau"": 1.0, ""valid_route"": true}"
small_exact,evaluation,small_exact_random_asymmetric_n5_seed9,random_asymmetric,5,9,held_karp,ok,"[4, 0, 2, 1, 3]",174.8231926668169,174.8231926668169,174.8231926668169,0.0,0.0,True,True,True,3.650000144261867e-05,250.6953125,250.6953125,0.0,1.0,manual_default_tau,,,,"{""instance_metadata"": {""complete"": true, ""high"": 100.0, ""instance_type"": ""random_asymmetric"", ""low"": 1.0, ""n"": 5, ""seed"": 9, ""symmetric"": false}, ""max_n"": 18, ""start"": 4}"
small_exact,evaluation,small_exact_random_asymmetric_n5_seed9,random_asymmetric,5,9,bruteforce,ok,"[4, 0, 2, 1, 3]",174.8231926668169,174.8231926668169,174.8231926668169,0.0,0.0,True,True,True,6.550000034621917e-05,250.6953125,250.6953125,0.0,1.0,manual_default_tau,,,,"{""instance_metadata"": {""complete"": true, ""high"": 100.0, ""instance_type"": ""random_asymmetric"", ""low"": 1.0, ""n"": 5, ""seed"": 9, ""symmetric"": false}, ""max_n"": 10, ""permutations_checked"": 24, ""start"": 4}"
small_exact,evaluation,small_exact_random_asymmetric_n5_seed9,random_asymmetric,5,9,ortools,ok,"[4, 0, 2, 1, 3]",174.8231926668169,174.8231926668169,174.8231926668169,0.0,0.0,True,True,True,0.0009973000014724676,250.6953125,250.6953125,0.0,1.0,manual_default_tau,,,5.0,"{""finite_edges"": true, ""infinity_penalty"": 493931670000, ""instance_metadata"": {""complete"": true, ""high"": 100.0, ""instance_type"": ""random_asymmetric"", ""low"": 1.0, ""n"": 5, ""seed"": 9, ""symmetric"": false}, ""integer_scale"": 1000000, ""start"": 4, ""time_limit_s"": 5.0, ""valid_route"": true}"
small_exact,evaluation,small_exact_random_asymmetric_n5_seed9,random_asymmetric,5,9,networkx_christofides,skipped_not_applicable,,,174.8231926668169,174.8231926668169,nan,nan,True,,,6.720000237692147e-05,250.6953125,250.6953125,0.0,1.0,manual_default_tau,,,,"{""instance_metadata"": {""complete"": true, ""high"": 100.0, ""instance_type"": ""random_asymmetric"", ""low"": 1.0, ""n"": 5, ""seed"": 9, ""symmetric"": false}, ""requires_metric_symmetric_complete"": true}"
small_exact,evaluation,small_exact_random_asymmetric_n5_seed9,random_asymmetric,5,9,networkx_greedy,ok,"[4, 0, 1, 3, 2]",230.89702310572784,174.8231926668169,174.8231926668169,0.32074594671073225,0.32074594671073225,True,True,True,9.849999696598388e-05,250.6953125,250.6953125,0.0,1.0,manual_default_tau,,,,"{""finite_edges"": true, ""instance_metadata"": {""complete"": true, ""high"": 100.0, ""instance_type"": ""random_asymmetric"", ""low"": 1.0, ""n"": 5, ""seed"": 9, ""symmetric"": false}, ""valid_route"": true}"
small_exact,evaluation,small_exact_random_asymmetric_n5_seed9,random_asymmetric,5,9,python_tsp_dynamic_programming,skipped_missing_dependency,,,174.8231926668169,174.8231926668169,nan,nan,True,,,0.0004885000016656704,250.6953125,250.6953125,0.0,1.0,manual_default_tau,,,,"{""instance_metadata"": {""complete"": true, ""high"": 100.0, ""instance_type"": ""random_asymmetric"", ""low"": 1.0, ""n"": 5, ""seed"": 9, ""symmetric"": false}}"
small_exact,evaluation,small_exact_euclidean_n6_seed5,euclidean,6,5,tn_exact,ok,"[5, 1, 3, 2, 4, 0]",2888.7013155611753,2888.701315561175,2888.701315561175,1.574227658764099e-16,1.574227658764099e-16,True,True,True,0.0133045000002312,250.69921875,250.8828125,0.18359375,1.0,manual_default_tau,,True,,"{""exact_mode"": true, ""finite_edges"": true, ""instance_metadata"": {""complete"": true, ""instance_type"": ""euclidean"", ""n"": 6, ""points"": [[805.0029237453801, 807.9407897364938], [515.325561042142, 285.8013800881416], [53.930702381656424, 383.36888078551823], [408.47320541999864, 45.27519390244517], [48.75771072716806, 999.1761150650714], [652.3691115879877, 234.51020166982394]], ""scale"": 1000.0, ""seed"": 5, ""symmetric"": true}, ""max_layers"": 4, ""n_layers"": null, ""n_layers_effective"": 4, ""normalization_factor"": 1019.4715319796893, ""normalize"": true, ""seed"": 5, ""tau"": 1.0, ""valid_route"": true}"
small_exact,evaluation,small_exact_euclidean_n6_seed5,euclidean,6,5,held_karp,ok,"[5, 0, 4, 2, 3, 1]",2888.701315561175,2888.701315561175,2888.701315561175,0.0,0.0,True,True,True,8.010000237845816e-05,250.8828125,250.8828125,0.0,1.0,manual_default_tau,,,,"{""instance_metadata"": {""complete"": true, ""instance_type"": ""euclidean"", ""n"": 6, ""points"": [[805.0029237453801, 807.9407897364938], [515.325561042142, 285.8013800881416], [53.930702381656424, 383.36888078551823], [408.47320541999864, 45.27519390244517], [48.75771072716806, 999.1761150650714], [652.3691115879877, 234.51020166982394]], ""scale"": 1000.0, ""seed"": 5, ""symmetric"": true}, ""max_n"": 18, ""start"": 5}"
small_exact,evaluation,small_exact_euclidean_n6_seed5,euclidean,6,5,bruteforce,ok,"[5, 0, 4, 2, 3, 1]",2888.701315561175,2888.701315561175,2888.701315561175,0.0,0.0,True,True,True,0.0003469000002951361,250.8828125,250.8828125,0.0,1.0,manual_default_tau,,,,"{""instance_metadata"": {""complete"": true, ""instance_type"": ""euclidean"", ""n"": 6, ""points"": [[805.0029237453801, 807.9407897364938], [515.325561042142, 285.8013800881416], [53.930702381656424, 383.36888078551823], [408.47320541999864, 45.27519390244517], [48.75771072716806, 999.1761150650714], [652.3691115879877, 234.51020166982394]], ""scale"": 1000.0, ""seed"": 5, ""symmetric"": true}, ""max_n"": 10, ""permutations_checked"": 120, ""start"": 5}"
small_exact,evaluation,small_exact_euclidean_n6_seed5,euclidean,6,5,ortools,ok,"[5, 1, 3, 2, 4, 0]",2888.7013155611753,2888.701315561175,2888.701315561175,1.574227658764099e-16,1.574227658764099e-16,True,True,True,0.0010384000015619677,250.8828125,251.0703125,0.1875,1.0,manual_default_tau,,,5.0,"{""finite_edges"": true, ""infinity_penalty"": 6116829192000, ""instance_metadata"": {""complete"": true, ""instance_type"": ""euclidean"", ""n"": 6, ""points"": [[805.0029237453801, 807.9407897364938], [515.325561042142, 285.8013800881416], [53.930702381656424, 383.36888078551823], [408.47320541999864, 45.27519390244517], [48.75771072716806, 999.1761150650714], [652.3691115879877, 234.51020166982394]], ""scale"": 1000.0, ""seed"": 5, ""symmetric"": true}, ""integer_scale"": 1000000, ""start"": 5, ""time_limit_s"": 5.0, ""valid_route"": true}"
small_exact,evaluation,small_exact_euclidean_n6_seed5,euclidean,6,5,networkx_christofides,ok,"[5, 0, 4, 2, 1, 3]",3032.7650431040033,2888.701315561175,2888.701315561175,0.049871451495095774,0.049871451495095774,True,True,True,0.0005505000008270144,251.0703125,251.07421875,0.00390625,1.0,manual_default_tau,,,,"{""finite_edges"": true, ""instance_metadata"": {""complete"": true, ""instance_type"": ""euclidean"", ""n"": 6, ""points"": [[805.0029237453801, 807.9407897364938], [515.325561042142, 285.8013800881416], [53.930702381656424, 383.36888078551823], [408.47320541999864, 45.27519390244517], [48.75771072716806, 999.1761150650714], [652.3691115879877, 234.51020166982394]], ""scale"": 1000.0, ""seed"": 5, ""symmetric"": true}, ""requires_metric_symmetric_complete"": true, ""valid_route"": true}"
small_exact,evaluation,small_exact_euclidean_n6_seed5,euclidean,6,5,networkx_greedy,ok,"[5, 0, 4, 2, 3, 1]",2888.701315561175,2888.701315561175,2888.701315561175,0.0,0.0,True,True,True,0.0001005000012810342,251.07421875,251.07421875,0.0,1.0,manual_default_tau,,,,"{""finite_edges"": true, ""instance_metadata"": {""complete"": true, ""instance_type"": ""euclidean"", ""n"": 6, ""points"": [[805.0029237453801, 807.9407897364938], [515.325561042142, 285.8013800881416], [53.930702381656424, 383.36888078551823], [408.47320541999864, 45.27519390244517], [48.75771072716806, 999.1761150650714], [652.3691115879877, 234.51020166982394]], ""scale"": 1000.0, ""seed"": 5, ""symmetric"": true}, ""valid_route"": true}"
small_exact,evaluation,small_exact_euclidean_n6_seed5,euclidean,6,5,python_tsp_dynamic_programming,skipped_missing_dependency,,,2888.701315561175,2888.701315561175,nan,nan,True,,,0.000576599999476457,251.07421875,251.07421875,0.0,1.0,manual_default_tau,,,,"{""instance_metadata"": {""complete"": true, ""instance_type"": ""euclidean"", ""n"": 6, ""points"": [[805.0029237453801, 807.9407897364938], [515.325561042142, 285.8013800881416], [53.930702381656424, 383.36888078551823], [408.47320541999864, 45.27519390244517], [48.75771072716806, 999.1761150650714], [652.3691115879877, 234.51020166982394]], ""scale"": 1000.0, ""seed"": 5, ""symmetric"": true}}"
small_exact,evaluation,small_exact_random_symmetric_n6_seed5,random_symmetric,6,5,tn_exact,ok,"[5, 1, 3, 0, 2, 4]",206.47231718646333,206.4723171864633,206.4723171864633,1.376538502482956e-16,1.376538502482956e-16,True,True,True,0.01300950000222656,251.07421875,251.07421875,0.0,1.0,manual_default_tau,,True,,"{""exact_mode"": true, ""finite_edges"": true, ""instance_metadata"": {""complete"": true, ""high"": 100.0, ""instance_type"": ""random_symmetric"", ""low"": 1.0, ""n"": 6, ""seed"": 5, ""symmetric"": true}, ""max_layers"": 4, ""n_layers"": null, ""n_layers_effective"": 4, ""normalization_factor"": 88.86742093107789, ""normalize"": true, ""seed"": 5, ""tau"": 1.0, ""valid_route"": true}"
small_exact,evaluation,small_exact_random_symmetric_n6_seed5,random_symmetric,6,5,held_karp,ok,"[5, 4, 2, 0, 3, 1]",206.4723171864633,206.4723171864633,206.4723171864633,0.0,0.0,True,True,True,9.32000002649147e-05,251.07421875,251.078125,0.00390625,1.0,manual_default_tau,,,,"{""instance_metadata"": {""complete"": true, ""high"": 100.0, ""instance_type"": ""random_symmetric"", ""low"": 1.0, ""n"": 6, ""seed"": 5, ""symmetric"": true}, ""max_n"": 18, ""start"": 5}"
small_exact,evaluation,small_exact_random_symmetric_n6_seed5,random_symmetric,6,5,bruteforce,ok,"[5, 4, 2, 0, 3, 1]",206.4723171864633,206.4723171864633,206.4723171864633,0.0,0.0,True,True,True,0.00033009999970090576,251.078125,251.078125,0.0,1.0,manual_default_tau,,,,"{""instance_metadata"": {""complete"": true, ""high"": 100.0, ""instance_type"": ""random_symmetric"", ""low"": 1.0, ""n"": 6, ""seed"": 5, ""symmetric"": true}, ""max_n"": 10, ""permutations_checked"": 120, ""start"": 5}"
small_exact,evaluation,small_exact_random_symmetric_n6_seed5,random_symmetric,6,5,ortools,ok,"[5, 4, 2, 0, 3, 1]",206.4723171864633,206.4723171864633,206.4723171864633,0.0,0.0,True,True,True,0.001001900000119349,251.078125,251.140625,0.0625,1.0,manual_default_tau,,,5.0,"{""finite_edges"": true, ""infinity_penalty"": 533204526000, ""instance_metadata"": {""complete"": true, ""high"": 100.0, ""instance_type"": ""random_symmetric"", ""low"": 1.0, ""n"": 6, ""seed"": 5, ""symmetric"": true}, ""integer_scale"": 1000000, ""start"": 5, ""time_limit_s"": 5.0, ""valid_route"": true}"
small_exact,evaluation,small_exact_random_symmetric_n6_seed5,random_symmetric,6,5,networkx_christofides,skipped_not_applicable,,,206.4723171864633,206.4723171864633,nan,nan,True,,,7.440000263159163e-05,251.140625,251.140625,0.0,1.0,manual_default_tau,,,,"{""instance_metadata"": {""complete"": true, ""high"": 100.0, ""instance_type"": ""random_symmetric"", ""low"": 1.0, ""n"": 6, ""seed"": 5, ""symmetric"": true}, ""requires_metric_symmetric_complete"": true}"
small_exact,evaluation,small_exact_random_symmetric_n6_seed5,random_symmetric,6,5,networkx_greedy,ok,"[5, 1, 3, 0, 2, 4]",206.47231718646333,206.4723171864633,206.4723171864633,1.376538502482956e-16,1.376538502482956e-16,True,True,True,9.539999882690609e-05,251.140625,251.140625,0.0,1.0,manual_default_tau,,,,"{""finite_edges"": true, ""instance_metadata"": {""complete"": true, ""high"": 100.0, ""instance_type"": ""random_symmetric"", ""low"": 1.0, ""n"": 6, ""seed"": 5, ""symmetric"": true}, ""valid_route"": true}"
small_exact,evaluation,small_exact_random_symmetric_n6_seed5,random_symmetric,6,5,python_tsp_dynamic_programming,skipped_missing_dependency,,,206.4723171864633,206.4723171864633,nan,nan,True,,,0.0005221000028541312,251.140625,251.140625,0.0,1.0,manual_default_tau,,,,"{""instance_metadata"": {""complete"": true, ""high"": 100.0, ""instance_type"": ""random_symmetric"", ""low"": 1.0, ""n"": 6, ""seed"": 5, ""symmetric"": true}}"
small_exact,evaluation,small_exact_random_asymmetric_n6_seed5,random_asymmetric,6,5,tn_exact,ok,"[5, 1, 2, 0, 4, 3]",154.3513342390641,110.30867186565072,110.30867186565072,0.3992674522185769,0.3992674522185769,True,True,True,0.013387499999225838,251.140625,251.265625,0.125,1.0,manual_default_tau,,True,,"{""exact_mode"": true, ""finite_edges"": true, ""instance_metadata"": {""complete"": true, ""high"": 100.0, ""instance_type"": ""random_asymmetric"", ""low"": 1.0, ""n"": 6, ""seed"": 5, ""symmetric"": false}, ""max_layers"": 4, ""n_layers"": null, ""n_layers_effective"": 4, ""normalization_factor"": 99.91843539144207, ""normalize"": true, ""seed"": 5, ""tau"": 1.0, ""valid_route"": true}"
small_exact,evaluation,small_exact_random_asymmetric_n6_seed5,random_asymmetric,6,5,held_karp,ok,"[5, 3, 1, 2, 0, 4]",110.30867186565072,110.30867186565072,110.30867186565072,0.0,0.0,True,True,True,8.139999772538431e-05,251.265625,251.26953125,0.00390625,1.0,manual_default_tau,,,,"{""instance_metadata"": {""complete"": true, ""high"": 100.0, ""instance_type"": ""random_asymmetric"", ""low"": 1.0, ""n"": 6, ""seed"": 5, ""symmetric"": false}, ""max_n"": 18, ""start"": 5}"
small_exact,evaluation,small_exact_random_asymmetric_n6_seed5,random_asymmetric,6,5,bruteforce,ok,"[5, 3, 1, 2, 0, 4]",110.30867186565072,110.30867186565072,110.30867186565072,0.0,0.0,True,True,True,0.00031400000079884194,251.26953125,251.26953125,0.0,1.0,manual_default_tau,,,,"{""instance_metadata"": {""complete"": true, ""high"": 100.0, ""instance_type"": ""random_asymmetric"", ""low"": 1.0, ""n"": 6, ""seed"": 5, ""symmetric"": false}, ""max_n"": 10, ""permutations_checked"": 120, ""start"": 5}"
small_exact,evaluation,small_exact_random_asymmetric_n6_seed5,random_asymmetric,6,5,ortools,ok,"[5, 1, 2, 4, 0, 3]",151.68438149797677,110.30867186565072,110.30867186565072,0.37509027107786375,0.37509027107786375,True,True,True,0.0010631999975885265,251.26953125,251.2734375,0.00390625,1.0,manual_default_tau,,,5.0,"{""finite_edges"": true, ""infinity_penalty"": 599510610000, ""instance_metadata"": {""complete"": true, ""high"": 100.0, ""instance_type"": ""random_asymmetric"", ""low"": 1.0, ""n"": 6, ""seed"": 5, ""symmetric"": false}, ""integer_scale"": 1000000, ""start"": 5, ""time_limit_s"": 5.0, ""valid_route"": true}"
small_exact,evaluation,small_exact_random_asymmetric_n6_seed5,random_asymmetric,6,5,networkx_christofides,skipped_not_applicable,,,110.30867186565072,110.30867186565072,nan,nan,True,,,7.440000263159163e-05,251.2734375,251.2734375,0.0,1.0,manual_default_tau,,,,"{""instance_metadata"": {""complete"": true, ""high"": 100.0, ""instance_type"": ""random_asymmetric"", ""low"": 1.0, ""n"": 6, ""seed"": 5, ""symmetric"": false}, ""requires_metric_symmetric_complete"": true}"
small_exact,evaluation,small_exact_random_asymmetric_n6_seed5,random_asymmetric,6,5,networkx_greedy,ok,"[5, 1, 2, 4, 0, 3]",151.68438149797677,110.30867186565072,110.30867186565072,0.37509027107786375,0.37509027107786375,True,True,True,0.0005564000020967796,251.2734375,251.28125,0.0078125,1.0,manual_default_tau,,,,"{""finite_edges"": true, ""instance_metadata"": {""complete"": true, ""high"": 100.0, ""instance_type"": ""random_asymmetric"", ""low"": 1.0, ""n"": 6, ""seed"": 5, ""symmetric"": false}, ""valid_route"": true}"
small_exact,evaluation,small_exact_random_asymmetric_n6_seed5,random_asymmetric,6,5,python_tsp_dynamic_programming,skipped_missing_dependency,,,110.30867186565072,110.30867186565072,nan,nan,True,,,0.0005245000029390212,251.28125,251.28125,0.0,1.0,manual_default_tau,,,,"{""instance_metadata"": {""complete"": true, ""high"": 100.0, ""instance_type"": ""random_asymmetric"", ""low"": 1.0, ""n"": 6, ""seed"": 5, ""symmetric"": false}}"
small_exact,evaluation,small_exact_euclidean_n6_seed6,euclidean,6,6,tn_exact,ok,"[5, 1, 0, 4, 3, 2]",2609.041331354613,2609.041331354613,2609.041331354613,0.0,0.0,True,True,True,0.012642400000913767,251.28125,251.28125,0.0,1.0,manual_default_tau,,True,,"{""exact_mode"": true, ""finite_edges"": true, ""instance_metadata"": {""complete"": true, ""instance_type"": ""euclidean"", ""n"": 6, ""points"": [[538.1643514719432, 343.27086981333844], [369.06723979537827, 374.49676558788235], [987.4449901864666, 632.7562726071461], [674.3239305044935, 329.96345538545836], [679.9176611640223, 122.97237488719004], [51.729231983775215, 850.1913468087871]], ""scale"": 1000.0, ""seed"": 6, ""symmetric"": true}, ""max_layers"": 4, ""n_layers"": null, ""n_layers_effective"": 4, ""normalization_factor"": 960.9724947565621, ""normalize"": true, ""seed"": 6, ""tau"": 1.0, ""valid_route"": true}"
small_exact,evaluation,small_exact_euclidean_n6_seed6,euclidean,6,6,held_karp,ok,"[5, 1, 0, 4, 3, 2]",2609.041331354613,2609.041331354613,2609.041331354613,0.0,0.0,True,True,True,7.79999973019585e-05,251.28125,251.28125,0.0,1.0,manual_default_tau,,,,"{""instance_metadata"": {""complete"": true, ""instance_type"": ""euclidean"", ""n"": 6, ""points"": [[538.1643514719432, 343.27086981333844], [369.06723979537827, 374.49676558788235], [987.4449901864666, 632.7562726071461], [674.3239305044935, 329.96345538545836], [679.9176611640223, 122.97237488719004], [51.729231983775215, 850.1913468087871]], ""scale"": 1000.0, ""seed"": 6, ""symmetric"": true}, ""max_n"": 18, ""start"": 5}"
small_exact,evaluation,small_exact_euclidean_n6_seed6,euclidean,6,6,bruteforce,ok,"[5, 1, 0, 4, 3, 2]",2609.041331354613,2609.041331354613,2609.041331354613,0.0,0.0,True,True,True,0.0003218000019842293,251.28125,251.28125,0.0,1.0,manual_default_tau,,,,"{""instance_metadata"": {""complete"": true, ""instance_type"": ""euclidean"", ""n"": 6, ""points"": [[538.1643514719432, 343.27086981333844], [369.06723979537827, 374.49676558788235], [987.4449901864666, 632.7562726071461], [674.3239305044935, 329.96345538545836], [679.9176611640223, 122.97237488719004], [51.729231983775215, 850.1913468087871]], ""scale"": 1000.0, ""seed"": 6, ""symmetric"": true}, ""max_n"": 10, ""permutations_checked"": 120, ""start"": 5}"
small_exact,evaluation,small_exact_euclidean_n6_seed6,euclidean,6,6,ortools,ok,"[5, 1, 0, 4, 3, 2]",2609.041331354613,2609.041331354613,2609.041331354613,0.0,0.0,True,True,True,0.0010134000003745314,251.28125,251.28125,0.0,1.0,manual_default_tau,,,5.0,"{""finite_edges"": true, ""infinity_penalty"": 5765834970000, ""instance_metadata"": {""complete"": true, ""instance_type"": ""euclidean"", ""n"": 6, ""points"": [[538.1643514719432, 343.27086981333844], [369.06723979537827, 374.49676558788235], [987.4449901864666, 632.7562726071461], [674.3239305044935, 329.96345538545836], [679.9176611640223, 122.97237488719004], [51.729231983775215, 850.1913468087871]], ""scale"": 1000.0, ""seed"": 6, ""symmetric"": true}, ""integer_scale"": 1000000, ""start"": 5, ""time_limit_s"": 5.0, ""valid_route"": true}"
small_exact,evaluation,small_exact_euclidean_n6_seed6,euclidean,6,6,networkx_christofides,ok,"[5, 1, 0, 4, 3, 2]",2609.041331354613,2609.041331354613,2609.041331354613,0.0,0.0,True,True,True,0.0005165999973542057,251.28125,251.28125,0.0,1.0,manual_default_tau,,,,"{""finite_edges"": true, ""instance_metadata"": {""complete"": true, ""instance_type"": ""euclidean"", ""n"": 6, ""points"": [[538.1643514719432, 343.27086981333844], [369.06723979537827, 374.49676558788235], [987.4449901864666, 632.7562726071461], [674.3239305044935, 329.96345538545836], [679.9176611640223, 122.97237488719004], [51.729231983775215, 850.1913468087871]], ""scale"": 1000.0, ""seed"": 6, ""symmetric"": true}, ""requires_metric_symmetric_complete"": true, ""valid_route"": true}"
small_exact,evaluation,small_exact_euclidean_n6_seed6,euclidean,6,6,networkx_greedy,ok,"[5, 1, 0, 3, 4, 2]",2643.6662826378238,2609.041331354613,2609.041331354613,0.013271139428532442,0.013271139428532442,True,True,True,9.700000009615906e-05,251.28125,251.28125,0.0,1.0,manual_default_tau,,,,"{""finite_edges"": true, ""instance_metadata"": {""complete"": true, ""instance_type"": ""euclidean"", ""n"": 6, ""points"": [[538.1643514719432, 343.27086981333844], [369.06723979537827, 374.49676558788235], [987.4449901864666, 632.7562726071461], [674.3239305044935, 329.96345538545836], [679.9176611640223, 122.97237488719004], [51.729231983775215, 850.1913468087871]], ""scale"": 1000.0, ""seed"": 6, ""symmetric"": true}, ""valid_route"": true}"
small_exact,evaluation,small_exact_euclidean_n6_seed6,euclidean,6,6,python_tsp_dynamic_programming,skipped_missing_dependency,,,2609.041331354613,2609.041331354613,nan,nan,True,,,0.0004894000012427568,251.28125,251.28125,0.0,1.0,manual_default_tau,,,,"{""instance_metadata"": {""complete"": true, ""instance_type"": ""euclidean"", ""n"": 6, ""points"": [[538.1643514719432, 343.27086981333844], [369.06723979537827, 374.49676558788235], [987.4449901864666, 632.7562726071461], [674.3239305044935, 329.96345538545836], [679.9176611640223, 122.97237488719004], [51.729231983775215, 850.1913468087871]], ""scale"": 1000.0, ""seed"": 6, ""symmetric"": true}}"
small_exact,evaluation,small_exact_random_symmetric_n6_seed6,random_symmetric,6,6,tn_exact,ok,"[5, 2, 0, 3, 1, 4]",217.29896482564425,217.29896482564422,217.29896482564422,1.3079542027827397e-16,1.3079542027827397e-16,True,True,True,0.013005299999349518,251.28125,251.28125,0.0,1.0,manual_default_tau,,True,,"{""exact_mode"": true, ""finite_edges"": true, ""instance_metadata"": {""complete"": true, ""high"": 100.0, ""instance_type"": ""random_symmetric"", ""low"": 1.0, ""n"": 6, ""seed"": 6, ""symmetric"": true}, ""max_layers"": 4, ""n_layers"": null, ""n_layers_effective"": 4, ""normalization_factor"": 87.47212256693568, ""normalize"": true, ""seed"": 6, ""tau"": 1.0, ""valid_route"": true}"
small_exact,evaluation,small_exact_random_symmetric_n6_seed6,random_symmetric,6,6,held_karp,ok,"[5, 4, 1, 3, 0, 2]",217.29896482564422,217.29896482564422,217.29896482564422,0.0,0.0,True,True,True,8.009999874047935e-05,251.28125,251.28125,0.0,1.0,manual_default_tau,,,,"{""instance_metadata"": {""complete"": true, ""high"": 100.0, ""instance_type"": ""random_symmetric"", ""low"": 1.0, ""n"": 6, ""seed"": 6, ""symmetric"": true}, ""max_n"": 18, ""start"": 5}"
small_exact,evaluation,small_exact_random_symmetric_n6_seed6,random_symmetric,6,6,bruteforce,ok,"[5, 4, 1, 3, 0, 2]",217.29896482564422,217.29896482564422,217.29896482564422,0.0,0.0,True,True,True,0.0003412000005482696,251.28125,251.28125,0.0,1.0,manual_default_tau,,,,"{""instance_metadata"": {""complete"": true, ""high"": 100.0, ""instance_type"": ""random_symmetric"", ""low"": 1.0, ""n"": 6, ""seed"": 6, ""symmetric"": true}, ""max_n"": 10, ""permutations_checked"": 120, ""start"": 5}"
small_exact,evaluation,small_exact_random_symmetric_n6_seed6,random_symmetric,6,6,ortools,ok,"[5, 2, 0, 3, 1, 4]",217.29896482564425,217.29896482564422,217.29896482564422,1.3079542027827397e-16,1.3079542027827397e-16,True,True,True,0.0010604999988572672,251.28125,251.28125,0.0,1.0,manual_default_tau,,,5.0,"{""finite_edges"": true, ""infinity_penalty"": 524832738000, ""instance_metadata"": {""complete"": true, ""high"": 100.0, ""instance_type"": ""random_symmetric"", ""low"": 1.0, ""n"": 6, ""seed"": 6, ""symmetric"": true}, ""integer_scale"": 1000000, ""start"": 5, ""time_limit_s"": 5.0, ""valid_route"": true}"
small_exact,evaluation,small_exact_random_symmetric_n6_seed6,random_symmetric,6,6,networkx_christofides,skipped_not_applicable,,,217.29896482564422,217.29896482564422,nan,nan,True,,,6.799999755457975e-05,251.28125,251.28125,0.0,1.0,manual_default_tau,,,,"{""instance_metadata"": {""complete"": true, ""high"": 100.0, ""instance_type"": ""random_symmetric"", ""low"": 1.0, ""n"": 6, ""seed"": 6, ""symmetric"": true}, ""requires_metric_symmetric_complete"": true}"
small_exact,evaluation,small_exact_random_symmetric_n6_seed6,random_symmetric,6,6,networkx_greedy,ok,"[5, 0, 3, 1, 4, 2]",222.3881987817457,217.29896482564422,217.29896482564422,0.02342042429969681,0.02342042429969681,True,True,True,9.389999831910245e-05,251.28125,251.28125,0.0,1.0,manual_default_tau,,,,"{""finite_edges"": true, ""instance_metadata"": {""complete"": true, ""high"": 100.0, ""instance_type"": ""random_symmetric"", ""low"": 1.0, ""n"": 6, ""seed"": 6, ""symmetric"": true}, ""valid_route"": true}"
small_exact,evaluation,small_exact_random_symmetric_n6_seed6,random_symmetric,6,6,python_tsp_dynamic_programming,skipped_missing_dependency,,,217.29896482564422,217.29896482564422,nan,nan,True,,,0.0005077000023447908,251.28125,251.28125,0.0,1.0,manual_default_tau,,,,"{""instance_metadata"": {""complete"": true, ""high"": 100.0, ""instance_type"": ""random_symmetric"", ""low"": 1.0, ""n"": 6, ""seed"": 6, ""symmetric"": true}}"
small_exact,evaluation,small_exact_random_asymmetric_n6_seed6,random_asymmetric,6,6,tn_exact,ok,"[5, 1, 3, 4, 2, 0]",142.3220449146321,140.48351038458767,140.48351038458767,0.013087190980715493,0.013087190980715493,True,True,True,0.015375499999208841,251.28125,251.30859375,0.02734375,1.0,manual_default_tau,,True,,"{""exact_mode"": true, ""finite_edges"": true, ""instance_metadata"": {""complete"": true, ""high"": 100.0, ""instance_type"": ""random_asymmetric"", ""low"": 1.0, ""n"": 6, ""seed"": 6, ""symmetric"": false}, ""max_layers"": 4, ""n_layers"": null, ""n_layers_effective"": 4, ""normalization_factor"": 98.75705402846019, ""normalize"": true, ""seed"": 6, ""tau"": 1.0, ""valid_route"": true}"
small_exact,evaluation,small_exact_random_asymmetric_n6_seed6,random_asymmetric,6,6,held_karp,ok,"[5, 1, 4, 2, 0, 3]",140.48351038458767,140.48351038458767,140.48351038458767,0.0,0.0,True,True,True,0.00036670000190497376,251.30859375,251.30859375,0.0,1.0,manual_default_tau,,,,"{""instance_metadata"": {""complete"": true, ""high"": 100.0, ""instance_type"": ""random_asymmetric"", ""low"": 1.0, ""n"": 6, ""seed"": 6, ""symmetric"": false}, ""max_n"": 18, ""start"": 5}"
small_exact,evaluation,small_exact_random_asymmetric_n6_seed6,random_asymmetric,6,6,bruteforce,ok,"[5, 1, 4, 2, 0, 3]",140.48351038458767,140.48351038458767,140.48351038458767,0.0,0.0,True,True,True,0.0006189000014273915,251.30859375,251.30859375,0.0,1.0,manual_default_tau,,,,"{""instance_metadata"": {""complete"": true, ""high"": 100.0, ""instance_type"": ""random_asymmetric"", ""low"": 1.0, ""n"": 6, ""seed"": 6, ""symmetric"": false}, ""max_n"": 10, ""permutations_checked"": 120, ""start"": 5}"
small_exact,evaluation,small_exact_random_asymmetric_n6_seed6,random_asymmetric,6,6,ortools,ok,"[5, 1, 4, 2, 0, 3]",140.48351038458767,140.48351038458767,140.48351038458767,0.0,0.0,True,True,True,0.0009702999996079598,251.30859375,251.30859375,0.0,1.0,manual_default_tau,,,5.0,"{""finite_edges"": true, ""infinity_penalty"": 592542324000, ""instance_metadata"": {""complete"": true, ""high"": 100.0, ""instance_type"": ""random_asymmetric"", ""low"": 1.0, ""n"": 6, ""seed"": 6, ""symmetric"": false}, ""integer_scale"": 1000000, ""start"": 5, ""time_limit_s"": 5.0, ""valid_route"": true}"
small_exact,evaluation,small_exact_random_asymmetric_n6_seed6,random_asymmetric,6,6,networkx_christofides,skipped_not_applicable,,,140.48351038458767,140.48351038458767,nan,nan,True,,,6.440000288421288e-05,251.30859375,251.30859375,0.0,1.0,manual_default_tau,,,,"{""instance_metadata"": {""complete"": true, ""high"": 100.0, ""instance_type"": ""random_asymmetric"", ""low"": 1.0, ""n"": 6, ""seed"": 6, ""symmetric"": false}, ""requires_metric_symmetric_complete"": true}"
small_exact,evaluation,small_exact_random_asymmetric_n6_seed6,random_asymmetric,6,6,networkx_greedy,ok,"[5, 1, 4, 2, 0, 3]",140.48351038458767,140.48351038458767,140.48351038458767,0.0,0.0,True,True,True,9.74000031419564e-05,251.30859375,251.30859375,0.0,1.0,manual_default_tau,,,,"{""finite_edges"": true, ""instance_metadata"": {""complete"": true, ""high"": 100.0, ""instance_type"": ""random_asymmetric"", ""low"": 1.0, ""n"": 6, ""seed"": 6, ""symmetric"": false}, ""valid_route"": true}"
small_exact,evaluation,small_exact_random_asymmetric_n6_seed6,random_asymmetric,6,6,python_tsp_dynamic_programming,skipped_missing_dependency,,,140.48351038458767,140.48351038458767,nan,nan,True,,,0.0005194000004848931,251.30859375,251.30859375,0.0,1.0,manual_default_tau,,,,"{""instance_metadata"": {""complete"": true, ""high"": 100.0, ""instance_type"": ""random_asymmetric"", ""low"": 1.0, ""n"": 6, ""seed"": 6, ""symmetric"": false}}"
small_exact,evaluation,small_exact_euclidean_n6_seed7,euclidean,6,7,tn_exact,ok,"[5, 1, 4, 0, 2, 3]",2426.1617134676144,2426.1617134676144,2426.1617134676144,0.0,0.0,True,True,True,0.013350499997613952,251.30859375,251.30859375,0.0,1.0,manual_default_tau,,True,,"{""exact_mode"": true, ""finite_edges"": true, ""instance_metadata"": {""complete"": true, ""instance_type"": ""euclidean"", ""n"": 6, ""points"": [[625.095466604667, 897.2138009695755], [775.6856902451935, 225.20718999059187], [300.16628491122543, 873.5534453962618], [5.265304565574724, 821.2284183827662], [797.0694287520462, 467.9349528437208], [303.0324268193135, 278.4256121007733]], ""scale"": 1000.0, ""seed"": 7, ""symmetric"": true}, ""max_layers"": 4, ""n_layers"": null, ""n_layers_effective"": 4, ""normalization_factor"": 974.0579425089911, ""normalize"": true, ""seed"": 7, ""tau"": 1.0, ""valid_route"": true}"
small_exact,evaluation,small_exact_euclidean_n6_seed7,euclidean,6,7,held_karp,ok,"[5, 3, 2, 0, 4, 1]",2426.1617134676144,2426.1617134676144,2426.1617134676144,0.0,0.0,True,True,True,8.230000094044954e-05,251.30859375,251.30859375,0.0,1.0,manual_default_tau,,,,"{""instance_metadata"": {""complete"": true, ""instance_type"": ""euclidean"", ""n"": 6, ""points"": [[625.095466604667, 897.2138009695755], [775.6856902451935, 225.20718999059187], [300.16628491122543, 873.5534453962618], [5.265304565574724, 821.2284183827662], [797.0694287520462, 467.9349528437208], [303.0324268193135, 278.4256121007733]], ""scale"": 1000.0, ""seed"": 7, ""symmetric"": true}, ""max_n"": 18, ""start"": 5}"
small_exact,evaluation,small_exact_euclidean_n6_seed7,euclidean,6,7,bruteforce,ok,"[5, 1, 4, 0, 2, 3]",2426.1617134676144,2426.1617134676144,2426.1617134676144,0.0,0.0,True,True,True,0.00034729999970295466,251.30859375,251.30859375,0.0,1.0,manual_default_tau,,,,"{""instance_metadata"": {""complete"": true, ""instance_type"": ""euclidean"", ""n"": 6, ""points"": [[625.095466604667, 897.2138009695755], [775.6856902451935, 225.20718999059187], [300.16628491122543, 873.5534453962618], [5.265304565574724, 821.2284183827662], [797.0694287520462, 467.9349528437208], [303.0324268193135, 278.4256121007733]], ""scale"": 1000.0, ""seed"": 7, ""symmetric"": true}, ""max_n"": 10, ""permutations_checked"": 120, ""start"": 5}"
small_exact,evaluation,small_exact_euclidean_n6_seed7,euclidean,6,7,ortools,ok,"[5, 1, 4, 0, 2, 3]",2426.1617134676144,2426.1617134676144,2426.1617134676144,0.0,0.0,True,True,True,0.000998999999865191,251.30859375,251.30859375,0.0,1.0,manual_default_tau,,,5.0,"{""finite_edges"": true, ""infinity_penalty"": 5844347658000, ""instance_metadata"": {""complete"": true, ""instance_type"": ""euclidean"", ""n"": 6, ""points"": [[625.095466604667, 897.2138009695755], [775.6856902451935, 225.20718999059187], [300.16628491122543, 873.5534453962618], [5.265304565574724, 821.2284183827662], [797.0694287520462, 467.9349528437208], [303.0324268193135, 278.4256121007733]], ""scale"": 1000.0, ""seed"": 7, ""symmetric"": true}, ""integer_scale"": 1000000, ""start"": 5, ""time_limit_s"": 5.0, ""valid_route"": true}"
small_exact,evaluation,small_exact_euclidean_n6_seed7,euclidean,6,7,networkx_christofides,ok,"[5, 1, 4, 0, 2, 3]",2426.1617134676144,2426.1617134676144,2426.1617134676144,0.0,0.0,True,True,True,0.0004590999997162726,251.30859375,251.30859375,0.0,1.0,manual_default_tau,,,,"{""finite_edges"": true, ""instance_metadata"": {""complete"": true, ""instance_type"": ""euclidean"", ""n"": 6, ""points"": [[625.095466604667, 897.2138009695755], [775.6856902451935, 225.20718999059187], [300.16628491122543, 873.5534453962618], [5.265304565574724, 821.2284183827662], [797.0694287520462, 467.9349528437208], [303.0324268193135, 278.4256121007733]], ""scale"": 1000.0, ""seed"": 7, ""symmetric"": true}, ""requires_metric_symmetric_complete"": true, ""valid_route"": true}"
small_exact,evaluation,small_exact_euclidean_n6_seed7,euclidean,6,7,networkx_greedy,ok,"[5, 1, 4, 0, 2, 3]",2426.1617134676144,2426.1617134676144,2426.1617134676144,0.0,0.0,True,True,True,9.700000009615906e-05,251.30859375,251.30859375,0.0,1.0,manual_default_tau,,,,"{""finite_edges"": true, ""instance_metadata"": {""complete"": true, ""instance_type"": ""euclidean"", ""n"": 6, ""points"": [[625.095466604667, 897.2138009695755], [775.6856902451935, 225.20718999059187], [300.16628491122543, 873.5534453962618], [5.265304565574724, 821.2284183827662], [797.0694287520462, 467.9349528437208], [303.0324268193135, 278.4256121007733]], ""scale"": 1000.0, ""seed"": 7, ""symmetric"": true}, ""valid_route"": true}"
small_exact,evaluation,small_exact_euclidean_n6_seed7,euclidean,6,7,python_tsp_dynamic_programming,skipped_missing_dependency,,,2426.1617134676144,2426.1617134676144,nan,nan,True,,,0.0005312999965099152,251.30859375,251.30859375,0.0,1.0,manual_default_tau,,,,"{""instance_metadata"": {""complete"": true, ""instance_type"": ""euclidean"", ""n"": 6, ""points"": [[625.095466604667, 897.2138009695755], [775.6856902451935, 225.20718999059187], [300.16628491122543, 873.5534453962618], [5.265304565574724, 821.2284183827662], [797.0694287520462, 467.9349528437208], [303.0324268193135, 278.4256121007733]], ""scale"": 1000.0, ""seed"": 7, ""symmetric"": true}}"
small_exact,evaluation,small_exact_random_symmetric_n6_seed7,random_symmetric,6,7,tn_exact,ok,"[5, 3, 2, 0, 4, 1]",189.91298434045578,189.91298434045578,189.91298434045578,0.0,0.0,True,True,True,0.013923899998189881,251.30859375,251.30859375,0.0,1.0,manual_default_tau,,True,,"{""exact_mode"": true, ""finite_edges"": true, ""instance_metadata"": {""complete"": true, ""high"": 100.0, ""instance_type"": ""random_symmetric"", ""low"": 1.0, ""n"": 6, ""seed"": 7, ""symmetric"": true}, ""max_layers"": 4, ""n_layers"": null, ""n_layers_effective"": 4, ""normalization_factor"": 76.72051518456121, ""normalize"": true, ""seed"": 7, ""tau"": 1.0, ""valid_route"": true}"
small_exact,evaluation,small_exact_random_symmetric_n6_seed7,random_symmetric,6,7,held_karp,ok,"[5, 3, 2, 0, 4, 1]",189.91298434045578,189.91298434045578,189.91298434045578,0.0,0.0,True,True,True,7.76999986555893e-05,251.30859375,251.30859375,0.0,1.0,manual_default_tau,,,,"{""instance_metadata"": {""complete"": true, ""high"": 100.0, ""instance_type"": ""random_symmetric"", ""low"": 1.0, ""n"": 6, ""seed"": 7, ""symmetric"": true}, ""max_n"": 18, ""start"": 5}"
small_exact,evaluation,small_exact_random_symmetric_n6_seed7,random_symmetric,6,7,bruteforce,ok,"[5, 3, 2, 0, 4, 1]",189.91298434045578,189.91298434045578,189.91298434045578,0.0,0.0,True,True,True,0.0003293000008852687,251.30859375,251.30859375,0.0,1.0,manual_default_tau,,,,"{""instance_metadata"": {""complete"": true, ""high"": 100.0, ""instance_type"": ""random_symmetric"", ""low"": 1.0, ""n"": 6, ""seed"": 7, ""symmetric"": true}, ""max_n"": 10, ""permutations_checked"": 120, ""start"": 5}"
small_exact,evaluation,small_exact_random_symmetric_n6_seed7,random_symmetric,6,7,ortools,ok,"[5, 3, 2, 0, 4, 1]",189.91298434045578,189.91298434045578,189.91298434045578,0.0,0.0,True,True,True,0.0009605000013834797,251.30859375,251.30859375,0.0,1.0,manual_default_tau,,,5.0,"{""finite_edges"": true, ""infinity_penalty"": 460323090000, ""instance_metadata"": {""complete"": true, ""high"": 100.0, ""instance_type"": ""random_symmetric"", ""low"": 1.0, ""n"": 6, ""seed"": 7, ""symmetric"": true}, ""integer_scale"": 1000000, ""start"": 5, ""time_limit_s"": 5.0, ""valid_route"": true}"
small_exact,evaluation,small_exact_random_symmetric_n6_seed7,random_symmetric,6,7,networkx_christofides,skipped_not_applicable,,,189.91298434045578,189.91298434045578,nan,nan,True,,,7.090000144671649e-05,251.30859375,251.30859375,0.0,1.0,manual_default_tau,,,,"{""instance_metadata"": {""complete"": true, ""high"": 100.0, ""instance_type"": ""random_symmetric"", ""low"": 1.0, ""n"": 6, ""seed"": 7, ""symmetric"": true}, ""requires_metric_symmetric_complete"": true}"
small_exact,evaluation,small_exact_random_symmetric_n6_seed7,random_symmetric,6,7,networkx_greedy,ok,"[5, 1, 4, 0, 2, 3]",189.9129843404558,189.91298434045578,189.91298434045578,1.4965648362121778e-16,1.4965648362121778e-16,True,True,True,9.379999755765311e-05,251.30859375,251.30859375,0.0,1.0,manual_default_tau,,,,"{""finite_edges"": true, ""instance_metadata"": {""complete"": true, ""high"": 100.0, ""instance_type"": ""random_symmetric"", ""low"": 1.0, ""n"": 6, ""seed"": 7, ""symmetric"": true}, ""valid_route"": true}"
small_exact,evaluation,small_exact_random_symmetric_n6_seed7,random_symmetric,6,7,python_tsp_dynamic_programming,skipped_missing_dependency,,,189.91298434045578,189.91298434045578,nan,nan,True,,,0.0005081999988760799,251.3125,251.3125,0.0,1.0,manual_default_tau,,,,"{""instance_metadata"": {""complete"": true, ""high"": 100.0, ""instance_type"": ""random_symmetric"", ""low"": 1.0, ""n"": 6, ""seed"": 7, ""symmetric"": true}}"
small_exact,evaluation,small_exact_random_asymmetric_n6_seed7,random_asymmetric,6,7,tn_exact,ok,"[5, 2, 1, 4, 0, 3]",111.4084912620337,111.4084912620337,111.4084912620337,0.0,0.0,True,True,True,0.013201400000980357,251.31640625,251.33203125,0.015625,1.0,manual_default_tau,,True,,"{""exact_mode"": true, ""finite_edges"": true, ""instance_metadata"": {""complete"": true, ""high"": 100.0, ""instance_type"": ""random_asymmetric"", ""low"": 1.0, ""n"": 6, ""seed"": 7, ""symmetric"": false}, ""max_layers"": 4, ""n_layers"": null, ""n_layers_effective"": 4, ""normalization_factor"": 99.55452806000487, ""normalize"": true, ""seed"": 7, ""tau"": 1.0, ""valid_route"": true}"
small_exact,evaluation,small_exact_random_asymmetric_n6_seed7,random_asymmetric,6,7,held_karp,ok,"[5, 2, 1, 4, 0, 3]",111.4084912620337,111.4084912620337,111.4084912620337,0.0,0.0,True,True,True,7.710000136285089e-05,251.33203125,251.33203125,0.0,1.0,manual_default_tau,,,,"{""instance_metadata"": {""complete"": true, ""high"": 100.0, ""instance_type"": ""random_asymmetric"", ""low"": 1.0, ""n"": 6, ""seed"": 7, ""symmetric"": false}, ""max_n"": 18, ""start"": 5}"
small_exact,evaluation,small_exact_random_asymmetric_n6_seed7,random_asymmetric,6,7,bruteforce,ok,"[5, 2, 1, 4, 0, 3]",111.4084912620337,111.4084912620337,111.4084912620337,0.0,0.0,True,True,True,0.00031379999927594326,251.33203125,251.33203125,0.0,1.0,manual_default_tau,,,,"{""instance_metadata"": {""complete"": true, ""high"": 100.0, ""instance_type"": ""random_asymmetric"", ""low"": 1.0, ""n"": 6, ""seed"": 7, ""symmetric"": false}, ""max_n"": 10, ""permutations_checked"": 120, ""start"": 5}"
small_exact,evaluation,small_exact_random_asymmetric_n6_seed7,random_asymmetric,6,7,ortools,ok,"[5, 3, 2, 1, 0, 4]",171.56130203380715,111.4084912620337,111.4084912620337,0.5399302161833744,0.5399302161833744,True,True,True,0.0010387000002083369,251.33203125,251.33203125,0.0,1.0,manual_default_tau,,,5.0,"{""finite_edges"": true, ""infinity_penalty"": 597327168000, ""instance_metadata"": {""complete"": true, ""high"": 100.0, ""instance_type"": ""random_asymmetric"", ""low"": 1.0, ""n"": 6, ""seed"": 7, ""symmetric"": false}, ""integer_scale"": 1000000, ""start"": 5, ""time_limit_s"": 5.0, ""valid_route"": true}"
small_exact,evaluation,small_exact_random_asymmetric_n6_seed7,random_asymmetric,6,7,networkx_christofides,skipped_not_applicable,,,111.4084912620337,111.4084912620337,nan,nan,True,,,6.310000026132911e-05,251.33203125,251.33203125,0.0,1.0,manual_default_tau,,,,"{""instance_metadata"": {""complete"": true, ""high"": 100.0, ""instance_type"": ""random_asymmetric"", ""low"": 1.0, ""n"": 6, ""seed"": 7, ""symmetric"": false}, ""requires_metric_symmetric_complete"": true}"
small_exact,evaluation,small_exact_random_asymmetric_n6_seed7,random_asymmetric,6,7,networkx_greedy,ok,"[5, 2, 0, 3, 4, 1]",193.87475914340726,111.4084912620337,111.4084912620337,0.7402152829393606,0.7402152829393606,True,True,True,9.980000322684646e-05,251.33203125,251.33203125,0.0,1.0,manual_default_tau,,,,"{""finite_edges"": true, ""instance_metadata"": {""complete"": true, ""high"": 100.0, ""instance_type"": ""random_asymmetric"", ""low"": 1.0, ""n"": 6, ""seed"": 7, ""symmetric"": false}, ""valid_route"": true}"
small_exact,evaluation,small_exact_random_asymmetric_n6_seed7,random_asymmetric,6,7,python_tsp_dynamic_programming,skipped_missing_dependency,,,111.4084912620337,111.4084912620337,nan,nan,True,,,0.0005246999971859623,251.33203125,251.33203125,0.0,1.0,manual_default_tau,,,,"{""instance_metadata"": {""complete"": true, ""high"": 100.0, ""instance_type"": ""random_asymmetric"", ""low"": 1.0, ""n"": 6, ""seed"": 7, ""symmetric"": false}}"
small_exact,evaluation,small_exact_euclidean_n6_seed8,euclidean,6,8,tn_exact,ok,"[5, 4, 1, 0, 2, 3]",2300.1058103271894,2300.1058103271894,2300.1058103271894,0.0,0.0,True,True,True,0.012964499997906387,251.33203125,251.33203125,0.0,1.0,manual_default_tau,,True,,"{""exact_mode"": true, ""finite_edges"": true, ""instance_metadata"": {""complete"": true, ""instance_type"": ""euclidean"", ""n"": 6, ""points"": [[326.9722766055607, 987.2768433379256], [318.7108384855167, 788.548935820029], [869.8965116962161, 391.08480653919395], [437.8818731227988, 372.74890308935306], [106.95359647277436, 478.965454162717], [241.3521450846823, 257.1452485511297]], ""scale"": 1000.0, ""seed"": 8, ""symmetric"": true}, ""max_layers"": 4, ""n_layers"": null, ""n_layers_effective"": 4, ""normalization_factor"": 806.3570361762793, ""normalize"": true, ""seed"": 8, ""tau"": 1.0, ""valid_route"": true}"
small_exact,evaluation,small_exact_euclidean_n6_seed8,euclidean,6,8,held_karp,ok,"[5, 4, 1, 0, 2, 3]",2300.1058103271894,2300.1058103271894,2300.1058103271894,0.0,0.0,True,True,True,7.639999967068434e-05,251.33203125,251.33203125,0.0,1.0,manual_default_tau,,,,"{""instance_metadata"": {""complete"": true, ""instance_type"": ""euclidean"", ""n"": 6, ""points"": [[326.9722766055607, 987.2768433379256], [318.7108384855167, 788.548935820029], [869.8965116962161, 391.08480653919395], [437.8818731227988, 372.74890308935306], [106.95359647277436, 478.965454162717], [241.3521450846823, 257.1452485511297]], ""scale"": 1000.0, ""seed"": 8, ""symmetric"": true}, ""max_n"": 18, ""start"": 5}"
small_exact,evaluation,small_exact_euclidean_n6_seed8,euclidean,6,8,bruteforce,ok,"[5, 4, 1, 0, 2, 3]",2300.1058103271894,2300.1058103271894,2300.1058103271894,0.0,0.0,True,True,True,0.00031510000189882703,251.33203125,251.33203125,0.0,1.0,manual_default_tau,,,,"{""instance_metadata"": {""complete"": true, ""instance_type"": ""euclidean"", ""n"": 6, ""points"": [[326.9722766055607, 987.2768433379256], [318.7108384855167, 788.548935820029], [869.8965116962161, 391.08480653919395], [437.8818731227988, 372.74890308935306], [106.95359647277436, 478.965454162717], [241.3521450846823, 257.1452485511297]], ""scale"": 1000.0, ""seed"": 8, ""symmetric"": true}, ""max_n"": 10, ""permutations_checked"": 120, ""start"": 5}"
small_exact,evaluation,small_exact_euclidean_n6_seed8,euclidean,6,8,ortools,ok,"[5, 3, 2, 0, 1, 4]",2300.10581032719,2300.1058103271894,2300.1058103271894,1.9770714409950404e-16,1.9770714409950404e-16,True,True,True,0.0009688000027381349,251.33203125,251.33203125,0.0,1.0,manual_default_tau,,,5.0,"{""finite_edges"": true, ""infinity_penalty"": 4838142216000, ""instance_metadata"": {""complete"": true, ""instance_type"": ""euclidean"", ""n"": 6, ""points"": [[326.9722766055607, 987.2768433379256], [318.7108384855167, 788.548935820029], [869.8965116962161, 391.08480653919395], [437.8818731227988, 372.74890308935306], [106.95359647277436, 478.965454162717], [241.3521450846823, 257.1452485511297]], ""scale"": 1000.0, ""seed"": 8, ""symmetric"": true}, ""integer_scale"": 1000000, ""start"": 5, ""time_limit_s"": 5.0, ""valid_route"": true}"
small_exact,evaluation,small_exact_euclidean_n6_seed8,euclidean,6,8,networkx_christofides,ok,"[5, 3, 2, 0, 1, 4]",2300.10581032719,2300.1058103271894,2300.1058103271894,1.9770714409950404e-16,1.9770714409950404e-16,True,True,True,0.0004710000030172523,251.33203125,251.33203125,0.0,1.0,manual_default_tau,,,,"{""finite_edges"": true, ""instance_metadata"": {""complete"": true, ""instance_type"": ""euclidean"", ""n"": 6, ""points"": [[326.9722766055607, 987.2768433379256], [318.7108384855167, 788.548935820029], [869.8965116962161, 391.08480653919395], [437.8818731227988, 372.74890308935306], [106.95359647277436, 478.965454162717], [241.3521450846823, 257.1452485511297]], ""scale"": 1000.0, ""seed"": 8, ""symmetric"": true}, ""requires_metric_symmetric_complete"": true, ""valid_route"": true}"
small_exact,evaluation,small_exact_euclidean_n6_seed8,euclidean,6,8,networkx_greedy,ok,"[5, 2, 0, 1, 4, 3]",2598.5563650031645,2300.1058103271894,2300.1058103271894,0.12975514140956873,0.12975514140956873,True,True,True,0.00013129999933880754,251.33203125,251.33203125,0.0,1.0,manual_default_tau,,,,"{""finite_edges"": true, ""instance_metadata"": {""complete"": true, ""instance_type"": ""euclidean"", ""n"": 6, ""points"": [[326.9722766055607, 987.2768433379256], [318.7108384855167, 788.548935820029], [869.8965116962161, 391.08480653919395], [437.8818731227988, 372.74890308935306], [106.95359647277436, 478.965454162717], [241.3521450846823, 257.1452485511297]], ""scale"": 1000.0, ""seed"": 8, ""symmetric"": true}, ""valid_route"": true}"
small_exact,evaluation,small_exact_euclidean_n6_seed8,euclidean,6,8,python_tsp_dynamic_programming,skipped_missing_dependency,,,2300.1058103271894,2300.1058103271894,nan,nan,True,,,0.0005591000008280389,251.3359375,251.3359375,0.0,1.0,manual_default_tau,,,,"{""instance_metadata"": {""complete"": true, ""instance_type"": ""euclidean"", ""n"": 6, ""points"": [[326.9722766055607, 987.2768433379256], [318.7108384855167, 788.548935820029], [869.8965116962161, 391.08480653919395], [437.8818731227988, 372.74890308935306], [106.95359647277436, 478.965454162717], [241.3521450846823, 257.1452485511297]], ""scale"": 1000.0, ""seed"": 8, ""symmetric"": true}}"
small_exact,evaluation,small_exact_random_symmetric_n6_seed8,random_symmetric,6,8,tn_exact,ok,"[5, 3, 4, 1, 2, 0]",184.407402525316,181.7127334759569,181.7127334759569,0.014829280248077103,0.014829280248077103,True,True,True,0.013354899998375913,251.33984375,251.39453125,0.0546875,1.0,manual_default_tau,,True,,"{""exact_mode"": true, ""finite_edges"": true, ""instance_metadata"": {""complete"": true, ""high"": 100.0, ""instance_type"": ""random_symmetric"", ""low"": 1.0, ""n"": 6, ""seed"": 8, ""symmetric"": true}, ""max_layers"": 4, ""n_layers"": null, ""n_layers_effective"": 4, ""normalization_factor"": 71.54535646480585, ""normalize"": true, ""seed"": 8, ""tau"": 1.0, ""valid_route"": true}"
small_exact,evaluation,small_exact_random_symmetric_n6_seed8,random_symmetric,6,8,held_karp,ok,"[5, 3, 4, 0, 2, 1]",181.7127334759569,181.7127334759569,181.7127334759569,0.0,0.0,True,True,True,7.620000178576447e-05,251.39453125,251.39453125,0.0,1.0,manual_default_tau,,,,"{""instance_metadata"": {""complete"": true, ""high"": 100.0, ""instance_type"": ""random_symmetric"", ""low"": 1.0, ""n"": 6, ""seed"": 8, ""symmetric"": true}, ""max_n"": 18, ""start"": 5}"
small_exact,evaluation,small_exact_random_symmetric_n6_seed8,random_symmetric,6,8,bruteforce,ok,"[5, 3, 4, 0, 2, 1]",181.7127334759569,181.7127334759569,181.7127334759569,0.0,0.0,True,True,True,0.0003208999987691641,251.39453125,251.39453125,0.0,1.0,manual_default_tau,,,,"{""instance_metadata"": {""complete"": true, ""high"": 100.0, ""instance_type"": ""random_symmetric"", ""low"": 1.0, ""n"": 6, ""seed"": 8, ""symmetric"": true}, ""max_n"": 10, ""permutations_checked"": 120, ""start"": 5}"
small_exact,evaluation,small_exact_random_symmetric_n6_seed8,random_symmetric,6,8,ortools,ok,"[5, 1, 2, 0, 4, 3]",181.71273347595692,181.7127334759569,181.7127334759569,1.564101143972092e-16,1.564101143972092e-16,True,True,True,0.0009577999990142416,251.39453125,251.39453125,0.0,1.0,manual_default_tau,,,5.0,"{""finite_edges"": true, ""infinity_penalty"": 429272136000, ""instance_metadata"": {""complete"": true, ""high"": 100.0, ""instance_type"": ""random_symmetric"", ""low"": 1.0, ""n"": 6, ""seed"": 8, ""symmetric"": true}, ""integer_scale"": 1000000, ""start"": 5, ""time_limit_s"": 5.0, ""valid_route"": true}"
small_exact,evaluation,small_exact_random_symmetric_n6_seed8,random_symmetric,6,8,networkx_christofides,skipped_not_applicable,,,181.7127334759569,181.7127334759569,nan,nan,True,,,6.910000229254365e-05,251.39453125,251.39453125,0.0,1.0,manual_default_tau,,,,"{""instance_metadata"": {""complete"": true, ""high"": 100.0, ""instance_type"": ""random_symmetric"", ""low"": 1.0, ""n"": 6, ""seed"": 8, ""symmetric"": true}, ""requires_metric_symmetric_complete"": true}"
small_exact,evaluation,small_exact_random_symmetric_n6_seed8,random_symmetric,6,8,networkx_greedy,ok,"[5, 1, 2, 0, 4, 3]",181.71273347595692,181.7127334759569,181.7127334759569,1.564101143972092e-16,1.564101143972092e-16,True,True,True,8.929999967222102e-05,251.39453125,251.39453125,0.0,1.0,manual_default_tau,,,,"{""finite_edges"": true, ""instance_metadata"": {""complete"": true, ""high"": 100.0, ""instance_type"": ""random_symmetric"", ""low"": 1.0, ""n"": 6, ""seed"": 8, ""symmetric"": true}, ""valid_route"": true}"
small_exact,evaluation,small_exact_random_symmetric_n6_seed8,random_symmetric,6,8,python_tsp_dynamic_programming,skipped_missing_dependency,,,181.7127334759569,181.7127334759569,nan,nan,True,,,0.0004939999998896383,251.39453125,251.39453125,0.0,1.0,manual_default_tau,,,,"{""instance_metadata"": {""complete"": true, ""high"": 100.0, ""instance_type"": ""random_symmetric"", ""low"": 1.0, ""n"": 6, ""seed"": 8, ""symmetric"": true}}"
small_exact,evaluation,small_exact_random_asymmetric_n6_seed8,random_asymmetric,6,8,tn_exact,ok,"[5, 4, 0, 2, 1, 3]",143.5161445266795,143.5161445266795,143.5161445266795,0.0,0.0,True,True,True,0.013005300002987497,251.39453125,251.39453125,0.0,1.0,manual_default_tau,,True,,"{""exact_mode"": true, ""finite_edges"": true, ""instance_metadata"": {""complete"": true, ""high"": 100.0, ""instance_type"": ""random_asymmetric"", ""low"": 1.0, ""n"": 6, ""seed"": 8, ""symmetric"": false}, ""max_layers"": 4, ""n_layers"": null, ""n_layers_effective"": 4, ""normalization_factor"": 98.74040749045463, ""normalize"": true, ""seed"": 8, ""tau"": 1.0, ""valid_route"": true}"
small_exact,evaluation,small_exact_random_asymmetric_n6_seed8,random_asymmetric,6,8,held_karp,ok,"[5, 4, 0, 2, 1, 3]",143.5161445266795,143.5161445266795,143.5161445266795,0.0,0.0,True,True,True,7.879999975557439e-05,251.39453125,251.39453125,0.0,1.0,manual_default_tau,,,,"{""instance_metadata"": {""complete"": true, ""high"": 100.0, ""instance_type"": ""random_asymmetric"", ""low"": 1.0, ""n"": 6, ""seed"": 8, ""symmetric"": false}, ""max_n"": 18, ""start"": 5}"
small_exact,evaluation,small_exact_random_asymmetric_n6_seed8,random_asymmetric,6,8,bruteforce,ok,"[5, 4, 0, 2, 1, 3]",143.5161445266795,143.5161445266795,143.5161445266795,0.0,0.0,True,True,True,0.0003309999992779922,251.39453125,251.39453125,0.0,1.0,manual_default_tau,,,,"{""instance_metadata"": {""complete"": true, ""high"": 100.0, ""instance_type"": ""random_asymmetric"", ""low"": 1.0, ""n"": 6, ""seed"": 8, ""symmetric"": false}, ""max_n"": 10, ""permutations_checked"": 120, ""start"": 5}"
small_exact,evaluation,small_exact_random_asymmetric_n6_seed8,random_asymmetric,6,8,ortools,ok,"[5, 4, 0, 2, 1, 3]",143.5161445266795,143.5161445266795,143.5161445266795,0.0,0.0,True,True,True,0.0010416000004624948,251.39453125,251.39453125,0.0,1.0,manual_default_tau,,,5.0,"{""finite_edges"": true, ""infinity_penalty"": 592442442000, ""instance_metadata"": {""complete"": true, ""high"": 100.0, ""instance_type"": ""random_asymmetric"", ""low"": 1.0, ""n"": 6, ""seed"": 8, ""symmetric"": false}, ""integer_scale"": 1000000, ""start"": 5, ""time_limit_s"": 5.0, ""valid_route"": true}"
small_exact,evaluation,small_exact_random_asymmetric_n6_seed8,random_asymmetric,6,8,networkx_christofides,skipped_not_applicable,,,143.5161445266795,143.5161445266795,nan,nan,True,,,7.019999975454994e-05,251.39453125,251.39453125,0.0,1.0,manual_default_tau,,,,"{""instance_metadata"": {""complete"": true, ""high"": 100.0, ""instance_type"": ""random_asymmetric"", ""low"": 1.0, ""n"": 6, ""seed"": 8, ""symmetric"": false}, ""requires_metric_symmetric_complete"": true}"
small_exact,evaluation,small_exact_random_asymmetric_n6_seed8,random_asymmetric,6,8,networkx_greedy,ok,"[5, 4, 0, 2, 1, 3]",143.5161445266795,143.5161445266795,143.5161445266795,0.0,0.0,True,True,True,0.00011390000145183876,251.39453125,251.39453125,0.0,1.0,manual_default_tau,,,,"{""finite_edges"": true, ""instance_metadata"": {""complete"": true, ""high"": 100.0, ""instance_type"": ""random_asymmetric"", ""low"": 1.0, ""n"": 6, ""seed"": 8, ""symmetric"": false}, ""valid_route"": true}"
small_exact,evaluation,small_exact_random_asymmetric_n6_seed8,random_asymmetric,6,8,python_tsp_dynamic_programming,skipped_missing_dependency,,,143.5161445266795,143.5161445266795,nan,nan,True,,,0.0004847000018344261,251.39453125,251.39453125,0.0,1.0,manual_default_tau,,,,"{""instance_metadata"": {""complete"": true, ""high"": 100.0, ""instance_type"": ""random_asymmetric"", ""low"": 1.0, ""n"": 6, ""seed"": 8, ""symmetric"": false}}"
small_exact,evaluation,small_exact_euclidean_n6_seed9,euclidean,6,9,tn_exact,ok,"[5, 4, 1, 2, 3, 0]",2658.423163582472,2658.423163582472,2658.423163582472,0.0,0.0,True,True,True,0.013577600002463441,251.39453125,251.39453125,0.0,1.0,manual_default_tau,,True,,"{""exact_mode"": true, ""finite_edges"": true, ""instance_metadata"": {""complete"": true, ""instance_type"": ""euclidean"", ""n"": 6, ""points"": [[870.2492039700846, 286.8172090875554], [603.1481500515619, 777.5340829201788], [716.0746296035653, 915.3801204905076], [860.3936491828846, 918.2376290487624], [26.587734467597212, 437.2480001295087], [484.9443269772881, 65.15419737010752]], ""scale"": 1000.0, ""seed"": 9, ""symmetric"": true}, ""max_layers"": 4, ""n_layers"": null, ""n_layers_effective"": 4, ""normalization_factor"": 962.5919834187685, ""normalize"": true, ""seed"": 9, ""tau"": 1.0, ""valid_route"": true}"
small_exact,evaluation,small_exact_euclidean_n6_seed9,euclidean,6,9,held_karp,ok,"[5, 4, 1, 2, 3, 0]",2658.423163582472,2658.423163582472,2658.423163582472,0.0,0.0,True,True,True,7.989999721758068e-05,251.39453125,251.39453125,0.0,1.0,manual_default_tau,,,,"{""instance_metadata"": {""complete"": true, ""instance_type"": ""euclidean"", ""n"": 6, ""points"": [[870.2492039700846, 286.8172090875554], [603.1481500515619, 777.5340829201788], [716.0746296035653, 915.3801204905076], [860.3936491828846, 918.2376290487624], [26.587734467597212, 437.2480001295087], [484.9443269772881, 65.15419737010752]], ""scale"": 1000.0, ""seed"": 9, ""symmetric"": true}, ""max_n"": 18, ""start"": 5}"
small_exact,evaluation,small_exact_euclidean_n6_seed9,euclidean,6,9,bruteforce,ok,"[5, 0, 3, 2, 1, 4]",2658.423163582472,2658.423163582472,2658.423163582472,0.0,0.0,True,True,True,0.00031859999944572337,251.39453125,251.39453125,0.0,1.0,manual_default_tau,,,,"{""instance_metadata"": {""complete"": true, ""instance_type"": ""euclidean"", ""n"": 6, ""points"": [[870.2492039700846, 286.8172090875554], [603.1481500515619, 777.5340829201788], [716.0746296035653, 915.3801204905076], [860.3936491828846, 918.2376290487624], [26.587734467597212, 437.2480001295087], [484.9443269772881, 65.15419737010752]], ""scale"": 1000.0, ""seed"": 9, ""symmetric"": true}, ""max_n"": 10, ""permutations_checked"": 120, ""start"": 5}"
small_exact,evaluation,small_exact_euclidean_n6_seed9,euclidean,6,9,ortools,ok,"[5, 0, 3, 2, 1, 4]",2658.423163582472,2658.423163582472,2658.423163582472,0.0,0.0,True,True,True,0.0011790999997174367,251.39453125,251.39453125,0.0,1.0,manual_default_tau,,,5.0,"{""finite_edges"": true, ""infinity_penalty"": 5775551898000, ""instance_metadata"": {""complete"": true, ""instance_type"": ""euclidean"", ""n"": 6, ""points"": [[870.2492039700846, 286.8172090875554], [603.1481500515619, 777.5340829201788], [716.0746296035653, 915.3801204905076], [860.3936491828846, 918.2376290487624], [26.587734467597212, 437.2480001295087], [484.9443269772881, 65.15419737010752]], ""scale"": 1000.0, ""seed"": 9, ""symmetric"": true}, ""integer_scale"": 1000000, ""start"": 5, ""time_limit_s"": 5.0, ""valid_route"": true}"
small_exact,evaluation,small_exact_euclidean_n6_seed9,euclidean,6,9,networkx_christofides,ok,"[5, 0, 1, 2, 3, 4]",2878.7283603509895,2658.423163582472,2658.423163582472,0.08287062789192509,0.08287062789192509,True,True,True,0.00043799999912153,251.39453125,251.39453125,0.0,1.0,manual_default_tau,,,,"{""finite_edges"": true, ""instance_metadata"": {""complete"": true, ""instance_type"": ""euclidean"", ""n"": 6, ""points"": [[870.2492039700846, 286.8172090875554], [603.1481500515619, 777.5340829201788], [716.0746296035653, 915.3801204905076], [860.3936491828846, 918.2376290487624], [26.587734467597212, 437.2480001295087], [484.9443269772881, 65.15419737010752]], ""scale"": 1000.0, ""seed"": 9, ""symmetric"": true}, ""requires_metric_symmetric_complete"": true, ""valid_route"": true}"
small_exact,evaluation,small_exact_euclidean_n6_seed9,euclidean,6,9,networkx_greedy,ok,"[5, 0, 1, 2, 3, 4]",2878.7283603509895,2658.423163582472,2658.423163582472,0.08287062789192509,0.08287062789192509,True,True,True,9.310000314144418e-05,251.39453125,251.39453125,0.0,1.0,manual_default_tau,,,,"{""finite_edges"": true, ""instance_metadata"": {""complete"": true, ""instance_type"": ""euclidean"", ""n"": 6, ""points"": [[870.2492039700846, 286.8172090875554], [603.1481500515619, 777.5340829201788], [716.0746296035653, 915.3801204905076], [860.3936491828846, 918.2376290487624], [26.587734467597212, 437.2480001295087], [484.9443269772881, 65.15419737010752]], ""scale"": 1000.0, ""seed"": 9, ""symmetric"": true}, ""valid_route"": true}"
small_exact,evaluation,small_exact_euclidean_n6_seed9,euclidean,6,9,python_tsp_dynamic_programming,skipped_missing_dependency,,,2658.423163582472,2658.423163582472,nan,nan,True,,,0.0005187999995541759,251.39453125,251.39453125,0.0,1.0,manual_default_tau,,,,"{""instance_metadata"": {""complete"": true, ""instance_type"": ""euclidean"", ""n"": 6, ""points"": [[870.2492039700846, 286.8172090875554], [603.1481500515619, 777.5340829201788], [716.0746296035653, 915.3801204905076], [860.3936491828846, 918.2376290487624], [26.587734467597212, 437.2480001295087], [484.9443269772881, 65.15419737010752]], ""scale"": 1000.0, ""seed"": 9, ""symmetric"": true}}"
small_exact,evaluation,small_exact_random_symmetric_n6_seed9,random_symmetric,6,9,tn_exact,ok,"[5, 4, 2, 0, 3, 1]",245.73872462836624,245.73872462836624,245.73872462836624,0.0,0.0,True,True,True,0.013496900002792245,251.39453125,251.46875,0.07421875,1.0,manual_default_tau,,True,,"{""exact_mode"": true, ""finite_edges"": true, ""instance_metadata"": {""complete"": true, ""high"": 100.0, ""instance_type"": ""random_symmetric"", ""low"": 1.0, ""n"": 6, ""seed"": 9, ""symmetric"": true}, ""max_layers"": 4, ""n_layers"": null, ""n_layers_effective"": 4, ""normalization_factor"": 89.0652732739846, ""normalize"": true, ""seed"": 9, ""tau"": 1.0, ""valid_route"": true}"
small_exact,evaluation,small_exact_random_symmetric_n6_seed9,random_symmetric,6,9,held_karp,ok,"[5, 4, 2, 0, 3, 1]",245.73872462836624,245.73872462836624,245.73872462836624,0.0,0.0,True,True,True,7.529999857069924e-05,251.46875,251.46875,0.0,1.0,manual_default_tau,,,,"{""instance_metadata"": {""complete"": true, ""high"": 100.0, ""instance_type"": ""random_symmetric"", ""low"": 1.0, ""n"": 6, ""seed"": 9, ""symmetric"": true}, ""max_n"": 18, ""start"": 5}"
small_exact,evaluation,small_exact_random_symmetric_n6_seed9,random_symmetric,6,9,bruteforce,ok,"[5, 1, 3, 0, 2, 4]",245.73872462836624,245.73872462836624,245.73872462836624,0.0,0.0,True,True,True,0.0003055000015592668,251.46875,251.46875,0.0,1.0,manual_default_tau,,,,"{""instance_metadata"": {""complete"": true, ""high"": 100.0, ""instance_type"": ""random_symmetric"", ""low"": 1.0, ""n"": 6, ""seed"": 9, ""symmetric"": true}, ""max_n"": 10, ""permutations_checked"": 120, ""start"": 5}"
small_exact,evaluation,small_exact_random_symmetric_n6_seed9,random_symmetric,6,9,ortools,ok,"[5, 4, 2, 0, 3, 1]",245.73872462836624,245.73872462836624,245.73872462836624,0.0,0.0,True,True,True,0.0010972000018227845,251.46875,251.6640625,0.1953125,1.0,manual_default_tau,,,5.0,"{""finite_edges"": true, ""infinity_penalty"": 534391638000, ""instance_metadata"": {""complete"": true, ""high"": 100.0, ""instance_type"": ""random_symmetric"", ""low"": 1.0, ""n"": 6, ""seed"": 9, ""symmetric"": true}, ""integer_scale"": 1000000, ""start"": 5, ""time_limit_s"": 5.0, ""valid_route"": true}"
small_exact,evaluation,small_exact_random_symmetric_n6_seed9,random_symmetric,6,9,networkx_christofides,skipped_not_applicable,,,245.73872462836624,245.73872462836624,nan,nan,True,,,7.570000161649659e-05,251.6640625,251.6640625,0.0,1.0,manual_default_tau,,,,"{""instance_metadata"": {""complete"": true, ""high"": 100.0, ""instance_type"": ""random_symmetric"", ""low"": 1.0, ""n"": 6, ""seed"": 9, ""symmetric"": true}, ""requires_metric_symmetric_complete"": true}"
small_exact,evaluation,small_exact_random_symmetric_n6_seed9,random_symmetric,6,9,networkx_greedy,ok,"[5, 1, 3, 0, 2, 4]",245.73872462836624,245.73872462836624,245.73872462836624,0.0,0.0,True,True,True,9.270000009564683e-05,251.6640625,251.6640625,0.0,1.0,manual_default_tau,,,,"{""finite_edges"": true, ""instance_metadata"": {""complete"": true, ""high"": 100.0, ""instance_type"": ""random_symmetric"", ""low"": 1.0, ""n"": 6, ""seed"": 9, ""symmetric"": true}, ""valid_route"": true}"
small_exact,evaluation,small_exact_random_symmetric_n6_seed9,random_symmetric,6,9,python_tsp_dynamic_programming,skipped_missing_dependency,,,245.73872462836624,245.73872462836624,nan,nan,True,,,0.0004853999998886138,251.6640625,251.6640625,0.0,1.0,manual_default_tau,,,,"{""instance_metadata"": {""complete"": true, ""high"": 100.0, ""instance_type"": ""random_symmetric"", ""low"": 1.0, ""n"": 6, ""seed"": 9, ""symmetric"": true}}"
small_exact,evaluation,small_exact_random_asymmetric_n6_seed9,random_asymmetric,6,9,tn_exact,ok,"[5, 4, 3, 2, 0, 1]",143.30586681516192,143.30586681516192,143.30586681516192,0.0,0.0,True,True,True,0.012927800002216827,251.6640625,251.6640625,0.0,1.0,manual_default_tau,,True,,"{""exact_mode"": true, ""finite_edges"": true, ""instance_metadata"": {""complete"": true, ""high"": 100.0, ""instance_type"": ""random_asymmetric"", ""low"": 1.0, ""n"": 6, ""seed"": 9, ""symmetric"": false}, ""max_layers"": 4, ""n_layers"": null, ""n_layers_effective"": 4, ""normalization_factor"": 98.78633394256309, ""normalize"": true, ""seed"": 9, ""tau"": 1.0, ""valid_route"": true}"
small_exact,evaluation,small_exact_random_asymmetric_n6_seed9,random_asymmetric,6,9,held_karp,ok,"[5, 4, 3, 2, 0, 1]",143.30586681516192,143.30586681516192,143.30586681516192,0.0,0.0,True,True,True,7.560000085504726e-05,251.6640625,251.6640625,0.0,1.0,manual_default_tau,,,,"{""instance_metadata"": {""complete"": true, ""high"": 100.0, ""instance_type"": ""random_asymmetric"", ""low"": 1.0, ""n"": 6, ""seed"": 9, ""symmetric"": false}, ""max_n"": 18, ""start"": 5}"
small_exact,evaluation,small_exact_random_asymmetric_n6_seed9,random_asymmetric,6,9,bruteforce,ok,"[5, 4, 3, 2, 0, 1]",143.30586681516192,143.30586681516192,143.30586681516192,0.0,0.0,True,True,True,0.0003130000004603062,251.6640625,251.6640625,0.0,1.0,manual_default_tau,,,,"{""instance_metadata"": {""complete"": true, ""high"": 100.0, ""instance_type"": ""random_asymmetric"", ""low"": 1.0, ""n"": 6, ""seed"": 9, ""symmetric"": false}, ""max_n"": 10, ""permutations_checked"": 120, ""start"": 5}"
small_exact,evaluation,small_exact_random_asymmetric_n6_seed9,random_asymmetric,6,9,ortools,ok,"[5, 4, 3, 2, 0, 1]",143.30586681516192,143.30586681516192,143.30586681516192,0.0,0.0,True,True,True,0.0010089999996125698,251.6640625,251.7265625,0.0625,1.0,manual_default_tau,,,5.0,"{""finite_edges"": true, ""infinity_penalty"": 592718004000, ""instance_metadata"": {""complete"": true, ""high"": 100.0, ""instance_type"": ""random_asymmetric"", ""low"": 1.0, ""n"": 6, ""seed"": 9, ""symmetric"": false}, ""integer_scale"": 1000000, ""start"": 5, ""time_limit_s"": 5.0, ""valid_route"": true}"
small_exact,evaluation,small_exact_random_asymmetric_n6_seed9,random_asymmetric,6,9,networkx_christofides,skipped_not_applicable,,,143.30586681516192,143.30586681516192,nan,nan,True,,,6.339999890769832e-05,251.7265625,251.7265625,0.0,1.0,manual_default_tau,,,,"{""instance_metadata"": {""complete"": true, ""high"": 100.0, ""instance_type"": ""random_asymmetric"", ""low"": 1.0, ""n"": 6, ""seed"": 9, ""symmetric"": false}, ""requires_metric_symmetric_complete"": true}"
small_exact,evaluation,small_exact_random_asymmetric_n6_seed9,random_asymmetric,6,9,networkx_greedy,ok,"[5, 4, 3, 2, 0, 1]",143.30586681516192,143.30586681516192,143.30586681516192,0.0,0.0,True,True,True,0.00012490000153775327,251.7265625,251.7265625,0.0,1.0,manual_default_tau,,,,"{""finite_edges"": true, ""instance_metadata"": {""complete"": true, ""high"": 100.0, ""instance_type"": ""random_asymmetric"", ""low"": 1.0, ""n"": 6, ""seed"": 9, ""symmetric"": false}, ""valid_route"": true}"
small_exact,evaluation,small_exact_random_asymmetric_n6_seed9,random_asymmetric,6,9,python_tsp_dynamic_programming,skipped_missing_dependency,,,143.30586681516192,143.30586681516192,nan,nan,True,,,0.0005544999985431787,251.7265625,251.7265625,0.0,1.0,manual_default_tau,,,,"{""instance_metadata"": {""complete"": true, ""high"": 100.0, ""instance_type"": ""random_asymmetric"", ""low"": 1.0, ""n"": 6, ""seed"": 9, ""symmetric"": false}}"
small_exact,evaluation,small_exact_euclidean_n7_seed5,euclidean,7,5,tn_exact,ok,"[6, 4, 2, 3, 1, 5, 0]",2901.331768360426,2901.331768360426,2901.331768360426,0.0,0.0,True,True,True,0.022161599998071324,251.73046875,251.84765625,0.1171875,1.0,manual_default_tau,,True,,"{""exact_mode"": true, ""finite_edges"": true, ""instance_metadata"": {""complete"": true, ""instance_type"": ""euclidean"", ""n"": 7, ""points"": [[805.0029237453801, 807.9407897364938], [515.325561042142, 285.8013800881416], [53.930702381656424, 383.36888078551823], [408.47320541999864, 45.27519390244517], [48.75771072716806, 999.1761150650714], [652.3691115879877, 234.51020166982394], [434.94755222514203, 974.1861932592553]], ""scale"": 1000.0, ""seed"": 5, ""symmetric"": true}, ""max_layers"": 5, ""n_layers"": null, ""n_layers_effective"": 5, ""normalization_factor"": 1019.4715319796893, ""normalize"": true, ""seed"": 5, ""tau"": 1.0, ""valid_route"": true}"
small_exact,evaluation,small_exact_euclidean_n7_seed5,euclidean,7,5,held_karp,ok,"[6, 4, 2, 3, 1, 5, 0]",2901.331768360426,2901.331768360426,2901.331768360426,0.0,0.0,True,True,True,0.00019600000086938962,251.84765625,251.84765625,0.0,1.0,manual_default_tau,,,,"{""instance_metadata"": {""complete"": true, ""instance_type"": ""euclidean"", ""n"": 7, ""points"": [[805.0029237453801, 807.9407897364938], [515.325561042142, 285.8013800881416], [53.930702381656424, 383.36888078551823], [408.47320541999864, 45.27519390244517], [48.75771072716806, 999.1761150650714], [652.3691115879877, 234.51020166982394], [434.94755222514203, 974.1861932592553]], ""scale"": 1000.0, ""seed"": 5, ""symmetric"": true}, ""max_n"": 18, ""start"": 6}"
small_exact,evaluation,small_exact_euclidean_n7_seed5,euclidean,7,5,bruteforce,ok,"[6, 0, 5, 1, 3, 2, 4]",2901.331768360426,2901.331768360426,2901.331768360426,0.0,0.0,True,True,True,0.0021225999989837874,251.84765625,251.84765625,0.0,1.0,manual_default_tau,,,,"{""instance_metadata"": {""complete"": true, ""instance_type"": ""euclidean"", ""n"": 7, ""points"": [[805.0029237453801, 807.9407897364938], [515.325561042142, 285.8013800881416], [53.930702381656424, 383.36888078551823], [408.47320541999864, 45.27519390244517], [48.75771072716806, 999.1761150650714], [652.3691115879877, 234.51020166982394], [434.94755222514203, 974.1861932592553]], ""scale"": 1000.0, ""seed"": 5, ""symmetric"": true}, ""max_n"": 10, ""permutations_checked"": 720, ""start"": 6}"
small_exact,evaluation,small_exact_euclidean_n7_seed5,euclidean,7,5,ortools,ok,"[6, 4, 2, 3, 1, 5, 0]",2901.331768360426,2901.331768360426,2901.331768360426,0.0,0.0,True,True,True,0.0011723999996320345,251.84765625,251.8515625,0.00390625,1.0,manual_default_tau,,,5.0,"{""finite_edges"": true, ""infinity_penalty"": 7136300724000, ""instance_metadata"": {""complete"": true, ""instance_type"": ""euclidean"", ""n"": 7, ""points"": [[805.0029237453801, 807.9407897364938], [515.325561042142, 285.8013800881416], [53.930702381656424, 383.36888078551823], [408.47320541999864, 45.27519390244517], [48.75771072716806, 999.1761150650714], [652.3691115879877, 234.51020166982394], [434.94755222514203, 974.1861932592553]], ""scale"": 1000.0, ""seed"": 5, ""symmetric"": true}, ""integer_scale"": 1000000, ""start"": 6, ""time_limit_s"": 5.0, ""valid_route"": true}"
small_exact,evaluation,small_exact_euclidean_n7_seed5,euclidean,7,5,networkx_christofides,ok,"[6, 0, 5, 1, 3, 2, 4]",2901.331768360426,2901.331768360426,2901.331768360426,0.0,0.0,True,True,True,0.0005691999976988882,251.8515625,251.85546875,0.00390625,1.0,manual_default_tau,,,,"{""finite_edges"": true, ""instance_metadata"": {""complete"": true, ""instance_type"": ""euclidean"", ""n"": 7, ""points"": [[805.0029237453801, 807.9407897364938], [515.325561042142, 285.8013800881416], [53.930702381656424, 383.36888078551823], [408.47320541999864, 45.27519390244517], [48.75771072716806, 999.1761150650714], [652.3691115879877, 234.51020166982394], [434.94755222514203, 974.1861932592553]], ""scale"": 1000.0, ""seed"": 5, ""symmetric"": true}, ""requires_metric_symmetric_complete"": true, ""valid_route"": true}"
small_exact,evaluation,small_exact_euclidean_n7_seed5,euclidean,7,5,networkx_greedy,ok,"[6, 0, 3, 5, 1, 2, 4]",3194.723512005682,2901.331768360426,2901.331768360426,0.10112312795273841,0.10112312795273841,True,True,True,0.00010169999950448982,251.85546875,251.85546875,0.0,1.0,manual_default_tau,,,,"{""finite_edges"": true, ""instance_metadata"": {""complete"": true, ""instance_type"": ""euclidean"", ""n"": 7, ""points"": [[805.0029237453801, 807.9407897364938], [515.325561042142, 285.8013800881416], [53.930702381656424, 383.36888078551823], [408.47320541999864, 45.27519390244517], [48.75771072716806, 999.1761150650714], [652.3691115879877, 234.51020166982394], [434.94755222514203, 974.1861932592553]], ""scale"": 1000.0, ""seed"": 5, ""symmetric"": true}, ""valid_route"": true}"
small_exact,evaluation,small_exact_euclidean_n7_seed5,euclidean,7,5,python_tsp_dynamic_programming,skipped_missing_dependency,,,2901.331768360426,2901.331768360426,nan,nan,True,,,0.0005077000023447908,251.85546875,251.85546875,0.0,1.0,manual_default_tau,,,,"{""instance_metadata"": {""complete"": true, ""instance_type"": ""euclidean"", ""n"": 7, ""points"": [[805.0029237453801, 807.9407897364938], [515.325561042142, 285.8013800881416], [53.930702381656424, 383.36888078551823], [408.47320541999864, 45.27519390244517], [48.75771072716806, 999.1761150650714], [652.3691115879877, 234.51020166982394], [434.94755222514203, 974.1861932592553]], ""scale"": 1000.0, ""seed"": 5, ""symmetric"": true}}"
small_exact,evaluation,small_exact_random_symmetric_n7_seed5,random_symmetric,7,5,tn_exact,ok,"[6, 0, 1, 4, 3, 2, 5]",234.26178280555516,221.80837067202282,221.80837067202282,0.056144915071517254,0.056144915071517254,True,True,True,0.021169600000575883,251.85546875,251.86328125,0.0078125,1.0,manual_default_tau,,True,,"{""exact_mode"": true, ""finite_edges"": true, ""instance_metadata"": {""complete"": true, ""high"": 100.0, ""instance_type"": ""random_symmetric"", ""low"": 1.0, ""n"": 7, ""seed"": 5, ""symmetric"": true}, ""max_layers"": 5, ""n_layers"": null, ""n_layers_effective"": 5, ""normalization_factor"": 92.24865405735372, ""normalize"": true, ""seed"": 5, ""tau"": 1.0, ""valid_route"": true}"
small_exact,evaluation,small_exact_random_symmetric_n7_seed5,random_symmetric,7,5,held_karp,ok,"[6, 4, 1, 5, 2, 3, 0]",221.80837067202282,221.80837067202282,221.80837067202282,0.0,0.0,True,True,True,0.00019840000095427968,251.86328125,251.8671875,0.00390625,1.0,manual_default_tau,,,,"{""instance_metadata"": {""complete"": true, ""high"": 100.0, ""instance_type"": ""random_symmetric"", ""low"": 1.0, ""n"": 7, ""seed"": 5, ""symmetric"": true}, ""max_n"": 18, ""start"": 6}"
small_exact,evaluation,small_exact_random_symmetric_n7_seed5,random_symmetric,7,5,bruteforce,ok,"[6, 4, 1, 5, 2, 3, 0]",221.80837067202282,221.80837067202282,221.80837067202282,0.0,0.0,True,True,True,0.002093400002195267,251.8671875,251.8671875,0.0,1.0,manual_default_tau,,,,"{""instance_metadata"": {""complete"": true, ""high"": 100.0, ""instance_type"": ""random_symmetric"", ""low"": 1.0, ""n"": 7, ""seed"": 5, ""symmetric"": true}, ""max_n"": 10, ""permutations_checked"": 720, ""start"": 6}"
small_exact,evaluation,small_exact_random_symmetric_n7_seed5,random_symmetric,7,5,ortools,ok,"[6, 0, 3, 2, 5, 1, 4]",221.80837067202285,221.80837067202282,221.80837067202282,1.28136324811789e-16,1.28136324811789e-16,True,True,True,0.0012131999974371865,251.8671875,251.8671875,0.0,1.0,manual_default_tau,,,5.0,"{""finite_edges"": true, ""infinity_penalty"": 645740578000, ""instance_metadata"": {""complete"": true, ""high"": 100.0, ""instance_type"": ""random_symmetric"", ""low"": 1.0, ""n"": 7, ""seed"": 5, ""symmetric"": true}, ""integer_scale"": 1000000, ""start"": 6, ""time_limit_s"": 5.0, ""valid_route"": true}"
small_exact,evaluation,small_exact_random_symmetric_n7_seed5,random_symmetric,7,5,networkx_christofides,skipped_not_applicable,,,221.80837067202282,221.80837067202282,nan,nan,True,,,7.410000034724362e-05,251.8671875,251.8671875,0.0,1.0,manual_default_tau,,,,"{""instance_metadata"": {""complete"": true, ""high"": 100.0, ""instance_type"": ""random_symmetric"", ""low"": 1.0, ""n"": 7, ""seed"": 5, ""symmetric"": true}, ""requires_metric_symmetric_complete"": true}"
small_exact,evaluation,small_exact_random_symmetric_n7_seed5,random_symmetric,7,5,networkx_greedy,ok,"[6, 0, 3, 5, 2, 4, 1]",248.85886825311852,221.80837067202282,221.80837067202282,0.12195435861658235,0.12195435861658235,True,True,True,9.839999984251335e-05,251.8671875,251.87109375,0.00390625,1.0,manual_default_tau,,,,"{""finite_edges"": true, ""instance_metadata"": {""complete"": true, ""high"": 100.0, ""instance_type"": ""random_symmetric"", ""low"": 1.0, ""n"": 7, ""seed"": 5, ""symmetric"": true}, ""valid_route"": true}"
small_exact,evaluation,small_exact_random_symmetric_n7_seed5,random_symmetric,7,5,python_tsp_dynamic_programming,skipped_missing_dependency,,,221.80837067202282,221.80837067202282,nan,nan,True,,,0.0005002999969292432,251.87109375,251.87109375,0.0,1.0,manual_default_tau,,,,"{""instance_metadata"": {""complete"": true, ""high"": 100.0, ""instance_type"": ""random_symmetric"", ""low"": 1.0, ""n"": 7, ""seed"": 5, ""symmetric"": true}}"
small_exact,evaluation,small_exact_random_asymmetric_n7_seed5,random_asymmetric,7,5,tn_exact,ok,"[6, 1, 0, 4, 3, 2, 5]",140.07054066683716,140.07054066683716,140.07054066683716,0.0,0.0,True,True,True,0.02181660000132979,251.875,251.96875,0.09375,1.0,manual_default_tau,,True,,"{""exact_mode"": true, ""finite_edges"": true, ""instance_metadata"": {""complete"": true, ""high"": 100.0, ""instance_type"": ""random_asymmetric"", ""low"": 1.0, ""n"": 7, ""seed"": 5, ""symmetric"": false}, ""max_layers"": 5, ""n_layers"": null, ""n_layers_effective"": 5, ""normalization_factor"": 99.91843539144207, ""normalize"": true, ""seed"": 5, ""tau"": 1.0, ""valid_route"": true}"
small_exact,evaluation,small_exact_random_asymmetric_n7_seed5,random_asymmetric,7,5,held_karp,ok,"[6, 1, 0, 4, 3, 2, 5]",140.07054066683716,140.07054066683716,140.07054066683716,0.0,0.0,True,True,True,0.00022639999951934442,251.96875,251.96875,0.0,1.0,manual_default_tau,,,,"{""instance_metadata"": {""complete"": true, ""high"": 100.0, ""instance_type"": ""random_asymmetric"", ""low"": 1.0, ""n"": 7, ""seed"": 5, ""symmetric"": false}, ""max_n"": 18, ""start"": 6}"
small_exact,evaluation,small_exact_random_asymmetric_n7_seed5,random_asymmetric,7,5,bruteforce,ok,"[6, 1, 0, 4, 3, 2, 5]",140.07054066683716,140.07054066683716,140.07054066683716,0.0,0.0,True,True,True,0.002158499999495689,251.96875,251.96875,0.0,1.0,manual_default_tau,,,,"{""instance_metadata"": {""complete"": true, ""high"": 100.0, ""instance_type"": ""random_asymmetric"", ""low"": 1.0, ""n"": 7, ""seed"": 5, ""symmetric"": false}, ""max_n"": 10, ""permutations_checked"": 720, ""start"": 6}"
small_exact,evaluation,small_exact_random_asymmetric_n7_seed5,random_asymmetric,7,5,ortools,ok,"[6, 5, 3, 2, 1, 0, 4]",165.01755500565275,140.07054066683716,140.07054066683716,0.17810322013501015,0.17810322013501015,True,True,True,0.0013786000017717015,251.96875,251.97265625,0.00390625,1.0,manual_default_tau,,,5.0,"{""finite_edges"": true, ""infinity_penalty"": 699429045000, ""instance_metadata"": {""complete"": true, ""high"": 100.0, ""instance_type"": ""random_asymmetric"", ""low"": 1.0, ""n"": 7, ""seed"": 5, ""symmetric"": false}, ""integer_scale"": 1000000, ""start"": 6, ""time_limit_s"": 5.0, ""valid_route"": true}"
small_exact,evaluation,small_exact_random_asymmetric_n7_seed5,random_asymmetric,7,5,networkx_christofides,skipped_not_applicable,,,140.07054066683716,140.07054066683716,nan,nan,True,,,0.0001176999976451043,251.97265625,251.97265625,0.0,1.0,manual_default_tau,,,,"{""instance_metadata"": {""complete"": true, ""high"": 100.0, ""instance_type"": ""random_asymmetric"", ""low"": 1.0, ""n"": 7, ""seed"": 5, ""symmetric"": false}, ""requires_metric_symmetric_complete"": true}"
small_exact,evaluation,small_exact_random_asymmetric_n7_seed5,random_asymmetric,7,5,networkx_greedy,ok,"[6, 0, 4, 3, 2, 5, 1]",224.41048626528902,140.07054066683716,140.07054066683716,0.6021247950991884,0.6021247950991884,True,True,True,0.000158200000441866,251.97265625,251.97265625,0.0,1.0,manual_default_tau,,,,"{""finite_edges"": true, ""instance_metadata"": {""complete"": true, ""high"": 100.0, ""instance_type"": ""random_asymmetric"", ""low"": 1.0, ""n"": 7, ""seed"": 5, ""symmetric"": false}, ""valid_route"": true}"
small_exact,evaluation,small_exact_random_asymmetric_n7_seed5,random_asymmetric,7,5,python_tsp_dynamic_programming,skipped_missing_dependency,,,140.07054066683716,140.07054066683716,nan,nan,True,,,0.0005972999970254023,251.97265625,251.97265625,0.0,1.0,manual_default_tau,,,,"{""instance_metadata"": {""complete"": true, ""high"": 100.0, ""instance_type"": ""random_asymmetric"", ""low"": 1.0, ""n"": 7, ""seed"": 5, ""symmetric"": false}}"
small_exact,evaluation,small_exact_euclidean_n7_seed6,euclidean,7,6,tn_exact,ok,"[6, 5, 1, 0, 4, 3, 2]",2821.8400236374973,2821.840023637497,2821.840023637497,1.6115277516698887e-16,1.6115277516698887e-16,True,True,True,0.02240460000029998,251.97265625,252.05859375,0.0859375,1.0,manual_default_tau,,True,,"{""exact_mode"": true, ""finite_edges"": true, ""instance_metadata"": {""complete"": true, ""instance_type"": ""euclidean"", ""n"": 7, ""points"": [[538.1643514719432, 343.27086981333844], [369.06723979537827, 374.49676558788235], [987.4449901864666, 632.7562726071461], [674.3239305044935, 329.96345538545836], [679.9176611640223, 122.97237488719004], [51.729231983775215, 850.1913468087871], [8.895805535434675, 978.7675621852967]], ""scale"": 1000.0, ""seed"": 6, ""symmetric"": true}, ""max_layers"": 5, ""n_layers"": null, ""n_layers_effective"": 5, ""normalization_factor"": 1087.4997624523116, ""normalize"": true, ""seed"": 6, ""tau"": 1.0, ""valid_route"": true}"
small_exact,evaluation,small_exact_euclidean_n7_seed6,euclidean,7,6,held_karp,ok,"[6, 2, 3, 4, 0, 1, 5]",2821.840023637497,2821.840023637497,2821.840023637497,0.0,0.0,True,True,True,0.00020310000036261044,252.05859375,252.05859375,0.0,1.0,manual_default_tau,,,,"{""instance_metadata"": {""complete"": true, ""instance_type"": ""euclidean"", ""n"": 7, ""points"": [[538.1643514719432, 343.27086981333844], [369.06723979537827, 374.49676558788235], [987.4449901864666, 632.7562726071461], [674.3239305044935, 329.96345538545836], [679.9176611640223, 122.97237488719004], [51.729231983775215, 850.1913468087871], [8.895805535434675, 978.7675621852967]], ""scale"": 1000.0, ""seed"": 6, ""symmetric"": true}, ""max_n"": 18, ""start"": 6}"
small_exact,evaluation,small_exact_euclidean_n7_seed6,euclidean,7,6,bruteforce,ok,"[6, 2, 3, 4, 0, 1, 5]",2821.840023637497,2821.840023637497,2821.840023637497,0.0,0.0,True,True,True,0.0021665999993274454,252.05859375,252.05859375,0.0,1.0,manual_default_tau,,,,"{""instance_metadata"": {""complete"": true, ""instance_type"": ""euclidean"", ""n"": 7, ""points"": [[538.1643514719432, 343.27086981333844], [369.06723979537827, 374.49676558788235], [987.4449901864666, 632.7562726071461], [674.3239305044935, 329.96345538545836], [679.9176611640223, 122.97237488719004], [51.729231983775215, 850.1913468087871], [8.895805535434675, 978.7675621852967]], ""scale"": 1000.0, ""seed"": 6, ""symmetric"": true}, ""max_n"": 10, ""permutations_checked"": 720, ""start"": 6}"
small_exact,evaluation,small_exact_euclidean_n7_seed6,euclidean,7,6,ortools,ok,"[6, 5, 1, 0, 4, 3, 2]",2821.8400236374973,2821.840023637497,2821.840023637497,1.6115277516698887e-16,1.6115277516698887e-16,True,True,True,0.0012241000003996305,252.05859375,252.05859375,0.0,1.0,manual_default_tau,,,5.0,"{""finite_edges"": true, ""infinity_penalty"": 7612498334000, ""instance_metadata"": {""complete"": true, ""instance_type"": ""euclidean"", ""n"": 7, ""points"": [[538.1643514719432, 343.27086981333844], [369.06723979537827, 374.49676558788235], [987.4449901864666, 632.7562726071461], [674.3239305044935, 329.96345538545836], [679.9176611640223, 122.97237488719004], [51.729231983775215, 850.1913468087871], [8.895805535434675, 978.7675621852967]], ""scale"": 1000.0, ""seed"": 6, ""symmetric"": true}, ""integer_scale"": 1000000, ""start"": 6, ""time_limit_s"": 5.0, ""valid_route"": true}"
small_exact,evaluation,small_exact_euclidean_n7_seed6,euclidean,7,6,networkx_christofides,ok,"[6, 2, 3, 4, 0, 1, 5]",2821.840023637497,2821.840023637497,2821.840023637497,0.0,0.0,True,True,True,0.0006609000010939781,252.05859375,252.05859375,0.0,1.0,manual_default_tau,,,,"{""finite_edges"": true, ""instance_metadata"": {""complete"": true, ""instance_type"": ""euclidean"", ""n"": 7, ""points"": [[538.1643514719432, 343.27086981333844], [369.06723979537827, 374.49676558788235], [987.4449901864666, 632.7562726071461], [674.3239305044935, 329.96345538545836], [679.9176611640223, 122.97237488719004], [51.729231983775215, 850.1913468087871], [8.895805535434675, 978.7675621852967]], ""scale"": 1000.0, ""seed"": 6, ""symmetric"": true}, ""requires_metric_symmetric_complete"": true, ""valid_route"": true}"
small_exact,evaluation,small_exact_euclidean_n7_seed6,euclidean,7,6,networkx_greedy,ok,"[6, 2, 4, 3, 0, 1, 5]",2856.464974920708,2821.840023637497,2821.840023637497,0.012270345233312566,0.012270345233312566,True,True,True,0.00011770000128308311,252.05859375,252.05859375,0.0,1.0,manual_default_tau,,,,"{""finite_edges"": true, ""instance_metadata"": {""complete"": true, ""instance_type"": ""euclidean"", ""n"": 7, ""points"": [[538.1643514719432, 343.27086981333844], [369.06723979537827, 374.49676558788235], [987.4449901864666, 632.7562726071461], [674.3239305044935, 329.96345538545836], [679.9176611640223, 122.97237488719004], [51.729231983775215, 850.1913468087871], [8.895805535434675, 978.7675621852967]], ""scale"": 1000.0, ""seed"": 6, ""symmetric"": true}, ""valid_route"": true}"
small_exact,evaluation,small_exact_euclidean_n7_seed6,euclidean,7,6,python_tsp_dynamic_programming,skipped_missing_dependency,,,2821.840023637497,2821.840023637497,nan,nan,True,,,0.0005568999986280687,252.05859375,252.05859375,0.0,1.0,manual_default_tau,,,,"{""instance_metadata"": {""complete"": true, ""instance_type"": ""euclidean"", ""n"": 7, ""points"": [[538.1643514719432, 343.27086981333844], [369.06723979537827, 374.49676558788235], [987.4449901864666, 632.7562726071461], [674.3239305044935, 329.96345538545836], [679.9176611640223, 122.97237488719004], [51.729231983775215, 850.1913468087871], [8.895805535434675, 978.7675621852967]], ""scale"": 1000.0, ""seed"": 6, ""symmetric"": true}}"
small_exact,evaluation,small_exact_random_symmetric_n7_seed6,random_symmetric,7,6,tn_exact,ok,"[6, 4, 3, 1, 0, 2, 5]",269.78770643901896,245.93742381076635,245.93742381076635,0.09697703691734176,0.09697703691734176,True,True,True,0.02167840000038268,252.05859375,252.05859375,0.0,1.0,manual_default_tau,,True,,"{""exact_mode"": true, ""finite_edges"": true, ""instance_metadata"": {""complete"": true, ""high"": 100.0, ""instance_type"": ""random_symmetric"", ""low"": 1.0, ""n"": 7, ""seed"": 6, ""symmetric"": true}, ""max_layers"": 5, ""n_layers"": null, ""n_layers_effective"": 5, ""normalization_factor"": 92.34842286276243, ""normalize"": true, ""seed"": 6, ""tau"": 1.0, ""valid_route"": true}"
small_exact,evaluation,small_exact_random_symmetric_n7_seed6,random_symmetric,7,6,held_karp,ok,"[6, 4, 5, 2, 3, 1, 0]",245.93742381076635,245.93742381076635,245.93742381076635,0.0,0.0,True,True,True,0.0001947999990079552,252.05859375,252.05859375,0.0,1.0,manual_default_tau,,,,"{""instance_metadata"": {""complete"": true, ""high"": 100.0, ""instance_type"": ""random_symmetric"", ""low"": 1.0, ""n"": 7, ""seed"": 6, ""symmetric"": true}, ""max_n"": 18, ""start"": 6}"
small_exact,evaluation,small_exact_random_symmetric_n7_seed6,random_symmetric,7,6,bruteforce,ok,"[6, 0, 1, 3, 2, 5, 4]",245.93742381076635,245.93742381076635,245.93742381076635,0.0,0.0,True,True,True,0.0020656999986385927,252.05859375,252.05859375,0.0,1.0,manual_default_tau,,,,"{""instance_metadata"": {""complete"": true, ""high"": 100.0, ""instance_type"": ""random_symmetric"", ""low"": 1.0, ""n"": 7, ""seed"": 6, ""symmetric"": true}, ""max_n"": 10, ""permutations_checked"": 720, ""start"": 6}"
small_exact,evaluation,small_exact_random_symmetric_n7_seed6,random_symmetric,7,6,ortools,ok,"[6, 4, 5, 2, 3, 1, 0]",245.93742381076635,245.93742381076635,245.93742381076635,0.0,0.0,True,True,True,0.001258399999642279,252.05859375,252.05859375,0.0,1.0,manual_default_tau,,,5.0,"{""finite_edges"": true, ""infinity_penalty"": 646438961000, ""instance_metadata"": {""complete"": true, ""high"": 100.0, ""instance_type"": ""random_symmetric"", ""low"": 1.0, ""n"": 7, ""seed"": 6, ""symmetric"": true}, ""integer_scale"": 1000000, ""start"": 6, ""time_limit_s"": 5.0, ""valid_route"": true}"
small_exact,evaluation,small_exact_random_symmetric_n7_seed6,random_symmetric,7,6,networkx_christofides,skipped_not_applicable,,,245.93742381076635,245.93742381076635,nan,nan,True,,,0.00011810000069090165,252.05859375,252.05859375,0.0,1.0,manual_default_tau,,,,"{""instance_metadata"": {""complete"": true, ""high"": 100.0, ""instance_type"": ""random_symmetric"", ""low"": 1.0, ""n"": 7, ""seed"": 6, ""symmetric"": true}, ""requires_metric_symmetric_complete"": true}"
small_exact,evaluation,small_exact_random_symmetric_n7_seed6,random_symmetric,7,6,networkx_greedy,ok,"[6, 2, 5, 0, 1, 3, 4]",285.18586362892546,245.93742381076635,245.93742381076635,0.15958709825454773,0.15958709825454773,True,True,True,0.0001584999990882352,252.05859375,252.05859375,0.0,1.0,manual_default_tau,,,,"{""finite_edges"": true, ""instance_metadata"": {""complete"": true, ""high"": 100.0, ""instance_type"": ""random_symmetric"", ""low"": 1.0, ""n"": 7, ""seed"": 6, ""symmetric"": true}, ""valid_route"": true}"
small_exact,evaluation,small_exact_random_symmetric_n7_seed6,random_symmetric,7,6,python_tsp_dynamic_programming,skipped_missing_dependency,,,245.93742381076635,245.93742381076635,nan,nan,True,,,0.0005049999999755528,252.0625,252.0625,0.0,1.0,manual_default_tau,,,,"{""instance_metadata"": {""complete"": true, ""high"": 100.0, ""instance_type"": ""random_symmetric"", ""low"": 1.0, ""n"": 7, ""seed"": 6, ""symmetric"": true}}"
small_exact,evaluation,small_exact_random_asymmetric_n7_seed6,random_asymmetric,7,6,tn_exact,ok,"[6, 4, 0, 1, 3, 5, 2]",165.86999532317512,165.86999532317512,165.86999532317512,0.0,0.0,True,True,True,0.02156269999977667,252.0625,252.109375,0.046875,1.0,manual_default_tau,,True,,"{""exact_mode"": true, ""finite_edges"": true, ""instance_metadata"": {""complete"": true, ""high"": 100.0, ""instance_type"": ""random_asymmetric"", ""low"": 1.0, ""n"": 7, ""seed"": 6, ""symmetric"": false}, ""max_layers"": 5, ""n_layers"": null, ""n_layers_effective"": 5, ""normalization_factor"": 98.75705402846019, ""normalize"": true, ""seed"": 6, ""tau"": 1.0, ""valid_route"": true}"
small_exact,evaluation,small_exact_random_asymmetric_n7_seed6,random_asymmetric,7,6,held_karp,ok,"[6, 4, 0, 1, 3, 5, 2]",165.86999532317512,165.86999532317512,165.86999532317512,0.0,0.0,True,True,True,0.0001894999986689072,252.109375,252.109375,0.0,1.0,manual_default_tau,,,,"{""instance_metadata"": {""complete"": true, ""high"": 100.0, ""instance_type"": ""random_asymmetric"", ""low"": 1.0, ""n"": 7, ""seed"": 6, ""symmetric"": false}, ""max_n"": 18, ""start"": 6}"
small_exact,evaluation,small_exact_random_asymmetric_n7_seed6,random_asymmetric,7,6,bruteforce,ok,"[6, 4, 0, 1, 3, 5, 2]",165.86999532317512,165.86999532317512,165.86999532317512,0.0,0.0,True,True,True,0.0021019999985583127,252.109375,252.109375,0.0,1.0,manual_default_tau,,,,"{""instance_metadata"": {""complete"": true, ""high"": 100.0, ""instance_type"": ""random_asymmetric"", ""low"": 1.0, ""n"": 7, ""seed"": 6, ""symmetric"": false}, ""max_n"": 10, ""permutations_checked"": 720, ""start"": 6}"
small_exact,evaluation,small_exact_random_asymmetric_n7_seed6,random_asymmetric,7,6,ortools,ok,"[6, 0, 2, 3, 1, 5, 4]",170.6694335386936,165.86999532317512,165.86999532317512,0.028934939114017733,0.028934939114017733,True,True,True,0.0012273000029381365,252.109375,252.109375,0.0,1.0,manual_default_tau,,,5.0,"{""finite_edges"": true, ""infinity_penalty"": 691299378000, ""instance_metadata"": {""complete"": true, ""high"": 100.0, ""instance_type"": ""random_asymmetric"", ""low"": 1.0, ""n"": 7, ""seed"": 6, ""symmetric"": false}, ""integer_scale"": 1000000, ""start"": 6, ""time_limit_s"": 5.0, ""valid_route"": true}"
small_exact,evaluation,small_exact_random_asymmetric_n7_seed6,random_asymmetric,7,6,networkx_christofides,skipped_not_applicable,,,165.86999532317512,165.86999532317512,nan,nan,True,,,6.579999899258837e-05,252.109375,252.109375,0.0,1.0,manual_default_tau,,,,"{""instance_metadata"": {""complete"": true, ""high"": 100.0, ""instance_type"": ""random_asymmetric"", ""low"": 1.0, ""n"": 7, ""seed"": 6, ""symmetric"": false}, ""requires_metric_symmetric_complete"": true}"
small_exact,evaluation,small_exact_random_asymmetric_n7_seed6,random_asymmetric,7,6,networkx_greedy,ok,"[6, 4, 0, 1, 5, 2, 3]",195.2179420173131,165.86999532317512,165.86999532317512,0.17693342691037947,0.17693342691037947,True,True,True,0.00017289999959757552,252.109375,252.109375,0.0,1.0,manual_default_tau,,,,"{""finite_edges"": true, ""instance_metadata"": {""complete"": true, ""high"": 100.0, ""instance_type"": ""random_asymmetric"", ""low"": 1.0, ""n"": 7, ""seed"": 6, ""symmetric"": false}, ""valid_route"": true}"
small_exact,evaluation,small_exact_random_asymmetric_n7_seed6,random_asymmetric,7,6,python_tsp_dynamic_programming,skipped_missing_dependency,,,165.86999532317512,165.86999532317512,nan,nan,True,,,0.0005123000009916723,252.109375,252.109375,0.0,1.0,manual_default_tau,,,,"{""instance_metadata"": {""complete"": true, ""high"": 100.0, ""instance_type"": ""random_asymmetric"", ""low"": 1.0, ""n"": 7, ""seed"": 6, ""symmetric"": false}}"
small_exact,evaluation,small_exact_euclidean_n7_seed7,euclidean,7,7,tn_exact,ok,"[6, 5, 1, 4, 0, 2, 3]",2431.95417121589,2431.95417121589,2431.95417121589,0.0,0.0,True,True,True,0.021096000000397908,252.109375,252.11328125,0.00390625,1.0,manual_default_tau,,True,,"{""exact_mode"": true, ""finite_edges"": true, ""instance_metadata"": {""complete"": true, ""instance_type"": ""euclidean"", ""n"": 7, ""points"": [[625.095466604667, 897.2138009695755], [775.6856902451935, 225.20718999059187], [300.16628491122543, 873.5534453962618], [5.265304565574724, 821.2284183827662], [797.0694287520462, 467.9349528437208], [303.0324268193135, 278.4256121007733], [254.8695876541246, 445.0763058826466]], ""scale"": 1000.0, ""seed"": 7, ""symmetric"": true}, ""max_layers"": 5, ""n_layers"": null, ""n_layers_effective"": 5, ""normalization_factor"": 974.0579425089911, ""normalize"": true, ""seed"": 7, ""tau"": 1.0, ""valid_route"": true}"
small_exact,evaluation,small_exact_euclidean_n7_seed7,euclidean,7,7,held_karp,ok,"[6, 5, 1, 4, 0, 2, 3]",2431.95417121589,2431.95417121589,2431.95417121589,0.0,0.0,True,True,True,0.0002134000023943372,252.11328125,252.11328125,0.0,1.0,manual_default_tau,,,,"{""instance_metadata"": {""complete"": true, ""instance_type"": ""euclidean"", ""n"": 7, ""points"": [[625.095466604667, 897.2138009695755], [775.6856902451935, 225.20718999059187], [300.16628491122543, 873.5534453962618], [5.265304565574724, 821.2284183827662], [797.0694287520462, 467.9349528437208], [303.0324268193135, 278.4256121007733], [254.8695876541246, 445.0763058826466]], ""scale"": 1000.0, ""seed"": 7, ""symmetric"": true}, ""max_n"": 18, ""start"": 6}"
small_exact,evaluation,small_exact_euclidean_n7_seed7,euclidean,7,7,bruteforce,ok,"[6, 3, 2, 0, 4, 1, 5]",2431.95417121589,2431.95417121589,2431.95417121589,0.0,0.0,True,True,True,0.002130200002284255,252.11328125,252.11328125,0.0,1.0,manual_default_tau,,,,"{""instance_metadata"": {""complete"": true, ""instance_type"": ""euclidean"", ""n"": 7, ""points"": [[625.095466604667, 897.2138009695755], [775.6856902451935, 225.20718999059187], [300.16628491122543, 873.5534453962618], [5.265304565574724, 821.2284183827662], [797.0694287520462, 467.9349528437208], [303.0324268193135, 278.4256121007733], [254.8695876541246, 445.0763058826466]], ""scale"": 1000.0, ""seed"": 7, ""symmetric"": true}, ""max_n"": 10, ""permutations_checked"": 720, ""start"": 6}"
small_exact,evaluation,small_exact_euclidean_n7_seed7,euclidean,7,7,ortools,ok,"[6, 5, 1, 4, 0, 2, 3]",2431.95417121589,2431.95417121589,2431.95417121589,0.0,0.0,True,True,True,0.0011090999978478067,252.11328125,252.1171875,0.00390625,1.0,manual_default_tau,,,5.0,"{""finite_edges"": true, ""infinity_penalty"": 6818405601000, ""instance_metadata"": {""complete"": true, ""instance_type"": ""euclidean"", ""n"": 7, ""points"": [[625.095466604667, 897.2138009695755], [775.6856902451935, 225.20718999059187], [300.16628491122543, 873.5534453962618], [5.265304565574724, 821.2284183827662], [797.0694287520462, 467.9349528437208], [303.0324268193135, 278.4256121007733], [254.8695876541246, 445.0763058826466]], ""scale"": 1000.0, ""seed"": 7, ""symmetric"": true}, ""integer_scale"": 1000000, ""start"": 6, ""time_limit_s"": 5.0, ""valid_route"": true}"
small_exact,evaluation,small_exact_euclidean_n7_seed7,euclidean,7,7,networkx_christofides,ok,"[6, 2, 3, 0, 4, 1, 5]",2710.065743433686,2431.95417121589,2431.95417121589,0.11435724221676029,0.11435724221676029,True,True,True,0.000966899999184534,252.1171875,252.1328125,0.015625,1.0,manual_default_tau,,,,"{""finite_edges"": true, ""instance_metadata"": {""complete"": true, ""instance_type"": ""euclidean"", ""n"": 7, ""points"": [[625.095466604667, 897.2138009695755], [775.6856902451935, 225.20718999059187], [300.16628491122543, 873.5534453962618], [5.265304565574724, 821.2284183827662], [797.0694287520462, 467.9349528437208], [303.0324268193135, 278.4256121007733], [254.8695876541246, 445.0763058826466]], ""scale"": 1000.0, ""seed"": 7, ""symmetric"": true}, ""requires_metric_symmetric_complete"": true, ""valid_route"": true}"
small_exact,evaluation,small_exact_euclidean_n7_seed7,euclidean,7,7,networkx_greedy,ok,"[6, 3, 2, 0, 4, 1, 5]",2431.95417121589,2431.95417121589,2431.95417121589,0.0,0.0,True,True,True,0.00011049999739043415,252.1328125,252.1328125,0.0,1.0,manual_default_tau,,,,"{""finite_edges"": true, ""instance_metadata"": {""complete"": true, ""instance_type"": ""euclidean"", ""n"": 7, ""points"": [[625.095466604667, 897.2138009695755], [775.6856902451935, 225.20718999059187], [300.16628491122543, 873.5534453962618], [5.265304565574724, 821.2284183827662], [797.0694287520462, 467.9349528437208], [303.0324268193135, 278.4256121007733], [254.8695876541246, 445.0763058826466]], ""scale"": 1000.0, ""seed"": 7, ""symmetric"": true}, ""valid_route"": true}"
small_exact,evaluation,small_exact_euclidean_n7_seed7,euclidean,7,7,python_tsp_dynamic_programming,skipped_missing_dependency,,,2431.95417121589,2431.95417121589,nan,nan,True,,,0.0004912000003969297,252.1328125,252.1328125,0.0,1.0,manual_default_tau,,,,"{""instance_metadata"": {""complete"": true, ""instance_type"": ""euclidean"", ""n"": 7, ""points"": [[625.095466604667, 897.2138009695755], [775.6856902451935, 225.20718999059187], [300.16628491122543, 873.5534453962618], [5.265304565574724, 821.2284183827662], [797.0694287520462, 467.9349528437208], [303.0324268193135, 278.4256121007733], [254.8695876541246, 445.0763058826466]], ""scale"": 1000.0, ""seed"": 7, ""symmetric"": true}}"
small_exact,evaluation,small_exact_random_symmetric_n7_seed7,random_symmetric,7,7,tn_exact,ok,"[6, 0, 3, 2, 1, 5, 4]",230.40876677137567,230.2750155120375,230.2750155120375,0.0005808327014581272,0.0005808327014581272,True,True,True,0.021958100001938874,252.1328125,252.1328125,0.0,1.0,manual_default_tau,,True,,"{""exact_mode"": true, ""finite_edges"": true, ""instance_metadata"": {""complete"": true, ""high"": 100.0, ""instance_type"": ""random_symmetric"", ""low"": 1.0, ""n"": 7, ""seed"": 7, ""symmetric"": true}, ""max_layers"": 5, ""n_layers"": null, ""n_layers_effective"": 5, ""normalization_factor"": 86.06288985794092, ""normalize"": true, ""seed"": 7, ""tau"": 1.0, ""valid_route"": true}"
small_exact,evaluation,small_exact_random_symmetric_n7_seed7,random_symmetric,7,7,held_karp,ok,"[6, 0, 3, 4, 5, 1, 2]",230.2750155120375,230.2750155120375,230.2750155120375,0.0,0.0,True,True,True,0.00020189999850117601,252.1328125,252.1328125,0.0,1.0,manual_default_tau,,,,"{""instance_metadata"": {""complete"": true, ""high"": 100.0, ""instance_type"": ""random_symmetric"", ""low"": 1.0, ""n"": 7, ""seed"": 7, ""symmetric"": true}, ""max_n"": 18, ""start"": 6}"
small_exact,evaluation,small_exact_random_symmetric_n7_seed7,random_symmetric,7,7,bruteforce,ok,"[6, 0, 3, 4, 5, 1, 2]",230.2750155120375,230.2750155120375,230.2750155120375,0.0,0.0,True,True,True,0.0021192000021983404,252.1328125,252.1328125,0.0,1.0,manual_default_tau,,,,"{""instance_metadata"": {""complete"": true, ""high"": 100.0, ""instance_type"": ""random_symmetric"", ""low"": 1.0, ""n"": 7, ""seed"": 7, ""symmetric"": true}, ""max_n"": 10, ""permutations_checked"": 720, ""start"": 6}"
small_exact,evaluation,small_exact_random_symmetric_n7_seed7,random_symmetric,7,7,ortools,ok,"[6, 0, 3, 4, 5, 1, 2]",230.2750155120375,230.2750155120375,230.2750155120375,0.0,0.0,True,True,True,0.0013480999987223186,252.1328125,252.1328125,0.0,1.0,manual_default_tau,,,5.0,"{""finite_edges"": true, ""infinity_penalty"": 602440230000, ""instance_metadata"": {""complete"": true, ""high"": 100.0, ""instance_type"": ""random_symmetric"", ""low"": 1.0, ""n"": 7, ""seed"": 7, ""symmetric"": true}, ""integer_scale"": 1000000, ""start"": 6, ""time_limit_s"": 5.0, ""valid_route"": true}"
small_exact,evaluation,small_exact_random_symmetric_n7_seed7,random_symmetric,7,7,networkx_christofides,skipped_not_applicable,,,230.2750155120375,230.2750155120375,nan,nan,True,,,9.770000178832561e-05,252.1328125,252.1328125,0.0,1.0,manual_default_tau,,,,"{""instance_metadata"": {""complete"": true, ""high"": 100.0, ""instance_type"": ""random_symmetric"", ""low"": 1.0, ""n"": 7, ""seed"": 7, ""symmetric"": true}, ""requires_metric_symmetric_complete"": true}"
small_exact,evaluation,small_exact_random_symmetric_n7_seed7,random_symmetric,7,7,networkx_greedy,ok,"[6, 0, 3, 4, 5, 1, 2]",230.2750155120375,230.2750155120375,230.2750155120375,0.0,0.0,True,True,True,0.00014259999807109125,252.1328125,252.1328125,0.0,1.0,manual_default_tau,,,,"{""finite_edges"": true, ""instance_metadata"": {""complete"": true, ""high"": 100.0, ""instance_type"": ""random_symmetric"", ""low"": 1.0, ""n"": 7, ""seed"": 7, ""symmetric"": true}, ""valid_route"": true}"
small_exact,evaluation,small_exact_random_symmetric_n7_seed7,random_symmetric,7,7,python_tsp_dynamic_programming,skipped_missing_dependency,,,230.2750155120375,230.2750155120375,nan,nan,True,,,0.0005748999974457547,252.1328125,252.1328125,0.0,1.0,manual_default_tau,,,,"{""instance_metadata"": {""complete"": true, ""high"": 100.0, ""instance_type"": ""random_symmetric"", ""low"": 1.0, ""n"": 7, ""seed"": 7, ""symmetric"": true}}"
small_exact,evaluation,small_exact_random_asymmetric_n7_seed7,random_asymmetric,7,7,tn_exact,ok,"[6, 4, 5, 1, 3, 2, 0]",156.51198373752402,136.65427173334808,136.65427173334808,0.14531351089356404,0.14531351089356404,True,True,True,0.022255299998505507,252.1328125,252.20703125,0.07421875,1.0,manual_default_tau,,True,,"{""exact_mode"": true, ""finite_edges"": true, ""instance_metadata"": {""complete"": true, ""high"": 100.0, ""instance_type"": ""random_asymmetric"", ""low"": 1.0, ""n"": 7, ""seed"": 7, ""symmetric"": false}, ""max_layers"": 5, ""n_layers"": null, ""n_layers_effective"": 5, ""normalization_factor"": 98.9070546205066, ""normalize"": true, ""seed"": 7, ""tau"": 1.0, ""valid_route"": true}"
small_exact,evaluation,small_exact_random_asymmetric_n7_seed7,random_asymmetric,7,7,held_karp,ok,"[6, 4, 5, 2, 1, 3, 0]",136.65427173334808,136.65427173334808,136.65427173334808,0.0,0.0,True,True,True,0.00020189999850117601,252.20703125,252.20703125,0.0,1.0,manual_default_tau,,,,"{""instance_metadata"": {""complete"": true, ""high"": 100.0, ""instance_type"": ""random_asymmetric"", ""low"": 1.0, ""n"": 7, ""seed"": 7, ""symmetric"": false}, ""max_n"": 18, ""start"": 6}"
small_exact,evaluation,small_exact_random_asymmetric_n7_seed7,random_asymmetric,7,7,bruteforce,ok,"[6, 4, 5, 2, 1, 3, 0]",136.65427173334808,136.65427173334808,136.65427173334808,0.0,0.0,True,True,True,0.002038799997535534,252.20703125,252.20703125,0.0,1.0,manual_default_tau,,,,"{""instance_metadata"": {""complete"": true, ""high"": 100.0, ""instance_type"": ""random_asymmetric"", ""low"": 1.0, ""n"": 7, ""seed"": 7, ""symmetric"": false}, ""max_n"": 10, ""permutations_checked"": 720, ""start"": 6}"
small_exact,evaluation,small_exact_random_asymmetric_n7_seed7,random_asymmetric,7,7,ortools,ok,"[6, 4, 5, 2, 1, 3, 0]",136.65427173334808,136.65427173334808,136.65427173334808,0.0,0.0,True,True,True,0.0011049000022467226,252.20703125,252.20703125,0.0,1.0,manual_default_tau,,,5.0,"{""finite_edges"": true, ""infinity_penalty"": 692349385000, ""instance_metadata"": {""complete"": true, ""high"": 100.0, ""instance_type"": ""random_asymmetric"", ""low"": 1.0, ""n"": 7, ""seed"": 7, ""symmetric"": false}, ""integer_scale"": 1000000, ""start"": 6, ""time_limit_s"": 5.0, ""valid_route"": true}"
small_exact,evaluation,small_exact_random_asymmetric_n7_seed7,random_asymmetric,7,7,networkx_christofides,skipped_not_applicable,,,136.65427173334808,136.65427173334808,nan,nan,True,,,6.84000006003771e-05,252.20703125,252.20703125,0.0,1.0,manual_default_tau,,,,"{""instance_metadata"": {""complete"": true, ""high"": 100.0, ""instance_type"": ""random_asymmetric"", ""low"": 1.0, ""n"": 7, ""seed"": 7, ""symmetric"": false}, ""requires_metric_symmetric_complete"": true}"
small_exact,evaluation,small_exact_random_asymmetric_n7_seed7,random_asymmetric,7,7,networkx_greedy,ok,"[6, 4, 5, 2, 0, 3, 1]",212.42533167026085,136.65427173334808,136.65427173334808,0.5544726774788568,0.5544726774788568,True,True,True,0.00019099999917671084,252.20703125,252.2109375,0.00390625,1.0,manual_default_tau,,,,"{""finite_edges"": true, ""instance_metadata"": {""complete"": true, ""high"": 100.0, ""instance_type"": ""random_asymmetric"", ""low"": 1.0, ""n"": 7, ""seed"": 7, ""symmetric"": false}, ""valid_route"": true}"
small_exact,evaluation,small_exact_random_asymmetric_n7_seed7,random_asymmetric,7,7,python_tsp_dynamic_programming,skipped_missing_dependency,,,136.65427173334808,136.65427173334808,nan,nan,True,,,0.0005999999993946403,252.2109375,252.2109375,0.0,1.0,manual_default_tau,,,,"{""instance_metadata"": {""complete"": true, ""high"": 100.0, ""instance_type"": ""random_asymmetric"", ""low"": 1.0, ""n"": 7, ""seed"": 7, ""symmetric"": false}}"
small_exact,evaluation,small_exact_euclidean_n7_seed8,euclidean,7,8,tn_exact,ok,"[6, 5, 4, 1, 0, 2, 3]",2466.985756013022,2421.1801347910573,2421.1801347910573,0.01891871677111617,0.01891871677111617,True,True,True,0.021277899999404326,252.2109375,252.2109375,0.0,1.0,manual_default_tau,,True,,"{""exact_mode"": true, ""finite_edges"": true, ""instance_metadata"": {""complete"": true, ""instance_type"": ""euclidean"", ""n"": 7, ""points"": [[326.9722766055607, 987.2768433379256], [318.7108384855167, 788.548935820029], [869.8965116962161, 391.08480653919395], [437.8818731227988, 372.74890308935306], [106.95359647277436, 478.965454162717], [241.3521450846823, 257.1452485511297], [184.7315568344149, 193.8645489043107]], ""scale"": 1000.0, ""seed"": 8, ""symmetric"": true}, ""max_layers"": 5, ""n_layers"": null, ""n_layers_effective"": 5, ""normalization_factor"": 806.3570361762793, ""normalize"": true, ""seed"": 8, ""tau"": 1.0, ""valid_route"": true}"
small_exact,evaluation,small_exact_euclidean_n7_seed8,euclidean,7,8,held_karp,ok,"[6, 5, 3, 2, 0, 1, 4]",2421.1801347910573,2421.1801347910573,2421.1801347910573,0.0,0.0,True,True,True,0.00019600000086938962,252.2109375,252.2109375,0.0,1.0,manual_default_tau,,,,"{""instance_metadata"": {""complete"": true, ""instance_type"": ""euclidean"", ""n"": 7, ""points"": [[326.9722766055607, 987.2768433379256], [318.7108384855167, 788.548935820029], [869.8965116962161, 391.08480653919395], [437.8818731227988, 372.74890308935306], [106.95359647277436, 478.965454162717], [241.3521450846823, 257.1452485511297], [184.7315568344149, 193.8645489043107]], ""scale"": 1000.0, ""seed"": 8, ""symmetric"": true}, ""max_n"": 18, ""start"": 6}"
small_exact,evaluation,small_exact_euclidean_n7_seed8,euclidean,7,8,bruteforce,ok,"[6, 4, 1, 0, 2, 3, 5]",2421.1801347910573,2421.1801347910573,2421.1801347910573,0.0,0.0,True,True,True,0.002109500001097331,252.2109375,252.2109375,0.0,1.0,manual_default_tau,,,,"{""instance_metadata"": {""complete"": true, ""instance_type"": ""euclidean"", ""n"": 7, ""points"": [[326.9722766055607, 987.2768433379256], [318.7108384855167, 788.548935820029], [869.8965116962161, 391.08480653919395], [437.8818731227988, 372.74890308935306], [106.95359647277436, 478.965454162717], [241.3521450846823, 257.1452485511297], [184.7315568344149, 193.8645489043107]], ""scale"": 1000.0, ""seed"": 8, ""symmetric"": true}, ""max_n"": 10, ""permutations_checked"": 720, ""start"": 6}"
small_exact,evaluation,small_exact_euclidean_n7_seed8,euclidean,7,8,ortools,ok,"[6, 5, 3, 2, 0, 1, 4]",2421.1801347910573,2421.1801347910573,2421.1801347910573,0.0,0.0,True,True,True,0.0013115000001562294,252.2109375,252.2109375,0.0,1.0,manual_default_tau,,,5.0,"{""finite_edges"": true, ""infinity_penalty"": 5644499252000, ""instance_metadata"": {""complete"": true, ""instance_type"": ""euclidean"", ""n"": 7, ""points"": [[326.9722766055607, 987.2768433379256], [318.7108384855167, 788.548935820029], [869.8965116962161, 391.08480653919395], [437.8818731227988, 372.74890308935306], [106.95359647277436, 478.965454162717], [241.3521450846823, 257.1452485511297], [184.7315568344149, 193.8645489043107]], ""scale"": 1000.0, ""seed"": 8, ""symmetric"": true}, ""integer_scale"": 1000000, ""start"": 6, ""time_limit_s"": 5.0, ""valid_route"": true}"
small_exact,evaluation,small_exact_euclidean_n7_seed8,euclidean,7,8,networkx_christofides,ok,"[6, 4, 1, 0, 2, 3, 5]",2421.1801347910573,2421.1801347910573,2421.1801347910573,0.0,0.0,True,True,True,0.0006452999987232033,252.2109375,252.21875,0.0078125,1.0,manual_default_tau,,,,"{""finite_edges"": true, ""instance_metadata"": {""complete"": true, ""instance_type"": ""euclidean"", ""n"": 7, ""points"": [[326.9722766055607, 987.2768433379256], [318.7108384855167, 788.548935820029], [869.8965116962161, 391.08480653919395], [437.8818731227988, 372.74890308935306], [106.95359647277436, 478.965454162717], [241.3521450846823, 257.1452485511297], [184.7315568344149, 193.8645489043107]], ""scale"": 1000.0, ""seed"": 8, ""symmetric"": true}, ""requires_metric_symmetric_complete"": true, ""valid_route"": true}"
small_exact,evaluation,small_exact_euclidean_n7_seed8,euclidean,7,8,networkx_greedy,ok,"[6, 2, 0, 1, 4, 3, 5]",2753.797688225936,2421.1801347910573,2421.1801347910573,0.1373782762609618,0.1373782762609618,True,True,True,0.00010750000001280569,252.21875,252.22265625,0.00390625,1.0,manual_default_tau,,,,"{""finite_edges"": true, ""instance_metadata"": {""complete"": true, ""instance_type"": ""euclidean"", ""n"": 7, ""points"": [[326.9722766055607, 987.2768433379256], [318.7108384855167, 788.548935820029], [869.8965116962161, 391.08480653919395], [437.8818731227988, 372.74890308935306], [106.95359647277436, 478.965454162717], [241.3521450846823, 257.1452485511297], [184.7315568344149, 193.8645489043107]], ""scale"": 1000.0, ""seed"": 8, ""symmetric"": true}, ""valid_route"": true}"
small_exact,evaluation,small_exact_euclidean_n7_seed8,euclidean,7,8,python_tsp_dynamic_programming,skipped_missing_dependency,,,2421.1801347910573,2421.1801347910573,nan,nan,True,,,0.0006064999979571439,252.22265625,252.22265625,0.0,1.0,manual_default_tau,,,,"{""instance_metadata"": {""complete"": true, ""instance_type"": ""euclidean"", ""n"": 7, ""points"": [[326.9722766055607, 987.2768433379256], [318.7108384855167, 788.548935820029], [869.8965116962161, 391.08480653919395], [437.8818731227988, 372.74890308935306], [106.95359647277436, 478.965454162717], [241.3521450846823, 257.1452485511297], [184.7315568344149, 193.8645489043107]], ""scale"": 1000.0, ""seed"": 8, ""symmetric"": true}}"
small_exact,evaluation,small_exact_random_symmetric_n7_seed8,random_symmetric,7,8,tn_exact,ok,"[6, 1, 2, 0, 5, 4, 3]",243.87523111547387,243.87523111547387,243.87523111547387,0.0,0.0,True,True,True,0.0223993999970844,252.2265625,252.2265625,0.0,1.0,manual_default_tau,,True,,"{""exact_mode"": true, ""finite_edges"": true, ""instance_metadata"": {""complete"": true, ""high"": 100.0, ""instance_type"": ""random_symmetric"", ""low"": 1.0, ""n"": 7, ""seed"": 8, ""symmetric"": true}, ""max_layers"": 5, ""n_layers"": null, ""n_layers_effective"": 5, ""normalization_factor"": 74.58791057710924, ""normalize"": true, ""seed"": 8, ""tau"": 1.0, ""valid_route"": true}"
small_exact,evaluation,small_exact_random_symmetric_n7_seed8,random_symmetric,7,8,held_karp,ok,"[6, 1, 2, 0, 5, 4, 3]",243.87523111547387,243.87523111547387,243.87523111547387,0.0,0.0,True,True,True,0.00020429999858606607,252.2265625,252.2265625,0.0,1.0,manual_default_tau,,,,"{""instance_metadata"": {""complete"": true, ""high"": 100.0, ""instance_type"": ""random_symmetric"", ""low"": 1.0, ""n"": 7, ""seed"": 8, ""symmetric"": true}, ""max_n"": 18, ""start"": 6}"
small_exact,evaluation,small_exact_random_symmetric_n7_seed8,random_symmetric,7,8,bruteforce,ok,"[6, 1, 2, 0, 5, 4, 3]",243.87523111547387,243.87523111547387,243.87523111547387,0.0,0.0,True,True,True,0.002193199998146156,252.2265625,252.2265625,0.0,1.0,manual_default_tau,,,,"{""instance_metadata"": {""complete"": true, ""high"": 100.0, ""instance_type"": ""random_symmetric"", ""low"": 1.0, ""n"": 7, ""seed"": 8, ""symmetric"": true}, ""max_n"": 10, ""permutations_checked"": 720, ""start"": 6}"
small_exact,evaluation,small_exact_random_symmetric_n7_seed8,random_symmetric,7,8,ortools,ok,"[6, 1, 2, 0, 5, 4, 3]",243.87523111547387,243.87523111547387,243.87523111547387,0.0,0.0,True,True,True,0.0012532000000646804,252.2265625,252.2265625,0.0,1.0,manual_default_tau,,,5.0,"{""finite_edges"": true, ""infinity_penalty"": 522115377000, ""instance_metadata"": {""complete"": true, ""high"": 100.0, ""instance_type"": ""random_symmetric"", ""low"": 1.0, ""n"": 7, ""seed"": 8, ""symmetric"": true}, ""integer_scale"": 1000000, ""start"": 6, ""time_limit_s"": 5.0, ""valid_route"": true}"
small_exact,evaluation,small_exact_random_symmetric_n7_seed8,random_symmetric,7,8,networkx_christofides,skipped_not_applicable,,,243.87523111547387,243.87523111547387,nan,nan,True,,,8.53000019560568e-05,252.2265625,252.2265625,0.0,1.0,manual_default_tau,,,,"{""instance_metadata"": {""complete"": true, ""high"": 100.0, ""instance_type"": ""random_symmetric"", ""low"": 1.0, ""n"": 7, ""seed"": 8, ""symmetric"": true}, ""requires_metric_symmetric_complete"": true}"
small_exact,evaluation,small_exact_random_symmetric_n7_seed8,random_symmetric,7,8,networkx_greedy,ok,"[6, 1, 3, 4, 5, 0, 2]",248.90458186156377,243.87523111547387,243.87523111547387,0.020622638564342467,0.020622638564342467,True,True,True,0.00010729999848990701,252.2265625,252.2265625,0.0,1.0,manual_default_tau,,,,"{""finite_edges"": true, ""instance_metadata"": {""complete"": true, ""high"": 100.0, ""instance_type"": ""random_symmetric"", ""low"": 1.0, ""n"": 7, ""seed"": 8, ""symmetric"": true}, ""valid_route"": true}"
small_exact,evaluation,small_exact_random_symmetric_n7_seed8,random_symmetric,7,8,python_tsp_dynamic_programming,skipped_missing_dependency,,,243.87523111547387,243.87523111547387,nan,nan,True,,,0.000526300002093194,252.2265625,252.2265625,0.0,1.0,manual_default_tau,,,,"{""instance_metadata"": {""complete"": true, ""high"": 100.0, ""instance_type"": ""random_symmetric"", ""low"": 1.0, ""n"": 7, ""seed"": 8, ""symmetric"": true}}"
small_exact,evaluation,small_exact_random_asymmetric_n7_seed8,random_asymmetric,7,8,tn_exact,ok,"[6, 1, 3, 0, 2, 5, 4]",167.7609834756112,167.7609834756112,167.7609834756112,0.0,0.0,True,True,True,0.022252999999182066,252.2265625,252.33203125,0.10546875,1.0,manual_default_tau,,True,,"{""exact_mode"": true, ""finite_edges"": true, ""instance_metadata"": {""complete"": true, ""high"": 100.0, ""instance_type"": ""random_asymmetric"", ""low"": 1.0, ""n"": 7, ""seed"": 8, ""symmetric"": false}, ""max_layers"": 5, ""n_layers"": null, ""n_layers_effective"": 5, ""normalization_factor"": 98.88858626864226, ""normalize"": true, ""seed"": 8, ""tau"": 1.0, ""valid_route"": true}"
small_exact,evaluation,small_exact_random_asymmetric_n7_seed8,random_asymmetric,7,8,held_karp,ok,"[6, 1, 3, 0, 2, 5, 4]",167.7609834756112,167.7609834756112,167.7609834756112,0.0,0.0,True,True,True,0.00021290000222506933,252.33203125,252.33203125,0.0,1.0,manual_default_tau,,,,"{""instance_metadata"": {""complete"": true, ""high"": 100.0, ""instance_type"": ""random_asymmetric"", ""low"": 1.0, ""n"": 7, ""seed"": 8, ""symmetric"": false}, ""max_n"": 18, ""start"": 6}"
small_exact,evaluation,small_exact_random_asymmetric_n7_seed8,random_asymmetric,7,8,bruteforce,ok,"[6, 1, 3, 0, 2, 5, 4]",167.7609834756112,167.7609834756112,167.7609834756112,0.0,0.0,True,True,True,0.002168099999835249,252.33203125,252.33203125,0.0,1.0,manual_default_tau,,,,"{""instance_metadata"": {""complete"": true, ""high"": 100.0, ""instance_type"": ""random_asymmetric"", ""low"": 1.0, ""n"": 7, ""seed"": 8, ""symmetric"": false}, ""max_n"": 10, ""permutations_checked"": 720, ""start"": 6}"
small_exact,evaluation,small_exact_random_asymmetric_n7_seed8,random_asymmetric,7,8,ortools,ok,"[6, 5, 4, 3, 0, 2, 1]",172.49753524968372,167.7609834756112,167.7609834756112,0.028233929462872488,0.028233929462872488,True,True,True,0.001295999998546904,252.33203125,252.33203125,0.0,1.0,manual_default_tau,,,5.0,"{""finite_edges"": true, ""infinity_penalty"": 692220102000, ""instance_metadata"": {""complete"": true, ""high"": 100.0, ""instance_type"": ""random_asymmetric"", ""low"": 1.0, ""n"": 7, ""seed"": 8, ""symmetric"": false}, ""integer_scale"": 1000000, ""start"": 6, ""time_limit_s"": 5.0, ""valid_route"": true}"
small_exact,evaluation,small_exact_random_asymmetric_n7_seed8,random_asymmetric,7,8,networkx_christofides,skipped_not_applicable,,,167.7609834756112,167.7609834756112,nan,nan,True,,,7.840000034775585e-05,252.33203125,252.33203125,0.0,1.0,manual_default_tau,,,,"{""instance_metadata"": {""complete"": true, ""high"": 100.0, ""instance_type"": ""random_asymmetric"", ""low"": 1.0, ""n"": 7, ""seed"": 8, ""symmetric"": false}, ""requires_metric_symmetric_complete"": true}"
small_exact,evaluation,small_exact_random_asymmetric_n7_seed8,random_asymmetric,7,8,networkx_greedy,ok,"[6, 1, 5, 4, 3, 0, 2]",200.90908586091737,167.7609834756112,167.7609834756112,0.19759124975638442,0.19759124975638442,True,True,True,0.00018959999943035655,252.33203125,252.3359375,0.00390625,1.0,manual_default_tau,,,,"{""finite_edges"": true, ""instance_metadata"": {""complete"": true, ""high"": 100.0, ""instance_type"": ""random_asymmetric"", ""low"": 1.0, ""n"": 7, ""seed"": 8, ""symmetric"": false}, ""valid_route"": true}"
small_exact,evaluation,small_exact_random_asymmetric_n7_seed8,random_asymmetric,7,8,python_tsp_dynamic_programming,skipped_missing_dependency,,,167.7609834756112,167.7609834756112,nan,nan,True,,,0.0005761000029451679,252.3359375,252.3359375,0.0,1.0,manual_default_tau,,,,"{""instance_metadata"": {""complete"": true, ""high"": 100.0, ""instance_type"": ""random_asymmetric"", ""low"": 1.0, ""n"": 7, ""seed"": 8, ""symmetric"": false}}"
small_exact,evaluation,small_exact_euclidean_n7_seed9,euclidean,7,9,tn_exact,ok,"[6, 4, 5, 0, 3, 2, 1]",2982.7407019235397,2982.7407019235393,2982.7407019235393,1.5245956532299377e-16,1.5245956532299377e-16,True,True,True,0.021657799999957206,252.3359375,252.3359375,0.0,1.0,manual_default_tau,,True,,"{""exact_mode"": true, ""finite_edges"": true, ""instance_metadata"": {""complete"": true, ""instance_type"": ""euclidean"", ""n"": 7, ""points"": [[870.2492039700846, 286.8172090875554], [603.1481500515619, 777.5340829201788], [716.0746296035653, 915.3801204905076], [860.3936491828846, 918.2376290487624], [26.587734467597212, 437.2480001295087], [484.9443269772881, 65.15419737010752], [5.626050679392924, 830.621436971257]], ""scale"": 1000.0, ""seed"": 9, ""symmetric"": true}, ""max_layers"": 5, ""n_layers"": null, ""n_layers_effective"": 5, ""normalization_factor"": 1021.4187365965673, ""normalize"": true, ""seed"": 9, ""tau"": 1.0, ""valid_route"": true}"
small_exact,evaluation,small_exact_euclidean_n7_seed9,euclidean,7,9,held_karp,ok,"[6, 1, 2, 3, 0, 5, 4]",2982.7407019235393,2982.7407019235393,2982.7407019235393,0.0,0.0,True,True,True,0.00019270000120741315,252.3359375,252.3359375,0.0,1.0,manual_default_tau,,,,"{""instance_metadata"": {""complete"": true, ""instance_type"": ""euclidean"", ""n"": 7, ""points"": [[870.2492039700846, 286.8172090875554], [603.1481500515619, 777.5340829201788], [716.0746296035653, 915.3801204905076], [860.3936491828846, 918.2376290487624], [26.587734467597212, 437.2480001295087], [484.9443269772881, 65.15419737010752], [5.626050679392924, 830.621436971257]], ""scale"": 1000.0, ""seed"": 9, ""symmetric"": true}, ""max_n"": 18, ""start"": 6}"
small_exact,evaluation,small_exact_euclidean_n7_seed9,euclidean,7,9,bruteforce,ok,"[6, 1, 2, 3, 0, 5, 4]",2982.7407019235393,2982.7407019235393,2982.7407019235393,0.0,0.0,True,True,True,0.002193500000430504,252.3359375,252.3359375,0.0,1.0,manual_default_tau,,,,"{""instance_metadata"": {""complete"": true, ""instance_type"": ""euclidean"", ""n"": 7, ""points"": [[870.2492039700846, 286.8172090875554], [603.1481500515619, 777.5340829201788], [716.0746296035653, 915.3801204905076], [860.3936491828846, 918.2376290487624], [26.587734467597212, 437.2480001295087], [484.9443269772881, 65.15419737010752], [5.626050679392924, 830.621436971257]], ""scale"": 1000.0, ""seed"": 9, ""symmetric"": true}, ""max_n"": 10, ""permutations_checked"": 720, ""start"": 6}"
small_exact,evaluation,small_exact_euclidean_n7_seed9,euclidean,7,9,ortools,ok,"[6, 4, 5, 0, 3, 2, 1]",2982.7407019235397,2982.7407019235393,2982.7407019235393,1.5245956532299377e-16,1.5245956532299377e-16,True,True,True,0.0012552000007417519,252.3359375,252.3359375,0.0,1.0,manual_default_tau,,,5.0,"{""finite_edges"": true, ""infinity_penalty"": 7149931159000, ""instance_metadata"": {""complete"": true, ""instance_type"": ""euclidean"", ""n"": 7, ""points"": [[870.2492039700846, 286.8172090875554], [603.1481500515619, 777.5340829201788], [716.0746296035653, 915.3801204905076], [860.3936491828846, 918.2376290487624], [26.587734467597212, 437.2480001295087], [484.9443269772881, 65.15419737010752], [5.626050679392924, 830.621436971257]], ""scale"": 1000.0, ""seed"": 9, ""symmetric"": true}, ""integer_scale"": 1000000, ""start"": 6, ""time_limit_s"": 5.0, ""valid_route"": true}"
small_exact,evaluation,small_exact_euclidean_n7_seed9,euclidean,7,9,networkx_christofides,ok,"[6, 3, 2, 1, 0, 5, 4]",3169.3142338916705,2982.7407019235393,2982.7407019235393,0.06255103966892323,0.06255103966892323,True,True,True,0.0005477000013343059,252.3359375,252.3359375,0.0,1.0,manual_default_tau,,,,"{""finite_edges"": true, ""instance_metadata"": {""complete"": true, ""instance_type"": ""euclidean"", ""n"": 7, ""points"": [[870.2492039700846, 286.8172090875554], [603.1481500515619, 777.5340829201788], [716.0746296035653, 915.3801204905076], [860.3936491828846, 918.2376290487624], [26.587734467597212, 437.2480001295087], [484.9443269772881, 65.15419737010752], [5.626050679392924, 830.621436971257]], ""scale"": 1000.0, ""seed"": 9, ""symmetric"": true}, ""requires_metric_symmetric_complete"": true, ""valid_route"": true}"
small_exact,evaluation,small_exact_euclidean_n7_seed9,euclidean,7,9,networkx_greedy,ok,"[6, 3, 2, 1, 0, 5, 4]",3169.3142338916705,2982.7407019235393,2982.7407019235393,0.06255103966892323,0.06255103966892323,True,True,True,0.00018560000171419233,252.3359375,252.33984375,0.00390625,1.0,manual_default_tau,,,,"{""finite_edges"": true, ""instance_metadata"": {""complete"": true, ""instance_type"": ""euclidean"", ""n"": 7, ""points"": [[870.2492039700846, 286.8172090875554], [603.1481500515619, 777.5340829201788], [716.0746296035653, 915.3801204905076], [860.3936491828846, 918.2376290487624], [26.587734467597212, 437.2480001295087], [484.9443269772881, 65.15419737010752], [5.626050679392924, 830.621436971257]], ""scale"": 1000.0, ""seed"": 9, ""symmetric"": true}, ""valid_route"": true}"
small_exact,evaluation,small_exact_euclidean_n7_seed9,euclidean,7,9,python_tsp_dynamic_programming,skipped_missing_dependency,,,2982.7407019235393,2982.7407019235393,nan,nan,True,,,0.0005129000019223895,252.33984375,252.33984375,0.0,1.0,manual_default_tau,,,,"{""instance_metadata"": {""complete"": true, ""instance_type"": ""euclidean"", ""n"": 7, ""points"": [[870.2492039700846, 286.8172090875554], [603.1481500515619, 777.5340829201788], [716.0746296035653, 915.3801204905076], [860.3936491828846, 918.2376290487624], [26.587734467597212, 437.2480001295087], [484.9443269772881, 65.15419737010752], [5.626050679392924, 830.621436971257]], ""scale"": 1000.0, ""seed"": 9, ""symmetric"": true}}"
small_exact,evaluation,small_exact_random_symmetric_n7_seed9,random_symmetric,7,9,tn_exact,ok,"[6, 4, 2, 0, 3, 5, 1]",314.6095707249453,304.0802624262743,304.0802624262743,0.034626740369983235,0.034626740369983235,True,True,True,0.022318999999697553,252.33984375,252.34765625,0.0078125,1.0,manual_default_tau,,True,,"{""exact_mode"": true, ""finite_edges"": true, ""instance_metadata"": {""complete"": true, ""high"": 100.0, ""instance_type"": ""random_symmetric"", ""low"": 1.0, ""n"": 7, ""seed"": 9, ""symmetric"": true}, ""max_layers"": 5, ""n_layers"": null, ""n_layers_effective"": 5, ""normalization_factor"": 85.3247383557491, ""normalize"": true, ""seed"": 9, ""tau"": 1.0, ""valid_route"": true}"
small_exact,evaluation,small_exact_random_symmetric_n7_seed9,random_symmetric,7,9,held_karp,ok,"[6, 4, 1, 5, 3, 0, 2]",304.0802624262743,304.0802624262743,304.0802624262743,0.0,0.0,True,True,True,0.00020480000239331275,252.34765625,252.34765625,0.0,1.0,manual_default_tau,,,,"{""instance_metadata"": {""complete"": true, ""high"": 100.0, ""instance_type"": ""random_symmetric"", ""low"": 1.0, ""n"": 7, ""seed"": 9, ""symmetric"": true}, ""max_n"": 18, ""start"": 6}"
small_exact,evaluation,small_exact_random_symmetric_n7_seed9,random_symmetric,7,9,bruteforce,ok,"[6, 2, 0, 3, 5, 1, 4]",304.0802624262743,304.0802624262743,304.0802624262743,0.0,0.0,True,True,True,0.002080400001432281,252.34765625,252.34765625,0.0,1.0,manual_default_tau,,,,"{""instance_metadata"": {""complete"": true, ""high"": 100.0, ""instance_type"": ""random_symmetric"", ""low"": 1.0, ""n"": 7, ""seed"": 9, ""symmetric"": true}, ""max_n"": 10, ""permutations_checked"": 720, ""start"": 6}"
small_exact,evaluation,small_exact_random_symmetric_n7_seed9,random_symmetric,7,9,ortools,ok,"[6, 4, 1, 5, 3, 0, 2]",304.0802624262743,304.0802624262743,304.0802624262743,0.0,0.0,True,True,True,0.0011684999990393408,252.34765625,252.34765625,0.0,1.0,manual_default_tau,,,5.0,"{""finite_edges"": true, ""infinity_penalty"": 597273166000, ""instance_metadata"": {""complete"": true, ""high"": 100.0, ""instance_type"": ""random_symmetric"", ""low"": 1.0, ""n"": 7, ""seed"": 9, ""symmetric"": true}, ""integer_scale"": 1000000, ""start"": 6, ""time_limit_s"": 5.0, ""valid_route"": true}"
small_exact,evaluation,small_exact_random_symmetric_n7_seed9,random_symmetric,7,9,networkx_christofides,skipped_not_applicable,,,304.0802624262743,304.0802624262743,nan,nan,True,,,7.860000187065452e-05,252.34765625,252.34765625,0.0,1.0,manual_default_tau,,,,"{""instance_metadata"": {""complete"": true, ""high"": 100.0, ""instance_type"": ""random_symmetric"", ""low"": 1.0, ""n"": 7, ""seed"": 9, ""symmetric"": true}, ""requires_metric_symmetric_complete"": true}"
small_exact,evaluation,small_exact_random_symmetric_n7_seed9,random_symmetric,7,9,networkx_greedy,ok,"[6, 2, 0, 3, 5, 1, 4]",304.0802624262743,304.0802624262743,304.0802624262743,0.0,0.0,True,True,True,0.00010450000263517722,252.34765625,252.34765625,0.0,1.0,manual_default_tau,,,,"{""finite_edges"": true, ""instance_metadata"": {""complete"": true, ""high"": 100.0, ""instance_type"": ""random_symmetric"", ""low"": 1.0, ""n"": 7, ""seed"": 9, ""symmetric"": true}, ""valid_route"": true}"
small_exact,evaluation,small_exact_random_symmetric_n7_seed9,random_symmetric,7,9,python_tsp_dynamic_programming,skipped_missing_dependency,,,304.0802624262743,304.0802624262743,nan,nan,True,,,0.000506899999891175,252.34765625,252.34765625,0.0,1.0,manual_default_tau,,,,"{""instance_metadata"": {""complete"": true, ""high"": 100.0, ""instance_type"": ""random_symmetric"", ""low"": 1.0, ""n"": 7, ""seed"": 9, ""symmetric"": true}}"
small_exact,evaluation,small_exact_random_asymmetric_n7_seed9,random_asymmetric,7,9,tn_exact,ok,"[6, 5, 0, 1, 4, 2, 3]",228.11838597925717,214.608545359774,214.608545359774,0.06295108424892863,0.06295108424892863,True,True,True,0.02292239999951562,252.34765625,252.47265625,0.125,1.0,manual_default_tau,,True,,"{""exact_mode"": true, ""finite_edges"": true, ""instance_metadata"": {""complete"": true, ""high"": 100.0, ""instance_type"": ""random_asymmetric"", ""low"": 1.0, ""n"": 7, ""seed"": 9, ""symmetric"": false}, ""max_layers"": 5, ""n_layers"": null, ""n_layers_effective"": 5, ""normalization_factor"": 98.78633394256309, ""normalize"": true, ""seed"": 9, ""tau"": 1.0, ""valid_route"": true}"
small_exact,evaluation,small_exact_random_asymmetric_n7_seed9,random_asymmetric,7,9,held_karp,ok,"[6, 1, 5, 3, 0, 2, 4]",214.608545359774,214.608545359774,214.608545359774,0.0,0.0,True,True,True,0.00021379999816417694,252.47265625,252.47265625,0.0,1.0,manual_default_tau,,,,"{""instance_metadata"": {""complete"": true, ""high"": 100.0, ""instance_type"": ""random_asymmetric"", ""low"": 1.0, ""n"": 7, ""seed"": 9, ""symmetric"": false}, ""max_n"": 18, ""start"": 6}"
small_exact,evaluation,small_exact_random_asymmetric_n7_seed9,random_asymmetric,7,9,bruteforce,ok,"[6, 1, 5, 3, 0, 2, 4]",214.608545359774,214.608545359774,214.608545359774,0.0,0.0,True,True,True,0.0024387999983446207,252.47265625,252.47265625,0.0,1.0,manual_default_tau,,,,"{""instance_metadata"": {""complete"": true, ""high"": 100.0, ""instance_type"": ""random_asymmetric"", ""low"": 1.0, ""n"": 7, ""seed"": 9, ""symmetric"": false}, ""max_n"": 10, ""permutations_checked"": 720, ""start"": 6}"
small_exact,evaluation,small_exact_random_asymmetric_n7_seed9,random_asymmetric,7,9,ortools,ok,"[6, 1, 5, 3, 0, 2, 4]",214.608545359774,214.608545359774,214.608545359774,0.0,0.0,True,True,True,0.0013699999981326982,252.47265625,252.47265625,0.0,1.0,manual_default_tau,,,5.0,"{""finite_edges"": true, ""infinity_penalty"": 691504338000, ""instance_metadata"": {""complete"": true, ""high"": 100.0, ""instance_type"": ""random_asymmetric"", ""low"": 1.0, ""n"": 7, ""seed"": 9, ""symmetric"": false}, ""integer_scale"": 1000000, ""start"": 6, ""time_limit_s"": 5.0, ""valid_route"": true}"
small_exact,evaluation,small_exact_random_asymmetric_n7_seed9,random_asymmetric,7,9,networkx_christofides,skipped_not_applicable,,,214.608545359774,214.608545359774,nan,nan,True,,,7.76999986555893e-05,252.47265625,252.47265625,0.0,1.0,manual_default_tau,,,,"{""instance_metadata"": {""complete"": true, ""high"": 100.0, ""instance_type"": ""random_asymmetric"", ""low"": 1.0, ""n"": 7, ""seed"": 9, ""symmetric"": false}, ""requires_metric_symmetric_complete"": true}"
small_exact,evaluation,small_exact_random_asymmetric_n7_seed9,random_asymmetric,7,9,networkx_greedy,ok,"[6, 1, 5, 0, 2, 4, 3]",225.72005510290384,214.608545359774,214.608545359774,0.051775709697404054,0.051775709697404054,True,True,True,0.00019429999883868732,252.47265625,252.47265625,0.0,1.0,manual_default_tau,,,,"{""finite_edges"": true, ""instance_metadata"": {""complete"": true, ""high"": 100.0, ""instance_type"": ""random_asymmetric"", ""low"": 1.0, ""n"": 7, ""seed"": 9, ""symmetric"": false}, ""valid_route"": true}"
small_exact,evaluation,small_exact_random_asymmetric_n7_seed9,random_asymmetric,7,9,python_tsp_dynamic_programming,skipped_missing_dependency,,,214.608545359774,214.608545359774,nan,nan,True,,,0.0005811000009998679,252.47265625,252.47265625,0.0,1.0,manual_default_tau,,,,"{""instance_metadata"": {""complete"": true, ""high"": 100.0, ""instance_type"": ""random_asymmetric"", ""low"": 1.0, ""n"": 7, ""seed"": 9, ""symmetric"": false}}"
small_exact,evaluation,small_exact_euclidean_n8_seed5,euclidean,8,5,tn_exact,ok,"[7, 0, 6, 4, 2, 3, 1, 5]",3064.6799756744094,3064.6799756744094,3064.6799756744094,0.0,0.0,True,True,True,0.03417740000077174,252.47265625,252.5859375,0.11328125,1.0,manual_default_tau,,True,,"{""exact_mode"": true, ""finite_edges"": true, ""instance_metadata"": {""complete"": true, ""instance_type"": ""euclidean"", ""n"": 8, ""points"": [[805.0029237453801, 807.9407897364938], [515.325561042142, 285.8013800881416], [53.930702381656424, 383.36888078551823], [408.47320541999864, 45.27519390244517], [48.75771072716806, 999.1761150650714], [652.3691115879877, 234.51020166982394], [434.94755222514203, 974.1861932592553], [897.6776081085488, 844.231037608741]], ""scale"": 1000.0, ""seed"": 5, ""symmetric"": true}, ""max_layers"": 6, ""n_layers"": null, ""n_layers_effective"": 6, ""normalization_factor"": 1019.4715319796893, ""normalize"": true, ""seed"": 5, ""tau"": 1.0, ""valid_route"": true}"
small_exact,evaluation,small_exact_euclidean_n8_seed5,euclidean,8,5,held_karp,ok,"[7, 5, 1, 3, 2, 4, 6, 0]",3064.6799756744094,3064.6799756744094,3064.6799756744094,0.0,0.0,True,True,True,0.0005899999996472616,252.5859375,252.5859375,0.0,1.0,manual_default_tau,,,,"{""instance_metadata"": {""complete"": true, ""instance_type"": ""euclidean"", ""n"": 8, ""points"": [[805.0029237453801, 807.9407897364938], [515.325561042142, 285.8013800881416], [53.930702381656424, 383.36888078551823], [408.47320541999864, 45.27519390244517], [48.75771072716806, 999.1761150650714], [652.3691115879877, 234.51020166982394], [434.94755222514203, 974.1861932592553], [897.6776081085488, 844.231037608741]], ""scale"": 1000.0, ""seed"": 5, ""symmetric"": true}, ""max_n"": 18, ""start"": 7}"
small_exact,evaluation,small_exact_euclidean_n8_seed5,euclidean,8,5,bruteforce,ok,"[7, 0, 6, 4, 2, 3, 1, 5]",3064.6799756744094,3064.6799756744094,3064.6799756744094,0.0,0.0,True,True,True,0.01540989999921294,252.5859375,252.5859375,0.0,1.0,manual_default_tau,,,,"{""instance_metadata"": {""complete"": true, ""instance_type"": ""euclidean"", ""n"": 8, ""points"": [[805.0029237453801, 807.9407897364938], [515.325561042142, 285.8013800881416], [53.930702381656424, 383.36888078551823], [408.47320541999864, 45.27519390244517], [48.75771072716806, 999.1761150650714], [652.3691115879877, 234.51020166982394], [434.94755222514203, 974.1861932592553], [897.6776081085488, 844.231037608741]], ""scale"": 1000.0, ""seed"": 5, ""symmetric"": true}, ""max_n"": 10, ""permutations_checked"": 5040, ""start"": 7}"
small_exact,evaluation,small_exact_euclidean_n8_seed5,euclidean,8,5,ortools,ok,"[7, 0, 6, 4, 2, 3, 1, 5]",3064.6799756744094,3064.6799756744094,3064.6799756744094,0.0,0.0,True,True,True,0.0014910999998392072,252.5859375,252.58984375,0.00390625,1.0,manual_default_tau,,,5.0,"{""finite_edges"": true, ""infinity_penalty"": 8155772256000, ""instance_metadata"": {""complete"": true, ""instance_type"": ""euclidean"", ""n"": 8, ""points"": [[805.0029237453801, 807.9407897364938], [515.325561042142, 285.8013800881416], [53.930702381656424, 383.36888078551823], [408.47320541999864, 45.27519390244517], [48.75771072716806, 999.1761150650714], [652.3691115879877, 234.51020166982394], [434.94755222514203, 974.1861932592553], [897.6776081085488, 844.231037608741]], ""scale"": 1000.0, ""seed"": 5, ""symmetric"": true}, ""integer_scale"": 1000000, ""start"": 7, ""time_limit_s"": 5.0, ""valid_route"": true}"
small_exact,evaluation,small_exact_euclidean_n8_seed5,euclidean,8,5,networkx_christofides,ok,"[7, 0, 5, 1, 3, 2, 4, 6]",3075.8081127524442,3064.6799756744094,3064.6799756744094,0.003631092696909064,0.003631092696909064,True,True,True,0.000678899999911664,252.58984375,252.59765625,0.0078125,1.0,manual_default_tau,,,,"{""finite_edges"": true, ""instance_metadata"": {""complete"": true, ""instance_type"": ""euclidean"", ""n"": 8, ""points"": [[805.0029237453801, 807.9407897364938], [515.325561042142, 285.8013800881416], [53.930702381656424, 383.36888078551823], [408.47320541999864, 45.27519390244517], [48.75771072716806, 999.1761150650714], [652.3691115879877, 234.51020166982394], [434.94755222514203, 974.1861932592553], [897.6776081085488, 844.231037608741]], ""scale"": 1000.0, ""seed"": 5, ""symmetric"": true}, ""requires_metric_symmetric_complete"": true, ""valid_route"": true}"
small_exact,evaluation,small_exact_euclidean_n8_seed5,euclidean,8,5,networkx_greedy,ok,"[7, 0, 6, 4, 2, 1, 5, 3]",3371.490986957837,3064.6799756744094,3064.6799756744094,0.10011192480738906,0.10011192480738906,True,True,True,0.00011860000086016953,252.59765625,252.59765625,0.0,1.0,manual_default_tau,,,,"{""finite_edges"": true, ""instance_metadata"": {""complete"": true, ""instance_type"": ""euclidean"", ""n"": 8, ""points"": [[805.0029237453801, 807.9407897364938], [515.325561042142, 285.8013800881416], [53.930702381656424, 383.36888078551823], [408.47320541999864, 45.27519390244517], [48.75771072716806, 999.1761150650714], [652.3691115879877, 234.51020166982394], [434.94755222514203, 974.1861932592553], [897.6776081085488, 844.231037608741]], ""scale"": 1000.0, ""seed"": 5, ""symmetric"": true}, ""valid_route"": true}"
small_exact,evaluation,small_exact_euclidean_n8_seed5,euclidean,8,5,python_tsp_dynamic_programming,skipped_missing_dependency,,,3064.6799756744094,3064.6799756744094,nan,nan,True,,,0.0005539000012504403,252.59765625,252.59765625,0.0,1.0,manual_default_tau,,,,"{""instance_metadata"": {""complete"": true, ""instance_type"": ""euclidean"", ""n"": 8, ""points"": [[805.0029237453801, 807.9407897364938], [515.325561042142, 285.8013800881416], [53.930702381656424, 383.36888078551823], [408.47320541999864, 45.27519390244517], [48.75771072716806, 999.1761150650714], [652.3691115879877, 234.51020166982394], [434.94755222514203, 974.1861932592553], [897.6776081085488, 844.231037608741]], ""scale"": 1000.0, ""seed"": 5, ""symmetric"": true}}"
small_exact,evaluation,small_exact_random_symmetric_n8_seed5,random_symmetric,8,5,tn_exact,ok,"[7, 5, 3, 2, 1, 4, 6, 0]",249.79819949313597,249.79819949313597,249.79819949313597,0.0,0.0,True,True,True,0.03544619999956922,252.59765625,252.625,0.02734375,1.0,manual_default_tau,,True,,"{""exact_mode"": true, ""finite_edges"": true, ""instance_metadata"": {""complete"": true, ""high"": 100.0, ""instance_type"": ""random_symmetric"", ""low"": 1.0, ""n"": 8, ""seed"": 5, ""symmetric"": true}, ""max_layers"": 6, ""n_layers"": null, ""n_layers_effective"": 6, ""normalization_factor"": 91.62962466253214, ""normalize"": true, ""seed"": 5, ""tau"": 1.0, ""valid_route"": true}"
small_exact,evaluation,small_exact_random_symmetric_n8_seed5,random_symmetric,8,5,held_karp,ok,"[7, 5, 3, 2, 1, 4, 6, 0]",249.79819949313597,249.79819949313597,249.79819949313597,0.0,0.0,True,True,True,0.0005673000014212448,252.625,252.625,0.0,1.0,manual_default_tau,,,,"{""instance_metadata"": {""complete"": true, ""high"": 100.0, ""instance_type"": ""random_symmetric"", ""low"": 1.0, ""n"": 8, ""seed"": 5, ""symmetric"": true}, ""max_n"": 18, ""start"": 7}"
small_exact,evaluation,small_exact_random_symmetric_n8_seed5,random_symmetric,8,5,bruteforce,ok,"[7, 5, 3, 2, 1, 4, 6, 0]",249.79819949313597,249.79819949313597,249.79819949313597,0.0,0.0,True,True,True,0.01574149999942165,252.625,252.625,0.0,1.0,manual_default_tau,,,,"{""instance_metadata"": {""complete"": true, ""high"": 100.0, ""instance_type"": ""random_symmetric"", ""low"": 1.0, ""n"": 8, ""seed"": 5, ""symmetric"": true}, ""max_n"": 10, ""permutations_checked"": 5040, ""start"": 7}"
small_exact,evaluation,small_exact_random_symmetric_n8_seed5,random_symmetric,8,5,ortools,ok,"[7, 5, 3, 2, 1, 4, 6, 0]",249.79819949313597,249.79819949313597,249.79819949313597,0.0,0.0,True,True,True,0.0014779000011913013,252.625,252.625,0.0,1.0,manual_default_tau,,,5.0,"{""finite_edges"": true, ""infinity_penalty"": 733037000000, ""instance_metadata"": {""complete"": true, ""high"": 100.0, ""instance_type"": ""random_symmetric"", ""low"": 1.0, ""n"": 8, ""seed"": 5, ""symmetric"": true}, ""integer_scale"": 1000000, ""start"": 7, ""time_limit_s"": 5.0, ""valid_route"": true}"
small_exact,evaluation,small_exact_random_symmetric_n8_seed5,random_symmetric,8,5,networkx_christofides,skipped_not_applicable,,,249.79819949313597,249.79819949313597,nan,nan,True,,,0.00010320000001229346,252.625,252.625,0.0,1.0,manual_default_tau,,,,"{""instance_metadata"": {""complete"": true, ""high"": 100.0, ""instance_type"": ""random_symmetric"", ""low"": 1.0, ""n"": 8, ""seed"": 5, ""symmetric"": true}, ""requires_metric_symmetric_complete"": true}"
small_exact,evaluation,small_exact_random_symmetric_n8_seed5,random_symmetric,8,5,networkx_greedy,ok,"[7, 0, 6, 4, 2, 3, 5, 1]",294.31433060162317,249.79819949313597,249.79819949313597,0.17820837459523173,0.17820837459523173,True,True,True,0.00012069999866071157,252.625,252.625,0.0,1.0,manual_default_tau,,,,"{""finite_edges"": true, ""instance_metadata"": {""complete"": true, ""high"": 100.0, ""instance_type"": ""random_symmetric"", ""low"": 1.0, ""n"": 8, ""seed"": 5, ""symmetric"": true}, ""valid_route"": true}"
small_exact,evaluation,small_exact_random_symmetric_n8_seed5,random_symmetric,8,5,python_tsp_dynamic_programming,skipped_missing_dependency,,,249.79819949313597,249.79819949313597,nan,nan,True,,,0.000506599997606827,252.625,252.625,0.0,1.0,manual_default_tau,,,,"{""instance_metadata"": {""complete"": true, ""high"": 100.0, ""instance_type"": ""random_symmetric"", ""low"": 1.0, ""n"": 8, ""seed"": 5, ""symmetric"": true}}"
small_exact,evaluation,small_exact_random_asymmetric_n8_seed5,random_asymmetric,8,5,tn_exact,ok,"[7, 1, 0, 4, 6, 2, 3, 5]",96.42701533055552,96.42701533055552,96.42701533055552,0.0,0.0,True,True,True,0.03285450000112178,252.62890625,252.71875,0.08984375,1.0,manual_default_tau,,True,,"{""exact_mode"": true, ""finite_edges"": true, ""instance_metadata"": {""complete"": true, ""high"": 100.0, ""instance_type"": ""random_asymmetric"", ""low"": 1.0, ""n"": 8, ""seed"": 5, ""symmetric"": false}, ""max_layers"": 6, ""n_layers"": null, ""n_layers_effective"": 6, ""normalization_factor"": 97.44443313266628, ""normalize"": true, ""seed"": 5, ""tau"": 1.0, ""valid_route"": true}"
small_exact,evaluation,small_exact_random_asymmetric_n8_seed5,random_asymmetric,8,5,held_karp,ok,"[7, 1, 0, 4, 6, 2, 3, 5]",96.42701533055552,96.42701533055552,96.42701533055552,0.0,0.0,True,True,True,0.0005013999980292283,252.71875,252.71875,0.0,1.0,manual_default_tau,,,,"{""instance_metadata"": {""complete"": true, ""high"": 100.0, ""instance_type"": ""random_asymmetric"", ""low"": 1.0, ""n"": 8, ""seed"": 5, ""symmetric"": false}, ""max_n"": 18, ""start"": 7}"
small_exact,evaluation,small_exact_random_asymmetric_n8_seed5,random_asymmetric,8,5,bruteforce,ok,"[7, 1, 0, 4, 6, 2, 3, 5]",96.42701533055552,96.42701533055552,96.42701533055552,0.0,0.0,True,True,True,0.016373599999496946,252.71875,252.71875,0.0,1.0,manual_default_tau,,,,"{""instance_metadata"": {""complete"": true, ""high"": 100.0, ""instance_type"": ""random_asymmetric"", ""low"": 1.0, ""n"": 8, ""seed"": 5, ""symmetric"": false}, ""max_n"": 10, ""permutations_checked"": 5040, ""start"": 7}"
small_exact,evaluation,small_exact_random_asymmetric_n8_seed5,random_asymmetric,8,5,ortools,ok,"[7, 6, 0, 4, 1, 3, 5, 2]",134.69830989635344,96.42701533055552,96.42701533055552,0.39689390400192776,0.39689390400192776,True,True,True,0.0016294999986712355,252.71875,252.71875,0.0,1.0,manual_default_tau,,,5.0,"{""finite_edges"": true, ""infinity_penalty"": 779555464000, ""instance_metadata"": {""complete"": true, ""high"": 100.0, ""instance_type"": ""random_asymmetric"", ""low"": 1.0, ""n"": 8, ""seed"": 5, ""symmetric"": false}, ""integer_scale"": 1000000, ""start"": 7, ""time_limit_s"": 5.0, ""valid_route"": true}"
small_exact,evaluation,small_exact_random_asymmetric_n8_seed5,random_asymmetric,8,5,networkx_christofides,skipped_not_applicable,,,96.42701533055552,96.42701533055552,nan,nan,True,,,8.689999958733097e-05,252.71875,252.71875,0.0,1.0,manual_default_tau,,,,"{""instance_metadata"": {""complete"": true, ""high"": 100.0, ""instance_type"": ""random_asymmetric"", ""low"": 1.0, ""n"": 8, ""seed"": 5, ""symmetric"": false}, ""requires_metric_symmetric_complete"": true}"
small_exact,evaluation,small_exact_random_asymmetric_n8_seed5,random_asymmetric,8,5,networkx_greedy,ok,"[7, 6, 0, 4, 2, 3, 5, 1]",227.39378488523846,96.42701533055552,96.42701533055552,1.3581958241238081,1.3581958241238081,True,True,True,0.00013730000137002207,252.71875,252.7265625,0.0078125,1.0,manual_default_tau,,,,"{""finite_edges"": true, ""instance_metadata"": {""complete"": true, ""high"": 100.0, ""instance_type"": ""random_asymmetric"", ""low"": 1.0, ""n"": 8, ""seed"": 5, ""symmetric"": false}, ""valid_route"": true}"
small_exact,evaluation,small_exact_random_asymmetric_n8_seed5,random_asymmetric,8,5,python_tsp_dynamic_programming,skipped_missing_dependency,,,96.42701533055552,96.42701533055552,nan,nan,True,,,0.0005433999976958148,252.7265625,252.7265625,0.0,1.0,manual_default_tau,,,,"{""instance_metadata"": {""complete"": true, ""high"": 100.0, ""instance_type"": ""random_asymmetric"", ""low"": 1.0, ""n"": 8, ""seed"": 5, ""symmetric"": false}}"
small_exact,evaluation,small_exact_euclidean_n8_seed6,euclidean,8,6,tn_exact,ok,"[7, 2, 3, 4, 0, 1, 5, 6]",2845.933648874112,2845.933648874112,2845.933648874112,0.0,0.0,True,True,True,0.03392579999854206,252.7265625,252.7890625,0.0625,1.0,manual_default_tau,,True,,"{""exact_mode"": true, ""finite_edges"": true, ""instance_metadata"": {""complete"": true, ""instance_type"": ""euclidean"", ""n"": 8, ""points"": [[538.1643514719432, 343.27086981333844], [369.06723979537827, 374.49676558788235], [987.4449901864666, 632.7562726071461], [674.3239305044935, 329.96345538545836], [679.9176611640223, 122.97237488719004], [51.729231983775215, 850.1913468087871], [8.895805535434675, 978.7675621852967], [827.0030258190536, 785.2109593263714]], ""scale"": 1000.0, ""seed"": 6, ""symmetric"": true}, ""max_layers"": 6, ""n_layers"": null, ""n_layers_effective"": 6, ""normalization_factor"": 1087.4997624523116, ""normalize"": true, ""seed"": 6, ""tau"": 1.0, ""valid_route"": true}"
small_exact,evaluation,small_exact_euclidean_n8_seed6,euclidean,8,6,held_karp,ok,"[7, 6, 5, 1, 0, 4, 3, 2]",2845.933648874112,2845.933648874112,2845.933648874112,0.0,0.0,True,True,True,0.000496299999213079,252.7890625,252.7890625,0.0,1.0,manual_default_tau,,,,"{""instance_metadata"": {""complete"": true, ""instance_type"": ""euclidean"", ""n"": 8, ""points"": [[538.1643514719432, 343.27086981333844], [369.06723979537827, 374.49676558788235], [987.4449901864666, 632.7562726071461], [674.3239305044935, 329.96345538545836], [679.9176611640223, 122.97237488719004], [51.729231983775215, 850.1913468087871], [8.895805535434675, 978.7675621852967], [827.0030258190536, 785.2109593263714]], ""scale"": 1000.0, ""seed"": 6, ""symmetric"": true}, ""max_n"": 18, ""start"": 7}"
small_exact,evaluation,small_exact_euclidean_n8_seed6,euclidean,8,6,bruteforce,ok,"[7, 2, 3, 4, 0, 1, 5, 6]",2845.933648874112,2845.933648874112,2845.933648874112,0.0,0.0,True,True,True,0.017204499999934342,252.7890625,252.7890625,0.0,1.0,manual_default_tau,,,,"{""instance_metadata"": {""complete"": true, ""instance_type"": ""euclidean"", ""n"": 8, ""points"": [[538.1643514719432, 343.27086981333844], [369.06723979537827, 374.49676558788235], [987.4449901864666, 632.7562726071461], [674.3239305044935, 329.96345538545836], [679.9176611640223, 122.97237488719004], [51.729231983775215, 850.1913468087871], [8.895805535434675, 978.7675621852967], [827.0030258190536, 785.2109593263714]], ""scale"": 1000.0, ""seed"": 6, ""symmetric"": true}, ""max_n"": 10, ""permutations_checked"": 5040, ""start"": 7}"
small_exact,evaluation,small_exact_euclidean_n8_seed6,euclidean,8,6,ortools,ok,"[7, 2, 3, 4, 0, 1, 5, 6]",2845.933648874112,2845.933648874112,2845.933648874112,0.0,0.0,True,True,True,0.0013902999999118038,252.7890625,252.7890625,0.0,1.0,manual_default_tau,,,5.0,"{""finite_edges"": true, ""infinity_penalty"": 8699998096000, ""instance_metadata"": {""complete"": true, ""instance_type"": ""euclidean"", ""n"": 8, ""points"": [[538.1643514719432, 343.27086981333844], [369.06723979537827, 374.49676558788235], [987.4449901864666, 632.7562726071461], [674.3239305044935, 329.96345538545836], [679.9176611640223, 122.97237488719004], [51.729231983775215, 850.1913468087871], [8.895805535434675, 978.7675621852967], [827.0030258190536, 785.2109593263714]], ""scale"": 1000.0, ""seed"": 6, ""symmetric"": true}, ""integer_scale"": 1000000, ""start"": 7, ""time_limit_s"": 5.0, ""valid_route"": true}"
small_exact,evaluation,small_exact_euclidean_n8_seed6,euclidean,8,6,networkx_christofides,ok,"[7, 2, 3, 4, 0, 1, 5, 6]",2845.933648874112,2845.933648874112,2845.933648874112,0.0,0.0,True,True,True,0.0007353000000875909,252.7890625,252.79296875,0.00390625,1.0,manual_default_tau,,,,"{""finite_edges"": true, ""instance_metadata"": {""complete"": true, ""instance_type"": ""euclidean"", ""n"": 8, ""points"": [[538.1643514719432, 343.27086981333844], [369.06723979537827, 374.49676558788235], [987.4449901864666, 632.7562726071461], [674.3239305044935, 329.96345538545836], [679.9176611640223, 122.97237488719004], [51.729231983775215, 850.1913468087871], [8.895805535434675, 978.7675621852967], [827.0030258190536, 785.2109593263714]], ""scale"": 1000.0, ""seed"": 6, ""symmetric"": true}, ""requires_metric_symmetric_complete"": true, ""valid_route"": true}"
small_exact,evaluation,small_exact_euclidean_n8_seed6,euclidean,8,6,networkx_greedy,ok,"[7, 2, 3, 0, 1, 4, 5, 6]",3302.719575921141,2845.933648874112,2845.933648874112,0.16050477045652115,0.16050477045652115,True,True,True,0.00012690000221482478,252.79296875,252.796875,0.00390625,1.0,manual_default_tau,,,,"{""finite_edges"": true, ""instance_metadata"": {""complete"": true, ""instance_type"": ""euclidean"", ""n"": 8, ""points"": [[538.1643514719432, 343.27086981333844], [369.06723979537827, 374.49676558788235], [987.4449901864666, 632.7562726071461], [674.3239305044935, 329.96345538545836], [679.9176611640223, 122.97237488719004], [51.729231983775215, 850.1913468087871], [8.895805535434675, 978.7675621852967], [827.0030258190536, 785.2109593263714]], ""scale"": 1000.0, ""seed"": 6, ""symmetric"": true}, ""valid_route"": true}"
small_exact,evaluation,small_exact_euclidean_n8_seed6,euclidean,8,6,python_tsp_dynamic_programming,skipped_missing_dependency,,,2845.933648874112,2845.933648874112,nan,nan,True,,,0.0005042999982833862,252.796875,252.796875,0.0,1.0,manual_default_tau,,,,"{""instance_metadata"": {""complete"": true, ""instance_type"": ""euclidean"", ""n"": 8, ""points"": [[538.1643514719432, 343.27086981333844], [369.06723979537827, 374.49676558788235], [987.4449901864666, 632.7562726071461], [674.3239305044935, 329.96345538545836], [679.9176611640223, 122.97237488719004], [51.729231983775215, 850.1913468087871], [8.895805535434675, 978.7675621852967], [827.0030258190536, 785.2109593263714]], ""scale"": 1000.0, ""seed"": 6, ""symmetric"": true}}"
small_exact,evaluation,small_exact_random_symmetric_n8_seed6,random_symmetric,8,6,tn_exact,ok,"[7, 4, 3, 0, 1, 2, 6, 5]",299.15879976695135,294.73315521278374,294.73315521278374,0.015015767571084743,0.015015767571084743,True,True,True,0.03281300000162446,252.796875,252.85546875,0.05859375,1.0,manual_default_tau,,True,,"{""exact_mode"": true, ""finite_edges"": true, ""instance_metadata"": {""complete"": true, ""high"": 100.0, ""instance_type"": ""random_symmetric"", ""low"": 1.0, ""n"": 8, ""seed"": 6, ""symmetric"": true}, ""max_layers"": 6, ""n_layers"": null, ""n_layers_effective"": 6, ""normalization_factor"": 93.07280945339467, ""normalize"": true, ""seed"": 6, ""tau"": 1.0, ""valid_route"": true}"
small_exact,evaluation,small_exact_random_symmetric_n8_seed6,random_symmetric,8,6,held_karp,ok,"[7, 5, 6, 2, 0, 1, 4, 3]",294.73315521278374,294.73315521278374,294.73315521278374,0.0,0.0,True,True,True,0.0005450999997265171,252.85546875,252.85546875,0.0,1.0,manual_default_tau,,,,"{""instance_metadata"": {""complete"": true, ""high"": 100.0, ""instance_type"": ""random_symmetric"", ""low"": 1.0, ""n"": 8, ""seed"": 6, ""symmetric"": true}, ""max_n"": 18, ""start"": 7}"
small_exact,evaluation,small_exact_random_symmetric_n8_seed6,random_symmetric,8,6,bruteforce,ok,"[7, 3, 4, 1, 0, 2, 6, 5]",294.73315521278374,294.73315521278374,294.73315521278374,0.0,0.0,True,True,True,0.016623499999695923,252.85546875,252.85546875,0.0,1.0,manual_default_tau,,,,"{""instance_metadata"": {""complete"": true, ""high"": 100.0, ""instance_type"": ""random_symmetric"", ""low"": 1.0, ""n"": 8, ""seed"": 6, ""symmetric"": true}, ""max_n"": 10, ""permutations_checked"": 5040, ""start"": 7}"
small_exact,evaluation,small_exact_random_symmetric_n8_seed6,random_symmetric,8,6,ortools,ok,"[7, 4, 3, 0, 1, 2, 6, 5]",299.15879976695135,294.73315521278374,294.73315521278374,0.015015767571084743,0.015015767571084743,True,True,True,0.0015945999984978698,252.85546875,252.85546875,0.0,1.0,manual_default_tau,,,5.0,"{""finite_edges"": true, ""infinity_penalty"": 744582472000, ""instance_metadata"": {""complete"": true, ""high"": 100.0, ""instance_type"": ""random_symmetric"", ""low"": 1.0, ""n"": 8, ""seed"": 6, ""symmetric"": true}, ""integer_scale"": 1000000, ""start"": 7, ""time_limit_s"": 5.0, ""valid_route"": true}"
small_exact,evaluation,small_exact_random_symmetric_n8_seed6,random_symmetric,8,6,networkx_christofides,skipped_not_applicable,,,294.73315521278374,294.73315521278374,nan,nan,True,,,8.969999908003956e-05,252.85546875,252.85546875,0.0,1.0,manual_default_tau,,,,"{""instance_metadata"": {""complete"": true, ""high"": 100.0, ""instance_type"": ""random_symmetric"", ""low"": 1.0, ""n"": 8, ""seed"": 6, ""symmetric"": true}, ""requires_metric_symmetric_complete"": true}"
small_exact,evaluation,small_exact_random_symmetric_n8_seed6,random_symmetric,8,6,networkx_greedy,ok,"[7, 3, 2, 5, 0, 1, 4, 6]",363.26701741733194,294.73315521278374,294.73315521278374,0.23252851263058583,0.23252851263058583,True,True,True,0.0001216000018757768,252.85546875,252.85546875,0.0,1.0,manual_default_tau,,,,"{""finite_edges"": true, ""instance_metadata"": {""complete"": true, ""high"": 100.0, ""instance_type"": ""random_symmetric"", ""low"": 1.0, ""n"": 8, ""seed"": 6, ""symmetric"": true}, ""valid_route"": true}"
small_exact,evaluation,small_exact_random_symmetric_n8_seed6,random_symmetric,8,6,python_tsp_dynamic_programming,skipped_missing_dependency,,,294.73315521278374,294.73315521278374,nan,nan,True,,,0.0005612999993900303,252.85546875,252.85546875,0.0,1.0,manual_default_tau,,,,"{""instance_metadata"": {""complete"": true, ""high"": 100.0, ""instance_type"": ""random_symmetric"", ""low"": 1.0, ""n"": 8, ""seed"": 6, ""symmetric"": true}}"
small_exact,evaluation,small_exact_random_asymmetric_n8_seed6,random_asymmetric,8,6,tn_exact,ok,"[7, 1, 4, 5, 6, 2, 0, 3]",125.16533641760796,125.16533641760796,125.16533641760796,0.0,0.0,True,True,True,0.03370560000257683,252.85546875,252.88671875,0.03125,1.0,manual_default_tau,,True,,"{""exact_mode"": true, ""finite_edges"": true, ""instance_metadata"": {""complete"": true, ""high"": 100.0, ""instance_type"": ""random_asymmetric"", ""low"": 1.0, ""n"": 8, ""seed"": 6, ""symmetric"": false}, ""max_layers"": 6, ""n_layers"": null, ""n_layers_effective"": 6, ""normalization_factor"": 98.75705402846019, ""normalize"": true, ""seed"": 6, ""tau"": 1.0, ""valid_route"": true}"
small_exact,evaluation,small_exact_random_asymmetric_n8_seed6,random_asymmetric,8,6,held_karp,ok,"[7, 1, 4, 5, 6, 2, 0, 3]",125.16533641760796,125.16533641760796,125.16533641760796,0.0,0.0,True,True,True,0.000515899999300018,252.88671875,252.88671875,0.0,1.0,manual_default_tau,,,,"{""instance_metadata"": {""complete"": true, ""high"": 100.0, ""instance_type"": ""random_asymmetric"", ""low"": 1.0, ""n"": 8, ""seed"": 6, ""symmetric"": false}, ""max_n"": 18, ""start"": 7}"
small_exact,evaluation,small_exact_random_asymmetric_n8_seed6,random_asymmetric,8,6,bruteforce,ok,"[7, 1, 4, 5, 6, 2, 0, 3]",125.16533641760796,125.16533641760796,125.16533641760796,0.0,0.0,True,True,True,0.01680800000031013,252.88671875,252.88671875,0.0,1.0,manual_default_tau,,,,"{""instance_metadata"": {""complete"": true, ""high"": 100.0, ""instance_type"": ""random_asymmetric"", ""low"": 1.0, ""n"": 8, ""seed"": 6, ""symmetric"": false}, ""max_n"": 10, ""permutations_checked"": 5040, ""start"": 7}"
small_exact,evaluation,small_exact_random_asymmetric_n8_seed6,random_asymmetric,8,6,ortools,ok,"[7, 1, 4, 5, 6, 2, 0, 3]",125.16533641760796,125.16533641760796,125.16533641760796,0.0,0.0,True,True,True,0.00137919999906444,252.88671875,252.88671875,0.0,1.0,manual_default_tau,,,5.0,"{""finite_edges"": true, ""infinity_penalty"": 790056432000, ""instance_metadata"": {""complete"": true, ""high"": 100.0, ""instance_type"": ""random_asymmetric"", ""low"": 1.0, ""n"": 8, ""seed"": 6, ""symmetric"": false}, ""integer_scale"": 1000000, ""start"": 7, ""time_limit_s"": 5.0, ""valid_route"": true}"
small_exact,evaluation,small_exact_random_asymmetric_n8_seed6,random_asymmetric,8,6,networkx_christofides,skipped_not_applicable,,,125.16533641760796,125.16533641760796,nan,nan,True,,,8.399999933317304e-05,252.88671875,252.88671875,0.0,1.0,manual_default_tau,,,,"{""instance_metadata"": {""complete"": true, ""high"": 100.0, ""instance_type"": ""random_asymmetric"", ""low"": 1.0, ""n"": 8, ""seed"": 6, ""symmetric"": false}, ""requires_metric_symmetric_complete"": true}"
small_exact,evaluation,small_exact_random_asymmetric_n8_seed6,random_asymmetric,8,6,networkx_greedy,ok,"[7, 1, 4, 5, 6, 2, 0, 3]",125.16533641760796,125.16533641760796,125.16533641760796,0.0,0.0,True,True,True,0.00015100000018719584,252.88671875,252.89453125,0.0078125,1.0,manual_default_tau,,,,"{""finite_edges"": true, ""instance_metadata"": {""complete"": true, ""high"": 100.0, ""instance_type"": ""random_asymmetric"", ""low"": 1.0, ""n"": 8, ""seed"": 6, ""symmetric"": false}, ""valid_route"": true}"
small_exact,evaluation,small_exact_random_asymmetric_n8_seed6,random_asymmetric,8,6,python_tsp_dynamic_programming,skipped_missing_dependency,,,125.16533641760796,125.16533641760796,nan,nan,True,,,0.0005947999998170417,252.89453125,252.89453125,0.0,1.0,manual_default_tau,,,,"{""instance_metadata"": {""complete"": true, ""high"": 100.0, ""instance_type"": ""random_asymmetric"", ""low"": 1.0, ""n"": 8, ""seed"": 6, ""symmetric"": false}}"
small_exact,evaluation,small_exact_euclidean_n8_seed7,euclidean,8,7,tn_exact,ok,"[7, 4, 1, 5, 6, 3, 2, 0]",2638.529599165837,2638.5295991658368,2638.5295991658368,1.7234877752754076e-16,1.7234877752754076e-16,True,True,True,0.03296559999944293,252.89453125,252.94140625,0.046875,1.0,manual_default_tau,,True,,"{""exact_mode"": true, ""finite_edges"": true, ""instance_metadata"": {""complete"": true, ""instance_type"": ""euclidean"", ""n"": 8, ""points"": [[625.095466604667, 897.2138009695755], [775.6856902451935, 225.20718999059187], [300.16628491122543, 873.5534453962618], [5.265304565574724, 821.2284183827662], [797.0694287520462, 467.9349528437208], [303.0324268193135, 278.4256121007733], [254.8695876541246, 445.0763058826466], [504.5482589579533, 553.4973520744925]], ""scale"": 1000.0, ""seed"": 7, ""symmetric"": true}, ""max_layers"": 6, ""n_layers"": null, ""n_layers_effective"": 6, ""normalization_factor"": 974.0579425089911, ""normalize"": true, ""seed"": 7, ""tau"": 1.0, ""valid_route"": true}"
small_exact,evaluation,small_exact_euclidean_n8_seed7,euclidean,8,7,held_karp,ok,"[7, 0, 2, 3, 6, 5, 1, 4]",2638.5295991658368,2638.5295991658368,2638.5295991658368,0.0,0.0,True,True,True,0.0005636000023514498,252.94140625,252.94140625,0.0,1.0,manual_default_tau,,,,"{""instance_metadata"": {""complete"": true, ""instance_type"": ""euclidean"", ""n"": 8, ""points"": [[625.095466604667, 897.2138009695755], [775.6856902451935, 225.20718999059187], [300.16628491122543, 873.5534453962618], [5.265304565574724, 821.2284183827662], [797.0694287520462, 467.9349528437208], [303.0324268193135, 278.4256121007733], [254.8695876541246, 445.0763058826466], [504.5482589579533, 553.4973520744925]], ""scale"": 1000.0, ""seed"": 7, ""symmetric"": true}, ""max_n"": 18, ""start"": 7}"
small_exact,evaluation,small_exact_euclidean_n8_seed7,euclidean,8,7,bruteforce,ok,"[7, 0, 2, 3, 6, 5, 1, 4]",2638.5295991658368,2638.5295991658368,2638.5295991658368,0.0,0.0,True,True,True,0.017034500000590924,252.94140625,252.94140625,0.0,1.0,manual_default_tau,,,,"{""instance_metadata"": {""complete"": true, ""instance_type"": ""euclidean"", ""n"": 8, ""points"": [[625.095466604667, 897.2138009695755], [775.6856902451935, 225.20718999059187], [300.16628491122543, 873.5534453962618], [5.265304565574724, 821.2284183827662], [797.0694287520462, 467.9349528437208], [303.0324268193135, 278.4256121007733], [254.8695876541246, 445.0763058826466], [504.5482589579533, 553.4973520744925]], ""scale"": 1000.0, ""seed"": 7, ""symmetric"": true}, ""max_n"": 10, ""permutations_checked"": 5040, ""start"": 7}"
small_exact,evaluation,small_exact_euclidean_n8_seed7,euclidean,8,7,ortools,ok,"[7, 0, 2, 3, 6, 5, 1, 4]",2638.5295991658368,2638.5295991658368,2638.5295991658368,0.0,0.0,True,True,True,0.0015192999999271706,252.94140625,252.94140625,0.0,1.0,manual_default_tau,,,5.0,"{""finite_edges"": true, ""infinity_penalty"": 7792463544000, ""instance_metadata"": {""complete"": true, ""instance_type"": ""euclidean"", ""n"": 8, ""points"": [[625.095466604667, 897.2138009695755], [775.6856902451935, 225.20718999059187], [300.16628491122543, 873.5534453962618], [5.265304565574724, 821.2284183827662], [797.0694287520462, 467.9349528437208], [303.0324268193135, 278.4256121007733], [254.8695876541246, 445.0763058826466], [504.5482589579533, 553.4973520744925]], ""scale"": 1000.0, ""seed"": 7, ""symmetric"": true}, ""integer_scale"": 1000000, ""start"": 7, ""time_limit_s"": 5.0, ""valid_route"": true}"
small_exact,evaluation,small_exact_euclidean_n8_seed7,euclidean,8,7,networkx_christofides,ok,"[7, 0, 2, 3, 4, 1, 5, 6]",3021.56755552922,2638.5295991658368,2638.5295991658368,0.14517099087479615,0.14517099087479615,True,True,True,0.0008565000025555491,252.94140625,252.94921875,0.0078125,1.0,manual_default_tau,,,,"{""finite_edges"": true, ""instance_metadata"": {""complete"": true, ""instance_type"": ""euclidean"", ""n"": 8, ""points"": [[625.095466604667, 897.2138009695755], [775.6856902451935, 225.20718999059187], [300.16628491122543, 873.5534453962618], [5.265304565574724, 821.2284183827662], [797.0694287520462, 467.9349528437208], [303.0324268193135, 278.4256121007733], [254.8695876541246, 445.0763058826466], [504.5482589579533, 553.4973520744925]], ""scale"": 1000.0, ""seed"": 7, ""symmetric"": true}, ""requires_metric_symmetric_complete"": true, ""valid_route"": true}"
small_exact,evaluation,small_exact_euclidean_n8_seed7,euclidean,8,7,networkx_greedy,ok,"[7, 3, 2, 0, 4, 1, 5, 6]",2819.2595869791567,2638.5295991658368,2638.5295991658368,0.06849647920207419,0.06849647920207419,True,True,True,0.00016360000154236332,252.94921875,252.953125,0.00390625,1.0,manual_default_tau,,,,"{""finite_edges"": true, ""instance_metadata"": {""complete"": true, ""instance_type"": ""euclidean"", ""n"": 8, ""points"": [[625.095466604667, 897.2138009695755], [775.6856902451935, 225.20718999059187], [300.16628491122543, 873.5534453962618], [5.265304565574724, 821.2284183827662], [797.0694287520462, 467.9349528437208], [303.0324268193135, 278.4256121007733], [254.8695876541246, 445.0763058826466], [504.5482589579533, 553.4973520744925]], ""scale"": 1000.0, ""seed"": 7, ""symmetric"": true}, ""valid_route"": true}"
small_exact,evaluation,small_exact_euclidean_n8_seed7,euclidean,8,7,python_tsp_dynamic_programming,skipped_missing_dependency,,,2638.5295991658368,2638.5295991658368,nan,nan,True,,,0.0005938000031164847,252.953125,252.953125,0.0,1.0,manual_default_tau,,,,"{""instance_metadata"": {""complete"": true, ""instance_type"": ""euclidean"", ""n"": 8, ""points"": [[625.095466604667, 897.2138009695755], [775.6856902451935, 225.20718999059187], [300.16628491122543, 873.5534453962618], [5.265304565574724, 821.2284183827662], [797.0694287520462, 467.9349528437208], [303.0324268193135, 278.4256121007733], [254.8695876541246, 445.0763058826466], [504.5482589579533, 553.4973520744925]], ""scale"": 1000.0, ""seed"": 7, ""symmetric"": true}}"
small_exact,evaluation,small_exact_random_symmetric_n8_seed7,random_symmetric,8,7,tn_exact,ok,"[7, 1, 4, 0, 3, 6, 5, 2]",266.3870636280984,251.99048438822638,251.99048438822638,0.05713144000188558,0.05713144000188558,True,True,True,0.06570629999987432,252.953125,253.0078125,0.0546875,1.0,manual_default_tau,,True,,"{""exact_mode"": true, ""finite_edges"": true, ""instance_metadata"": {""complete"": true, ""high"": 100.0, ""instance_type"": ""random_symmetric"", ""low"": 1.0, ""n"": 8, ""seed"": 7, ""symmetric"": true}, ""max_layers"": 6, ""n_layers"": null, ""n_layers_effective"": 6, ""normalization_factor"": 88.67370569713951, ""normalize"": true, ""seed"": 7, ""tau"": 1.0, ""valid_route"": true}"
small_exact,evaluation,small_exact_random_symmetric_n8_seed7,random_symmetric,8,7,held_karp,ok,"[7, 6, 5, 2, 1, 4, 0, 3]",251.99048438822638,251.99048438822638,251.99048438822638,0.0,0.0,True,True,True,0.0005258000019239262,253.0078125,253.0078125,0.0,1.0,manual_default_tau,,,,"{""instance_metadata"": {""complete"": true, ""high"": 100.0, ""instance_type"": ""random_symmetric"", ""low"": 1.0, ""n"": 8, ""seed"": 7, ""symmetric"": true}, ""max_n"": 18, ""start"": 7}"
small_exact,evaluation,small_exact_random_symmetric_n8_seed7,random_symmetric,8,7,bruteforce,ok,"[7, 6, 5, 2, 1, 4, 0, 3]",251.99048438822638,251.99048438822638,251.99048438822638,0.0,0.0,True,True,True,0.01576299999942421,253.0078125,253.0078125,0.0,1.0,manual_default_tau,,,,"{""instance_metadata"": {""complete"": true, ""high"": 100.0, ""instance_type"": ""random_symmetric"", ""low"": 1.0, ""n"": 8, ""seed"": 7, ""symmetric"": true}, ""max_n"": 10, ""permutations_checked"": 5040, ""start"": 7}"
small_exact,evaluation,small_exact_random_symmetric_n8_seed7,random_symmetric,8,7,ortools,ok,"[7, 3, 0, 4, 1, 2, 5, 6]",251.9904843882264,251.99048438822638,251.99048438822638,1.1278882017868744e-16,1.1278882017868744e-16,True,True,True,0.0013770000005024485,253.0078125,253.0078125,0.0,1.0,manual_default_tau,,,5.0,"{""finite_edges"": true, ""infinity_penalty"": 709389648000, ""instance_metadata"": {""complete"": true, ""high"": 100.0, ""instance_type"": ""random_symmetric"", ""low"": 1.0, ""n"": 8, ""seed"": 7, ""symmetric"": true}, ""integer_scale"": 1000000, ""start"": 7, ""time_limit_s"": 5.0, ""valid_route"": true}"
small_exact,evaluation,small_exact_random_symmetric_n8_seed7,random_symmetric,8,7,networkx_christofides,skipped_not_applicable,,,251.99048438822638,251.99048438822638,nan,nan,True,,,9.219999992637895e-05,253.0078125,253.0078125,0.0,1.0,manual_default_tau,,,,"{""instance_metadata"": {""complete"": true, ""high"": 100.0, ""instance_type"": ""random_symmetric"", ""low"": 1.0, ""n"": 8, ""seed"": 7, ""symmetric"": true}, ""requires_metric_symmetric_complete"": true}"
small_exact,evaluation,small_exact_random_symmetric_n8_seed7,random_symmetric,8,7,networkx_greedy,ok,"[7, 4, 0, 3, 1, 2, 5, 6]",265.2591287072363,251.99048438822638,251.99048438822638,0.05265533875702914,0.05265533875702914,True,True,True,0.00011410000297473744,253.0078125,253.0078125,0.0,1.0,manual_default_tau,,,,"{""finite_edges"": true, ""instance_metadata"": {""complete"": true, ""high"": 100.0, ""instance_type"": ""random_symmetric"", ""low"": 1.0, ""n"": 8, ""seed"": 7, ""symmetric"": true}, ""valid_route"": true}"
small_exact,evaluation,small_exact_random_symmetric_n8_seed7,random_symmetric,8,7,python_tsp_dynamic_programming,skipped_missing_dependency,,,251.99048438822638,251.99048438822638,nan,nan,True,,,0.0006370000010065269,253.0078125,253.0078125,0.0,1.0,manual_default_tau,,,,"{""instance_metadata"": {""complete"": true, ""high"": 100.0, ""instance_type"": ""random_symmetric"", ""low"": 1.0, ""n"": 8, ""seed"": 7, ""symmetric"": true}}"
small_exact,evaluation,small_exact_random_asymmetric_n8_seed7,random_asymmetric,8,7,tn_exact,ok,"[7, 1, 3, 0, 6, 4, 5, 2]",138.23807085254663,138.23807085254663,138.23807085254663,0.0,0.0,True,True,True,0.03215189999900758,253.0078125,253.0078125,0.0,1.0,manual_default_tau,,True,,"{""exact_mode"": true, ""finite_edges"": true, ""instance_metadata"": {""complete"": true, ""high"": 100.0, ""instance_type"": ""random_asymmetric"", ""low"": 1.0, ""n"": 8, ""seed"": 7, ""symmetric"": false}, ""max_layers"": 6, ""n_layers"": null, ""n_layers_effective"": 6, ""normalization_factor"": 99.55452806000487, ""normalize"": true, ""seed"": 7, ""tau"": 1.0, ""valid_route"": true}"
small_exact,evaluation,small_exact_random_asymmetric_n8_seed7,random_asymmetric,8,7,held_karp,ok,"[7, 1, 3, 0, 6, 4, 5, 2]",138.23807085254663,138.23807085254663,138.23807085254663,0.0,0.0,True,True,True,0.0004900999992969446,253.0078125,253.0078125,0.0,1.0,manual_default_tau,,,,"{""instance_metadata"": {""complete"": true, ""high"": 100.0, ""instance_type"": ""random_asymmetric"", ""low"": 1.0, ""n"": 8, ""seed"": 7, ""symmetric"": false}, ""max_n"": 18, ""start"": 7}"
small_exact,evaluation,small_exact_random_asymmetric_n8_seed7,random_asymmetric,8,7,bruteforce,ok,"[7, 1, 3, 0, 6, 4, 5, 2]",138.23807085254663,138.23807085254663,138.23807085254663,0.0,0.0,True,True,True,0.017150200001196936,253.0078125,253.0078125,0.0,1.0,manual_default_tau,,,,"{""instance_metadata"": {""complete"": true, ""high"": 100.0, ""instance_type"": ""random_asymmetric"", ""low"": 1.0, ""n"": 8, ""seed"": 7, ""symmetric"": false}, ""max_n"": 10, ""permutations_checked"": 5040, ""start"": 7}"
small_exact,evaluation,small_exact_random_asymmetric_n8_seed7,random_asymmetric,8,7,ortools,ok,"[7, 1, 3, 0, 6, 4, 5, 2]",138.23807085254663,138.23807085254663,138.23807085254663,0.0,0.0,True,True,True,0.0015227000003505964,253.0078125,253.0078125,0.0,1.0,manual_default_tau,,,5.0,"{""finite_edges"": true, ""infinity_penalty"": 796436224000, ""instance_metadata"": {""complete"": true, ""high"": 100.0, ""instance_type"": ""random_asymmetric"", ""low"": 1.0, ""n"": 8, ""seed"": 7, ""symmetric"": false}, ""integer_scale"": 1000000, ""start"": 7, ""time_limit_s"": 5.0, ""valid_route"": true}"
small_exact,evaluation,small_exact_random_asymmetric_n8_seed7,random_asymmetric,8,7,networkx_christofides,skipped_not_applicable,,,138.23807085254663,138.23807085254663,nan,nan,True,,,8.049999814829789e-05,253.0078125,253.0078125,0.0,1.0,manual_default_tau,,,,"{""instance_metadata"": {""complete"": true, ""high"": 100.0, ""instance_type"": ""random_asymmetric"", ""low"": 1.0, ""n"": 8, ""seed"": 7, ""symmetric"": false}, ""requires_metric_symmetric_complete"": true}"
small_exact,evaluation,small_exact_random_asymmetric_n8_seed7,random_asymmetric,8,7,networkx_greedy,ok,"[7, 1, 4, 5, 6, 2, 3, 0]",298.73117250702444,138.23807085254663,138.23807085254663,1.1609906060224886,1.1609906060224886,True,True,True,0.0001339999980700668,253.0078125,253.0078125,0.0,1.0,manual_default_tau,,,,"{""finite_edges"": true, ""instance_metadata"": {""complete"": true, ""high"": 100.0, ""instance_type"": ""random_asymmetric"", ""low"": 1.0, ""n"": 8, ""seed"": 7, ""symmetric"": false}, ""valid_route"": true}"
small_exact,evaluation,small_exact_random_asymmetric_n8_seed7,random_asymmetric,8,7,python_tsp_dynamic_programming,skipped_missing_dependency,,,138.23807085254663,138.23807085254663,nan,nan,True,,,0.0005532000031962525,253.0078125,253.0078125,0.0,1.0,manual_default_tau,,,,"{""instance_metadata"": {""complete"": true, ""high"": 100.0, ""instance_type"": ""random_asymmetric"", ""low"": 1.0, ""n"": 8, ""seed"": 7, ""symmetric"": false}}"
small_exact,evaluation,small_exact_euclidean_n8_seed8,euclidean,8,8,tn_exact,ok,"[7, 2, 3, 5, 6, 4, 1, 0]",2424.6192409307196,2424.6192409307196,2424.6192409307196,0.0,0.0,True,True,True,0.032792500001960434,253.01171875,253.01171875,0.0,1.0,manual_default_tau,,True,,"{""exact_mode"": true, ""finite_edges"": true, ""instance_metadata"": {""complete"": true, ""instance_type"": ""euclidean"", ""n"": 8, ""points"": [[326.9722766055607, 987.2768433379256], [318.7108384855167, 788.548935820029], [869.8965116962161, 391.08480653919395], [437.8818731227988, 372.74890308935306], [106.95359647277436, 478.965454162717], [241.3521450846823, 257.1452485511297], [184.7315568344149, 193.8645489043107], [813.827670155021, 422.9841881442263]], ""scale"": 1000.0, ""seed"": 8, ""symmetric"": true}, ""max_layers"": 6, ""n_layers"": null, ""n_layers_effective"": 6, ""normalization_factor"": 806.3570361762793, ""normalize"": true, ""seed"": 8, ""tau"": 1.0, ""valid_route"": true}"
small_exact,evaluation,small_exact_euclidean_n8_seed8,euclidean,8,8,held_karp,ok,"[7, 2, 3, 5, 6, 4, 1, 0]",2424.6192409307196,2424.6192409307196,2424.6192409307196,0.0,0.0,True,True,True,0.0005014000016672071,253.01171875,253.01171875,0.0,1.0,manual_default_tau,,,,"{""instance_metadata"": {""complete"": true, ""instance_type"": ""euclidean"", ""n"": 8, ""points"": [[326.9722766055607, 987.2768433379256], [318.7108384855167, 788.548935820029], [869.8965116962161, 391.08480653919395], [437.8818731227988, 372.74890308935306], [106.95359647277436, 478.965454162717], [241.3521450846823, 257.1452485511297], [184.7315568344149, 193.8645489043107], [813.827670155021, 422.9841881442263]], ""scale"": 1000.0, ""seed"": 8, ""symmetric"": true}, ""max_n"": 18, ""start"": 7}"
small_exact,evaluation,small_exact_euclidean_n8_seed8,euclidean,8,8,bruteforce,ok,"[7, 0, 1, 4, 6, 5, 3, 2]",2424.6192409307196,2424.6192409307196,2424.6192409307196,0.0,0.0,True,True,True,0.016581799998675706,253.01171875,253.01171875,0.0,1.0,manual_default_tau,,,,"{""instance_metadata"": {""complete"": true, ""instance_type"": ""euclidean"", ""n"": 8, ""points"": [[326.9722766055607, 987.2768433379256], [318.7108384855167, 788.548935820029], [869.8965116962161, 391.08480653919395], [437.8818731227988, 372.74890308935306], [106.95359647277436, 478.965454162717], [241.3521450846823, 257.1452485511297], [184.7315568344149, 193.8645489043107], [813.827670155021, 422.9841881442263]], ""scale"": 1000.0, ""seed"": 8, ""symmetric"": true}, ""max_n"": 10, ""permutations_checked"": 5040, ""start"": 7}"
small_exact,evaluation,small_exact_euclidean_n8_seed8,euclidean,8,8,ortools,ok,"[7, 2, 3, 5, 6, 4, 1, 0]",2424.6192409307196,2424.6192409307196,2424.6192409307196,0.0,0.0,True,True,True,0.0013913000002503395,253.01171875,253.01171875,0.0,1.0,manual_default_tau,,,5.0,"{""finite_edges"": true, ""infinity_penalty"": 6450856288000, ""instance_metadata"": {""complete"": true, ""instance_type"": ""euclidean"", ""n"": 8, ""points"": [[326.9722766055607, 987.2768433379256], [318.7108384855167, 788.548935820029], [869.8965116962161, 391.08480653919395], [437.8818731227988, 372.74890308935306], [106.95359647277436, 478.965454162717], [241.3521450846823, 257.1452485511297], [184.7315568344149, 193.8645489043107], [813.827670155021, 422.9841881442263]], ""scale"": 1000.0, ""seed"": 8, ""symmetric"": true}, ""integer_scale"": 1000000, ""start"": 7, ""time_limit_s"": 5.0, ""valid_route"": true}"
small_exact,evaluation,small_exact_euclidean_n8_seed8,euclidean,8,8,networkx_christofides,ok,"[7, 2, 0, 1, 4, 6, 5, 3]",2432.5718455986816,2424.6192409307196,2424.6192409307196,0.0032799396019431793,0.0032799396019431793,True,True,True,0.000720500000170432,253.01171875,253.01171875,0.0,1.0,manual_default_tau,,,,"{""finite_edges"": true, ""instance_metadata"": {""complete"": true, ""instance_type"": ""euclidean"", ""n"": 8, ""points"": [[326.9722766055607, 987.2768433379256], [318.7108384855167, 788.548935820029], [869.8965116962161, 391.08480653919395], [437.8818731227988, 372.74890308935306], [106.95359647277436, 478.965454162717], [241.3521450846823, 257.1452485511297], [184.7315568344149, 193.8645489043107], [813.827670155021, 422.9841881442263]], ""scale"": 1000.0, ""seed"": 8, ""symmetric"": true}, ""requires_metric_symmetric_complete"": true, ""valid_route"": true}"
small_exact,evaluation,small_exact_euclidean_n8_seed8,euclidean,8,8,networkx_greedy,ok,"[7, 0, 1, 4, 6, 5, 3, 2]",2424.6192409307196,2424.6192409307196,2424.6192409307196,0.0,0.0,True,True,True,0.00011440000162110664,253.01171875,253.01171875,0.0,1.0,manual_default_tau,,,,"{""finite_edges"": true, ""instance_metadata"": {""complete"": true, ""instance_type"": ""euclidean"", ""n"": 8, ""points"": [[326.9722766055607, 987.2768433379256], [318.7108384855167, 788.548935820029], [869.8965116962161, 391.08480653919395], [437.8818731227988, 372.74890308935306], [106.95359647277436, 478.965454162717], [241.3521450846823, 257.1452485511297], [184.7315568344149, 193.8645489043107], [813.827670155021, 422.9841881442263]], ""scale"": 1000.0, ""seed"": 8, ""symmetric"": true}, ""valid_route"": true}"
small_exact,evaluation,small_exact_euclidean_n8_seed8,euclidean,8,8,python_tsp_dynamic_programming,skipped_missing_dependency,,,2424.6192409307196,2424.6192409307196,nan,nan,True,,,0.0005324000012478791,253.01171875,253.01171875,0.0,1.0,manual_default_tau,,,,"{""instance_metadata"": {""complete"": true, ""instance_type"": ""euclidean"", ""n"": 8, ""points"": [[326.9722766055607, 987.2768433379256], [318.7108384855167, 788.548935820029], [869.8965116962161, 391.08480653919395], [437.8818731227988, 372.74890308935306], [106.95359647277436, 478.965454162717], [241.3521450846823, 257.1452485511297], [184.7315568344149, 193.8645489043107], [813.827670155021, 422.9841881442263]], ""scale"": 1000.0, ""seed"": 8, ""symmetric"": true}}"
small_exact,evaluation,small_exact_random_symmetric_n8_seed8,random_symmetric,8,8,tn_exact,ok,"[7, 5, 3, 1, 4, 2, 6, 0]",259.37913006137455,258.47003950157267,258.47003950157267,0.0035171989819591867,0.0035171989819591867,True,True,True,0.03369880000172998,253.01171875,253.01171875,0.0,1.0,manual_default_tau,,True,,"{""exact_mode"": true, ""finite_edges"": true, ""instance_metadata"": {""complete"": true, ""high"": 100.0, ""instance_type"": ""random_symmetric"", ""low"": 1.0, ""n"": 8, ""seed"": 8, ""symmetric"": true}, ""max_layers"": 6, ""n_layers"": null, ""n_layers_effective"": 6, ""normalization_factor"": 72.84500176697068, ""normalize"": true, ""seed"": 8, ""tau"": 1.0, ""valid_route"": true}"
small_exact,evaluation,small_exact_random_symmetric_n8_seed8,random_symmetric,8,8,held_karp,ok,"[7, 5, 3, 0, 2, 6, 1, 4]",258.47003950157267,258.47003950157267,258.47003950157267,0.0,0.0,True,True,True,0.0005019999989599455,253.01171875,253.01171875,0.0,1.0,manual_default_tau,,,,"{""instance_metadata"": {""complete"": true, ""high"": 100.0, ""instance_type"": ""random_symmetric"", ""low"": 1.0, ""n"": 8, ""seed"": 8, ""symmetric"": true}, ""max_n"": 18, ""start"": 7}"
small_exact,evaluation,small_exact_random_symmetric_n8_seed8,random_symmetric,8,8,bruteforce,ok,"[7, 4, 1, 6, 2, 0, 3, 5]",258.47003950157267,258.47003950157267,258.47003950157267,0.0,0.0,True,True,True,0.01638509999975213,253.01171875,253.01171875,0.0,1.0,manual_default_tau,,,,"{""instance_metadata"": {""complete"": true, ""high"": 100.0, ""instance_type"": ""random_symmetric"", ""low"": 1.0, ""n"": 8, ""seed"": 8, ""symmetric"": true}, ""max_n"": 10, ""permutations_checked"": 5040, ""start"": 7}"
small_exact,evaluation,small_exact_random_symmetric_n8_seed8,random_symmetric,8,8,ortools,ok,"[7, 4, 1, 6, 2, 0, 3, 5]",258.47003950157267,258.47003950157267,258.47003950157267,0.0,0.0,True,True,True,0.001616099998500431,253.01171875,253.01171875,0.0,1.0,manual_default_tau,,,5.0,"{""finite_edges"": true, ""infinity_penalty"": 582760016000, ""instance_metadata"": {""complete"": true, ""high"": 100.0, ""instance_type"": ""random_symmetric"", ""low"": 1.0, ""n"": 8, ""seed"": 8, ""symmetric"": true}, ""integer_scale"": 1000000, ""start"": 7, ""time_limit_s"": 5.0, ""valid_route"": true}"
small_exact,evaluation,small_exact_random_symmetric_n8_seed8,random_symmetric,8,8,networkx_christofides,skipped_not_applicable,,,258.47003950157267,258.47003950157267,nan,nan,True,,,9.720000161905773e-05,253.01171875,253.01171875,0.0,1.0,manual_default_tau,,,,"{""instance_metadata"": {""complete"": true, ""high"": 100.0, ""instance_type"": ""random_symmetric"", ""low"": 1.0, ""n"": 8, ""seed"": 8, ""symmetric"": true}, ""requires_metric_symmetric_complete"": true}"
small_exact,evaluation,small_exact_random_symmetric_n8_seed8,random_symmetric,8,8,networkx_greedy,ok,"[7, 4, 1, 3, 5, 2, 0, 6]",277.10693888779923,258.47003950157267,258.47003950157267,0.07210467960683374,0.07210467960683374,True,True,True,0.00011699999959091656,253.01171875,253.01171875,0.0,1.0,manual_default_tau,,,,"{""finite_edges"": true, ""instance_metadata"": {""complete"": true, ""high"": 100.0, ""instance_type"": ""random_symmetric"", ""low"": 1.0, ""n"": 8, ""seed"": 8, ""symmetric"": true}, ""valid_route"": true}"
small_exact,evaluation,small_exact_random_symmetric_n8_seed8,random_symmetric,8,8,python_tsp_dynamic_programming,skipped_missing_dependency,,,258.47003950157267,258.47003950157267,nan,nan,True,,,0.0005151000004843809,253.01171875,253.01171875,0.0,1.0,manual_default_tau,,,,"{""instance_metadata"": {""complete"": true, ""high"": 100.0, ""instance_type"": ""random_symmetric"", ""low"": 1.0, ""n"": 8, ""seed"": 8, ""symmetric"": true}}"
small_exact,evaluation,small_exact_random_asymmetric_n8_seed8,random_asymmetric,8,8,tn_exact,ok,"[7, 5, 3, 1, 4, 2, 6, 0]",190.16837193689582,146.9224341772793,146.9224341772793,0.2943453666676606,0.2943453666676606,True,True,True,0.03221210000265273,253.01171875,253.015625,0.00390625,1.0,manual_default_tau,,True,,"{""exact_mode"": true, ""finite_edges"": true, ""instance_metadata"": {""complete"": true, ""high"": 100.0, ""instance_type"": ""random_asymmetric"", ""low"": 1.0, ""n"": 8, ""seed"": 8, ""symmetric"": false}, ""max_layers"": 6, ""n_layers"": null, ""n_layers_effective"": 6, ""normalization_factor"": 98.88858626864226, ""normalize"": true, ""seed"": 8, ""tau"": 1.0, ""valid_route"": true}"
small_exact,evaluation,small_exact_random_asymmetric_n8_seed8,random_asymmetric,8,8,held_karp,ok,"[7, 5, 3, 0, 2, 6, 1, 4]",146.9224341772793,146.9224341772793,146.9224341772793,0.0,0.0,True,True,True,0.0004840000001422595,253.015625,253.015625,0.0,1.0,manual_default_tau,,,,"{""instance_metadata"": {""complete"": true, ""high"": 100.0, ""instance_type"": ""random_asymmetric"", ""low"": 1.0, ""n"": 8, ""seed"": 8, ""symmetric"": false}, ""max_n"": 18, ""start"": 7}"
small_exact,evaluation,small_exact_random_asymmetric_n8_seed8,random_asymmetric,8,8,bruteforce,ok,"[7, 5, 3, 0, 2, 6, 1, 4]",146.9224341772793,146.9224341772793,146.9224341772793,0.0,0.0,True,True,True,0.0164571999994223,253.015625,253.015625,0.0,1.0,manual_default_tau,,,,"{""instance_metadata"": {""complete"": true, ""high"": 100.0, ""instance_type"": ""random_asymmetric"", ""low"": 1.0, ""n"": 8, ""seed"": 8, ""symmetric"": false}, ""max_n"": 10, ""permutations_checked"": 5040, ""start"": 7}"
small_exact,evaluation,small_exact_random_asymmetric_n8_seed8,random_asymmetric,8,8,ortools,ok,"[7, 5, 3, 0, 2, 6, 1, 4]",146.9224341772793,146.9224341772793,146.9224341772793,0.0,0.0,True,True,True,0.0014155999997456092,253.015625,253.015625,0.0,1.0,manual_default_tau,,,5.0,"{""finite_edges"": true, ""infinity_penalty"": 791108688000, ""instance_metadata"": {""complete"": true, ""high"": 100.0, ""instance_type"": ""random_asymmetric"", ""low"": 1.0, ""n"": 8, ""seed"": 8, ""symmetric"": false}, ""integer_scale"": 1000000, ""start"": 7, ""time_limit_s"": 5.0, ""valid_route"": true}"
small_exact,evaluation,small_exact_random_asymmetric_n8_seed8,random_asymmetric,8,8,networkx_christofides,skipped_not_applicable,,,146.9224341772793,146.9224341772793,nan,nan,True,,,8.829999933368526e-05,253.015625,253.015625,0.0,1.0,manual_default_tau,,,,"{""instance_metadata"": {""complete"": true, ""high"": 100.0, ""instance_type"": ""random_asymmetric"", ""low"": 1.0, ""n"": 8, ""seed"": 8, ""symmetric"": false}, ""requires_metric_symmetric_complete"": true}"
small_exact,evaluation,small_exact_random_asymmetric_n8_seed8,random_asymmetric,8,8,networkx_greedy,ok,"[7, 5, 3, 0, 2, 6, 1, 4]",146.9224341772793,146.9224341772793,146.9224341772793,0.0,0.0,True,True,True,0.00014860000010230578,253.015625,253.015625,0.0,1.0,manual_default_tau,,,,"{""finite_edges"": true, ""instance_metadata"": {""complete"": true, ""high"": 100.0, ""instance_type"": ""random_asymmetric"", ""low"": 1.0, ""n"": 8, ""seed"": 8, ""symmetric"": false}, ""valid_route"": true}"
small_exact,evaluation,small_exact_random_asymmetric_n8_seed8,random_asymmetric,8,8,python_tsp_dynamic_programming,skipped_missing_dependency,,,146.9224341772793,146.9224341772793,nan,nan,True,,,0.0006819999980507419,253.015625,253.015625,0.0,1.0,manual_default_tau,,,,"{""instance_metadata"": {""complete"": true, ""high"": 100.0, ""instance_type"": ""random_asymmetric"", ""low"": 1.0, ""n"": 8, ""seed"": 8, ""symmetric"": false}}"
small_exact,evaluation,small_exact_euclidean_n8_seed9,euclidean,8,9,tn_exact,ok,"[7, 3, 2, 1, 6, 4, 5, 0]",3043.2691720324383,3043.2691720324383,3043.2691720324383,0.0,0.0,True,True,True,0.03395570000066073,253.015625,253.015625,0.0,1.0,manual_default_tau,,True,,"{""exact_mode"": true, ""finite_edges"": true, ""instance_metadata"": {""complete"": true, ""instance_type"": ""euclidean"", ""n"": 8, ""points"": [[870.2492039700846, 286.8172090875554], [603.1481500515619, 777.5340829201788], [716.0746296035653, 915.3801204905076], [860.3936491828846, 918.2376290487624], [26.587734467597212, 437.2480001295087], [484.9443269772881, 65.15419737010752], [5.626050679392924, 830.621436971257], [983.3022442861756, 784.6098526726796]], ""scale"": 1000.0, ""seed"": 9, ""symmetric"": true}, ""max_layers"": 6, ""n_layers"": null, ""n_layers_effective"": 6, ""normalization_factor"": 1021.4187365965673, ""normalize"": true, ""seed"": 9, ""tau"": 1.0, ""valid_route"": true}"
small_exact,evaluation,small_exact_euclidean_n8_seed9,euclidean,8,9,held_karp,ok,"[7, 3, 2, 1, 6, 4, 5, 0]",3043.2691720324383,3043.2691720324383,3043.2691720324383,0.0,0.0,True,True,True,0.000494699997943826,253.015625,253.015625,0.0,1.0,manual_default_tau,,,,"{""instance_metadata"": {""complete"": true, ""instance_type"": ""euclidean"", ""n"": 8, ""points"": [[870.2492039700846, 286.8172090875554], [603.1481500515619, 777.5340829201788], [716.0746296035653, 915.3801204905076], [860.3936491828846, 918.2376290487624], [26.587734467597212, 437.2480001295087], [484.9443269772881, 65.15419737010752], [5.626050679392924, 830.621436971257], [983.3022442861756, 784.6098526726796]], ""scale"": 1000.0, ""seed"": 9, ""symmetric"": true}, ""max_n"": 18, ""start"": 7}"
small_exact,evaluation,small_exact_euclidean_n8_seed9,euclidean,8,9,bruteforce,ok,"[7, 0, 5, 4, 6, 1, 2, 3]",3043.2691720324383,3043.2691720324383,3043.2691720324383,0.0,0.0,True,True,True,0.015611200000421377,253.015625,253.015625,0.0,1.0,manual_default_tau,,,,"{""instance_metadata"": {""complete"": true, ""instance_type"": ""euclidean"", ""n"": 8, ""points"": [[870.2492039700846, 286.8172090875554], [603.1481500515619, 777.5340829201788], [716.0746296035653, 915.3801204905076], [860.3936491828846, 918.2376290487624], [26.587734467597212, 437.2480001295087], [484.9443269772881, 65.15419737010752], [5.626050679392924, 830.621436971257], [983.3022442861756, 784.6098526726796]], ""scale"": 1000.0, ""seed"": 9, ""symmetric"": true}, ""max_n"": 10, ""permutations_checked"": 5040, ""start"": 7}"
small_exact,evaluation,small_exact_euclidean_n8_seed9,euclidean,8,9,ortools,ok,"[7, 3, 2, 1, 6, 4, 5, 0]",3043.2691720324383,3043.2691720324383,3043.2691720324383,0.0,0.0,True,True,True,0.0014268000013544224,253.015625,253.015625,0.0,1.0,manual_default_tau,,,5.0,"{""finite_edges"": true, ""infinity_penalty"": 8171349896000, ""instance_metadata"": {""complete"": true, ""instance_type"": ""euclidean"", ""n"": 8, ""points"": [[870.2492039700846, 286.8172090875554], [603.1481500515619, 777.5340829201788], [716.0746296035653, 915.3801204905076], [860.3936491828846, 918.2376290487624], [26.587734467597212, 437.2480001295087], [484.9443269772881, 65.15419737010752], [5.626050679392924, 830.621436971257], [983.3022442861756, 784.6098526726796]], ""scale"": 1000.0, ""seed"": 9, ""symmetric"": true}, ""integer_scale"": 1000000, ""start"": 7, ""time_limit_s"": 5.0, ""valid_route"": true}"
small_exact,evaluation,small_exact_euclidean_n8_seed9,euclidean,8,9,networkx_christofides,ok,"[7, 0, 5, 4, 6, 1, 2, 3]",3043.2691720324383,3043.2691720324383,3043.2691720324383,0.0,0.0,True,True,True,0.0006872999983897898,253.015625,253.015625,0.0,1.0,manual_default_tau,,,,"{""finite_edges"": true, ""instance_metadata"": {""complete"": true, ""instance_type"": ""euclidean"", ""n"": 8, ""points"": [[870.2492039700846, 286.8172090875554], [603.1481500515619, 777.5340829201788], [716.0746296035653, 915.3801204905076], [860.3936491828846, 918.2376290487624], [26.587734467597212, 437.2480001295087], [484.9443269772881, 65.15419737010752], [5.626050679392924, 830.621436971257], [983.3022442861756, 784.6098526726796]], ""scale"": 1000.0, ""seed"": 9, ""symmetric"": true}, ""requires_metric_symmetric_complete"": true, ""valid_route"": true}"
small_exact,evaluation,small_exact_euclidean_n8_seed9,euclidean,8,9,networkx_greedy,ok,"[7, 3, 2, 1, 0, 5, 4, 6]",3470.383101011423,3043.2691720324383,3043.2691720324383,0.14034707573820626,0.14034707573820626,True,True,True,0.0001171000003523659,253.015625,253.015625,0.0,1.0,manual_default_tau,,,,"{""finite_edges"": true, ""instance_metadata"": {""complete"": true, ""instance_type"": ""euclidean"", ""n"": 8, ""points"": [[870.2492039700846, 286.8172090875554], [603.1481500515619, 777.5340829201788], [716.0746296035653, 915.3801204905076], [860.3936491828846, 918.2376290487624], [26.587734467597212, 437.2480001295087], [484.9443269772881, 65.15419737010752], [5.626050679392924, 830.621436971257], [983.3022442861756, 784.6098526726796]], ""scale"": 1000.0, ""seed"": 9, ""symmetric"": true}, ""valid_route"": true}"
small_exact,evaluation,small_exact_euclidean_n8_seed9,euclidean,8,9,python_tsp_dynamic_programming,skipped_missing_dependency,,,3043.2691720324383,3043.2691720324383,nan,nan,True,,,0.0005488999995577615,253.015625,253.015625,0.0,1.0,manual_default_tau,,,,"{""instance_metadata"": {""complete"": true, ""instance_type"": ""euclidean"", ""n"": 8, ""points"": [[870.2492039700846, 286.8172090875554], [603.1481500515619, 777.5340829201788], [716.0746296035653, 915.3801204905076], [860.3936491828846, 918.2376290487624], [26.587734467597212, 437.2480001295087], [484.9443269772881, 65.15419737010752], [5.626050679392924, 830.621436971257], [983.3022442861756, 784.6098526726796]], ""scale"": 1000.0, ""seed"": 9, ""symmetric"": true}}"
small_exact,evaluation,small_exact_random_symmetric_n8_seed9,random_symmetric,8,9,tn_exact,ok,"[7, 5, 3, 6, 4, 2, 0, 1]",250.68622756756787,250.68622756756787,250.68622756756787,0.0,0.0,True,True,True,0.03311220000250614,253.015625,253.015625,0.0,1.0,manual_default_tau,,True,,"{""exact_mode"": true, ""finite_edges"": true, ""instance_metadata"": {""complete"": true, ""high"": 100.0, ""instance_type"": ""random_symmetric"", ""low"": 1.0, ""n"": 8, ""seed"": 9, ""symmetric"": true}, ""max_layers"": 6, ""n_layers"": null, ""n_layers_effective"": 6, ""normalization_factor"": 94.75394238397979, ""normalize"": true, ""seed"": 9, ""tau"": 1.0, ""valid_route"": true}"
small_exact,evaluation,small_exact_random_symmetric_n8_seed9,random_symmetric,8,9,held_karp,ok,"[7, 5, 3, 6, 4, 2, 0, 1]",250.68622756756787,250.68622756756787,250.68622756756787,0.0,0.0,True,True,True,0.0004716000003099907,253.015625,253.015625,0.0,1.0,manual_default_tau,,,,"{""instance_metadata"": {""complete"": true, ""high"": 100.0, ""instance_type"": ""random_symmetric"", ""low"": 1.0, ""n"": 8, ""seed"": 9, ""symmetric"": true}, ""max_n"": 18, ""start"": 7}"
small_exact,evaluation,small_exact_random_symmetric_n8_seed9,random_symmetric,8,9,bruteforce,ok,"[7, 1, 0, 2, 4, 6, 3, 5]",250.68622756756787,250.68622756756787,250.68622756756787,0.0,0.0,True,True,True,0.01599250000072061,253.015625,253.015625,0.0,1.0,manual_default_tau,,,,"{""instance_metadata"": {""complete"": true, ""high"": 100.0, ""instance_type"": ""random_symmetric"", ""low"": 1.0, ""n"": 8, ""seed"": 9, ""symmetric"": true}, ""max_n"": 10, ""permutations_checked"": 5040, ""start"": 7}"
small_exact,evaluation,small_exact_random_symmetric_n8_seed9,random_symmetric,8,9,ortools,ok,"[7, 5, 3, 6, 4, 2, 0, 1]",250.68622756756787,250.68622756756787,250.68622756756787,0.0,0.0,True,True,True,0.001322300002357224,253.015625,253.015625,0.0,1.0,manual_default_tau,,,5.0,"{""finite_edges"": true, ""infinity_penalty"": 758031536000, ""instance_metadata"": {""complete"": true, ""high"": 100.0, ""instance_type"": ""random_symmetric"", ""low"": 1.0, ""n"": 8, ""seed"": 9, ""symmetric"": true}, ""integer_scale"": 1000000, ""start"": 7, ""time_limit_s"": 5.0, ""valid_route"": true}"
small_exact,evaluation,small_exact_random_symmetric_n8_seed9,random_symmetric,8,9,networkx_christofides,skipped_not_applicable,,,250.68622756756787,250.68622756756787,nan,nan,True,,,8.650000017951243e-05,253.015625,253.015625,0.0,1.0,manual_default_tau,,,,"{""instance_metadata"": {""complete"": true, ""high"": 100.0, ""instance_type"": ""random_symmetric"", ""low"": 1.0, ""n"": 8, ""seed"": 9, ""symmetric"": true}, ""requires_metric_symmetric_complete"": true}"
small_exact,evaluation,small_exact_random_symmetric_n8_seed9,random_symmetric,8,9,networkx_greedy,ok,"[7, 1, 0, 2, 4, 6, 3, 5]",250.68622756756787,250.68622756756787,250.68622756756787,0.0,0.0,True,True,True,0.00011420000009820797,253.015625,253.015625,0.0,1.0,manual_default_tau,,,,"{""finite_edges"": true, ""instance_metadata"": {""complete"": true, ""high"": 100.0, ""instance_type"": ""random_symmetric"", ""low"": 1.0, ""n"": 8, ""seed"": 9, ""symmetric"": true}, ""valid_route"": true}"
small_exact,evaluation,small_exact_random_symmetric_n8_seed9,random_symmetric,8,9,python_tsp_dynamic_programming,skipped_missing_dependency,,,250.68622756756787,250.68622756756787,nan,nan,True,,,0.0005448000010801479,253.015625,253.015625,0.0,1.0,manual_default_tau,,,,"{""instance_metadata"": {""complete"": true, ""high"": 100.0, ""instance_type"": ""random_symmetric"", ""low"": 1.0, ""n"": 8, ""seed"": 9, ""symmetric"": true}}"
small_exact,evaluation,small_exact_random_asymmetric_n8_seed9,random_asymmetric,8,9,tn_exact,ok,"[7, 1, 4, 2, 0, 6, 3, 5]",196.07722094776963,126.4648744835167,126.4648744835167,0.5504480730206721,0.5504480730206721,True,True,True,0.03194000000075903,253.015625,253.015625,0.0,1.0,manual_default_tau,,True,,"{""exact_mode"": true, ""finite_edges"": true, ""instance_metadata"": {""complete"": true, ""high"": 100.0, ""instance_type"": ""random_asymmetric"", ""low"": 1.0, ""n"": 8, ""seed"": 9, ""symmetric"": false}, ""max_layers"": 6, ""n_layers"": null, ""n_layers_effective"": 6, ""normalization_factor"": 98.78633394256309, ""normalize"": true, ""seed"": 9, ""tau"": 1.0, ""valid_route"": true}"
small_exact,evaluation,small_exact_random_asymmetric_n8_seed9,random_asymmetric,8,9,held_karp,ok,"[7, 2, 0, 1, 4, 6, 3, 5]",126.4648744835167,126.4648744835167,126.4648744835167,0.0,0.0,True,True,True,0.0004825000032724347,253.015625,253.015625,0.0,1.0,manual_default_tau,,,,"{""instance_metadata"": {""complete"": true, ""high"": 100.0, ""instance_type"": ""random_asymmetric"", ""low"": 1.0, ""n"": 8, ""seed"": 9, ""symmetric"": false}, ""max_n"": 18, ""start"": 7}"
small_exact,evaluation,small_exact_random_asymmetric_n8_seed9,random_asymmetric,8,9,bruteforce,ok,"[7, 2, 0, 1, 4, 6, 3, 5]",126.4648744835167,126.4648744835167,126.4648744835167,0.0,0.0,True,True,True,0.016469999998662388,253.015625,253.015625,0.0,1.0,manual_default_tau,,,,"{""instance_metadata"": {""complete"": true, ""high"": 100.0, ""instance_type"": ""random_asymmetric"", ""low"": 1.0, ""n"": 8, ""seed"": 9, ""symmetric"": false}, ""max_n"": 10, ""permutations_checked"": 5040, ""start"": 7}"
small_exact,evaluation,small_exact_random_asymmetric_n8_seed9,random_asymmetric,8,9,ortools,ok,"[7, 2, 0, 1, 4, 6, 3, 5]",126.4648744835167,126.4648744835167,126.4648744835167,0.0,0.0,True,True,True,0.001628299996809801,253.015625,253.015625,0.0,1.0,manual_default_tau,,,5.0,"{""finite_edges"": true, ""infinity_penalty"": 790290672000, ""instance_metadata"": {""complete"": true, ""high"": 100.0, ""instance_type"": ""random_asymmetric"", ""low"": 1.0, ""n"": 8, ""seed"": 9, ""symmetric"": false}, ""integer_scale"": 1000000, ""start"": 7, ""time_limit_s"": 5.0, ""valid_route"": true}"
small_exact,evaluation,small_exact_random_asymmetric_n8_seed9,random_asymmetric,8,9,networkx_christofides,skipped_not_applicable,,,126.4648744835167,126.4648744835167,nan,nan,True,,,8.339999840245582e-05,253.015625,253.015625,0.0,1.0,manual_default_tau,,,,"{""instance_metadata"": {""complete"": true, ""high"": 100.0, ""instance_type"": ""random_asymmetric"", ""low"": 1.0, ""n"": 8, ""seed"": 9, ""symmetric"": false}, ""requires_metric_symmetric_complete"": true}"
small_exact,evaluation,small_exact_random_asymmetric_n8_seed9,random_asymmetric,8,9,networkx_greedy,ok,"[7, 2, 4, 3, 5, 6, 1, 0]",235.6552717485972,126.4648744835167,126.4648744835167,0.8634049392055678,0.8634049392055678,True,True,True,0.00013770000077784061,253.015625,253.015625,0.0,1.0,manual_default_tau,,,,"{""finite_edges"": true, ""instance_metadata"": {""complete"": true, ""high"": 100.0, ""instance_type"": ""random_asymmetric"", ""low"": 1.0, ""n"": 8, ""seed"": 9, ""symmetric"": false}, ""valid_route"": true}"
small_exact,evaluation,small_exact_random_asymmetric_n8_seed9,random_asymmetric,8,9,python_tsp_dynamic_programming,skipped_missing_dependency,,,126.4648744835167,126.4648744835167,nan,nan,True,,,0.000716499998816289,253.015625,253.015625,0.0,1.0,manual_default_tau,,,,"{""instance_metadata"": {""complete"": true, ""high"": 100.0, ""instance_type"": ""random_asymmetric"", ""low"": 1.0, ""n"": 8, ""seed"": 9, ""symmetric"": false}}"
small_exact,evaluation,small_exact_euclidean_n9_seed5,euclidean,9,5,tn_exact,ok,"[8, 2, 4, 6, 7, 0, 5, 3, 1]",3345.0032866555903,3287.9020549067313,3287.9020549067313,0.01736707200983782,0.01736707200983782,True,True,True,0.08661770000253455,253.015625,254.14453125,1.12890625,1.0,manual_default_tau,,True,,"{""exact_mode"": true, ""finite_edges"": true, ""instance_metadata"": {""complete"": true, ""instance_type"": ""euclidean"", ""n"": 9, ""points"": [[805.0029237453801, 807.9407897364938], [515.325561042142, 285.8013800881416], [53.930702381656424, 383.36888078551823], [408.47320541999864, 45.27519390244517], [48.75771072716806, 999.1761150650714], [652.3691115879877, 234.51020166982394], [434.94755222514203, 974.1861932592553], [897.6776081085488, 844.231037608741], [392.40466433477815, 493.0230187317426]], ""scale"": 1000.0, ""seed"": 5, ""symmetric"": true}, ""max_layers"": 7, ""n_layers"": null, ""n_layers_effective"": 7, ""normalization_factor"": 1019.4715319796893, ""normalize"": true, ""seed"": 5, ""tau"": 1.0, ""valid_route"": true}"
small_exact,evaluation,small_exact_euclidean_n9_seed5,euclidean,9,5,held_karp,ok,"[8, 1, 5, 3, 2, 4, 6, 7, 0]",3287.9020549067313,3287.9020549067313,3287.9020549067313,0.0,0.0,True,True,True,0.0023190000028989743,254.14453125,254.14453125,0.0,1.0,manual_default_tau,,,,"{""instance_metadata"": {""complete"": true, ""instance_type"": ""euclidean"", ""n"": 9, ""points"": [[805.0029237453801, 807.9407897364938], [515.325561042142, 285.8013800881416], [53.930702381656424, 383.36888078551823], [408.47320541999864, 45.27519390244517], [48.75771072716806, 999.1761150650714], [652.3691115879877, 234.51020166982394], [434.94755222514203, 974.1861932592553], [897.6776081085488, 844.231037608741], [392.40466433477815, 493.0230187317426]], ""scale"": 1000.0, ""seed"": 5, ""symmetric"": true}, ""max_n"": 18, ""start"": 8}"
small_exact,evaluation,small_exact_euclidean_n9_seed5,euclidean,9,5,bruteforce,ok,"[8, 0, 7, 6, 4, 2, 3, 5, 1]",3287.9020549067313,3287.9020549067313,3287.9020549067313,0.0,0.0,True,True,True,0.20509780000065803,254.14453125,254.14453125,0.0,1.0,manual_default_tau,,,,"{""instance_metadata"": {""complete"": true, ""instance_type"": ""euclidean"", ""n"": 9, ""points"": [[805.0029237453801, 807.9407897364938], [515.325561042142, 285.8013800881416], [53.930702381656424, 383.36888078551823], [408.47320541999864, 45.27519390244517], [48.75771072716806, 999.1761150650714], [652.3691115879877, 234.51020166982394], [434.94755222514203, 974.1861932592553], [897.6776081085488, 844.231037608741], [392.40466433477815, 493.0230187317426]], ""scale"": 1000.0, ""seed"": 5, ""symmetric"": true}, ""max_n"": 10, ""permutations_checked"": 40320, ""start"": 8}"
small_exact,evaluation,small_exact_euclidean_n9_seed5,euclidean,9,5,ortools,ok,"[8, 1, 5, 3, 2, 4, 6, 7, 0]",3287.9020549067313,3287.9020549067313,3287.9020549067313,0.0,0.0,True,True,True,0.0017650999980105553,254.14453125,254.92578125,0.78125,1.0,manual_default_tau,,,5.0,"{""finite_edges"": true, ""infinity_penalty"": 9175243788000, ""instance_metadata"": {""complete"": true, ""instance_type"": ""euclidean"", ""n"": 9, ""points"": [[805.0029237453801, 807.9407897364938], [515.325561042142, 285.8013800881416], [53.930702381656424, 383.36888078551823], [408.47320541999864, 45.27519390244517], [48.75771072716806, 999.1761150650714], [652.3691115879877, 234.51020166982394], [434.94755222514203, 974.1861932592553], [897.6776081085488, 844.231037608741], [392.40466433477815, 493.0230187317426]], ""scale"": 1000.0, ""seed"": 5, ""symmetric"": true}, ""integer_scale"": 1000000, ""start"": 8, ""time_limit_s"": 5.0, ""valid_route"": true}"
small_exact,evaluation,small_exact_euclidean_n9_seed5,euclidean,9,5,networkx_christofides,ok,"[8, 2, 3, 1, 5, 7, 0, 6, 4]",3416.4317025030937,3287.9020549067313,3287.9020549067313,0.03909168991349664,0.03909168991349664,True,True,True,0.0010253000000375323,254.92578125,254.92578125,0.0,1.0,manual_default_tau,,,,"{""finite_edges"": true, ""instance_metadata"": {""complete"": true, ""instance_type"": ""euclidean"", ""n"": 9, ""points"": [[805.0029237453801, 807.9407897364938], [515.325561042142, 285.8013800881416], [53.930702381656424, 383.36888078551823], [408.47320541999864, 45.27519390244517], [48.75771072716806, 999.1761150650714], [652.3691115879877, 234.51020166982394], [434.94755222514203, 974.1861932592553], [897.6776081085488, 844.231037608741], [392.40466433477815, 493.0230187317426]], ""scale"": 1000.0, ""seed"": 5, ""symmetric"": true}, ""requires_metric_symmetric_complete"": true, ""valid_route"": true}"
small_exact,evaluation,small_exact_euclidean_n9_seed5,euclidean,9,5,networkx_greedy,ok,"[8, 1, 5, 3, 2, 4, 6, 0, 7]",3309.2484362691766,3287.9020549067313,3287.9020549067313,0.006492401843476094,0.006492401843476094,True,True,True,0.00012689999857684597,254.92578125,254.92578125,0.0,1.0,manual_default_tau,,,,"{""finite_edges"": true, ""instance_metadata"": {""complete"": true, ""instance_type"": ""euclidean"", ""n"": 9, ""points"": [[805.0029237453801, 807.9407897364938], [515.325561042142, 285.8013800881416], [53.930702381656424, 383.36888078551823], [408.47320541999864, 45.27519390244517], [48.75771072716806, 999.1761150650714], [652.3691115879877, 234.51020166982394], [434.94755222514203, 974.1861932592553], [897.6776081085488, 844.231037608741], [392.40466433477815, 493.0230187317426]], ""scale"": 1000.0, ""seed"": 5, ""symmetric"": true}, ""valid_route"": true}"
small_exact,evaluation,small_exact_euclidean_n9_seed5,euclidean,9,5,python_tsp_dynamic_programming,skipped_missing_dependency,,,3287.9020549067313,3287.9020549067313,nan,nan,True,,,0.0007149999983084854,254.92578125,254.92578125,0.0,1.0,manual_default_tau,,,,"{""instance_metadata"": {""complete"": true, ""instance_type"": ""euclidean"", ""n"": 9, ""points"": [[805.0029237453801, 807.9407897364938], [515.325561042142, 285.8013800881416], [53.930702381656424, 383.36888078551823], [408.47320541999864, 45.27519390244517], [48.75771072716806, 999.1761150650714], [652.3691115879877, 234.51020166982394], [434.94755222514203, 974.1861932592553], [897.6776081085488, 844.231037608741], [392.40466433477815, 493.0230187317426]], ""scale"": 1000.0, ""seed"": 5, ""symmetric"": true}}"
small_exact,evaluation,small_exact_random_symmetric_n9_seed5,random_symmetric,9,5,tn_exact,ok,"[8, 0, 4, 7, 1, 2, 5, 3, 6]",271.6631830393659,270.89404954511747,270.89404954511747,0.0028392410078403084,0.0028392410078403084,True,True,True,0.0998758000023372,254.92578125,254.94140625,0.015625,1.0,manual_default_tau,,True,,"{""exact_mode"": true, ""finite_edges"": true, ""instance_metadata"": {""complete"": true, ""high"": 100.0, ""instance_type"": ""random_symmetric"", ""low"": 1.0, ""n"": 9, ""seed"": 5, ""symmetric"": true}, ""max_layers"": 7, ""n_layers"": null, ""n_layers_effective"": 7, ""normalization_factor"": 90.45228678767748, ""normalize"": true, ""seed"": 5, ""tau"": 1.0, ""valid_route"": true}"
small_exact,evaluation,small_exact_random_symmetric_n9_seed5,random_symmetric,9,5,held_karp,ok,"[8, 0, 4, 3, 5, 2, 1, 7, 6]",270.89404954511747,270.89404954511747,270.89404954511747,0.0,0.0,True,True,True,0.0014926000003470108,254.94140625,254.94140625,0.0,1.0,manual_default_tau,,,,"{""instance_metadata"": {""complete"": true, ""high"": 100.0, ""instance_type"": ""random_symmetric"", ""low"": 1.0, ""n"": 9, ""seed"": 5, ""symmetric"": true}, ""max_n"": 18, ""start"": 8}"
small_exact,evaluation,small_exact_random_symmetric_n9_seed5,random_symmetric,9,5,bruteforce,ok,"[8, 0, 4, 3, 5, 2, 1, 7, 6]",270.89404954511747,270.89404954511747,270.89404954511747,0.0,0.0,True,True,True,0.2029870000005758,254.94140625,254.94140625,0.0,1.0,manual_default_tau,,,,"{""instance_metadata"": {""complete"": true, ""high"": 100.0, ""instance_type"": ""random_symmetric"", ""low"": 1.0, ""n"": 9, ""seed"": 5, ""symmetric"": true}, ""max_n"": 10, ""permutations_checked"": 40320, ""start"": 8}"
small_exact,evaluation,small_exact_random_symmetric_n9_seed5,random_symmetric,9,5,ortools,ok,"[8, 0, 4, 3, 5, 2, 1, 7, 6]",270.89404954511747,270.89404954511747,270.89404954511747,0.0,0.0,True,True,True,0.001814100000046892,254.94140625,255.3515625,0.41015625,1.0,manual_default_tau,,,5.0,"{""finite_edges"": true, ""infinity_penalty"": 814070583000, ""instance_metadata"": {""complete"": true, ""high"": 100.0, ""instance_type"": ""random_symmetric"", ""low"": 1.0, ""n"": 9, ""seed"": 5, ""symmetric"": true}, ""integer_scale"": 1000000, ""start"": 8, ""time_limit_s"": 5.0, ""valid_route"": true}"
small_exact,evaluation,small_exact_random_symmetric_n9_seed5,random_symmetric,9,5,networkx_christofides,skipped_not_applicable,,,270.89404954511747,270.89404954511747,nan,nan,True,,,9.569999747327529e-05,255.3515625,255.3515625,0.0,1.0,manual_default_tau,,,,"{""instance_metadata"": {""complete"": true, ""high"": 100.0, ""instance_type"": ""random_symmetric"", ""low"": 1.0, ""n"": 9, ""seed"": 5, ""symmetric"": true}, ""requires_metric_symmetric_complete"": true}"
small_exact,evaluation,small_exact_random_symmetric_n9_seed5,random_symmetric,9,5,networkx_greedy,ok,"[8, 0, 7, 1, 2, 3, 5, 6, 4]",355.79380461221876,270.89404954511747,270.89404954511747,0.3134057584862573,0.3134057584862573,True,True,True,0.00013500000204658136,255.3515625,255.3515625,0.0,1.0,manual_default_tau,,,,"{""finite_edges"": true, ""instance_metadata"": {""complete"": true, ""high"": 100.0, ""instance_type"": ""random_symmetric"", ""low"": 1.0, ""n"": 9, ""seed"": 5, ""symmetric"": true}, ""valid_route"": true}"
small_exact,evaluation,small_exact_random_symmetric_n9_seed5,random_symmetric,9,5,python_tsp_dynamic_programming,skipped_missing_dependency,,,270.89404954511747,270.89404954511747,nan,nan,True,,,0.0005629000006592833,255.3515625,255.3515625,0.0,1.0,manual_default_tau,,,,"{""instance_metadata"": {""complete"": true, ""high"": 100.0, ""instance_type"": ""random_symmetric"", ""low"": 1.0, ""n"": 9, ""seed"": 5, ""symmetric"": true}}"
small_exact,evaluation,small_exact_random_asymmetric_n9_seed5,random_asymmetric,9,5,tn_exact,ok,"[8, 0, 4, 6, 3, 7, 1, 2, 5]",253.54463329529568,133.55334063094844,133.55334063094844,0.8984521996789464,0.8984521996789464,True,True,True,0.07537500000034925,255.35546875,255.37890625,0.0234375,1.0,manual_default_tau,,True,,"{""exact_mode"": true, ""finite_edges"": true, ""instance_metadata"": {""complete"": true, ""high"": 100.0, ""instance_type"": ""random_asymmetric"", ""low"": 1.0, ""n"": 9, ""seed"": 5, ""symmetric"": false}, ""max_layers"": 7, ""n_layers"": null, ""n_layers_effective"": 7, ""normalization_factor"": 99.91843539144207, ""normalize"": true, ""seed"": 5, ""tau"": 1.0, ""valid_route"": true}"
small_exact,evaluation,small_exact_random_asymmetric_n9_seed5,random_asymmetric,9,5,held_karp,ok,"[8, 7, 1, 2, 5, 3, 4, 6, 0]",133.55334063094844,133.55334063094844,133.55334063094844,0.0,0.0,True,True,True,0.0014972999997553416,255.37890625,255.37890625,0.0,1.0,manual_default_tau,,,,"{""instance_metadata"": {""complete"": true, ""high"": 100.0, ""instance_type"": ""random_asymmetric"", ""low"": 1.0, ""n"": 9, ""seed"": 5, ""symmetric"": false}, ""max_n"": 18, ""start"": 8}"
small_exact,evaluation,small_exact_random_asymmetric_n9_seed5,random_asymmetric,9,5,bruteforce,ok,"[8, 7, 1, 2, 5, 3, 4, 6, 0]",133.55334063094844,133.55334063094844,133.55334063094844,0.0,0.0,True,True,True,0.21926199999870732,255.37890625,255.37890625,0.0,1.0,manual_default_tau,,,,"{""instance_metadata"": {""complete"": true, ""high"": 100.0, ""instance_type"": ""random_asymmetric"", ""low"": 1.0, ""n"": 9, ""seed"": 5, ""symmetric"": false}, ""max_n"": 10, ""permutations_checked"": 40320, ""start"": 8}"
small_exact,evaluation,small_exact_random_asymmetric_n9_seed5,random_asymmetric,9,5,ortools,ok,"[8, 7, 1, 2, 5, 3, 4, 6, 0]",133.55334063094844,133.55334063094844,133.55334063094844,0.0,0.0,True,True,True,0.0015573999990010634,255.37890625,255.38671875,0.0078125,1.0,manual_default_tau,,,5.0,"{""finite_edges"": true, ""infinity_penalty"": 899265915000, ""instance_metadata"": {""complete"": true, ""high"": 100.0, ""instance_type"": ""random_asymmetric"", ""low"": 1.0, ""n"": 9, ""seed"": 5, ""symmetric"": false}, ""integer_scale"": 1000000, ""start"": 8, ""time_limit_s"": 5.0, ""valid_route"": true}"
small_exact,evaluation,small_exact_random_asymmetric_n9_seed5,random_asymmetric,9,5,networkx_christofides,skipped_not_applicable,,,133.55334063094844,133.55334063094844,nan,nan,True,,,8.95000011951197e-05,255.38671875,255.38671875,0.0,1.0,manual_default_tau,,,,"{""instance_metadata"": {""complete"": true, ""high"": 100.0, ""instance_type"": ""random_asymmetric"", ""low"": 1.0, ""n"": 9, ""seed"": 5, ""symmetric"": false}, ""requires_metric_symmetric_complete"": true}"
small_exact,evaluation,small_exact_random_asymmetric_n9_seed5,random_asymmetric,9,5,networkx_greedy,ok,"[8, 7, 1, 2, 5, 3, 4, 6, 0]",133.55334063094844,133.55334063094844,133.55334063094844,0.0,0.0,True,True,True,0.00015590000111842528,255.38671875,255.38671875,0.0,1.0,manual_default_tau,,,,"{""finite_edges"": true, ""instance_metadata"": {""complete"": true, ""high"": 100.0, ""instance_type"": ""random_asymmetric"", ""low"": 1.0, ""n"": 9, ""seed"": 5, ""symmetric"": false}, ""valid_route"": true}"
small_exact,evaluation,small_exact_random_asymmetric_n9_seed5,random_asymmetric,9,5,python_tsp_dynamic_programming,skipped_missing_dependency,,,133.55334063094844,133.55334063094844,nan,nan,True,,,0.0005777000005764421,255.38671875,255.38671875,0.0,1.0,manual_default_tau,,,,"{""instance_metadata"": {""complete"": true, ""high"": 100.0, ""instance_type"": ""random_asymmetric"", ""low"": 1.0, ""n"": 9, ""seed"": 5, ""symmetric"": false}}"
small_exact,evaluation,small_exact_euclidean_n9_seed6,euclidean,9,6,tn_exact,ok,"[8, 1, 0, 4, 3, 2, 7, 6, 5]",3278.7214071827025,3278.7214071827025,3278.7214071827025,0.0,0.0,True,True,True,0.09129729999767733,255.38671875,255.41796875,0.03125,1.0,manual_default_tau,,True,,"{""exact_mode"": true, ""finite_edges"": true, ""instance_metadata"": {""complete"": true, ""instance_type"": ""euclidean"", ""n"": 9, ""points"": [[538.1643514719432, 343.27086981333844], [369.06723979537827, 374.49676558788235], [987.4449901864666, 632.7562726071461], [674.3239305044935, 329.96345538545836], [679.9176611640223, 122.97237488719004], [51.729231983775215, 850.1913468087871], [8.895805535434675, 978.7675621852967], [827.0030258190536, 785.2109593263714], [48.0834870025465, 207.43926620697474]], ""scale"": 1000.0, ""seed"": 6, ""symmetric"": true}, ""max_layers"": 7, ""n_layers"": null, ""n_layers_effective"": 7, ""normalization_factor"": 1087.4997624523116, ""normalize"": true, ""seed"": 6, ""tau"": 1.0, ""valid_route"": true}"
small_exact,evaluation,small_exact_euclidean_n9_seed6,euclidean,9,6,held_karp,ok,"[8, 5, 6, 7, 2, 3, 4, 0, 1]",3278.7214071827025,3278.7214071827025,3278.7214071827025,0.0,0.0,True,True,True,0.002194299999246141,255.41796875,255.41796875,0.0,1.0,manual_default_tau,,,,"{""instance_metadata"": {""complete"": true, ""instance_type"": ""euclidean"", ""n"": 9, ""points"": [[538.1643514719432, 343.27086981333844], [369.06723979537827, 374.49676558788235], [987.4449901864666, 632.7562726071461], [674.3239305044935, 329.96345538545836], [679.9176611640223, 122.97237488719004], [51.729231983775215, 850.1913468087871], [8.895805535434675, 978.7675621852967], [827.0030258190536, 785.2109593263714], [48.0834870025465, 207.43926620697474]], ""scale"": 1000.0, ""seed"": 6, ""symmetric"": true}, ""max_n"": 18, ""start"": 8}"
small_exact,evaluation,small_exact_euclidean_n9_seed6,euclidean,9,6,bruteforce,ok,"[8, 1, 0, 4, 3, 2, 7, 6, 5]",3278.7214071827025,3278.7214071827025,3278.7214071827025,0.0,0.0,True,True,True,0.20659660000092117,255.41796875,255.41796875,0.0,1.0,manual_default_tau,,,,"{""instance_metadata"": {""complete"": true, ""instance_type"": ""euclidean"", ""n"": 9, ""points"": [[538.1643514719432, 343.27086981333844], [369.06723979537827, 374.49676558788235], [987.4449901864666, 632.7562726071461], [674.3239305044935, 329.96345538545836], [679.9176611640223, 122.97237488719004], [51.729231983775215, 850.1913468087871], [8.895805535434675, 978.7675621852967], [827.0030258190536, 785.2109593263714], [48.0834870025465, 207.43926620697474]], ""scale"": 1000.0, ""seed"": 6, ""symmetric"": true}, ""max_n"": 10, ""permutations_checked"": 40320, ""start"": 8}"
small_exact,evaluation,small_exact_euclidean_n9_seed6,euclidean,9,6,ortools,ok,"[8, 1, 0, 4, 3, 2, 7, 6, 5]",3278.7214071827025,3278.7214071827025,3278.7214071827025,0.0,0.0,True,True,True,0.0016682000023138244,255.41796875,255.41796875,0.0,1.0,manual_default_tau,,,5.0,"{""finite_edges"": true, ""infinity_penalty"": 9787497858000, ""instance_metadata"": {""complete"": true, ""instance_type"": ""euclidean"", ""n"": 9, ""points"": [[538.1643514719432, 343.27086981333844], [369.06723979537827, 374.49676558788235], [987.4449901864666, 632.7562726071461], [674.3239305044935, 329.96345538545836], [679.9176611640223, 122.97237488719004], [51.729231983775215, 850.1913468087871], [8.895805535434675, 978.7675621852967], [827.0030258190536, 785.2109593263714], [48.0834870025465, 207.43926620697474]], ""scale"": 1000.0, ""seed"": 6, ""symmetric"": true}, ""integer_scale"": 1000000, ""start"": 8, ""time_limit_s"": 5.0, ""valid_route"": true}"
small_exact,evaluation,small_exact_euclidean_n9_seed6,euclidean,9,6,networkx_christofides,ok,"[8, 1, 0, 4, 3, 2, 7, 6, 5]",3278.7214071827025,3278.7214071827025,3278.7214071827025,0.0,0.0,True,True,True,0.0008194000001822133,255.41796875,255.41796875,0.0,1.0,manual_default_tau,,,,"{""finite_edges"": true, ""instance_metadata"": {""complete"": true, ""instance_type"": ""euclidean"", ""n"": 9, ""points"": [[538.1643514719432, 343.27086981333844], [369.06723979537827, 374.49676558788235], [987.4449901864666, 632.7562726071461], [674.3239305044935, 329.96345538545836], [679.9176611640223, 122.97237488719004], [51.729231983775215, 850.1913468087871], [8.895805535434675, 978.7675621852967], [827.0030258190536, 785.2109593263714], [48.0834870025465, 207.43926620697474]], ""scale"": 1000.0, ""seed"": 6, ""symmetric"": true}, ""requires_metric_symmetric_complete"": true, ""valid_route"": true}"
small_exact,evaluation,small_exact_euclidean_n9_seed6,euclidean,9,6,networkx_greedy,ok,"[8, 1, 0, 3, 4, 2, 7, 5, 6]",3380.206971101811,3278.7214071827025,3278.7214071827025,0.030952786563928258,0.030952786563928258,True,True,True,0.00013050000052317046,255.41796875,255.41796875,0.0,1.0,manual_default_tau,,,,"{""finite_edges"": true, ""instance_metadata"": {""complete"": true, ""instance_type"": ""euclidean"", ""n"": 9, ""points"": [[538.1643514719432, 343.27086981333844], [369.06723979537827, 374.49676558788235], [987.4449901864666, 632.7562726071461], [674.3239305044935, 329.96345538545836], [679.9176611640223, 122.97237488719004], [51.729231983775215, 850.1913468087871], [8.895805535434675, 978.7675621852967], [827.0030258190536, 785.2109593263714], [48.0834870025465, 207.43926620697474]], ""scale"": 1000.0, ""seed"": 6, ""symmetric"": true}, ""valid_route"": true}"
small_exact,evaluation,small_exact_euclidean_n9_seed6,euclidean,9,6,python_tsp_dynamic_programming,skipped_missing_dependency,,,3278.7214071827025,3278.7214071827025,nan,nan,True,,,0.0005633999971905723,255.41796875,255.41796875,0.0,1.0,manual_default_tau,,,,"{""instance_metadata"": {""complete"": true, ""instance_type"": ""euclidean"", ""n"": 9, ""points"": [[538.1643514719432, 343.27086981333844], [369.06723979537827, 374.49676558788235], [987.4449901864666, 632.7562726071461], [674.3239305044935, 329.96345538545836], [679.9176611640223, 122.97237488719004], [51.729231983775215, 850.1913468087871], [8.895805535434675, 978.7675621852967], [827.0030258190536, 785.2109593263714], [48.0834870025465, 207.43926620697474]], ""scale"": 1000.0, ""seed"": 6, ""symmetric"": true}}"
small_exact,evaluation,small_exact_random_symmetric_n9_seed6,random_symmetric,9,6,tn_exact,ok,"[8, 2, 5, 1, 0, 7, 3, 4, 6]",326.92853446996475,310.61020877807977,310.61020877807977,0.05253634694133269,0.05253634694133269,True,True,True,0.10308050000094227,255.41796875,255.4296875,0.01171875,1.0,manual_default_tau,,True,,"{""exact_mode"": true, ""finite_edges"": true, ""instance_metadata"": {""complete"": true, ""high"": 100.0, ""instance_type"": ""random_symmetric"", ""low"": 1.0, ""n"": 9, ""seed"": 6, ""symmetric"": true}, ""max_layers"": 7, ""n_layers"": null, ""n_layers_effective"": 7, ""normalization_factor"": 97.91774004520022, ""normalize"": true, ""seed"": 6, ""tau"": 1.0, ""valid_route"": true}"
small_exact,evaluation,small_exact_random_symmetric_n9_seed6,random_symmetric,9,6,held_karp,ok,"[8, 4, 6, 0, 7, 3, 1, 5, 2]",310.61020877807977,310.61020877807977,310.61020877807977,0.0,0.0,True,True,True,0.0015052000017021783,255.4296875,255.453125,0.0234375,1.0,manual_default_tau,,,,"{""instance_metadata"": {""complete"": true, ""high"": 100.0, ""instance_type"": ""random_symmetric"", ""low"": 1.0, ""n"": 9, ""seed"": 6, ""symmetric"": true}, ""max_n"": 18, ""start"": 8}"
small_exact,evaluation,small_exact_random_symmetric_n9_seed6,random_symmetric,9,6,bruteforce,ok,"[8, 4, 6, 0, 7, 3, 1, 5, 2]",310.61020877807977,310.61020877807977,310.61020877807977,0.0,0.0,True,True,True,0.20272549999936018,255.453125,255.453125,0.0,1.0,manual_default_tau,,,,"{""instance_metadata"": {""complete"": true, ""high"": 100.0, ""instance_type"": ""random_symmetric"", ""low"": 1.0, ""n"": 9, ""seed"": 6, ""symmetric"": true}, ""max_n"": 10, ""permutations_checked"": 40320, ""start"": 8}"
small_exact,evaluation,small_exact_random_symmetric_n9_seed6,random_symmetric,9,6,ortools,ok,"[8, 7, 3, 1, 0, 6, 4, 5, 2]",321.7539099522217,310.61020877807977,310.61020877807977,0.035876802691001464,0.035876802691001464,True,True,True,0.0017074000024877023,255.453125,255.453125,0.0,1.0,manual_default_tau,,,5.0,"{""finite_edges"": true, ""infinity_penalty"": 881259660000, ""instance_metadata"": {""complete"": true, ""high"": 100.0, ""instance_type"": ""random_symmetric"", ""low"": 1.0, ""n"": 9, ""seed"": 6, ""symmetric"": true}, ""integer_scale"": 1000000, ""start"": 8, ""time_limit_s"": 5.0, ""valid_route"": true}"
small_exact,evaluation,small_exact_random_symmetric_n9_seed6,random_symmetric,9,6,networkx_christofides,skipped_not_applicable,,,310.61020877807977,310.61020877807977,nan,nan,True,,,0.000103599999420112,255.453125,255.453125,0.0,1.0,manual_default_tau,,,,"{""instance_metadata"": {""complete"": true, ""high"": 100.0, ""instance_type"": ""random_symmetric"", ""low"": 1.0, ""n"": 9, ""seed"": 6, ""symmetric"": true}, ""requires_metric_symmetric_complete"": true}"
small_exact,evaluation,small_exact_random_symmetric_n9_seed6,random_symmetric,9,6,networkx_greedy,ok,"[8, 2, 3, 1, 0, 6, 4, 7, 5]",380.0525056197869,310.61020877807977,310.61020877807977,0.22356733577717428,0.22356733577717428,True,True,True,0.00017859999934444204,255.453125,255.453125,0.0,1.0,manual_default_tau,,,,"{""finite_edges"": true, ""instance_metadata"": {""complete"": true, ""high"": 100.0, ""instance_type"": ""random_symmetric"", ""low"": 1.0, ""n"": 9, ""seed"": 6, ""symmetric"": true}, ""valid_route"": true}"
small_exact,evaluation,small_exact_random_symmetric_n9_seed6,random_symmetric,9,6,python_tsp_dynamic_programming,skipped_missing_dependency,,,310.61020877807977,310.61020877807977,nan,nan,True,,,0.0005706000010832213,255.453125,255.453125,0.0,1.0,manual_default_tau,,,,"{""instance_metadata"": {""complete"": true, ""high"": 100.0, ""instance_type"": ""random_symmetric"", ""low"": 1.0, ""n"": 9, ""seed"": 6, ""symmetric"": true}}"
small_exact,evaluation,small_exact_random_asymmetric_n9_seed6,random_asymmetric,9,6,tn_exact,ok,"[8, 6, 0, 7, 4, 3, 5, 2, 1]",296.35349753494705,185.28605662213405,185.28605662213405,0.599437663781253,0.599437663781253,True,True,True,0.10795429999780026,255.453125,255.48046875,0.02734375,1.0,manual_default_tau,,True,,"{""exact_mode"": true, ""finite_edges"": true, ""instance_metadata"": {""complete"": true, ""high"": 100.0, ""instance_type"": ""random_asymmetric"", ""low"": 1.0, ""n"": 9, ""seed"": 6, ""symmetric"": false}, ""max_layers"": 7, ""n_layers"": null, ""n_layers_effective"": 7, ""normalization_factor"": 98.76630070269854, ""normalize"": true, ""seed"": 6, ""tau"": 1.0, ""valid_route"": true}"
small_exact,evaluation,small_exact_random_asymmetric_n9_seed6,random_asymmetric,9,6,held_karp,ok,"[8, 4, 6, 0, 1, 7, 3, 5, 2]",185.28605662213405,185.28605662213405,185.28605662213405,0.0,0.0,True,True,True,0.00221389999933308,255.48046875,255.48046875,0.0,1.0,manual_default_tau,,,,"{""instance_metadata"": {""complete"": true, ""high"": 100.0, ""instance_type"": ""random_asymmetric"", ""low"": 1.0, ""n"": 9, ""seed"": 6, ""symmetric"": false}, ""max_n"": 18, ""start"": 8}"
small_exact,evaluation,small_exact_random_asymmetric_n9_seed6,random_asymmetric,9,6,bruteforce,ok,"[8, 4, 6, 0, 1, 7, 3, 5, 2]",185.28605662213405,185.28605662213405,185.28605662213405,0.0,0.0,True,True,True,0.2073978000007628,255.48046875,255.48046875,0.0,1.0,manual_default_tau,,,,"{""instance_metadata"": {""complete"": true, ""high"": 100.0, ""instance_type"": ""random_asymmetric"", ""low"": 1.0, ""n"": 9, ""seed"": 6, ""symmetric"": false}, ""max_n"": 10, ""permutations_checked"": 40320, ""start"": 8}"
small_exact,evaluation,small_exact_random_asymmetric_n9_seed6,random_asymmetric,9,6,ortools,ok,"[8, 4, 6, 0, 1, 7, 3, 5, 2]",185.28605662213405,185.28605662213405,185.28605662213405,0.0,0.0,True,True,True,0.0019140999975206796,255.48046875,255.48046875,0.0,1.0,manual_default_tau,,,5.0,"{""finite_edges"": true, ""infinity_penalty"": 888896709000, ""instance_metadata"": {""complete"": true, ""high"": 100.0, ""instance_type"": ""random_asymmetric"", ""low"": 1.0, ""n"": 9, ""seed"": 6, ""symmetric"": false}, ""integer_scale"": 1000000, ""start"": 8, ""time_limit_s"": 5.0, ""valid_route"": true}"
small_exact,evaluation,small_exact_random_asymmetric_n9_seed6,random_asymmetric,9,6,networkx_christofides,skipped_not_applicable,,,185.28605662213405,185.28605662213405,nan,nan,True,,,9.169999975711107e-05,255.48046875,255.48046875,0.0,1.0,manual_default_tau,,,,"{""instance_metadata"": {""complete"": true, ""high"": 100.0, ""instance_type"": ""random_asymmetric"", ""low"": 1.0, ""n"": 9, ""seed"": 6, ""symmetric"": false}, ""requires_metric_symmetric_complete"": true}"
small_exact,evaluation,small_exact_random_asymmetric_n9_seed6,random_asymmetric,9,6,networkx_greedy,ok,"[8, 4, 6, 3, 1, 7, 2, 5, 0]",326.5676234106355,185.28605662213405,185.28605662213405,0.7625051197275259,0.7625051197275259,True,True,True,0.00015390000044135377,255.48046875,255.48046875,0.0,1.0,manual_default_tau,,,,"{""finite_edges"": true, ""instance_metadata"": {""complete"": true, ""high"": 100.0, ""instance_type"": ""random_asymmetric"", ""low"": 1.0, ""n"": 9, ""seed"": 6, ""symmetric"": false}, ""valid_route"": true}"
small_exact,evaluation,small_exact_random_asymmetric_n9_seed6,random_asymmetric,9,6,python_tsp_dynamic_programming,skipped_missing_dependency,,,185.28605662213405,185.28605662213405,nan,nan,True,,,0.0008108000001811888,255.48046875,255.48046875,0.0,1.0,manual_default_tau,,,,"{""instance_metadata"": {""complete"": true, ""high"": 100.0, ""instance_type"": ""random_asymmetric"", ""low"": 1.0, ""n"": 9, ""seed"": 6, ""symmetric"": false}}"
small_exact,evaluation,small_exact_euclidean_n9_seed7,euclidean,9,7,tn_exact,ok,"[8, 0, 2, 3, 6, 5, 7, 1, 4]",3026.0723164234623,3026.0723164234623,3026.0723164234623,0.0,0.0,True,True,True,0.0792535999971733,255.48046875,255.515625,0.03515625,1.0,manual_default_tau,,True,,"{""exact_mode"": true, ""finite_edges"": true, ""instance_metadata"": {""complete"": true, ""instance_type"": ""euclidean"", ""n"": 9, ""points"": [[625.095466604667, 897.2138009695755], [775.6856902451935, 225.20718999059187], [300.16628491122543, 873.5534453962618], [5.265304565574724, 821.2284183827662], [797.0694287520462, 467.9349528437208], [303.0324268193135, 278.4256121007733], [254.8695876541246, 445.0763058826466], [504.5482589579533, 553.4973520744925], [995.5002834343927, 792.6619192137531]], ""scale"": 1000.0, ""seed"": 7, ""symmetric"": true}, ""max_layers"": 7, ""n_layers"": null, ""n_layers_effective"": 7, ""normalization_factor"": 990.6469392523765, ""normalize"": true, ""seed"": 7, ""tau"": 1.0, ""valid_route"": true}"
small_exact,evaluation,small_exact_euclidean_n9_seed7,euclidean,9,7,held_karp,ok,"[8, 0, 2, 3, 6, 5, 7, 1, 4]",3026.0723164234623,3026.0723164234623,3026.0723164234623,0.0,0.0,True,True,True,0.002208899997640401,255.515625,255.53515625,0.01953125,1.0,manual_default_tau,,,,"{""instance_metadata"": {""complete"": true, ""instance_type"": ""euclidean"", ""n"": 9, ""points"": [[625.095466604667, 897.2138009695755], [775.6856902451935, 225.20718999059187], [300.16628491122543, 873.5534453962618], [5.265304565574724, 821.2284183827662], [797.0694287520462, 467.9349528437208], [303.0324268193135, 278.4256121007733], [254.8695876541246, 445.0763058826466], [504.5482589579533, 553.4973520744925], [995.5002834343927, 792.6619192137531]], ""scale"": 1000.0, ""seed"": 7, ""symmetric"": true}, ""max_n"": 18, ""start"": 8}"
small_exact,evaluation,small_exact_euclidean_n9_seed7,euclidean,9,7,bruteforce,ok,"[8, 0, 2, 3, 6, 5, 7, 1, 4]",3026.0723164234623,3026.0723164234623,3026.0723164234623,0.0,0.0,True,True,True,0.19247940000059316,255.53515625,255.53515625,0.0,1.0,manual_default_tau,,,,"{""instance_metadata"": {""complete"": true, ""instance_type"": ""euclidean"", ""n"": 9, ""points"": [[625.095466604667, 897.2138009695755], [775.6856902451935, 225.20718999059187], [300.16628491122543, 873.5534453962618], [5.265304565574724, 821.2284183827662], [797.0694287520462, 467.9349528437208], [303.0324268193135, 278.4256121007733], [254.8695876541246, 445.0763058826466], [504.5482589579533, 553.4973520744925], [995.5002834343927, 792.6619192137531]], ""scale"": 1000.0, ""seed"": 7, ""symmetric"": true}, ""max_n"": 10, ""permutations_checked"": 40320, ""start"": 8}"
small_exact,evaluation,small_exact_euclidean_n9_seed7,euclidean,9,7,ortools,ok,"[8, 4, 1, 7, 5, 6, 3, 2, 0]",3026.072316423463,3026.0723164234623,3026.0723164234623,1.5027643206621495e-16,1.5027643206621495e-16,True,True,True,0.0017392000008840114,255.53515625,255.53515625,0.0,1.0,manual_default_tau,,,5.0,"{""finite_edges"": true, ""infinity_penalty"": 8915822451000, ""instance_metadata"": {""complete"": true, ""instance_type"": ""euclidean"", ""n"": 9, ""points"": [[625.095466604667, 897.2138009695755], [775.6856902451935, 225.20718999059187], [300.16628491122543, 873.5534453962618], [5.265304565574724, 821.2284183827662], [797.0694287520462, 467.9349528437208], [303.0324268193135, 278.4256121007733], [254.8695876541246, 445.0763058826466], [504.5482589579533, 553.4973520744925], [995.5002834343927, 792.6619192137531]], ""scale"": 1000.0, ""seed"": 7, ""symmetric"": true}, ""integer_scale"": 1000000, ""start"": 8, ""time_limit_s"": 5.0, ""valid_route"": true}"
small_exact,evaluation,small_exact_euclidean_n9_seed7,euclidean,9,7,networkx_christofides,ok,"[8, 4, 1, 6, 5, 3, 2, 0, 7]",3517.77774856964,3026.0723164234623,3026.0723164234623,0.16248965019029293,0.16248965019029293,True,True,True,0.0010060000022349413,255.53515625,255.5390625,0.00390625,1.0,manual_default_tau,,,,"{""finite_edges"": true, ""instance_metadata"": {""complete"": true, ""instance_type"": ""euclidean"", ""n"": 9, ""points"": [[625.095466604667, 897.2138009695755], [775.6856902451935, 225.20718999059187], [300.16628491122543, 873.5534453962618], [5.265304565574724, 821.2284183827662], [797.0694287520462, 467.9349528437208], [303.0324268193135, 278.4256121007733], [254.8695876541246, 445.0763058826466], [504.5482589579533, 553.4973520744925], [995.5002834343927, 792.6619192137531]], ""scale"": 1000.0, ""seed"": 7, ""symmetric"": true}, ""requires_metric_symmetric_complete"": true, ""valid_route"": true}"
small_exact,evaluation,small_exact_euclidean_n9_seed7,euclidean,9,7,networkx_greedy,ok,"[8, 0, 3, 2, 5, 6, 7, 1, 4]",3399.6686115871867,3026.0723164234623,3026.0723164234623,0.12345914310642801,0.12345914310642801,True,True,True,0.0001385000032314565,255.5390625,255.5390625,0.0,1.0,manual_default_tau,,,,"{""finite_edges"": true, ""instance_metadata"": {""complete"": true, ""instance_type"": ""euclidean"", ""n"": 9, ""points"": [[625.095466604667, 897.2138009695755], [775.6856902451935, 225.20718999059187], [300.16628491122543, 873.5534453962618], [5.265304565574724, 821.2284183827662], [797.0694287520462, 467.9349528437208], [303.0324268193135, 278.4256121007733], [254.8695876541246, 445.0763058826466], [504.5482589579533, 553.4973520744925], [995.5002834343927, 792.6619192137531]], ""scale"": 1000.0, ""seed"": 7, ""symmetric"": true}, ""valid_route"": true}"
small_exact,evaluation,small_exact_euclidean_n9_seed7,euclidean,9,7,python_tsp_dynamic_programming,skipped_missing_dependency,,,3026.0723164234623,3026.0723164234623,nan,nan,True,,,0.0005758000006608199,255.5390625,255.5390625,0.0,1.0,manual_default_tau,,,,"{""instance_metadata"": {""complete"": true, ""instance_type"": ""euclidean"", ""n"": 9, ""points"": [[625.095466604667, 897.2138009695755], [775.6856902451935, 225.20718999059187], [300.16628491122543, 873.5534453962618], [5.265304565574724, 821.2284183827662], [797.0694287520462, 467.9349528437208], [303.0324268193135, 278.4256121007733], [254.8695876541246, 445.0763058826466], [504.5482589579533, 553.4973520744925], [995.5002834343927, 792.6619192137531]], ""scale"": 1000.0, ""seed"": 7, ""symmetric"": true}}"
small_exact,evaluation,small_exact_random_symmetric_n9_seed7,random_symmetric,9,7,tn_exact,ok,"[8, 7, 0, 6, 1, 4, 3, 5, 2]",256.6562065608349,253.91533397099153,253.91533397099153,0.010794435085816862,0.010794435085816862,True,True,True,0.08020300000134739,255.5390625,255.6796875,0.140625,1.0,manual_default_tau,,True,,"{""exact_mode"": true, ""finite_edges"": true, ""instance_metadata"": {""complete"": true, ""high"": 100.0, ""instance_type"": ""random_symmetric"", ""low"": 1.0, ""n"": 9, ""seed"": 7, ""symmetric"": true}, ""max_layers"": 7, ""n_layers"": null, ""n_layers_effective"": 7, ""normalization_factor"": 87.70774076834861, ""normalize"": true, ""seed"": 7, ""tau"": 1.0, ""valid_route"": true}"
small_exact,evaluation,small_exact_random_symmetric_n9_seed7,random_symmetric,9,7,held_karp,ok,"[8, 7, 0, 6, 3, 4, 1, 5, 2]",253.91533397099153,253.91533397099153,253.91533397099153,0.0,0.0,True,True,True,0.002178399998228997,255.6796875,255.6796875,0.0,1.0,manual_default_tau,,,,"{""instance_metadata"": {""complete"": true, ""high"": 100.0, ""instance_type"": ""random_symmetric"", ""low"": 1.0, ""n"": 9, ""seed"": 7, ""symmetric"": true}, ""max_n"": 18, ""start"": 8}"
small_exact,evaluation,small_exact_random_symmetric_n9_seed7,random_symmetric,9,7,bruteforce,ok,"[8, 2, 5, 1, 4, 3, 6, 0, 7]",253.91533397099153,253.91533397099153,253.91533397099153,0.0,0.0,True,True,True,0.2078345999980229,255.6796875,255.6796875,0.0,1.0,manual_default_tau,,,,"{""instance_metadata"": {""complete"": true, ""high"": 100.0, ""instance_type"": ""random_symmetric"", ""low"": 1.0, ""n"": 9, ""seed"": 7, ""symmetric"": true}, ""max_n"": 10, ""permutations_checked"": 40320, ""start"": 8}"
small_exact,evaluation,small_exact_random_symmetric_n9_seed7,random_symmetric,9,7,ortools,ok,"[8, 7, 0, 6, 3, 4, 1, 5, 2]",253.91533397099153,253.91533397099153,253.91533397099153,0.0,0.0,True,True,True,0.0016550000000279397,255.6796875,255.6796875,0.0,1.0,manual_default_tau,,,5.0,"{""finite_edges"": true, ""infinity_penalty"": 789369669000, ""instance_metadata"": {""complete"": true, ""high"": 100.0, ""instance_type"": ""random_symmetric"", ""low"": 1.0, ""n"": 9, ""seed"": 7, ""symmetric"": true}, ""integer_scale"": 1000000, ""start"": 8, ""time_limit_s"": 5.0, ""valid_route"": true}"
small_exact,evaluation,small_exact_random_symmetric_n9_seed7,random_symmetric,9,7,networkx_christofides,skipped_not_applicable,,,253.91533397099153,253.91533397099153,nan,nan,True,,,0.00010879999899771065,255.6796875,255.6796875,0.0,1.0,manual_default_tau,,,,"{""instance_metadata"": {""complete"": true, ""high"": 100.0, ""instance_type"": ""random_symmetric"", ""low"": 1.0, ""n"": 9, ""seed"": 7, ""symmetric"": true}, ""requires_metric_symmetric_complete"": true}"
small_exact,evaluation,small_exact_random_symmetric_n9_seed7,random_symmetric,9,7,networkx_greedy,ok,"[8, 0, 6, 1, 4, 3, 5, 2, 7]",299.0163739975617,253.91533397099153,253.91533397099153,0.17762235671723045,0.17762235671723045,True,True,True,0.00013929999840911478,255.6796875,255.6796875,0.0,1.0,manual_default_tau,,,,"{""finite_edges"": true, ""instance_metadata"": {""complete"": true, ""high"": 100.0, ""instance_type"": ""random_symmetric"", ""low"": 1.0, ""n"": 9, ""seed"": 7, ""symmetric"": true}, ""valid_route"": true}"
small_exact,evaluation,small_exact_random_symmetric_n9_seed7,random_symmetric,9,7,python_tsp_dynamic_programming,skipped_missing_dependency,,,253.91533397099153,253.91533397099153,nan,nan,True,,,0.0006146000014268793,255.6796875,255.6796875,0.0,1.0,manual_default_tau,,,,"{""instance_metadata"": {""complete"": true, ""high"": 100.0, ""instance_type"": ""random_symmetric"", ""low"": 1.0, ""n"": 9, ""seed"": 7, ""symmetric"": true}}"
small_exact,evaluation,small_exact_random_asymmetric_n9_seed7,random_asymmetric,9,7,tn_exact,ok,"[8, 7, 4, 1, 2, 5, 0, 6, 3]",196.64015066989282,138.88713037670286,138.88713037670286,0.415827011016404,0.415827011016404,True,True,True,0.10499970000091707,255.6796875,255.80859375,0.12890625,1.0,manual_default_tau,,True,,"{""exact_mode"": true, ""finite_edges"": true, ""instance_metadata"": {""complete"": true, ""high"": 100.0, ""instance_type"": ""random_asymmetric"", ""low"": 1.0, ""n"": 9, ""seed"": 7, ""symmetric"": false}, ""max_layers"": 7, ""n_layers"": null, ""n_layers_effective"": 7, ""normalization_factor"": 99.55452806000487, ""normalize"": true, ""seed"": 7, ""tau"": 1.0, ""valid_route"": true}"
small_exact,evaluation,small_exact_random_asymmetric_n9_seed7,random_asymmetric,9,7,held_karp,ok,"[8, 2, 5, 7, 4, 0, 6, 1, 3]",138.88713037670286,138.88713037670286,138.88713037670286,0.0,0.0,True,True,True,0.002352000003156718,255.80859375,255.8125,0.00390625,1.0,manual_default_tau,,,,"{""instance_metadata"": {""complete"": true, ""high"": 100.0, ""instance_type"": ""random_asymmetric"", ""low"": 1.0, ""n"": 9, ""seed"": 7, ""symmetric"": false}, ""max_n"": 18, ""start"": 8}"
small_exact,evaluation,small_exact_random_asymmetric_n9_seed7,random_asymmetric,9,7,bruteforce,ok,"[8, 2, 5, 7, 4, 0, 6, 1, 3]",138.88713037670286,138.88713037670286,138.88713037670286,0.0,0.0,True,True,True,0.20513299999947776,255.8125,255.8125,0.0,1.0,manual_default_tau,,,,"{""instance_metadata"": {""complete"": true, ""high"": 100.0, ""instance_type"": ""random_asymmetric"", ""low"": 1.0, ""n"": 9, ""seed"": 7, ""symmetric"": false}, ""max_n"": 10, ""permutations_checked"": 40320, ""start"": 8}"
small_exact,evaluation,small_exact_random_asymmetric_n9_seed7,random_asymmetric,9,7,ortools,ok,"[8, 2, 5, 7, 4, 0, 6, 1, 3]",138.88713037670286,138.88713037670286,138.88713037670286,0.0,0.0,True,True,True,0.0018487999986973591,255.8125,255.8125,0.0,1.0,manual_default_tau,,,5.0,"{""finite_edges"": true, ""infinity_penalty"": 895990752000, ""instance_metadata"": {""complete"": true, ""high"": 100.0, ""instance_type"": ""random_asymmetric"", ""low"": 1.0, ""n"": 9, ""seed"": 7, ""symmetric"": false}, ""integer_scale"": 1000000, ""start"": 8, ""time_limit_s"": 5.0, ""valid_route"": true}"
small_exact,evaluation,small_exact_random_asymmetric_n9_seed7,random_asymmetric,9,7,networkx_christofides,skipped_not_applicable,,,138.88713037670286,138.88713037670286,nan,nan,True,,,9.479999789618887e-05,255.8125,255.8125,0.0,1.0,manual_default_tau,,,,"{""instance_metadata"": {""complete"": true, ""high"": 100.0, ""instance_type"": ""random_asymmetric"", ""low"": 1.0, ""n"": 9, ""seed"": 7, ""symmetric"": false}, ""requires_metric_symmetric_complete"": true}"
small_exact,evaluation,small_exact_random_asymmetric_n9_seed7,random_asymmetric,9,7,networkx_greedy,ok,"[8, 2, 6, 1, 3, 5, 7, 4, 0]",197.76537033556815,138.88713037670286,138.88713037670286,0.42392869518702087,0.42392869518702087,True,True,True,0.00015999999959603883,255.8125,255.8125,0.0,1.0,manual_default_tau,,,,"{""finite_edges"": true, ""instance_metadata"": {""complete"": true, ""high"": 100.0, ""instance_type"": ""random_asymmetric"", ""low"": 1.0, ""n"": 9, ""seed"": 7, ""symmetric"": false}, ""valid_route"": true}"
small_exact,evaluation,small_exact_random_asymmetric_n9_seed7,random_asymmetric,9,7,python_tsp_dynamic_programming,skipped_missing_dependency,,,138.88713037670286,138.88713037670286,nan,nan,True,,,0.0005646999998134561,255.8125,255.8125,0.0,1.0,manual_default_tau,,,,"{""instance_metadata"": {""complete"": true, ""high"": 100.0, ""instance_type"": ""random_asymmetric"", ""low"": 1.0, ""n"": 9, ""seed"": 7, ""symmetric"": false}}"
small_exact,evaluation,small_exact_euclidean_n9_seed8,euclidean,9,8,tn_exact,ok,"[8, 4, 6, 5, 3, 2, 7, 0, 1]",2443.2582043692787,2443.2582043692787,2443.2582043692787,0.0,0.0,True,True,True,0.07375339999998687,255.8125,256.015625,0.203125,1.0,manual_default_tau,,True,,"{""exact_mode"": true, ""finite_edges"": true, ""instance_metadata"": {""complete"": true, ""instance_type"": ""euclidean"", ""n"": 9, ""points"": [[326.9722766055607, 987.2768433379256], [318.7108384855167, 788.548935820029], [869.8965116962161, 391.08480653919395], [437.8818731227988, 372.74890308935306], [106.95359647277436, 478.965454162717], [241.3521450846823, 257.1452485511297], [184.7315568344149, 193.8645489043107], [813.827670155021, 422.9841881442263], [255.92050515822606, 590.9028517654116]], ""scale"": 1000.0, ""seed"": 8, ""symmetric"": true}, ""max_layers"": 7, ""n_layers"": null, ""n_layers_effective"": 7, ""normalization_factor"": 806.3570361762793, ""normalize"": true, ""seed"": 8, ""tau"": 1.0, ""valid_route"": true}"
small_exact,evaluation,small_exact_euclidean_n9_seed8,euclidean,9,8,held_karp,ok,"[8, 4, 6, 5, 3, 2, 7, 0, 1]",2443.2582043692787,2443.2582043692787,2443.2582043692787,0.0,0.0,True,True,True,0.0016213000017160084,256.015625,256.015625,0.0,1.0,manual_default_tau,,,,"{""instance_metadata"": {""complete"": true, ""instance_type"": ""euclidean"", ""n"": 9, ""points"": [[326.9722766055607, 987.2768433379256], [318.7108384855167, 788.548935820029], [869.8965116962161, 391.08480653919395], [437.8818731227988, 372.74890308935306], [106.95359647277436, 478.965454162717], [241.3521450846823, 257.1452485511297], [184.7315568344149, 193.8645489043107], [813.827670155021, 422.9841881442263], [255.92050515822606, 590.9028517654116]], ""scale"": 1000.0, ""seed"": 8, ""symmetric"": true}, ""max_n"": 18, ""start"": 8}"
small_exact,evaluation,small_exact_euclidean_n9_seed8,euclidean,9,8,bruteforce,ok,"[8, 1, 0, 7, 2, 3, 5, 6, 4]",2443.2582043692787,2443.2582043692787,2443.2582043692787,0.0,0.0,True,True,True,0.19702279999910388,256.015625,256.015625,0.0,1.0,manual_default_tau,,,,"{""instance_metadata"": {""complete"": true, ""instance_type"": ""euclidean"", ""n"": 9, ""points"": [[326.9722766055607, 987.2768433379256], [318.7108384855167, 788.548935820029], [869.8965116962161, 391.08480653919395], [437.8818731227988, 372.74890308935306], [106.95359647277436, 478.965454162717], [241.3521450846823, 257.1452485511297], [184.7315568344149, 193.8645489043107], [813.827670155021, 422.9841881442263], [255.92050515822606, 590.9028517654116]], ""scale"": 1000.0, ""seed"": 8, ""symmetric"": true}, ""max_n"": 10, ""permutations_checked"": 40320, ""start"": 8}"
small_exact,evaluation,small_exact_euclidean_n9_seed8,euclidean,9,8,ortools,ok,"[8, 4, 6, 5, 3, 2, 7, 0, 1]",2443.2582043692787,2443.2582043692787,2443.2582043692787,0.0,0.0,True,True,True,0.00169590000223252,256.015625,256.015625,0.0,1.0,manual_default_tau,,,5.0,"{""finite_edges"": true, ""infinity_penalty"": 7257213324000, ""instance_metadata"": {""complete"": true, ""instance_type"": ""euclidean"", ""n"": 9, ""points"": [[326.9722766055607, 987.2768433379256], [318.7108384855167, 788.548935820029], [869.8965116962161, 391.08480653919395], [437.8818731227988, 372.74890308935306], [106.95359647277436, 478.965454162717], [241.3521450846823, 257.1452485511297], [184.7315568344149, 193.8645489043107], [813.827670155021, 422.9841881442263], [255.92050515822606, 590.9028517654116]], ""scale"": 1000.0, ""seed"": 8, ""symmetric"": true}, ""integer_scale"": 1000000, ""start"": 8, ""time_limit_s"": 5.0, ""valid_route"": true}"
small_exact,evaluation,small_exact_euclidean_n9_seed8,euclidean,9,8,networkx_christofides,ok,"[8, 1, 0, 2, 7, 3, 5, 6, 4]",2451.2108090372403,2443.2582043692787,2443.2582043692787,0.003254917819876745,0.003254917819876745,True,True,True,0.0007261999999172986,256.015625,256.015625,0.0,1.0,manual_default_tau,,,,"{""finite_edges"": true, ""instance_metadata"": {""complete"": true, ""instance_type"": ""euclidean"", ""n"": 9, ""points"": [[326.9722766055607, 987.2768433379256], [318.7108384855167, 788.548935820029], [869.8965116962161, 391.08480653919395], [437.8818731227988, 372.74890308935306], [106.95359647277436, 478.965454162717], [241.3521450846823, 257.1452485511297], [184.7315568344149, 193.8645489043107], [813.827670155021, 422.9841881442263], [255.92050515822606, 590.9028517654116]], ""scale"": 1000.0, ""seed"": 8, ""symmetric"": true}, ""requires_metric_symmetric_complete"": true, ""valid_route"": true}"
small_exact,evaluation,small_exact_euclidean_n9_seed8,euclidean,9,8,networkx_greedy,ok,"[8, 0, 1, 2, 7, 3, 6, 5, 4]",2565.517329893719,2443.2582043692787,2443.2582043692787,0.050039379917277735,0.050039379917277735,True,True,True,0.00012540000170702115,256.015625,256.015625,0.0,1.0,manual_default_tau,,,,"{""finite_edges"": true, ""instance_metadata"": {""complete"": true, ""instance_type"": ""euclidean"", ""n"": 9, ""points"": [[326.9722766055607, 987.2768433379256], [318.7108384855167, 788.548935820029], [869.8965116962161, 391.08480653919395], [437.8818731227988, 372.74890308935306], [106.95359647277436, 478.965454162717], [241.3521450846823, 257.1452485511297], [184.7315568344149, 193.8645489043107], [813.827670155021, 422.9841881442263], [255.92050515822606, 590.9028517654116]], ""scale"": 1000.0, ""seed"": 8, ""symmetric"": true}, ""valid_route"": true}"
small_exact,evaluation,small_exact_euclidean_n9_seed8,euclidean,9,8,python_tsp_dynamic_programming,skipped_missing_dependency,,,2443.2582043692787,2443.2582043692787,nan,nan,True,,,0.0007617000010213815,256.015625,256.015625,0.0,1.0,manual_default_tau,,,,"{""instance_metadata"": {""complete"": true, ""instance_type"": ""euclidean"", ""n"": 9, ""points"": [[326.9722766055607, 987.2768433379256], [318.7108384855167, 788.548935820029], [869.8965116962161, 391.08480653919395], [437.8818731227988, 372.74890308935306], [106.95359647277436, 478.965454162717], [241.3521450846823, 257.1452485511297], [184.7315568344149, 193.8645489043107], [813.827670155021, 422.9841881442263], [255.92050515822606, 590.9028517654116]], ""scale"": 1000.0, ""seed"": 8, ""symmetric"": true}}"
small_exact,evaluation,small_exact_random_symmetric_n9_seed8,random_symmetric,9,8,tn_exact,ok,"[8, 0, 6, 2, 7, 1, 4, 3, 5]",259.8170018611169,249.37439694684198,249.37439694684198,0.04187520869073396,0.04187520869073396,True,True,True,0.1072853000005125,256.015625,256.03515625,0.01953125,1.0,manual_default_tau,,True,,"{""exact_mode"": true, ""finite_edges"": true, ""instance_metadata"": {""complete"": true, ""high"": 100.0, ""instance_type"": ""random_symmetric"", ""low"": 1.0, ""n"": 9, ""seed"": 8, ""symmetric"": true}, ""max_layers"": 7, ""n_layers"": null, ""n_layers_effective"": 7, ""normalization_factor"": 81.48908150740104, ""normalize"": true, ""seed"": 8, ""tau"": 1.0, ""valid_route"": true}"
small_exact,evaluation,small_exact_random_symmetric_n9_seed8,random_symmetric,9,8,held_karp,ok,"[8, 1, 3, 4, 7, 2, 6, 5, 0]",249.37439694684198,249.37439694684198,249.37439694684198,0.0,0.0,True,True,True,0.002205400000093505,256.03515625,256.0546875,0.01953125,1.0,manual_default_tau,,,,"{""instance_metadata"": {""complete"": true, ""high"": 100.0, ""instance_type"": ""random_symmetric"", ""low"": 1.0, ""n"": 9, ""seed"": 8, ""symmetric"": true}, ""max_n"": 18, ""start"": 8}"
small_exact,evaluation,small_exact_random_symmetric_n9_seed8,random_symmetric,9,8,bruteforce,ok,"[8, 1, 3, 4, 7, 2, 6, 5, 0]",249.37439694684198,249.37439694684198,249.37439694684198,0.0,0.0,True,True,True,0.20002630000089994,256.0546875,256.0546875,0.0,1.0,manual_default_tau,,,,"{""instance_metadata"": {""complete"": true, ""high"": 100.0, ""instance_type"": ""random_symmetric"", ""low"": 1.0, ""n"": 9, ""seed"": 8, ""symmetric"": true}, ""max_n"": 10, ""permutations_checked"": 40320, ""start"": 8}"
small_exact,evaluation,small_exact_random_symmetric_n9_seed8,random_symmetric,9,8,ortools,ok,"[8, 1, 4, 3, 5, 6, 2, 7, 0]",256.3422223469064,249.37439694684198,249.37439694684198,0.027941222055565363,0.027941222055565363,True,True,True,0.0017058999983419199,256.0546875,256.0546875,0.0,1.0,manual_default_tau,,,5.0,"{""finite_edges"": true, ""infinity_penalty"": 733401738000, ""instance_metadata"": {""complete"": true, ""high"": 100.0, ""instance_type"": ""random_symmetric"", ""low"": 1.0, ""n"": 9, ""seed"": 8, ""symmetric"": true}, ""integer_scale"": 1000000, ""start"": 8, ""time_limit_s"": 5.0, ""valid_route"": true}"
small_exact,evaluation,small_exact_random_symmetric_n9_seed8,random_symmetric,9,8,networkx_christofides,skipped_not_applicable,,,249.37439694684198,249.37439694684198,nan,nan,True,,,0.00010990000009769574,256.0546875,256.0546875,0.0,1.0,manual_default_tau,,,,"{""instance_metadata"": {""complete"": true, ""high"": 100.0, ""instance_type"": ""random_symmetric"", ""low"": 1.0, ""n"": 9, ""seed"": 8, ""symmetric"": true}, ""requires_metric_symmetric_complete"": true}"
small_exact,evaluation,small_exact_random_symmetric_n9_seed8,random_symmetric,9,8,networkx_greedy,ok,"[8, 0, 1, 7, 4, 3, 5, 6, 2]",278.43386269960536,249.37439694684198,249.37439694684198,0.11652946777434352,0.11652946777434352,True,True,True,0.00013110000145388767,256.0546875,256.0546875,0.0,1.0,manual_default_tau,,,,"{""finite_edges"": true, ""instance_metadata"": {""complete"": true, ""high"": 100.0, ""instance_type"": ""random_symmetric"", ""low"": 1.0, ""n"": 9, ""seed"": 8, ""symmetric"": true}, ""valid_route"": true}"
small_exact,evaluation,small_exact_random_symmetric_n9_seed8,random_symmetric,9,8,python_tsp_dynamic_programming,skipped_missing_dependency,,,249.37439694684198,249.37439694684198,nan,nan,True,,,0.0005930999977863394,256.0546875,256.0546875,0.0,1.0,manual_default_tau,,,,"{""instance_metadata"": {""complete"": true, ""high"": 100.0, ""instance_type"": ""random_symmetric"", ""low"": 1.0, ""n"": 9, ""seed"": 8, ""symmetric"": true}}"
small_exact,evaluation,small_exact_random_asymmetric_n9_seed8,random_asymmetric,9,8,tn_exact,ok,"[8, 1, 3, 5, 4, 7, 2, 6, 0]",144.16125950084538,144.16125950084538,144.16125950084538,0.0,0.0,True,True,True,0.10507380000126432,256.0546875,256.2734375,0.21875,1.0,manual_default_tau,,True,,"{""exact_mode"": true, ""finite_edges"": true, ""instance_metadata"": {""complete"": true, ""high"": 100.0, ""instance_type"": ""random_asymmetric"", ""low"": 1.0, ""n"": 9, ""seed"": 8, ""symmetric"": false}, ""max_layers"": 7, ""n_layers"": null, ""n_layers_effective"": 7, ""normalization_factor"": 98.88858626864226, ""normalize"": true, ""seed"": 8, ""tau"": 1.0, ""valid_route"": true}"
small_exact,evaluation,small_exact_random_asymmetric_n9_seed8,random_asymmetric,9,8,held_karp,ok,"[8, 1, 3, 5, 4, 7, 2, 6, 0]",144.16125950084538,144.16125950084538,144.16125950084538,0.0,0.0,True,True,True,0.002197800000431016,256.2734375,256.2734375,0.0,1.0,manual_default_tau,,,,"{""instance_metadata"": {""complete"": true, ""high"": 100.0, ""instance_type"": ""random_asymmetric"", ""low"": 1.0, ""n"": 9, ""seed"": 8, ""symmetric"": false}, ""max_n"": 18, ""start"": 8}"
small_exact,evaluation,small_exact_random_asymmetric_n9_seed8,random_asymmetric,9,8,bruteforce,ok,"[8, 1, 3, 5, 4, 7, 2, 6, 0]",144.16125950084538,144.16125950084538,144.16125950084538,0.0,0.0,True,True,True,0.2071792999995523,256.2734375,256.2734375,0.0,1.0,manual_default_tau,,,,"{""instance_metadata"": {""complete"": true, ""high"": 100.0, ""instance_type"": ""random_asymmetric"", ""low"": 1.0, ""n"": 9, ""seed"": 8, ""symmetric"": false}, ""max_n"": 10, ""permutations_checked"": 40320, ""start"": 8}"
small_exact,evaluation,small_exact_random_asymmetric_n9_seed8,random_asymmetric,9,8,ortools,ok,"[8, 1, 4, 3, 7, 2, 6, 5, 0]",146.481990901207,144.16125950084538,144.16125950084538,0.016098162629801585,0.016098162629801585,True,True,True,0.001944200001162244,256.2734375,256.2734375,0.0,1.0,manual_default_tau,,,5.0,"{""finite_edges"": true, ""infinity_penalty"": 889997274000, ""instance_metadata"": {""complete"": true, ""high"": 100.0, ""instance_type"": ""random_asymmetric"", ""low"": 1.0, ""n"": 9, ""seed"": 8, ""symmetric"": false}, ""integer_scale"": 1000000, ""start"": 8, ""time_limit_s"": 5.0, ""valid_route"": true}"
small_exact,evaluation,small_exact_random_asymmetric_n9_seed8,random_asymmetric,9,8,networkx_christofides,skipped_not_applicable,,,144.16125950084538,144.16125950084538,nan,nan,True,,,9.180000051856041e-05,256.2734375,256.2734375,0.0,1.0,manual_default_tau,,,,"{""instance_metadata"": {""complete"": true, ""high"": 100.0, ""instance_type"": ""random_asymmetric"", ""low"": 1.0, ""n"": 9, ""seed"": 8, ""symmetric"": false}, ""requires_metric_symmetric_complete"": true}"
small_exact,evaluation,small_exact_random_asymmetric_n9_seed8,random_asymmetric,9,8,networkx_greedy,ok,"[8, 2, 6, 7, 5, 4, 3, 0, 1]",287.5670513819677,144.16125950084538,144.16125950084538,0.9947595656257525,0.9947595656257525,True,True,True,0.00015859999984968454,256.2734375,256.2734375,0.0,1.0,manual_default_tau,,,,"{""finite_edges"": true, ""instance_metadata"": {""complete"": true, ""high"": 100.0, ""instance_type"": ""random_asymmetric"", ""low"": 1.0, ""n"": 9, ""seed"": 8, ""symmetric"": false}, ""valid_route"": true}"
small_exact,evaluation,small_exact_random_asymmetric_n9_seed8,random_asymmetric,9,8,python_tsp_dynamic_programming,skipped_missing_dependency,,,144.16125950084538,144.16125950084538,nan,nan,True,,,0.000581899999815505,256.2734375,256.2734375,0.0,1.0,manual_default_tau,,,,"{""instance_metadata"": {""complete"": true, ""high"": 100.0, ""instance_type"": ""random_asymmetric"", ""low"": 1.0, ""n"": 9, ""seed"": 8, ""symmetric"": false}}"
small_exact,evaluation,small_exact_euclidean_n9_seed9,euclidean,9,9,tn_exact,ok,"[8, 6, 4, 5, 0, 7, 3, 2, 1]",3074.2037195981256,3074.2037195981256,3074.2037195981256,0.0,0.0,True,True,True,0.10257809999893652,256.2734375,256.28125,0.0078125,1.0,manual_default_tau,,True,,"{""exact_mode"": true, ""finite_edges"": true, ""instance_metadata"": {""complete"": true, ""instance_type"": ""euclidean"", ""n"": 9, ""points"": [[870.2492039700846, 286.8172090875554], [603.1481500515619, 777.5340829201788], [716.0746296035653, 915.3801204905076], [860.3936491828846, 918.2376290487624], [26.587734467597212, 437.2480001295087], [484.9443269772881, 65.15419737010752], [5.626050679392924, 830.621436971257], [983.3022442861756, 784.6098526726796], [315.60348997827316, 705.3337045894538]], ""scale"": 1000.0, ""seed"": 9, ""symmetric"": true}, ""max_layers"": 7, ""n_layers"": null, ""n_layers_effective"": 7, ""normalization_factor"": 1021.4187365965673, ""normalize"": true, ""seed"": 9, ""tau"": 1.0, ""valid_route"": true}"
small_exact,evaluation,small_exact_euclidean_n9_seed9,euclidean,9,9,held_karp,ok,"[8, 6, 4, 5, 0, 7, 3, 2, 1]",3074.2037195981256,3074.2037195981256,3074.2037195981256,0.0,0.0,True,True,True,0.0023229999969771598,256.28125,256.29296875,0.01171875,1.0,manual_default_tau,,,,"{""instance_metadata"": {""complete"": true, ""instance_type"": ""euclidean"", ""n"": 9, ""points"": [[870.2492039700846, 286.8172090875554], [603.1481500515619, 777.5340829201788], [716.0746296035653, 915.3801204905076], [860.3936491828846, 918.2376290487624], [26.587734467597212, 437.2480001295087], [484.9443269772881, 65.15419737010752], [5.626050679392924, 830.621436971257], [983.3022442861756, 784.6098526726796], [315.60348997827316, 705.3337045894538]], ""scale"": 1000.0, ""seed"": 9, ""symmetric"": true}, ""max_n"": 18, ""start"": 8}"
small_exact,evaluation,small_exact_euclidean_n9_seed9,euclidean,9,9,bruteforce,ok,"[8, 1, 2, 3, 7, 0, 5, 4, 6]",3074.2037195981256,3074.2037195981256,3074.2037195981256,0.0,0.0,True,True,True,0.1966474000000744,256.29296875,256.29296875,0.0,1.0,manual_default_tau,,,,"{""instance_metadata"": {""complete"": true, ""instance_type"": ""euclidean"", ""n"": 9, ""points"": [[870.2492039700846, 286.8172090875554], [603.1481500515619, 777.5340829201788], [716.0746296035653, 915.3801204905076], [860.3936491828846, 918.2376290487624], [26.587734467597212, 437.2480001295087], [484.9443269772881, 65.15419737010752], [5.626050679392924, 830.621436971257], [983.3022442861756, 784.6098526726796], [315.60348997827316, 705.3337045894538]], ""scale"": 1000.0, ""seed"": 9, ""symmetric"": true}, ""max_n"": 10, ""permutations_checked"": 40320, ""start"": 8}"
small_exact,evaluation,small_exact_euclidean_n9_seed9,euclidean,9,9,ortools,ok,"[8, 1, 2, 3, 7, 0, 5, 4, 6]",3074.2037195981256,3074.2037195981256,3074.2037195981256,0.0,0.0,True,True,True,0.0016112000012071803,256.29296875,256.52734375,0.234375,1.0,manual_default_tau,,,5.0,"{""finite_edges"": true, ""infinity_penalty"": 9192768633000, ""instance_metadata"": {""complete"": true, ""instance_type"": ""euclidean"", ""n"": 9, ""points"": [[870.2492039700846, 286.8172090875554], [603.1481500515619, 777.5340829201788], [716.0746296035653, 915.3801204905076], [860.3936491828846, 918.2376290487624], [26.587734467597212, 437.2480001295087], [484.9443269772881, 65.15419737010752], [5.626050679392924, 830.621436971257], [983.3022442861756, 784.6098526726796], [315.60348997827316, 705.3337045894538]], ""scale"": 1000.0, ""seed"": 9, ""symmetric"": true}, ""integer_scale"": 1000000, ""start"": 8, ""time_limit_s"": 5.0, ""valid_route"": true}"
small_exact,evaluation,small_exact_euclidean_n9_seed9,euclidean,9,9,networkx_christofides,ok,"[8, 1, 2, 3, 7, 0, 5, 4, 6]",3074.2037195981256,3074.2037195981256,3074.2037195981256,0.0,0.0,True,True,True,0.0007126999989850447,256.52734375,256.5390625,0.01171875,1.0,manual_default_tau,,,,"{""finite_edges"": true, ""instance_metadata"": {""complete"": true, ""instance_type"": ""euclidean"", ""n"": 9, ""points"": [[870.2492039700846, 286.8172090875554], [603.1481500515619, 777.5340829201788], [716.0746296035653, 915.3801204905076], [860.3936491828846, 918.2376290487624], [26.587734467597212, 437.2480001295087], [484.9443269772881, 65.15419737010752], [5.626050679392924, 830.621436971257], [983.3022442861756, 784.6098526726796], [315.60348997827316, 705.3337045894538]], ""scale"": 1000.0, ""seed"": 9, ""symmetric"": true}, ""requires_metric_symmetric_complete"": true, ""valid_route"": true}"
small_exact,evaluation,small_exact_euclidean_n9_seed9,euclidean,9,9,networkx_greedy,ok,"[8, 1, 2, 3, 7, 0, 5, 4, 6]",3074.2037195981256,3074.2037195981256,3074.2037195981256,0.0,0.0,True,True,True,0.00012340000102994964,256.5390625,256.5390625,0.0,1.0,manual_default_tau,,,,"{""finite_edges"": true, ""instance_metadata"": {""complete"": true, ""instance_type"": ""euclidean"", ""n"": 9, ""points"": [[870.2492039700846, 286.8172090875554], [603.1481500515619, 777.5340829201788], [716.0746296035653, 915.3801204905076], [860.3936491828846, 918.2376290487624], [26.587734467597212, 437.2480001295087], [484.9443269772881, 65.15419737010752], [5.626050679392924, 830.621436971257], [983.3022442861756, 784.6098526726796], [315.60348997827316, 705.3337045894538]], ""scale"": 1000.0, ""seed"": 9, ""symmetric"": true}, ""valid_route"": true}"
small_exact,evaluation,small_exact_euclidean_n9_seed9,euclidean,9,9,python_tsp_dynamic_programming,skipped_missing_dependency,,,3074.2037195981256,3074.2037195981256,nan,nan,True,,,0.0005695999971067067,256.5390625,256.5390625,0.0,1.0,manual_default_tau,,,,"{""instance_metadata"": {""complete"": true, ""instance_type"": ""euclidean"", ""n"": 9, ""points"": [[870.2492039700846, 286.8172090875554], [603.1481500515619, 777.5340829201788], [716.0746296035653, 915.3801204905076], [860.3936491828846, 918.2376290487624], [26.587734467597212, 437.2480001295087], [484.9443269772881, 65.15419737010752], [5.626050679392924, 830.621436971257], [983.3022442861756, 784.6098526726796], [315.60348997827316, 705.3337045894538]], ""scale"": 1000.0, ""seed"": 9, ""symmetric"": true}}"
small_exact,evaluation,small_exact_random_symmetric_n9_seed9,random_symmetric,9,9,tn_exact,ok,"[8, 0, 1, 2, 3, 4, 7, 6, 5]",315.70996813523357,297.9675859491956,297.9675859491956,0.05954467204719069,0.05954467204719069,True,True,True,0.09921389999726671,256.5390625,256.8046875,0.265625,1.0,manual_default_tau,,True,,"{""exact_mode"": true, ""finite_edges"": true, ""instance_metadata"": {""complete"": true, ""high"": 100.0, ""instance_type"": ""random_symmetric"", ""low"": 1.0, ""n"": 9, ""seed"": 9, ""symmetric"": true}, ""max_layers"": 7, ""n_layers"": null, ""n_layers_effective"": 7, ""normalization_factor"": 89.77344958347678, ""normalize"": true, ""seed"": 9, ""tau"": 1.0, ""valid_route"": true}"
small_exact,evaluation,small_exact_random_symmetric_n9_seed9,random_symmetric,9,9,held_karp,ok,"[8, 3, 4, 7, 6, 5, 2, 1, 0]",297.9675859491956,297.9675859491956,297.9675859491956,0.0,0.0,True,True,True,0.002113999998982763,256.8046875,256.84375,0.0390625,1.0,manual_default_tau,,,,"{""instance_metadata"": {""complete"": true, ""high"": 100.0, ""instance_type"": ""random_symmetric"", ""low"": 1.0, ""n"": 9, ""seed"": 9, ""symmetric"": true}, ""max_n"": 18, ""start"": 8}"
small_exact,evaluation,small_exact_random_symmetric_n9_seed9,random_symmetric,9,9,bruteforce,ok,"[8, 3, 4, 7, 6, 5, 2, 1, 0]",297.9675859491956,297.9675859491956,297.9675859491956,0.0,0.0,True,True,True,0.20266309999715304,256.84375,256.84375,0.0,1.0,manual_default_tau,,,,"{""instance_metadata"": {""complete"": true, ""high"": 100.0, ""instance_type"": ""random_symmetric"", ""low"": 1.0, ""n"": 9, ""seed"": 9, ""symmetric"": true}, ""max_n"": 10, ""permutations_checked"": 40320, ""start"": 8}"
small_exact,evaluation,small_exact_random_symmetric_n9_seed9,random_symmetric,9,9,ortools,ok,"[8, 0, 1, 2, 5, 6, 7, 4, 3]",297.96758594919567,297.9675859491956,297.9675859491956,1.907704782039614e-16,1.907704782039614e-16,True,True,True,0.0016913999970711302,256.84375,256.9453125,0.1015625,1.0,manual_default_tau,,,5.0,"{""finite_edges"": true, ""infinity_penalty"": 807961050000, ""instance_metadata"": {""complete"": true, ""high"": 100.0, ""instance_type"": ""random_symmetric"", ""low"": 1.0, ""n"": 9, ""seed"": 9, ""symmetric"": true}, ""integer_scale"": 1000000, ""start"": 8, ""time_limit_s"": 5.0, ""valid_route"": true}"
small_exact,evaluation,small_exact_random_symmetric_n9_seed9,random_symmetric,9,9,networkx_christofides,skipped_not_applicable,,,297.9675859491956,297.9675859491956,nan,nan,True,,,0.00010260000271955505,256.9453125,256.9453125,0.0,1.0,manual_default_tau,,,,"{""instance_metadata"": {""complete"": true, ""high"": 100.0, ""instance_type"": ""random_symmetric"", ""low"": 1.0, ""n"": 9, ""seed"": 9, ""symmetric"": true}, ""requires_metric_symmetric_complete"": true}"
small_exact,evaluation,small_exact_random_symmetric_n9_seed9,random_symmetric,9,9,networkx_greedy,ok,"[8, 0, 1, 2, 3, 4, 7, 6, 5]",315.70996813523357,297.9675859491956,297.9675859491956,0.05954467204719069,0.05954467204719069,True,True,True,0.00014709999959450215,256.9453125,256.9453125,0.0,1.0,manual_default_tau,,,,"{""finite_edges"": true, ""instance_metadata"": {""complete"": true, ""high"": 100.0, ""instance_type"": ""random_symmetric"", ""low"": 1.0, ""n"": 9, ""seed"": 9, ""symmetric"": true}, ""valid_route"": true}"
small_exact,evaluation,small_exact_random_symmetric_n9_seed9,random_symmetric,9,9,python_tsp_dynamic_programming,skipped_missing_dependency,,,297.9675859491956,297.9675859491956,nan,nan,True,,,0.0006016999977873638,256.9453125,256.9453125,0.0,1.0,manual_default_tau,,,,"{""instance_metadata"": {""complete"": true, ""high"": 100.0, ""instance_type"": ""random_symmetric"", ""low"": 1.0, ""n"": 9, ""seed"": 9, ""symmetric"": true}}"
small_exact,evaluation,small_exact_random_asymmetric_n9_seed9,random_asymmetric,9,9,tn_exact,ok,"[8, 6, 4, 7, 5, 1, 3, 2, 0]",178.84549381053685,173.871806851148,173.871806851148,0.028605482679816174,0.028605482679816174,True,True,True,0.11048899999877904,256.9453125,256.9609375,0.015625,1.0,manual_default_tau,,True,,"{""exact_mode"": true, ""finite_edges"": true, ""instance_metadata"": {""complete"": true, ""high"": 100.0, ""instance_type"": ""random_asymmetric"", ""low"": 1.0, ""n"": 9, ""seed"": 9, ""symmetric"": false}, ""max_layers"": 7, ""n_layers"": null, ""n_layers_effective"": 7, ""normalization_factor"": 98.78633394256309, ""normalize"": true, ""seed"": 9, ""tau"": 1.0, ""valid_route"": true}"
small_exact,evaluation,small_exact_random_asymmetric_n9_seed9,random_asymmetric,9,9,held_karp,ok,"[8, 5, 1, 3, 7, 6, 4, 2, 0]",173.871806851148,173.871806851148,173.871806851148,0.0,0.0,True,True,True,0.0022449999996752013,256.9609375,256.96484375,0.00390625,1.0,manual_default_tau,,,,"{""instance_metadata"": {""complete"": true, ""high"": 100.0, ""instance_type"": ""random_asymmetric"", ""low"": 1.0, ""n"": 9, ""seed"": 9, ""symmetric"": false}, ""max_n"": 18, ""start"": 8}"
small_exact,evaluation,small_exact_random_asymmetric_n9_seed9,random_asymmetric,9,9,bruteforce,ok,"[8, 5, 1, 3, 7, 6, 4, 2, 0]",173.871806851148,173.871806851148,173.871806851148,0.0,0.0,True,True,True,0.20526650000101654,256.96484375,256.96484375,0.0,1.0,manual_default_tau,,,,"{""instance_metadata"": {""complete"": true, ""high"": 100.0, ""instance_type"": ""random_asymmetric"", ""low"": 1.0, ""n"": 9, ""seed"": 9, ""symmetric"": false}, ""max_n"": 10, ""permutations_checked"": 40320, ""start"": 8}"
small_exact,evaluation,small_exact_random_asymmetric_n9_seed9,random_asymmetric,9,9,ortools,ok,"[8, 6, 4, 7, 5, 1, 3, 2, 0]",178.84549381053685,173.871806851148,173.871806851148,0.028605482679816174,0.028605482679816174,True,True,True,0.0019314000019221567,256.96484375,256.96484375,0.0,1.0,manual_default_tau,,,5.0,"{""finite_edges"": true, ""infinity_penalty"": 889077006000, ""instance_metadata"": {""complete"": true, ""high"": 100.0, ""instance_type"": ""random_asymmetric"", ""low"": 1.0, ""n"": 9, ""seed"": 9, ""symmetric"": false}, ""integer_scale"": 1000000, ""start"": 8, ""time_limit_s"": 5.0, ""valid_route"": true}"
small_exact,evaluation,small_exact_random_asymmetric_n9_seed9,random_asymmetric,9,9,networkx_christofides,skipped_not_applicable,,,173.871806851148,173.871806851148,nan,nan,True,,,8.969999908003956e-05,256.96484375,256.96484375,0.0,1.0,manual_default_tau,,,,"{""instance_metadata"": {""complete"": true, ""high"": 100.0, ""instance_type"": ""random_asymmetric"", ""low"": 1.0, ""n"": 9, ""seed"": 9, ""symmetric"": false}, ""requires_metric_symmetric_complete"": true}"
small_exact,evaluation,small_exact_random_asymmetric_n9_seed9,random_asymmetric,9,9,networkx_greedy,ok,"[8, 6, 4, 7, 2, 0, 1, 3, 5]",272.4624398369455,173.871806851148,173.871806851148,0.5670305886347703,0.5670305886347703,True,True,True,0.00015759999951114878,256.96484375,256.96875,0.00390625,1.0,manual_default_tau,,,,"{""finite_edges"": true, ""instance_metadata"": {""complete"": true, ""high"": 100.0, ""instance_type"": ""random_asymmetric"", ""low"": 1.0, ""n"": 9, ""seed"": 9, ""symmetric"": false}, ""valid_route"": true}"
small_exact,evaluation,small_exact_random_asymmetric_n9_seed9,random_asymmetric,9,9,python_tsp_dynamic_programming,skipped_missing_dependency,,,173.871806851148,173.871806851148,nan,nan,True,,,0.000634400003036717,256.96875,256.97265625,0.00390625,1.0,manual_default_tau,,,,"{""instance_metadata"": {""complete"": true, ""high"": 100.0, ""instance_type"": ""random_asymmetric"", ""low"": 1.0, ""n"": 9, ""seed"": 9, ""symmetric"": false}}"
small_exact,evaluation,small_exact_euclidean_n10_seed5,euclidean,10,5,tn_exact,ok,"[9, 3, 1, 5, 8, 2, 4, 6, 0, 7]",3722.6342375655568,3423.2699638137733,3423.2699638137733,0.08744980002052474,0.08744980002052474,True,True,True,0.09624429999894346,256.97265625,257.64453125,0.671875,1.0,manual_default_tau,,True,,"{""exact_mode"": true, ""finite_edges"": true, ""instance_metadata"": {""complete"": true, ""instance_type"": ""euclidean"", ""n"": 10, ""points"": [[805.0029237453801, 807.9407897364938], [515.325561042142, 285.8013800881416], [53.930702381656424, 383.36888078551823], [408.47320541999864, 45.27519390244517], [48.75771072716806, 999.1761150650714], [652.3691115879877, 234.51020166982394], [434.94755222514203, 974.1861932592553], [897.6776081085488, 844.231037608741], [392.40466433477815, 493.0230187317426], [676.689351831066, 60.80271295805606]], ""scale"": 1000.0, ""seed"": 5, ""symmetric"": true}, ""max_layers"": 8, ""n_layers"": null, ""n_layers_effective"": 8, ""normalization_factor"": 1129.089362132745, ""normalize"": true, ""seed"": 5, ""tau"": 1.0, ""valid_route"": true}"
small_exact,evaluation,small_exact_euclidean_n10_seed5,euclidean,10,5,held_karp,ok,"[9, 5, 1, 8, 0, 7, 6, 4, 2, 3]",3423.2699638137733,3423.2699638137733,3423.2699638137733,0.0,0.0,True,True,True,0.004625399997166824,257.64453125,257.7890625,0.14453125,1.0,manual_default_tau,,,,"{""instance_metadata"": {""complete"": true, ""instance_type"": ""euclidean"", ""n"": 10, ""points"": [[805.0029237453801, 807.9407897364938], [515.325561042142, 285.8013800881416], [53.930702381656424, 383.36888078551823], [408.47320541999864, 45.27519390244517], [48.75771072716806, 999.1761150650714], [652.3691115879877, 234.51020166982394], [434.94755222514203, 974.1861932592553], [897.6776081085488, 844.231037608741], [392.40466433477815, 493.0230187317426], [676.689351831066, 60.80271295805606]], ""scale"": 1000.0, ""seed"": 5, ""symmetric"": true}, ""max_n"": 18, ""start"": 9}"
small_exact,evaluation,small_exact_euclidean_n10_seed5,euclidean,10,5,bruteforce,ok,"[9, 3, 2, 4, 6, 7, 0, 8, 1, 5]",3423.2699638137733,3423.2699638137733,3423.2699638137733,0.0,0.0,True,True,True,1.4758621000000858,257.7890625,257.7890625,0.0,1.0,manual_default_tau,,,,"{""instance_metadata"": {""complete"": true, ""instance_type"": ""euclidean"", ""n"": 10, ""points"": [[805.0029237453801, 807.9407897364938], [515.325561042142, 285.8013800881416], [53.930702381656424, 383.36888078551823], [408.47320541999864, 45.27519390244517], [48.75771072716806, 999.1761150650714], [652.3691115879877, 234.51020166982394], [434.94755222514203, 974.1861932592553], [897.6776081085488, 844.231037608741], [392.40466433477815, 493.0230187317426], [676.689351831066, 60.80271295805606]], ""scale"": 1000.0, ""seed"": 5, ""symmetric"": true}, ""max_n"": 10, ""permutations_checked"": 362880, ""start"": 9}"
small_exact,evaluation,small_exact_euclidean_n10_seed5,euclidean,10,5,ortools,ok,"[9, 3, 2, 4, 6, 7, 0, 8, 1, 5]",3423.2699638137733,3423.2699638137733,3423.2699638137733,0.0,0.0,True,True,True,0.0017928999986907002,257.7890625,257.8046875,0.015625,1.0,manual_default_tau,,,5.0,"{""finite_edges"": true, ""infinity_penalty"": 11290893620000, ""instance_metadata"": {""complete"": true, ""instance_type"": ""euclidean"", ""n"": 10, ""points"": [[805.0029237453801, 807.9407897364938], [515.325561042142, 285.8013800881416], [53.930702381656424, 383.36888078551823], [408.47320541999864, 45.27519390244517], [48.75771072716806, 999.1761150650714], [652.3691115879877, 234.51020166982394], [434.94755222514203, 974.1861932592553], [897.6776081085488, 844.231037608741], [392.40466433477815, 493.0230187317426], [676.689351831066, 60.80271295805606]], ""scale"": 1000.0, ""seed"": 5, ""symmetric"": true}, ""integer_scale"": 1000000, ""start"": 9, ""time_limit_s"": 5.0, ""valid_route"": true}"
small_exact,evaluation,small_exact_euclidean_n10_seed5,euclidean,10,5,networkx_christofides,ok,"[9, 3, 1, 8, 6, 0, 7, 4, 2, 5]",4031.8934626659743,3423.2699638137733,3423.2699638137733,0.17779009697913217,0.17779009697913217,True,True,True,0.0010234000001219101,257.8046875,257.80859375,0.00390625,1.0,manual_default_tau,,,,"{""finite_edges"": true, ""instance_metadata"": {""complete"": true, ""instance_type"": ""euclidean"", ""n"": 10, ""points"": [[805.0029237453801, 807.9407897364938], [515.325561042142, 285.8013800881416], [53.930702381656424, 383.36888078551823], [408.47320541999864, 45.27519390244517], [48.75771072716806, 999.1761150650714], [652.3691115879877, 234.51020166982394], [434.94755222514203, 974.1861932592553], [897.6776081085488, 844.231037608741], [392.40466433477815, 493.0230187317426], [676.689351831066, 60.80271295805606]], ""scale"": 1000.0, ""seed"": 5, ""symmetric"": true}, ""requires_metric_symmetric_complete"": true, ""valid_route"": true}"
small_exact,evaluation,small_exact_euclidean_n10_seed5,euclidean,10,5,networkx_greedy,ok,"[9, 4, 6, 7, 0, 3, 2, 8, 1, 5]",4364.200219291025,3423.2699638137733,3423.2699638137733,0.2748630009971479,0.2748630009971479,True,True,True,0.00011630000153672881,257.80859375,257.80859375,0.0,1.0,manual_default_tau,,,,"{""finite_edges"": true, ""instance_metadata"": {""complete"": true, ""instance_type"": ""euclidean"", ""n"": 10, ""points"": [[805.0029237453801, 807.9407897364938], [515.325561042142, 285.8013800881416], [53.930702381656424, 383.36888078551823], [408.47320541999864, 45.27519390244517], [48.75771072716806, 999.1761150650714], [652.3691115879877, 234.51020166982394], [434.94755222514203, 974.1861932592553], [897.6776081085488, 844.231037608741], [392.40466433477815, 493.0230187317426], [676.689351831066, 60.80271295805606]], ""scale"": 1000.0, ""seed"": 5, ""symmetric"": true}, ""valid_route"": true}"
small_exact,evaluation,small_exact_euclidean_n10_seed5,euclidean,10,5,python_tsp_dynamic_programming,skipped_missing_dependency,,,3423.2699638137733,3423.2699638137733,nan,nan,True,,,0.0005324000012478791,257.80859375,257.80859375,0.0,1.0,manual_default_tau,,,,"{""instance_metadata"": {""complete"": true, ""instance_type"": ""euclidean"", ""n"": 10, ""points"": [[805.0029237453801, 807.9407897364938], [515.325561042142, 285.8013800881416], [53.930702381656424, 383.36888078551823], [408.47320541999864, 45.27519390244517], [48.75771072716806, 999.1761150650714], [652.3691115879877, 234.51020166982394], [434.94755222514203, 974.1861932592553], [897.6776081085488, 844.231037608741], [392.40466433477815, 493.0230187317426], [676.689351831066, 60.80271295805606]], ""scale"": 1000.0, ""seed"": 5, ""symmetric"": true}}"
small_exact,evaluation,small_exact_random_symmetric_n10_seed5,random_symmetric,10,5,tn_exact,ok,"[9, 7, 0, 5, 4, 8, 3, 2, 6, 1]",316.2385643932585,316.23856439325846,316.23856439325846,1.7974853563438387e-16,1.7974853563438387e-16,True,True,True,0.12457740000172635,257.80859375,258.40625,0.59765625,1.0,manual_default_tau,,True,,"{""exact_mode"": true, ""finite_edges"": true, ""instance_metadata"": {""complete"": true, ""high"": 100.0, ""instance_type"": ""random_symmetric"", ""low"": 1.0, ""n"": 10, ""seed"": 5, ""symmetric"": true}, ""max_layers"": 8, ""n_layers"": null, ""n_layers_effective"": 8, ""normalization_factor"": 96.14320382930042, ""normalize"": true, ""seed"": 5, ""tau"": 1.0, ""valid_route"": true}"
small_exact,evaluation,small_exact_random_symmetric_n10_seed5,random_symmetric,10,5,held_karp,ok,"[9, 1, 6, 2, 3, 8, 4, 5, 0, 7]",316.23856439325846,316.23856439325846,316.23856439325846,0.0,0.0,True,True,True,0.004415200000948971,258.40625,258.4375,0.03125,1.0,manual_default_tau,,,,"{""instance_metadata"": {""complete"": true, ""high"": 100.0, ""instance_type"": ""random_symmetric"", ""low"": 1.0, ""n"": 10, ""seed"": 5, ""symmetric"": true}, ""max_n"": 18, ""start"": 9}"
small_exact,evaluation,small_exact_random_symmetric_n10_seed5,random_symmetric,10,5,bruteforce,ok,"[9, 1, 6, 2, 3, 8, 4, 5, 0, 7]",316.23856439325846,316.23856439325846,316.23856439325846,0.0,0.0,True,True,True,1.4121684999990975,258.4375,258.4375,0.0,1.0,manual_default_tau,,,,"{""instance_metadata"": {""complete"": true, ""high"": 100.0, ""instance_type"": ""random_symmetric"", ""low"": 1.0, ""n"": 10, ""seed"": 5, ""symmetric"": true}, ""max_n"": 10, ""permutations_checked"": 362880, ""start"": 9}"
small_exact,evaluation,small_exact_random_symmetric_n10_seed5,random_symmetric,10,5,ortools,ok,"[9, 7, 0, 5, 4, 8, 3, 2, 6, 1]",316.2385643932585,316.23856439325846,316.23856439325846,1.7974853563438387e-16,1.7974853563438387e-16,True,True,True,0.001557600000523962,258.4375,258.4375,0.0,1.0,manual_default_tau,,,5.0,"{""finite_edges"": true, ""infinity_penalty"": 961432040000, ""instance_metadata"": {""complete"": true, ""high"": 100.0, ""instance_type"": ""random_symmetric"", ""low"": 1.0, ""n"": 10, ""seed"": 5, ""symmetric"": true}, ""integer_scale"": 1000000, ""start"": 9, ""time_limit_s"": 5.0, ""valid_route"": true}"
small_exact,evaluation,small_exact_random_symmetric_n10_seed5,random_symmetric,10,5,networkx_christofides,skipped_not_applicable,,,316.23856439325846,316.23856439325846,nan,nan,True,,,0.00010109999857377261,258.4375,258.4375,0.0,1.0,manual_default_tau,,,,"{""instance_metadata"": {""complete"": true, ""high"": 100.0, ""instance_type"": ""random_symmetric"", ""low"": 1.0, ""n"": 10, ""seed"": 5, ""symmetric"": true}, ""requires_metric_symmetric_complete"": true}"
small_exact,evaluation,small_exact_random_symmetric_n10_seed5,random_symmetric,10,5,networkx_greedy,ok,"[9, 1, 6, 2, 3, 8, 4, 5, 0, 7]",316.23856439325846,316.23856439325846,316.23856439325846,0.0,0.0,True,True,True,0.00014170000213198364,258.4375,258.4375,0.0,1.0,manual_default_tau,,,,"{""finite_edges"": true, ""instance_metadata"": {""complete"": true, ""high"": 100.0, ""instance_type"": ""random_symmetric"", ""low"": 1.0, ""n"": 10, ""seed"": 5, ""symmetric"": true}, ""valid_route"": true}"
small_exact,evaluation,small_exact_random_symmetric_n10_seed5,random_symmetric,10,5,python_tsp_dynamic_programming,skipped_missing_dependency,,,316.23856439325846,316.23856439325846,nan,nan,True,,,0.0006506999998237006,258.4375,258.4375,0.0,1.0,manual_default_tau,,,,"{""instance_metadata"": {""complete"": true, ""high"": 100.0, ""instance_type"": ""random_symmetric"", ""low"": 1.0, ""n"": 10, ""seed"": 5, ""symmetric"": true}}"
small_exact,evaluation,small_exact_random_asymmetric_n10_seed5,random_asymmetric,10,5,tn_exact,ok,"[9, 5, 0, 4, 8, 6, 2, 3, 1, 7]",167.65119135215798,157.46169902451936,157.46169902451936,0.06471092583633273,0.06471092583633273,True,True,True,0.13701769999897806,258.4375,258.62109375,0.18359375,1.0,manual_default_tau,,True,,"{""exact_mode"": true, ""finite_edges"": true, ""instance_metadata"": {""complete"": true, ""high"": 100.0, ""instance_type"": ""random_asymmetric"", ""low"": 1.0, ""n"": 10, ""seed"": 5, ""symmetric"": false}, ""max_layers"": 8, ""n_layers"": null, ""n_layers_effective"": 8, ""normalization_factor"": 99.91843539144207, ""normalize"": true, ""seed"": 5, ""tau"": 1.0, ""valid_route"": true}"
small_exact,evaluation,small_exact_random_asymmetric_n10_seed5,random_asymmetric,10,5,held_karp,ok,"[9, 5, 0, 8, 6, 4, 7, 2, 3, 1]",157.46169902451936,157.46169902451936,157.46169902451936,0.0,0.0,True,True,True,0.003958099998271791,258.62109375,258.74609375,0.125,1.0,manual_default_tau,,,,"{""instance_metadata"": {""complete"": true, ""high"": 100.0, ""instance_type"": ""random_asymmetric"", ""low"": 1.0, ""n"": 10, ""seed"": 5, ""symmetric"": false}, ""max_n"": 18, ""start"": 9}"
small_exact,evaluation,small_exact_random_asymmetric_n10_seed5,random_asymmetric,10,5,bruteforce,ok,"[9, 5, 0, 8, 6, 4, 7, 2, 3, 1]",157.46169902451936,157.46169902451936,157.46169902451936,0.0,0.0,True,True,True,1.4219122000031348,258.74609375,258.74609375,0.0,1.0,manual_default_tau,,,,"{""instance_metadata"": {""complete"": true, ""high"": 100.0, ""instance_type"": ""random_asymmetric"", ""low"": 1.0, ""n"": 10, ""seed"": 5, ""symmetric"": false}, ""max_n"": 10, ""permutations_checked"": 362880, ""start"": 9}"
small_exact,evaluation,small_exact_random_asymmetric_n10_seed5,random_asymmetric,10,5,ortools,ok,"[9, 5, 0, 8, 6, 4, 7, 2, 3, 1]",157.46169902451936,157.46169902451936,157.46169902451936,0.0,0.0,True,True,True,0.002141599998140009,258.74609375,258.74609375,0.0,1.0,manual_default_tau,,,5.0,"{""finite_edges"": true, ""infinity_penalty"": 999184350000, ""instance_metadata"": {""complete"": true, ""high"": 100.0, ""instance_type"": ""random_asymmetric"", ""low"": 1.0, ""n"": 10, ""seed"": 5, ""symmetric"": false}, ""integer_scale"": 1000000, ""start"": 9, ""time_limit_s"": 5.0, ""valid_route"": true}"
small_exact,evaluation,small_exact_random_asymmetric_n10_seed5,random_asymmetric,10,5,networkx_christofides,skipped_not_applicable,,,157.46169902451936,157.46169902451936,nan,nan,True,,,8.520000119460747e-05,258.74609375,258.74609375,0.0,1.0,manual_default_tau,,,,"{""instance_metadata"": {""complete"": true, ""high"": 100.0, ""instance_type"": ""random_asymmetric"", ""low"": 1.0, ""n"": 10, ""seed"": 5, ""symmetric"": false}, ""requires_metric_symmetric_complete"": true}"
small_exact,evaluation,small_exact_random_asymmetric_n10_seed5,random_asymmetric,10,5,networkx_greedy,ok,"[9, 7, 2, 3, 1, 6, 4, 8, 0, 5]",295.8949994924104,157.46169902451936,157.46169902451936,0.8791553839790255,0.8791553839790255,True,True,True,0.00015450000137207098,258.74609375,258.74609375,0.0,1.0,manual_default_tau,,,,"{""finite_edges"": true, ""instance_metadata"": {""complete"": true, ""high"": 100.0, ""instance_type"": ""random_asymmetric"", ""low"": 1.0, ""n"": 10, ""seed"": 5, ""symmetric"": false}, ""valid_route"": true}"
small_exact,evaluation,small_exact_random_asymmetric_n10_seed5,random_asymmetric,10,5,python_tsp_dynamic_programming,skipped_missing_dependency,,,157.46169902451936,157.46169902451936,nan,nan,True,,,0.0005383999996411148,258.74609375,258.74609375,0.0,1.0,manual_default_tau,,,,"{""instance_metadata"": {""complete"": true, ""high"": 100.0, ""instance_type"": ""random_asymmetric"", ""low"": 1.0, ""n"": 10, ""seed"": 5, ""symmetric"": false}}"
small_exact,evaluation,small_exact_euclidean_n10_seed6,euclidean,10,6,tn_exact,ok,"[9, 2, 7, 3, 4, 0, 1, 8, 5, 6]",3728.4034969725662,3289.401654062577,3289.401654062577,0.1334594826289455,0.1334594826289455,True,True,True,0.13863259999925504,258.74609375,258.98828125,0.2421875,1.0,manual_default_tau,,True,,"{""exact_mode"": true, ""finite_edges"": true, ""instance_metadata"": {""complete"": true, ""instance_type"": ""euclidean"", ""n"": 10, ""points"": [[538.1643514719432, 343.27086981333844], [369.06723979537827, 374.49676558788235], [987.4449901864666, 632.7562726071461], [674.3239305044935, 329.96345538545836], [679.9176611640223, 122.97237488719004], [51.729231983775215, 850.1913468087871], [8.895805535434675, 978.7675621852967], [827.0030258190536, 785.2109593263714], [48.0834870025465, 207.43926620697474], [849.8656310952118, 432.4948116550308]], ""scale"": 1000.0, ""seed"": 6, ""symmetric"": true}, ""max_layers"": 8, ""n_layers"": null, ""n_layers_effective"": 8, ""normalization_factor"": 1087.4997624523116, ""normalize"": true, ""seed"": 6, ""tau"": 1.0, ""valid_route"": true}"
small_exact,evaluation,small_exact_euclidean_n10_seed6,euclidean,10,6,held_karp,ok,"[9, 3, 4, 0, 1, 8, 5, 6, 7, 2]",3289.401654062577,3289.401654062577,3289.401654062577,0.0,0.0,True,True,True,0.006023599999025464,258.98828125,259.12109375,0.1328125,1.0,manual_default_tau,,,,"{""instance_metadata"": {""complete"": true, ""instance_type"": ""euclidean"", ""n"": 10, ""points"": [[538.1643514719432, 343.27086981333844], [369.06723979537827, 374.49676558788235], [987.4449901864666, 632.7562726071461], [674.3239305044935, 329.96345538545836], [679.9176611640223, 122.97237488719004], [51.729231983775215, 850.1913468087871], [8.895805535434675, 978.7675621852967], [827.0030258190536, 785.2109593263714], [48.0834870025465, 207.43926620697474], [849.8656310952118, 432.4948116550308]], ""scale"": 1000.0, ""seed"": 6, ""symmetric"": true}, ""max_n"": 18, ""start"": 9}"
small_exact,evaluation,small_exact_euclidean_n10_seed6,euclidean,10,6,bruteforce,ok,"[9, 2, 7, 6, 5, 8, 1, 0, 4, 3]",3289.401654062577,3289.401654062577,3289.401654062577,0.0,0.0,True,True,True,1.367450399997324,259.12109375,259.12109375,0.0,1.0,manual_default_tau,,,,"{""instance_metadata"": {""complete"": true, ""instance_type"": ""euclidean"", ""n"": 10, ""points"": [[538.1643514719432, 343.27086981333844], [369.06723979537827, 374.49676558788235], [987.4449901864666, 632.7562726071461], [674.3239305044935, 329.96345538545836], [679.9176611640223, 122.97237488719004], [51.729231983775215, 850.1913468087871], [8.895805535434675, 978.7675621852967], [827.0030258190536, 785.2109593263714], [48.0834870025465, 207.43926620697474], [849.8656310952118, 432.4948116550308]], ""scale"": 1000.0, ""seed"": 6, ""symmetric"": true}, ""max_n"": 10, ""permutations_checked"": 362880, ""start"": 9}"
small_exact,evaluation,small_exact_euclidean_n10_seed6,euclidean,10,6,ortools,ok,"[9, 3, 4, 0, 1, 8, 5, 6, 7, 2]",3289.401654062577,3289.401654062577,3289.401654062577,0.0,0.0,True,True,True,0.001810599998862017,259.12109375,259.140625,0.01953125,1.0,manual_default_tau,,,5.0,"{""finite_edges"": true, ""infinity_penalty"": 10874997620000, ""instance_metadata"": {""complete"": true, ""instance_type"": ""euclidean"", ""n"": 10, ""points"": [[538.1643514719432, 343.27086981333844], [369.06723979537827, 374.49676558788235], [987.4449901864666, 632.7562726071461], [674.3239305044935, 329.96345538545836], [679.9176611640223, 122.97237488719004], [51.729231983775215, 850.1913468087871], [8.895805535434675, 978.7675621852967], [827.0030258190536, 785.2109593263714], [48.0834870025465, 207.43926620697474], [849.8656310952118, 432.4948116550308]], ""scale"": 1000.0, ""seed"": 6, ""symmetric"": true}, ""integer_scale"": 1000000, ""start"": 9, ""time_limit_s"": 5.0, ""valid_route"": true}"
small_exact,evaluation,small_exact_euclidean_n10_seed6,euclidean,10,6,networkx_christofides,ok,"[9, 2, 7, 6, 5, 8, 1, 0, 4, 3]",3289.401654062577,3289.401654062577,3289.401654062577,0.0,0.0,True,True,True,0.0008463999984087422,259.140625,259.140625,0.0,1.0,manual_default_tau,,,,"{""finite_edges"": true, ""instance_metadata"": {""complete"": true, ""instance_type"": ""euclidean"", ""n"": 10, ""points"": [[538.1643514719432, 343.27086981333844], [369.06723979537827, 374.49676558788235], [987.4449901864666, 632.7562726071461], [674.3239305044935, 329.96345538545836], [679.9176611640223, 122.97237488719004], [51.729231983775215, 850.1913468087871], [8.895805535434675, 978.7675621852967], [827.0030258190536, 785.2109593263714], [48.0834870025465, 207.43926620697474], [849.8656310952118, 432.4948116550308]], ""scale"": 1000.0, ""seed"": 6, ""symmetric"": true}, ""requires_metric_symmetric_complete"": true, ""valid_route"": true}"
small_exact,evaluation,small_exact_euclidean_n10_seed6,euclidean,10,6,networkx_greedy,ok,"[9, 3, 0, 1, 8, 4, 2, 7, 5, 6]",4244.382292918301,3289.401654062577,3289.401654062577,0.2903204714073984,0.2903204714073984,True,True,True,0.00012040000001434237,259.140625,259.140625,0.0,1.0,manual_default_tau,,,,"{""finite_edges"": true, ""instance_metadata"": {""complete"": true, ""instance_type"": ""euclidean"", ""n"": 10, ""points"": [[538.1643514719432, 343.27086981333844], [369.06723979537827, 374.49676558788235], [987.4449901864666, 632.7562726071461], [674.3239305044935, 329.96345538545836], [679.9176611640223, 122.97237488719004], [51.729231983775215, 850.1913468087871], [8.895805535434675, 978.7675621852967], [827.0030258190536, 785.2109593263714], [48.0834870025465, 207.43926620697474], [849.8656310952118, 432.4948116550308]], ""scale"": 1000.0, ""seed"": 6, ""symmetric"": true}, ""valid_route"": true}"
small_exact,evaluation,small_exact_euclidean_n10_seed6,euclidean,10,6,python_tsp_dynamic_programming,skipped_missing_dependency,,,3289.401654062577,3289.401654062577,nan,nan,True,,,0.0006313000012596603,259.140625,259.140625,0.0,1.0,manual_default_tau,,,,"{""instance_metadata"": {""complete"": true, ""instance_type"": ""euclidean"", ""n"": 10, ""points"": [[538.1643514719432, 343.27086981333844], [369.06723979537827, 374.49676558788235], [987.4449901864666, 632.7562726071461], [674.3239305044935, 329.96345538545836], [679.9176611640223, 122.97237488719004], [51.729231983775215, 850.1913468087871], [8.895805535434675, 978.7675621852967], [827.0030258190536, 785.2109593263714], [48.0834870025465, 207.43926620697474], [849.8656310952118, 432.4948116550308]], ""scale"": 1000.0, ""seed"": 6, ""symmetric"": true}}"
small_exact,evaluation,small_exact_random_symmetric_n10_seed6,random_symmetric,10,6,tn_exact,ok,"[9, 0, 1, 2, 8, 3, 7, 6, 4, 5]",341.9962472474737,314.9079171573394,314.9079171573394,0.0860198445776135,0.0860198445776135,True,True,True,0.13427199999932782,259.140625,259.23046875,0.08984375,1.0,manual_default_tau,,True,,"{""exact_mode"": true, ""finite_edges"": true, ""instance_metadata"": {""complete"": true, ""high"": 100.0, ""instance_type"": ""random_symmetric"", ""low"": 1.0, ""n"": 10, ""seed"": 6, ""symmetric"": true}, ""max_layers"": 8, ""n_layers"": null, ""n_layers_effective"": 8, ""normalization_factor"": 93.05914028997567, ""normalize"": true, ""seed"": 6, ""tau"": 1.0, ""valid_route"": true}"
small_exact,evaluation,small_exact_random_symmetric_n10_seed6,random_symmetric,10,6,held_karp,ok,"[9, 0, 5, 7, 4, 6, 1, 2, 8, 3]",314.9079171573394,314.9079171573394,314.9079171573394,0.0,0.0,True,True,True,0.004446200000529643,259.23046875,259.3125,0.08203125,1.0,manual_default_tau,,,,"{""instance_metadata"": {""complete"": true, ""high"": 100.0, ""instance_type"": ""random_symmetric"", ""low"": 1.0, ""n"": 10, ""seed"": 6, ""symmetric"": true}, ""max_n"": 18, ""start"": 9}"
small_exact,evaluation,small_exact_random_symmetric_n10_seed6,random_symmetric,10,6,bruteforce,ok,"[9, 0, 5, 7, 4, 6, 1, 2, 8, 3]",314.9079171573394,314.9079171573394,314.9079171573394,0.0,0.0,True,True,True,1.4341319000013755,259.3125,259.3125,0.0,1.0,manual_default_tau,,,,"{""instance_metadata"": {""complete"": true, ""high"": 100.0, ""instance_type"": ""random_symmetric"", ""low"": 1.0, ""n"": 10, ""seed"": 6, ""symmetric"": true}, ""max_n"": 10, ""permutations_checked"": 362880, ""start"": 9}"
small_exact,evaluation,small_exact_random_symmetric_n10_seed6,random_symmetric,10,6,ortools,ok,"[9, 0, 1, 2, 4, 6, 7, 5, 8, 3]",320.39065548960434,314.9079171573394,314.9079171573394,0.017410608096987187,0.017410608096987187,True,True,True,0.0018046999975922517,259.3125,259.33203125,0.01953125,1.0,manual_default_tau,,,5.0,"{""finite_edges"": true, ""infinity_penalty"": 930591400000, ""instance_metadata"": {""complete"": true, ""high"": 100.0, ""instance_type"": ""random_symmetric"", ""low"": 1.0, ""n"": 10, ""seed"": 6, ""symmetric"": true}, ""integer_scale"": 1000000, ""start"": 9, ""time_limit_s"": 5.0, ""valid_route"": true}"
small_exact,evaluation,small_exact_random_symmetric_n10_seed6,random_symmetric,10,6,networkx_christofides,skipped_not_applicable,,,314.9079171573394,314.9079171573394,nan,nan,True,,,9.209999916492961e-05,259.33203125,259.33203125,0.0,1.0,manual_default_tau,,,,"{""instance_metadata"": {""complete"": true, ""high"": 100.0, ""instance_type"": ""random_symmetric"", ""low"": 1.0, ""n"": 10, ""seed"": 6, ""symmetric"": true}, ""requires_metric_symmetric_complete"": true}"
small_exact,evaluation,small_exact_random_symmetric_n10_seed6,random_symmetric,10,6,networkx_greedy,ok,"[9, 0, 1, 2, 4, 7, 5, 8, 3, 6]",382.0311698192306,314.9079171573394,314.9079171573394,0.21315200096526637,0.21315200096526637,True,True,True,0.00013979999857838266,259.33203125,259.33203125,0.0,1.0,manual_default_tau,,,,"{""finite_edges"": true, ""instance_metadata"": {""complete"": true, ""high"": 100.0, ""instance_type"": ""random_symmetric"", ""low"": 1.0, ""n"": 10, ""seed"": 6, ""symmetric"": true}, ""valid_route"": true}"
small_exact,evaluation,small_exact_random_symmetric_n10_seed6,random_symmetric,10,6,python_tsp_dynamic_programming,skipped_missing_dependency,,,314.9079171573394,314.9079171573394,nan,nan,True,,,0.000559599997359328,259.33203125,259.33203125,0.0,1.0,manual_default_tau,,,,"{""instance_metadata"": {""complete"": true, ""high"": 100.0, ""instance_type"": ""random_symmetric"", ""low"": 1.0, ""n"": 10, ""seed"": 6, ""symmetric"": true}}"
small_exact,evaluation,small_exact_random_asymmetric_n10_seed6,random_asymmetric,10,6,tn_exact,ok,"[9, 5, 4, 2, 8, 3, 7, 6, 1, 0]",189.7150408879565,189.7150408879565,189.7150408879565,0.0,0.0,True,True,True,0.14969399999972666,259.33203125,259.58203125,0.25,1.0,manual_default_tau,,True,,"{""exact_mode"": true, ""finite_edges"": true, ""instance_metadata"": {""complete"": true, ""high"": 100.0, ""instance_type"": ""random_asymmetric"", ""low"": 1.0, ""n"": 10, ""seed"": 6, ""symmetric"": false}, ""max_layers"": 8, ""n_layers"": null, ""n_layers_effective"": 8, ""normalization_factor"": 99.38583459304218, ""normalize"": true, ""seed"": 6, ""tau"": 1.0, ""valid_route"": true}"
small_exact,evaluation,small_exact_random_asymmetric_n10_seed6,random_asymmetric,10,6,held_karp,ok,"[9, 5, 4, 2, 8, 3, 7, 6, 1, 0]",189.7150408879565,189.7150408879565,189.7150408879565,0.0,0.0,True,True,True,0.0056524999999965075,259.58203125,259.83203125,0.25,1.0,manual_default_tau,,,,"{""instance_metadata"": {""complete"": true, ""high"": 100.0, ""instance_type"": ""random_asymmetric"", ""low"": 1.0, ""n"": 10, ""seed"": 6, ""symmetric"": false}, ""max_n"": 18, ""start"": 9}"
small_exact,evaluation,small_exact_random_asymmetric_n10_seed6,random_asymmetric,10,6,bruteforce,ok,"[9, 5, 4, 2, 8, 3, 7, 6, 1, 0]",189.7150408879565,189.7150408879565,189.7150408879565,0.0,0.0,True,True,True,1.4829207000002498,259.83203125,259.83203125,0.0,1.0,manual_default_tau,,,,"{""instance_metadata"": {""complete"": true, ""high"": 100.0, ""instance_type"": ""random_asymmetric"", ""low"": 1.0, ""n"": 10, ""seed"": 6, ""symmetric"": false}, ""max_n"": 10, ""permutations_checked"": 362880, ""start"": 9}"
small_exact,evaluation,small_exact_random_asymmetric_n10_seed6,random_asymmetric,10,6,ortools,ok,"[9, 5, 4, 2, 6, 7, 8, 3, 1, 0]",192.91805938368753,189.7150408879565,189.7150408879565,0.016883313419639244,0.016883313419639244,True,True,True,0.0020512999981292523,259.83203125,259.83203125,0.0,1.0,manual_default_tau,,,5.0,"{""finite_edges"": true, ""infinity_penalty"": 993858350000, ""instance_metadata"": {""complete"": true, ""high"": 100.0, ""instance_type"": ""random_asymmetric"", ""low"": 1.0, ""n"": 10, ""seed"": 6, ""symmetric"": false}, ""integer_scale"": 1000000, ""start"": 9, ""time_limit_s"": 5.0, ""valid_route"": true}"
small_exact,evaluation,small_exact_random_asymmetric_n10_seed6,random_asymmetric,10,6,networkx_christofides,skipped_not_applicable,,,189.7150408879565,189.7150408879565,nan,nan,True,,,8.880000314093195e-05,259.83203125,259.83203125,0.0,1.0,manual_default_tau,,,,"{""instance_metadata"": {""complete"": true, ""high"": 100.0, ""instance_type"": ""random_asymmetric"", ""low"": 1.0, ""n"": 10, ""seed"": 6, ""symmetric"": false}, ""requires_metric_symmetric_complete"": true}"
small_exact,evaluation,small_exact_random_asymmetric_n10_seed6,random_asymmetric,10,6,networkx_greedy,ok,"[9, 6, 0, 7, 8, 3, 1, 2, 5, 4]",273.47410833542443,189.7150408879565,189.7150408879565,0.44149935110803934,0.44149935110803934,True,True,True,0.00017210000078193843,259.83203125,259.83203125,0.0,1.0,manual_default_tau,,,,"{""finite_edges"": true, ""instance_metadata"": {""complete"": true, ""high"": 100.0, ""instance_type"": ""random_asymmetric"", ""low"": 1.0, ""n"": 10, ""seed"": 6, ""symmetric"": false}, ""valid_route"": true}"
small_exact,evaluation,small_exact_random_asymmetric_n10_seed6,random_asymmetric,10,6,python_tsp_dynamic_programming,skipped_missing_dependency,,,189.7150408879565,189.7150408879565,nan,nan,True,,,0.0005521000020962674,259.83203125,259.83203125,0.0,1.0,manual_default_tau,,,,"{""instance_metadata"": {""complete"": true, ""high"": 100.0, ""instance_type"": ""random_asymmetric"", ""low"": 1.0, ""n"": 10, ""seed"": 6, ""symmetric"": false}}"
small_exact,evaluation,small_exact_euclidean_n10_seed7,euclidean,10,7,tn_exact,ok,"[9, 0, 8, 4, 1, 5, 6, 7, 3, 2]",3230.319631420182,3134.1442885474144,3134.1442885474144,0.030686316269549284,0.030686316269549284,True,True,True,0.14832399999795598,259.83203125,259.6015625,-0.23046875,1.0,manual_default_tau,,True,,"{""exact_mode"": true, ""finite_edges"": true, ""instance_metadata"": {""complete"": true, ""instance_type"": ""euclidean"", ""n"": 10, ""points"": [[625.095466604667, 897.2138009695755], [775.6856902451935, 225.20718999059187], [300.16628491122543, 873.5534453962618], [5.265304565574724, 821.2284183827662], [797.0694287520462, 467.9349528437208], [303.0324268193135, 278.4256121007733], [254.8695876541246, 445.0763058826466], [504.5482589579533, 553.4973520744925], [995.5002834343927, 792.6619192137531], [622.1792294411626, 988.9601476818849]], ""scale"": 1000.0, ""seed"": 7, ""symmetric"": true}, ""max_layers"": 8, ""n_layers"": null, ""n_layers_effective"": 8, ""normalization_factor"": 990.6469392523765, ""normalize"": true, ""seed"": 7, ""tau"": 1.0, ""valid_route"": true}"
small_exact,evaluation,small_exact_euclidean_n10_seed7,euclidean,10,7,held_karp,ok,"[9, 2, 3, 6, 5, 7, 1, 4, 8, 0]",3134.1442885474144,3134.1442885474144,3134.1442885474144,0.0,0.0,True,True,True,0.004184299999906216,259.6015625,259.640625,0.0390625,1.0,manual_default_tau,,,,"{""instance_metadata"": {""complete"": true, ""instance_type"": ""euclidean"", ""n"": 10, ""points"": [[625.095466604667, 897.2138009695755], [775.6856902451935, 225.20718999059187], [300.16628491122543, 873.5534453962618], [5.265304565574724, 821.2284183827662], [797.0694287520462, 467.9349528437208], [303.0324268193135, 278.4256121007733], [254.8695876541246, 445.0763058826466], [504.5482589579533, 553.4973520744925], [995.5002834343927, 792.6619192137531], [622.1792294411626, 988.9601476818849]], ""scale"": 1000.0, ""seed"": 7, ""symmetric"": true}, ""max_n"": 18, ""start"": 9}"
small_exact,evaluation,small_exact_euclidean_n10_seed7,euclidean,10,7,bruteforce,ok,"[9, 2, 3, 6, 5, 7, 1, 4, 8, 0]",3134.1442885474144,3134.1442885474144,3134.1442885474144,0.0,0.0,True,True,True,1.4636930000015127,259.640625,259.640625,0.0,1.0,manual_default_tau,,,,"{""instance_metadata"": {""complete"": true, ""instance_type"": ""euclidean"", ""n"": 10, ""points"": [[625.095466604667, 897.2138009695755], [775.6856902451935, 225.20718999059187], [300.16628491122543, 873.5534453962618], [5.265304565574724, 821.2284183827662], [797.0694287520462, 467.9349528437208], [303.0324268193135, 278.4256121007733], [254.8695876541246, 445.0763058826466], [504.5482589579533, 553.4973520744925], [995.5002834343927, 792.6619192137531], [622.1792294411626, 988.9601476818849]], ""scale"": 1000.0, ""seed"": 7, ""symmetric"": true}, ""max_n"": 10, ""permutations_checked"": 362880, ""start"": 9}"
small_exact,evaluation,small_exact_euclidean_n10_seed7,euclidean,10,7,ortools,ok,"[9, 0, 8, 4, 1, 7, 5, 6, 3, 2]",3134.144288547415,3134.1442885474144,3134.1442885474144,1.4509458053612025e-16,1.4509458053612025e-16,True,True,True,0.0018115999992005527,259.640625,259.640625,0.0,1.0,manual_default_tau,,,5.0,"{""finite_edges"": true, ""infinity_penalty"": 9906469390000, ""instance_metadata"": {""complete"": true, ""instance_type"": ""euclidean"", ""n"": 10, ""points"": [[625.095466604667, 897.2138009695755], [775.6856902451935, 225.20718999059187], [300.16628491122543, 873.5534453962618], [5.265304565574724, 821.2284183827662], [797.0694287520462, 467.9349528437208], [303.0324268193135, 278.4256121007733], [254.8695876541246, 445.0763058826466], [504.5482589579533, 553.4973520744925], [995.5002834343927, 792.6619192137531], [622.1792294411626, 988.9601476818849]], ""scale"": 1000.0, ""seed"": 7, ""symmetric"": true}, ""integer_scale"": 1000000, ""start"": 9, ""time_limit_s"": 5.0, ""valid_route"": true}"
small_exact,evaluation,small_exact_euclidean_n10_seed7,euclidean,10,7,networkx_christofides,ok,"[9, 0, 7, 8, 4, 1, 6, 5, 3, 2]",3625.849720693592,3134.1442885474144,3134.1442885474144,0.15688666087995237,0.15688666087995237,True,True,True,0.0011312999995425344,259.640625,259.640625,0.0,1.0,manual_default_tau,,,,"{""finite_edges"": true, ""instance_metadata"": {""complete"": true, ""instance_type"": ""euclidean"", ""n"": 10, ""points"": [[625.095466604667, 897.2138009695755], [775.6856902451935, 225.20718999059187], [300.16628491122543, 873.5534453962618], [5.265304565574724, 821.2284183827662], [797.0694287520462, 467.9349528437208], [303.0324268193135, 278.4256121007733], [254.8695876541246, 445.0763058826466], [504.5482589579533, 553.4973520744925], [995.5002834343927, 792.6619192137531], [622.1792294411626, 988.9601476818849]], ""scale"": 1000.0, ""seed"": 7, ""symmetric"": true}, ""requires_metric_symmetric_complete"": true, ""valid_route"": true}"
small_exact,evaluation,small_exact_euclidean_n10_seed7,euclidean,10,7,networkx_greedy,ok,"[9, 0, 2, 3, 6, 5, 7, 4, 1, 8]",3261.7540582557713,3134.1442885474144,3134.1442885474144,0.04071598431975841,0.04071598431975841,True,True,True,0.00013939999917056412,259.640625,259.640625,0.0,1.0,manual_default_tau,,,,"{""finite_edges"": true, ""instance_metadata"": {""complete"": true, ""instance_type"": ""euclidean"", ""n"": 10, ""points"": [[625.095466604667, 897.2138009695755], [775.6856902451935, 225.20718999059187], [300.16628491122543, 873.5534453962618], [5.265304565574724, 821.2284183827662], [797.0694287520462, 467.9349528437208], [303.0324268193135, 278.4256121007733], [254.8695876541246, 445.0763058826466], [504.5482589579533, 553.4973520744925], [995.5002834343927, 792.6619192137531], [622.1792294411626, 988.9601476818849]], ""scale"": 1000.0, ""seed"": 7, ""symmetric"": true}, ""valid_route"": true}"
small_exact,evaluation,small_exact_euclidean_n10_seed7,euclidean,10,7,python_tsp_dynamic_programming,skipped_missing_dependency,,,3134.1442885474144,3134.1442885474144,nan,nan,True,,,0.0006345000001601875,259.640625,259.640625,0.0,1.0,manual_default_tau,,,,"{""instance_metadata"": {""complete"": true, ""instance_type"": ""euclidean"", ""n"": 10, ""points"": [[625.095466604667, 897.2138009695755], [775.6856902451935, 225.20718999059187], [300.16628491122543, 873.5534453962618], [5.265304565574724, 821.2284183827662], [797.0694287520462, 467.9349528437208], [303.0324268193135, 278.4256121007733], [254.8695876541246, 445.0763058826466], [504.5482589579533, 553.4973520744925], [995.5002834343927, 792.6619192137531], [622.1792294411626, 988.9601476818849]], ""scale"": 1000.0, ""seed"": 7, ""symmetric"": true}}"
small_exact,evaluation,small_exact_random_symmetric_n10_seed7,random_symmetric,10,7,tn_exact,ok,"[9, 8, 7, 4, 0, 6, 5, 1, 2, 3]",329.1359394684203,299.6284610647302,299.6284610647302,0.09848022547269128,0.09848022547269128,True,True,True,0.15924750000340282,259.640625,260.14453125,0.50390625,1.0,manual_default_tau,,True,,"{""exact_mode"": true, ""finite_edges"": true, ""instance_metadata"": {""complete"": true, ""high"": 100.0, ""instance_type"": ""random_symmetric"", ""low"": 1.0, ""n"": 10, ""seed"": 7, ""symmetric"": true}, ""max_layers"": 8, ""n_layers"": null, ""n_layers_effective"": 8, ""normalization_factor"": 93.3263583116622, ""normalize"": true, ""seed"": 7, ""tau"": 1.0, ""valid_route"": true}"
small_exact,evaluation,small_exact_random_symmetric_n10_seed7,random_symmetric,10,7,held_karp,ok,"[9, 8, 7, 1, 2, 3, 5, 4, 0, 6]",299.6284610647302,299.6284610647302,299.6284610647302,0.0,0.0,True,True,True,0.006254600000829669,260.14453125,260.265625,0.12109375,1.0,manual_default_tau,,,,"{""instance_metadata"": {""complete"": true, ""high"": 100.0, ""instance_type"": ""random_symmetric"", ""low"": 1.0, ""n"": 10, ""seed"": 7, ""symmetric"": true}, ""max_n"": 18, ""start"": 9}"
small_exact,evaluation,small_exact_random_symmetric_n10_seed7,random_symmetric,10,7,bruteforce,ok,"[9, 6, 0, 4, 5, 3, 2, 1, 7, 8]",299.6284610647302,299.6284610647302,299.6284610647302,0.0,0.0,True,True,True,1.4654386000001978,260.265625,260.265625,0.0,1.0,manual_default_tau,,,,"{""instance_metadata"": {""complete"": true, ""high"": 100.0, ""instance_type"": ""random_symmetric"", ""low"": 1.0, ""n"": 10, ""seed"": 7, ""symmetric"": true}, ""max_n"": 10, ""permutations_checked"": 362880, ""start"": 9}"
small_exact,evaluation,small_exact_random_symmetric_n10_seed7,random_symmetric,10,7,ortools,ok,"[9, 6, 0, 4, 5, 3, 2, 1, 7, 8]",299.6284610647302,299.6284610647302,299.6284610647302,0.0,0.0,True,True,True,0.001820399997086497,260.265625,260.27734375,0.01171875,1.0,manual_default_tau,,,5.0,"{""finite_edges"": true, ""infinity_penalty"": 933263580000, ""instance_metadata"": {""complete"": true, ""high"": 100.0, ""instance_type"": ""random_symmetric"", ""low"": 1.0, ""n"": 10, ""seed"": 7, ""symmetric"": true}, ""integer_scale"": 1000000, ""start"": 9, ""time_limit_s"": 5.0, ""valid_route"": true}"
small_exact,evaluation,small_exact_random_symmetric_n10_seed7,random_symmetric,10,7,networkx_christofides,skipped_not_applicable,,,299.6284610647302,299.6284610647302,nan,nan,True,,,0.00010150000161956996,260.27734375,260.27734375,0.0,1.0,manual_default_tau,,,,"{""instance_metadata"": {""complete"": true, ""high"": 100.0, ""instance_type"": ""random_symmetric"", ""low"": 1.0, ""n"": 10, ""seed"": 7, ""symmetric"": true}, ""requires_metric_symmetric_complete"": true}"
small_exact,evaluation,small_exact_random_symmetric_n10_seed7,random_symmetric,10,7,networkx_greedy,ok,"[9, 5, 8, 0, 4, 7, 1, 2, 3, 6]",382.0479027025579,299.6284610647302,299.6284610647302,0.27507213882469683,0.27507213882469683,True,True,True,0.00014110000120126642,260.27734375,260.27734375,0.0,1.0,manual_default_tau,,,,"{""finite_edges"": true, ""instance_metadata"": {""complete"": true, ""high"": 100.0, ""instance_type"": ""random_symmetric"", ""low"": 1.0, ""n"": 10, ""seed"": 7, ""symmetric"": true}, ""valid_route"": true}"
small_exact,evaluation,small_exact_random_symmetric_n10_seed7,random_symmetric,10,7,python_tsp_dynamic_programming,skipped_missing_dependency,,,299.6284610647302,299.6284610647302,nan,nan,True,,,0.0005286999985401053,260.27734375,260.27734375,0.0,1.0,manual_default_tau,,,,"{""instance_metadata"": {""complete"": true, ""high"": 100.0, ""instance_type"": ""random_symmetric"", ""low"": 1.0, ""n"": 10, ""seed"": 7, ""symmetric"": true}}"
small_exact,evaluation,small_exact_random_asymmetric_n10_seed7,random_asymmetric,10,7,tn_exact,ok,"[9, 8, 0, 6, 5, 2, 4, 7, 1, 3]",208.36395039996242,165.21532419345274,165.21532419345274,0.26116600513392085,0.26116600513392085,True,True,True,0.19608060000246041,260.27734375,260.203125,-0.07421875,1.0,manual_default_tau,,True,,"{""exact_mode"": true, ""finite_edges"": true, ""instance_metadata"": {""complete"": true, ""high"": 100.0, ""instance_type"": ""random_asymmetric"", ""low"": 1.0, ""n"": 10, ""seed"": 7, ""symmetric"": false}, ""max_layers"": 8, ""n_layers"": null, ""n_layers_effective"": 8, ""normalization_factor"": 99.55452806000487, ""normalize"": true, ""seed"": 7, ""tau"": 1.0, ""valid_route"": true}"
small_exact,evaluation,small_exact_random_asymmetric_n10_seed7,random_asymmetric,10,7,held_karp,ok,"[9, 8, 3, 5, 2, 1, 0, 4, 6, 7]",165.21532419345274,165.21532419345274,165.21532419345274,0.0,0.0,True,True,True,0.00612869999895338,260.203125,260.203125,0.0,1.0,manual_default_tau,,,,"{""instance_metadata"": {""complete"": true, ""high"": 100.0, ""instance_type"": ""random_asymmetric"", ""low"": 1.0, ""n"": 10, ""seed"": 7, ""symmetric"": false}, ""max_n"": 18, ""start"": 9}"
small_exact,evaluation,small_exact_random_asymmetric_n10_seed7,random_asymmetric,10,7,bruteforce,ok,"[9, 8, 3, 5, 2, 1, 0, 4, 6, 7]",165.21532419345274,165.21532419345274,165.21532419345274,0.0,0.0,True,True,True,1.4134072999986529,260.203125,260.203125,0.0,1.0,manual_default_tau,,,,"{""instance_metadata"": {""complete"": true, ""high"": 100.0, ""instance_type"": ""random_asymmetric"", ""low"": 1.0, ""n"": 10, ""seed"": 7, ""symmetric"": false}, ""max_n"": 10, ""permutations_checked"": 362880, ""start"": 9}"
small_exact,evaluation,small_exact_random_asymmetric_n10_seed7,random_asymmetric,10,7,ortools,ok,"[9, 6, 7, 4, 0, 3, 5, 2, 1, 8]",210.77814962354446,165.21532419345274,165.21532419345274,0.2757784464154283,0.2757784464154283,True,True,True,0.0017779000008886214,260.203125,260.203125,0.0,1.0,manual_default_tau,,,5.0,"{""finite_edges"": true, ""infinity_penalty"": 995545280000, ""instance_metadata"": {""complete"": true, ""high"": 100.0, ""instance_type"": ""random_asymmetric"", ""low"": 1.0, ""n"": 10, ""seed"": 7, ""symmetric"": false}, ""integer_scale"": 1000000, ""start"": 9, ""time_limit_s"": 5.0, ""valid_route"": true}"
small_exact,evaluation,small_exact_random_asymmetric_n10_seed7,random_asymmetric,10,7,networkx_christofides,skipped_not_applicable,,,165.21532419345274,165.21532419345274,nan,nan,True,,,9.140000111074187e-05,260.203125,260.203125,0.0,1.0,manual_default_tau,,,,"{""instance_metadata"": {""complete"": true, ""high"": 100.0, ""instance_type"": ""random_asymmetric"", ""low"": 1.0, ""n"": 10, ""seed"": 7, ""symmetric"": false}, ""requires_metric_symmetric_complete"": true}"
small_exact,evaluation,small_exact_random_asymmetric_n10_seed7,random_asymmetric,10,7,networkx_greedy,ok,"[9, 6, 7, 4, 0, 3, 2, 1, 5, 8]",276.31631458274575,165.21532419345274,165.21532419345274,0.6724617763616372,0.6724617763616372,True,True,True,0.00017889999799081124,260.203125,260.203125,0.0,1.0,manual_default_tau,,,,"{""finite_edges"": true, ""instance_metadata"": {""complete"": true, ""high"": 100.0, ""instance_type"": ""random_asymmetric"", ""low"": 1.0, ""n"": 10, ""seed"": 7, ""symmetric"": false}, ""valid_route"": true}"
small_exact,evaluation,small_exact_random_asymmetric_n10_seed7,random_asymmetric,10,7,python_tsp_dynamic_programming,skipped_missing_dependency,,,165.21532419345274,165.21532419345274,nan,nan,True,,,0.0005525999986275565,260.203125,260.203125,0.0,1.0,manual_default_tau,,,,"{""instance_metadata"": {""complete"": true, ""high"": 100.0, ""instance_type"": ""random_asymmetric"", ""low"": 1.0, ""n"": 10, ""seed"": 7, ""symmetric"": false}}"
small_exact,evaluation,small_exact_euclidean_n10_seed8,euclidean,10,8,tn_exact,ok,"[9, 7, 2, 3, 5, 6, 4, 8, 1, 0]",2443.6855170009803,2443.68551700098,2443.68551700098,1.8609078284531231e-16,1.8609078284531231e-16,True,True,True,0.14751740000065183,260.203125,260.2265625,0.0234375,1.0,manual_default_tau,,True,,"{""exact_mode"": true, ""finite_edges"": true, ""instance_metadata"": {""complete"": true, ""instance_type"": ""euclidean"", ""n"": 10, ""points"": [[326.9722766055607, 987.2768433379256], [318.7108384855167, 788.548935820029], [869.8965116962161, 391.08480653919395], [437.8818731227988, 372.74890308935306], [106.95359647277436, 478.965454162717], [241.3521450846823, 257.1452485511297], [184.7315568344149, 193.8645489043107], [813.827670155021, 422.9841881442263], [255.92050515822606, 590.9028517654116], [604.2722960584558, 646.858027060188]], ""scale"": 1000.0, ""seed"": 8, ""symmetric"": true}, ""max_layers"": 8, ""n_layers"": null, ""n_layers_effective"": 8, ""normalization_factor"": 806.3570361762793, ""normalize"": true, ""seed"": 8, ""tau"": 1.0, ""valid_route"": true}"
small_exact,evaluation,small_exact_euclidean_n10_seed8,euclidean,10,8,held_karp,ok,"[9, 0, 1, 8, 4, 6, 5, 3, 2, 7]",2443.68551700098,2443.68551700098,2443.68551700098,0.0,0.0,True,True,True,0.005686999997124076,260.2265625,260.2265625,0.0,1.0,manual_default_tau,,,,"{""instance_metadata"": {""complete"": true, ""instance_type"": ""euclidean"", ""n"": 10, ""points"": [[326.9722766055607, 987.2768433379256], [318.7108384855167, 788.548935820029], [869.8965116962161, 391.08480653919395], [437.8818731227988, 372.74890308935306], [106.95359647277436, 478.965454162717], [241.3521450846823, 257.1452485511297], [184.7315568344149, 193.8645489043107], [813.827670155021, 422.9841881442263], [255.92050515822606, 590.9028517654116], [604.2722960584558, 646.858027060188]], ""scale"": 1000.0, ""seed"": 8, ""symmetric"": true}, ""max_n"": 18, ""start"": 9}"
small_exact,evaluation,small_exact_euclidean_n10_seed8,euclidean,10,8,bruteforce,ok,"[9, 0, 1, 8, 4, 6, 5, 3, 2, 7]",2443.68551700098,2443.68551700098,2443.68551700098,0.0,0.0,True,True,True,1.391558300001634,260.2265625,260.2265625,0.0,1.0,manual_default_tau,,,,"{""instance_metadata"": {""complete"": true, ""instance_type"": ""euclidean"", ""n"": 10, ""points"": [[326.9722766055607, 987.2768433379256], [318.7108384855167, 788.548935820029], [869.8965116962161, 391.08480653919395], [437.8818731227988, 372.74890308935306], [106.95359647277436, 478.965454162717], [241.3521450846823, 257.1452485511297], [184.7315568344149, 193.8645489043107], [813.827670155021, 422.9841881442263], [255.92050515822606, 590.9028517654116], [604.2722960584558, 646.858027060188]], ""scale"": 1000.0, ""seed"": 8, ""symmetric"": true}, ""max_n"": 10, ""permutations_checked"": 362880, ""start"": 9}"
small_exact,evaluation,small_exact_euclidean_n10_seed8,euclidean,10,8,ortools,ok,"[9, 7, 2, 3, 5, 6, 4, 8, 1, 0]",2443.6855170009803,2443.68551700098,2443.68551700098,1.8609078284531231e-16,1.8609078284531231e-16,True,True,True,0.0017867000024125446,260.2265625,260.2265625,0.0,1.0,manual_default_tau,,,5.0,"{""finite_edges"": true, ""infinity_penalty"": 8063570360000, ""instance_metadata"": {""complete"": true, ""instance_type"": ""euclidean"", ""n"": 10, ""points"": [[326.9722766055607, 987.2768433379256], [318.7108384855167, 788.548935820029], [869.8965116962161, 391.08480653919395], [437.8818731227988, 372.74890308935306], [106.95359647277436, 478.965454162717], [241.3521450846823, 257.1452485511297], [184.7315568344149, 193.8645489043107], [813.827670155021, 422.9841881442263], [255.92050515822606, 590.9028517654116], [604.2722960584558, 646.858027060188]], ""scale"": 1000.0, ""seed"": 8, ""symmetric"": true}, ""integer_scale"": 1000000, ""start"": 9, ""time_limit_s"": 5.0, ""valid_route"": true}"
small_exact,evaluation,small_exact_euclidean_n10_seed8,euclidean,10,8,networkx_christofides,ok,"[9, 1, 0, 8, 4, 6, 5, 3, 2, 7]",2518.711022296148,2443.68551700098,2443.68551700098,0.030701784158889314,0.030701784158889314,True,True,True,0.0009637000002840068,260.2265625,260.2265625,0.0,1.0,manual_default_tau,,,,"{""finite_edges"": true, ""instance_metadata"": {""complete"": true, ""instance_type"": ""euclidean"", ""n"": 10, ""points"": [[326.9722766055607, 987.2768433379256], [318.7108384855167, 788.548935820029], [869.8965116962161, 391.08480653919395], [437.8818731227988, 372.74890308935306], [106.95359647277436, 478.965454162717], [241.3521450846823, 257.1452485511297], [184.7315568344149, 193.8645489043107], [813.827670155021, 422.9841881442263], [255.92050515822606, 590.9028517654116], [604.2722960584558, 646.858027060188]], ""scale"": 1000.0, ""seed"": 8, ""symmetric"": true}, ""requires_metric_symmetric_complete"": true, ""valid_route"": true}"
small_exact,evaluation,small_exact_euclidean_n10_seed8,euclidean,10,8,networkx_greedy,ok,"[9, 0, 1, 8, 4, 6, 5, 3, 2, 7]",2443.68551700098,2443.68551700098,2443.68551700098,0.0,0.0,True,True,True,0.0001370999998471234,260.2265625,260.2265625,0.0,1.0,manual_default_tau,,,,"{""finite_edges"": true, ""instance_metadata"": {""complete"": true, ""instance_type"": ""euclidean"", ""n"": 10, ""points"": [[326.9722766055607, 987.2768433379256], [318.7108384855167, 788.548935820029], [869.8965116962161, 391.08480653919395], [437.8818731227988, 372.74890308935306], [106.95359647277436, 478.965454162717], [241.3521450846823, 257.1452485511297], [184.7315568344149, 193.8645489043107], [813.827670155021, 422.9841881442263], [255.92050515822606, 590.9028517654116], [604.2722960584558, 646.858027060188]], ""scale"": 1000.0, ""seed"": 8, ""symmetric"": true}, ""valid_route"": true}"
small_exact,evaluation,small_exact_euclidean_n10_seed8,euclidean,10,8,python_tsp_dynamic_programming,skipped_missing_dependency,,,2443.68551700098,2443.68551700098,nan,nan,True,,,0.0006199000017659273,260.2265625,260.2265625,0.0,1.0,manual_default_tau,,,,"{""instance_metadata"": {""complete"": true, ""instance_type"": ""euclidean"", ""n"": 10, ""points"": [[326.9722766055607, 987.2768433379256], [318.7108384855167, 788.548935820029], [869.8965116962161, 391.08480653919395], [437.8818731227988, 372.74890308935306], [106.95359647277436, 478.965454162717], [241.3521450846823, 257.1452485511297], [184.7315568344149, 193.8645489043107], [813.827670155021, 422.9841881442263], [255.92050515822606, 590.9028517654116], [604.2722960584558, 646.858027060188]], ""scale"": 1000.0, ""seed"": 8, ""symmetric"": true}}"
small_exact,evaluation,small_exact_random_symmetric_n10_seed8,random_symmetric,10,8,tn_exact,ok,"[9, 8, 0, 6, 5, 7, 4, 3, 2, 1]",282.49681922557124,268.6179665168381,268.6179665168381,0.051667626289856286,0.051667626289856286,True,True,True,0.13991040000109933,260.2265625,260.2265625,0.0,1.0,manual_default_tau,,True,,"{""exact_mode"": true, ""finite_edges"": true, ""instance_metadata"": {""complete"": true, ""high"": 100.0, ""instance_type"": ""random_symmetric"", ""low"": 1.0, ""n"": 10, ""seed"": 8, ""symmetric"": true}, ""max_layers"": 8, ""n_layers"": null, ""n_layers_effective"": 8, ""normalization_factor"": 91.38662490692471, ""normalize"": true, ""seed"": 8, ""tau"": 1.0, ""valid_route"": true}"
small_exact,evaluation,small_exact_random_symmetric_n10_seed8,random_symmetric,10,8,held_karp,ok,"[9, 8, 0, 7, 4, 3, 2, 1, 6, 5]",268.6179665168381,268.6179665168381,268.6179665168381,0.0,0.0,True,True,True,0.004358099999080878,260.2265625,260.2265625,0.0,1.0,manual_default_tau,,,,"{""instance_metadata"": {""complete"": true, ""high"": 100.0, ""instance_type"": ""random_symmetric"", ""low"": 1.0, ""n"": 10, ""seed"": 8, ""symmetric"": true}, ""max_n"": 18, ""start"": 9}"
small_exact,evaluation,small_exact_random_symmetric_n10_seed8,random_symmetric,10,8,bruteforce,ok,"[9, 8, 0, 7, 4, 3, 2, 1, 6, 5]",268.6179665168381,268.6179665168381,268.6179665168381,0.0,0.0,True,True,True,1.417392600000312,260.2265625,260.2265625,0.0,1.0,manual_default_tau,,,,"{""instance_metadata"": {""complete"": true, ""high"": 100.0, ""instance_type"": ""random_symmetric"", ""low"": 1.0, ""n"": 10, ""seed"": 8, ""symmetric"": true}, ""max_n"": 10, ""permutations_checked"": 362880, ""start"": 9}"
small_exact,evaluation,small_exact_random_symmetric_n10_seed8,random_symmetric,10,8,ortools,ok,"[9, 5, 6, 1, 2, 3, 4, 7, 0, 8]",268.6179665168382,268.6179665168381,268.6179665168381,2.1161435922509237e-16,2.1161435922509237e-16,True,True,True,0.002171000000089407,260.2265625,260.2265625,0.0,1.0,manual_default_tau,,,5.0,"{""finite_edges"": true, ""infinity_penalty"": 913866250000, ""instance_metadata"": {""complete"": true, ""high"": 100.0, ""instance_type"": ""random_symmetric"", ""low"": 1.0, ""n"": 10, ""seed"": 8, ""symmetric"": true}, ""integer_scale"": 1000000, ""start"": 9, ""time_limit_s"": 5.0, ""valid_route"": true}"
small_exact,evaluation,small_exact_random_symmetric_n10_seed8,random_symmetric,10,8,networkx_christofides,skipped_not_applicable,,,268.6179665168381,268.6179665168381,nan,nan,True,,,9.719999798107892e-05,260.2265625,260.2265625,0.0,1.0,manual_default_tau,,,,"{""instance_metadata"": {""complete"": true, ""high"": 100.0, ""instance_type"": ""random_symmetric"", ""low"": 1.0, ""n"": 10, ""seed"": 8, ""symmetric"": true}, ""requires_metric_symmetric_complete"": true}"
small_exact,evaluation,small_exact_random_symmetric_n10_seed8,random_symmetric,10,8,networkx_greedy,ok,"[9, 0, 8, 1, 2, 5, 6, 7, 4, 3]",326.4592105641274,268.6179665168381,268.6179665168381,0.21532902209526447,0.21532902209526447,True,True,True,0.00013920000128564425,260.2265625,260.2265625,0.0,1.0,manual_default_tau,,,,"{""finite_edges"": true, ""instance_metadata"": {""complete"": true, ""high"": 100.0, ""instance_type"": ""random_symmetric"", ""low"": 1.0, ""n"": 10, ""seed"": 8, ""symmetric"": true}, ""valid_route"": true}"
small_exact,evaluation,small_exact_random_symmetric_n10_seed8,random_symmetric,10,8,python_tsp_dynamic_programming,skipped_missing_dependency,,,268.6179665168381,268.6179665168381,nan,nan,True,,,0.000569200001336867,260.2265625,260.2265625,0.0,1.0,manual_default_tau,,,,"{""instance_metadata"": {""complete"": true, ""high"": 100.0, ""instance_type"": ""random_symmetric"", ""low"": 1.0, ""n"": 10, ""seed"": 8, ""symmetric"": true}}"
small_exact,evaluation,small_exact_random_asymmetric_n10_seed8,random_asymmetric,10,8,tn_exact,ok,"[9, 1, 0, 8, 6, 7, 5, 2, 4, 3]",214.2503936798576,185.18570213166973,185.18570213166973,0.15694889623564168,0.15694889623564168,True,True,True,0.12913860000116983,260.2265625,260.2265625,0.0,1.0,manual_default_tau,,True,,"{""exact_mode"": true, ""finite_edges"": true, ""instance_metadata"": {""complete"": true, ""high"": 100.0, ""instance_type"": ""random_asymmetric"", ""low"": 1.0, ""n"": 10, ""seed"": 8, ""symmetric"": false}, ""max_layers"": 8, ""n_layers"": null, ""n_layers_effective"": 8, ""normalization_factor"": 98.88858626864226, ""normalize"": true, ""seed"": 8, ""tau"": 1.0, ""valid_route"": true}"
small_exact,evaluation,small_exact_random_asymmetric_n10_seed8,random_asymmetric,10,8,held_karp,ok,"[9, 1, 0, 8, 2, 5, 6, 7, 4, 3]",185.18570213166973,185.18570213166973,185.18570213166973,0.0,0.0,True,True,True,0.005674600000929786,260.2265625,260.2265625,0.0,1.0,manual_default_tau,,,,"{""instance_metadata"": {""complete"": true, ""high"": 100.0, ""instance_type"": ""random_asymmetric"", ""low"": 1.0, ""n"": 10, ""seed"": 8, ""symmetric"": false}, ""max_n"": 18, ""start"": 9}"
small_exact,evaluation,small_exact_random_asymmetric_n10_seed8,random_asymmetric,10,8,bruteforce,ok,"[9, 1, 0, 8, 2, 5, 6, 7, 4, 3]",185.18570213166973,185.18570213166973,185.18570213166973,0.0,0.0,True,True,True,1.3914992000027269,260.2265625,260.2265625,0.0,1.0,manual_default_tau,,,,"{""instance_metadata"": {""complete"": true, ""high"": 100.0, ""instance_type"": ""random_asymmetric"", ""low"": 1.0, ""n"": 10, ""seed"": 8, ""symmetric"": false}, ""max_n"": 10, ""permutations_checked"": 362880, ""start"": 9}"
small_exact,evaluation,small_exact_random_asymmetric_n10_seed8,random_asymmetric,10,8,ortools,ok,"[9, 1, 0, 8, 2, 5, 6, 7, 4, 3]",185.18570213166973,185.18570213166973,185.18570213166973,0.0,0.0,True,True,True,0.0022449000025517307,260.2265625,260.2265625,0.0,1.0,manual_default_tau,,,5.0,"{""finite_edges"": true, ""infinity_penalty"": 988885860000, ""instance_metadata"": {""complete"": true, ""high"": 100.0, ""instance_type"": ""random_asymmetric"", ""low"": 1.0, ""n"": 10, ""seed"": 8, ""symmetric"": false}, ""integer_scale"": 1000000, ""start"": 9, ""time_limit_s"": 5.0, ""valid_route"": true}"
small_exact,evaluation,small_exact_random_asymmetric_n10_seed8,random_asymmetric,10,8,networkx_christofides,skipped_not_applicable,,,185.18570213166973,185.18570213166973,nan,nan,True,,,8.660000094096176e-05,260.2265625,260.2265625,0.0,1.0,manual_default_tau,,,,"{""instance_metadata"": {""complete"": true, ""high"": 100.0, ""instance_type"": ""random_asymmetric"", ""low"": 1.0, ""n"": 10, ""seed"": 8, ""symmetric"": false}, ""requires_metric_symmetric_complete"": true}"
small_exact,evaluation,small_exact_random_asymmetric_n10_seed8,random_asymmetric,10,8,networkx_greedy,ok,"[9, 1, 2, 4, 3, 5, 6, 0, 8, 7]",283.178444796899,185.18570213166973,185.18570213166973,0.5291593332381298,0.5291593332381298,True,True,True,0.00016169999798876233,260.2265625,260.2265625,0.0,1.0,manual_default_tau,,,,"{""finite_edges"": true, ""instance_metadata"": {""complete"": true, ""high"": 100.0, ""instance_type"": ""random_asymmetric"", ""low"": 1.0, ""n"": 10, ""seed"": 8, ""symmetric"": false}, ""valid_route"": true}"
small_exact,evaluation,small_exact_random_asymmetric_n10_seed8,random_asymmetric,10,8,python_tsp_dynamic_programming,skipped_missing_dependency,,,185.18570213166973,185.18570213166973,nan,nan,True,,,0.0006150999979581684,260.2265625,260.2265625,0.0,1.0,manual_default_tau,,,,"{""instance_metadata"": {""complete"": true, ""high"": 100.0, ""instance_type"": ""random_asymmetric"", ""low"": 1.0, ""n"": 10, ""seed"": 8, ""symmetric"": false}}"
small_exact,evaluation,small_exact_euclidean_n10_seed9,euclidean,10,9,tn_exact,ok,"[9, 8, 6, 4, 5, 0, 7, 3, 2, 1]",3122.95514769319,3085.9056160242603,3085.9056160242603,0.012006048233148088,0.012006048233148088,True,True,True,0.15864119999969262,260.2265625,260.23828125,0.01171875,1.0,manual_default_tau,,True,,"{""exact_mode"": true, ""finite_edges"": true, ""instance_metadata"": {""complete"": true, ""instance_type"": ""euclidean"", ""n"": 10, ""points"": [[870.2492039700846, 286.8172090875554], [603.1481500515619, 777.5340829201788], [716.0746296035653, 915.3801204905076], [860.3936491828846, 918.2376290487624], [26.587734467597212, 437.2480001295087], [484.9443269772881, 65.15419737010752], [5.626050679392924, 830.621436971257], [983.3022442861756, 784.6098526726796], [315.60348997827316, 705.3337045894538], [299.18107319824674, 740.7484828757487]], ""scale"": 1000.0, ""seed"": 9, ""symmetric"": true}, ""max_layers"": 8, ""n_layers"": null, ""n_layers_effective"": 8, ""normalization_factor"": 1021.4187365965673, ""normalize"": true, ""seed"": 9, ""tau"": 1.0, ""valid_route"": true}"
small_exact,evaluation,small_exact_euclidean_n10_seed9,euclidean,10,9,held_karp,ok,"[9, 8, 1, 2, 3, 7, 0, 5, 4, 6]",3085.9056160242603,3085.9056160242603,3085.9056160242603,0.0,0.0,True,True,True,0.006427500000427244,260.23828125,260.23828125,0.0,1.0,manual_default_tau,,,,"{""instance_metadata"": {""complete"": true, ""instance_type"": ""euclidean"", ""n"": 10, ""points"": [[870.2492039700846, 286.8172090875554], [603.1481500515619, 777.5340829201788], [716.0746296035653, 915.3801204905076], [860.3936491828846, 918.2376290487624], [26.587734467597212, 437.2480001295087], [484.9443269772881, 65.15419737010752], [5.626050679392924, 830.621436971257], [983.3022442861756, 784.6098526726796], [315.60348997827316, 705.3337045894538], [299.18107319824674, 740.7484828757487]], ""scale"": 1000.0, ""seed"": 9, ""symmetric"": true}, ""max_n"": 18, ""start"": 9}"
small_exact,evaluation,small_exact_euclidean_n10_seed9,euclidean,10,9,bruteforce,ok,"[9, 6, 4, 5, 0, 7, 3, 2, 1, 8]",3085.9056160242603,3085.9056160242603,3085.9056160242603,0.0,0.0,True,True,True,1.41477649999797,260.23828125,260.23828125,0.0,1.0,manual_default_tau,,,,"{""instance_metadata"": {""complete"": true, ""instance_type"": ""euclidean"", ""n"": 10, ""points"": [[870.2492039700846, 286.8172090875554], [603.1481500515619, 777.5340829201788], [716.0746296035653, 915.3801204905076], [860.3936491828846, 918.2376290487624], [26.587734467597212, 437.2480001295087], [484.9443269772881, 65.15419737010752], [5.626050679392924, 830.621436971257], [983.3022442861756, 784.6098526726796], [315.60348997827316, 705.3337045894538], [299.18107319824674, 740.7484828757487]], ""scale"": 1000.0, ""seed"": 9, ""symmetric"": true}, ""max_n"": 10, ""permutations_checked"": 362880, ""start"": 9}"
small_exact,evaluation,small_exact_euclidean_n10_seed9,euclidean,10,9,ortools,ok,"[9, 8, 1, 2, 3, 7, 0, 5, 4, 6]",3085.9056160242603,3085.9056160242603,3085.9056160242603,0.0,0.0,True,True,True,0.00171050000062678,260.23828125,260.23828125,0.0,1.0,manual_default_tau,,,5.0,"{""finite_edges"": true, ""infinity_penalty"": 10214187370000, ""instance_metadata"": {""complete"": true, ""instance_type"": ""euclidean"", ""n"": 10, ""points"": [[870.2492039700846, 286.8172090875554], [603.1481500515619, 777.5340829201788], [716.0746296035653, 915.3801204905076], [860.3936491828846, 918.2376290487624], [26.587734467597212, 437.2480001295087], [484.9443269772881, 65.15419737010752], [5.626050679392924, 830.621436971257], [983.3022442861756, 784.6098526726796], [315.60348997827316, 705.3337045894538], [299.18107319824674, 740.7484828757487]], ""scale"": 1000.0, ""seed"": 9, ""symmetric"": true}, ""integer_scale"": 1000000, ""start"": 9, ""time_limit_s"": 5.0, ""valid_route"": true}"
small_exact,evaluation,small_exact_euclidean_n10_seed9,euclidean,10,9,networkx_christofides,ok,"[9, 6, 4, 5, 0, 7, 3, 2, 1, 8]",3085.9056160242603,3085.9056160242603,3085.9056160242603,0.0,0.0,True,True,True,0.000843699999677483,260.23828125,260.23828125,0.0,1.0,manual_default_tau,,,,"{""finite_edges"": true, ""instance_metadata"": {""complete"": true, ""instance_type"": ""euclidean"", ""n"": 10, ""points"": [[870.2492039700846, 286.8172090875554], [603.1481500515619, 777.5340829201788], [716.0746296035653, 915.3801204905076], [860.3936491828846, 918.2376290487624], [26.587734467597212, 437.2480001295087], [484.9443269772881, 65.15419737010752], [5.626050679392924, 830.621436971257], [983.3022442861756, 784.6098526726796], [315.60348997827316, 705.3337045894538], [299.18107319824674, 740.7484828757487]], ""scale"": 1000.0, ""seed"": 9, ""symmetric"": true}, ""requires_metric_symmetric_complete"": true, ""valid_route"": true}"
small_exact,evaluation,small_exact_euclidean_n10_seed9,euclidean,10,9,networkx_greedy,ok,"[9, 6, 4, 5, 0, 7, 3, 2, 1, 8]",3085.9056160242603,3085.9056160242603,3085.9056160242603,0.0,0.0,True,True,True,0.0001362999973935075,260.23828125,260.23828125,0.0,1.0,manual_default_tau,,,,"{""finite_edges"": true, ""instance_metadata"": {""complete"": true, ""instance_type"": ""euclidean"", ""n"": 10, ""points"": [[870.2492039700846, 286.8172090875554], [603.1481500515619, 777.5340829201788], [716.0746296035653, 915.3801204905076], [860.3936491828846, 918.2376290487624], [26.587734467597212, 437.2480001295087], [484.9443269772881, 65.15419737010752], [5.626050679392924, 830.621436971257], [983.3022442861756, 784.6098526726796], [315.60348997827316, 705.3337045894538], [299.18107319824674, 740.7484828757487]], ""scale"": 1000.0, ""seed"": 9, ""symmetric"": true}, ""valid_route"": true}"
small_exact,evaluation,small_exact_euclidean_n10_seed9,euclidean,10,9,python_tsp_dynamic_programming,skipped_missing_dependency,,,3085.9056160242603,3085.9056160242603,nan,nan,True,,,0.0006420000026992057,260.23828125,260.23828125,0.0,1.0,manual_default_tau,,,,"{""instance_metadata"": {""complete"": true, ""instance_type"": ""euclidean"", ""n"": 10, ""points"": [[870.2492039700846, 286.8172090875554], [603.1481500515619, 777.5340829201788], [716.0746296035653, 915.3801204905076], [860.3936491828846, 918.2376290487624], [26.587734467597212, 437.2480001295087], [484.9443269772881, 65.15419737010752], [5.626050679392924, 830.621436971257], [983.3022442861756, 784.6098526726796], [315.60348997827316, 705.3337045894538], [299.18107319824674, 740.7484828757487]], ""scale"": 1000.0, ""seed"": 9, ""symmetric"": true}}"
small_exact,evaluation,small_exact_random_symmetric_n10_seed9,random_symmetric,10,9,tn_exact,ok,"[9, 5, 7, 4, 3, 8, 0, 2, 1, 6]",330.3568560076054,330.3568560076054,330.3568560076054,0.0,0.0,True,True,True,0.1359967999997025,260.23828125,260.53125,0.29296875,1.0,manual_default_tau,,True,,"{""exact_mode"": true, ""finite_edges"": true, ""instance_metadata"": {""complete"": true, ""high"": 100.0, ""instance_type"": ""random_symmetric"", ""low"": 1.0, ""n"": 10, ""seed"": 9, ""symmetric"": true}, ""max_layers"": 8, ""n_layers"": null, ""n_layers_effective"": 8, ""normalization_factor"": 87.80877071315052, ""normalize"": true, ""seed"": 9, ""tau"": 1.0, ""valid_route"": true}"
small_exact,evaluation,small_exact_random_symmetric_n10_seed9,random_symmetric,10,9,held_karp,ok,"[9, 6, 1, 2, 0, 8, 3, 4, 7, 5]",330.3568560076054,330.3568560076054,330.3568560076054,0.0,0.0,True,True,True,0.003969100001995685,260.53125,260.53125,0.0,1.0,manual_default_tau,,,,"{""instance_metadata"": {""complete"": true, ""high"": 100.0, ""instance_type"": ""random_symmetric"", ""low"": 1.0, ""n"": 10, ""seed"": 9, ""symmetric"": true}, ""max_n"": 18, ""start"": 9}"
small_exact,evaluation,small_exact_random_symmetric_n10_seed9,random_symmetric,10,9,bruteforce,ok,"[9, 5, 7, 4, 3, 8, 0, 2, 1, 6]",330.3568560076054,330.3568560076054,330.3568560076054,0.0,0.0,True,True,True,1.4317608999990625,260.53125,260.53125,0.0,1.0,manual_default_tau,,,,"{""instance_metadata"": {""complete"": true, ""high"": 100.0, ""instance_type"": ""random_symmetric"", ""low"": 1.0, ""n"": 10, ""seed"": 9, ""symmetric"": true}, ""max_n"": 10, ""permutations_checked"": 362880, ""start"": 9}"
small_exact,evaluation,small_exact_random_symmetric_n10_seed9,random_symmetric,10,9,ortools,ok,"[9, 5, 8, 3, 4, 7, 6, 1, 0, 2]",334.30817543955123,330.3568560076054,330.3568560076054,0.011960761098461515,0.011960761098461515,True,True,True,0.0017643999999563675,260.53125,260.53125,0.0,1.0,manual_default_tau,,,5.0,"{""finite_edges"": true, ""infinity_penalty"": 878087710000, ""instance_metadata"": {""complete"": true, ""high"": 100.0, ""instance_type"": ""random_symmetric"", ""low"": 1.0, ""n"": 10, ""seed"": 9, ""symmetric"": true}, ""integer_scale"": 1000000, ""start"": 9, ""time_limit_s"": 5.0, ""valid_route"": true}"
small_exact,evaluation,small_exact_random_symmetric_n10_seed9,random_symmetric,10,9,networkx_christofides,skipped_not_applicable,,,330.3568560076054,330.3568560076054,nan,nan,True,,,0.00011649999942164868,260.53125,260.53125,0.0,1.0,manual_default_tau,,,,"{""instance_metadata"": {""complete"": true, ""high"": 100.0, ""instance_type"": ""random_symmetric"", ""low"": 1.0, ""n"": 10, ""seed"": 9, ""symmetric"": true}, ""requires_metric_symmetric_complete"": true}"
small_exact,evaluation,small_exact_random_symmetric_n10_seed9,random_symmetric,10,9,networkx_greedy,ok,"[9, 2, 0, 1, 6, 7, 4, 3, 8, 5]",334.30817543955123,330.3568560076054,330.3568560076054,0.011960761098461515,0.011960761098461515,True,True,True,0.00015419999908772297,260.53125,260.53125,0.0,1.0,manual_default_tau,,,,"{""finite_edges"": true, ""instance_metadata"": {""complete"": true, ""high"": 100.0, ""instance_type"": ""random_symmetric"", ""low"": 1.0, ""n"": 10, ""seed"": 9, ""symmetric"": true}, ""valid_route"": true}"
small_exact,evaluation,small_exact_random_symmetric_n10_seed9,random_symmetric,10,9,python_tsp_dynamic_programming,skipped_missing_dependency,,,330.3568560076054,330.3568560076054,nan,nan,True,,,0.0006978000019444153,260.53125,260.53125,0.0,1.0,manual_default_tau,,,,"{""instance_metadata"": {""complete"": true, ""high"": 100.0, ""instance_type"": ""random_symmetric"", ""low"": 1.0, ""n"": 10, ""seed"": 9, ""symmetric"": true}}"
small_exact,evaluation,small_exact_random_asymmetric_n10_seed9,random_asymmetric,10,9,tn_exact,ok,"[9, 5, 7, 0, 8, 1, 2, 4, 3, 6]",192.79810213402135,160.35825866879048,160.35825866879048,0.202296057181771,0.202296057181771,True,True,True,0.15036759999929927,260.53125,260.26953125,-0.26171875,1.0,manual_default_tau,,True,,"{""exact_mode"": true, ""finite_edges"": true, ""instance_metadata"": {""complete"": true, ""high"": 100.0, ""instance_type"": ""random_asymmetric"", ""low"": 1.0, ""n"": 10, ""seed"": 9, ""symmetric"": false}, ""max_layers"": 8, ""n_layers"": null, ""n_layers_effective"": 8, ""normalization_factor"": 98.6376163787436, ""normalize"": true, ""seed"": 9, ""tau"": 1.0, ""valid_route"": true}"
small_exact,evaluation,small_exact_random_asymmetric_n10_seed9,random_asymmetric,10,9,held_karp,ok,"[9, 5, 8, 4, 3, 6, 7, 0, 1, 2]",160.35825866879048,160.35825866879048,160.35825866879048,0.0,0.0,True,True,True,0.005657099998643389,260.26953125,260.26953125,0.0,1.0,manual_default_tau,,,,"{""instance_metadata"": {""complete"": true, ""high"": 100.0, ""instance_type"": ""random_asymmetric"", ""low"": 1.0, ""n"": 10, ""seed"": 9, ""symmetric"": false}, ""max_n"": 18, ""start"": 9}"
small_exact,evaluation,small_exact_random_asymmetric_n10_seed9,random_asymmetric,10,9,bruteforce,ok,"[9, 5, 8, 4, 3, 6, 7, 0, 1, 2]",160.35825866879048,160.35825866879048,160.35825866879048,0.0,0.0,True,True,True,1.443441300001723,260.26953125,260.26953125,0.0,1.0,manual_default_tau,,,,"{""instance_metadata"": {""complete"": true, ""high"": 100.0, ""instance_type"": ""random_asymmetric"", ""low"": 1.0, ""n"": 10, ""seed"": 9, ""symmetric"": false}, ""max_n"": 10, ""permutations_checked"": 362880, ""start"": 9}"
small_exact,evaluation,small_exact_random_asymmetric_n10_seed9,random_asymmetric,10,9,ortools,ok,"[9, 4, 3, 6, 7, 0, 8, 5, 1, 2]",170.43690569653384,160.35825866879048,160.35825866879048,0.06285081361827548,0.06285081361827548,True,True,True,0.002223200001026271,260.26953125,260.26953125,0.0,1.0,manual_default_tau,,,5.0,"{""finite_edges"": true, ""infinity_penalty"": 986376160000, ""instance_metadata"": {""complete"": true, ""high"": 100.0, ""instance_type"": ""random_asymmetric"", ""low"": 1.0, ""n"": 10, ""seed"": 9, ""symmetric"": false}, ""integer_scale"": 1000000, ""start"": 9, ""time_limit_s"": 5.0, ""valid_route"": true}"
small_exact,evaluation,small_exact_random_asymmetric_n10_seed9,random_asymmetric,10,9,networkx_christofides,skipped_not_applicable,,,160.35825866879048,160.35825866879048,nan,nan,True,,,9.709999721962959e-05,260.26953125,260.26953125,0.0,1.0,manual_default_tau,,,,"{""instance_metadata"": {""complete"": true, ""high"": 100.0, ""instance_type"": ""random_asymmetric"", ""low"": 1.0, ""n"": 10, ""seed"": 9, ""symmetric"": false}, ""requires_metric_symmetric_complete"": true}"
small_exact,evaluation,small_exact_random_asymmetric_n10_seed9,random_asymmetric,10,9,networkx_greedy,ok,"[9, 5, 8, 1, 2, 0, 4, 3, 6, 7]",233.37105107654753,160.35825866879048,160.35825866879048,0.4553104593045015,0.4553104593045015,True,True,True,0.00017870000010589138,260.26953125,260.26953125,0.0,1.0,manual_default_tau,,,,"{""finite_edges"": true, ""instance_metadata"": {""complete"": true, ""high"": 100.0, ""instance_type"": ""random_asymmetric"", ""low"": 1.0, ""n"": 10, ""seed"": 9, ""symmetric"": false}, ""valid_route"": true}"
small_exact,evaluation,small_exact_random_asymmetric_n10_seed9,random_asymmetric,10,9,python_tsp_dynamic_programming,skipped_missing_dependency,,,160.35825866879048,160.35825866879048,nan,nan,True,,,0.0006002999980410095,260.26953125,260.26953125,0.0,1.0,manual_default_tau,,,,"{""instance_metadata"": {""complete"": true, ""high"": 100.0, ""instance_type"": ""random_asymmetric"", ""low"": 1.0, ""n"": 10, ""seed"": 9, ""symmetric"": false}}"
